price,land_area,address_line_2,latitude,longitude,price_per_m2
1100000.0,124.0,Chakto Mukh,11.57561,104.92025,8870.967741935483
680000.0,80.0,Boeng Keng Kang Ti Bei,11.55,104.93,8500.0
550000.0,66.0,Chey Chumneah,11.57561,104.92025,8333.333333333334
750000.0,116.0,Tonle Basak,11.5445,104.913586,6465.517241379311
420000.0,65.0,Chrouy Changvar,11.58,104.93,6461.538461538462
420000.0,65.0,Olympic,11.55,104.93,6461.538461538462
6500000.0,1010.0,Nirouth,11.54177567,104.970984,6435.643564356436
450000.0,70.0,Boeng Keng Kang Ti Muoy,11.55,104.93,6428.571428571428
899900.0,140.0,Phsar Depou Ti Muoy,11.57,104.89,6427.857142857143
770000.0,120.0,Phsar Thmei Ti Muoy,11.57561,104.92025,6416.666666666667
320000.0,50.0,Stueng Mean Chey,11.53,104.91,6400.0
460000.0,72.0,Boeng Keng Kang Ti Pir,11.5445,104.913586,6388.888888888889
460000.0,72.0,Toul Svay Prey Ti Mouy,11.55,104.93,6388.888888888889
1720000.0,270.0,Tuek L'ak Ti Muoy,11.572623,104.89913,6370.37037037037
980000.0,154.0,Tuek Thla,11.55,104.89,6363.636363636364
380000.0,60.0,Preaek Pra,11.52,104.95,6333.333333333333
380000.0,60.0,Boeng Kak Ti Pir,11.57494717,104.8923637,6333.333333333333
550000.0,87.0,Boeng Tumpun,11.5445,104.913586,6321.83908045977
1675800.0,266.0,Boeng Keng Kang Ti Muoy,11.55176911,104.9248861,6300.0
6766200.0,1074.0,Tonle Basak,11.5445,104.913586,6300.0
1675800.0,266.0,Boeng Keng Kang Ti Muoy,11.55100911,104.92897,6300.0
400000.0,64.0,Veal Sbov,11.55,104.96,6250.0
450000.0,72.0,Chrouy Changvar,11.57966367,104.9308583,6250.0
500000.0,80.0,Boeng Tumpun,11.55,104.93,6250.0
450000.0,72.0,Tuol Tumpung Ti Muoy,11.537783,104.920232,6250.0
2500000.0,400.0,Chakto Mukh,11.57561,104.92025,6250.0
350000.0,56.0,Phsar Thmei Ti Bei,11.56935282,104.9245434,6250.0
560000.0,90.0,Phsar Kandal Ti Pir,11.57264016,104.9233632,6222.222222222223
620000.0,100.0,Toul Svay Prey Ti Mouy,11.54342656,104.9165271,6200.0
430000.0,70.0,Tuol Tumpung Ti Muoy,11.537783,104.920232,6142.857142857143
1100000.0,180.0,Boeng Keng Kang Ti Muoy,11.55134548,104.9279401,6111.111111111111
440000.0,72.0,Phsar Chas,11.57561,104.92025,6111.111111111111
1100000.0,180.0,Boeng Keng Kang Ti Muoy,11.55291454,104.9266227,6111.111111111111
1100000.0,180.0,Nirouth,11.52,104.95,6111.111111111111
520000.0,86.25,Boeng Keng Kang Ti Muoy,11.539474,104.917352,6028.985507246377
330000.0,55.0,Boeng Trabaek,11.53465324,104.9219066,6000.0
4200000.0,700.0,Boeng Kak Ti Muoy,11.55,104.93,6000.0
720000.0,120.0,Phsar Chas,11.569135,104.9248,6000.0
720000.0,120.0,Boeng Keng Kang Ti Muoy,11.54405503,104.9236877,6000.0
1600000.0,267.3,Boeng Proluet,11.54787665,104.9140508,5985.7837635615415
1100000.0,184.0,Boeng Keng Kang Ti Pir,11.5445,104.913586,5978.260869565217
430000.0,72.0,Khmuonh,11.55,104.89,5972.222222222223
430000.0,72.0,Toul Svay Prey Ti Mouy,11.55,104.93,5972.222222222223
380000.0,64.0,Phsar Thmei Ti Bei,11.57561,104.92025,5937.5
900000.0,151.956,Tuek Thla,11.559712,104.878121,5922.767116796968
450000.0,76.0,Boeng Keng Kang Ti Bei,11.55123731,104.9190326,5921.052631578948
425000.0,72.0,Cheung Aek,11.48,104.9,5902.777777777777
7257000.0,1230.0,Boeng Kak Ti Pir,11.57,104.89,5900.0
2000000.0,340.0,Boeng Trabaek,11.55,104.93,5882.35294117647
540000.0,92.0,Chakto Mukh,11.57561,104.92025,5869.565217391304
2500000.0,426.0,Tuol Tumpung Ti Muoy,11.55,104.93,5868.544600938967
2450000.0,420.0,Phsar Depou Ti Muoy,11.562248,104.898461,5833.333333333333
1050000.0,180.0,Tuek Thla,11.559712,104.878121,5833.333333333333
3500000.0,600.0,Boeng Kak Ti Pir,11.572623,104.89913,5833.333333333333
650000.0,112.0,Tuol Sangke Ti Pir,11.59015,104.909641,5803.571428571428
390000.0,67.2,Tuek Thla,11.55,104.89,5803.571428571428
3735200.0,644.0,Boeng Keng Kang Ti Muoy,11.5445,104.913586,5800.0
520000.0,90.0,Mittapheap,11.55,104.93,5777.777777777777
670000.0,116.0,Stueng Mean Chey,11.53,104.91,5775.862068965517
2800000.0,489.0,Boeng Reang,11.57561,104.92025,5725.971370143149
870000.0,152.0,Boeung Tumpun Mouy,11.5445,104.913586,5723.684210526316
6000000.0,1050.0,Tuol Tumpung Ti Muoy,11.55,104.93,5714.285714285715
1800000.0,315.0,Tonle Basak,11.55,104.93,5714.285714285715
900000.0,158.0,Phsar Chas,11.57163206,104.9240448,5696.202531645569
410000.0,72.0,Phnom Penh Thmei,11.57561,104.92025,5694.444444444444
1400000.0,246.0,Boeng Kak Ti Pir,11.562248,104.898461,5691.056910569106
3659800.0,644.0,Boeng Keng Kang Ti Muoy,11.5445,104.913586,5682.919254658385
295000.0,52.0,Veal Vong,11.5445,104.913586,5673.076923076923
295000.0,52.0,Veal Vong,11.5445,104.913586,5673.076923076923
780000.0,137.5,Tonle Basak,11.54664302,104.9303974,5672.727272727273
360000.0,64.0,Olympic,11.5445,104.913586,5625.0
450000.0,80.0,Boeng Keng Kang Ti Bei,11.55,104.93,5625.0
360000.0,64.0,Tuol Sangke Ti Mouy,11.55,104.93,5625.0
3500000.0,624.0,Tonle Basak,11.55,104.93,5608.974358974359
500000.0,90.0,Nirouth,11.52,104.95,5555.555555555556
2000000.0,360.0,Boeng Keng Kang Ti Muoy,11.5445,104.913586,5555.555555555556
650000.0,117.0,Voat Phnum,11.57263941,104.9231922,5555.555555555556
400000.0,72.0,Tuek Thla,11.55,104.89,5555.555555555556
1000000.0,180.0,Boeng Keng Kang Ti Muoy,11.55594183,104.9237903,5555.555555555556
1950000.0,352.0,Olympic,11.5445,104.913586,5539.772727272727
429000.0,77.6,Voat Phnum,11.57561,104.92025,5528.350515463918
1650000.0,300.0,Tonle Basak,11.55,104.93,5500.0
343000.0,62.4,Tonle Basak,11.55,104.93,5496.794871794872
2300000.0,420.32,Boeng Keng Kang Ti Pir,11.55,104.93,5472.02131709174
350000.0,64.0,Kakab,11.55,104.93,5468.75
350000.0,64.0,Toul Svay Prey Ti Mouy,11.55,104.93,5468.75
350000.0,64.0,Phsar Thmei Ti Muoy,11.57561,104.92025,5468.75
980000.0,180.0,Chrouy Changvar,11.58,104.93,5444.444444444444
3200000.0,588.0,Boeng Kak Ti Pir,11.57,104.89,5442.1768707483
500000.0,92.0,Kakab,11.55,104.93,5434.782608695652
390000.0,72.0,Phnom Penh Thmei,11.58581904,104.8652349,5416.666666666667
2000000.0,371.25,Tonle Basak,11.544044,104.913867,5387.205387205388
495000.0,92.0,Boeng Keng Kang Ti Bei,11.537783,104.920235,5380.434782608696
580000.0,108.0,Phnom Penh Thmei,11.569135,104.9248,5370.37037037037
1500000.0,280.0,Tonle Basak,11.55,104.93,5357.142857142857
770000.0,144.0,Ruessei Kaev,11.59,104.9,5347.222222222223
2200000.0,412.0,Phsar Thmei Ti Bei,11.575837,104.9201,5339.805825242718
600000.0,112.8,Stueng Mean Chey,11.530293,104.898903,5319.148936170213
85000.0,16.0,Boeng Keng Kang Ti Pir,11.55479337,104.9171359,5312.5
85000.0,16.0,Boeng Keng Kang Ti Pir,11.55479337,104.9171359,5312.5
280000.0,53.0,Tuol Tumpung Ti Muoy,11.55,104.93,5283.018867924528
280000.0,53.0,Tuol Tumpung Ti Muoy,11.55,104.93,5283.018867924528
380000.0,72.0,Chrouy Changvar,11.58,104.93,5277.777777777777
790000.0,150.0,Tuol Tumpung Ti Muoy,11.5445,104.913586,5266.666666666667
790000.0,150.0,Boeng Kak Ti Pir,11.562248,104.898461,5266.666666666667
3000000.0,570.0,Boeng Trabaek,11.55,104.93,5263.1578947368425
600000.0,114.0,Phnom Penh Thmei,11.57645964,104.8841754,5263.1578947368425
520000.0,99.0,Preaek Lieb,11.64612364,104.9143711,5252.525252525253
1100000.0,210.0,Chhbar Ampov Ti Pir,11.52928,104.941454,5238.095238095239
670000.0,128.0,Boeng Keng Kang Ti Bei,11.5445,104.913586,5234.375
490000.0,94.0,Ou Baek K'am,11.55,104.89,5212.765957446809
650000.0,125.0,Boeng Trabaek,11.5445,104.913586,5200.0
5896800.0,1134.0,Boeng Keng Kang Ti Muoy,11.54988209,104.9249157,5200.0
400000.0,77.0,Ou Baek K'am,11.55,104.89,5194.805194805195
350000.0,67.5,Boeng Keng Kang Ti Muoy,11.54988257,104.9288655,5185.185185185185
1400000.0,270.0,Mittapheap,11.55,104.93,5185.185185185185
1400000.0,270.0,Boeng Kak Ti Pir,11.57,104.89,5185.185185185185
320000.0,61.74,Stueng Mean Chey,11.53,104.91,5183.025591188856
650000.0,126.0,Boeng Keng Kang Ti Bei,11.5445,104.913586,5158.730158730159
680000.0,132.0,Boeng Trabaek,11.538823,104.919445,5151.515151515152
370000.0,72.0,Chey Chumneah Ti Mouy,11.59015,104.909641,5138.888888888889
2500000.0,487.0,Boeng Keng Kang Ti Muoy,11.5445,104.913586,5133.47022587269
700000.0,136.4,Veal Vong,11.537783,104.920232,5131.964809384164
2000000.0,390.0,Toul Svay Prey Ti Mouy,11.537783,104.920232,5128.205128205128
800000.0,156.0,Tuol Sangke Ti Mouy,11.5445,104.913586,5128.205128205128
1500000.0,294.0,Tonle Basak,11.54064265,104.9312198,5102.040816326531
550000.0,108.0,Toul Svay Prey Ti Pir,11.55,104.93,5092.592592592592
650000.0,128.0,Chaom Chau Pir,11.52944457,104.8361781,5078.125
2300000.0,456.0,Tuol Tumpung Ti Muoy,11.5445,104.913586,5043.859649122807
2300000.0,456.3,Tuol Tumpung Ti Muoy,11.5445,104.913586,5040.543502081963
930000.0,185.0,Boeng Keng Kang Ti Muoy,11.55266609,104.9244283,5027.027027027027
1380000.0,275.5,Tuek L'ak Ti Muoy,11.562248,104.898461,5009.074410163339
1000000.0,200.0,Tonle Basak,11.5445,104.913586,5000.0
450000.0,90.0,Stueng Mean Chey Ti Bei,11.54259705,104.8786951,5000.0
1030000.0,206.0,Srah Chak,11.575837,104.920096,5000.0
720000.0,144.0,Chakto Mukh,11.57561,104.92025,5000.0
1750000.0,350.0,Tonle Basak,11.5417592,104.9309557,5000.0
2250000.0,450.0,Kakab Ti Mouy,11.55,104.93,5000.0
450000.0,90.0,Stueng Mean Chey Ti Bei,11.5396478,104.8863279,5000.0
500000.0,100.0,Tonle Basak,11.5532729,104.9289961,5000.0
2500000.0,500.0,Boeng Salang,11.57,104.89,5000.0
400000.0,80.0,Phsar Kandal Ti Pir,11.569135,104.9248,5000.0
320000.0,64.0,Toul Svay Prey Ti Mouy,11.55,104.93,5000.0
1150000.0,230.0,Boeng Kak Ti Muoy,11.55,104.93,5000.0
1800000.0,360.0,Nirouth,11.522551,104.96247,5000.0
450000.0,90.0,Ou Ruessei Ti Bei,11.56364304,104.9168388,5000.0
319999.0,64.0,Tumnob Tuek,11.5401384,104.9168014,4999.984375
438000.0,88.0,Boeng Keng Kang Ti Bei,11.54673486,104.9170327,4977.272727272727
276264450.0,55811.0,Srah Chak,11.57920232,104.9086133,4950.0
355000.0,72.0,Chey Chumneah Ti Mouy,11.59015,104.909641,4930.555555555556
355000.0,72.0,Boeng Keng Kang Ti Bei,11.537783,104.920232,4930.555555555556
880000.0,178.5,Tuek L'ak Ti Pir,11.562248,104.898461,4929.971988795518
340000.0,69.0,Mittapheap,11.56866176,104.9157656,4927.536231884058
650000.0,132.0,Boeng Keng Kang Ti Muoy,11.537783,104.920232,4924.242424242424
1240000.0,252.0,Nirouth,11.52928,104.941454,4920.6349206349205
1200000.0,244.04,Chakto Mukh,11.575837,104.920096,4917.22668415014
550000.0,112.0,Phsar Kandal Ti Muoy,11.569135,104.9248,4910.714285714285
530000.0,108.0,Chey Chumneah Ti Mouy,11.59015,104.909641,4907.407407407408
4880400.0,996.0,Boeng Kak Ti Muoy,11.57666738,104.8994039,4900.0
490000.0,100.0,Boeng Keng Kang Ti Pir,11.537783,104.920235,4900.0
550000.0,112.5,Preaek Lieb,11.589674,104.925654,4888.888888888889
350000.0,72.0,Nirouth,11.52928,104.941454,4861.111111111111
350000.0,72.0,Preaek Lieb,11.58,104.93,4861.111111111111
350000.0,72.0,Phnom Penh Thmei,11.569135,104.9248,4861.111111111111
350000.0,72.0,Tuol Tumpung Ti Muoy,11.537783,104.920232,4861.111111111111
350000.0,72.0,Phsar Depou Ti Muoy,11.57,104.89,4861.111111111111
350000.0,72.0,Kakab Ti Mouy,11.57525318,104.8527172,4861.111111111111
1500000.0,310.0,Boeng Keng Kang Ti Muoy,11.55,104.93,4838.709677419355
1100000.0,228.0,Nirouth,11.52120639,104.9570752,4824.561403508772
1100000.0,228.0,Nirouth,11.52988986,104.9576005,4824.561403508772
1100000.0,228.0,Tumnob Tuek,11.5445,104.913586,4824.561403508772
770000.0,160.0,Boeng Tumpun,11.55,104.93,4812.5
750000.0,156.0,Tuol Tumpung Ti Muoy,11.537783,104.920235,4807.692307692308
2400000.0,500.0,Nirouth,11.52,104.95,4800.0
600000.0,125.0,Boeng Keng Kang Ti Pir,11.537783,104.920235,4800.0
1880000.0,392.0,Phsar Thmei Ti Muoy,11.57561,104.92025,4795.918367346939
410000.0,86.0,Boeng Trabaek,11.52684449,104.9216949,4767.441860465116
600000.0,126.0,Nirouth,11.52928,104.941454,4761.9047619047615
495000.0,104.0,Phsar Kandal Ti Muoy,11.575837,104.9201,4759.615384615385
950000.0,200.0,Boeng Kak Ti Pir,11.57381484,104.8918299,4750.0
950000.0,200.0,Boeng Kak Ti Pir,11.57381484,104.8918299,4750.0
950000.0,200.0,Tuol Tumpung Ti Muoy,11.55,104.93,4750.0
455000.0,96.0,Phsar Thmei Ti Pir,11.57561,104.92025,4739.583333333333
900000.0,190.0,Boeng Kak Ti Muoy,11.55,104.93,4736.8421052631575
1250000.0,264.0,Chakto Mukh,11.56676498,104.9247301,4734.848484848485
620000.0,131.04,Phsar Kandal Ti Muoy,11.57561,104.92025,4731.379731379731
330000.0,70.0,Tuek Thla,11.55,104.89,4714.285714285715
300000.0,64.0,Phnom Penh Thmei,11.57561,104.92025,4687.5
1800000.0,384.0,Tuol Tumpung Ti Muoy,11.53455986,104.9145975,4687.5
750000.0,160.0,Boeng Tumpun,11.5445,104.913586,4687.5
1700000.0,363.0,Tonle Basak,11.55,104.93,4683.195592286502
430000.0,92.0,Ou Baek K'am,11.55,104.89,4673.913043478261
545000.0,117.0,Chey Chumneah Ti Pir,11.59015,104.909641,4658.119658119658
900000.0,193.75,Boeng Kak Ti Pir,11.56477097,104.9044699,4645.1612903225805
2200000.0,475.0,Boeng Keng Kang Ti Bei,11.54786375,104.9158176,4631.578947368421
2200000.0,475.0,Toul Svay Prey Ti Mouy,11.54848843,104.9063558,4631.578947368421
2200000.0,475.0,Boeng Keng Kang Ti Pir,11.55031855,104.9209903,4631.578947368421
370000.0,80.0,Krang Thnong,11.55,104.89,4625.0
240000.0,52.0,Phsar Daeum Kor,11.562248,104.898461,4615.384615384615
480000.0,104.0,Ou Ruessei Ti Muoy,11.55,104.93,4615.384615384615
2690000.0,583.1,Phnom Penh Thmei,11.57561,104.92025,4613.273880980963
690000.0,150.0,Nirouth,11.5350504,104.9576372,4600.0
1100000.0,240.0,Boeng Keng Kang Ti Muoy,11.55,104.93,4583.333333333333
690000.0,151.0,Boeng Tumpun,11.55,104.93,4569.536423841059
650000.0,142.8,Tuek L'ak Ti Pir,11.562248,104.898461,4551.820728291316
290000.0,64.0,Chrouy Changvar,11.58,104.93,4531.25
290000.0,64.0,Toul Svay Prey Ti Pir,11.55379192,104.9083563,4531.25
290000.0,64.0,Toul Svay Prey Ti Mouy,11.55,104.93,4531.25
199000.0,44.0,Tonle Basak,11.55315353,104.9381356,4522.727272727273
398000.0,88.0,Krang Thnong,11.55,104.89,4522.727272727273
1350000.0,300.0,Boeng Keng Kang Ti Pir,11.55,104.93,4500.0
180000.0,40.0,Veal Sbov,11.55,104.96,4500.0
2250000.0,500.0,Boeng Kak Ti Pir,11.572623,104.89913,4500.0
450000.0,101.0,Krang Thnong,11.55,104.89,4455.445544554455
560000.0,126.0,Boeng Keng Kang Ti Bei,11.5445,104.913586,4444.444444444444
280000.0,63.0,Veal Sbov,11.55,104.96,4444.444444444444
320000.0,72.0,Chey Chumneah Ti Mouy,11.59,104.9,4444.444444444444
500000.0,112.5,Boeng Keng Kang Ti Pir,11.55,104.93,4444.444444444444
2300000.0,518.0,Boeng Kak Ti Muoy,11.5445,104.913586,4440.15444015444
248000.0,56.0,Phsar Kandal Ti Pir,11.575837,104.9201,4428.571428571428
270000.0,61.2,Boeng Kak Ti Pir,11.57,104.89,4411.764705882353
850000.0,193.2,Boeng Keng Kang Ti Pir,11.55033637,104.9282834,4399.585921325052
1000000.0,228.0,Nirouth,11.52928,104.941454,4385.964912280701
280000.0,64.0,Kouk Khleang,11.55,104.89,4375.0
280000.0,64.0,Tuol Tumpung Ti Muoy,11.5445,104.913586,4375.0
3500000.0,800.0,Boeng Kak Ti Muoy,11.55,104.93,4375.0
350000.0,80.0,Kakab Ti Mouy,11.55,104.93,4375.0
800000.0,183.0,Boeng Kak Ti Pir,11.562248,104.898461,4371.584699453552
459500.0,105.75,Nirouth,11.52,104.95,4345.1536643026
330000.0,76.0,Phsar Daeum Thkov,11.55,104.93,4342.105263157895
700000.0,162.0,Boeng Keng Kang Ti Bei,11.54702265,104.9208513,4320.987654320988
700000.0,162.0,Boeng Kak Ti Pir,11.562248,104.898461,4320.987654320988
1770000.0,410.0,Boeng Tumpun,11.5445,104.913586,4317.073170731707
259000.0,60.0,Tuek L'ak Ti Muoy,11.562248,104.898461,4316.666666666667
600000.0,139.0,Boeng Tumpun,11.55,104.93,4316.546762589928
310000.0,72.0,Nirouth,11.52,104.9508583,4305.555555555556
1300000.0,302.0,Phsar Daeum Thkov,11.55,104.93,4304.635761589404
1444800.0,336.0,Boeng Keng Kang Ti Bei,11.5445,104.913586,4300.0
533000.0,124.0,Tuol Tumpung Ti Muoy,11.537783,104.920235,4298.387096774193
275000.0,64.0,Prey Sa,11.49319658,104.8620431,4296.875
283500.0,66.0,Tuek L'ak Ti Muoy,11.57067269,104.8896567,4295.454545454545
500000.0,116.6,Nirouth,11.522551,104.96247,4288.164665523156
270000.0,63.0,Veal Sbov,11.55,104.96,4285.714285714285
3000000.0,700.0,Tuol Tumpung Ti Pir,11.53593021,104.9133586,4285.714285714285
350000.0,82.0,Kouk Khleang,11.55,104.89,4268.292682926829
2600000.0,610.0,Boeng Kak Ti Muoy,11.58211689,104.9015685,4262.295081967213
299000.0,70.17,Chey Chumneah,11.57561,104.92025,4261.080233718113
499500.0,117.5,Nirouth,11.52,104.95,4251.063829787234
390000.0,92.0,Boeng Trabaek,11.55,104.93,4239.130434782609
390000.0,92.0,Tumnob Tuek,11.537783,104.920232,4239.130434782609
339000.0,80.0,Chrouy Changvar,11.59986359,104.9244852,4237.5
1800000.0,425.0,Nirouth,11.522551,104.96247,4235.294117647059
7900000.0,1866.0,Tuol Tumpung Ti Muoy,11.54164714,104.9205779,4233.654876741693
270000.0,64.0,Tonle Basak,11.5445,104.913586,4218.75
310000.0,73.5,Boeng Keng Kang Ti Bei,11.5445,104.913586,4217.687074829932
499900.0,119.0,Phsar Daeum Kor,11.57,104.89,4200.8403361344535
420000.0,100.0,Boeng Salang,11.562248,104.898461,4200.0
220000.0,52.4,Tuol Tumpung Ti Muoy,11.5445,104.913586,4198.473282442748
490000.0,117.0,Boeng Kak Ti Muoy,11.55,104.93,4188.034188034188
2500000.0,597.0,Srah Chak,11.569135,104.9248,4187.604690117253
680000.0,162.5,Krang Thnong,11.55,104.89,4184.615384615385
350000.0,84.0,Boeng Trabaek,11.55,104.93,4166.666666666667
1900000.0,456.0,Tuol Tumpung Ti Pir,11.5445,104.913586,4166.666666666667
2200000.0,528.0,Boeng Kak Ti Pir,11.5766,104.89363,4166.666666666667
300000.0,72.0,Nirouth,11.522551,104.96247,4166.666666666667
550000.0,132.0,Boeng Keng Kang Ti Bei,11.5445,104.913586,4166.666666666667
450000.0,108.0,Boeng Trabaek,11.55,104.93,4166.666666666667
2200000.0,528.0,Boeng Kak Ti Muoy,11.55,104.93,4166.666666666667
350000.0,84.0,Pong Tuek,11.48,104.9,4166.666666666667
2500000.0,600.0,Boeng Kak Ti Muoy,11.58025304,104.8990651,4166.666666666667
1020000.0,245.98,Tuek L'ak Ti Bei,11.572623,104.89913,4146.678591755427
1450000.0,350.0,Tonle Basak,11.537783,104.920235,4142.857142857143
380000.0,92.0,Tuol Tumpung Ti Muoy,11.55,104.93,4130.434782608696
380000.0,92.0,Phsar Kandal Ti Pir,11.57561,104.92025,4130.434782608696
380000.0,92.0,Tumnob Tuek,11.537783,104.920232,4130.434782608696
3800000.0,920.5,Nirouth,11.522551,104.96247,4128.191200434547
495000.0,120.0,Tuol Sangke,11.59,104.9,4125.0
467000.0,113.4,Khmuonh,11.55,104.89,4118.165784832451
589000.0,144.0,Boeng Kak Ti Muoy,11.58120599,104.8965474,4090.277777777778
440000.0,108.0,Chrouy Changvar,11.589674,104.925654,4074.074074074074
1950000.0,480.0,Ou Baek K'am,11.5465933,104.8772849,4062.5
260000.0,64.0,Kouk Khleang,11.55,104.89,4062.5
260000.0,64.0,Kouk Khleang,11.55,104.89,4062.5
1300000.0,320.0,Tuol Tumpung Ti Muoy,11.55,104.93,4062.5
790000.0,195.0,Tuol Tumpung Ti Pir,11.5445,104.913586,4051.2820512820513
40500000.0,10000.0,Preaek Phnov,11.624955,104.81784,4050.0
2350000.0,580.5,Boeng Keng Kang Ti Bei,11.54569636,104.9200632,4048.23428079242
390000.0,96.75,Nirouth,11.522551,104.962474,4031.0077519379847
290000.0,72.0,Chrouy Changvar,11.58,104.93,4027.777777777778
290000.0,72.0,Tuol Tumpung Ti Pir,11.55,104.93,4027.777777777778
270000.0,67.2,Nirouth,11.52274659,104.9568376,4017.857142857143
540000.0,134.4,Phsar Kandal Ti Muoy,11.569135,104.9248,4017.857142857143
540000.0,134.4,Phsar Kandal Ti Muoy,11.569135,104.9248,4017.857142857143
400000.0,100.0,Tuol Tumpung Ti Muoy,11.55,104.93,4000.0
400000.0,100.0,Tuol Tumpung Ti Muoy,11.55,104.93,4000.0
1800000.0,450.0,Boeng Kak Ti Pir,11.57,104.89,4000.0
2360000.0,590.0,Boeng Salang,11.568782,104.88956,4000.0
1600000.0,400.0,Tuek Thla,11.55,104.89,4000.0
2000000.0,500.0,Tonle Basak,11.55,104.93,4000.0
2868000.0,717.0,Boeng Kak Ti Muoy,11.57897565,104.898248,4000.0
6308000.0,1577.0,Phnom Penh Thmei,11.58892251,104.8699063,4000.0
1900000.0,475.0,Toul Svay Prey Ti Mouy,11.55,104.93,4000.0
1800000.0,450.0,Nirouth,11.5350504,104.9576372,4000.0
1600000.0,400.0,Khmuonh,11.55,104.89,4000.0
304000.0,76.0,Boeng Kak Ti Pir,11.57,104.89,4000.0
2000000.0,500.0,Boeng Keng Kang Ti Pir,11.55,104.93,4000.0
10800000.0,2700.0,Krang Thnong,11.55,104.89,4000.0
304000.0,76.0,Boeng Kak Ti Pir,11.57,104.89,4000.0
159900.0,40.0,Khmuonh,11.55,104.89,3997.5
399000.0,100.0,Boeng Keng Kang Ti Pir,11.5531031,104.9192472,3990.0
750000.0,188.0,Tuek L'ak Ti Pir,11.572623,104.89913,3989.36170212766
255000.0,64.0,Kouk Khleang,11.55,104.89,3984.375
255000.0,64.0,Chrouy Changvar,11.58,104.93,3984.375
330000.0,83.0,Boeng Keng Kang Ti Bei,11.55,104.93,3975.9036144578313
170000.0,43.0,Boeng Keng Kang Ti Bei,11.54508621,104.9184843,3953.488372093024
1800000.0,456.3,Tuol Tumpung Ti Muoy,11.53407945,104.9217799,3944.773175542406
260000.0,66.0,Boeng Keng Kang Ti Pir,11.5445,104.913586,3939.39393939394
1800000.0,457.0,Boeng Keng Kang Ti Muoy,11.54814386,104.9086818,3938.730853391685
850000.0,216.0,Chey Chumneah Ti Mouy,11.59,104.9,3935.185185185185
380000.0,96.75,Nirouth,11.522551,104.96247,3927.6485788113696
950000.0,242.0,Boeng Keng Kang Ti Pir,11.54181546,104.9185201,3925.619834710744
298000.0,76.0,Tuek Thla,11.559712,104.878121,3921.052631578948
580000.0,148.0,Boeng Keng Kang Ti Muoy,11.55,104.93,3918.918918918919
450000.0,115.0,Chak Angrae Leu,11.55,104.93,3913.0434782608695
250000.0,64.0,Ruessei Kaev,11.59,104.9,3906.25
250000.0,64.0,Boeng Trabaek,11.55,104.93,3906.25
250000.0,64.0,Tuol Tumpung Ti Muoy,11.5445,104.913586,3906.25
410000.0,105.0,Krang Thnong,11.55,104.89,3904.7619047619046
1600000.0,410.0,Boeng Trabaek,11.55,104.93,3902.439024390244
1950000.0,500.0,Nirouth,11.52,104.95,3900.0
280000.0,72.0,Chak Angrae Leu,11.5184881,104.9235977,3888.8888888888887
350000.0,90.0,Cheung Aek,11.504923,104.891869,3888.8888888888887
490000.0,126.0,Phnom Penh Thmei,11.58828685,104.8703923,3888.8888888888887
279900.0,72.0,Stueng Mean Chey,11.530293,104.898903,3887.5
300000.0,77.2,Tuol Tumpung Ti Muoy,11.55,104.93,3886.010362694301
2629550.0,680.0,Boeng Keng Kang Ti Muoy,11.537783,104.920232,3866.985294117647
450000.0,116.375,Ruessei Kaev,11.59,104.9,3866.809881847476
380000.0,98.4,Tuek L'ak Ti Muoy,11.562248,104.898461,3861.7886178861786
220000.0,56.99,Phleung Chheh Roteh,11.5445,104.913586,3860.326373047903
3200000.0,829.0,Phsar Daeum Thkov,11.537783,104.920235,3860.072376357057
270000.0,70.0,Tuek Thla,11.55,104.89,3857.142857142857
370000.0,96.0,Chakto Mukh,11.57561,104.92025,3854.1666666666665
370000.0,96.0,Stueng Mean Chey Ti Mouy,11.53046121,104.8908343,3854.1666666666665
339000.0,88.0,Khmuonh,11.55,104.89,3852.272727272728
1500000.0,391.0,Stueng Mean Chey,11.53,104.91,3836.317135549872
290000.0,75.6,Chrouy Changvar,11.658559,104.913169,3835.978835978836
1490000.0,388.5,Phnom Penh Thmei,11.57561,104.92025,3835.263835263835
225000.0,58.8,Nirouth,11.52,104.95,3826.5306122448974
1400000.0,367.5,Phnom Penh Thmei,11.58876326,104.8724252,3809.5238095238096
2390200.0,629.0,Tonle Basak,11.5457629,104.9305537,3800.0
3807600.0,1002.0,Stueng Mean Chey,11.53,104.91,3800.0
380000.0,100.0,Toul Svay Prey Ti Mouy,11.537783,104.920235,3800.0
255000.0,67.2,Tuek Thla,11.55,104.89,3794.642857142857
330000.0,87.0,Phsar Depou Ti Muoy,11.57,104.89,3793.103448275862
2000000.0,528.0,Boeng Kak Ti Pir,11.57,104.89,3787.878787878788
250000.0,66.0,Boeng Keng Kang Ti Bei,11.5445,104.913586,3787.878787878788
350000.0,92.4,Ou Baek K'am,11.55098068,104.8754472,3787.878787878788
350000.0,92.4,Chrouy Changvar,11.61790159,104.9258633,3787.878787878788
350000.0,92.4,Tuol Tumpung Ti Muoy,11.537783,104.920232,3787.878787878788
280000.0,74.0,Tumnob Tuek,11.54064034,104.9123439,3783.783783783784
280000.0,74.0,Boeng Kak Ti Muoy,11.55,104.93,3783.783783783784
4944240.0,1308.0,Boeng Kak Ti Pir,11.57468279,104.8932662,3780.0
4944240.0,1308.0,Boeng Kak Ti Pir,11.57468279,104.8932662,3780.0
1500000.0,398.0,Boeng Keng Kang Ti Bei,11.537783,104.920232,3768.844221105528
860000.0,228.8,Chrouy Changvar,11.658559,104.913169,3758.741258741258
950000.0,253.0,Tuol Tumpung Ti Muoy,11.55,104.93,3754.9407114624505
360000.0,96.0,Phsar Daeum Kor,11.55964863,104.91028,3750.0
240000.0,64.0,Pong Tuek,11.48,104.9,3750.0
270000.0,72.0,Chrouy Changvar,11.58,104.93,3750.0
270000.0,72.0,Krang Thnong,11.55,104.89,3750.0
240000.0,64.0,Tuek Thla,11.55,104.89,3750.0
375000.0,100.0,Kamboul,11.55,104.93,3750.0
240000.0,64.0,Tuol Sangke,11.59,104.9,3750.0
255000.0,68.0,Khmuonh,11.55,104.89,3750.0
300000.0,80.0,Toul Svay Prey Ti Mouy,11.54244371,104.9189174,3750.0
300000.0,80.0,Tuol Tumpung Ti Muoy,11.55,104.93,3750.0
320000.0,86.0,Phnom Penh Thmei,11.569135,104.9248,3720.9302325581393
250000.0,67.2,Stueng Mean Chey,11.53,104.91,3720.238095238095
385000.0,103.5,Stueng Mean Chey,11.53,104.91,3719.806763285024
900000.0,242.0,Boeng Proluet,11.55561288,104.9176568,3719.00826446281
5199000.0,1400.0,Nirouth,11.52,104.95,3713.571428571429
5199000.0,1400.0,Nirouth,11.52,104.95,3713.571428571429
359000.0,96.75,Dangkao,11.48,104.9,3710.594315245478
2300000.0,620.0,Boeng Kak Ti Muoy,11.5445,104.913586,3709.677419354839
1200000.0,324.0,Toul Svay Prey Ti Pir,11.55,104.93,3703.703703703704
500000.0,135.0,Boeng Keng Kang Ti Bei,11.54113539,104.9171914,3703.703703703704
500000.0,135.0,Boeng Keng Kang Ti Bei,11.54836916,104.9177064,3703.703703703704
1990000.0,537.5,Chak Angrae Kraom,11.50033097,104.9263403,3702.3255813953488
1850000.0,500.0,Boeng Salang,11.562248,104.898461,3700.0
235000.0,64.0,Tuek Thla,11.55,104.89,3671.875
235000.0,64.0,Boeng Salang,11.57,104.89,3671.875
4400000.0,1200.0,Tuek L'ak Ti Muoy,11.572623,104.89913,3666.6666666666665
55000.0,15.0,Khmuonh,11.62535363,104.8413508,3666.6666666666665
360000.0,98.28,Tumnob Tuek,11.5445,104.913586,3663.003663003663
2200000.0,601.0,Tuek L'ak Ti Muoy,11.56757466,104.8975841,3660.565723793677
285000.0,78.12,Phnom Penh Thmei,11.569135,104.9248,3648.233486943164
700000.0,192.0,Phnom Penh Thmei,11.569135,104.9248,3645.8333333333335
350000.0,96.0,Mittapheap,11.55,104.93,3645.8333333333335
290000.0,80.0,Tuek Thla,11.55,104.89,3625.0
580000.0,160.0,Boeung Tumpun Mouy,11.55240574,104.9116975,3625.0
260000.0,72.0,Toul Svay Prey Ti Mouy,11.55,104.93,3611.1111111111113
450000.0,125.0,Tuol Tumpung Ti Muoy,11.55,104.93,3600.0
360000.0,100.0,Tonle Basak,11.537783,104.920232,3600.0
1800000.0,500.0,Nirouth,11.522551,104.962474,3600.0
5446800.0,1513.0,Boeng Kak Ti Pir,11.562248,104.898461,3600.0
1150000.0,320.0,Ou Baek K'am,11.54433937,104.878069,3593.75
1400000.0,390.0,Chak Angrae Kraom,11.55099,104.916054,3589.74358974359
1900000.0,530.0,Boeng Kak Ti Pir,11.57,104.89,3584.9056603773583
120000.0,33.48,Tonle Basak,11.55359239,104.9334529,3584.229390681004
285000.0,79.8,Phnom Penh Thmei,11.569135,104.9248,3571.428571428572
1500000.0,420.0,Tuol Tumpung Ti Pir,11.5445,104.913586,3571.428571428572
285000.0,79.8,Phnom Penh Thmei,11.56685296,104.9279695,3571.428571428572
1999999.0,560.0,Tuek L'ak Ti Pir,11.562248,104.898461,3571.426785714286
220000.0,61.74,Tumnob Tuek,11.53895956,104.9137162,3563.330093942339
370000.0,104.0,Boeng Trabaek,11.5445,104.913586,3557.692307692308
370000.0,104.0,Boeng Keng Kang Ti Bei,11.5445,104.913586,3557.692307692308
320000.0,90.0,Tuol Tumpung Ti Pir,11.53963081,104.9195492,3555.555555555556
320000.0,90.0,Boeng Salang,11.55319059,104.902751,3555.555555555556
390000.0,110.0,Khmuonh,11.55,104.89,3545.454545454545
850000.0,240.0,Chrouy Changvar,11.58,104.93,3541.6666666666665
255000.0,72.0,Chey Chumneah Ti Mouy,11.59015,104.909641,3541.6666666666665
1300000.0,368.0,Tuek Thla,11.55,104.89,3532.608695652174
178000.0,50.400000000000006,Nirouth,11.52269124,104.9503433,3531.746031746032
360000.0,102.0,Boeng Salang,11.562248,104.898461,3529.4117647058824
550000.0,156.0,Boeng Keng Kang Ti Bei,11.55,104.93,3525.641025641026
450000.0,128.0,Chakto Mukh,11.56624856,104.9237052,3515.625
290000.0,82.5,Phsar Depou Ti Muoy,11.572623,104.89913,3515.151515151515
2200000.0,627.0,Boeng Kak Ti Muoy,11.55,104.93,3508.771929824561
210000.0,60.0,Nirouth,11.52928,104.941454,3500.0
1725500.0,493.0,Srah Chak,11.56742608,104.9240453,3500.0
714000.0,204.0,Boeng Keng Kang Ti Bei,11.55,104.93,3500.0
1890000.0,540.0,Boeng Salang,11.55399409,104.8948828,3500.0
787500.0,225.0,Boeng Kak Ti Muoy,11.537783,104.920235,3500.0
1750000.0,500.0,Boeng Kak Ti Muoy,11.55,104.93,3500.0
350000.0,100.0,Prey Sa,11.48,104.9,3500.0
490000.0,140.0,Ou Baek K'am,11.55,104.89,3500.0
2621500.0,749.0,Boeng Kak Ti Pir,11.572623,104.89913,3500.0
3150000.0,900.0,Chrouy Changvar,11.58,104.93,3500.0
350000.0,100.0,Boeng Tumpun,11.55,104.93,3500.0
2572500.0,735.0,Boeng Keng Kang Ti Bei,11.54400677,104.9169731,3500.0
280000.0,80.0,Boeng Kak Ti Pir,11.57,104.89,3500.0
899900.0,257.18,Tuek L'ak Ti Muoy,11.57,104.89,3499.105684734427
2620000.0,749.0,Tuol Tumpung Ti Muoy,11.53953864,104.9152768,3497.9973297730307
1100000.0,315.0,Tonle Basak,11.55,104.93,3492.063492063492
299900.0,86.0,Toul Svay Prey Ti Mouy,11.54215666,104.9166295,3487.2093023255816
320000.0,92.0,Boeng Keng Kang Ti Bei,11.55,104.93,3478.260869565217
445000.0,128.0,Tuek Thla,11.5516133,104.8711028,3476.5625
250000.0,72.0,Chey Chumneah Ti Mouy,11.59,104.9,3472.222222222222
750000.0,216.0,Toul Svay Prey Ti Mouy,11.54182203,104.9157661,3472.222222222222
420000.0,121.0,Tonle Basak,11.55,104.93,3471.0743801652893
399900.0,115.5,Boeng Keng Kang Ti Pir,11.55,104.93,3462.3376623376626
280000.0,81.0,Kouk Khleang,11.55,104.89,3456.7901234567903
310000.0,90.0,Dangkao,11.48,104.9,3444.4444444444443
220000.0,64.0,Boeng Tumpun,11.55,104.93,3437.5
220000.0,64.0,Ruessei Kaev,11.59,104.9,3437.5
1100000.0,320.0,Ou Baek K'am,11.54707881,104.875944,3437.5
385000.0,112.0,Nirouth,11.52928,104.941454,3437.5
275000.0,80.0,Tonle Basak,11.5451243,104.9287337,3437.5
340000.0,99.0,Chak Angrae Kraom,11.51166572,104.9274104,3434.343434343434
360000.0,105.0,Chrouy Changvar,11.589674,104.925654,3428.5714285714284
900000.0,262.5,Toul Svay Prey Ti Mouy,11.537783,104.920235,3428.5714285714284
250000.0,73.0,Boeng Trabaek,11.55,104.93,3424.657534246576
1500000.0,438.0,Phnom Penh Thmei,11.59844965,104.8782343,3424.657534246576
230000.0,67.2,Chrouy Changvar,11.589674,104.925654,3422.619047619048
260000.0,76.0,Phsar Thmei Ti Bei,11.569135,104.9248,3421.0526315789475
395000.0,115.5,Ruessei Kaev,11.59,104.9,3419.91341991342
395000.0,115.5,Stueng Mean Chey,11.53,104.91,3419.91341991342
1750000.0,512.0,Boeng Kak Ti Pir,11.57,104.89,3417.96875
2200000.0,644.0,Phnom Penh Thmei,11.58941353,104.8691164,3416.1490683229813
900000.0,264.0,Boeng Reang,11.57561,104.92025,3409.090909090909
299900.0,88.0,Tuek L'ak Ti Bei,11.57,104.89,3407.954545454545
350000.0,102.9,Stueng Mean Chey,11.530293,104.898903,3401.3605442176868
340000.0,100.0,Tuol Tumpung Ti Muoy,11.55,104.93,3400.0
1700000.0,500.0,Nirouth,11.522551,104.96247,3400.0
750000.0,221.0,Tonle Basak,11.55,104.93,3393.665158371041
305000.0,90.0,Nirouth,11.53643942,104.9622972,3388.8888888888887
254000.0,75.0,Preaek Lieb,11.589674,104.925654,3386.6666666666665
335000.0,99.0,Chak Angrae Kraom,11.530254,104.897598,3383.838383838384
230000.0,68.0,Stueng Mean Chey,11.530293,104.898903,3382.3529411764707
289000.0,85.5,Nirouth,11.52,104.95,3380.116959064328
270000.0,80.0,Boeng Keng Kang Ti Pir,11.55,104.93,3375.0
270000.0,80.0,Phnom Penh Thmei,11.569135,104.9248,3375.0
270000.0,80.0,Krang Thnong,11.55,104.89,3375.0
270000.0,80.0,Chhbar Ampov Ti Pir,11.52,104.95,3375.0
270000.0,80.0,Chhbar Ampov Ti Pir,11.52,104.95,3375.0
590000.0,175.0,Chak Angrae Kraom,11.55099,104.916054,3371.428571428572
310000.0,92.0,Boeng Keng Kang Ti Bei,11.537783,104.920235,3369.5652173913045
335000.0,100.0,Boeng Trabaek,11.55,104.93,3350.0
335000.0,100.0,Tuol Tumpung Ti Muoy,11.55,104.93,3350.0
1500000.0,448.0,Nirouth,11.52,104.95,3348.214285714286
240000.0,72.0,Krang Thnong,11.55,104.89,3333.333333333333
3000000.0,900.0,Tuol Sangke,11.59015,104.909641,3333.333333333333
160000.0,48.0,Dangkao,11.48,104.9,3333.333333333333
300000.0,90.0,Khmuonh,11.55,104.89,3333.333333333333
330000.0,99.0,Chak Angrae Kraom,11.51073788,104.9265752,3333.333333333333
500000.0,150.0,Boeng Kak Ti Muoy,11.5445,104.913586,3333.333333333333
170000.0,51.0,Chhbar Ampov Ti Muoy,11.5300711,104.9374252,3333.333333333333
250000.0,75.0,Prey Sa,11.49457578,104.8658436,3333.333333333333
550000.0,165.0,Boeng Kak Ti Pir,11.57,104.89,3333.333333333333
280000.0,84.0,Boeng Kak Ti Pir,11.57,104.89,3333.333333333333
499000.0,150.0,Toul Svay Prey Ti Pir,11.54282987,104.9137074,3326.6666666666665
420000.0,126.5,Preaek Lieb,11.589674,104.925654,3320.1581027667985
1820000.0,550.0,Nirouth,11.52,104.95,3309.090909090909
1100000.0,333.0,Phsar Depou Ti Muoy,11.57,104.89,3303.3033033033034
1359600.0,412.0,Boeng Kak Ti Pir,11.5741946,104.9015522,3300.0
300000.0,91.0,Boeng Keng Kang Ti Pir,11.55,104.93,3296.703296703297
300000.0,91.0,Boeng Keng Kang Ti Pir,11.55,104.93,3296.703296703297
780000.0,237.0,Krang Thnong,11.55,104.89,3291.1392405063293
210000.0,64.0,Preaek Pra,11.52,104.95,3281.25
10000000.0,3050.0,Tonle Basak,11.55442893,104.9295021,3278.688524590164
530000.0,161.7,Toul Svay Prey Ti Mouy,11.54448401,104.913771,3277.674706246135
570000.0,174.0,Ou Baek K'am,11.559712,104.878121,3275.862068965517
1800000.0,550.0,Nirouth,11.5350504,104.9576372,3272.7272727272725
980000.0,300.0,Boeng Kak Ti Pir,11.57,104.89,3266.6666666666665
199900.0,61.2,Stueng Mean Chey,11.53,104.91,3266.3398692810456
300000.0,92.0,Phnom Penh Thmei,11.569135,104.9248,3260.8695652173915
234000.0,72.0,Phnom Penh Thmei,11.569135,104.9248,3250.0
390000.0,120.0,Boeng Kak Ti Muoy,11.55,104.93,3250.0
295000.0,91.0,Khmuonh,11.59968857,104.8626304,3241.7582417582416
160000.0,49.4,Nirouth,11.52422761,104.9546031,3238.8663967611337
550000.0,170.0,Tuol Tumpung Ti Muoy,11.55,104.93,3235.294117647059
220000.0,68.0,Nirouth,11.53054719,104.9368366,3235.294117647059
320000.0,99.0,Nirouth,11.522551,104.96247,3232.3232323232323
320000.0,99.0,Nirouth,11.522551,104.96247,3232.3232323232323
1680000.0,520.0,Chak Angrae Kraom,11.50934695,104.9275144,3230.769230769231
330000.0,102.48,Tuol Tumpung Ti Pir,11.5445,104.913586,3220.1405152224825
4500000.0,1400.0,Nirouth,11.52533597,104.9567971,3214.285714285714
270000.0,84.0,Dangkao,11.48,104.9,3214.285714285714
450000.0,140.0,Ou Baek K'am,11.55,104.89,3214.285714285714
4500000.0,1400.0,Nirouth,11.52341939,104.9568089,3214.285714285714
1080000.0,336.0,Nirouth,11.522551,104.96247,3214.285714285714
2250000.0,700.0,Nirouth,11.52,104.95,3214.285714285714
380000.0,118.25,Veal Sbov,11.522551,104.962474,3213.5306553911205
118000.0,36.72,Chey Chumneah Ti Mouy,11.59,104.9,3213.507625272331
270000.0,84.05,Tumnob Tuek,11.54098024,104.9145673,3212.373587150506
260000.0,81.0,Preaek Lieb,11.64932427,104.9162549,3209.8765432098767
260000.0,81.0,Stueng Mean Chey,11.53,104.91,3209.8765432098767
310000.0,96.75,Nirouth,11.522551,104.96247,3204.134366925065
1692800.0,529.0,Boeng Kak Ti Pir,11.57685269,104.8952993,3200.0
1536000.0,480.0,Boeng Kak Ti Muoy,11.537783,104.920232,3200.0
400000.0,125.0,Tuol Tumpung Ti Pir,11.55,104.93,3200.0
400000.0,125.0,Tuek L'ak Ti Pir,11.57,104.89,3200.0
4704000.0,1470.0,Chrouy Changvar,11.58297779,104.9362404,3200.0
20521600.0,6413.0,Mittapheap,11.56585712,104.9128345,3200.0
10240000.0,3200.0,Veal Vong,11.5445,104.913586,3200.0
3680000.0,1150.0,Phnom Penh Thmei,11.58110453,104.867878,3200.0
3680000.0,1150.0,Phnom Penh Thmei,11.5855872,104.8716985,3200.0
960000.0,300.0,Chrouy Changvar,11.589674,104.925654,3200.0
349000.0,109.2,Ou Baek K'am,11.55,104.89,3195.970695970696
349000.0,109.2,Ou Baek K'am,11.55,104.89,3195.970695970696
230000.0,72.0,Phnom Penh Thmei,11.569135,104.9248,3194.4444444444443
230000.0,72.0,Preaek Thmei,11.52,104.95,3194.4444444444443
313000.0,98.1,Nirouth,11.52928,104.941454,3190.621814475025
1750000.0,550.0,Nirouth,11.52,104.95,3181.818181818182
280000.0,88.0,Veal Vong,11.5445,104.913586,3181.818181818182
229000.0,72.0,Preaek Lieb,11.589674,104.925654,3180.555555555556
160000.0,50.4,Nirouth,11.52928,104.941454,3174.6031746031745
1900000.0,600.0,Boeng Kak Ti Muoy,11.5445,104.913586,3166.6666666666665
1900000.0,600.0,Boeng Tumpun,11.55,104.91667,3166.6666666666665
1900000.0,600.0,Boeng Kak Ti Muoy,11.55,104.93,3166.6666666666665
240000.0,76.0,Tuol Tumpung Ti Pir,11.537783,104.920232,3157.894736842105
2000000.0,634.0,Boeng Kak Ti Muoy,11.5818226,104.899496,3154.5741324921137
200000.0,63.45,Phsar Daeum Kor,11.55735171,104.9097558,3152.088258471237
189000.0,60.0,Cheung Aek,11.504923,104.891869,3150.0
399900.0,127.12,Boeng Keng Kang Ti Bei,11.537783,104.920235,3145.846444304594
990000.0,315.0,Chey Chumneah Ti Mouy,11.63034772,104.8780969,3142.8571428571427
385000.0,122.5,Boeng Keng Kang Ti Bei,11.537783,104.920235,3142.8571428571427
580000.0,185.0,Nirouth,11.52,104.95,3135.135135135135
1560000.0,498.0,Phsar Depou Ti Muoy,11.57,104.89,3132.5301204819275
394444.0,126.0,Stueng Mean Chey,11.53,104.91,3130.5079365079364
210000.0,67.2,Chak Angrae Leu,11.55,104.93,3125.0
200000.0,64.0,Tuek Thla,11.55,104.89,3125.0
750000.0,240.0,Boeng Keng Kang Ti Pir,11.55,104.93,3125.0
300000.0,96.0,Boeng Tumpun,11.55,104.93,3125.0
250000.0,80.0,Chhbar Ampov Ti Pir,11.52,104.95,3125.0
250000.0,80.0,Dangkao,11.48,104.9,3125.0
200000.0,64.0,Kakab,11.55,104.93,3125.0
380000.0,121.8,Preaek Lieb,11.64529011,104.916278,3119.8686371100166
1600000.0,514.0,Boeng Kak Ti Pir,11.57,104.89,3112.84046692607
280000.0,90.0,Phnom Penh Thmei,11.58752507,104.8687815,3111.111111111112
550000.0,177.0,Tumnob Tuek,11.537783,104.920235,3107.3446327683614
870000.0,280.0,Phsar Daeum Kor,11.57,104.89,3107.1428571428573
299000.0,96.6,Tuek Thla,11.55,104.89,3095.2380952380954
390000.0,126.5,Chak Angrae Kraom,11.50772016,104.925208,3083.00395256917
1290000.0,418.75,Chak Angrae Leu,11.5183199,104.9242843,3080.597014925373
600000.0,195.0,Tonle Basak,11.537783,104.920235,3076.923076923077
270000.0,88.0,Tuek L'ak Ti Pir,11.57,104.89,3068.181818181818
270000.0,88.0,Chrouy Changvar,11.589674,104.925654,3068.181818181818
1700000.0,555.0,Nirouth,11.5249332,104.9564084,3063.063063063063
1300000.0,425.0,Khmuonh,11.55,104.89,3058.823529411765
3965000.0,1300.0,Boeng Kak Ti Muoy,11.5445,104.913586,3050.0
300000.0,98.4,Prey Sa,11.50259101,104.8795089,3048.780487804878
390000.0,128.0,Boeng Proluet,11.55,104.93,3046.875
280000.0,92.0,Chey Chumneah Ti Pir,11.59015,104.909641,3043.478260869565
149500.0,49.4,Chrouy Changvar,11.589674,104.925654,3026.315789473684
230000.0,76.0,Chrouy Changvar,11.589674,104.925654,3026.315789473684
460000.0,152.5,Toul Svay Prey Ti Mouy,11.54484812,104.9145693,3016.3934426229507
380000.0,126.0,Boeng Kak Ti Pir,11.562248,104.898461,3015.873015873016
380000.0,126.0,Tuek L'ak Ti Bei,11.562248,104.898461,3015.873015873016
120000.0,39.79,Tonle Basak,11.5505668,104.9310509,3015.8331239004774
289900.0,96.6,Phnom Penh Thmei,11.575837,104.9201,3001.035196687371
1500000.0,500.0,Boeng Tumpun,11.55,104.93,3000.0
3825000.0,1275.0,Ruessei Kaev,11.630107,104.904299,3000.0
240000.0,80.0,Veal Sbov,11.55,104.96,3000.0
3600000.0,1200.0,Boeng Kak Ti Pir,11.57,104.89,3000.0
3000000.0,1000.0,Tuol Sangke Ti Mouy,11.5445,104.913586,3000.0
477000.0,159.0,Tuek L'ak Ti Pir,11.57,104.89,3000.0
240000.0,80.0,Boeng Trabaek,11.55,104.93,3000.0
4740000.0,1580.0,Phnom Penh Thmei,11.575837,104.920096,3000.0
180000.0,60.0,Tuek Thla,11.55,104.89,3000.0
630000.0,210.0,Boeng Salang,11.57,104.89,3000.0
1800000.0,600.0,Kilomaetr Lekh Prammuoy,11.59015,104.909641,3000.0
7714200.0,2580.0,Chak Angrae Leu,11.51794828,104.9239898,2990.0
260000.0,87.0,Boeng Kak Ti Muoy,11.5445,104.913586,2988.5057471264367
7710000.0,2580.0,Chak Angrae Leu,11.51794828,104.9239898,2988.372093023256
250000.0,84.0,Dangkao,11.48,104.9,2976.190476190476
380000.0,128.0,Boeng Trabaek,11.5445,104.913586,2968.75
235000.0,79.2,Chrouy Changvar,11.67587638,104.9039992,2967.171717171717
3500000.0,1185.0,Chhbar Ampov Ti Muoy,11.52928,104.941454,2953.5864978902955
950000.0,322.0,Cheung Aek,11.47098485,104.912374,2950.3105590062114
530000.0,180.0,Nirouth,11.522551,104.96247,2944.4444444444443
165000.0,56.1,Stueng Mean Chey Ti Bei,11.5399645,104.8694599,2941.176470588235
1150000.0,391.0,Cheung Aek,11.500658,104.856173,2941.176470588235
165000.0,56.1,Stueng Mean Chey Ti Bei,11.5399645,104.8694599,2941.176470588235
148000.0,50.4,Nirouth,11.52928,104.941454,2936.5079365079364
320000.0,109.0,Phsar Depou Ti Bei,11.562248,104.898461,2935.779816513761
290000.0,99.0,Veal Sbov,11.522551,104.96247,2929.2929292929293
270000.0,92.4,Preaek Aeng,11.52,104.95,2922.077922077922
1095000.0,375.0,Phnom Penh Thmei,11.569135,104.9248,2920.0
480000.0,165.0,Chak Angrae Kraom,11.50194368,104.9264547,2909.090909090909
2399900.0,825.0,Nirouth,11.52,104.95,2908.969696969697
319800.0,110.0,Prey Sa,11.500658,104.856173,2907.2727272727275
279000.0,96.0,Phnom Penh Thmei,11.57561,104.92025,2906.25
215000.0,74.0,Ou Baek K'am,11.55,104.89,2905.4054054054054
490000.0,168.75,Chak Angrae Kraom,11.49370386,104.9255215,2903.703703703704
325000.0,112.0,Chakto Mukh,11.57561,104.92025,2901.785714285714
3422000.0,1180.0,Phnom Penh Thmei,11.569135,104.9248,2900.0
1999000.0,689.5,Chak Angrae Leu,11.5183199,104.9242843,2899.2023205221176
2200000.0,759.0,Boeng Kak Ti Pir,11.5773323,104.8972415,2898.550724637681
270000.0,93.6,Nirouth,11.522551,104.96247,2884.6153846153848
320000.0,111.0,Tuol Sangke Ti Mouy,11.5445,104.913586,2882.8828828828828
357000.0,124.5,Boeng Keng Kang Ti Bei,11.54702723,104.9181764,2867.4698795180725
650000.0,227.0,Boeng Salang,11.572623,104.89913,2863.4361233480176
1600000.0,559.0,Cheung Aek,11.504923,104.891869,2862.2540250447228
920000.0,322.0,Boeng Tumpun,11.55,104.93,2857.1428571428573
2000000.0,700.0,Veal Sbov,11.522551,104.962474,2857.1428571428573
2000000.0,700.0,Chhbar Ampov Ti Muoy,11.53464881,104.9390339,2857.1428571428573
140000.0,49.0,Nirouth,11.52,104.95,2857.1428571428573
490000.0,171.6,Stueng Mean Chey Ti Pir,11.53,104.91,2855.4778554778554
2250000.0,789.0,Boeng Kak Ti Pir,11.562248,104.898461,2851.71102661597
5107200.0,1792.0,Phnom Penh Thmei,11.57561,104.92025,2850.0
1231200.0,432.0,Boeng Trabaek,11.5445,104.913586,2850.0
3000000.0,1052.8,Preaek Lieb,11.589674,104.925654,2849.5440729483284
275000.0,96.6,Dangkao,11.500658,104.856173,2846.7908902691515
1100000.0,386.4,Nirouth,11.52,104.95,2846.7908902691515
460000.0,162.0,Nirouth,11.52928,104.941454,2839.5061728395062
160000.0,56.4,Chrouy Changvar,11.58,104.93,2836.8794326241136
399000.0,140.8,Tuek L'ak Ti Pir,11.57,104.89,2833.806818181818
399000.0,140.8,Tuek L'ak Ti Pir,11.562248,104.898461,2833.806818181818
399000.0,140.8,Tuek L'ak Ti Bei,11.57,104.89,2833.806818181818
680000.0,240.0,Kouk Khleang,11.55,104.89,2833.333333333333
510000.0,180.0,Boeng Keng Kang Ti Bei,11.55,104.93,2833.333333333333
950000.0,336.0,Phnom Penh Thmei,11.569135,104.9248,2827.3809523809523
199000.0,70.5,Tuek L'ak Ti Pir,11.562248,104.898461,2822.695035460993
1200000.0,425.5,Chak Angrae Kraom,11.50588803,104.9377194,2820.21151586369
1200000.0,425.5,Cheung Aek,11.46952683,104.9096846,2820.21151586369
138000.0,49.0,Nirouth,11.52,104.95,2816.326530612245
760000.0,270.0,Chak Angrae Leu,11.51237118,104.9254711,2814.814814814815
195000.0,69.3,Phnom Penh Thmei,11.569135,104.9248,2813.852813852814
180000.0,64.0,Tuol Sangke,11.59,104.9,2812.5
180000.0,64.0,Chey Chumneah Ti Mouy,11.59015,104.909641,2812.5
450000.0,160.0,Ou Baek K'am,11.54615967,104.8761933,2812.5
265000.0,94.5,Nirouth,11.52928,104.941454,2804.232804232804
2430400.0,868.0,Chrouy Changvar,11.589674,104.925654,2800.0
896000.0,320.0,Kouk Khleang,11.55,104.89,2800.0
3304000.0,1180.0,Phnom Penh Thmei,11.58580286,104.8700192,2800.0
160000.0,57.15,Tuek L'ak Ti Bei,11.57,104.89,2799.650043744532
850000.0,303.75,Nirouth,11.522551,104.962474,2798.3539094650205
540000.0,193.0,Chak Angrae Kraom,11.49875785,104.9346796,2797.9274611398964
235000.0,84.0,Veal Sbov,11.55,104.96,2797.619047619048
299000.0,107.1,Ou Baek K'am,11.55,104.89,2791.7833800186745
320000.0,114.75,Nirouth,11.522551,104.96247,2788.6710239651416
870000.0,312.0,Nirouth,11.5350504,104.9576372,2788.4615384615386
170000.0,61.0,Ou Ruessei Ti Muoy,11.5445,104.913586,2786.88524590164
1600000.0,575.0,Chak Angrae Kraom,11.530254,104.8976,2782.608695652174
250000.0,90.0,Phnom Penh Thmei,11.59082913,104.8798885,2777.777777777778
250000.0,90.0,Chak Angrae Kraom,11.50597546,104.9272066,2777.777777777778
200000.0,72.0,Phsar Depou Ti Pir,11.56625288,104.9033823,2777.777777777778
199900.0,72.0,Phsar Daeum Kor,11.57,104.89,2776.3888888888887
133000.0,48.0,Chey Chumneah Ti Mouy,11.59015,104.909641,2770.833333333333
285000.0,102.9,Preaek Lieb,11.589674,104.925654,2769.679300291545
870000.0,315.36,Nirouth,11.5350504,104.9576372,2758.751902587519
320000.0,116.0,Pong Tuek,11.48,104.9,2758.620689655173
248000.0,90.0,Phnom Penh Thmei,11.58747723,104.8763142,2755.555555555556
175000.0,63.55,Kouk Roka,11.65336551,104.8631251,2753.737214791503
185000.0,67.2,Preaek Lieb,11.589674,104.925654,2752.9761904761904
110000.0,40.0,Preaek Phnov,11.65711936,104.8594768,2750.0
275000.0,100.0,Phnom Penh Thmei,11.57561,104.92025,2750.0
550000.0,200.0,Boeng Salang,11.55065161,104.8984824,2750.0
330000.0,120.0,Chrouy Changvar,11.58,104.93,2750.0
265500.0,96.6,Dangkao,11.48,104.9,2748.4472049689443
2300000.0,837.0,Boeng Trabaek,11.55,104.93,2747.909199522103
280000.0,102.0,Kakab Ti Mouy,11.55,104.93,2745.098039215686
200000.0,73.0,Kakab Ti Mouy,11.54881789,104.8615882,2739.72602739726
189000.0,69.0,Dangkao,11.51060501,104.8876217,2739.1304347826085
920000.0,336.0,Chhbar Ampov Ti Pir,11.52,104.95,2738.095238095238
375000.0,137.0,Prey Sa,11.48,104.9,2737.2262773722628
175000.0,64.0,Boeng Tumpun,11.55,104.93,2734.375
295000.0,108.0,Nirouth,11.522551,104.96247,2731.4814814814813
300000.0,110.0,Dangkao,11.48,104.9,2727.2727272727275
450000.0,165.0,Boeng Salang,11.562248,104.898461,2727.2727272727275
1500000.0,550.0,Nirouth,11.5350504,104.9576372,2727.2727272727275
270000.0,99.0,Chrouy Changvar,11.6654159,104.9100873,2727.2727272727275
250000.0,92.0,Phnom Penh Thmei,11.575837,104.9201,2717.391304347826
5000000.0,1841.0,Nirouth,11.52,104.95,2715.9152634437805
1650000.0,608.0,Phsar Depou Ti Pir,11.56551133,104.904168,2713.815789473684
780000.0,287.5,Preaek Ta Sek,11.658559,104.913169,2713.043478260869
260000.0,96.0,Tuek Thla,11.55,104.89,2708.333333333333
950000.0,351.0,Veal Sbov,11.522551,104.96247,2706.5527065527067
1150000.0,425.0,Cheung Aek,11.47560667,104.9177168,2705.8823529411766
1150000.0,425.5,Cheung Aek,11.500658,104.856173,2702.7027027027025
3600000.0,1332.5,Phnom Penh Thmei,11.59043352,104.8720904,2701.688555347092
9960000.0,3688.0,Chak Angrae Leu,11.48309607,104.9197317,2700.6507592190887
9207000.0,3410.0,Chrouy Changvar,11.589674,104.925654,2700.0
4320000.0,1600.0,Ou Baek K'am,11.55,104.89,2700.0
583200.0,216.0,Chrouy Changvar,11.58,104.93,2700.0
226800.0,84.0,Boeng Kak Ti Muoy,11.5445,104.913586,2700.0
1180000.0,437.5,Phnom Penh Thmei,11.575837,104.920096,2697.1428571428573
148000.0,55.0,Ou Ruessei Ti Muoy,11.55,104.93,2690.909090909091
4800000.0,1785.0,Veal Sbov,11.522551,104.962474,2689.075630252101
430000.0,160.0,Boeng Salang,11.562248,104.898461,2687.5
203000.0,75.6,Khmuonh,11.55,104.89,2685.185185185185
248000.0,92.4,Chrouy Changvar,11.63855062,104.9169466,2683.982683982684
180000.0,67.2,Ou Baek K'am,11.55,104.89,2678.5714285714284
265000.0,99.0,Preaek Ta Sek,11.6468666,104.905866,2676.7676767676767
310000.0,116.0,Pong Tuek,11.48,104.9,2672.4137931034484
860000.0,322.0,Chak Angrae Leu,11.5445,104.913586,2670.807453416149
2200000.0,825.0,Tonle Basak,11.5445,104.913586,2666.6666666666665
1600000.0,600.0,Phsar Depou Ti Bei,11.568271,104.922443,2666.6666666666665
240000.0,90.0,Phnom Penh Thmei,11.569135,104.9248,2666.6666666666665
800000.0,300.0,Kakab Ti Mouy,11.5445,104.913586,2666.6666666666665
240000.0,90.0,Krang Thnong,11.559712,104.878121,2666.6666666666665
240000.0,90.0,Chak Angrae Kraom,11.49948229,104.9276405,2666.6666666666665
490000.0,184.0,Chak Angrae Leu,11.5445,104.913586,2663.043478260869
850000.0,319.2,Tuek L'ak Ti Muoy,11.562248,104.898461,2662.907268170426
2100000.0,789.0,Boeng Kak Ti Pir,11.57,104.89,2661.596958174905
2800000.0,1052.8,Preaek Lieb,11.658559,104.913169,2659.5744680851067
190000.0,71.445,Phnom Penh Thmei,11.63141704,104.9002547,2659.3883406816435
170000.0,64.0,Tuek Thla,11.55,104.89,2656.25
170000.0,64.0,Boeng Salang,11.562248,104.898461,2656.25
130000.0,49.0,Nirouth,11.52,104.95,2653.061224489796
265000.0,100.0,Khmuonh,11.55,104.89,2650.0
450000.0,170.0,Tuol Tumpung Ti Muoy,11.54064259,104.9195453,2647.058823529412
859000.0,325.0,Nirouth,11.52,104.95,2643.076923076923
158000.0,60.0,Ruessei Kaev,11.59,104.9,2633.333333333333
395000.0,150.0,Khmuonh,11.55,104.89,2633.333333333333
129000.0,49.0,Nirouth,11.52,104.95,2632.6530612244896
155000.0,59.0,Veal Sbov,11.52928,104.941454,2627.1186440677966
420000.0,160.0,Tuek Thla,11.559712,104.878121,2625.0
168000.0,64.0,Krang Thnong,11.55,104.89,2625.0
850000.0,324.0,Nirouth,11.52928,104.941454,2623.456790123457
5000000.0,1908.0,Nirouth,11.52,104.95,2620.545073375262
165000.0,63.0,Stueng Mean Chey,11.53,104.91,2619.04761904762
450000.0,172.0,Chak Angrae Kraom,11.49919534,104.9348797,2616.279069767442
295000.0,112.8,Preaek Lieb,11.64307588,104.9155757,2615.248226950355
5700000.0,2180.5,Nirouth,11.51680412,104.9572098,2614.079339601009
5700000.0,2180.5,Nirouth,11.52,104.95,2614.079339601009
235000.0,90.0,Phnom Penh Thmei,11.5871008,104.8751581,2611.111111111112
240000.0,92.0,Phnom Penh Thmei,11.569135,104.9248,2608.695652173913
430000.0,165.0,Chak Angrae Kraom,11.49359296,104.9257858,2606.060606060606
480000.0,184.5,Chak Angrae Leu,11.52191165,104.93,2601.6260162601625
390000.0,150.0,Ruessei Kaev,11.59,104.9,2600.0
208000.0,80.0,Chhbar Ampov Ti Pir,11.52,104.95,2600.0
390000.0,150.0,Phnom Penh Thmei,11.575837,104.920096,2600.0
1331200.0,512.0,Boeng Kak Ti Muoy,11.57758804,104.8925385,2600.0
1331200.0,512.0,Boeng Kak Ti Muoy,11.537783,104.920232,2600.0
520000.0,200.0,Khmuonh,11.55,104.89,2600.0
187000.0,72.0,Krang Thnong,11.55,104.89,2597.222222222222
340000.0,131.0,Ruessei Kaev,11.59,104.9,2595.4198473282445
835000.0,322.0,Dangkao,11.500658,104.856173,2593.167701863354
285000.0,110.0,Ou Baek K'am,11.546459,104.874422,2590.909090909091
200000.0,77.2,Phnom Penh Thmei,11.58433361,104.8758004,2590.6735751295337
375000.0,144.82,Chak Angrae Kraom,11.49078001,104.9230587,2589.4213506421765
1000000.0,386.32,Stueng Mean Chey,11.53,104.91,2588.527645475254
950000.0,367.5,Stueng Mean Chey,11.53,104.91,2585.0340136054424
1550000.0,600.0,Nirouth,11.52,104.95,2583.333333333333
6000000.0,2323.0,Tuol Tumpung Ti Muoy,11.5445,104.913586,2582.8669823504088
600000.0,233.0,Chrouy Changvar,11.658559,104.91317,2575.107296137339
180000.0,70.0,Phsar Kandal Ti Muoy,11.569135,104.9248,2571.428571428572
450000.0,175.0,Boeng Keng Kang Ti Pir,11.55,104.93,2571.428571428572
359000.0,140.0,Phnom Penh Thmei,11.61572822,104.845907,2564.285714285714
220000.0,86.0,Nirouth,11.52928,104.941454,2558.139534883721
1150000.0,450.0,Chrouy Changvar,11.589674,104.925654,2555.555555555556
470000.0,184.0,Stueng Mean Chey,11.53,104.91,2554.3478260869565
470000.0,184.0,Cheung Aek,11.48,104.9,2554.3478260869565
470000.0,184.0,Cheung Aek,11.504923,104.89187,2554.3478260869565
1180000.0,462.5,Nirouth,11.52,104.95,2551.3513513513512
229500.0,90.0,Phnom Penh Thmei,11.57561,104.92025,2550.0
285000.0,112.0,Dangkao,11.48,104.9,2544.6428571428573
880000.0,346.0,Stueng Mean Chey Ti Pir,11.52754623,104.8878492,2543.3526011560693
620000.0,244.0,Stueng Mean Chey,11.530293,104.898903,2540.983606557377
199900.0,79.0,Boeng Kak Ti Muoy,11.55,104.93,2530.379746835444
170000.0,67.2,Nirouth,11.5350504,104.9576372,2529.7619047619046
1100000.0,435.0,Boeng Kak Ti Muoy,11.58233874,104.9059304,2528.735632183908
5500000.0,2180.5,Nirouth,11.521711,104.9569035,2522.357257509745
5500000.0,2180.5,Nirouth,11.51935142,104.9557561,2522.357257509745
490000.0,195.0,Stueng Mean Chey,11.530293,104.898903,2512.8205128205127
470000.0,187.5,Stueng Mean Chey,11.53,104.91,2506.6666666666665
950000.0,379.5,Chak Angrae Kraom,11.530254,104.8976,2503.293807641633
270000.0,108.0,Preaek Lieb,11.589674,104.925654,2500.0
1325000.0,530.0,Phsar Daeum Thkov,11.53183545,104.9241911,2500.0
750000.0,300.0,Boeng Kak Ti Pir,11.562248,104.898461,2500.0
160000.0,64.0,Ruessei Kaev,11.59,104.9,2500.0
450000.0,180.0,Phnom Penh Thmei,11.569135,104.9248,2500.0
420000.0,168.0,Nirouth,11.52,104.95,2500.0
420000.0,168.0,Nirouth,11.52333529,104.9576959,2500.0
400000.0,160.0,Ou Baek K'am,11.54618017,104.8764012,2500.0
6192500.0,2477.0,Khmuonh,11.55,104.89,2500.0
5400000.0,2160.0,Chrouy Changvar,11.58,104.93,2500.0
2750000.0,1100.0,Tuol Sangke,11.60373541,104.8994817,2500.0
140000.0,56.0,Dangkao,11.48,104.9,2500.0
2000000.0,800.0,Khmuonh,11.55,104.89,2500.0
3250000.0,1300.0,Khmuonh,11.55,104.89,2500.0
5250000.0,2100.0,Khmuonh,11.55,104.89,2500.0
312500.0,125.0,Ou Baek K'am,11.55,104.89,2500.0
1500000.0,600.0,Kilomaetr Lekh Prammuoy,11.630107,104.904299,2500.0
200000.0,80.0,Tuol Sangke Ti Mouy,11.55,104.93,2500.0
225000.0,90.0,Phnom Penh Thmei,11.575837,104.9201,2500.0
160000.0,64.0,Krang Thnong,11.55,104.89,2500.0
562500.0,225.0,Khmuonh,11.55,104.89,2500.0
345000.0,138.0,Boeng Salang,11.57,104.89,2500.0
250000.0,100.0,Tuol Sangke Ti Mouy,11.55,104.93,2500.0
1325000.0,530.0,Phsar Daeum Thkov,11.53183628,104.9241928,2500.0
500000.0,200.0,Boeng Trabaek,11.55,104.93,2500.0
800000.0,320.0,Phnom Penh Thmei,11.569135,104.9248,2500.0
210000.0,84.0,Boeng Salang,11.57,104.89,2500.0
225000.0,90.0,Phnom Penh Thmei,11.58988265,104.8754482,2500.0
190000.0,76.0,Tumnob Tuek,11.55,104.93,2500.0
300000.0,120.0,Boeng Kak Ti Pir,11.57,104.89,2500.0
500000.0,200.0,Kouk Khleang,11.55,104.89,2500.0
200000.0,80.0,Boeng Salang,11.57,104.89,2500.0
380000.0,152.0,Tuol Tumpung Ti Muoy,11.5445,104.913586,2500.0
340000.0,136.0,Toul Svay Prey Ti Mouy,11.55,104.93,2500.0
12250000.0,4900.0,Chrouy Changvar,11.589674,104.925654,2500.0
175000.0,70.0,Tuek L'ak Ti Bei,11.562248,104.898461,2500.0
190000.0,76.0,Boeng Salang,11.57,104.89,2500.0
160000.0,64.0,Boeng Keng Kang Ti Pir,11.54989392,104.9205784,2500.0
1087500.0,435.0,Boeng Kak Ti Muoy,11.58151541,104.8956831,2500.0
1500000.0,600.0,Boeng Kak Ti Pir,11.58136862,104.8941513,2500.0
1500000.0,600.0,Boeng Keng Kang Ti Bei,11.537783,104.920235,2500.0
550000.0,221.0,Boeng Kak Ti Pir,11.562248,104.898461,2488.68778280543
800000.0,322.0,Cheung Aek,11.500658,104.856173,2484.472049689441
248000.0,100.0,Preaek Aeng,11.52,104.95,2480.0
4108000.0,1660.0,Boeng Kak Ti Muoy,11.58179486,104.8994557,2474.6987951807228
235000.0,95.0,Stueng Mean Chey,11.53,104.91,2473.684210526316
435000.0,176.0,Chak Angrae Leu,11.52450488,104.9136062,2471.590909090909
518888.0,210.0,Trapeang Krasang,11.53740368,104.803901,2470.8952380952383
2100000.0,850.0,Boeng Trabaek,11.55,104.93,2470.5882352941176
350000.0,142.0,Tonle Basak,11.55,104.93,2464.788732394366
975000.0,396.0,Ruessei Kaev,11.59,104.9,2462.121212121212
460000.0,187.0,Nirouth,11.522551,104.96247,2459.8930481283423
1350000.0,550.0,Nirouth,11.52928,104.941454,2454.5454545454545
980000.0,399.5,Khmuonh,11.578108,104.87022,2453.0663329161453
620000.0,253.0,Cheung Aek,11.48,104.9,2450.592885375494
980000.0,400.0,Nirouth,11.52928,104.941454,2450.0
600000.0,245.0,Khmuonh,11.559712,104.878121,2448.9795918367345
120000.0,49.0,Nirouth,11.52,104.95,2448.9795918367345
1200000.0,490.0,Chak Angrae Leu,11.5445,104.913586,2448.9795918367345
1100000.0,450.0,Nirouth,11.53034567,104.954539,2444.4444444444443
165000.0,67.5,Stueng Mean Chey Ti Bei,11.53638984,104.8776242,2444.4444444444443
430000.0,176.0,Nirouth,11.522551,104.96247,2443.181818181818
410000.0,168.0,Kouk Roka,11.5445,104.913586,2440.4761904761904
200000.0,82.0,Dangkao,11.48,104.9,2439.0243902439024
785000.0,322.0,Cheung Aek,11.500658,104.856173,2437.888198757764
3900000.0,1600.0,Chak Angrae Kraom,11.50636434,104.938297,2437.5
195000.0,80.0,Preaek Lieb,11.58,104.93,2437.5
390000.0,160.0,Tuek Thla,11.559712,104.878121,2437.5
285000.0,117.0,Khmuonh,11.559712,104.878121,2435.897435897436
230000.0,94.5,Preaek Ta Sek,11.64896897,104.9145443,2433.862433862434
600000.0,247.0,Boeng Kak Ti Pir,11.57,104.89,2429.1497975708503
680000.0,280.0,Tuek Thla,11.559712,104.878121,2428.5714285714284
1100000.0,453.0,Preaek Aeng,11.522551,104.962474,2428.2560706401764
199000.0,82.0,Tuol Sangke,11.59,104.9,2426.829268292683
400000.0,165.0,Phnom Penh Thmei,11.575837,104.920096,2424.242424242424
230000.0,95.0,Nirouth,11.52928,104.941454,2421.0526315789475
220000.0,91.0,Phsar Daeum Kor,11.55515242,104.9102887,2417.5824175824177
290000.0,120.0,Tuol Sangke,11.59,104.9,2416.6666666666665
145000.0,60.0,Stueng Mean Chey Ti Mouy,11.5344226,104.8804893,2416.6666666666665
290000.0,120.0,Ruessei Kaev,11.59,104.9,2416.6666666666665
1350000.0,559.0,Chey Chumneah Ti Mouy,11.59,104.9,2415.026833631485
280000.0,116.1,Nirouth,11.522551,104.96247,2411.7140396210166
1900000.0,789.0,Boeng Kak Ti Pir,11.57,104.89,2408.111533586819
1900000.0,789.0,Boeng Kak Ti Pir,11.57,104.89,2408.111533586819
380000.0,157.8,Tumnob Tuek,11.537783,104.920232,2408.1115335868185
205000.0,85.2,Dangkao,11.500658,104.856173,2406.1032863849764
250000.0,104.0,Boeng Trabaek,11.55,104.93,2403.846153846154
1200000.0,500.0,Preaek Lieb,11.658559,104.913169,2400.0
288000.0,120.0,Khmuonh,11.62551445,104.8419258,2400.0
120000.0,50.0,Krang Thnong,11.5820252,104.8380033,2400.0
8455200.0,3523.0,Chrouy Changvar,11.589674,104.925654,2400.0
470000.0,196.0,Dangkao,11.500658,104.856173,2397.9591836734694
395000.0,165.0,Phsar Kandal Ti Muoy,11.57170784,104.9237759,2393.939393939394
335000.0,140.0,Phnom Penh Thmei,11.57561,104.9199067,2392.8571428571427
1430000.0,598.0,Chey Chumneah Ti Pir,11.59015,104.909641,2391.304347826087
970000.0,406.0,Chhbar Ampov Ti Muoy,11.52423323,104.9520987,2389.1625615763546
250000.0,105.0,Krang Thnong,11.55,104.89,2380.9523809523807
350000.0,147.0,Boeng Keng Kang Ti Muoy,11.55,104.93,2380.9523809523807
900000.0,378.0,Chhbar Ampov Ti Pir,11.54510323,104.9491465,2380.9523809523807
170000.0,71.4,Veal Sbov,11.522551,104.96247,2380.9523809523807
199900.0,84.0,Stueng Mean Chey,11.53,104.91,2379.7619047619046
750000.0,315.36,Nirouth,11.5350504,104.9576372,2378.234398782344
1250000.0,526.25,Veal Sbov,11.522551,104.96247,2375.296912114014
436666.0,184.0,Chak Angrae Leu,11.5159172,104.9208197,2373.1847826086955
799000.0,337.0,Tuol Tumpung Ti Pir,11.55,104.93,2370.919881305638
950000.0,401.0,Chey Chumneah Ti Mouy,11.59,104.9,2369.077306733167
2500000.0,1056.0,Krang Thnong,11.55,104.89,2367.4242424242425
650000.0,275.0,Phnom Penh Thmei,11.575837,104.920096,2363.6363636363635
1500000.0,637.0,Nirouth,11.51924147,104.9565286,2354.7880690737834
600000.0,255.0,Chrouy Changvar,11.589674,104.925654,2352.9411764705883
2331200.0,992.0,Boeng Kak Ti Pir,11.562248,104.898461,2350.0
2400000.0,1022.0,Tuol Sangke Ti Pir,11.59015,104.909641,2348.336594911937
299900.0,127.8,Tumnob Tuek,11.54215658,104.913708,2346.635367762128
150000.0,64.0,Chhbar Ampov Ti Muoy,11.52928,104.941454,2343.75
600000.0,256.0,Chrouy Changvar,11.58,104.93,2343.75
450000.0,192.0,Chak Angrae Leu,11.5445,104.913586,2343.75
259032.0,111.0,Khmuonh,11.578108,104.87022,2333.6216216216217
280000.0,120.0,Kakab,11.55,104.93,2333.333333333333
350000.0,150.0,Boeung Tumpun Mouy,11.55,104.93,2333.333333333333
140000.0,60.0,Chey Chumneah Ti Pir,11.62462091,104.8897283,2333.333333333333
105000.0,45.0,Kouk Khleang,11.58938843,104.8697322,2333.333333333333
700000.0,300.0,Phnom Penh Thmei,11.57561,104.92025,2333.333333333333
950000.0,408.0,Phnom Penh Thmei,11.57561,104.92025,2328.43137254902
345000.0,148.2,Phnom Penh Thmei,11.57561,104.92025,2327.935222672065
428000.0,184.0,Dangkao,11.48,104.9,2326.086956521739
1250000.0,537.5,Nirouth,11.52928,104.941454,2325.5813953488373
230000.0,99.0,Bak Kaeng,11.589674,104.925654,2323.232323232324
130000.0,56.0,Kakab Ti Mouy,11.5445,104.913586,2321.428571428572
148000.0,64.0,Khmuonh,11.55,104.89,2312.5
549900.0,237.8,Dangkao,11.48,104.9,2312.447434819176
260000.0,112.5,Preaek Ta Sek,11.64746755,104.9150563,2311.111111111112
1050000.0,455.0,Nirouth,11.52928,104.941454,2307.692307692308
120000.0,52.0,Boeng Tumpun,11.55,104.93,2307.692307692308
170000.0,73.7,Nirouth,11.522551,104.96247,2306.648575305292
1890600.0,822.0,Chrouy Changvar,11.589674,104.925654,2300.0
1437500.0,625.0,Boeng Kak Ti Pir,11.57214739,104.891727,2300.0
3594900.0,1563.0,Khmuonh,11.55,104.89,2300.0
8086593.69,3515.9103,Chrouy Changvar,11.568271,104.9224426,2300.0
147000.0,64.0,Ou Baek K'am,11.559712,104.878121,2296.875
980000.0,427.5,Veal Sbov,11.522551,104.96247,2292.3976608187136
110000.0,48.0,Chey Chumneah Ti Mouy,11.59015,104.909641,2291.6666666666665
250000.0,109.2,Ou Baek K'am,11.55,104.89,2289.3772893772893
250000.0,109.2,Prey Sa,11.50760701,104.8872852,2289.3772893772893
548888.0,240.0,Kouk Khleang,11.57436162,104.8703133,2287.0333333333333
429500.0,188.0,Phnom Penh Thmei,11.57561,104.92025,2284.574468085106
380000.0,166.42,Boeng Keng Kang Ti Bei,11.537783,104.920232,2283.379401514241
145000.0,63.55,Nirouth,11.52894397,104.9468455,2281.6679779701026
2100000.0,921.44,Dangkao,11.504923,104.89187,2279.041500260462
410000.0,180.0,Chak Angrae Kraom,11.50217,104.9261435,2277.777777777778
410000.0,180.0,Chak Angrae Kraom,11.530254,104.8976,2277.777777777778
295000.0,129.6,Tuol Sangke Ti Pir,11.59,104.9,2276.234567901234
1800000.0,791.0,Boeng Trabaek,11.55,104.93,2275.600505689001
350000.0,154.0,Phnom Penh Thmei,11.58850727,104.8779122,2272.7272727272725
400000.0,176.0,Nirouth,11.53222802,104.9561527,2272.7272727272725
200000.0,88.0,Prey Sa,11.48,104.9,2272.7272727272725
350000.0,154.0,Nirouth,11.51388783,104.956294,2272.7272727272725
248000.0,109.2,Preaek Lieb,11.658559,104.913169,2271.062271062271
1950000.0,860.0,Chhbar Ampov Ti Muoy,11.522551,104.962474,2267.4418604651164
170000.0,75.0,Khmuonh,11.55,104.89,2266.6666666666665
215000.0,95.0,Phnom Penh Thmei,11.569135,104.9248,2263.157894736842
170000.0,75.26,Veal Sbov,11.522551,104.96247,2258.8360350783946
140000.0,62.0,Spean Thma,11.46037342,104.8718766,2258.064516129032
1650000.0,731.0,Stueng Mean Chey,11.53,104.91,2257.18194254446
220000.0,97.5,Tuol Sangke Ti Mouy,11.590668,104.9097451,2256.4102564102564
220000.0,97.5,Nirouth,11.5350504,104.9576372,2256.4102564102564
270000.0,120.0,Tuek Thla,11.55,104.89,2250.0
135000.0,60.0,Khmuonh,11.559712,104.878121,2250.0
790000.0,352.0,Phnom Penh Thmei,11.57561,104.92025,2244.318181818182
380000.0,169.4,Chak Angrae Leu,11.5183199,104.9242843,2243.211334120425
240000.0,107.0,Tuol Sangke,11.59015,104.909641,2242.990654205608
160000.0,71.4,Veal Sbov,11.52103536,104.970204,2240.896358543417
180000.0,80.33,Voat Phnum,11.575837,104.9201,2240.7568778787504
950000.0,425.0,Phsar Daeum Thkov,11.53694194,104.9188616,2235.294117647059
1920000.0,860.0,Veal Sbov,11.52036521,104.9645331,2232.558139534884
375000.0,168.0,Tuek Thla,11.55,104.89,2232.1428571428573
183000.0,82.0,Tuol Sangke,11.59015,104.909641,2231.7073170731705
350000.0,157.0,Phnom Penh Thmei,11.59683548,104.8765113,2229.2993630573246
450000.0,202.0,Nirouth,11.522551,104.96247,2227.722772277228
178000.0,80.0,Tuek Thla,11.559712,104.878121,2225.0
238000.0,107.0,Khmuonh,11.62583097,104.8410359,2224.299065420561
230000.0,103.5,Veal Sbov,11.522551,104.96247,2222.222222222222
250000.0,112.5,Preaek Ta Sek,11.658559,104.913169,2222.222222222222
300000.0,135.0,Phsar Daeum Thkov,11.537783,104.920232,2222.222222222222
800000.0,360.0,Chrouy Changvar,11.589674,104.925654,2222.222222222222
3800000.0,1712.54,Nirouth,11.52928,104.941454,2218.9262732549314
990000.0,446.25,Nirouth,11.522551,104.962474,2218.487394957984
390000.0,176.0,Chhbar Ampov Ti Muoy,11.52,104.95,2215.909090909091
1300000.0,587.5,Chey Chumneah Ti Mouy,11.59015,104.909641,2212.7659574468084
250000.0,113.0,Preaek Lieb,11.589674,104.925654,2212.389380530973
115000.0,52.0,Ruessei Kaev,11.59,104.9,2211.538461538461
325000.0,147.0,Phnom Penh Thmei,11.56341613,104.9230831,2210.8843537414964
325000.0,147.0,Phnom Penh Thmei,11.569135,104.9248,2210.8843537414964
195000.0,88.2,Preaek Ta Sek,11.658559,104.91317,2210.8843537414964
210000.0,95.0,Tuol Sangke,11.59,104.9,2210.5263157894738
850000.0,385.0,Nirouth,11.52928,104.941454,2207.792207792208
850000.0,385.0,Nirouth,11.52928,104.941454,2207.792207792208
340000.0,154.0,Stueng Mean Chey,11.530293,104.898903,2207.792207792208
1232000.0,560.0,Boeng Kak Ti Pir,11.562248,104.898461,2200.0
220000.0,100.0,Nirouth,11.522551,104.96247,2200.0
2864400.0,1302.0,Nirouth,11.52928,104.941454,2200.0
1100000.0,500.0,Nirouth,11.52,104.95,2200.0
220000.0,100.0,Ruessei Kaev,11.630107,104.9043,2200.0
2167000.0,985.0,Stueng Mean Chey,11.530293,104.898903,2200.0
120000.0,54.6,Tuek Thla,11.56324839,104.8731984,2197.802197802198
178000.0,81.06,Kamboul,11.50848211,104.8190413,2195.9042684431283
1800000.0,820.0,Nirouth,11.53012084,104.9547484,2195.121951219512
4000000.0,1825.0,Preaek Aeng,11.52,104.95,2191.780821917808
230000.0,105.0,Chey Chumneah Ti Mouy,11.59,104.9,2190.4761904761904
239900.0,109.62,Phnom Penh Thmei,11.57561,104.92025,2188.4692574347746
175000.0,80.0,Phnom Penh Thmei,11.59071105,104.8729192,2187.5
385000.0,176.4,Phnom Penh Thmei,11.569135,104.9248,2182.5396825396824
1350000.0,618.5858000000001,Chhbar Ampov Ti Muoy,11.52,104.95,2182.397332754809
820000.0,376.0,Phnom Penh Thmei,11.5858306,104.8698762,2180.851063829787
889000.0,408.0,Tuol Sangke Ti Pir,11.59,104.9,2178.921568627451
305000.0,140.0,Veal Sbov,11.522551,104.962474,2178.5714285714284
400000.0,184.0,Chak Angrae Kraom,11.5063366,104.9388066,2173.913043478261
200000.0,92.0,Phnom Penh Thmei,11.58868509,104.8703039,2173.913043478261
300000.0,138.0,Dangkao,11.48,104.9,2173.913043478261
205000.0,94.35,Stueng Mean Chey,11.53,104.91,2172.760996290408
380000.0,175.0,Boeng Salang,11.55358445,104.9003668,2171.428571428572
950000.0,437.5,Cheung Aek,11.48,104.9,2171.428571428572
180000.0,83.0,Tumnob Tuek,11.54591545,104.9012845,2168.6746987951806
1300000.0,600.0,Kilomaetr Lekh Prammuoy,11.6180864,104.9139556,2166.6666666666665
158000.0,73.1,Nirouth,11.52928,104.941454,2161.4227086183314
1080000.0,500.0,Nirouth,11.52,104.95,2160.0
235222.0,109.0,Nirouth,11.52527791,104.9477506,2158.0
350000.0,162.5,Preaek Ta Sek,11.64947934,104.9002929,2153.846153846154
155000.0,72.0,Krang Thnong,11.55,104.89,2152.777777777778
455000.0,211.5,Phnom Penh Thmei,11.57561,104.92025,2151.300236406619
215000.0,100.0,Nirouth,11.52,104.95,2150.0
215000.0,100.0,Khmuonh,11.559712,104.878121,2150.0
135000.0,62.9,Phsar Chas,11.575837,104.9201,2146.2639109697934
1090000.0,507.92,Chey Chumneah Ti Mouy,11.59,104.9,2146.0072452354702
180000.0,84.0,Dangkao,11.48,104.9,2142.8571428571427
1100000.0,515.0,Chey Chumneah Ti Mouy,11.59,104.9,2135.9223300970875
320000.0,150.0,Phnom Penh Thmei,11.58912097,104.8739834,2133.333333333333
188000.0,88.2,Nirouth,11.52,104.95,2131.5192743764173
170000.0,79.8,Nirouth,11.52,104.9506866,2130.325814536341
170000.0,79.8,Nirouth,11.522551,104.96247,2130.325814536341
170000.0,79.8,Nirouth,11.5255219,104.9564084,2130.325814536341
490000.0,230.1,Boeng Keng Kang Ti Bei,11.54670655,104.9192039,2129.508909169926
280000.0,131.58,Tuek L'ak Ti Pir,11.562248,104.898461,2127.9829761361907
285000.0,133.96,Khmuonh,11.55,104.89,2127.5007464914897
638000.0,300.0,Cheung Aek,11.49383202,104.8949581,2126.6666666666665
270000.0,127.0,Boeng Tumpun,11.55,104.93,2125.984251968504
850000.0,400.0,Preaek Lieb,11.658559,104.91317,2125.0
340000.0,160.0,Phnom Penh Thmei,11.58937543,104.8696208,2125.0
1050000.0,494.5,Khmuonh,11.55,104.89,2123.356926188069
350000.0,165.0,Nirouth,11.52,104.95,2121.212121212121
280000.0,132.0,Chak Angrae Kraom,11.55,104.93,2121.212121212121
420000.0,198.0,Nirouth,11.522551,104.962474,2121.212121212121
900000.0,425.0,Phnom Penh Thmei,11.57561,104.92025,2117.6470588235293
240000.0,113.4,Preaek Lieb,11.658559,104.913169,2116.4021164021165
900000.0,425.5,Chey Chumneah Ti Pir,11.59015,104.909641,2115.158636897768
169000.0,80.0,Tuek Thla,11.55,104.89,2112.5
269000.0,127.5,Khmuonh,11.55,104.89,2109.803921568628
135000.0,64.0,Ruessei Kaev,11.59,104.9,2109.375
185000.0,87.75,Preaek Ta Sek,11.58,104.93,2108.262108262108
168000.0,79.8,Boeng Proluet,11.55,104.93,2105.263157894737
180000.0,85.5,Nirouth,11.522551,104.96247,2105.2631578947367
185000.0,88.0,Prey Sa,11.50052875,104.8838806,2102.2727272727275
250000.0,119.0,Chrouy Changvar,11.589674,104.925654,2100.840336134454
150000.0,71.4,Veal Sbov,11.522551,104.96247,2100.840336134453
150000.0,71.4,Nirouth,11.52,104.95,2100.840336134453
210000.0,100.0,Preaek Aeng,11.5297903,104.9540868,2100.0
5670000.0,2700.0,Nirouth,11.52928,104.941454,2100.0
315000.0,150.0,Phnom Penh Thmei,11.575837,104.920096,2100.0
789000.0,376.0,Krang Thnong,11.55,104.89,2098.404255319149
1180000.0,562.5,Preaek Lieb,11.658559,104.913169,2097.777777777778
220000.0,105.0,Phnom Penh Thmei,11.58634781,104.87101,2095.2380952380954
750000.0,358.0,Nirouth,11.52,104.95,2094.972067039106
750000.0,358.0,Nirouth,11.52,104.95,2094.972067039106
335000.0,160.0,Tuol Sangke Ti Pir,11.59,104.9,2093.75
219500.0,105.0,Phnom Penh Thmei,11.57561,104.92025,2090.4761904761904
299900.0,143.5,Krang Thnong,11.55,104.89,2089.895470383275
280000.0,134.0,Preaek Lieb,11.589674,104.925654,2089.5522388059703
140000.0,67.2,Spean Thma,11.46037342,104.8718766,2083.333333333333
319000.0,153.75,Stueng Mean Chey,11.53,104.91,2074.79674796748
148000.0,71.4,Veal Sbov,11.522551,104.962474,2072.829131652661
335000.0,162.0,Boeng Kak Ti Pir,11.57,104.89,2067.901234567901
162000.0,78.4,Tuol Sangke,11.59,104.9,2066.326530612245
500000.0,242.0,Chhbar Ampov Ti Muoy,11.53348558,104.9503818,2066.115702479339
500000.0,242.0,Nirouth,11.52928,104.941454,2066.115702479339
165000.0,80.0,Ou Baek K'am,11.55,104.89,2062.5
165000.0,80.0,Ou Baek K'am,11.55,104.89,2062.5
1600000.0,777.0,Ou Baek K'am,11.55,104.89,2059.202059202059
175000.0,85.0,Nirouth,11.52928,104.941454,2058.823529411765
384900.0,187.0,Tuek Thla,11.55,104.89,2058.288770053476
395000.0,192.0,Nirouth,11.522551,104.96247,2057.2916666666665
215000.0,104.55,Nirouth,11.52,104.95,2056.4323290291727
190000.0,92.4,Preaek Lieb,11.589674,104.925654,2056.277056277056
225000.0,109.44,Dangkao,11.48,104.9,2055.921052631579
195000.0,95.0,Preaek Lieb,11.589674,104.925654,2052.6315789473683
155000.0,75.6,Tuek Thla,11.55,104.89,2050.2645502645505
205000.0,100.0,Cheung Aek,11.504923,104.891869,2050.0
152000.0,74.2,Cheung Aek,11.504923,104.89187,2048.5175202156333
890000.0,435.0,Boeng Kak Ti Muoy,11.5445,104.913586,2045.9770114942528
360000.0,176.0,Cheung Aek,11.504923,104.891869,2045.4545454545453
180000.0,88.0,Pong Tuek,11.48,104.9,2045.4545454545453
340000.0,166.25,Nirouth,11.52928,104.941454,2045.1127819548872
230000.0,112.5,Chrouy Changvar,11.58,104.93,2044.4444444444443
230000.0,112.5,Preaek Lieb,11.58,104.93,2044.4444444444443
230000.0,112.5,Preaek Ta Sek,11.65048821,104.9124823,2044.4444444444443
470000.0,230.0,Stueng Mean Chey Ti Mouy,11.530293,104.898903,2043.4782608695648
300000.0,147.0,Kakab Ti Mouy,11.55,104.93,2040.8163265306123
150000.0,73.5,Nirouth,11.522551,104.96247,2040.8163265306123
240000.0,117.6,Preaek Lieb,11.658559,104.91317,2040.8163265306123
1000000.0,490.0,Chak Angrae Leu,11.51984916,104.934752,2040.8163265306123
734000.0,360.0,Phnom Penh Thmei,11.57561,104.92025,2038.888888888889
265000.0,130.0,Nirouth,11.5350504,104.9576372,2038.4615384615383
320000.0,157.0,Phnom Penh Thmei,11.59824226,104.8792993,2038.216560509554
320000.0,157.0,Chey Chumneah Ti Mouy,11.59,104.9,2038.216560509554
375000.0,184.0,Cheung Aek,11.504923,104.891869,2038.0434782608693
360000.0,176.945,Nirouth,11.52928,104.941454,2034.5305038288727
890000.0,437.5,Nirouth,11.52,104.95,2034.2857142857144
320000.0,157.5,Phnom Penh Thmei,11.575837,104.920096,2031.746031746032
130000.0,64.0,Ruessei Kaev,11.59,104.9,2031.25
950000.0,470.0,Preaek Lieb,11.658559,104.913169,2021.276595744681
195000.0,96.6,Nirouth,11.522551,104.96247,2018.633540372671
155000.0,76.8275,Veal Vong,11.55,104.93,2017.506752139533
690000.0,343.0,Boeng Kak Ti Pir,11.58370825,104.8899683,2011.661807580175
5220000.0,2600.0,Nirouth,11.51212175,104.9557742,2007.692307692308
145000.0,72.42,Nirouth,11.52,104.95,2002.2093344380005
1200000.0,600.0,Chrouy Changvar,11.58,104.93,2000.0
160000.0,80.0,Boeng Tumpun,11.53509358,104.9106279,2000.0
6820000.0,3410.0,Chey Chumneah Ti Mouy,11.59015,104.909641,2000.0
1200000.0,600.0,Phnom Penh Thmei,11.575837,104.9201,2000.0
220000.0,110.0,Krang Thnong,11.59138915,104.8422208,2000.0
850000.0,425.0,Chey Chumneah Ti Mouy,11.59,104.9,2000.0
3578000.0,1789.0,Tuek Thla,11.559712,104.878121,2000.0
6534000.0,3267.0,Phnom Penh Thmei,11.57561,104.92025,2000.0
160000.0,80.0,Krang Thnong,11.55,104.89,2000.0
1400000.0,700.0,Tuek L'ak Ti Bei,11.55831428,104.896287,2000.0
786000.0,393.0,Tuol Sangke Ti Pir,11.59015,104.909641,2000.0
189000.0,94.5,Phnom Penh Thmei,11.57561,104.92025,2000.0
1056000.0,528.0,Boeng Trabaek,11.53795102,104.9212651,2000.0
2798600.0,1400.0,Chak Angrae Kraom,11.530254,104.897598,1999.0
400000.0,200.2,Chak Angrae Kraom,11.49143972,104.9239109,1998.001998001998
319500.0,160.0,Khmuonh,11.55,104.89,1996.875
319500.0,160.0,Khmuonh,11.55,104.89,1996.875
850000.0,426.0,Boeng Salang,11.562248,104.898461,1995.305164319249
335000.0,168.0,Chrouy Changvar,11.58,104.93,1994.047619047619
515000.0,258.5,Khmuonh,11.55,104.89,1992.2630560928435
229000.0,115.0,Khmuonh,11.55,104.89,1991.304347826087
229000.0,115.0,Khmuonh,11.55,104.89,1991.304347826087
438065.0,220.0,Khmuonh,11.578108,104.87022,1991.2045454545453
209000.0,105.0,Ou Baek K'am,11.55,104.89,1990.4761904761904
195000.0,98.0,Preaek Lieb,11.589674,104.925654,1989.795918367347
350000.0,176.0,Nirouth,11.522551,104.96247,1988.636363636364
350000.0,176.0,Nirouth,11.522551,104.962474,1988.636363636364
2000000.0,1008.0,Kakab Ti Mouy,11.55,104.93,1984.126984126984
5000000.0,2520.0,Snaor,11.56017615,104.7854731,1984.126984126984
480000.0,242.0,Nirouth,11.522551,104.962474,1983.4710743801647
680000.0,343.0,Boeng Kak Ti Muoy,11.58007104,104.8985529,1982.5072886297376
158000.0,79.8,Nirouth,11.52,104.95,1979.9498746867168
370000.0,187.0,Nirouth,11.52,104.95,1978.609625668449
178000.0,90.0,Dangkao,11.48,104.9,1977.7777777777776
170000.0,86.0,Prey Sa,11.48,104.9,1976.744186046512
160000.0,81.0,Preaek Lieb,11.64915737,104.9136833,1975.3086419753083
160000.0,81.0,Preaek Lieb,11.63888517,104.9179773,1975.3086419753083
235000.0,119.0,Stueng Mean Chey Ti Bei,11.53117738,104.9101717,1974.7899159663864
150000.0,76.0,Chaom Chau Mouy,11.554667,104.82684,1973.684210526316
155819.0,78.96,Khmuonh,11.578108,104.87022,1973.391590678825
126000.0,64.0,Kakab,11.55,104.93,1968.75
310000.0,157.5,Phnom Penh Thmei,11.569135,104.9248,1968.253968253968
679000.0,345.0,Prey Sa,11.36935993,104.9230187,1968.1159420289853
679000.0,345.0,Prey Sa,11.36971336,104.9235596,1968.1159420289853
168000.0,85.5,Preaek Aeng,11.52928,104.941454,1964.9122807017543
220000.0,112.0,Ruessei Kaev,11.59,104.9,1964.2857142857144
330000.0,168.0,Chey Chumneah Ti Mouy,11.59,104.9,1964.2857142857144
330000.0,168.0,Tuol Sangke Ti Mouy,11.55,104.93,1964.2857142857144
880000.0,448.5,Prey Sa,11.500658,104.856173,1962.0958751393528
230000.0,117.3,Krang Thnong,11.559712,104.878121,1960.7843137254904
140000.0,71.4,Veal Sbov,11.522551,104.962474,1960.78431372549
345000.0,176.0,Nirouth,11.53036379,104.9530333,1960.2272727272727
345000.0,176.0,Nirouth,11.51870876,104.9536627,1960.2272727272727
345000.0,176.0,Nirouth,11.52673753,104.9582941,1960.2272727272727
193900.0,99.0,Preaek Lieb,11.63232807,104.9202089,1958.585858585859
180000.0,92.0,Nirouth,11.52807364,104.9584114,1956.5217391304348
180000.0,92.0,Dangkao,11.48,104.9,1956.5217391304348
220000.0,112.5,Preaek Ta Sek,11.658559,104.913169,1955.555555555556
780000.0,400.0,Preaek Aeng,11.53192136,104.9788199,1950.0
179000.0,91.8,Stueng Mean Chey,11.530293,104.898903,1949.8910675381264
2681000.0,1375.0,Khmuonh,11.52698377,104.8890147,1949.8181818181813
140000.0,72.0,Preaek Lieb,11.589674,104.925654,1944.4444444444443
420000.0,216.0,Stueng Mean Chey,11.53,104.91,1944.4444444444443
130000.0,67.0,Ruessei Kaev,11.59,104.9,1940.2985074626863
450000.0,232.0,Ou Baek K'am,11.559712,104.878121,1939.655172413793
228000.0,117.6,Preaek Lieb,11.64106919,104.9178051,1938.7755102040817
155000.0,80.0,Dangkao,11.500658,104.856173,1937.5
680000.0,351.0,Phnom Penh Thmei,11.57561,104.92025,1937.3219373219367
209000.0,108.0,Chrouy Changvar,11.589674,104.925654,1935.1851851851848
500000.0,258.5,Khmuonh,11.559712,104.878121,1934.2359767891685
219900.0,114.0,Dangkao,11.500658,104.856173,1928.9473684210527
270000.0,140.0,Phnom Penh Thmei,11.575837,104.920096,1928.571428571429
190000.0,98.8,Chhbar Ampov Ti Muoy,11.522551,104.962474,1923.076923076923
240000.0,125.0,Ruessei Kaev,11.59,104.9,1920.0
189900.0,99.0,Stueng Mean Chey,11.53,104.91,1918.1818181818185
750000.0,391.0,Preaek Lieb,11.589674,104.925654,1918.158567774936
290000.0,151.2,Nirouth,11.52,104.95,1917.989417989418
675000.0,352.0,Krang Thnong,11.55,104.89,1917.6136363636365
295000.0,154.0,Preaek Ta Sek,11.658559,104.91317,1915.584415584416
168000.0,87.75,Stueng Mean Chey,11.53,104.91,1914.5299145299143
620000.0,324.0,Tuol Sangke Ti Mouy,11.58642889,104.9103144,1913.58024691358
225000.0,117.6,Preaek Lieb,11.658559,104.91317,1913.2653061224487
330000.0,172.5,Phnom Penh Thmei,11.569135,104.9248,1913.0434782608693
300000.0,157.0,Phnom Penh Thmei,11.59577462,104.8812729,1910.8280254777071
305000.0,160.0,Phnom Penh Thmei,11.57561,104.92025,1906.25
152000.0,79.8,Nirouth,11.52928,104.941454,1904.7619047619048
180000.0,94.5,Dangkao,11.504923,104.891869,1904.7619047619048
152000.0,79.8,Nirouth,11.522551,104.962474,1904.7619047619048
800000.0,420.0,Boeng Trabaek,11.5445,104.913586,1904.7619047619048
320000.0,168.0,Ruessei Kaev,11.59,104.9,1904.7619047619048
179000.0,94.0,Boeng Tumpun,11.537783,104.920235,1904.255319148936
299900.0,157.5,Nirouth,11.52,104.95,1904.126984126984
675000.0,355.0,Nirouth,11.52928,104.941454,1901.4084507042253
35670600.0,18774.0,Chak Angrae Kraom,11.51633096,104.954246,1900.0
190000.0,100.0,Boeng Tumpun,11.55,104.93,1900.0
190000.0,100.0,Veal Sbov,11.522551,104.96247,1900.0
304000.0,160.0,Phnom Penh Thmei,11.57561,104.92025,1900.0
3300000.0,1737.0,Kakab,11.58861106,104.8007536,1899.827288428325
1100000.0,579.2,Boeng Tumpun,11.5445,104.913586,1899.171270718232
70000.0,36.86,Ruessei Kaev,11.630107,104.904299,1899.0775908844275
325000.0,171.6,Dangkao,11.48,104.9,1893.939393939394
198000.0,104.55,Nirouth,11.52,104.95,1893.8307030129129
155000.0,82.0,Dangkao,11.49920324,104.8867197,1890.2439024390244
368000.0,194.7,Nirouth,11.522551,104.96247,1890.087313816128
320000.0,169.4,Preaek Lieb,11.658559,104.91317,1889.0200708382529
170000.0,90.0,Boeng Tumpun,11.55,104.93,1888.888888888889
850000.0,450.0,Boeng Tumpun,11.55,104.93,1888.888888888889
203000.0,107.5,Phnom Penh Thmei,11.57561,104.92025,1888.372093023256
130000.0,68.9,Nirouth,11.522551,104.96247,1886.7924528301885
165000.0,87.5,Bak Kaeng,11.589674,104.925654,1885.7142857142856
150000.0,79.8,Nirouth,11.522551,104.96247,1879.6992481203008
3900000.0,2075.0,Nirouth,11.52,104.95,1879.5180722891569
390000.0,207.5,Veal Sbov,11.52698798,104.9710257,1879.5180722891569
295000.0,157.0,Chey Chumneah Ti Mouy,11.59,104.9,1878.9808917197447
169000.0,90.0,Khmuonh,11.55,104.89,1877.7777777777776
300000.0,160.0,Chey Chumneah Ti Mouy,11.59015,104.909641,1875.0
750000.0,400.0,Preaek Lieb,11.589674,104.925654,1875.0
1650000.0,880.0,Prey Sa,11.500658,104.856173,1875.0
600000.0,320.0,Preaek Lieb,11.64242479,104.9186602,1875.0
360000.0,192.0,Chhbar Ampov Ti Muoy,11.52709327,104.949351,1875.0
150000.0,80.0,Nirouth,11.52,104.95,1875.0
120000.0,64.0,Tuek Thla,11.55,104.89,1875.0
150000.0,80.0,Boeng Keng Kang Ti Muoy,11.55,104.93,1875.0
120000.0,64.0,Preaek Pra,11.52,104.95,1875.0
150000.0,80.0,Preaek Lieb,11.58016817,104.9301717,1875.0
149999.0,80.0,Kakab Ti Pir,11.55072119,104.8391814,1874.9875
500000.0,267.0,Phnom Penh Thmei,11.60003402,104.8734299,1872.6591760299625
284300.0,152.0,Svay Pak,11.6385441,104.8780625,1870.3947368421047
350000.0,187.2,Nirouth,11.522551,104.962474,1869.65811965812
258000.0,138.0,Prey Sa,11.500658,104.856173,1869.5652173913045
320000.0,171.6,Chhbar Ampov Ti Muoy,11.50519772,104.9269974,1864.801864801865
600000.0,322.0,Ruessei Kaev,11.59015,104.909641,1863.354037267081
600000.0,322.0,Chey Chumneah Ti Pir,11.59015,104.909641,1863.354037267081
135000.0,72.5,Khmuonh,11.55,104.89,1862.0689655172407
685000.0,368.0,Phnom Penh Thmei,11.57561,104.92025,1861.4130434782608
195000.0,105.0,Boeng Kak Ti Pir,11.57,104.89,1857.142857142857
280000.0,151.0,Ou Baek K'am,11.55,104.89,1854.3046357615888
330000.0,178.0,Preaek Lieb,11.589674,104.925654,1853.9325842696628
278000.0,150.0,Phnom Penh Thmei,11.58785683,104.8702978,1853.3333333333333
150000.0,81.0,Preaek Lieb,11.658559,104.913169,1851.851851851852
175000.0,94.5,Stueng Mean Chey,11.530293,104.898903,1851.851851851852
150000.0,81.0,Preaek Lieb,11.63905333,104.9150586,1851.851851851852
298000.0,161.0,Nirouth,11.522551,104.96247,1850.9316770186333
18605450.0,10057.0,Chak Angrae Leu,11.51810089,104.9275476,1850.0
14476000.0,7825.0,Chak Angrae Leu,11.52402148,104.9285052,1849.968051118211
170000.0,92.0,Chey Chumneah Ti Mouy,11.59015,104.909641,1847.8260869565213
650000.0,352.5,Chey Chumneah Ti Mouy,11.59015,104.909641,1843.9716312056737
295000.0,160.0,Chrouy Changvar,11.589674,104.925654,1843.75
330000.0,179.0,Nirouth,11.52928,104.941454,1843.5754189944128
147000.0,79.8,Nirouth,11.52928,104.941454,1842.1052631578948
175000.0,95.0,Khmuonh,11.55,104.89,1842.1052631578948
688000.0,374.0,Chaom Chau Mouy,11.55099,104.916054,1839.572192513369
160000.0,87.0,Dangkao,11.52321123,104.8775398,1839.0804597701149
285000.0,155.0,Chey Chumneah Ti Mouy,11.59015,104.909641,1838.7096774193549
220000.0,119.92,Preaek Lieb,11.58,104.93,1834.5563709139424
288000.0,157.0,Chey Chumneah Ti Mouy,11.59,104.9,1834.3949044585988
165000.0,90.0,Stueng Mean Chey,11.53,104.91,1833.3333333333333
1100000.0,600.0,Kilomaetr Lekh Prammuoy,11.62288703,104.908265,1833.3333333333333
1100000.0,600.0,Kilomaetr Lekh Prammuoy,11.59015,104.909641,1833.3333333333333
170000.0,92.8,Nirouth,11.522551,104.96247,1831.896551724138
150000.0,81.9,Kakab,11.55,104.93,1831.501831501832
310000.0,169.4,Nirouth,11.52,104.95,1829.9881936245567
120000.0,65.6,Krang Thnong,11.58238352,104.860572,1829.268292682927
294900.0,161.25,Tuek Thla,11.55,104.89,1828.8372093023256
215000.0,117.6,Preaek Lieb,11.64460166,104.9167747,1828.231292517007
3300000.0,1807.0,Cheung Aek,11.47806602,104.9181186,1826.2313226342003
350000.0,192.0,Preaek Pra,11.52,104.95,1822.9166666666667
106888.0,58.65,Preaek Phnov,11.59101748,104.8323266,1822.4722932651323
164000.0,90.0,Stueng Mean Chey,11.53,104.91,1822.2222222222224
990000.0,543.39,Veal Sbov,11.522551,104.96247,1821.8958758902447
130000.0,71.4,Nirouth,11.522551,104.96247,1820.7282913165263
130000.0,71.4,Veal Sbov,11.522551,104.96247,1820.7282913165263
130000.0,71.4,Veal Sbov,11.5065801,104.9670146,1820.7282913165263
700000.0,385.0,Tuek L'ak Ti Bei,11.56522299,104.8893448,1818.1818181818185
119900.0,66.0,Tuek Thla,11.55,104.89,1816.6666666666667
127000.0,70.0,Nirouth,11.52,104.95,1814.2857142857144
418888.0,231.0,Preaek Kampues,11.4983766,104.8800681,1813.367965367965
418888.0,231.0,Preaek Kampues,11.4983766,104.8800681,1813.367965367965
680000.0,375.0,Ruessei Kaev,11.60441293,104.913111,1813.3333333333333
290000.0,160.0,Preaek Lieb,11.658559,104.91317,1812.5
145000.0,80.0,Krang Thnong,11.559712,104.878121,1812.5
145000.0,80.0,Phnom Penh Thmei,11.575837,104.920096,1812.5
125000.0,69.0,Stueng Mean Chey,11.53,104.91,1811.5942028985507
100000.0,55.25,Chrouy Changvar,11.58204774,104.9684981,1809.9547511312217
950000.0,525.0,Nirouth,11.52,104.95,1809.5238095238096
304000.0,168.0,Preaek Lieb,11.589674,104.925654,1809.5238095238096
3300000.0,1824.0,Tuek Thla,11.55,104.89,1809.210526315789
299000.0,165.44,Dangkao,11.500658,104.856173,1807.3017408123792
130000.0,72.0,Ruessei Kaev,11.59,104.9,1805.555555555556
130000.0,72.0,Preaek Lieb,11.589674,104.925654,1805.555555555556
130000.0,72.0,Chey Chumneah Ti Mouy,11.59,104.9,1805.555555555556
980000.0,543.188,Chak Angrae Leu,11.55,104.93,1804.1635676782253
199000.0,110.55,Khmuonh,11.55,104.89,1800.0904568068747
188343000.0,104635.0,Tuol Sangke Ti Mouy,11.5878099,104.9022337,1800.0
630000.0,350.0,Chrouy Changvar,11.58,104.93,1800.0
6955200.0,3864.0,Ou Baek K'am,11.55,104.89,1800.0
3564000.0,1980.0,Phnom Penh Thmei,11.57561,104.92025,1800.0
1664100.0,924.5,Phnom Penh Thmei,11.58902349,104.8711744,1800.0
359900.0,200.0,Phnom Penh Thmei,11.57561,104.92025,1799.5
170000.0,94.5,Phnom Penh Thmei,11.58588607,104.8677757,1798.9417989417989
115000.0,64.0,Stueng Mean Chey,11.53,104.91,1796.875
106000.0,59.0,Kouk Roka,11.5445,104.913586,1796.6101694915253
1500000.0,835.0,Veal Sbov,11.53499962,104.9681357,1796.4071856287426
165000.0,92.0,Phnom Penh Thmei,11.575837,104.9201,1793.4782608695652
365000.0,203.55,Phnom Penh Thmei,11.575837,104.920096,1793.1712110046672
128000.0,71.4,Veal Sbov,11.52928,104.941454,1792.7170868347337
282000.0,157.5,Krang Pongro,11.48,104.9,1790.4761904761904
179000.0,100.0,Chey Chumneah Ti Mouy,11.59,104.9,1790.0
675000.0,377.6,Khmuonh,11.55,104.89,1787.6059322033898
1660000.0,929.0,Tuol Sangke,11.59015,104.909641,1786.8675995694296
125000.0,70.0,Prey Sa,11.500658,104.856173,1785.7142857142858
250000.0,140.0,Preaek Lieb,11.589674,104.925654,1785.7142857142858
150000.0,84.0,Krang Thnong,11.55,104.89,1785.7142857142858
175000.0,98.0,Kilomaetr Lekh Prammuoy,11.62183698,104.8971531,1785.7142857142858
750000.0,420.0,Boeng Trabaek,11.55,104.93,1785.7142857142858
90000.0,50.400000000000006,Samraong Kraom,11.55490393,104.8207116,1785.7142857142856
90000.0,50.400000000000006,Samraong Kraom,11.56206437,104.8230318,1785.7142857142856
328000.0,184.0,Tuol Sangke,11.59,104.9,1782.608695652174
315000.0,177.1,Nirouth,11.522551,104.96247,1778.6561264822135
164000.0,92.25,Krang Pongro,11.48,104.9,1777.7777777777778
305000.0,171.6,Nirouth,11.52,104.95,1777.3892773892774
195000.0,109.8,Stueng Mean Chey,11.530293,104.898903,1775.9562841530055
355000.0,200.0,Nirouth,11.51428103,104.9565231,1775.0
190000.0,107.1,Preaek Lieb,11.658559,104.913169,1774.042950513539
160000.0,90.3,Dangkao,11.48,104.9,1771.8715393133998
349500.0,197.4,Khmuonh,11.55,104.89,1770.516717325228
398000.0,225.0,Chrouy Changvar,11.589674,104.925654,1768.888888888889
265000.0,150.0,Chrouy Changvar,11.589674,104.925654,1766.6666666666667
390000.0,221.0,Tuek Thla,11.5603274,104.8658743,1764.7058823529412
298000.0,169.4,Nirouth,11.52,104.95,1759.1499409681228
130000.0,74.0,Kouk Roka,11.58733844,104.8205384,1756.7567567567569
210000.0,119.6,Nirouth,11.522551,104.96247,1755.8528428093646
289500.0,165.0,Stueng Mean Chey,11.53,104.91,1754.5454545454545
239000.0,136.5,Phnom Penh Thmei,11.57561,104.92025,1750.915750915751
125000.0,71.4,Nirouth,11.52928,104.941454,1750.7002801120448
175000.0,100.0,Preaek Lieb,11.658559,104.91317,1750.0
140000.0,80.0,Kakab Ti Mouy,11.55,104.93,1750.0
1700000.0,972.0,Tuol Sangke,11.59,104.9,1748.9711934156378
285000.0,163.0,Kakab Ti Mouy,11.5445,104.913586,1748.4662576687117
110000.0,63.0,Krang Thnong,11.55,104.89,1746.031746031746
110000.0,63.0,Kakab Ti Mouy,11.55,104.93,1746.031746031746
275000.0,157.5,Chey Chumneah Ti Mouy,11.59,104.9,1746.031746031746
110000.0,63.0,Krang Thnong,11.55,104.89,1746.031746031746
275000.0,157.5,Tuol Sangke Ti Mouy,11.55,104.93,1746.031746031746
335000.0,192.0,Nirouth,11.52,104.95,1744.7916666666667
105000.0,60.2,Phsar Depou Ti Muoy,11.57,104.89,1744.186046511628
1150000.0,660.0,Khmuonh,11.55,104.89,1742.4242424242425
690000.0,396.0,Nirouth,11.52,104.95,1742.4242424242425
199500.0,114.66,Stueng Mean Chey,11.53,104.91,1739.92673992674
700000.0,402.5,Chey Chumneah Ti Pir,11.59015,104.909641,1739.1304347826087
559000.0,322.0,Chey Chumneah Ti Pir,11.62843481,104.9034945,1736.024844720497
680000.0,392.0,Boeng Tumpun,11.53391412,104.9133678,1734.6938775510205
305000.0,176.0,Nirouth,11.523924,104.9553784,1732.9545454545455
350000.0,202.4,Dangkao,11.48,104.9,1729.2490118577075
171000.0,99.0,Preaek Lieb,11.658559,104.913169,1727.2727272727273
380000.0,220.0,Cheung Aek,11.500658,104.856173,1727.2727272727273
69000.0,40.0,Tonle Basak,11.537783,104.920235,1725.0
159500.0,92.5,Nirouth,11.52928,104.941454,1724.3243243243244
280000.0,162.5,Preaek Ta Sek,11.64700391,104.901996,1723.076923076923
155000.0,90.0,Ruessei Kaev,11.59,104.9,1722.2222222222222
155000.0,90.0,Khmuonh,11.55,104.89,1722.2222222222222
155000.0,90.0,Phnom Penh Thmei,11.58621649,104.870698,1722.2222222222222
350000.0,203.31,Veal Sbov,11.52440142,104.9647019,1721.5090256258916
110000.0,64.0,Phnom Penh Thmei,11.569135,104.9248,1718.75
165000.0,96.0,Chey Chumneah Ti Mouy,11.59,104.9,1718.75
450000.0,262.0,Chey Chumneah Ti Mouy,11.59,104.9,1717.557251908397
250000.0,145.6,Preaek Lieb,11.658559,104.91317,1717.032967032967
130000.0,75.79,Nirouth,11.522551,104.96247,1715.2658662092622
180000.0,105.0,Kakab Ti Mouy,11.55,104.93,1714.2857142857142
480000.0,280.0,Tuek Thla,11.559712,104.878121,1714.2857142857142
330000.0,192.5,Veal Sbov,11.522551,104.962474,1714.2857142857142
180000.0,105.0,Krang Thnong,11.55,104.89,1714.2857142857142
169000.0,98.7,Dangkao,11.500658,104.856173,1712.25937183384
290000.0,169.4,Preaek Lieb,11.64294261,104.9147121,1711.9244391971663
290000.0,169.4,Nirouth,11.52928,104.941454,1711.9244391971663
640000.0,374.4,Nirouth,11.522551,104.962474,1709.4017094017097
369000.0,216.0,Khmuonh,11.55,104.89,1708.3333333333333
550000.0,322.0,Dangkao,11.48,104.9,1708.0745341614906
550000.0,322.0,Preaek Lieb,11.589674,104.925654,1708.0745341614906
215000.0,126.0,Chrouy Changvar,11.58,104.93,1706.3492063492065
139900.0,82.0,Stueng Mean Chey,11.530293,104.898903,1706.0975609756097
179000.0,105.0,Krang Thnong,11.55,104.89,1704.7619047619048
125000.0,73.5,Preaek Lieb,11.658559,104.91317,1700.6802721088436
200000.0,117.6,Preaek Lieb,11.658559,104.913169,1700.6802721088436
3614200.0,2126.0,Phnom Penh Thmei,11.58976698,104.8708518,1700.0
255000.0,150.0,Phnom Penh Thmei,11.58837028,104.8688774,1700.0
2968200.0,1746.0,Khmuonh,11.55,104.89,1700.0
595000.0,350.0,Chrouy Changvar,11.57615134,104.9380499,1700.0
170000.0,100.0,Veal Sbov,11.522551,104.96247,1700.0
128000.0,75.6,Stueng Mean Chey,11.530254,104.8976,1693.1216931216932
20000000.0,11817.0,Tuol Sangke Ti Mouy,11.537783,104.920232,1692.4769400016926
330000.0,195.0,Kamboul,11.55,104.93,1692.3076923076924
200000.0,118.25,Phnom Penh Thmei,11.5858306,104.8698762,1691.3319238900635
290000.0,171.6,Nirouth,11.52,104.95,1689.97668997669
250000.0,148.0,Tuol Sangke,11.59015,104.909641,1689.1891891891892
325000.0,192.5,Veal Sbov,11.55,104.96,1688.3116883116884
1200000.0,712.0,Stueng Mean Chey,11.53,104.91,1685.3932584269662
170000.0,101.0,Boeng Tumpun,11.52665057,104.9082223,1683.1683168316831
290000.0,172.5,Chey Chumneah Ti Mouy,11.59,104.9,1681.159420289855
290000.0,172.5,Chey Chumneah Ti Mouy,11.59,104.9,1681.159420289855
388000.0,231.0,Preaek Kampues,11.504923,104.89187,1679.6536796536795
670000.0,400.0,Preaek Aeng,11.52,104.95,1675.0
10550000.0,6300.0,Chak Angrae Kraom,11.49804494,104.9396935,1674.6031746031747
179000.0,107.0,Tuol Sangke Ti Mouy,11.59426879,104.8907622,1672.8971962616822
500000.0,299.0,Preaek Kampues,11.48,104.9,1672.2408026755852
250000.0,149.52,Nirouth,11.522551,104.96247,1672.0171214553236
360000.0,216.0,Chey Chumneah Ti Pir,11.59015,104.909641,1666.6666666666667
210000.0,126.0,Preaek Lieb,11.658559,104.913169,1666.6666666666667
150000.0,90.0,Stueng Mean Chey,11.53,104.91,1666.6666666666667
360000.0,216.0,Stueng Mean Chey,11.53,104.91,1666.6666666666667
110000.0,66.0,Veal Sbov,11.52559312,104.969486,1666.6666666666667
1000000.0,600.0,Phnom Penh Thmei,11.58343088,104.8774174,1666.6666666666667
280000.0,168.0,Chey Chumneah Ti Mouy,11.59,104.9,1666.6666666666667
110000.0,66.0,Veal Sbov,11.52559312,104.969486,1666.6666666666667
500000.0,300.0,Kakab Ti Pir,11.56154144,104.8426349,1666.6666666666667
360000.0,216.0,Stueng Mean Chey,11.53,104.91,1666.6666666666667
100000.0,60.0,Chey Chumneah,11.56473958,104.9263471,1666.6666666666667
120000.0,72.0,Chey Chumneah Ti Mouy,11.59,104.9,1666.6666666666667
350000.0,210.0,Kouk Khleang,11.60864188,104.9250636,1666.6666666666667
110000.0,66.0,Veal Sbov,11.52559312,104.969486,1666.6666666666667
282000.0,169.4,Nirouth,11.52,104.95,1664.69893742621
133000.0,80.0,Kakab Ti Mouy,11.55,104.93,1662.5
116000.0,69.87,Tuol Sangke,11.59,104.9,1660.22613424932
310000.0,187.0,Cheung Aek,11.504923,104.891869,1657.7540106951872
149000.0,90.0,Phnom Penh Thmei,11.569135,104.9248,1655.5555555555557
278000.0,168.0,Phnom Penh Thmei,11.575837,104.920096,1654.7619047619048
436000.0,264.0,Preaek Phnov,11.65106644,104.8572915,1651.5151515151515
260000.0,157.5,Preaek Kampues,11.500658,104.856173,1650.7936507936508
130000.0,78.75,Veal Sbov,11.522551,104.96247,1650.7936507936508
1980000.0,1200.0,Khmuonh,11.55,104.89,1650.0
4473150.0,2711.0,Phnom Penh Thmei,11.57765416,104.9272275,1650.0
30977100.0,18774.0,Cheung Aek,11.48641675,104.9203548,1650.0
475000.0,288.0,Boeng Tumpun,11.52351971,104.9104955,1649.3055555555557
283000.0,171.6,Nirouth,11.522551,104.96247,1649.1841491841492
89000.0,54.0,Kakab Ti Mouy,11.5445,104.913586,1648.148148148148
279900.0,170.0,Chrouy Changvar,11.58,104.93,1646.470588235294
530000.0,322.0,Chey Chumneah Ti Pir,11.59015,104.909641,1645.962732919255
3950000.0,2400.0,Preaek Aeng,11.5307648,104.9848843,1645.8333333333333
395000.0,240.0,Chrouy Changvar,11.589674,104.925654,1645.8333333333333
395000.0,240.0,Boeng Keng Kang Ti Bei,11.537783,104.920235,1645.8333333333333
488800.0,297.0,Cheung Aek,11.46239905,104.9051011,1645.7912457912455
130000.0,79.0,Dangkao,11.504923,104.891869,1645.5696202531649
295000.0,179.4,Nirouth,11.52713582,104.955836,1644.3701226309922
690000.0,420.0,Preaek Lieb,11.589674,104.925654,1642.857142857143
145000.0,88.4,Veal Sbov,11.51532564,104.9695009,1640.2714932126696
370000.0,226.0,Preaek Kampues,11.4847104,104.8888255,1637.1681415929204
110000.0,67.2,Chak Angrae Kraom,11.49992104,104.9351025,1636.904761904762
315000.0,192.5,Nirouth,11.52,104.95,1636.3636363636365
165000.0,101.0,Chey Chumneah Ti Mouy,11.62538904,104.8822239,1633.6633663366338
980000.0,600.0,Nirouth,11.52928,104.941454,1633.3333333333333
245000.0,150.0,Phnom Penh Thmei,11.575837,104.920096,1633.3333333333333
450000.0,276.0,Preaek Lieb,11.589674,104.925654,1630.4347826086955
300000.0,184.0,Preaek Lieb,11.58942173,104.9255682,1630.4347826086955
300000.0,184.0,Chey Chumneah Ti Mouy,11.59,104.9,1630.4347826086955
1500000.0,920.0,Boeng Tumpun,11.55,104.93,1630.4347826086955
269000.0,165.0,Dangkao,11.48,104.9,1630.3030303030305
700000.0,430.65,Preaek Kampues,11.45879223,104.9098823,1625.4499013119705
1300000.0,800.0,Preaek Aeng,11.522551,104.962474,1625.0
1300000.0,800.0,Chhbar Ampov Ti Muoy,11.52928,104.941454,1625.0
130000.0,80.0,Phsar Chas,11.56944204,104.925933,1625.0
1300000.0,800.0,Nirouth,11.52,104.95,1625.0
150000.0,92.4,Nirouth,11.522551,104.96247,1623.3766233766232
170000.0,105.0,Preaek Aeng,11.522551,104.96247,1619.047619047619
160000.0,99.0,Preaek Lieb,11.658559,104.91317,1616.1616161616162
210000.0,130.0,Dangkao,11.48,104.9,1615.3846153846157
210000.0,130.0,Dangkao,11.48,104.9,1615.3846153846157
130000.0,80.56,Nirouth,11.522551,104.96247,1613.7040714995037
1300000.0,806.0,Preaek Aeng,11.53248166,104.9775868,1612.9032258064517
139900.0,86.8,Stueng Mean Chey,11.53,104.91,1611.7511520737328
203000.0,126.0,Nirouth,11.52,104.95,1611.111111111111
145000.0,90.0,Phnom Penh Thmei,11.59157523,104.8604569,1611.111111111111
285000.0,177.1,Veal Sbov,11.522551,104.96247,1609.260304912479
250000.0,155.55,Nirouth,11.52,104.95,1607.200257152041
270000.0,168.0,Preaek Lieb,11.58067267,104.929485,1607.142857142857
135000.0,84.0,Khmuonh,11.55,104.89,1607.142857142857
425000.0,264.5,Nirouth,11.5257742,104.9564084,1606.805293005671
155000.0,96.6,Tuol Sangke,11.59,104.9,1604.5548654244308
300000.0,187.0,Cheung Aek,11.504923,104.891869,1604.27807486631
172000.0,107.31,Nirouth,11.52,104.95,1602.8329139875127
1100000.0,687.0,Veal Sbov,11.522551,104.96247,1601.1644832605532
130000.0,81.2,Preaek Aeng,11.522551,104.962474,1600.9852216748768
800000.0,500.0,Ruessei Kaev,11.59,104.9,1600.0
3022400.0,1889.0,Ou Baek K'am,11.55942248,104.8709256,1600.0
1920000.0,1200.0,Khmuonh,11.55,104.89,1600.0
280000.0,175.0,Preaek Aeng,11.52,104.95,1600.0
108000.0,67.5,Nirouth,11.52928,104.941454,1600.0
299000.0,187.0,Dangkao,11.48,104.9,1598.9304812834223
115000.0,72.0,Ruessei Kaev,11.59,104.9,1597.2222222222222
114000.0,71.4,Preaek Lieb,11.589674,104.925654,1596.6386554621847
440000.0,276.0,Preaek Lieb,11.589674,104.925654,1594.2028985507247
255000.0,160.0,Khmuonh,11.559712,104.878121,1593.75
2900000.0,1820.0,Cheung Aek,11.504923,104.891869,1593.4065934065934
318000.0,200.0,Chhbar Ampov Ti Muoy,11.522551,104.962474,1590.0
269000.0,169.4,Cheung Aek,11.504923,104.89187,1587.957497048406
635000.0,400.0,Preaek Lieb,11.58,104.93,1587.5
10000000.0,6300.0,Preaek Pra,11.50338427,104.9650477,1587.3015873015872
199999.0,126.0,Phnom Penh Thmei,11.57561,104.92025,1587.2936507936508
165000.0,104.0,Bak Kaeng,11.658559,104.913169,1586.5384615384614
410000.0,258.75,Prey Sa,11.48,104.9,1584.5410628019324
95000.0,60.0,Kouk Roka,11.5445,104.913586,1583.3333333333333
95000.0,60.0,Dangkao,11.50483011,104.8959411,1583.3333333333333
949900.0,600.0,Phnom Penh Thmei,11.57561,104.92025,1583.1666666666667
310000.0,196.35,Veal Sbov,11.522551,104.96247,1578.813343519226
680000.0,432.0,Dangkao,11.48,104.9,1574.074074074074
85000.0,54.0,Kilomaetr Lekh Prammuoy,11.59015,104.909641,1574.074074074074
470000.0,299.0,Preaek Lieb,11.589674,104.925654,1571.9063545150502
220000.0,140.0,Ou Baek K'am,11.54866152,104.8814002,1571.428571428571
220000.0,140.0,Phnom Penh Thmei,11.575837,104.920096,1571.428571428571
165000.0,105.0,Chey Chumneah Ti Mouy,11.59015,104.909641,1571.428571428571
153000.0,97.5,Kakab,11.55,104.93,1569.2307692307693
120000.0,76.5,Nirouth,11.53129812,104.9587948,1568.6274509803925
250888.0,160.0,Preaek Ta Sek,11.65001909,104.8991953,1568.05
105000.0,67.0,Ruessei Kaev,11.59,104.9,1567.1641791044776
288000.0,184.0,Krang Thnong,11.55,104.89,1565.2173913043478
230000.0,147.0,Chey Chumneah Ti Pir,11.61901002,104.912539,1564.625850340136
90000.0,57.6,Kakab,11.537783,104.920235,1562.5
100000.0,64.0,Ruessei Kaev,11.59,104.9,1562.5
99900.0,64.0,Samraong Kraom,11.5445,104.913586,1560.9375
199900.0,128.25,Khmuonh,11.55,104.89,1558.6744639376218
430000.0,276.0,Preaek Lieb,11.658559,104.91317,1557.9710144927535
430000.0,276.0,Preaek Lieb,11.67286898,104.9030828,1557.9710144927535
274000.0,176.0,Preaek Lieb,11.658559,104.91317,1556.8181818181818
193000.0,124.0,Nirouth,11.52928,104.941454,1556.451612903226
119000.0,76.5,Nirouth,11.53213991,104.959997,1555.5555555555557
399900.0,257.255,Dangkao,11.48,104.9,1554.4887368564266
290000.0,187.0,Chey Chumneah Ti Mouy,11.59,104.9,1550.802139037433
310000.0,200.0,Preaek Ta Sek,11.6474068,104.9017229,1550.0
290000.0,187.2,Chhbar Ampov Ti Muoy,11.522551,104.96247,1549.1452991452993
285000.0,184.0,Chak Angrae Leu,11.52101116,104.9249709,1548.9130434782608
285000.0,184.0,Krang Thnong,11.55,104.89,1548.9130434782608
285000.0,184.0,Cheung Aek,11.48,104.9,1548.9130434782608
285000.0,184.0,Dangkao,11.48,104.9,1548.9130434782608
285000.0,184.0,Dangkao,11.48,104.9,1548.9130434782608
130000.0,84.0,Tuol Sangke,11.59,104.9,1547.6190476190477
650000.0,420.0,Preaek Lieb,11.658559,104.913169,1547.6190476190477
170000.0,110.0,Preaek Lieb,11.589674,104.925654,1545.4545454545455
88000.0,57.0,Boeng Tumpun,11.5445,104.913586,1543.859649122807
350000.0,227.0,Preaek Lieb,11.658559,104.913169,1541.8502202643172
259000.0,168.0,Preaek Lieb,11.589674,104.925654,1541.6666666666667
111000.0,72.0,Ruessei Kaev,11.587623,104.89922,1541.6666666666667
370000.0,240.0,Chrouy Changvar,11.658559,104.91317,1541.6666666666667
239500.0,155.4,Preaek Lieb,11.658559,104.913169,1541.1840411840412
129000.0,84.0,Tuol Sangke,11.59015,104.909641,1535.7142857142858
140000.0,91.2,Dangkao,11.48,104.9,1535.0877192982457
165000.0,107.5,Chrouy Changvar,11.58,104.93,1534.8837209302326
380000.0,248.0,Nirouth,11.52928,104.941454,1532.258064516129
170000.0,110.96,Nirouth,11.52,104.95,1532.0836337418891
107000.0,69.87,Tuol Sangke,11.59,104.9,1531.41548590239
225000.0,147.0,Khmuonh,11.55,104.89,1530.6122448979593
130000.0,85.0,Ruessei Kaev,11.61430798,104.9142514,1529.4117647058824
110000.0,72.0,Preaek Pra,11.52,104.95,1527.7777777777778
125000.0,81.9,Preaek Aeng,11.52928,104.941454,1526.2515262515262
183000.0,120.0,Preaek Aeng,11.52,104.95,1525.0
250000.0,164.0,Preaek Kampues,11.500658,104.856173,1524.3902439024391
268000.0,176.0,Phnom Penh Thmei,11.569135,104.9248,1522.7272727272727
280000.0,184.0,Nirouth,11.52852726,104.9548385,1521.7391304347825
140000.0,92.0,Phnom Penh Thmei,11.575837,104.920096,1521.7391304347825
140000.0,92.0,Ruessei Kaev,11.59,104.9,1521.7391304347825
110000.0,72.42,Nirouth,11.52,104.95,1518.9174261253795
170000.0,112.0,Boeng Tumpun,11.55,104.93,1517.857142857143
85000.0,56.0,Kamboul,11.5445,104.913586,1517.857142857143
3000000.0,1978.0,Preaek Thmei,11.52,104.95,1516.6835187057634
118000.0,77.91,Nirouth,11.52928,104.941454,1514.5680913874985
195000.0,128.76,Krang Thnong,11.55,104.89,1514.4454799627215
99900.0,66.0,Dangkao,11.48,104.9,1513.6363636363635
130000.0,86.0,Khmuonh,11.559712,104.878121,1511.6279069767445
210000.0,139.0,Tuol Sangke,11.59,104.9,1510.7913669064749
190000.0,126.0,Preaek Lieb,11.658559,104.913169,1507.936507936508
110000.0,73.0,Chaom Chau Bei,11.55365894,104.8254681,1506.849315068493
220000.0,146.0,Chak Angrae Leu,11.5445,104.913586,1506.849315068493
1316888.0,874.0,Chrouy Changvar,11.658559,104.91317,1506.7368421052631
265000.0,176.0,Cheung Aek,11.504923,104.891869,1505.6818181818182
170000.0,113.0,Tuol Sangke Ti Mouy,11.5445,104.913586,1504.424778761062
105000.0,69.87,Tuol Sangke,11.59,104.9,1502.79089738085
180000.0,120.0,Prey Sa,11.504923,104.89187,1500.0
1431000.0,954.0,Chrouy Changvar,11.58831697,104.9288195,1500.0
2580000.0,1720.0,Ou Baek K'am,11.55,104.89,1500.0
8290500.0,5527.0,Boeng Trabaek,11.54097901,104.9217801,1500.0
240000.0,160.0,Phnom Penh Thmei,11.575837,104.9201,1500.0
5550000.0,3700.0,Stueng Mean Chey,11.530293,104.898903,1500.0
180000.0,120.0,Krang Thnong,11.559712,104.878121,1500.0
4638000.0,3092.0,Stueng Mean Chey Ti Mouy,11.52978024,104.9002043,1500.0
1881000.0,1254.0,Ruessei Kaev,11.59,104.9,1500.0
1285500.0,857.0,Phnom Penh Thmei,11.57561,104.92025,1500.0
120000.0,80.0,Boeng Tumpun,11.55,104.93,1500.0
187500.0,125.0,Chrouy Changvar,11.58,104.93,1500.0
12240000.0,8160.0,Chhbar Ampov Ti Muoy,11.47168139,104.9178604,1500.0
160000.0,107.0,Dangkao,11.48,104.9,1495.3271028037384
148000.0,99.0,Tuol Sangke,11.59,104.9,1494.949494949495
550000.0,368.0,Phnom Penh Thmei,11.57561,104.92025,1494.5652173913045
275000.0,184.0,Prey Sa,11.500658,104.856173,1494.5652173913045
269000.0,180.0,Chrouy Changvar,11.589674,104.925654,1494.4444444444443
112000.0,75.0,Chey Chumneah Ti Mouy,11.587623,104.89922,1493.3333333333333
188000.0,126.0,Veal Sbov,11.52928,104.941454,1492.063492063492
380000.0,255.0,Phsar Kandal Ti Muoy,11.569135,104.9248,1490.1960784313726
120000.0,80.56,Nirouth,11.522551,104.96247,1489.5729890764646
80000.0,53.71,Kilomaetr Lekh Prammuoy,11.61854346,104.9089482,1489.4805436603983
125000.0,84.0,Krang Thnong,11.55,104.89,1488.095238095238
250000.0,168.0,Prey Sa,11.500658,104.856173,1488.095238095238
150000.0,100.8,Chey Chumneah Ti Mouy,11.630107,104.9043,1488.095238095238
250000.0,168.0,Phnom Penh Thmei,11.57519151,104.8770566,1488.095238095238
1250000.0,840.0,Tuol Sangke Ti Mouy,11.55,104.93,1488.095238095238
250000.0,168.0,Chey Chumneah Ti Mouy,11.59,104.9,1488.095238095238
279900.0,188.1,Trapeang Krasang,11.5445,104.913586,1488.0382775119615
238000.0,160.0,Preaek Lieb,11.658559,104.91317,1487.5
1650000.0,1110.0,Phnom Penh Thmei,11.57561,104.92025,1486.4864864864865
95000.0,64.0,Chhbar Ampov Ti Muoy,11.52,104.95,1484.375
2220000.0,1496.0,Veal Sbov,11.52928,104.941454,1483.957219251337
139900.0,94.3,Trapeang Krasang,11.5445,104.913586,1483.5630965005305
330000.0,222.5,Cheung Aek,11.48018036,104.9171194,1483.1460674157304
249000.0,168.0,Chey Chumneah Ti Mouy,11.59015,104.909641,1482.142857142857
280000.0,189.0,Preaek Lieb,11.589674,104.925654,1481.4814814814815
480000.0,324.0,Boeng Kak Ti Muoy,11.5445,104.913586,1481.4814814814815
280000.0,189.0,Preaek Lieb,11.589674,104.925654,1481.4814814814815
280000.0,189.0,Preaek Lieb,11.589674,104.925654,1481.4814814814815
139000.0,94.0,Ou Baek K'am,11.55,104.89,1478.723404255319
510000.0,345.0,Tuol Sangke,11.62405017,104.8879878,1478.2608695652175
118000.0,80.0,Chhbar Ampov Ti Pir,11.52,104.95,1475.0
265000.0,180.0,Preaek Aeng,11.52,104.9496567,1472.2222222222222
3500000.0,2378.0,Preaek Aeng,11.52821073,104.9892659,1471.825063078217
240000.0,163.1,Boeng Tumpun,11.55,104.93,1471.489883507051
850000.0,578.0,Preaek Lieb,11.6319935,104.9207225,1470.5882352941176
88000.0,60.0,Chaom Chau Pir,11.554667,104.82684,1466.6666666666667
155000.0,105.85,Nirouth,11.522551,104.96247,1464.3363249881909
240000.0,164.0,Tuol Sangke Ti Mouy,11.5445,104.913586,1463.4146341463415
950000.0,650.0,Nirouth,11.52928,104.941454,1461.5384615384614
92000.0,63.0,Krang Thnong,11.55,104.89,1460.3174603174602
248000.0,170.0,Chrouy Changvar,11.58,104.93,1458.8235294117646
119000.0,81.6,Tuek Thla,11.55,104.89,1458.3333333333337
350000.0,240.0,Krang Thnong,11.55971605,104.8776122,1458.3333333333333
1100000.0,755.0,Tuek Thla,11.5516133,104.8711028,1456.953642384106
268000.0,184.0,Prey Sa,11.581162,104.92966,1456.5217391304348
268000.0,184.0,Dangkao,11.504923,104.891869,1456.5217391304348
106000.0,72.8,Chey Chumneah Ti Mouy,11.59,104.9,1456.043956043956
108000.0,74.2,Nirouth,11.5350504,104.9576372,1455.5256064690027
120000.0,82.5,Preaek Lieb,11.58,104.93,1454.5454545454545
295000.0,203.0,Preaek Kampues,11.34239112,104.8552529,1453.20197044335
128000.0,88.15,Trapeang Krasang,11.55,104.93,1452.0703346568348
119000.0,82.0,Chak Angrae Kraom,11.50842915,104.9306353,1451.219512195122
870000.0,600.0,Tuol Sangke Ti Pir,11.59015,104.909641,1450.0
268000.0,185.0,Nirouth,11.52,104.95,1448.6486486486488
105000.0,72.5,Kakab Ti Mouy,11.67860744,104.7962579,1448.2758620689656
320000.0,221.0,Tuek Thla,11.578108,104.87022,1447.9638009049777
85000.0,58.8,Chaom Chau Bei,11.514261,104.8517077,1445.578231292517
65000.0,45.0,Ou Ruessei Ti Bei,11.537783,104.920235,1444.4444444444443
130000.0,90.0,Ou Baek K'am,11.55,104.89,1444.4444444444443
265000.0,184.0,Krang Thnong,11.55,104.89,1440.2173913043478
379000.0,263.2,Phnom Penh Thmei,11.57639329,104.86973,1439.969604863222
157000.0,109.2,Kamboul,11.55,104.93,1437.7289377289376
230000.0,160.0,Preaek Lieb,11.658559,104.913169,1437.5
240000.0,167.0,Phnom Penh Thmei,11.5858306,104.8698762,1437.125748502994
128800.0,90.0,Khmuonh,11.55,104.89,1431.111111111111
690000.0,482.26,Chrouy Changvar,11.658559,104.91317,1430.763488574628
148000.0,103.5,Bak Kaeng,11.63703637,104.9188355,1429.951690821256
150000.0,105.0,Stueng Mean Chey Ti Mouy,11.530293,104.898903,1428.571428571429
300000.0,210.0,Preaek Ta Sek,11.63836296,104.917465,1428.571428571429
550000.0,385.0,Boeng Tumpun,11.53029,104.90676,1428.571428571429
300000.0,210.0,Preaek Ta Sek,11.64023044,104.9150576,1428.571428571429
1000000.0,700.0,Tuek L'ak Ti Bei,11.55831428,104.896287,1428.571428571429
120000.0,84.0,Ruessei Kaev,11.59,104.9,1428.571428571429
1000000.0,700.0,Phnom Penh Thmei,11.569135,104.9248,1428.571428571429
570000.0,400.0,Stueng Mean Chey Ti Bei,11.53079348,104.8843826,1425.0
235000.0,165.0,Nirouth,11.52,104.95,1424.2424242424242
125000.0,88.0,Nirouth,11.52928,104.941454,1420.4545454545455
1000000.0,705.0,Boeng Tumpun,11.53862344,104.9097702,1418.4397163120568
117000.0,82.5,Prey Sa,11.48,104.9,1418.1818181818182
170000.0,120.0,Preaek Aeng,11.52928,104.941454,1416.6666666666667
850000.0,600.0,Phnom Penh Thmei,11.569135,104.9248,1416.6666666666667
850000.0,600.0,Phnom Penh Thmei,11.575837,104.9201,1416.6666666666667
850000.0,601.0,Tuek L'ak Ti Pir,11.562248,104.898461,1414.3094841930117
120000.0,85.0,Phsar Chas,11.569135,104.9248,1411.764705882353
189000.0,134.0,Phleung Chheh Roteh,11.5445,104.913586,1410.44776119403
155000.0,110.0,Preaek Lieb,11.589674,104.925654,1409.090909090909
380000.0,270.0,Nirouth,11.52894397,104.9473606,1407.4074074074074
90000.0,64.0,Preaek Pra,11.52,104.95,1406.25
270000.0,192.0,Boeng Tumpun,11.5445,104.913586,1406.25
180000.0,128.0,Phnom Penh Thmei,11.57561,104.92025,1406.25
90000.0,64.0,Prey Sa,11.500658,104.856173,1406.25
90000.0,64.0,Kakab Ti Mouy,11.55557399,104.8581195,1406.25
1100000.0,784.0,Tuek Thla,11.559712,104.878121,1403.061224489796
47000.0,33.5,Voat Phnum,11.575837,104.9201,1402.9850746268658
155000.0,110.5,Dangkao,11.48,104.9,1402.7149321266968
105000.0,74.97,Nirouth,11.52,104.95,1400.5602240896358
105000.0,74.97,Nirouth,11.52,104.95,1400.5602240896358
2018800.0,1442.0,Kouk Khleang,11.55,104.89,1400.0
1633800.0,1167.0,Phnom Penh Thmei,11.59127879,104.8718303,1400.0
140000.0,100.0,Dangkao,11.500658,104.856173,1400.0
112000.0,80.0,Chrouy Changvar,11.58,104.93,1400.0
600000.0,429.0,Dangkao,11.5135093,104.8928945,1398.6013986013986
250000.0,179.0,Preaek Lieb,11.64846182,104.9075598,1396.6480446927374
139500.0,100.0,Snaor,11.579236,104.773168,1395.0
78000.0,56.0,Dangkao,11.500658,104.856173,1392.857142857143
110000.0,79.0,Spean Thma,11.504923,104.891869,1392.4050632911392
146000.0,105.0,Chey Chumneah Ti Mouy,11.59015,104.909641,1390.4761904761904
250000.0,180.0,Stueng Mean Chey,11.530293,104.898903,1388.888888888889
100000.0,72.0,Chey Chumneah Ti Mouy,11.59,104.9,1388.888888888889
300000.0,216.0,Chey Chumneah Ti Pir,11.59015,104.909641,1388.888888888889
175000.0,126.16,Nirouth,11.522551,104.96247,1387.12745719721
224000.0,161.6,Kakab,11.55,104.93,1386.138613861386
255000.0,184.0,Krang Thnong,11.55,104.89,1385.8695652173913
110000.0,79.5,Nirouth,11.522551,104.962474,1383.6477987421383
890000.0,645.0,Preaek Lieb,11.658559,104.91317,1379.84496124031
320000.0,232.0,Nirouth,11.53096192,104.9547444,1379.3103448275865
110000.0,79.8,Bak Kaeng,11.589674,104.925654,1378.4461152882209
248000.0,180.0,Preaek Ta Sek,11.589674,104.925654,1377.7777777777778
799000.0,580.0,Krang Thnong,11.55,104.89,1377.5862068965516
688000.0,500.0,Phnom Penh Thmei,11.57561,104.92025,1376.0
110000.0,80.0,Veal Sbov,11.55,104.96,1375.0
110000.0,80.0,Veal Sbov,11.55,104.96,1375.0
665000.0,484.0,Krang Thnong,11.55,104.89,1373.9669421487604
85000.0,62.0,Boeng Tumpun,11.55,104.93,1370.967741935484
145000.0,106.0,Preaek Lieb,11.589674,104.925654,1367.9245283018868
72500.0,53.0,Chrouy Changvar,11.589674,104.925654,1367.9245283018868
180000.0,132.0,Boeung Tumpun Mouy,11.5445,104.913586,1363.6363636363635
120000.0,88.0,Dangkao,11.48,104.9,1363.6363636363635
120000.0,88.0,Dangkao,11.48,104.9,1363.6363636363635
1000000.0,734.0,Chaom Chau Bei,11.5355826,104.823738,1362.3978201634875
98000.0,72.0,Ruessei Kaev,11.59,104.9,1361.111111111111
680000.0,500.0,Chak Angrae Leu,11.51704494,104.9281116,1360.0
950000.0,700.0,Phnom Penh Thmei,11.575837,104.9201,1357.142857142857
195000.0,144.0,Boeung Tumpun Pir,11.537783,104.920235,1354.1666666666667
260000.0,192.0,Kakab,11.55,104.93,1354.1666666666667
460000.0,340.0,Chey Chumneah Ti Mouy,11.630107,104.904299,1352.9411764705883
249000.0,185.11,Dangkao,11.500658,104.856173,1345.1461293285072
150000.0,111.6,Nirouth,11.522551,104.96247,1344.0860215053765
129000.0,96.0,Krang Thnong,11.55,104.89,1343.75
108000.0,80.56,Nirouth,11.52,104.95,1340.6156901688182
135000.0,100.8,Kamboul,11.55,104.93,1339.2857142857142
225000.0,168.0,Preaek Ta Sek,11.658559,104.91317,1339.2857142857142
225000.0,168.0,Chrouy Changvar,11.658559,104.91317,1339.2857142857142
135000.0,100.8,Boeng Thum,11.55,104.93,1339.2857142857142
490000.0,366.0,Preaek Lieb,11.589674,104.925654,1338.7978142076502
129000.0,96.6,Tuol Sangke,11.59,104.9,1335.4037267080746
125000.0,93.66,Ruessei Kaev,11.59,104.9,1334.614563314115
125000.0,93.66,Tuol Sangke,11.59,104.9,1334.614563314115
280000.0,210.0,Preaek Ta Sek,11.64426797,104.9162592,1333.3333333333333
1200000.0,902.0,Bak Kaeng,11.58,104.93,1330.3769401330378
150000.0,112.8,Krang Pongro,11.48,104.9,1329.787234042553
250000.0,188.0,Krang Thnong,11.55,104.89,1329.787234042553
85000.0,64.0,Preaek Pra,11.52,104.95,1328.125
85000.0,64.0,Tuek Thla,11.55,104.89,1328.125
239000.0,180.0,Bak Kaeng,11.589674,104.925654,1327.7777777777778
75000.0,56.55,Kamboul,11.55,104.93,1326.2599469496022
125000.0,94.5,Dangkao,11.49432453,104.8874064,1322.7513227513227
85000.0,64.37,Preaek Kampues,11.48,104.9,1320.4909119154886
150000.0,114.0,Ruessei Kaev,11.59,104.9,1315.7894736842106
599900.0,456.0,Boeng Tumpun,11.55,104.93,1315.5701754385964
280000.0,213.0,Dangkao,11.500658,104.856173,1314.5539906103286
1300000.0,990.0,Preaek Lieb,11.66027754,104.9096444,1313.1313131313132
1300000.0,990.0,Preaek Lieb,11.66027754,104.9096444,1313.1313131313132
62000.0,47.25,Chaom Chau Bei,11.554667,104.826843,1312.1693121693122
110000.0,84.0,Chrouy Changvar,11.58,104.93,1309.5238095238096
275000.0,210.0,Chrouy Changvar,11.58,104.93,1309.5238095238096
110000.0,84.0,Toul Svay Prey Ti Pir,11.55,104.93,1309.5238095238096
110000.0,84.0,Dangkao,11.48,104.9,1309.5238095238096
109969.0,84.0,Kakab Ti Mouy,11.55138764,104.8621806,1309.154761904762
170000.0,130.0,Boeng Tumpun,11.5350916,104.9107925,1307.6923076923076
115000.0,88.0,Dangkao,11.48,104.9,1306.8181818181818
188000.0,144.0,Preaek Lieb,11.589674,104.925654,1305.5555555555557
3276000.0,2520.0,Cheung Aek,11.4721064,104.9096846,1300.0
1935700.0,1489.0,Khmuonh,11.6111735,104.8700256,1300.0
1726400.0,1328.0,Tuek L'ak Ti Bei,11.57,104.89,1300.0
1452100.0,1117.0,Khmuonh,11.59882155,104.8676857,1300.0
130000.0,100.0,Ruessei Kaev,11.59,104.9,1300.0
712400.0,548.0,Phnom Penh Thmei,11.57561,104.92025,1300.0
130000.0,100.0,Boeng Tumpun,11.55,104.93,1300.0
3276000.0,2520.0,Chak Angrae Leu,11.5183199,104.9242843,1300.0
4680000.0,3600.0,Stueng Mean Chey,11.53,104.91,1300.0
1872000.0,1440.0,Khmuonh,11.55,104.89,1300.0
2366000.0,1820.0,Tuol Sangke Ti Mouy,11.58878405,104.9058848,1300.0
1452100.0,1117.0,Khmuonh,11.60067438,104.8667476,1300.0
125000.0,96.2,Preaek Aeng,11.52,104.95,1299.3762993762994
100000.0,77.0,Dangkao,11.500658,104.856173,1298.7012987012988
140000.0,108.0,Nirouth,11.52,104.95,1296.2962962962963
238000.0,184.0,Preaek Lieb,11.658559,104.91317,1293.4782608695652
128000.0,99.0,Bak Kaeng,11.589674,104.925654,1292.9292929292928
128000.0,99.0,Chrouy Changvar,11.58546927,104.9323499,1292.9292929292928
475000.0,367.5,Stueng Mean Chey,11.53,104.91,1292.5170068027212
125000.0,96.75,Veal Sbov,11.51985945,104.9715691,1291.989664082687
850000.0,659.0,Phnom Penh Thmei,11.5858306,104.8698762,1289.8330804248862
260000.0,201.6,Preaek Lieb,11.63232807,104.9200372,1289.6825396825398
580000.0,450.0,Stueng Mean Chey,11.530254,104.8976,1288.888888888889
85000.0,66.0,Preaek Kampues,11.43864393,104.8905626,1287.878787878788
135000.0,105.0,Kakab,11.55,104.93,1285.7142857142858
270000.0,210.0,Chrouy Changvar,11.589674,104.925654,1285.7142857142858
140000.0,109.2,Phsar Thmei Ti Bei,11.575837,104.9201,1282.051282051282
3500000.0,2731.0,Chhbar Ampov Ti Muoy,11.52,104.95,1281.581838154522
115000.0,89.9,Nirouth,11.522551,104.962474,1279.1991101223582
150000.0,117.5,Prey Sa,11.504923,104.89187,1276.595744680851
351000.0,275.0,Chak Angrae Kraom,11.50804971,104.9348837,1276.3636363636365
135000.0,105.85,Nirouth,11.522551,104.962474,1275.3897024090695
130000.0,102.0,Chey Chumneah Ti Mouy,11.59,104.9,1274.5098039215686
85000.0,67.2,Phnom Penh Thmei,11.575837,104.9201,1264.8809523809523
98000.0,77.5,Kakab Ti Pir,11.537783,104.920235,1264.516129032258
265000.0,210.0,Preaek Lieb,11.658559,104.913169,1261.904761904762
265000.0,210.0,Preaek Ta Sek,11.589674,104.925654,1261.904761904762
3000000.0,2378.0,Preaek Aeng,11.53324178,104.9968572,1261.564339781329
120000.0,95.2,Phsar Thmei Ti Bei,11.575837,104.9201,1260.5042016806722
299900.0,238.5,Kakab,11.55,104.93,1257.4423480083858
700000.0,558.0,Preaek Lieb,11.658559,104.913169,1254.4802867383512
97000.0,77.52,Nirouth,11.52928,104.941454,1251.2899896800827
145000.0,115.9,Phnom Penh Thmei,11.575837,104.9201,1251.078515962036
130000.0,104.0,Kakab Ti Mouy,11.537783,104.920232,1250.0
135000.0,108.0,Kilomaetr Lekh Prammuoy,11.59015,104.909641,1250.0
105000.0,84.0,Stueng Mean Chey,11.53,104.91,1250.0
105000.0,84.0,Stueng Mean Chey,11.53,104.91,1250.0
105000.0,84.0,Ruessei Kaev,11.59,104.9,1250.0
200000.0,160.0,Preaek Lieb,11.64577648,104.9154033,1250.0
99900.0,80.0,Veal Sbov,11.55,104.96,1248.75
199500.0,160.0,Preaek Ta Sek,11.589674,104.925654,1246.875
119900.0,96.2,Preaek Aeng,11.52,104.95,1246.3617463617463
120000.0,96.6,Dangkao,11.50626818,104.8844904,1242.2360248447203
260000.0,210.0,Spean Thma,11.504923,104.891869,1238.095238095238
125000.0,101.0,Chey Chumneah Ti Mouy,11.59015,104.909641,1237.6237623762377
68000.0,55.0,Phsar Thmei Ti Muoy,11.569135,104.9248,1236.3636363636365
139000.0,112.5,Krang Thnong,11.578108,104.87022,1235.5555555555557
83000.0,67.2,Nirouth,11.52154163,104.9516576,1235.1190476190477
300000.0,243.0,Preaek Ta Sek,11.658559,104.913169,1234.567901234568
158000.0,128.0,Preaek Ta Sek,11.64948072,104.9028769,1234.375
158000.0,128.0,Boeng Thum,11.55,104.93,1234.375
107000.0,86.7,Krang Thnong,11.559712,104.878121,1234.1407151095732
160000.0,130.0,Mittapheap,11.56637877,104.9054681,1230.7692307692307
93000.0,75.6,Preaek Aeng,11.53094687,104.9896739,1230.1587301587304
118000.0,96.0,Kakab Ti Mouy,11.55474275,104.8415212,1229.1666666666667
116000.0,94.5,Stueng Mean Chey,11.53,104.91,1227.5132275132275
125000.0,102.06,Chey Chumneah Ti Mouy,11.59,104.9,1224.7697432882617
110000.0,90.0,Krang Thnong,11.559712,104.878121,1222.2222222222222
105000.0,86.0,Ruessei Kaev,11.59,104.9,1220.9302325581396
280000.0,230.0,Phsar Chas,11.57561,104.92025,1217.391304347826
90000.0,73.95,Preaek Phnov,11.587771,104.8125,1217.0385395537526
115000.0,94.5,Preaek Aeng,11.52928,104.941454,1216.931216931217
115000.0,94.5,Chhbar Ampov Ti Pir,11.53785931,104.9411106,1216.931216931217
229888.0,189.0,Chrouy Changvar,11.658559,104.91317,1216.3386243386244
120000.0,98.77,Dangkao,11.48,104.9,1214.9438088488407
255000.0,210.0,Preaek Lieb,11.658559,104.913169,1214.2857142857142
185000.0,152.76,Chaom Chau Mouy,11.531227,104.844833,1211.050013092433
580000.0,480.0,Preaek Pra,11.52,104.95,1208.3333333333333
58000.0,48.0,Chaom Chau Bei,11.54492119,104.8303334,1208.3333333333333
720000.0,600.0,Phnom Penh Thmei,11.569135,104.9248,1200.0
1200000.0,1000.0,Stueng Mean Chey,11.53,104.91,1200.0
1200000.0,1000.0,Phnom Penh Thmei,11.57561,104.92025,1200.0
768000.0,640.0,Phnom Penh Thmei,11.57246529,104.8768324,1200.0
26601600.0,22168.0,Khmuonh,11.60078634,104.8784612,1200.0
120000.0,100.0,Kakab Ti Mouy,11.537783,104.920235,1200.0
2037600.0,1698.0,Ou Baek K'am,11.53874304,104.8719992,1200.0
764400.0,637.0,Tuol Sangke,11.60569717,104.9079132,1200.0
3168000.0,2640.0,Stueng Mean Chey,11.52480699,104.8976445,1200.0
86000.0,71.75,Ruessei Kaev,11.59,104.9,1198.6062717770037
79000.0,66.0,Ruessei Kaev,11.59,104.9,1196.969696969697
299000.0,250.0,Phsar Kandal Ti Muoy,11.569135,104.9248,1196.0
100000.0,84.0,Phsar Chas,11.57178252,104.9247945,1190.4761904761904
100000.0,84.0,Phsar Chas,11.57178252,104.9247945,1190.4761904761904
250000.0,210.0,Chrouy Changvar,11.658559,104.91317,1190.4761904761904
100000.0,84.0,Chrouy Changvar,11.59027898,104.960598,1190.4761904761904
150000.0,126.0,Dangkao,11.48,104.9,1190.4761904761904
170000.0,143.0,Preaek Lieb,11.589674,104.925654,1188.811188811189
120000.0,101.25,Preaek Aeng,11.53248808,104.9847307,1185.1851851851852
97000.0,82.0,Ruessei Kaev,11.59,104.9,1182.9268292682927
85000.0,72.0,Dangkao,11.48,104.9,1180.5555555555557
250000.0,212.0,Preaek Aeng,11.53062654,104.9875363,1179.245283018868
120000.0,102.0,Kakab Ti Mouy,11.5445,104.913586,1176.470588235294
890000.0,759.0,Phnom Penh Thmei,11.57561,104.92025,1172.5955204216075
75000.0,64.0,Kantaok,11.5445,104.913586,1171.875
75000.0,64.0,Kamboul,11.55,104.93,1171.875
350000.0,299.0,Chak Angrae Kraom,11.530254,104.897598,1170.5685618729096
360000.0,308.0,Boeng Tumpun,11.53357376,104.9100934,1168.8311688311687
70000.0,60.0,Chhbar Ampov Ti Pir,11.522551,104.96247,1166.6666666666667
125000.0,107.5,Prey Sa,11.500658,104.856173,1162.7906976744189
200000.0,172.2,Boeng Keng Kang Ti Bei,11.5445,104.913586,1161.4401858304298
72000.0,62.0,Kamboul,11.5445,104.913586,1161.2903225806451
195000.0,168.0,Prey Sa,11.48,104.9,1160.7142857142858
130000.0,112.0,Phsar Chas,11.57249807,104.9263095,1160.7142857142858
77000.0,66.36,Kakab,11.55,104.93,1160.337552742616
570000.0,492.0,Stueng Mean Chey Ti Bei,11.53409158,104.8918735,1158.5365853658536
95000.0,82.0,Chey Chumneah Ti Pir,11.59015,104.909641,1158.5365853658536
102000.0,88.2,Nirouth,11.52541103,104.9519964,1156.4625850340135
185000.0,160.0,Preaek Lieb,11.658559,104.91317,1156.25
64500.0,56.0,Preaek Kampues,11.500658,104.856173,1151.7857142857142
99000.0,86.1,Preaek Aeng,11.52928,104.941454,1149.8257839721257
95000.0,82.8,Krang Pongro,11.48,104.9,1147.342995169082
110000.0,96.0,Preaek Lieb,11.658559,104.913169,1145.8333333333333
110000.0,96.0,Svay Pak,11.59015,104.909641,1145.8333333333333
125000.0,109.2,Boeng Tumpun,11.55,104.93,1144.688644688645
495000.0,432.5,Boeng Keng Kang Ti Bei,11.5445,104.913586,1144.5086705202311
89000.0,78.0,Stueng Mean Chey,11.53,104.91,1141.025641025641
90000.0,79.0,Pong Tuek,11.500658,104.856173,1139.240506329114
98000.0,86.1,Preaek Aeng,11.52642005,104.9945743,1138.2113821138212
100000.0,88.0,Dangkao,11.48,104.9,1136.3636363636365
102000.0,90.0,Preaek Aeng,11.522551,104.962474,1133.3333333333333
95000.0,84.0,Dangkao,11.48,104.9,1130.952380952381
105000.0,93.0,Chaom Chau Mouy,11.52262418,104.8204716,1129.032258064516
79000.0,70.0,Ruessei Kaev,11.630107,104.9043,1128.571428571429
1100000.0,975.0,Chey Chumneah Ti Mouy,11.630107,104.904299,1128.2051282051282
220000.0,195.0,Phnom Penh Thmei,11.575837,104.9201,1128.2051282051282
90000.0,80.0,Dangkao,11.48,104.9,1125.0
135000.0,120.0,Chaom Chau Mouy,11.554667,104.826843,1125.0
90000.0,80.0,Veal Sbov,11.55,104.96,1125.0
720000.0,640.0,Kouk Khleang,11.578108,104.87022,1125.0
90000.0,80.0,Dangkao,11.48,104.9,1125.0
95000.0,84.5,Phsar Thmei Ti Muoy,11.575837,104.9201,1124.2603550295858
85000.0,75.85,Dangkao,11.48,104.9,1120.6328279499012
85000.0,75.85,Dangkao,11.48,104.9,1120.6328279499012
188000.0,168.0,Stueng Mean Chey,11.53,104.91,1119.047619047619
150000.0,135.0,Tuek Thla,11.55,104.89,1111.111111111111
81000.0,73.0,Prey Sa,11.46556071,104.857174,1109.5890410958905
155000.0,140.0,Kouk Khleang,11.55,104.89,1107.142857142857
99540.0,90.0,Krang Thnong,11.559712,104.878121,1106.0
180000.0,163.0,Boeng Tumpun,11.53113113,104.9046399,1104.2944785276077
255000.0,231.0,Stueng Mean Chey,11.530293,104.898903,1103.8961038961038
165000.0,150.0,Khmuonh,11.62270986,104.8549628,1100.0
610500.0,555.0,Stueng Mean Chey,11.53033639,104.909485,1100.0
720500.0,655.0,Stueng Mean Chey Ti Mouy,11.530293,104.898903,1100.0
160000.0,145.6,Phnom Penh Thmei,11.575837,104.920096,1098.901098901099
67000.0,61.0,Dangkao,11.500658,104.856173,1098.360655737705
89900.0,82.0,Krang Thnong,11.55,104.89,1096.341463414634
149500.0,136.817,Ruessei Kaev,11.59,104.9,1092.7004685090303
85000.0,77.89999999999999,Prey Sa,11.504923,104.891869,1091.1424903722725
85000.0,78.0,Trapeang Krasang,11.55,104.93,1089.7435897435898
599000.0,550.0,Phnom Penh Thmei,11.58625398,104.8696991,1089.090909090909
125000.0,115.0,Tuek Thla,11.55,104.89,1086.9565217391305
880000.0,810.0,Preaek Thmei,11.52,104.95,1086.41975308642
109900.0,101.2,Boeng Tumpun,11.55,104.93,1085.9683794466405
205000.0,189.0,Preaek Lieb,11.589674,104.925654,1084.6560846560849
129000.0,119.4,Bak Kaeng,11.70103834,104.9222609,1080.4020100502512
69000.0,64.0,Stueng Mean Chey Ti Mouy,11.530254,104.8976,1078.125
83000.0,77.0,Veal Sbov,11.55,104.96,1077.922077922078
99000.0,92.0,Dangkao,11.48,104.9,1076.0869565217392
86000.0,80.0,Veal Sbov,11.55,104.96,1075.0
147000.0,136.817,Ruessei Kaev,11.59,104.9,1074.427885423595
93000.0,86.92,Prey Sa,11.500658,104.856173,1069.9493787390704
57000.0,53.3,Boeng Tumpun,11.52125248,104.917529,1069.4183864915574
155000.0,145.0,Boeng Tumpun,11.55,104.93,1068.9655172413793
83000.0,78.0,Dangkao,11.48,104.9,1064.1025641025642
85000.0,80.0,Stueng Mean Chey Ti Pir,11.53,104.91,1062.5
85000.0,80.0,Stueng Mean Chey,11.530293,104.898903,1062.5
85000.0,80.0,Veal Sbov,11.55,104.96,1062.5
85000.0,80.0,Veal Sbov,11.55,104.96,1062.5
85000.0,80.0,Stueng Mean Chey,11.53,104.91,1062.5
700000.0,660.0,Preaek Lieb,11.61599978,104.9281971,1060.6060606060605
700000.0,662.0,Krang Thnong,11.60349995,104.8167439,1057.4018126888218
129000.0,122.55,Preaek Pra,11.52928,104.941454,1052.6315789473686
63000.0,60.0,Tuol Sangke Ti Pir,11.62672809,104.8991604,1050.0
1260000.0,1200.0,Chrouy Changvar,11.66477813,104.9272178,1050.0
210000.0,200.0,Chaom Chau Bei,11.54351586,104.8282883,1050.0
84000.0,80.0,Veal Sbov,11.55,104.96,1050.0
209900.0,200.0,Kouk Khleang,11.55,104.89,1049.5
77000.0,73.5,Stueng Mean Chey,11.53,104.91,1047.6190476190477
120000.0,114.75,Krang Pongro,11.48,104.9,1045.751633986928
92000.0,88.0,Dangkao,11.48,104.9,1045.4545454545455
250000.0,240.0,Nirouth,11.52372889,104.9514747,1041.6666666666667
450000.0,433.0,Phnom Penh Thmei,11.57403623,104.8739975,1039.2609699769052
450000.0,433.0,Kouk Khleang,11.58818588,104.8589039,1039.2609699769052
83000.0,80.0,Veal Sbov,11.55,104.96,1037.5
107000.0,104.0,Trapeang Krasang,11.55,104.93,1028.8461538461538
89900.0,87.5,Kamboul,11.55,104.93,1027.428571428571
135000.0,132.0,Samraong Kraom,11.55,104.93,1022.7272727272727
50000.0,49.0,Kouk Roka,11.5445,104.913586,1020.408163265306
99900.0,98.7,Chrouy Changvar,11.58,104.93,1012.1580547112462
85000.0,84.0,Dangkao,11.500658,104.856173,1011.904761904762
105000.0,104.0,Kamboul,11.5281144,104.7703178,1009.6153846153846
450000.0,449.0,Phnom Penh Thmei,11.56656437,104.9368602,1002.2271714922048
78690.0,78.69,Dangkao,11.44195212,104.8926769,1000.0
420000.0,420.0,Chak Angrae Leu,11.5445,104.913586,1000.0
107100.0,107.1,Phnom Penh Thmei,11.575837,104.9201,1000.0
3000000.0,3000.0,Krang Thnong,11.55,104.89,1000.0
84000.0,84.0,Boeng Tumpun,11.55,104.93,1000.0
500000.0,500.0,Nirouth,11.52,104.95,1000.0
500000.0,500.0,Boeng Tumpun,11.53509266,104.9101098,1000.0
90000.0,90.0,Dangkao,11.500658,104.856173,1000.0
95000.0,95.12,Kilomaetr Lekh Prammuoy,11.59015,104.909641,998.7384356602188
220000.0,220.35,Veal Sbov,11.522551,104.962474,998.4116178806444
230000.0,231.0,Dangkao,11.48,104.9,995.6709956709956
250000.0,252.0,Krang Pongro,11.504923,104.891869,992.063492063492
87000.0,88.0,Stueng Mean Chey,11.53,104.91,988.6363636363636
80000.0,81.0,Boeng Proluet,11.5445,104.913586,987.6543209876544
79000.0,80.0,Kakab,11.55,104.93,987.5
85000.0,86.1,Preaek Phnov,11.624955,104.81784,987.2241579558654
85000.0,86.1,Kouk Roka,11.55,104.93,987.2241579558654
90000.0,91.43,Krang Thnong,11.55,104.89,984.3596193809472
2214800.0,2260.0,Phnom Penh Thmei,11.57561,104.92025,980.0
235000.0,240.0,Dangkao,11.504923,104.89187,979.1666666666666
1200000.0,1226.0,Preaek Lieb,11.589674,104.925654,978.7928221859706
88000.0,90.0,Dangkao,11.504923,104.89187,977.7777777777778
125000.0,128.0,Preaek Lieb,11.63316885,104.9196939,976.5625
89900.0,92.25,Khmuonh,11.55,104.89,974.5257452574526
100000.0,103.0,Kouk Khleang,11.559712,104.878121,970.8737864077668
978000.0,1008.0,Chrouy Changvar,11.589674,104.925654,970.2380952380952
320000.0,330.0,Stueng Mean Chey,11.530293,104.898903,969.6969696969696
180000.0,186.0,Spean Thma,11.500658,104.856173,967.741935483871
580000.0,600.0,Kilomaetr Lekh Prammuoy,11.59,104.9,966.6666666666666
160000.0,165.55,Dangkao,11.48,104.9,966.4753850800362
930000.0,964.0,Phnom Penh Thmei,11.58523801,104.8690503,964.7302904564316
85000.0,88.2,Nirouth,11.52928,104.941454,963.718820861678
130000.0,135.0,Dangkao,11.48,104.9,962.9629629629628
222000.0,231.0,Chak Angrae Leu,11.51958143,104.9242843,961.038961038961
880000.0,916.0,Tuol Sangke,11.59015,104.909641,960.698689956332
893000.0,930.0,Phnom Penh Thmei,11.56531244,104.9372858,960.2150537634408
89000.0,93.0,Cheung Aek,11.500658,104.856173,956.989247311828
420000.0,440.0,Phnom Penh Thmei,11.57561,104.92025,954.5454545454544
82000.0,86.0,Dangkao,11.48,104.9,953.4883720930231
132000.0,138.5,Veal Sbov,11.522551,104.96247,953.0685920577616
220000.0,231.0,Spean Thma,11.504923,104.89187,952.3809523809524
89990.0,94.5,Kamboul,11.53424854,104.7783026,952.2751322751324
873050.0,919.0,Phnom Penh Thmei,11.51817921,104.8863751,950.0
179000.0,189.0,Bak Kaeng,11.6501596,104.913169,947.0899470899471
307200.0,325.0,Svay Pak,11.63837739,104.8782266,945.2307692307692
79800.0,84.8,Bak Kaeng,11.658559,104.913169,941.0377358490566
170000.0,180.81,Nirouth,11.52,104.95,940.2134837674909
550000.0,585.0,Phnom Penh Thmei,11.58651296,104.8718315,940.1709401709402
75000.0,80.0,Chhbar Ampov Ti Pir,11.522551,104.96247,937.5
135000.0,144.0,Preaek Ta Sek,11.658559,104.91317,937.5
80500.0,86.0,Dangkao,11.48,104.9,936.046511627907
450000.0,481.0,Phnom Penh Thmei,11.5969799,104.8708625,935.5509355509356
86000.0,92.4,Stueng Mean Chey,11.53,104.91,930.7359307359308
450000.0,485.0,Dangkao,11.500658,104.856173,927.8350515463916
110888.0,119.6,Nirouth,11.522551,104.96247,927.1571906354516
220000.0,240.0,Chaom Chau Mouy,11.531227,104.844833,916.6666666666666
115000.0,126.0,Kamboul,11.55,104.93,912.6984126984128
88000.0,96.6,Phnom Penh Thmei,11.57561,104.92025,910.9730848861284
210000.0,231.0,Spean Thma,11.504923,104.891869,909.0909090909092
119900.0,132.0,Kamboul,11.55,104.93,908.3333333333334
119900.0,132.0,Trapeang Krasang,11.55,104.93,908.3333333333334
85000.0,93.6,Chak Angrae Leu,11.537783,104.920235,908.1196581196582
89500.0,98.7,Dangkao,11.504923,104.89187,906.7882472137792
880000.0,972.0,Tuol Sangke Ti Mouy,11.59281801,104.9118533,905.3497942386832
115000.0,127.1,Dangkao,11.500658,104.856173,904.799370574351
190000.0,210.0,Phnom Penh Thmei,11.569135,104.9248,904.7619047619048
75000.0,83.0,Chrouy Changvar,11.58,104.93,903.6144578313254
400000.0,443.0,Boeng Tumpun,11.5339114,104.9128535,902.9345372460496
65000.0,72.0,Phleung Chheh Roteh,11.5445,104.913586,902.7777777777778
180000.0,199.5,Bak Kaeng,11.589674,104.925654,902.2556390977444
75000.0,83.2,Chaom Chau,11.51844154,104.8541507,901.4423076923076
175000.0,195.0,Krang Thnong,11.57113078,104.8472785,897.4358974358975
400000.0,448.0,Preaek Pra,11.52928,104.941454,892.8571428571429
50000.0,56.0,Phleung Chheh Roteh,11.52254287,104.8203644,892.8571428571429
49980.0,56.0,Preaek Kampues,11.43943951,104.8925281,892.5
778750.0,875.0,Preaek Aeng,11.522551,104.962474,890.0
4864740.0,5466.0,Kbal Kaoh,11.522551,104.962474,890.0
1326990.0,1491.0,Phnom Penh Thmei,11.59369058,104.9288942,890.0
59000.0,66.36,Krang Thnong,11.55,104.89,889.089813140446
280000.0,315.0,Boeung Tumpun Pir,11.52612525,104.9082148,888.8888888888889
220000.0,248.0,Kouk Khleang,11.55,104.89,887.0967741935484
900000.0,1016.0,Preaek Thmei,11.52928,104.941454,885.8267716535433
95000.0,107.25,Krang Thnong,11.55,104.89,885.7808857808858
2300000.0,2597.54,Svay Pak,11.59015,104.909641,885.453159527861
85000.0,96.0,Phsar Kandal Ti Pir,11.57561,104.92025,885.4166666666666
510000.0,576.0,Phnom Penh Thmei,11.57561,104.920765,885.4166666666666
76999.0,87.0,Kamboul,11.52936297,104.8022248,885.0459770114943
230000.0,260.0,Prey Veaeng,11.46942748,104.8422136,884.6153846153846
190000.0,215.0,Preaek Phnov,11.593877,104.8143,883.7209302325581
75000.0,85.0,Krang Thnong,11.578108,104.87022,882.3529411764706
75000.0,85.0,Kakab,11.55,104.93,882.3529411764706
1182720.0,1344.0,Phnom Penh Thmei,11.58732637,104.8580073,880.0
65000.0,74.0,Nirouth,11.522551,104.96247,878.3783783783783
55980.0,64.0,Samraong Kraom,11.5445,104.913586,874.6875
61000.0,70.0,Preaek Pra,11.52,104.95,871.4285714285714
1169280.0,1344.0,Kouk Khleang,11.55,104.89,870.0
87000.0,100.0,Kouk Roka,11.59499631,104.8207579,870.0
87000.0,100.0,Stueng Mean Chey Ti Pir,11.53,104.91,870.0
65000.0,75.0,Tuek Thla,11.55,104.89,866.6666666666666
95000.0,110.0,Kamboul,11.537783,104.920235,863.6363636363636
50000.0,58.0,Kakab Ti Mouy,11.5445,104.913586,862.0689655172414
58000.0,67.65,Kouk Roka,11.55,104.93,857.3540280857353
73800.0,86.1,Dangkao,11.48,104.9,857.1428571428572
1200000.0,1400.0,Preaek Aeng,11.52,104.95,857.1428571428571
60000.0,70.0,Preaek Aeng,11.52526763,104.9811755,857.1428571428571
240000.0,280.0,Ou Baek K'am,11.55,104.89,857.1428571428571
78500.0,91.8,Boeng Kak Ti Pir,11.562248,104.898461,855.1198257080611
75000.0,88.0,Chrouy Changvar,11.589674,104.925654,852.2727272727273
170000.0,199.5,Bak Kaeng,11.589674,104.925654,852.1303258145364
2748900.0,3234.0,Phnom Penh Thmei,11.569135,104.9248,850.0
1020000.0,1200.0,Kouk Khleang,11.57253922,104.8595306,850.0
430000.0,506.0,Stueng Mean Chey,11.530293,104.898903,849.802371541502
614000.0,723.0,Chaom Chau Mouy,11.53203648,104.848029,849.2392807745505
62800.0,74.0,Chaom Chau Pir,11.51534617,104.8406979,848.6486486486486
950000.0,1120.0,Preaek Pra,11.52,104.95,848.2142857142857
195000.0,230.0,Bak Kaeng,11.70562954,104.928124,847.8260869565217
220000.0,260.0,Kakab Ti Pir,11.537783,104.920235,846.1538461538462
85000.0,100.52,Dangkao,11.48,104.9,845.6028651014724
126000.0,149.52,Dangkao,11.48,104.9,842.6966292134831
150000.0,179.0,Tuek Thla,11.55,104.89,837.9888268156425
160000.0,191.0,Kakab,11.55,104.93,837.696335078534
56000.0,67.2,Ponhea Pon,11.590554,104.813385,833.3333333333333
130000.0,157.0,Nirouth,11.52,104.95,828.0254777070064
300000.0,363.0,Cheung Aek,11.500658,104.856173,826.4462809917355
330000.0,400.0,Kouk Khleang,11.55,104.89,825.0
160000.0,194.0,Kamboul,11.55,104.93,824.7422680412371
71000.0,86.1,Dangkao,11.48,104.9,824.6225319396052
69000.0,84.05,Tuek Thla,11.578108,104.87022,820.9399167162403
650000.0,795.0,Boeng Tumpun,11.52447953,104.9023782,817.6100628930818
700000.0,861.0,Phnom Penh Thmei,11.54815622,104.9090593,813.0081300813008
78000.0,96.0,Ou Ruessei Ti Pir,11.5634103,104.9144294,812.5
73000.0,90.0,Dangkao,11.48,104.9,811.1111111111111
58000.0,71.75,Kouk Roka,11.55,104.93,808.3623693379791
230000.0,285.0,Boeng Tumpun,11.53448996,104.9135461,807.0175438596491
150000.0,187.0,Kouk Khleang,11.55,104.89,802.1390374331551
89999.0,112.2,Dangkao,11.500658,104.856173,802.1301247771836
960000.0,1200.0,Phnom Penh Thmei,11.569135,104.9248,800.0
72000.0,90.0,Chaom Chau Pir,11.554667,104.826843,800.0
4000000.0,5000.0,Preaek Aeng,11.52,104.95,800.0
40000000.0,50000.0,Kouk Khleang,11.57867513,104.8526513,800.0
2960000.0,3700.0,Veal Sbov,11.55,104.96,800.0
65741.72,82.28,Kouk Khleang,11.57864739,104.8528578,799.0
50000.0,62.78,Veal Vong,11.56050722,104.9154228,796.4319847085059
399000.0,504.0,Khmuonh,11.62435028,104.8568627,791.6666666666666
73000.0,92.4,Kantaok,11.5445,104.913586,790.04329004329
2554860.0,3234.0,Phnom Penh Thmei,11.58480524,104.8776501,790.0
58000.0,73.8,Chaom Chau Mouy,11.54912038,104.8211787,785.9078590785908
470000.0,600.0,Chey Chumneah Ti Mouy,11.59015,104.909641,783.3333333333334
168000.0,216.0,Khmuonh,11.578108,104.87022,777.7777777777778
69800.0,90.2,Kouk Roka,11.55,104.93,773.8359201773835
39000.0,50.4,Pong Tuek,11.500658,104.856173,773.8095238095239
110000.0,143.04,Preaek Pra,11.52,104.95,769.0156599552573
630000.0,822.0,Preaek Pra,11.52,104.95,766.4233576642335
82000.0,107.0,Ponhea Pon,11.593877,104.8143,766.3551401869158
72000.0,94.5,Krang Thnong,11.55,104.89,761.9047619047619
50000.0,66.0,Boeng Tumpun,11.53172969,104.9113111,757.5757575757576
65000.0,86.1,Kakab Ti Mouy,11.537783,104.920235,754.9361207897794
441750.0,589.0,Kouk Khleang,11.58559106,104.8518678,750.0
66000.0,88.0,Prey Sa,11.500658,104.856173,750.0
600000.0,800.0,Samraong Kraom,11.55,104.93,750.0
225000.0,300.0,Bak Kaeng,11.93920631,104.9371115,750.0
717000.0,956.0,Kakab,11.56103779,104.8073177,750.0
441000.0,589.0,Kouk Khleang,11.58556797,104.8518822,748.7266553480475
1050168.0,1406.0,Dangkao,11.51430396,104.8897497,746.918918918919
100000.0,134.0,Boeng Keng Kang Ti Bei,11.54963438,104.9141479,746.2686567164179
52800.0,72.0,Chaom Chau Mouy,11.51763484,104.8371163,733.3333333333334
169900.0,232.0,Phnom Penh Thmei,11.57327712,104.8632568,732.3275862068965
169900.0,232.0,Phnom Penh Thmei,11.57333754,104.8630506,732.3275862068965
329000.0,450.0,Sak Sampov,11.500658,104.856173,731.1111111111111
580000.0,800.0,Kilomaetr Lekh Prammuoy,11.60914343,104.9188778,725.0
160000.0,222.0,Spean Thma,11.504923,104.891869,720.7207207207207
1224000.0,1700.0,Kouk Khleang,11.55,104.89,720.0
167000.0,232.0,Phnom Penh Thmei,11.57257146,104.8629982,719.8275862068965
210000.0,294.0,Krang Thnong,11.55,104.89,714.2857142857143
2296140.0,3234.0,Phnom Penh Thmei,11.569135,104.9248,710.0
2296000.0,3234.0,Phnom Penh Thmei,11.569135,104.9248,709.9567099567099
42500.0,60.0,Chaom Chau Mouy,11.554667,104.82684,708.3333333333334
113000.0,160.0,Samraong Kraom,11.55,104.93,706.25
105000.0,149.6,Dangkao,11.48,104.9,701.8716577540107
1700000.0,2426.0,Chak Angrae Leu,11.50562681,104.9260197,700.7419620774938
1123500.0,1605.0,Krang Thnong,11.58376749,104.833585,700.0
350000.0,500.0,Veal Sbov,11.55,104.96,700.0
58800000.0,84000.0,Kantaok,11.537783,104.920232,700.0
63000.0,90.0,Kamboul,11.5445,104.913586,700.0
2537500.0,3625.0,Khmuonh,11.559712,104.878121,700.0
977900.0,1397.0,Chaom Chau,11.53557057,104.8547088,700.0
69900.0,100.0,Cheung Aek,11.49684802,104.8862047,699.0
2930000.0,4193.0,Chaom Chau Bei,11.53240821,104.8249518,698.7836870975435
2000000.0,2882.0,Veal Sbov,11.55,104.96,693.9625260235947
950000.0,1370.0,Khmuonh,11.578108,104.87022,693.4306569343066
450000.0,649.0,Khmuonh,11.61013743,104.8563875,693.3744221879815
927360.0,1344.0,Phnom Penh Thmei,11.60117933,104.8656901,690.0
199000.0,290.0,Bak Kaeng,11.70868811,104.9247913,686.2068965517242
2945000.0,4331.0,Krang Thnong,11.55,104.89,679.9815285153544
67000.0,99.2,Bak Kaeng,11.589674,104.925654,675.4032258064516
135000.0,200.0,Chrouy Changvar,11.658559,104.91317,675.0
135000.0,200.0,Bak Kaeng,11.65149707,104.9140284,675.0
133700.0,200.0,Bak Kaeng,11.72057403,104.9147839,668.5
48000.0,72.0,Stueng Mean Chey,11.530254,104.8976,666.6666666666666
43000.0,65.0,Chakto Mukh,11.56518757,104.9326187,661.5384615384615
43000.0,65.0,Chakto Mukh,11.56602845,104.9330478,661.5384615384615
185000.0,280.0,Svay Pak,11.59,104.9,660.7142857142857
125510.0,190.0,Spean Thma,11.500658,104.856173,660.578947368421
55000.0,84.0,Bak Kaeng,11.58,104.93,654.7619047619048
2629250.0,4045.0,Phnom Penh Thmei,11.57561,104.92025,650.0
2665000.0,4100.0,Bak Kaeng,11.589674,104.925654,650.0
35000.0,54.6,Ou Ruessei Ti Muoy,11.5445,104.913586,641.025641025641
320000.0,500.0,Krang Thnong,11.55,104.89,640.0
235000.0,368.0,Prey Sa,11.504923,104.891869,638.5869565217391
650000.0,1020.0,Khmuonh,11.559712,104.878121,637.2549019607843
95000.0,150.0,Phnom Penh Thmei,11.5858306,104.8698762,633.3333333333334
1959300.0,3110.0,Preaek Ta Sek,11.6366777,104.9055595,630.0
2000000.0,3189.0,Nirouth,11.52928,104.941454,627.1558482282848
50000.0,80.0,Kamboul,11.54289069,104.8319282,625.0
4230000.0,6792.0,Stueng Mean Chey,11.530254,104.8976,622.791519434629
370000.0,599.0,Phnom Penh Thmei,11.569135,104.9248,617.6961602671118
220000.0,357.24,Nirouth,11.52928,104.941454,615.8324935617512
1200000.0,2000.0,Dangkao,11.48,104.9,600.0
480000.0,800.0,Krang Thnong,11.55,104.89,600.0
1440000.0,2400.0,Veal Sbov,11.52612689,104.9660455,600.0
1516800.0,2528.0,Dangkao,11.504923,104.89187,600.0
1675200.0,2792.0,Dangkao,11.504923,104.89187,600.0
720000.0,1200.0,Veal Sbov,11.52813313,104.9675179,600.0
720000.0,1200.0,Veal Sbov,11.52977047,104.9659035,600.0
299900.0,500.0,Kakab,11.55,104.93,599.8
350000.0,585.0,Phnom Penh Thmei,11.582047,104.8804442,598.2905982905983
2832000.0,4800.0,Phnom Penh Thmei,11.575837,104.920096,590.0
65000.0,111.0,Phsar Thmei Ti Pir,11.57617834,104.9182043,585.5855855855856
700000.0,1197.0,Cheung Aek,11.500658,104.856173,584.7953216374269
350000.0,600.0,Krang Thnong,11.55,104.89,583.3333333333334
98000.0,168.0,Phsar Thmei Ti Bei,11.569135,104.9248,583.3333333333334
2320000.0,4000.0,Chaom Chau Pir,11.73272631,105.0640192,580.0
135000.0,233.2,Preaek Aeng,11.52,104.95,578.9022298456262
85000.0,148.0,Ruessei Kaev,11.630107,104.9043,574.3243243243244
55000.0,96.0,Phsar Thmei Ti Bei,11.575837,104.9201,572.9166666666666
160000.0,280.0,Krang Thnong,11.559712,104.878121,571.4285714285714
99900.0,175.0,Phleung Chheh Roteh,11.5445,104.913586,570.8571428571429
70000.0,124.0,Kakab,11.56707082,104.8337115,564.516129032258
450000.0,800.0,Veal Sbov,11.522551,104.962474,562.5
45000.0,80.0,Boeng Keng Kang Ti Muoy,11.537783,104.920235,562.5
1120000.0,2004.0,Tuek Thla,11.559712,104.878121,558.8822355289421
55000.0,99.0,Phsar Kandal Ti Pir,11.569135,104.9248,555.5555555555555
710000.0,1290.0,Preaek Aeng,11.51401233,104.9920738,550.3875968992248
22550000.0,41000.0,Kantaok,11.43012221,104.870161,550.0
3410000.0,6200.0,Chrouy Changvar,11.59345306,104.9543759,550.0
22550000.0,41000.0,Kantaok,11.44254322,104.8982163,550.0
1628000.0,2960.0,Chhbar Ampov Ti Pir,11.52979316,104.943792,550.0
700000.0,1290.0,Nirouth,11.5249332,104.9564084,542.6356589147287
69000.0,128.0,Dangkao,11.48,104.9,539.0625
180000.0,336.0,Kamboul,11.52808017,104.8141754,535.7142857142857
94000.0,175.75,Phleung Chheh Roteh,11.5445,104.913586,534.850640113798
2800000.0,5265.0,Chrouy Changvar,11.589674,104.925654,531.8138651471985
2010290.0,3793.0,Kakab,11.56014447,104.8062947,530.0
36000.0,68.0,Kakab Ti Mouy,11.56872797,104.8368576,529.4117647058823
40000.0,76.0,Ponsang,11.62151146,104.7567967,526.3157894736842
135000.0,259.0,Snaor,11.531227,104.844833,521.2355212355212
499500.0,961.0,Phnom Penh Thmei,11.57561,104.92025,519.7710718002081
1550000.0,3000.0,Chhbar Ampov Ti Muoy,11.5300711,104.9374252,516.6666666666666
38000.0,73.8,Chrouy Changvar,11.658559,104.91317,514.9051490514905
102500.0,200.0,Krang Thnong,11.5787306,104.8527586,512.5
319900.0,630.0,Khmuonh,11.55,104.89,507.77777777777777
75000.0,148.5,Dangkao,11.504923,104.89187,505.050505050505
150000.0,300.0,Krang Thnong,11.559712,104.878121,500.0
150000.0,300.0,Trapeang Krasang,11.58272327,104.833442,500.0
181500.0,363.0,Ruessei Kaev,11.59,104.9,500.0
342500.0,685.0,Kakab Ti Mouy,11.5445,104.913586,500.0
210000.0,420.0,Kouk Roka,11.58898505,104.8046465,500.0
1411500.0,2823.0,Krang Thnong,11.578108,104.87022,500.0
500000.0,1020.0,Veal Sbov,11.55,104.96,490.1960784313725
67500.0,140.0,Ponsang,11.590554,104.813385,482.1428571428572
270000.0,560.0,Preaek Ta Sek,11.658559,104.91317,482.1428571428572
62000.0,130.0,Tuek L'ak Ti Muoy,11.572623,104.89913,476.9230769230769
880000.0,1848.0,Chak Angrae Leu,11.56249022,104.9113306,476.1904761904762
330000.0,697.6,Preaek Phnov,11.593877,104.8143,473.05045871559633
1000000.0,2121.0,Phnom Penh Thmei,11.57561,104.92025,471.4757190004715
55000.0,117.0,Phsar Thmei Ti Pir,11.575837,104.9201,470.0854700854701
680000.0,1456.0,Krang Thnong,11.578108,104.87022,467.032967032967
1000000.0,2150.0,Krang Thnong,11.55,104.89,465.1162790697674
125000.0,270.0,Dangkao,11.500658,104.856173,462.962962962963
150000.0,324.0,Chhbar Ampov Ti Muoy,11.52928,104.941454,462.962962962963
2500000.0,5417.5,Veal Sbov,11.52928,104.941454,461.4674665436087
357000.0,774.0,Khmuonh,11.60821026,104.8339513,461.2403100775194
650000.0,1412.0,Phnom Penh Thmei,11.58893111,104.8525675,460.3399433427762
160000.0,348.0,Kouk Khleang,11.62727696,104.8452807,459.7701149425287
105000.0,229.5,Nirouth,11.52928,104.941454,457.516339869281
550000.0,1220.0,Kouk Roka,11.55,104.93,450.8196721311475
172800.0,384.0,Samraong Kraom,11.55,104.93,450.0
445500.0,990.0,Khmuonh,11.559712,104.878121,450.0
478350.0,1063.0,Veal Sbov,11.52928,104.941454,450.0
16200.0,36.0,Preaek Aeng,11.52,104.95,450.0
900000.0,2000.0,Preaek Aeng,11.52967219,104.9902844,450.0
1350000.0,3000.0,Preaek Kampues,11.504923,104.89187,450.0
175500.0,390.0,Krang Thnong,11.559712,104.878121,450.0
90000.0,200.0,Kamboul,11.537783,104.920235,450.0
2400000.0,5417.5,Veal Sbov,11.52928,104.941454,443.00876788186434
83000.0,189.0,Kakab Ti Mouy,11.568271,104.9224426,439.1534391534392
110000.0,251.0,Cheung Aek,11.47831772,104.900515,438.24701195219126
110000.0,252.0,Preaek Pra,11.52,104.95,436.5079365079365
35000.0,81.0,Kamboul,11.54304484,104.7803366,432.0987654320988
440000.0,1024.0,Preaek Lieb,11.589674,104.925654,429.6875
120000.0,280.5,Cheung Aek,11.48,104.9,427.8074866310161
500000.0,1188.0,Veal Sbov,11.52458628,104.9715901,420.8754208754209
300000.0,719.0,Dangkao,11.4954227,104.8863279,417.2461752433936
300000.0,720.0,Dangkao,11.49339249,104.8878365,416.6666666666667
600000.0,1440.0,Preaek Aeng,11.52928,104.941454,416.6666666666667
145000.0,360.0,Prey Veaeng,11.47400658,104.8446654,402.77777777777777
2078059.0,5195.0,Phleung Chheh Roteh,11.5445,104.913586,400.0113570741097
342000.0,855.0,Krang Thnong,11.55,104.89,400.0
1200000.0,3000.0,Veal Sbov,11.55,104.96,400.0
16400000.0,41000.0,Kamboul,11.5445,104.913586,400.0
280000.0,700.0,Kakab Ti Mouy,11.56193449,104.8469887,400.0
255000.0,640.0,Tuek Thla,11.55,104.89,398.4375
79000.0,200.0,Ponhea Pon,11.587771,104.8125,395.0
787410.0,2019.0,Chaom Chau Pir,11.69853238,104.9796822,390.0
210000.0,542.0,Prey Sa,11.500658,104.856173,387.45387453874537
65000.0,168.0,Snaor,11.55,104.84,386.9047619047619
180000.0,469.9,Veal Sbov,11.55,104.96,383.06022557991065
111340.0,293.0,Kakab Ti Mouy,11.537783,104.920235,380.0
227500.0,600.0,Dangkao,11.48,104.9,379.1666666666667
72500.0,192.0,Krang Thnong,11.5892498,104.8367063,377.6041666666667
75000.0,200.0,Snaor,11.554667,104.82684,375.0
700000.0,1878.0,Preaek Aeng,11.51911109,104.9909292,372.7369542066028
600000.0,1620.0,Boeng Keng Kang Ti Bei,11.54468175,104.9178127,370.3703703703704
600000.0,1620.0,Boeng Keng Kang Ti Bei,11.54653066,104.9140414,370.3703703703704
1879600.0,5080.0,Prey Sa,11.48291177,104.8972457,370.0
950000.0,2625.0,Preaek Aeng,11.52,104.95,361.9047619047619
1060560.0,2946.0,Kbal Kaoh,11.4965339,104.9870868,360.0
2559960.0,7111.0,Preaek Thmei,11.52928,104.941454,360.0
152000.0,423.0,Samraong Kraom,11.58322675,104.7901664,359.33806146572107
93000.0,260.0,Chrouy Changvar,11.6377807,104.9896802,357.6923076923077
310800.0,888.0,Kouk Roka,11.537783,104.920235,350.0
427350.0,1221.0,Krang Thnong,11.55,104.89,350.0
69500.0,200.0,Snaor,11.579236,104.773168,347.5
55000.0,160.0,Trapeang Krasang,11.5445,104.913586,343.75
460000.0,1340.0,Veal Sbov,11.52105147,104.9801126,343.2835820895522
185000.0,542.0,Chrouy Changvar,11.70096946,104.9330717,341.32841328413286
1716000.0,5200.0,Veal Sbov,11.52928,104.941454,330.0
561000.0,1700.0,Samraong Kraom,11.55,104.93,330.0
280000.0,850.0,Kouk Roka,11.55,104.93,329.4117647058824
3282500.0,10100.0,Kouk Khleang,11.578108,104.87022,325.0
75000.0,231.0,Veal Sbov,11.52928,104.941454,324.6753246753247
370000.0,1144.0,Preaek Aeng,11.53039003,104.9902062,323.42657342657344
740000.0,2312.0,Preaek Aeng,11.5240862,104.9891221,320.06920415224914
2001600.0,6255.0,Tien,11.504923,104.89187,320.0
63000.0,200.0,Snaor,11.554667,104.82684,315.0
67800.0,220.0,Dangkao,11.500658,104.856173,308.1818181818182
1450500.0,4835.0,Krang Thnong,11.57068125,104.8368768,300.0
424500.0,1415.0,Snaor,11.554667,104.82684,300.0
765000.0,2550.0,Preaek Aeng,11.52928,104.941454,300.0
1303800.0,4346.0,Prey Sa,11.504923,104.89187,300.0
1732200.0,5774.0,Ponsang,11.64674654,104.7839106,300.0
630000.0,2100.0,Prey Veaeng,11.504923,104.89187,300.0
60000.0,200.0,Kaoh Dach,11.58,104.93,300.0
60000.0,200.0,Snaor,11.554667,104.82684,300.0
1350000.0,4500.0,Snaor,11.531227,104.844833,300.0
85000.0,288.0,Preaek Kampues,11.456718,104.8992432,295.1388888888889
944000.0,3200.0,Khmuonh,11.55,104.89,295.0
23000.0,80.0,Tumnob Tuek,11.537783,104.920235,287.5
120000.0,420.0,Boeng Keng Kang Ti Muoy,11.54954891,104.9236661,285.7142857142857
180000.0,641.0,Phleung Chheh Roteh,11.537783,104.920235,280.811232449298
455000.0,1623.25,Preaek Aeng,11.49733944,104.9697708,280.3018635453565
5256000.0,18777.0,Chak Angrae Kraom,11.50144636,104.9259348,279.9169196357246
3000000.0,10774.0,Preaek Lieb,11.67816267,104.90478,278.44811583441617
80000.0,290.0,Boeng Keng Kang Ti Muoy,11.55453937,104.9272131,275.86206896551727
165000.0,600.0,Kamboul,11.537783,104.920232,275.0
55000.0,200.0,Snaor,11.554667,104.82684,275.0
27000.0,100.0,Spean Thma,11.48,104.9,270.0
79900.0,297.0,Preaek Aeng,11.52,104.95,269.023569023569
80000.0,300.0,Boeng Keng Kang Ti Muoy,11.537783,104.920232,266.6666666666667
430000.0,1623.0,Preaek Aeng,11.51949539,104.9498283,264.9414664202095
73000.0,280.0,Snaor,11.58163555,104.7825561,260.7142857142857
2800000.0,10826.0,Kaoh Dach,11.59354169,104.9299455,258.636615555145
40000.0,157.0,Tonle Basak,11.55129661,104.930706,254.77707006369425
829750.0,3319.0,Kamboul,11.51054429,104.7629816,250.0
4950000.0,19800.0,Kbal Kaoh,11.52928,104.941454,250.0
920250.0,3681.0,Samraong Kraom,11.5650514,104.8159551,250.0
1070750.0,4283.0,Snaor,11.531227,104.844833,250.0
407750.0,1631.0,Kamboul,11.55251673,104.8126617,250.0
300000.0,1218.0,Chrouy Changvar,11.58,104.93,246.3054187192118
80000.0,325.0,Chaom Chau Mouy,11.531227,104.844833,246.15384615384616
345000.0,1480.0,Ou Baek K'am,11.54973002,104.8750489,233.1081081081081
184690.0,803.0,Preaek Kampues,11.504923,104.89187,230.0
1100000.0,4800.0,Veal Sbov,11.52693,104.97101,229.16666666666663
328460.0,1493.0,Chaom Chau,11.55,104.91667,220.0
54999.0,256.0,Chrouy Changvar,11.71373236,104.8841681,214.83984375
40000.0,188.0,Tuol Tumpung Ti Muoy,11.54079007,104.9107266,212.7659574468085
86000.0,409.0,Ponhea Pon,11.624955,104.81784,210.2689486552568
297360.0,1416.0,Kaoh Dach,11.68415214,104.935213,210.0
56000.0,274.7,Kouk Roka,11.5445,104.913586,203.85875500546047
90000.0,443.0,Khmuonh,11.578108,104.87022,203.1602708803612
2000000.0,10000.0,Bak Kaeng,11.589674,104.925654,200.0
200.0,1.0,Kakab,11.5445,104.913586,200.0
890000.0,4500.0,Kamboul,11.5445,104.913586,197.77777777777777
890000.0,4500.0,Snaor,11.55896453,104.7780257,197.77777777777777
243000.0,1242.0,Kamboul,11.53073371,104.7898977,195.65217391304347
507.0,2.6,Prey Sa,11.500658,104.856173,195.0
5070000.0,26000.0,Prey Sa,11.500658,104.856173,195.0
235000.0,1219.0,Samraong Kraom,11.57388469,104.8073537,192.7809680065628
171000.0,900.0,Prey Veaeng,11.48823027,104.8409284,190.0
862410.0,4539.0,Trapeang Krasang,11.5445,104.913586,190.0
1006020.0,5589.0,Kamboul,11.55,104.93,180.0
612000.0,3400.0,Prey Veaeng,11.48,104.9,180.0
820000.0,4559.0,Ovlaok,11.55723787,104.7531716,179.86400526431234
189000.0,1099.0,Preaek Thmei,11.52,104.95,171.97452229299364
5447904.0,32428.0,Kakab,11.5476122,104.8602313,168.0
250000.0,1500.0,Chhbar Ampov Ti Muoy,11.52,104.95,166.66666666666666
248820.0,1508.0,Samraong Kraom,11.5445,104.913586,165.0
1492800.0,9330.0,Pong Tuek,11.46218433,104.8357977,160.0
95000.0,600.0,Kamboul,11.54054434,104.774475,158.33333333333334
85000.0,540.0,Snaor,11.55130362,104.809673,157.40740740740742
464100.0,3094.0,Snaor,11.554667,104.826843,150.0
311250.0,2075.0,Snaor,11.554667,104.826843,150.0
801750.0,5345.0,Samraong Kraom,11.537783,104.920235,150.0
2400000.0,16000.0,Ovlaok,11.58477615,104.75505,150.0
20000.0,136.0,Boeng Keng Kang Ti Pir,11.55,104.93,147.05882352941177
74620.0,533.0,Snaor,11.554667,104.826843,140.0
185000.0,1339.0,Trapeang Krasang,11.5445,104.913586,138.1628080657207
944580.0,7266.0,Boeng Thum,11.46605602,104.7488407,130.0
65000.0,500.0,Snaor,11.554667,104.82684,130.0
401625.0,3213.0,Dangkao,11.500658,104.856173,125.0
3297720.0,27481.0,Krang Pongro,11.500658,104.856173,120.0
721920.0,6016.0,Tien,11.62994007,104.887298,120.0
237000.0,1980.0,Kamboul,11.53358373,104.7789309,119.6969696969697
102000.0,855.0,Prey Sa,11.50307289,104.8482103,119.29824561403508
371690.0,3379.0,Snaor,11.554667,104.82684,110.0
1320000.0,12000.0,Kamboul,11.5445,104.913586,110.0
50000.0,480.0,Chakto Mukh,11.575837,104.920096,104.16666666666669
796000.0,7960.0,Tien,11.43934032,104.849064,100.0
180000.0,1830.0,Samraong Kraom,11.57412897,104.8075032,98.36065573770492
1462050.0,15390.0,Kamboul,11.5445,104.913586,95.0
12000.0,128.0,Boeng Keng Kang Ti Bei,11.537783,104.920235,93.75
213120.0,2368.0,Ponsang,11.61664733,104.7531396,90.0
216000.0,2401.0,Snaor,11.61929117,104.8890147,89.96251561849229
368000.0,5000.0,Kakab Ti Mouy,11.55873919,104.8445487,73.6
32000.0,448.0,Boeng Reang,11.56252575,104.9225176,71.42857142857143
100000.0,1890.0,Tien,11.44846374,104.8506052,52.91005291005291
38000.0,738.0,Chrouy Changvar,11.658559,104.91317,51.49051490514905
95000.0,2000.0,Stueng Mean Chey Ti Mouy,11.52170983,104.8779893,47.5
428100.0,14270.0,Ovlaok,11.5445,104.913586,30.0
100000.0,4000.0,Chrouy Changvar,11.58,104.93,25.0
123500.0,9366.0,Tuol Sangke Ti Pir,11.59015,104.909641,13.185991885543457
18000.0,1400.0,Phnom Penh Thmei,11.57561,104.92025,12.857142857142858
3400000.0,400000.0,Preaek Aeng,11.522551,104.962474,8.5
35000.0,10000.0,Chrouy Changvar,11.589674,104.925654,3.5
270000.0,270000.0,Kamboul,11.5312221,104.776086,1.0
550000.0,550000.0,Boeng Reang,11.575837,104.920096,1.0
