Phsar_Chas_nearest,Royal_Palace_3_5km,address_line_2,address_locality,h_id,h_id_price_min,n_atm_in_1km,n_atm_in_2km_to_3km,n_atm_in_3km_to_5km,nearest_resturant,price_per_m2
0.0,1.0,14.0,4.0,427.0,1880.12,0.0,35.0,524.0,0.0,5442.34
0.0,0.0,77.0,4.0,459.0,2364.28,42.0,250.0,210.0,0.0,4226.76
0.0,0.0,10.0,0.0,471.0,2070.16,30.0,213.0,407.0,3.0,3899.11
0.0,1.0,83.0,11.0,452.0,2275.51,10.0,112.0,608.0,0.0,3813.96
0.0,1.0,77.0,4.0,460.0,2235.35,15.0,336.0,331.0,0.0,3580.15
0.0,1.0,84.0,11.0,464.0,3075.99,10.0,68.0,602.0,0.0,3370.92
0.0,0.0,45.0,10.0,347.0,3301.75,5.0,45.0,361.0,0.0,3371.77
0.0,0.0,45.0,10.0,351.0,3166.66,10.0,66.0,489.0,0.0,3488.35
0.0,0.0,49.0,11.0,446.0,2148.47,31.0,368.0,199.0,0.0,4411.53
0.0,1.0,78.0,5.0,478.0,2555.99,5.0,55.0,447.0,0.0,3516.51
0.0,0.0,1.0,11.0,346.0,1866.7,10.0,72.0,523.0,0.0,4021.2
0.0,1.0,77.0,4.0,460.0,2235.35,15.0,365.0,311.0,0.0,3653.89
0.0,1.0,45.0,10.0,346.0,1866.7,5.0,73.0,542.0,0.0,3406.97
0.0,0.0,77.0,4.0,302.0,2034.02,15.0,283.0,308.0,0.0,3801.66
0.0,1.0,77.0,4.0,460.0,2235.35,25.0,402.0,256.0,0.0,3664.13
0.0,1.0,48.0,0.0,476.0,2719.42,15.0,125.0,497.0,1.0,4035.13
0.0,1.0,50.0,11.0,458.0,3510.68,41.0,357.0,276.0,0.0,4055.03
0.0,0.0,10.0,0.0,471.0,2070.16,20.0,153.0,447.0,0.0,3563.24
0.0,1.0,2.0,11.0,467.0,2816.67,5.0,61.0,589.0,1.0,3909.08
0.0,1.0,11.0,5.0,447.0,2909.01,30.0,243.0,417.0,1.0,3516.61
0.0,0.0,78.0,5.0,483.0,1754.81,0.0,50.0,283.0,0.0,3319.41
0.0,1.0,78.0,5.0,481.0,2738.12,15.0,70.0,571.0,0.0,3730.32
0.0,1.0,45.0,10.0,465.0,2779.0,5.0,40.0,571.0,0.0,3255.68
0.0,1.0,8.0,11.0,446.0,2148.47,20.0,365.0,284.0,0.0,3987.8
0.0,1.0,84.0,11.0,470.0,2401.48,25.0,263.0,417.0,0.0,3957.06
0.0,1.0,83.0,11.0,468.0,2031.02,15.0,143.0,582.0,0.0,3587.9
0.0,0.0,2.0,11.0,467.0,2816.67,5.0,51.0,527.0,0.0,3760.25
0.0,1.0,81.0,0.0,427.0,1880.12,0.0,40.0,593.0,0.0,4619.75
0.0,0.0,1.0,11.0,351.0,3166.66,0.0,72.0,502.0,0.0,4009.66
0.0,1.0,83.0,11.0,444.0,3365.54,10.0,268.0,406.0,0.0,3933.27
0.0,1.0,2.0,11.0,466.0,3843.85,5.0,86.0,574.0,1.0,3875.59
0.0,1.0,2.0,11.0,470.0,2401.48,25.0,253.0,450.0,0.0,4139.81
0.0,1.0,78.0,5.0,480.0,2968.87,15.0,225.0,475.0,0.0,3743.98
0.0,1.0,1.0,11.0,466.0,3843.85,15.0,142.0,553.0,1.0,4256.07
0.0,1.0,1.0,11.0,460.0,2235.35,37.0,426.0,236.0,0.0,4708.54
0.0,0.0,1.0,11.0,346.0,1866.7,5.0,62.0,543.0,0.0,4257.3
0.0,1.0,91.0,0.0,472.0,3191.56,10.0,100.0,543.0,1.0,5186.57
0.0,1.0,81.0,0.0,181.0,990.65,0.0,105.0,440.0,0.0,4863.41
0.0,1.0,92.0,0.0,447.0,2909.01,25.0,276.0,349.0,0.0,4864.89
0.0,0.0,7.0,4.0,461.0,2463.7,155.0,155.0,130.0,4.0,5023.72
0.0,0.0,48.0,0.0,471.0,2070.16,35.0,214.0,401.0,4.0,4641.54
1.0,0.0,95.0,4.0,317.0,2721.74,124.0,185.0,150.0,47.0,4724.83
0.0,0.0,8.0,11.0,443.0,2664.9,59.0,370.0,151.0,0.0,4699.27
0.0,1.0,81.0,0.0,475.0,2457.49,5.0,120.0,475.0,1.0,4768.94
0.0,0.0,35.0,7.0,445.0,2692.57,84.0,303.0,75.0,0.0,4060.4
0.0,0.0,94.0,7.0,443.0,2664.9,25.0,304.0,280.0,0.0,4821.74
0.0,1.0,84.0,11.0,470.0,2401.48,20.0,318.0,353.0,0.0,4147.23
0.0,0.0,56.0,4.0,461.0,2463.7,149.0,160.0,100.0,1.0,6586.75
0.0,1.0,91.0,0.0,476.0,2719.42,10.0,75.0,462.0,0.0,4594.8
0.0,1.0,1.0,11.0,458.0,3510.68,42.0,374.0,257.0,0.0,4944.52
1.0,0.0,95.0,4.0,463.0,3026.69,116.0,173.0,175.0,0.0,4268.93
0.0,0.0,8.0,11.0,443.0,2664.9,76.0,394.0,85.0,0.0,4759.29
0.0,1.0,48.0,0.0,471.0,2070.16,25.0,180.0,455.0,3.0,4358.49
0.0,1.0,1.0,11.0,350.0,1928.85,15.0,259.0,419.0,0.0,4315.27
0.0,0.0,2.0,11.0,462.0,2707.91,32.0,397.0,182.0,0.0,4467.14
0.0,0.0,47.0,11.0,445.0,2692.57,151.0,145.0,90.0,0.0,4946.56
0.0,0.0,10.0,0.0,473.0,2803.44,45.0,369.0,165.0,5.0,4753.75
0.0,0.0,1.0,11.0,460.0,2235.35,47.0,360.0,200.0,0.0,5058.61
0.0,1.0,1.0,11.0,346.0,1866.7,5.0,72.0,543.0,0.0,4249.37
1.0,0.0,77.0,4.0,461.0,2463.7,137.0,150.0,120.0,7.0,4846.99
0.0,0.0,77.0,4.0,459.0,2364.28,15.0,221.0,205.0,0.0,4202.4
0.0,1.0,81.0,0.0,475.0,2457.49,15.0,105.0,501.0,0.0,5022.53
0.0,1.0,1.0,11.0,350.0,1928.85,5.0,84.0,546.0,0.0,4419.19
0.0,1.0,81.0,0.0,181.0,990.65,0.0,120.0,490.0,0.0,4882.51
0.0,0.0,3.0,0.0,474.0,4123.62,45.0,230.0,385.0,4.0,4801.92
0.0,0.0,89.0,0.0,443.0,2664.9,15.0,322.0,289.0,0.0,5042.42
0.0,1.0,1.0,11.0,458.0,3510.68,37.0,355.0,215.0,0.0,4874.15
0.0,1.0,2.0,11.0,470.0,2401.48,25.0,250.0,480.0,0.0,4334.87
0.0,1.0,1.0,11.0,466.0,3843.85,15.0,241.0,458.0,1.0,4395.96
0.0,1.0,1.0,11.0,466.0,3843.85,15.0,216.0,487.0,1.0,4301.24
0.0,0.0,92.0,0.0,474.0,4123.62,30.0,225.0,390.0,5.0,5175.14
1.0,0.0,46.0,4.0,317.0,2721.74,117.0,242.0,190.0,1.0,3432.82
0.0,0.0,77.0,4.0,457.0,3852.78,38.0,311.0,180.0,0.0,4133.34
0.0,1.0,91.0,0.0,476.0,2719.42,10.0,105.0,525.0,1.0,4704.3
0.0,0.0,84.0,11.0,446.0,2148.47,20.0,380.0,206.0,0.0,4638.8
0.0,0.0,46.0,4.0,463.0,3026.69,128.0,125.0,170.0,4.0,4860.12
0.0,0.0,3.0,0.0,490.0,4959.11,80.0,298.0,120.0,1.0,5610.34
0.0,0.0,81.0,0.0,420.0,2587.1,15.0,227.0,393.0,0.0,5725.42
0.0,0.0,90.0,0.0,443.0,2664.9,35.0,319.0,231.0,0.0,5082.62
0.0,1.0,87.0,0.0,447.0,2909.01,25.0,268.0,417.0,0.0,5815.55
1.0,0.0,46.0,4.0,463.0,3026.69,185.0,150.0,130.0,6.0,5354.33
0.0,0.0,3.0,0.0,474.0,4123.62,45.0,296.0,286.0,1.0,5208.08
0.0,0.0,89.0,0.0,449.0,2561.4,65.0,327.0,115.0,1.0,5941.9
1.0,0.0,46.0,4.0,463.0,3026.69,205.0,140.0,120.0,14.0,5655.92
0.0,0.0,81.0,0.0,422.0,2141.65,20.0,355.0,211.0,0.0,5996.81
0.0,0.0,81.0,0.0,471.0,2070.16,20.0,170.0,455.0,0.0,5331.02
0.0,1.0,81.0,0.0,419.0,1938.98,0.0,80.0,563.0,0.0,5176.1
0.0,0.0,18.0,4.0,485.0,5041.32,200.0,107.0,120.0,8.0,6143.37
0.0,0.0,41.0,7.0,461.0,2463.7,161.0,160.0,105.0,2.0,5568.58
0.0,1.0,87.0,0.0,472.0,3191.56,15.0,200.0,425.0,4.0,5487.49
0.0,0.0,89.0,0.0,443.0,2664.9,25.0,324.0,252.0,0.0,5273.5
0.0,0.0,5.0,0.0,490.0,4959.11,77.0,184.0,137.0,15.0,5714.68
0.0,0.0,81.0,0.0,473.0,2803.44,40.0,283.0,284.0,0.0,5600.8
0.0,0.0,6.0,7.0,445.0,2692.57,133.0,216.0,75.0,1.0,5650.63
0.0,1.0,91.0,0.0,472.0,3191.56,10.0,161.0,484.0,2.0,5366.31
0.0,0.0,41.0,7.0,486.0,4942.84,202.0,130.0,90.0,5.0,5785.86
0.0,0.0,89.0,0.0,449.0,2561.4,25.0,314.0,208.0,0.0,5584.34
1.0,0.0,36.0,7.0,463.0,3026.69,148.0,155.0,155.0,2.0,5118.0
0.0,1.0,91.0,0.0,471.0,2070.16,20.0,150.0,480.0,4.0,5342.12
0.0,0.0,81.0,0.0,473.0,2803.44,30.0,307.0,246.0,1.0,6003.15
0.0,0.0,3.0,0.0,473.0,2803.44,40.0,338.0,237.0,1.0,5583.54
0.0,0.0,89.0,0.0,447.0,2909.01,40.0,293.0,235.0,0.0,5647.87
0.0,1.0,91.0,0.0,472.0,3191.56,20.0,211.0,414.0,3.0,5797.47
0.0,0.0,92.0,0.0,447.0,2909.01,30.0,265.0,331.0,1.0,5345.75
0.0,0.0,89.0,0.0,449.0,2561.4,80.0,312.0,120.0,1.0,5991.29
0.0,0.0,81.0,0.0,420.0,2587.1,10.0,184.0,426.0,0.0,5663.6
0.0,0.0,6.0,7.0,449.0,2561.4,40.0,322.0,178.0,0.0,5095.32
0.0,0.0,36.0,7.0,461.0,2463.7,133.0,175.0,90.0,1.0,5244.94
0.0,0.0,5.0,0.0,490.0,4959.11,112.0,201.0,125.0,4.0,5296.22
0.0,0.0,91.0,0.0,474.0,4123.62,50.0,311.0,165.0,1.0,6316.05
0.0,0.0,42.0,7.0,461.0,2463.7,172.0,155.0,120.0,1.0,6417.91
1.0,0.0,18.0,4.0,488.0,4508.56,228.0,102.0,115.0,20.0,6737.58
0.0,0.0,89.0,0.0,449.0,2561.4,135.0,258.0,95.0,0.0,6551.19
0.0,0.0,42.0,7.0,486.0,4942.84,137.0,195.0,95.0,1.0,6387.21
0.0,0.0,4.0,0.0,474.0,4123.62,20.0,262.0,331.0,3.0,7096.35
1.0,0.0,18.0,4.0,487.0,2976.01,97.0,179.0,145.0,50.0,6186.14
0.0,0.0,81.0,0.0,485.0,5041.32,126.0,116.0,105.0,11.0,6423.66
0.0,0.0,4.0,0.0,473.0,2803.44,15.0,167.0,428.0,0.0,6953.93
0.0,0.0,18.0,4.0,485.0,5041.32,168.0,93.0,125.0,8.0,6347.04
0.0,0.0,38.0,0.0,449.0,2561.4,67.0,308.0,110.0,0.0,6542.01
0.0,0.0,42.0,7.0,461.0,2463.7,162.0,145.0,115.0,3.0,6441.9
0.0,0.0,4.0,0.0,489.0,6047.83,65.0,323.0,143.0,10.0,8115.15
0.0,0.0,4.0,0.0,474.0,4123.62,40.0,319.0,228.0,0.0,7351.3
0.0,0.0,4.0,0.0,489.0,6047.83,70.0,374.0,140.0,9.0,8065.16
0.0,0.0,4.0,0.0,473.0,2803.44,20.0,328.0,248.0,1.0,7943.83
0.0,0.0,4.0,0.0,474.0,4123.62,40.0,306.0,178.0,1.0,7805.68
0.0,0.0,4.0,0.0,490.0,4959.11,118.0,204.0,105.0,3.0,8165.61
0.0,0.0,4.0,0.0,489.0,6047.83,50.0,335.0,149.0,7.0,8134.5
1.0,0.0,18.0,4.0,488.0,4508.56,294.0,125.0,110.0,15.0,7241.15
0.0,0.0,4.0,0.0,489.0,6047.83,56.0,215.0,147.0,11.0,8151.6
0.0,0.0,4.0,0.0,474.0,4123.62,35.0,287.0,250.0,0.0,7747.0
0.0,0.0,4.0,0.0,473.0,2803.44,25.0,329.0,247.0,1.0,7784.01
0.0,0.0,14.0,4.0,491.0,5010.02,20.0,309.0,156.0,0.0,7689.37
0.0,0.0,4.0,0.0,485.0,5041.32,115.0,118.0,120.0,9.0,8365.81
0.0,0.0,14.0,4.0,490.0,4959.11,83.0,239.0,125.0,4.0,7673.72
0.0,0.0,4.0,0.0,490.0,4959.11,70.0,304.0,121.0,1.0,7951.74
0.0,0.0,4.0,0.0,489.0,6047.83,65.0,393.0,150.0,5.0,8048.04
0.0,0.0,4.0,0.0,474.0,4123.62,35.0,324.0,178.0,0.0,7685.68
1.0,0.0,52.0,4.0,317.0,2721.74,146.0,221.0,180.0,7.0,7756.93
0.0,0.0,4.0,0.0,474.0,4123.62,30.0,302.0,215.0,0.0,7697.65
0.0,0.0,14.0,4.0,490.0,4959.11,60.0,328.0,138.0,12.0,7805.2
0.0,0.0,4.0,0.0,474.0,4123.62,30.0,272.0,259.0,0.0,7760.47
0.0,0.0,4.0,0.0,489.0,6047.83,50.0,259.0,142.0,5.0,8173.33
1.0,0.0,52.0,4.0,317.0,2721.74,128.0,196.0,145.0,45.0,8415.98
1.0,0.0,52.0,4.0,317.0,2721.74,149.0,191.0,150.0,27.0,8162.58
0.0,0.0,4.0,0.0,486.0,4942.84,138.0,221.0,85.0,1.0,7783.68
0.0,0.0,4.0,0.0,490.0,4959.11,127.0,143.0,115.0,10.0,8194.74
1.0,0.0,52.0,4.0,317.0,2721.74,142.0,216.0,190.0,1.0,7646.11
0.0,0.0,4.0,0.0,490.0,4959.11,112.0,199.0,125.0,5.0,7892.98
1.0,0.0,55.0,4.0,488.0,4508.56,113.0,149.0,145.0,54.0,9110.7
1.0,0.0,54.0,4.0,488.0,4508.56,180.0,126.0,140.0,54.0,8935.34
0.0,0.0,14.0,4.0,485.0,5041.32,122.0,120.0,110.0,9.0,8141.41
0.0,0.0,4.0,0.0,485.0,5041.32,214.0,117.0,110.0,10.0,8229.15
1.0,0.0,55.0,4.0,488.0,4508.56,189.0,122.0,145.0,36.0,9612.85
1.0,0.0,56.0,4.0,463.0,3026.69,206.0,150.0,130.0,8.0,9230.84
1.0,0.0,52.0,4.0,488.0,4508.56,172.0,125.0,135.0,56.0,9892.75
1.0,0.0,53.0,4.0,488.0,4508.56,260.0,135.0,95.0,5.0,10025.36
1.0,0.0,55.0,4.0,463.0,3026.69,181.0,150.0,135.0,40.0,10123.23
1.0,0.0,55.0,4.0,463.0,3026.69,181.0,145.0,135.0,41.0,10140.51
1.0,0.0,56.0,4.0,488.0,4508.56,206.0,135.0,120.0,26.0,11218.66
1.0,0.0,56.0,4.0,488.0,4508.56,136.0,110.0,145.0,50.0,10500.33
1.0,0.0,52.0,4.0,488.0,4508.56,269.0,140.0,105.0,12.0,10526.97
0.0,0.0,12.0,5.0,167.0,2178.2,4.0,0.0,32.0,0.0,2233.15
0.0,0.0,45.0,10.0,700.0,1334.01,0.0,0.0,12.0,0.0,2563.41
0.0,0.0,15.0,8.0,228.0,1757.06,0.0,0.0,8.0,0.0,1818.69
0.0,0.0,27.0,2.0,836.0,174.3,0.0,0.0,0.0,0.0,174.3
0.0,0.0,62.0,3.0,98.0,224.69,0.0,0.0,0.0,0.0,226.61
0.0,0.0,57.0,3.0,140.0,315.94,0.0,0.0,0.0,0.0,315.94
0.0,0.0,0.0,2.0,829.0,535.48,0.0,0.0,0.0,0.0,535.48
0.0,0.0,63.0,2.0,382.0,568.43,0.0,0.0,0.0,0.0,1720.86
0.0,0.0,89.0,0.0,443.0,2664.9,48.0,326.0,92.0,0.0,5637.93
1.0,0.0,7.0,4.0,488.0,4508.56,196.0,104.0,96.0,19.0,6634.31
0.0,0.0,25.0,8.0,504.0,119.86,0.0,0.0,0.0,0.0,917.35
0.0,0.0,60.0,3.0,293.0,224.32,0.0,0.0,0.0,0.0,1163.23
0.0,0.0,71.0,9.0,366.0,1234.91,0.0,8.0,108.0,0.0,1666.32
0.0,0.0,25.0,8.0,521.0,192.53,0.0,0.0,0.0,0.0,1083.14
0.0,1.0,86.0,10.0,456.0,1636.88,4.0,44.0,404.0,0.0,3263.23
0.0,0.0,64.0,6.0,14.0,725.47,0.0,0.0,0.0,0.0,951.24
0.0,0.0,84.0,11.0,446.0,2148.47,16.0,292.0,221.0,0.0,4432.5
0.0,1.0,78.0,5.0,478.0,2555.99,0.0,40.0,375.0,0.0,3390.46
0.0,0.0,34.0,10.0,723.0,492.91,0.0,0.0,4.0,0.0,1245.23
0.0,1.0,8.0,11.0,446.0,2148.47,20.0,295.0,232.0,0.0,4176.21
0.0,0.0,11.0,5.0,478.0,2555.99,0.0,36.0,272.0,0.0,2555.99
0.0,0.0,16.0,1.0,424.0,1946.64,0.0,77.0,410.0,0.0,2569.6
0.0,0.0,17.0,3.0,116.0,414.37,0.0,0.0,0.0,0.0,422.95
0.0,0.0,21.0,9.0,332.0,783.32,0.0,0.0,8.0,0.0,1223.35
0.0,1.0,88.0,9.0,299.0,1427.43,8.0,64.0,401.0,0.0,1427.43
0.0,0.0,70.0,3.0,88.0,82.58,0.0,0.0,0.0,0.0,177.18
0.0,0.0,44.0,8.0,638.0,412.0,0.0,0.0,0.0,0.0,423.08
0.0,1.0,92.0,0.0,472.0,3191.56,24.0,143.0,378.0,0.0,4588.06
0.0,0.0,0.0,2.0,74.0,504.94,0.0,0.0,0.0,0.0,514.88
0.0,0.0,28.0,1.0,757.0,305.67,0.0,0.0,0.0,0.0,474.51
0.0,0.0,0.0,2.0,822.0,557.25,0.0,0.0,0.0,0.0,666.12
0.0,0.0,9.0,8.0,261.0,120.54,0.0,0.0,0.0,0.0,120.56
0.0,0.0,59.0,6.0,615.0,194.42,0.0,0.0,0.0,0.0,197.72
0.0,0.0,9.0,8.0,279.0,118.18,0.0,0.0,0.0,0.0,148.94
0.0,0.0,82.0,8.0,535.0,349.52,0.0,0.0,0.0,0.0,367.85
0.0,0.0,59.0,6.0,77.0,124.2,0.0,0.0,0.0,0.0,175.29
0.0,0.0,32.0,6.0,577.0,786.2,0.0,0.0,4.0,0.0,899.62
0.0,1.0,16.0,1.0,424.0,1946.64,0.0,96.0,394.0,0.0,2325.99
0.0,0.0,60.0,3.0,145.0,237.86,0.0,0.0,0.0,0.0,1137.78
0.0,0.0,32.0,6.0,571.0,717.38,0.0,0.0,0.0,0.0,757.92
0.0,0.0,66.0,2.0,34.0,576.4,0.0,0.0,0.0,0.0,577.86
0.0,0.0,80.0,3.0,254.0,179.96,0.0,0.0,0.0,0.0,263.02
0.0,0.0,92.0,0.0,447.0,2909.01,32.0,213.0,209.0,1.0,5464.32
0.0,0.0,43.0,8.0,688.0,88.51,0.0,0.0,0.0,0.0,88.51
0.0,0.0,15.0,8.0,213.0,646.77,0.0,0.0,0.0,0.0,1583.96
0.0,0.0,21.0,9.0,338.0,573.26,0.0,0.0,24.0,0.0,1170.94
0.0,0.0,81.0,0.0,491.0,5010.02,45.0,133.0,138.0,1.0,6004.97
0.0,0.0,61.0,1.0,430.0,822.82,0.0,0.0,24.0,0.0,966.95
0.0,0.0,28.0,1.0,203.0,559.99,0.0,4.0,0.0,0.0,559.99
0.0,0.0,45.0,10.0,716.0,1289.39,0.0,4.0,24.0,0.0,2382.97
0.0,1.0,11.0,5.0,476.0,2719.42,8.0,80.0,424.0,1.0,2891.31
0.0,0.0,28.0,1.0,807.0,463.22,0.0,0.0,0.0,0.0,517.94
0.0,0.0,13.0,5.0,477.0,2168.2,4.0,99.0,382.0,0.0,2828.6
0.0,0.0,68.0,3.0,235.0,681.8,0.0,0.0,0.0,0.0,768.47
0.0,0.0,25.0,8.0,505.0,175.43,0.0,0.0,0.0,0.0,1217.41
0.0,0.0,66.0,2.0,404.0,614.83,0.0,0.0,4.0,0.0,665.48
0.0,0.0,76.0,3.0,245.0,252.33,0.0,0.0,0.0,0.0,285.03
0.0,0.0,68.0,3.0,245.0,252.33,0.0,0.0,0.0,0.0,658.29
0.0,0.0,34.0,10.0,712.0,1158.67,0.0,0.0,16.0,0.0,1205.94
0.0,0.0,86.0,10.0,738.0,2445.6,0.0,16.0,132.0,0.0,2634.05
0.0,0.0,78.0,5.0,730.0,2250.57,0.0,12.0,76.0,0.0,2696.59
0.0,0.0,68.0,3.0,214.0,636.0,0.0,0.0,0.0,0.0,672.59
0.0,0.0,28.0,1.0,752.0,359.22,0.0,0.0,0.0,0.0,470.68
0.0,0.0,12.0,5.0,198.0,630.77,0.0,0.0,16.0,0.0,2016.9
0.0,0.0,32.0,6.0,718.0,514.78,0.0,0.0,4.0,0.0,939.9
0.0,0.0,44.0,8.0,276.0,155.79,0.0,0.0,0.0,0.0,325.53
0.0,0.0,62.0,3.0,112.0,212.6,0.0,0.0,0.0,0.0,262.11
0.0,0.0,61.0,1.0,799.0,465.92,0.0,0.0,0.0,0.0,605.07
0.0,1.0,8.0,11.0,448.0,2747.5,8.0,133.0,432.0,0.0,3510.57
0.0,0.0,7.0,4.0,486.0,4942.84,87.0,127.0,80.0,6.0,5138.96
0.0,0.0,9.0,8.0,265.0,187.27,0.0,0.0,0.0,0.0,187.27
0.0,0.0,67.0,1.0,791.0,372.32,0.0,0.0,0.0,0.0,395.74
0.0,0.0,72.0,3.0,158.0,242.88,0.0,0.0,0.0,0.0,811.31
0.0,1.0,93.0,1.0,417.0,1191.41,0.0,4.0,153.0,0.0,1251.39
0.0,0.0,74.0,8.0,537.0,349.69,0.0,0.0,0.0,0.0,368.47
0.0,0.0,42.0,7.0,461.0,2463.7,164.0,112.0,72.0,7.0,6316.48
0.0,0.0,15.0,8.0,729.0,1858.05,0.0,0.0,20.0,0.0,1940.26
0.0,0.0,28.0,1.0,806.0,476.06,0.0,0.0,0.0,0.0,513.56
0.0,0.0,68.0,3.0,213.0,646.77,0.0,0.0,0.0,0.0,671.32
0.0,0.0,59.0,6.0,629.0,228.18,0.0,0.0,0.0,0.0,232.19
0.0,0.0,81.0,0.0,477.0,2168.2,12.0,106.0,367.0,0.0,5274.18
0.0,0.0,74.0,8.0,581.0,374.14,0.0,0.0,0.0,0.0,374.14
0.0,1.0,71.0,9.0,299.0,1427.43,8.0,51.0,406.0,0.0,2521.57
0.0,0.0,74.0,8.0,708.0,527.03,0.0,0.0,4.0,0.0,578.24
0.0,0.0,15.0,8.0,646.0,413.32,0.0,0.0,0.0,0.0,1467.01
0.0,0.0,78.0,5.0,222.0,881.97,0.0,0.0,48.0,0.0,2604.79
0.0,0.0,75.0,8.0,492.0,186.7,0.0,0.0,0.0,0.0,186.7
0.0,0.0,74.0,8.0,723.0,492.91,0.0,0.0,4.0,0.0,550.68
0.0,0.0,35.0,7.0,461.0,2463.7,130.0,124.0,80.0,1.0,5140.87
0.0,0.0,25.0,8.0,683.0,87.26,0.0,0.0,0.0,0.0,916.12
0.0,0.0,32.0,6.0,719.0,430.59,0.0,0.0,4.0,0.0,895.92
0.0,0.0,26.0,8.0,675.0,1006.47,0.0,0.0,0.0,0.0,1219.46
0.0,1.0,13.0,5.0,179.0,2045.1,0.0,28.0,188.0,0.0,2234.39
0.0,0.0,94.0,7.0,449.0,2561.4,32.0,239.0,173.0,1.0,4799.56
0.0,0.0,63.0,2.0,376.0,569.68,0.0,0.0,0.0,0.0,1897.92
0.0,0.0,45.0,10.0,741.0,2750.66,4.0,12.0,72.0,0.0,2805.0
0.0,0.0,0.0,2.0,823.0,546.46,0.0,0.0,0.0,0.0,584.2
0.0,0.0,57.0,3.0,144.0,316.26,0.0,0.0,0.0,0.0,318.76
0.0,0.0,63.0,2.0,382.0,568.43,0.0,0.0,0.0,0.0,1690.42
0.0,0.0,93.0,1.0,430.0,822.82,0.0,0.0,16.0,0.0,934.99
0.0,0.0,43.0,8.0,558.0,91.95,0.0,0.0,0.0,0.0,94.95
0.0,0.0,73.0,6.0,0.0,199.3,0.0,0.0,0.0,0.0,204.46
0.0,0.0,71.0,9.0,310.0,506.86,0.0,8.0,142.0,0.0,506.86
0.0,0.0,29.0,10.0,333.0,806.2,0.0,0.0,4.0,0.0,1099.05
0.0,0.0,59.0,6.0,565.0,197.5,0.0,0.0,0.0,0.0,197.5
0.0,0.0,74.0,8.0,723.0,492.91,0.0,0.0,4.0,0.0,586.47
0.0,0.0,93.0,1.0,432.0,785.18,0.0,0.0,0.0,0.0,785.18
1.0,0.0,77.0,4.0,463.0,3026.69,89.0,153.0,132.0,0.0,4659.89
0.0,0.0,82.0,8.0,646.0,413.32,0.0,0.0,0.0,0.0,463.29
0.0,0.0,15.0,8.0,678.0,1495.91,0.0,0.0,0.0,0.0,1595.95
0.0,0.0,60.0,3.0,290.0,150.52,0.0,0.0,0.0,0.0,1265.13
0.0,0.0,37.0,1.0,200.0,661.29,0.0,0.0,72.0,0.0,1533.28
0.0,0.0,32.0,6.0,575.0,813.25,0.0,0.0,0.0,0.0,813.25
0.0,0.0,56.0,4.0,461.0,2463.7,184.0,112.0,80.0,4.0,7559.18
0.0,0.0,70.0,3.0,92.0,189.72,0.0,0.0,0.0,0.0,221.46
0.0,0.0,14.0,4.0,486.0,4942.84,128.0,108.0,68.0,3.0,7937.64
0.0,0.0,72.0,3.0,161.0,269.36,0.0,0.0,0.0,0.0,737.12
0.0,1.0,65.0,1.0,181.0,990.65,0.0,68.0,338.0,1.0,991.72
0.0,0.0,93.0,1.0,442.0,958.0,0.0,0.0,48.0,0.0,1029.01
0.0,0.0,1.0,11.0,351.0,3166.66,8.0,54.0,397.0,0.0,4170.51
0.0,0.0,24.0,8.0,734.0,1761.77,0.0,0.0,4.0,0.0,1853.87
0.0,0.0,76.0,3.0,103.0,246.25,0.0,0.0,0.0,0.0,266.61
0.0,0.0,1.0,11.0,346.0,1866.7,8.0,58.0,397.0,0.0,2380.29
0.0,0.0,28.0,1.0,753.0,483.36,0.0,0.0,0.0,0.0,490.15
0.0,0.0,0.0,2.0,73.0,547.13,0.0,0.0,0.0,0.0,714.08
0.0,0.0,59.0,6.0,597.0,146.05,0.0,0.0,0.0,0.0,188.17
0.0,1.0,48.0,0.0,471.0,2070.16,8.0,96.0,394.0,0.0,3842.18
0.0,0.0,74.0,8.0,718.0,514.78,0.0,0.0,8.0,0.0,553.5
0.0,0.0,45.0,10.0,715.0,2512.91,0.0,4.0,52.0,0.0,2661.76
0.0,0.0,64.0,6.0,23.0,711.07,0.0,0.0,0.0,0.0,711.07
0.0,0.0,76.0,3.0,237.0,227.23,0.0,0.0,0.0,0.0,282.65
0.0,0.0,34.0,10.0,716.0,1289.39,0.0,4.0,28.0,0.0,1432.6
0.0,0.0,34.0,10.0,716.0,1289.39,0.0,4.0,24.0,0.0,1443.86
0.0,0.0,32.0,6.0,588.0,740.83,0.0,0.0,0.0,0.0,740.83
0.0,0.0,26.0,8.0,641.0,727.0,0.0,0.0,0.0,0.0,727.0
0.0,0.0,29.0,10.0,325.0,1206.92,0.0,4.0,24.0,0.0,1206.92
0.0,0.0,76.0,3.0,103.0,246.25,0.0,0.0,0.0,0.0,246.25
0.0,0.0,78.0,5.0,219.0,1972.08,0.0,4.0,48.0,0.0,2359.92
0.0,0.0,76.0,3.0,105.0,219.55,0.0,0.0,0.0,0.0,229.17
0.0,1.0,11.0,5.0,188.0,2005.74,0.0,40.0,263.0,0.0,2673.99
0.0,0.0,78.0,5.0,478.0,2555.99,0.0,36.0,298.0,0.0,3282.96
0.0,0.0,12.0,5.0,178.0,881.66,4.0,12.0,137.0,0.0,2761.91
0.0,0.0,43.0,8.0,551.0,74.76,0.0,0.0,0.0,0.0,91.28
0.0,1.0,83.0,11.0,468.0,2031.02,12.0,169.0,383.0,0.0,3760.59
0.0,0.0,47.0,11.0,445.0,2692.57,48.0,311.0,84.0,0.0,4090.53
0.0,0.0,15.0,8.0,732.0,1663.99,0.0,0.0,4.0,0.0,1747.27
1.0,0.0,55.0,4.0,488.0,4508.56,152.0,86.0,112.0,25.0,8908.29
0.0,0.0,5.0,0.0,449.0,2561.4,112.0,212.0,76.0,0.0,5594.19
0.0,0.0,76.0,3.0,164.0,224.7,0.0,0.0,0.0,0.0,228.1
0.0,0.0,62.0,3.0,84.0,200.93,0.0,0.0,0.0,0.0,225.97
0.0,0.0,93.0,1.0,438.0,993.14,0.0,0.0,72.0,0.0,1029.15
1.0,0.0,53.0,4.0,488.0,4508.56,168.0,86.0,92.0,20.0,8753.49
0.0,0.0,30.0,9.0,361.0,1248.9,0.0,12.0,70.0,0.0,1248.9
0.0,0.0,59.0,6.0,603.0,183.65,0.0,0.0,0.0,0.0,207.45
0.0,0.0,25.0,8.0,525.0,844.65,0.0,0.0,0.0,0.0,1260.58
0.0,1.0,83.0,11.0,452.0,2275.51,8.0,81.0,484.0,0.0,3787.92
0.0,0.0,43.0,8.0,682.0,89.11,0.0,0.0,0.0,0.0,103.62
0.0,0.0,68.0,3.0,233.0,611.86,0.0,0.0,0.0,0.0,685.29
0.0,0.0,25.0,8.0,505.0,175.43,0.0,0.0,0.0,0.0,1248.16
0.0,1.0,45.0,10.0,464.0,3075.99,8.0,55.0,470.0,0.0,3301.68
0.0,0.0,78.0,5.0,483.0,1754.81,0.0,40.0,224.0,0.0,3190.0
0.0,0.0,26.0,8.0,695.0,845.64,0.0,0.0,0.0,0.0,1026.59
0.0,0.0,34.0,10.0,587.0,765.17,0.0,0.0,0.0,0.0,1195.31
0.0,0.0,60.0,3.0,292.0,123.8,0.0,0.0,0.0,0.0,1132.25
0.0,0.0,82.0,8.0,496.0,189.19,0.0,0.0,0.0,0.0,410.01
0.0,0.0,13.0,5.0,178.0,881.66,4.0,4.0,132.0,0.0,2134.07
0.0,0.0,21.0,9.0,361.0,1248.9,0.0,16.0,78.0,0.0,1390.29
0.0,0.0,43.0,8.0,518.0,79.1,0.0,0.0,0.0,0.0,92.96
0.0,0.0,9.0,8.0,274.0,176.79,0.0,0.0,0.0,0.0,195.8
0.0,0.0,7.0,4.0,485.0,5041.32,140.0,84.0,112.0,6.0,5518.52
0.0,0.0,68.0,3.0,217.0,621.76,0.0,0.0,0.0,0.0,744.29
0.0,0.0,69.0,3.0,160.0,203.88,0.0,0.0,0.0,0.0,266.24
0.0,0.0,15.0,8.0,212.0,376.9,0.0,0.0,0.0,0.0,1556.19
0.0,1.0,91.0,0.0,472.0,3191.56,12.0,122.0,383.0,3.0,5258.53
0.0,0.0,34.0,10.0,591.0,962.24,0.0,0.0,4.0,0.0,1147.16
0.0,0.0,79.0,9.0,35.0,566.06,0.0,0.0,0.0,0.0,701.48
0.0,0.0,60.0,3.0,285.0,1025.55,0.0,0.0,0.0,0.0,1086.35
0.0,0.0,74.0,8.0,585.0,366.04,0.0,0.0,0.0,0.0,429.35
0.0,0.0,93.0,1.0,416.0,958.68,0.0,0.0,44.0,0.0,983.24
0.0,1.0,83.0,11.0,444.0,3365.54,4.0,109.0,472.0,0.0,3600.64
0.0,0.0,12.0,5.0,202.0,472.71,0.0,4.0,0.0,0.0,1946.3
0.0,0.0,68.0,3.0,243.0,254.93,0.0,0.0,0.0,0.0,692.53
0.0,0.0,59.0,6.0,509.0,147.16,0.0,0.0,0.0,0.0,278.28
0.0,0.0,44.0,8.0,276.0,155.79,0.0,0.0,0.0,0.0,415.35
0.0,0.0,59.0,6.0,622.0,183.9,0.0,0.0,0.0,0.0,183.9
0.0,0.0,15.0,8.0,702.0,1886.23,0.0,4.0,8.0,0.0,1900.57
0.0,0.0,45.0,10.0,359.0,3048.7,4.0,36.0,350.0,0.0,3250.72
0.0,0.0,9.0,8.0,270.0,149.4,0.0,0.0,0.0,0.0,161.64
0.0,0.0,32.0,6.0,575.0,813.25,0.0,0.0,0.0,0.0,824.5
0.0,0.0,15.0,8.0,219.0,1972.08,0.0,0.0,44.0,0.0,1972.08
0.0,0.0,28.0,1.0,752.0,359.22,0.0,0.0,0.0,0.0,476.7
0.0,0.0,9.0,8.0,274.0,176.79,0.0,0.0,0.0,0.0,176.79
0.0,0.0,43.0,8.0,681.0,91.67,0.0,0.0,0.0,0.0,91.67
0.0,0.0,26.0,8.0,679.0,386.18,0.0,0.0,0.0,0.0,1208.66
0.0,0.0,62.0,3.0,81.0,212.11,0.0,0.0,0.0,0.0,285.05
0.0,1.0,16.0,1.0,181.0,990.65,0.0,96.0,375.0,0.0,2318.29
0.0,0.0,59.0,6.0,607.0,192.37,0.0,0.0,0.0,0.0,194.38
0.0,0.0,59.0,6.0,611.0,147.22,0.0,0.0,0.0,0.0,189.26
0.0,0.0,12.0,5.0,189.0,2165.79,0.0,0.0,84.0,0.0,2381.64
0.0,0.0,23.0,3.0,250.0,613.86,0.0,0.0,44.0,0.0,1530.67
0.0,0.0,34.0,10.0,575.0,813.25,0.0,0.0,0.0,0.0,1037.34
0.0,0.0,28.0,1.0,772.0,400.74,0.0,0.0,0.0,0.0,436.01
0.0,0.0,61.0,1.0,430.0,822.82,0.0,0.0,16.0,0.0,849.0
0.0,0.0,9.0,8.0,281.0,48.2,0.0,0.0,0.0,0.0,155.25
0.0,0.0,21.0,9.0,320.0,1222.01,0.0,4.0,48.0,0.0,1316.58
0.0,0.0,74.0,8.0,522.0,340.08,0.0,0.0,0.0,0.0,395.27
0.0,0.0,28.0,1.0,801.0,473.93,0.0,0.0,0.0,0.0,572.45
0.0,0.0,72.0,3.0,101.0,237.79,0.0,0.0,0.0,0.0,775.88
0.0,1.0,91.0,0.0,472.0,3191.56,12.0,76.0,449.0,0.0,5180.12
0.0,0.0,44.0,8.0,669.0,334.48,0.0,0.0,0.0,0.0,394.32
0.0,0.0,27.0,2.0,371.0,223.4,0.0,0.0,0.0,0.0,223.4
0.0,0.0,59.0,6.0,629.0,228.18,0.0,0.0,0.0,0.0,228.18
0.0,1.0,37.0,1.0,423.0,1817.25,0.0,68.0,392.0,0.0,2033.25
0.0,0.0,60.0,3.0,142.0,327.35,0.0,0.0,0.0,0.0,1211.86
0.0,1.0,92.0,0.0,472.0,3191.56,16.0,87.0,430.0,0.0,4500.66
0.0,0.0,67.0,1.0,789.0,294.63,0.0,0.0,0.0,0.0,380.09
0.0,0.0,43.0,8.0,549.0,90.64,0.0,0.0,0.0,0.0,90.64
0.0,0.0,15.0,8.0,679.0,386.18,0.0,0.0,0.0,0.0,1553.05
0.0,0.0,43.0,8.0,550.0,88.86,0.0,0.0,0.0,0.0,89.86
0.0,0.0,28.0,1.0,809.0,449.96,0.0,0.0,0.0,0.0,561.75
0.0,0.0,15.0,8.0,207.0,619.19,0.0,0.0,8.0,0.0,1789.73
0.0,0.0,81.0,0.0,422.0,2141.65,16.0,304.0,196.0,0.0,5437.27
0.0,0.0,0.0,2.0,821.0,527.68,0.0,0.0,0.0,0.0,573.41
0.0,0.0,67.0,1.0,760.0,408.73,0.0,0.0,4.0,0.0,413.51
0.0,0.0,29.0,10.0,345.0,793.36,0.0,0.0,16.0,0.0,1195.25
0.0,0.0,9.0,8.0,281.0,48.2,0.0,0.0,0.0,0.0,119.14
0.0,0.0,66.0,2.0,404.0,614.83,0.0,0.0,4.0,0.0,618.21
0.0,0.0,0.0,2.0,388.0,676.04,0.0,0.0,0.0,0.0,787.7
0.0,0.0,15.0,8.0,732.0,1663.99,0.0,0.0,4.0,0.0,1747.38
0.0,0.0,76.0,3.0,80.0,200.46,0.0,0.0,0.0,0.0,251.23
0.0,1.0,78.0,5.0,448.0,2747.5,8.0,202.0,355.0,0.0,3728.84
0.0,0.0,0.0,2.0,812.0,516.4,0.0,0.0,0.0,0.0,516.4
0.0,0.0,62.0,3.0,114.0,232.81,0.0,0.0,0.0,0.0,284.4
0.0,0.0,71.0,9.0,349.0,1350.61,0.0,20.0,187.0,0.0,2162.83
0.0,0.0,75.0,8.0,498.0,189.98,0.0,0.0,0.0,0.0,198.71
0.0,0.0,31.0,3.0,157.0,30.05,0.0,0.0,0.0,0.0,107.71
0.0,0.0,61.0,1.0,779.0,452.28,0.0,0.0,0.0,0.0,820.76
0.0,0.0,81.0,0.0,421.0,1985.27,0.0,60.0,443.0,0.0,5432.8
0.0,0.0,64.0,6.0,11.0,206.56,0.0,0.0,0.0,0.0,876.84
0.0,0.0,60.0,3.0,673.0,376.39,0.0,0.0,0.0,0.0,1313.01
0.0,1.0,78.0,5.0,480.0,2968.87,4.0,68.0,453.0,0.0,3467.63
0.0,0.0,23.0,3.0,185.0,1321.63,0.0,28.0,146.0,0.0,1977.25
0.0,0.0,61.0,1.0,430.0,822.82,0.0,0.0,16.0,0.0,994.53
0.0,0.0,71.0,9.0,349.0,1350.61,4.0,40.0,321.0,0.0,2541.64
0.0,0.0,25.0,8.0,525.0,844.65,0.0,0.0,0.0,0.0,1200.8
0.0,0.0,67.0,1.0,756.0,293.11,0.0,0.0,0.0,0.0,306.1
0.0,0.0,63.0,2.0,404.0,614.83,0.0,0.0,4.0,0.0,1915.58
0.0,1.0,37.0,1.0,184.0,781.74,0.0,4.0,133.0,0.0,1690.29
0.0,0.0,64.0,6.0,14.0,725.47,0.0,0.0,0.0,0.0,740.46
0.0,0.0,17.0,3.0,173.0,519.7,0.0,0.0,0.0,0.0,546.33
0.0,0.0,59.0,6.0,598.0,156.64,0.0,0.0,0.0,0.0,190.76
0.0,0.0,64.0,6.0,35.0,566.06,0.0,0.0,0.0,0.0,1013.85
0.0,0.0,73.0,6.0,29.0,174.89,0.0,0.0,0.0,0.0,296.94
0.0,0.0,67.0,1.0,191.0,419.03,0.0,0.0,4.0,0.0,487.96
0.0,0.0,93.0,1.0,440.0,638.07,0.0,0.0,24.0,0.0,943.56
0.0,0.0,58.0,6.0,57.0,136.5,0.0,0.0,0.0,0.0,138.22
0.0,0.0,73.0,6.0,10.0,230.5,0.0,0.0,0.0,0.0,230.5
0.0,0.0,28.0,1.0,762.0,526.16,0.0,0.0,4.0,0.0,537.18
0.0,0.0,63.0,2.0,382.0,568.43,0.0,0.0,0.0,0.0,1586.1
0.0,0.0,15.0,8.0,647.0,397.42,0.0,0.0,0.0,0.0,1651.21
0.0,0.0,31.0,3.0,125.0,68.37,0.0,0.0,0.0,0.0,109.01
0.0,0.0,59.0,6.0,618.0,175.29,0.0,0.0,0.0,0.0,205.22
0.0,0.0,63.0,2.0,392.0,592.64,0.0,0.0,0.0,0.0,1756.48
0.0,0.0,15.0,8.0,214.0,636.0,0.0,0.0,0.0,0.0,1586.36
0.0,0.0,28.0,1.0,761.0,483.62,0.0,0.0,4.0,0.0,526.55
0.0,0.0,27.0,2.0,398.0,203.22,0.0,0.0,12.0,0.0,227.91
0.0,0.0,24.0,8.0,734.0,1761.77,0.0,0.0,8.0,0.0,2186.81
0.0,0.0,60.0,3.0,288.0,151.97,0.0,0.0,0.0,0.0,1219.72
0.0,0.0,82.0,8.0,520.0,402.64,0.0,0.0,0.0,0.0,443.7
0.0,0.0,82.0,8.0,521.0,192.53,0.0,0.0,0.0,0.0,366.26
0.0,0.0,63.0,2.0,307.0,250.91,0.0,0.0,24.0,0.0,1801.49
0.0,0.0,45.0,10.0,357.0,2962.81,8.0,52.0,196.0,0.0,3087.37
0.0,0.0,44.0,8.0,667.0,338.34,0.0,0.0,0.0,0.0,444.13
0.0,0.0,29.0,10.0,591.0,962.24,0.0,0.0,4.0,0.0,1141.83
0.0,0.0,28.0,1.0,748.0,282.68,0.0,0.0,0.0,0.0,416.68
0.0,0.0,26.0,8.0,644.0,158.71,0.0,0.0,0.0,0.0,834.79
0.0,0.0,9.0,8.0,264.0,120.03,0.0,0.0,0.0,0.0,155.98
0.0,0.0,28.0,1.0,767.0,528.43,0.0,0.0,0.0,0.0,572.13
0.0,0.0,63.0,2.0,306.0,697.56,0.0,4.0,65.0,0.0,2259.12
0.0,0.0,33.0,3.0,286.0,60.45,0.0,0.0,0.0,0.0,210.82
0.0,1.0,22.0,2.0,304.0,2281.32,8.0,115.0,370.0,0.0,2419.88
0.0,0.0,93.0,1.0,436.0,961.82,0.0,4.0,48.0,0.0,1034.18
0.0,0.0,82.0,8.0,709.0,442.82,0.0,0.0,0.0,0.0,445.48
0.0,0.0,58.0,6.0,20.0,144.16,0.0,0.0,0.0,0.0,151.08
0.0,0.0,66.0,2.0,382.0,568.43,0.0,0.0,0.0,0.0,584.93
0.0,1.0,81.0,0.0,475.0,2457.49,4.0,44.0,331.0,1.0,4686.67
0.0,0.0,25.0,8.0,658.0,924.46,0.0,0.0,0.0,0.0,1209.17
0.0,0.0,23.0,3.0,246.0,1496.45,0.0,0.0,48.0,0.0,1522.83
0.0,0.0,44.0,8.0,660.0,329.02,0.0,0.0,0.0,0.0,413.76
0.0,0.0,21.0,9.0,338.0,573.26,0.0,0.0,12.0,0.0,573.26
0.0,0.0,74.0,8.0,506.0,199.95,0.0,0.0,0.0,0.0,470.99
0.0,1.0,93.0,1.0,415.0,1149.09,0.0,4.0,277.0,0.0,1149.09
0.0,0.0,73.0,6.0,25.0,166.59,0.0,0.0,0.0,0.0,218.29
0.0,0.0,32.0,6.0,582.0,741.2,0.0,0.0,0.0,0.0,804.98
0.0,0.0,69.0,3.0,243.0,254.93,0.0,0.0,0.0,0.0,306.67
0.0,0.0,78.0,5.0,483.0,1754.81,0.0,24.0,160.0,0.0,2960.15
0.0,0.0,28.0,1.0,757.0,305.67,0.0,0.0,0.0,0.0,400.57
0.0,0.0,0.0,2.0,827.0,153.8,0.0,0.0,0.0,0.0,153.8
0.0,0.0,0.0,2.0,818.0,545.16,0.0,0.0,0.0,0.0,713.51
0.0,0.0,62.0,3.0,98.0,224.69,0.0,0.0,0.0,0.0,224.69
0.0,0.0,28.0,1.0,794.0,450.15,0.0,0.0,0.0,0.0,450.15
0.0,0.0,59.0,6.0,598.0,156.64,0.0,0.0,0.0,0.0,206.54
0.0,1.0,48.0,0.0,475.0,2457.49,4.0,52.0,386.0,0.0,3749.01
0.0,0.0,37.0,1.0,184.0,781.74,4.0,0.0,104.0,0.0,1595.81
0.0,1.0,13.0,5.0,187.0,2054.11,0.0,56.0,317.0,0.0,2602.06
0.0,0.0,68.0,3.0,207.0,619.19,0.0,0.0,8.0,0.0,677.94
0.0,0.0,68.0,3.0,247.0,834.99,0.0,0.0,40.0,0.0,902.22
0.0,0.0,28.0,1.0,772.0,400.74,0.0,0.0,0.0,0.0,400.74
0.0,0.0,45.0,10.0,712.0,1158.67,0.0,4.0,16.0,0.0,2382.23
0.0,0.0,74.0,8.0,581.0,374.14,0.0,0.0,0.0,0.0,401.73
0.0,1.0,16.0,1.0,477.0,2168.2,4.0,88.0,398.0,0.0,2168.2
0.0,0.0,79.0,9.0,33.0,701.32,0.0,0.0,0.0,0.0,701.32
0.0,0.0,59.0,6.0,615.0,194.42,0.0,0.0,0.0,0.0,199.84
0.0,0.0,44.0,8.0,679.0,386.18,0.0,0.0,0.0,0.0,386.18
0.0,0.0,58.0,6.0,61.0,139.87,0.0,0.0,0.0,0.0,158.27
0.0,0.0,33.0,3.0,129.0,224.2,0.0,0.0,0.0,0.0,232.38
0.0,0.0,25.0,8.0,533.0,995.28,0.0,0.0,0.0,0.0,1293.94
0.0,0.0,24.0,8.0,723.0,492.91,0.0,0.0,4.0,0.0,1832.18
0.0,0.0,31.0,3.0,123.0,105.62,0.0,0.0,0.0,0.0,129.93
0.0,0.0,68.0,3.0,204.0,596.2,0.0,0.0,4.0,0.0,681.19
0.0,0.0,75.0,8.0,616.0,160.04,0.0,0.0,0.0,0.0,187.93
0.0,0.0,45.0,10.0,739.0,2323.29,4.0,8.0,72.0,0.0,2734.26
0.0,0.0,59.0,6.0,609.0,176.29,0.0,0.0,0.0,0.0,220.41
0.0,0.0,33.0,3.0,126.0,215.52,0.0,0.0,0.0,0.0,215.52
0.0,0.0,26.0,8.0,638.0,412.0,0.0,0.0,0.0,0.0,1029.54
0.0,1.0,81.0,0.0,181.0,990.65,0.0,72.0,333.0,0.0,4863.78
0.0,0.0,57.0,3.0,120.0,260.56,0.0,0.0,0.0,0.0,361.59
0.0,0.0,23.0,3.0,252.0,1567.73,0.0,0.0,60.0,0.0,1719.2
0.0,0.0,75.0,8.0,519.0,181.01,0.0,0.0,0.0,0.0,203.8
0.0,1.0,8.0,11.0,444.0,3365.54,8.0,114.0,459.0,0.0,3365.54
0.0,0.0,9.0,8.0,271.0,147.5,0.0,0.0,0.0,0.0,172.79
0.0,0.0,86.0,10.0,725.0,925.25,0.0,8.0,48.0,0.0,2301.0
0.0,0.0,28.0,1.0,759.0,372.89,0.0,0.0,4.0,0.0,473.12
0.0,1.0,83.0,11.0,444.0,3365.54,8.0,114.0,463.0,0.0,3569.64
0.0,0.0,65.0,1.0,202.0,472.71,0.0,4.0,0.0,0.0,670.41
0.0,0.0,24.0,8.0,704.0,377.31,0.0,0.0,4.0,0.0,1770.31
0.0,0.0,93.0,1.0,203.0,559.99,0.0,0.0,4.0,0.0,811.19
0.0,0.0,59.0,6.0,620.0,145.1,0.0,0.0,0.0,0.0,188.9
0.0,0.0,15.0,8.0,651.0,1011.59,0.0,0.0,0.0,0.0,1594.41
0.0,0.0,69.0,3.0,216.0,319.26,0.0,0.0,0.0,0.0,319.26
0.0,0.0,26.0,8.0,653.0,892.05,0.0,0.0,0.0,0.0,892.05
0.0,0.0,26.0,8.0,640.0,1009.58,0.0,0.0,0.0,0.0,1009.58
0.0,0.0,63.0,2.0,376.0,569.68,0.0,0.0,0.0,0.0,1674.89
0.0,0.0,15.0,8.0,734.0,1761.77,0.0,0.0,4.0,0.0,1854.69
0.0,0.0,5.0,0.0,490.0,4959.11,94.0,119.0,76.0,9.0,5655.67
0.0,0.0,20.0,9.0,321.0,1216.71,0.0,4.0,36.0,0.0,1469.75
0.0,0.0,4.0,0.0,474.0,4123.62,32.0,175.0,314.0,4.0,7202.22
0.0,0.0,75.0,8.0,509.0,147.16,0.0,0.0,0.0,0.0,206.59
0.0,0.0,62.0,3.0,98.0,224.69,0.0,0.0,0.0,0.0,263.19
0.0,0.0,15.0,8.0,648.0,444.95,0.0,0.0,4.0,0.0,1665.93
0.0,0.0,15.0,8.0,651.0,1011.59,0.0,0.0,0.0,0.0,1517.02
0.0,0.0,21.0,9.0,361.0,1248.9,0.0,16.0,56.0,0.0,1476.18
0.0,0.0,15.0,8.0,675.0,1006.47,0.0,0.0,0.0,0.0,1542.67
0.0,0.0,74.0,8.0,537.0,349.69,0.0,0.0,0.0,0.0,373.46
0.0,0.0,30.0,9.0,361.0,1248.9,0.0,24.0,79.0,0.0,1277.89
0.0,0.0,45.0,10.0,744.0,2558.94,4.0,20.0,143.0,0.0,2906.81
0.0,0.0,68.0,3.0,214.0,636.0,0.0,0.0,0.0,0.0,671.45
0.0,0.0,17.0,3.0,114.0,232.81,0.0,0.0,0.0,0.0,546.34
0.0,0.0,77.0,4.0,313.0,2588.41,4.0,203.0,178.0,0.0,4051.15
0.0,0.0,74.0,8.0,722.0,566.34,0.0,0.0,8.0,0.0,567.67
0.0,0.0,82.0,8.0,646.0,413.32,0.0,0.0,0.0,0.0,428.14
0.0,0.0,79.0,9.0,332.0,783.32,0.0,0.0,8.0,0.0,793.83
0.0,0.0,32.0,6.0,580.0,740.66,0.0,0.0,0.0,0.0,927.12
0.0,0.0,15.0,8.0,731.0,1696.87,0.0,0.0,8.0,0.0,1823.4
0.0,0.0,68.0,3.0,241.0,595.94,0.0,0.0,0.0,0.0,595.94
0.0,0.0,2.0,11.0,467.0,2816.67,4.0,40.0,416.0,0.0,2816.67
0.0,0.0,32.0,6.0,718.0,514.78,0.0,0.0,4.0,0.0,948.81
0.0,0.0,33.0,3.0,145.0,237.86,0.0,0.0,0.0,0.0,237.86
0.0,0.0,29.0,10.0,593.0,1010.63,0.0,0.0,4.0,0.0,1078.64
0.0,0.0,26.0,8.0,645.0,339.33,0.0,0.0,0.0,0.0,1102.27
0.0,0.0,24.0,8.0,698.0,1733.91,0.0,0.0,8.0,0.0,1785.49
0.0,0.0,25.0,8.0,685.0,766.87,0.0,0.0,0.0,0.0,983.7
0.0,0.0,24.0,8.0,699.0,2156.85,0.0,4.0,28.0,0.0,2356.31
0.0,0.0,24.0,8.0,725.0,925.25,0.0,8.0,40.0,0.0,2238.06
0.0,0.0,9.0,8.0,689.0,149.3,0.0,0.0,0.0,0.0,149.3
0.0,0.0,59.0,6.0,614.0,196.9,0.0,0.0,0.0,0.0,202.71
0.0,0.0,82.0,8.0,648.0,444.95,0.0,0.0,4.0,0.0,495.37
0.0,1.0,48.0,0.0,475.0,2457.49,4.0,72.0,360.0,1.0,3529.91
0.0,0.0,24.0,8.0,702.0,1886.23,0.0,4.0,8.0,0.0,2042.17
0.0,0.0,93.0,1.0,429.0,777.68,0.0,0.0,0.0,0.0,812.77
0.0,1.0,8.0,11.0,456.0,1636.88,12.0,97.0,488.0,0.0,3410.72
0.0,0.0,59.0,6.0,600.0,193.78,0.0,0.0,0.0,0.0,194.74
0.0,0.0,27.0,2.0,408.0,154.25,0.0,0.0,0.0,0.0,227.51
0.0,0.0,32.0,6.0,592.0,783.93,0.0,0.0,0.0,0.0,783.93
0.0,1.0,37.0,1.0,423.0,1817.25,0.0,40.0,347.0,0.0,1905.01
0.0,1.0,37.0,1.0,415.0,1149.09,0.0,0.0,204.0,0.0,1739.51
0.0,0.0,44.0,8.0,663.0,402.35,0.0,0.0,0.0,0.0,475.34
0.0,0.0,57.0,3.0,128.0,57.54,0.0,0.0,0.0,0.0,57.54
0.0,0.0,73.0,6.0,13.0,115.88,0.0,0.0,0.0,0.0,208.61
0.0,0.0,34.0,10.0,577.0,786.2,0.0,0.0,16.0,0.0,1177.96
0.0,0.0,62.0,3.0,84.0,200.93,0.0,0.0,0.0,0.0,200.93
0.0,0.0,59.0,6.0,565.0,197.5,0.0,0.0,0.0,0.0,208.44
0.0,0.0,25.0,8.0,505.0,175.43,0.0,0.0,0.0,0.0,1234.47
0.0,0.0,80.0,3.0,163.0,167.46,0.0,0.0,0.0,0.0,205.83
0.0,0.0,13.0,5.0,190.0,1899.58,0.0,24.0,136.0,0.0,2256.62
0.0,0.0,57.0,3.0,212.0,376.9,0.0,0.0,0.0,0.0,471.59
0.0,0.0,45.0,10.0,579.0,1059.2,0.0,0.0,16.0,0.0,2264.87
0.0,0.0,72.0,3.0,161.0,269.36,0.0,0.0,0.0,0.0,762.9
0.0,0.0,74.0,8.0,585.0,366.04,0.0,0.0,0.0,0.0,437.27
0.0,0.0,57.0,3.0,145.0,237.86,0.0,0.0,0.0,0.0,346.46
0.0,0.0,72.0,3.0,123.0,105.62,0.0,0.0,0.0,0.0,745.93
0.0,0.0,32.0,6.0,577.0,786.2,0.0,0.0,8.0,0.0,887.54
0.0,0.0,82.0,8.0,538.0,90.23,0.0,0.0,0.0,0.0,442.86
0.0,0.0,79.0,9.0,334.0,455.39,0.0,0.0,4.0,0.0,859.19
0.0,0.0,23.0,3.0,246.0,1496.45,0.0,0.0,64.0,0.0,1700.11
0.0,0.0,59.0,6.0,598.0,156.64,0.0,0.0,0.0,0.0,207.05
0.0,0.0,29.0,10.0,343.0,1073.23,0.0,0.0,16.0,0.0,1073.23
0.0,0.0,69.0,3.0,136.0,225.71,0.0,0.0,0.0,0.0,269.0
0.0,1.0,81.0,0.0,475.0,2457.49,4.0,60.0,376.0,1.0,4924.78
0.0,0.0,75.0,8.0,492.0,186.7,0.0,0.0,0.0,0.0,237.05
0.0,0.0,64.0,6.0,10.0,230.5,0.0,0.0,0.0,0.0,797.26
0.0,0.0,43.0,8.0,551.0,74.76,0.0,0.0,0.0,0.0,94.6
0.0,0.0,82.0,8.0,498.0,189.98,0.0,0.0,0.0,0.0,372.26
0.0,0.0,28.0,1.0,762.0,526.16,0.0,0.0,4.0,0.0,526.16
0.0,0.0,27.0,2.0,397.0,195.08,0.0,0.0,4.0,0.0,202.21
0.0,0.0,0.0,2.0,818.0,545.16,0.0,0.0,0.0,0.0,581.29
0.0,0.0,25.0,8.0,530.0,146.01,0.0,0.0,0.0,0.0,1132.56
0.0,0.0,12.0,5.0,175.0,1832.13,0.0,0.0,4.0,0.0,1832.13
0.0,0.0,22.0,2.0,315.0,2386.66,12.0,213.0,242.0,0.0,2533.57
0.0,0.0,82.0,8.0,521.0,192.53,0.0,0.0,0.0,0.0,387.88
0.0,0.0,25.0,8.0,529.0,183.56,0.0,0.0,0.0,0.0,1315.6
0.0,0.0,74.0,8.0,535.0,349.52,0.0,0.0,0.0,0.0,365.17
0.0,0.0,21.0,9.0,332.0,783.32,0.0,0.0,20.0,0.0,1150.42
0.0,0.0,32.0,6.0,721.0,878.79,0.0,0.0,4.0,0.0,895.61
0.0,0.0,29.0,10.0,333.0,806.2,0.0,0.0,0.0,0.0,1081.8
0.0,0.0,65.0,1.0,200.0,661.29,0.0,0.0,8.0,0.0,720.13
0.0,0.0,93.0,1.0,442.0,958.0,0.0,0.0,24.0,0.0,981.48
0.0,0.0,59.0,6.0,555.0,184.19,0.0,0.0,0.0,0.0,219.04
0.0,0.0,60.0,3.0,284.0,52.93,0.0,0.0,0.0,0.0,1224.09
0.0,1.0,8.0,11.0,444.0,3365.54,16.0,173.0,412.0,0.0,3542.01
0.0,0.0,67.0,1.0,783.0,343.07,0.0,0.0,0.0,0.0,343.07
0.0,0.0,0.0,2.0,819.0,436.17,0.0,0.0,0.0,0.0,442.5
0.0,0.0,26.0,8.0,632.0,358.38,0.0,0.0,0.0,0.0,955.99
0.0,0.0,34.0,10.0,720.0,891.81,0.0,0.0,4.0,0.0,1079.48
0.0,0.0,58.0,6.0,61.0,139.87,0.0,0.0,0.0,0.0,144.33
0.0,0.0,15.0,8.0,728.0,1989.89,0.0,8.0,36.0,0.0,2015.91
0.0,0.0,12.0,5.0,183.0,2027.81,4.0,12.0,145.0,0.0,2744.67
0.0,0.0,82.0,8.0,649.0,422.72,0.0,0.0,0.0,0.0,470.17
0.0,0.0,61.0,1.0,775.0,563.05,0.0,0.0,4.0,0.0,736.76
0.0,0.0,17.0,3.0,113.0,186.49,0.0,0.0,0.0,0.0,553.09
0.0,0.0,76.0,3.0,160.0,203.88,0.0,0.0,0.0,0.0,236.08
0.0,0.0,60.0,3.0,145.0,237.86,0.0,0.0,0.0,0.0,1250.33
0.0,0.0,68.0,3.0,204.0,596.2,0.0,0.0,0.0,0.0,753.74
0.0,0.0,65.0,1.0,200.0,661.29,0.0,0.0,32.0,0.0,729.42
0.0,0.0,23.0,3.0,248.0,1666.92,0.0,0.0,76.0,0.0,1710.46
0.0,0.0,23.0,3.0,96.0,487.93,0.0,0.0,0.0,0.0,1162.55
0.0,0.0,11.0,5.0,482.0,1852.82,0.0,44.0,187.0,0.0,2440.52
0.0,0.0,57.0,3.0,216.0,319.26,0.0,0.0,0.0,0.0,421.33
0.0,0.0,11.0,5.0,187.0,2054.11,0.0,24.0,187.0,0.0,2424.59
0.0,0.0,15.0,8.0,651.0,1011.59,0.0,0.0,0.0,0.0,1642.39
0.0,0.0,63.0,2.0,311.0,266.21,0.0,4.0,36.0,0.0,1967.27
0.0,0.0,79.0,9.0,332.0,783.32,0.0,0.0,8.0,0.0,783.32
0.0,0.0,79.0,9.0,38.0,582.53,0.0,0.0,0.0,0.0,705.09
0.0,0.0,28.0,1.0,809.0,449.96,0.0,0.0,0.0,0.0,449.96
0.0,0.0,0.0,2.0,384.0,562.41,0.0,0.0,0.0,0.0,584.29
0.0,0.0,26.0,8.0,644.0,158.71,0.0,0.0,0.0,0.0,1009.18
0.0,0.0,26.0,8.0,635.0,965.55,0.0,0.0,0.0,0.0,1176.97
0.0,0.0,24.0,8.0,697.0,1990.41,0.0,0.0,20.0,0.0,2321.66
0.0,0.0,65.0,1.0,184.0,781.74,0.0,4.0,120.0,0.0,833.9
0.0,0.0,72.0,3.0,125.0,68.37,0.0,0.0,0.0,0.0,726.43
0.0,0.0,33.0,3.0,154.0,216.03,0.0,0.0,0.0,0.0,253.56
0.0,0.0,17.0,3.0,176.0,530.68,0.0,0.0,0.0,0.0,627.29
0.0,0.0,32.0,6.0,583.0,694.69,0.0,0.0,0.0,0.0,722.33
0.0,0.0,75.0,8.0,529.0,183.56,0.0,0.0,0.0,0.0,184.37
0.0,0.0,80.0,3.0,91.0,166.16,0.0,0.0,0.0,0.0,182.72
0.0,0.0,59.0,6.0,618.0,175.29,0.0,0.0,0.0,0.0,202.21
0.0,0.0,86.0,10.0,742.0,2344.08,0.0,16.0,114.0,0.0,2577.27
0.0,0.0,59.0,6.0,565.0,197.5,0.0,0.0,0.0,0.0,208.51
0.0,0.0,32.0,6.0,583.0,694.69,0.0,0.0,0.0,0.0,733.9
0.0,0.0,25.0,8.0,497.0,151.33,0.0,0.0,0.0,0.0,762.22
0.0,0.0,25.0,8.0,525.0,844.65,0.0,0.0,0.0,0.0,1068.53
0.0,1.0,48.0,0.0,472.0,3191.56,16.0,137.0,344.0,4.0,4436.27
0.0,0.0,58.0,6.0,68.0,142.56,0.0,0.0,0.0,0.0,196.82
0.0,0.0,74.0,8.0,704.0,377.31,0.0,0.0,4.0,0.0,448.62
0.0,0.0,28.0,1.0,770.0,387.78,0.0,0.0,0.0,0.0,472.8
0.0,0.0,82.0,8.0,510.0,209.87,0.0,0.0,0.0,0.0,456.23
0.0,0.0,28.0,1.0,757.0,305.67,0.0,0.0,0.0,0.0,475.02
0.0,0.0,45.0,10.0,467.0,2816.67,0.0,42.0,417.0,0.0,3239.41
0.0,0.0,23.0,3.0,93.0,249.28,0.0,0.0,0.0,0.0,1141.57
0.0,0.0,95.0,4.0,463.0,3026.69,89.0,96.0,136.0,3.0,4126.11
0.0,0.0,45.0,10.0,716.0,1289.39,0.0,4.0,24.0,0.0,2654.07
0.0,1.0,37.0,1.0,439.0,1675.32,0.0,12.0,259.0,0.0,1807.37
0.0,0.0,64.0,6.0,31.0,230.5,0.0,0.0,0.0,0.0,870.19
0.0,0.0,59.0,6.0,631.0,202.88,0.0,0.0,0.0,0.0,202.88
0.0,0.0,26.0,8.0,657.0,851.14,0.0,0.0,0.0,0.0,967.56
0.0,0.0,9.0,8.0,288.0,151.97,0.0,0.0,0.0,0.0,174.18
0.0,0.0,79.0,9.0,333.0,806.2,0.0,0.0,0.0,0.0,806.2
0.0,0.0,31.0,3.0,151.0,45.52,0.0,0.0,0.0,0.0,80.5
0.0,0.0,20.0,9.0,338.0,573.26,0.0,0.0,24.0,0.0,1310.79
0.0,0.0,0.0,2.0,829.0,535.48,0.0,0.0,0.0,0.0,721.9
0.0,0.0,61.0,1.0,429.0,777.68,0.0,0.0,0.0,0.0,840.1
0.0,0.0,81.0,0.0,473.0,2803.44,20.0,208.0,265.0,0.0,5642.03
0.0,0.0,66.0,2.0,38.0,582.53,0.0,0.0,0.0,0.0,613.69
0.0,0.0,66.0,2.0,47.0,550.86,0.0,0.0,0.0,0.0,571.47
0.0,0.0,13.0,5.0,190.0,1899.58,0.0,12.0,148.0,0.0,2178.64
0.0,0.0,59.0,6.0,627.0,190.7,0.0,0.0,0.0,0.0,233.4
0.0,0.0,63.0,2.0,399.0,218.5,0.0,0.0,12.0,0.0,1714.66
0.0,0.0,28.0,1.0,756.0,293.11,0.0,0.0,0.0,0.0,372.42
0.0,1.0,1.0,11.0,351.0,3166.66,12.0,58.0,459.0,0.0,4532.53
0.0,0.0,43.0,8.0,623.0,81.64,0.0,0.0,0.0,0.0,105.68
0.0,0.0,0.0,2.0,813.0,530.02,0.0,0.0,0.0,0.0,540.91
0.0,0.0,29.0,10.0,33.0,701.32,0.0,0.0,0.0,0.0,973.63
0.0,0.0,33.0,3.0,126.0,215.52,0.0,0.0,0.0,0.0,229.24
0.0,0.0,79.0,9.0,44.0,706.4,0.0,0.0,0.0,0.0,815.43
0.0,0.0,66.0,2.0,405.0,647.27,0.0,4.0,32.0,0.0,647.27
0.0,0.0,10.0,0.0,471.0,2070.16,16.0,129.0,352.0,0.0,3570.33
0.0,0.0,67.0,1.0,192.0,413.67,0.0,0.0,4.0,0.0,413.67
0.0,0.0,72.0,3.0,162.0,171.64,0.0,0.0,0.0,0.0,808.02
0.0,0.0,76.0,3.0,105.0,219.55,0.0,0.0,0.0,0.0,283.34
0.0,0.0,9.0,8.0,264.0,120.03,0.0,0.0,0.0,0.0,120.03
0.0,0.0,61.0,1.0,777.0,513.84,0.0,0.0,4.0,0.0,647.41
0.0,0.0,79.0,9.0,37.0,701.34,0.0,0.0,0.0,0.0,781.92
0.0,0.0,32.0,6.0,575.0,813.25,0.0,0.0,4.0,0.0,901.98
0.0,0.0,43.0,8.0,541.0,86.16,0.0,0.0,0.0,0.0,113.61
0.0,0.0,31.0,3.0,147.0,80.54,0.0,0.0,0.0,0.0,105.23
0.0,0.0,43.0,8.0,514.0,90.8,0.0,0.0,0.0,0.0,91.61
0.0,0.0,66.0,2.0,34.0,576.4,0.0,0.0,0.0,0.0,579.42
0.0,0.0,62.0,3.0,93.0,249.28,0.0,0.0,0.0,0.0,310.58
0.0,0.0,43.0,8.0,514.0,90.8,0.0,0.0,0.0,0.0,93.81
0.0,0.0,78.0,5.0,482.0,1852.82,0.0,36.0,175.0,0.0,3078.99
0.0,0.0,59.0,6.0,604.0,144.47,0.0,0.0,0.0,0.0,145.29
0.0,0.0,74.0,8.0,709.0,442.82,0.0,0.0,0.0,0.0,484.9
0.0,0.0,9.0,8.0,292.0,123.8,0.0,0.0,0.0,0.0,149.35
0.0,0.0,68.0,3.0,135.0,276.26,0.0,0.0,0.0,0.0,560.57
0.0,0.0,29.0,10.0,342.0,1004.48,0.0,0.0,0.0,0.0,1009.8
0.0,0.0,67.0,1.0,757.0,305.67,0.0,0.0,0.0,0.0,359.32
0.0,0.0,28.0,1.0,800.0,604.54,0.0,0.0,0.0,0.0,615.94
0.0,0.0,72.0,3.0,125.0,68.37,0.0,0.0,0.0,0.0,665.3
0.0,0.0,25.0,8.0,693.0,931.93,0.0,0.0,0.0,0.0,959.21
0.0,0.0,45.0,10.0,711.0,2436.65,0.0,8.0,36.0,0.0,2533.4
0.0,0.0,29.0,10.0,326.0,1042.35,0.0,0.0,8.0,0.0,1193.08
0.0,0.0,45.0,10.0,700.0,1334.01,0.0,4.0,12.0,0.0,2288.06
0.0,0.0,22.0,2.0,313.0,2588.41,4.0,203.0,192.0,0.0,2588.41
0.0,0.0,67.0,1.0,750.0,316.31,0.0,0.0,0.0,0.0,417.99
0.0,0.0,12.0,5.0,165.0,1949.55,0.0,4.0,8.0,0.0,1949.55
0.0,0.0,17.0,3.0,114.0,232.81,0.0,0.0,0.0,0.0,529.71
0.0,0.0,37.0,1.0,441.0,716.16,0.0,4.0,56.0,0.0,1460.04
0.0,0.0,78.0,5.0,483.0,1754.81,0.0,28.0,164.0,0.0,2861.63
0.0,0.0,59.0,6.0,509.0,147.16,0.0,0.0,0.0,0.0,164.49
0.0,0.0,20.0,9.0,320.0,1222.01,0.0,8.0,56.0,0.0,1325.64
0.0,0.0,23.0,3.0,173.0,519.7,0.0,0.0,16.0,0.0,1522.33
0.0,1.0,16.0,1.0,477.0,2168.2,0.0,96.0,401.0,0.0,2240.16
0.0,0.0,15.0,8.0,702.0,1886.23,0.0,4.0,8.0,0.0,1927.53
0.0,0.0,58.0,6.0,56.0,131.4,0.0,0.0,0.0,0.0,131.72
0.0,0.0,75.0,8.0,506.0,199.95,0.0,0.0,0.0,0.0,232.73
0.0,1.0,8.0,11.0,456.0,1636.88,8.0,80.0,501.0,0.0,3344.78
0.0,0.0,59.0,6.0,607.0,192.37,0.0,0.0,0.0,0.0,192.37
0.0,1.0,88.0,9.0,350.0,1928.85,20.0,214.0,324.0,0.0,2219.93
0.0,1.0,37.0,1.0,417.0,1191.41,0.0,4.0,213.0,0.0,1735.5
0.0,0.0,63.0,2.0,407.0,1864.09,0.0,4.0,12.0,0.0,1891.12
0.0,0.0,68.0,3.0,211.0,600.56,0.0,0.0,0.0,0.0,709.62
0.0,0.0,28.0,1.0,805.0,448.2,0.0,0.0,0.0,0.0,471.72
0.0,0.0,30.0,9.0,366.0,1234.91,0.0,8.0,89.0,0.0,1246.17
0.0,0.0,68.0,3.0,211.0,600.56,0.0,0.0,0.0,0.0,661.14
0.0,0.0,45.0,10.0,699.0,2156.85,0.0,4.0,24.0,0.0,2637.98
0.0,0.0,0.0,2.0,76.0,529.75,0.0,0.0,0.0,0.0,530.69
0.0,1.0,13.0,5.0,187.0,2054.11,0.0,40.0,275.0,0.0,2457.31
0.0,0.0,86.0,10.0,744.0,2558.94,0.0,12.0,190.0,0.0,2726.56
0.0,0.0,77.0,4.0,459.0,2364.28,10.0,217.0,168.0,0.0,3962.42
0.0,1.0,45.0,10.0,351.0,3166.66,12.0,79.0,442.0,0.0,3528.98
0.0,0.0,37.0,1.0,200.0,661.29,0.0,0.0,40.0,0.0,1522.11
0.0,0.0,59.0,6.0,68.0,142.56,0.0,0.0,0.0,0.0,192.45
0.0,0.0,45.0,10.0,347.0,3301.75,4.0,28.0,276.0,0.0,3392.54
0.0,1.0,22.0,2.0,302.0,2034.02,16.0,253.0,223.0,0.0,2515.19
0.0,0.0,68.0,3.0,212.0,376.9,0.0,0.0,0.0,0.0,617.01
0.0,0.0,15.0,8.0,227.0,1872.99,0.0,0.0,16.0,0.0,1900.78
0.0,0.0,75.0,8.0,508.0,180.6,0.0,0.0,0.0,0.0,235.01
0.0,1.0,83.0,11.0,452.0,2275.51,8.0,101.0,488.0,0.0,3609.53
0.0,0.0,63.0,2.0,401.0,616.6,0.0,0.0,8.0,0.0,1780.43
0.0,0.0,74.0,8.0,585.0,366.04,0.0,0.0,0.0,0.0,444.1
0.0,0.0,29.0,10.0,330.0,1093.02,0.0,0.0,20.0,0.0,1249.92
0.0,0.0,74.0,8.0,723.0,492.91,0.0,0.0,4.0,0.0,571.34
0.0,0.0,33.0,3.0,156.0,216.08,0.0,0.0,0.0,0.0,303.56
0.0,0.0,59.0,6.0,544.0,254.7,0.0,0.0,0.0,0.0,254.7
0.0,0.0,25.0,8.0,533.0,995.28,0.0,0.0,0.0,0.0,1157.65
0.0,0.0,66.0,2.0,34.0,576.4,0.0,0.0,0.0,0.0,578.46
0.0,0.0,76.0,3.0,103.0,246.25,0.0,0.0,0.0,0.0,247.2
0.0,0.0,80.0,3.0,149.0,110.1,0.0,0.0,0.0,0.0,207.48
0.0,0.0,27.0,2.0,408.0,154.25,0.0,0.0,0.0,0.0,224.89
0.0,1.0,19.0,1.0,180.0,942.13,0.0,16.0,231.0,0.0,1701.48
0.0,0.0,45.0,10.0,700.0,1334.01,0.0,4.0,12.0,0.0,2399.37
0.0,0.0,0.0,2.0,824.0,510.28,0.0,0.0,0.0,0.0,714.86
0.0,0.0,34.0,10.0,592.0,783.93,0.0,0.0,0.0,0.0,1048.29
0.0,0.0,59.0,6.0,598.0,156.64,0.0,0.0,0.0,0.0,190.3
0.0,0.0,75.0,8.0,616.0,160.04,0.0,0.0,0.0,0.0,185.46
0.0,0.0,12.0,5.0,171.0,1941.38,0.0,0.0,4.0,0.0,2174.49
0.0,0.0,64.0,6.0,31.0,230.5,0.0,0.0,0.0,0.0,945.02
0.0,0.0,73.0,6.0,29.0,174.89,0.0,0.0,0.0,0.0,211.36
0.0,1.0,37.0,1.0,417.0,1191.41,0.0,4.0,187.0,0.0,1710.73
0.0,0.0,29.0,10.0,320.0,1222.01,0.0,4.0,52.0,0.0,1308.25
0.0,0.0,0.0,2.0,822.0,557.25,0.0,0.0,0.0,0.0,735.62
0.0,0.0,70.0,3.0,255.0,64.23,0.0,0.0,0.0,0.0,199.0
0.0,0.0,73.0,6.0,13.0,115.88,0.0,0.0,0.0,0.0,265.98
0.0,0.0,74.0,8.0,704.0,377.31,0.0,0.0,4.0,0.0,571.53
0.0,0.0,15.0,8.0,230.0,1545.2,0.0,0.0,0.0,0.0,1584.08
0.0,1.0,83.0,11.0,452.0,2275.51,0.0,75.0,463.0,0.0,3590.2
0.0,0.0,63.0,2.0,404.0,614.83,0.0,0.0,4.0,0.0,1838.43
0.0,0.0,58.0,6.0,50.0,134.61,0.0,0.0,0.0,0.0,135.32
0.0,0.0,25.0,8.0,524.0,367.69,0.0,0.0,0.0,0.0,1079.05
0.0,0.0,0.0,2.0,390.0,579.42,0.0,0.0,0.0,0.0,591.1
0.0,0.0,21.0,9.0,363.0,1130.11,0.0,4.0,40.0,0.0,1249.03
0.0,0.0,70.0,3.0,91.0,166.16,0.0,0.0,0.0,0.0,204.69
0.0,0.0,67.0,1.0,790.0,355.73,0.0,0.0,0.0,0.0,355.73
0.0,0.0,44.0,8.0,671.0,384.03,0.0,0.0,0.0,0.0,424.09
0.0,0.0,67.0,1.0,260.0,359.46,0.0,0.0,0.0,0.0,394.89
0.0,0.0,30.0,9.0,360.0,1229.98,0.0,20.0,88.0,0.0,1302.46
0.0,0.0,79.0,9.0,334.0,455.39,0.0,0.0,0.0,0.0,850.89
0.0,0.0,71.0,9.0,346.0,1866.7,8.0,58.0,423.0,0.0,2702.21
0.0,0.0,73.0,6.0,1.0,198.02,0.0,0.0,0.0,0.0,201.11
0.0,0.0,59.0,6.0,627.0,190.7,0.0,0.0,0.0,0.0,267.43
0.0,0.0,31.0,3.0,151.0,45.52,0.0,0.0,0.0,0.0,112.4
0.0,0.0,57.0,3.0,662.0,413.71,0.0,0.0,0.0,0.0,413.71
0.0,1.0,83.0,11.0,444.0,3365.54,8.0,211.0,345.0,0.0,4206.28
0.0,0.0,73.0,6.0,8.0,204.74,0.0,0.0,0.0,0.0,205.32
0.0,0.0,28.0,1.0,809.0,449.96,0.0,0.0,0.0,0.0,510.65
0.0,0.0,79.0,9.0,37.0,701.34,0.0,0.0,0.0,0.0,713.85
0.0,0.0,25.0,8.0,693.0,931.93,0.0,0.0,0.0,0.0,945.73
0.0,0.0,57.0,3.0,133.0,258.83,0.0,0.0,0.0,0.0,351.69
0.0,0.0,62.0,3.0,83.0,202.33,0.0,0.0,0.0,0.0,202.33
0.0,0.0,20.0,9.0,336.0,1277.97,0.0,0.0,32.0,0.0,1341.42
0.0,0.0,66.0,2.0,379.0,549.11,0.0,0.0,0.0,0.0,568.08
0.0,0.0,25.0,8.0,694.0,899.37,0.0,0.0,0.0,0.0,1024.47
0.0,0.0,45.0,10.0,714.0,1283.41,0.0,0.0,20.0,0.0,2437.67
0.0,0.0,82.0,8.0,538.0,90.23,0.0,0.0,0.0,0.0,416.37
0.0,0.0,59.0,6.0,614.0,196.9,0.0,0.0,0.0,0.0,201.73
0.0,0.0,27.0,2.0,839.0,174.44,0.0,0.0,0.0,0.0,193.53
0.0,0.0,57.0,3.0,212.0,376.9,0.0,0.0,0.0,0.0,445.42
0.0,0.0,23.0,3.0,245.0,252.33,0.0,0.0,0.0,0.0,1183.2
0.0,0.0,24.0,8.0,743.0,2284.46,4.0,4.0,60.0,0.0,2464.71
0.0,0.0,24.0,8.0,732.0,1663.99,0.0,0.0,4.0,0.0,1685.2
0.0,0.0,26.0,8.0,272.0,129.95,0.0,0.0,0.0,0.0,881.08
0.0,0.0,34.0,10.0,718.0,514.78,0.0,0.0,4.0,0.0,1305.99
0.0,0.0,63.0,2.0,404.0,614.83,0.0,0.0,4.0,0.0,1893.3
0.0,0.0,74.0,8.0,506.0,199.95,0.0,0.0,0.0,0.0,448.51
0.0,0.0,93.0,1.0,430.0,822.82,0.0,0.0,16.0,0.0,897.35
0.0,0.0,17.0,3.0,250.0,613.86,0.0,0.0,12.0,0.0,613.86
0.0,0.0,17.0,3.0,97.0,234.38,0.0,0.0,0.0,0.0,465.99
0.0,0.0,66.0,2.0,32.0,577.21,0.0,0.0,0.0,0.0,589.85
0.0,0.0,26.0,8.0,635.0,965.55,0.0,0.0,0.0,0.0,1142.07
0.0,0.0,61.0,1.0,429.0,777.68,0.0,0.0,0.0,0.0,804.61
0.0,1.0,89.0,0.0,447.0,2909.01,24.0,197.0,344.0,0.0,5125.89
0.0,0.0,68.0,3.0,211.0,600.56,0.0,0.0,0.0,0.0,642.53
0.0,0.0,81.0,0.0,489.0,6047.83,48.0,246.0,122.0,11.0,6366.91
0.0,0.0,0.0,2.0,74.0,504.94,0.0,0.0,0.0,0.0,530.61
0.0,0.0,80.0,3.0,153.0,94.38,0.0,0.0,0.0,0.0,229.51
0.0,0.0,16.0,1.0,420.0,2587.1,20.0,189.0,296.0,0.0,2763.15
0.0,0.0,43.0,8.0,553.0,89.65,0.0,0.0,0.0,0.0,94.8
0.0,0.0,72.0,3.0,244.0,257.18,0.0,0.0,0.0,0.0,618.33
0.0,0.0,65.0,1.0,440.0,638.07,0.0,4.0,8.0,0.0,721.28
0.0,1.0,78.0,5.0,456.0,1636.88,4.0,48.0,363.0,0.0,3422.11
0.0,0.0,67.0,1.0,201.0,434.07,0.0,4.0,0.0,0.0,434.07
0.0,1.0,86.0,10.0,456.0,1636.88,4.0,95.0,486.0,0.0,3332.64
0.0,1.0,19.0,1.0,181.0,990.65,0.0,76.0,338.0,0.0,2296.06
0.0,1.0,86.0,10.0,464.0,3075.99,8.0,101.0,460.0,0.0,3075.99
0.0,0.0,23.0,3.0,246.0,1496.45,0.0,0.0,44.0,0.0,1536.12
0.0,1.0,37.0,1.0,419.0,1938.98,0.0,64.0,434.0,0.0,2005.86
0.0,0.0,24.0,8.0,697.0,1990.41,0.0,0.0,12.0,0.0,1990.41
0.0,0.0,23.0,3.0,251.0,1367.1,0.0,0.0,0.0,0.0,1367.1
0.0,0.0,32.0,6.0,584.0,834.74,0.0,0.0,0.0,0.0,864.74
0.0,0.0,68.0,3.0,243.0,254.93,0.0,0.0,0.0,0.0,627.98
0.0,0.0,9.0,8.0,266.0,153.47,0.0,0.0,0.0,0.0,153.73
0.0,0.0,15.0,8.0,219.0,1972.08,0.0,4.0,44.0,0.0,2022.23
0.0,0.0,34.0,10.0,720.0,891.81,0.0,0.0,8.0,0.0,1188.43
0.0,0.0,32.0,6.0,586.0,815.82,0.0,0.0,0.0,0.0,944.5
0.0,0.0,58.0,6.0,56.0,131.4,0.0,0.0,0.0,0.0,189.41
0.0,0.0,75.0,8.0,530.0,146.01,0.0,0.0,0.0,0.0,178.12
0.0,0.0,27.0,2.0,396.0,162.63,0.0,0.0,0.0,0.0,199.98
0.0,0.0,79.0,9.0,38.0,582.53,0.0,0.0,0.0,0.0,696.99
0.0,0.0,57.0,3.0,145.0,237.86,0.0,0.0,0.0,0.0,347.34
0.0,0.0,23.0,3.0,173.0,519.7,0.0,0.0,16.0,0.0,1478.83
0.0,0.0,33.0,3.0,145.0,237.86,0.0,0.0,0.0,0.0,266.95
0.0,0.0,45.0,10.0,738.0,2445.6,4.0,16.0,68.0,0.0,2786.45
0.0,0.0,9.0,8.0,283.0,148.08,0.0,0.0,0.0,0.0,148.08
0.0,0.0,45.0,10.0,738.0,2445.6,4.0,16.0,135.0,0.0,2939.86
0.0,1.0,84.0,11.0,464.0,3075.99,8.0,99.0,470.0,0.0,3456.22
0.0,0.0,76.0,3.0,245.0,252.33,0.0,0.0,0.0,0.0,271.01
0.0,0.0,27.0,2.0,397.0,195.08,0.0,0.0,0.0,0.0,230.95
0.0,0.0,78.0,5.0,725.0,925.25,0.0,0.0,48.0,0.0,2587.49
0.0,0.0,93.0,1.0,438.0,993.14,0.0,0.0,72.0,0.0,993.14
0.0,0.0,25.0,8.0,504.0,119.86,0.0,0.0,0.0,0.0,1207.49
0.0,0.0,45.0,10.0,716.0,1289.39,0.0,4.0,20.0,0.0,2373.93
0.0,0.0,82.0,8.0,539.0,381.78,0.0,0.0,0.0,0.0,395.38
0.0,0.0,63.0,2.0,395.0,206.82,0.0,0.0,8.0,0.0,1708.88
0.0,0.0,17.0,3.0,250.0,613.86,0.0,0.0,48.0,0.0,700.96
0.0,0.0,58.0,6.0,58.0,140.97,0.0,0.0,0.0,0.0,171.83
0.0,0.0,15.0,8.0,659.0,994.03,0.0,0.0,0.0,0.0,1339.14
0.0,0.0,82.0,8.0,498.0,189.98,0.0,0.0,0.0,0.0,407.2
0.0,0.0,30.0,9.0,348.0,1485.55,0.0,44.0,318.0,0.0,1485.55
0.0,0.0,93.0,1.0,440.0,638.07,0.0,0.0,4.0,0.0,965.05
0.0,0.0,15.0,8.0,214.0,636.0,0.0,0.0,0.0,0.0,1514.68
0.0,0.0,65.0,1.0,202.0,472.71,0.0,4.0,0.0,0.0,598.21
0.0,1.0,71.0,9.0,299.0,1427.43,4.0,103.0,374.0,0.0,2592.12
0.0,0.0,58.0,6.0,58.0,140.97,0.0,0.0,0.0,0.0,142.97
0.0,0.0,15.0,8.0,662.0,413.71,0.0,0.0,0.0,0.0,1554.23
0.0,0.0,79.0,9.0,44.0,706.4,0.0,0.0,0.0,0.0,722.45
0.0,1.0,78.0,5.0,480.0,2968.87,20.0,105.0,424.0,0.0,3647.97
0.0,0.0,31.0,3.0,150.0,108.82,0.0,0.0,0.0,0.0,115.69
0.0,0.0,27.0,2.0,830.0,168.94,0.0,0.0,0.0,0.0,178.54
0.0,0.0,67.0,1.0,790.0,355.73,0.0,0.0,0.0,0.0,360.34
0.0,0.0,73.0,6.0,11.0,206.56,0.0,0.0,0.0,0.0,266.25
0.0,0.0,45.0,10.0,741.0,2750.66,0.0,16.0,60.0,0.0,2755.16
0.0,0.0,76.0,3.0,89.0,175.42,0.0,0.0,0.0,0.0,219.35
0.0,0.0,26.0,8.0,650.0,1035.72,0.0,0.0,0.0,0.0,1137.81
0.0,0.0,63.0,2.0,309.0,2092.52,0.0,8.0,127.0,0.0,2238.45
0.0,0.0,28.0,1.0,795.0,379.88,0.0,0.0,0.0,0.0,464.77
0.0,0.0,12.0,5.0,182.0,786.6,0.0,4.0,100.0,0.0,2593.15
0.0,0.0,28.0,1.0,755.0,469.42,0.0,0.0,0.0,0.0,492.85
0.0,0.0,86.0,10.0,744.0,2558.94,4.0,24.0,154.0,0.0,2558.94
0.0,0.0,78.0,5.0,482.0,1852.82,0.0,40.0,171.0,0.0,2984.25
0.0,0.0,33.0,3.0,129.0,224.2,0.0,0.0,0.0,0.0,224.2
0.0,1.0,83.0,11.0,444.0,3365.54,12.0,132.0,437.0,0.0,3725.67
0.0,0.0,61.0,1.0,777.0,513.84,0.0,0.0,4.0,0.0,700.25
0.0,0.0,58.0,6.0,51.0,138.79,0.0,0.0,0.0,0.0,138.79
0.0,0.0,29.0,10.0,344.0,1061.64,0.0,0.0,4.0,0.0,1093.64
0.0,0.0,28.0,1.0,755.0,469.42,0.0,0.0,0.0,0.0,535.59
0.0,0.0,74.0,8.0,708.0,527.03,0.0,0.0,4.0,0.0,555.6
0.0,0.0,88.0,9.0,459.0,2364.28,56.0,159.0,140.0,2.0,2999.39
0.0,1.0,71.0,9.0,346.0,1866.7,4.0,67.0,430.0,0.0,2746.43
0.0,0.0,30.0,9.0,364.0,1326.07,0.0,28.0,288.0,0.0,1440.16
0.0,0.0,61.0,1.0,429.0,777.68,0.0,0.0,0.0,0.0,777.68
0.0,0.0,58.0,6.0,70.0,111.88,0.0,0.0,0.0,0.0,111.88
0.0,0.0,45.0,10.0,740.0,2807.26,4.0,16.0,82.0,0.0,2853.54
0.0,0.0,76.0,3.0,94.0,244.05,0.0,0.0,0.0,0.0,266.37
0.0,0.0,78.0,5.0,454.0,3171.03,0.0,24.0,241.0,0.0,3171.03
0.0,0.0,59.0,6.0,554.0,90.93,0.0,0.0,0.0,0.0,193.02
0.0,0.0,20.0,9.0,345.0,793.36,0.0,0.0,4.0,0.0,1117.75
0.0,1.0,78.0,5.0,481.0,2738.12,8.0,96.0,465.0,0.0,3498.98
0.0,0.0,64.0,6.0,33.0,701.32,0.0,0.0,0.0,0.0,1093.79
0.0,0.0,75.0,8.0,508.0,180.6,0.0,0.0,0.0,0.0,208.13
0.0,0.0,57.0,3.0,120.0,260.56,0.0,0.0,0.0,0.0,319.06
0.0,0.0,43.0,8.0,516.0,93.27,0.0,0.0,0.0,0.0,110.39
0.0,0.0,43.0,8.0,553.0,89.65,0.0,0.0,0.0,0.0,114.92
0.0,0.0,73.0,6.0,25.0,166.59,0.0,0.0,0.0,0.0,288.12
0.0,0.0,70.0,3.0,110.0,191.92,0.0,0.0,0.0,0.0,202.66
0.0,0.0,28.0,1.0,769.0,518.56,0.0,0.0,0.0,0.0,571.4
0.0,0.0,31.0,3.0,155.0,101.64,0.0,0.0,0.0,0.0,119.47
0.0,0.0,45.0,10.0,353.0,2768.64,4.0,24.0,102.0,0.0,2907.65
0.0,0.0,67.0,1.0,764.0,390.87,0.0,0.0,4.0,0.0,465.95
0.0,0.0,62.0,3.0,79.0,206.0,0.0,0.0,0.0,0.0,216.96
0.0,0.0,75.0,8.0,505.0,175.43,0.0,0.0,0.0,0.0,176.9
0.0,0.0,25.0,8.0,525.0,844.65,0.0,0.0,0.0,0.0,844.65
0.0,0.0,76.0,3.0,236.0,227.02,0.0,0.0,0.0,0.0,269.7
0.0,0.0,29.0,10.0,323.0,1298.03,0.0,0.0,56.0,0.0,1312.59
0.0,0.0,80.0,3.0,158.0,242.88,0.0,0.0,0.0,0.0,282.99
0.0,0.0,26.0,8.0,643.0,839.45,0.0,0.0,0.0,0.0,839.45
0.0,0.0,78.0,5.0,479.0,2951.98,4.0,44.0,280.0,0.0,3202.34
0.0,0.0,26.0,8.0,657.0,851.14,0.0,0.0,0.0,0.0,851.14
0.0,0.0,75.0,8.0,518.0,79.1,0.0,0.0,0.0,0.0,177.65
0.0,0.0,9.0,8.0,290.0,150.52,0.0,0.0,0.0,0.0,172.08
0.0,0.0,58.0,6.0,606.0,118.97,0.0,0.0,0.0,0.0,138.89
0.0,0.0,29.0,10.0,333.0,806.2,0.0,0.0,0.0,0.0,1075.42
0.0,0.0,70.0,3.0,88.0,82.58,0.0,0.0,0.0,0.0,279.45
0.0,0.0,25.0,8.0,504.0,119.86,0.0,0.0,0.0,0.0,1033.73
0.0,0.0,17.0,3.0,116.0,414.37,0.0,0.0,0.0,0.0,562.76
0.0,0.0,77.0,4.0,313.0,2588.41,20.0,165.0,194.0,0.0,3794.31
0.0,0.0,62.0,3.0,104.0,220.69,0.0,0.0,0.0,0.0,267.34
0.0,0.0,26.0,8.0,653.0,892.05,0.0,0.0,0.0,0.0,957.92
0.0,0.0,9.0,8.0,267.0,138.48,0.0,0.0,0.0,0.0,187.7
0.0,0.0,24.0,8.0,722.0,566.34,0.0,0.0,8.0,0.0,1827.12
0.0,0.0,23.0,3.0,238.0,496.18,0.0,0.0,0.0,0.0,1275.69
0.0,0.0,60.0,3.0,291.0,219.66,0.0,0.0,0.0,0.0,1107.11
0.0,0.0,68.0,3.0,135.0,276.26,0.0,0.0,0.0,0.0,577.12
0.0,0.0,76.0,3.0,103.0,246.25,0.0,0.0,0.0,0.0,254.92
0.0,0.0,82.0,8.0,522.0,340.08,0.0,0.0,0.0,0.0,447.86
0.0,0.0,82.0,8.0,534.0,368.88,0.0,0.0,0.0,0.0,394.45
0.0,0.0,63.0,2.0,392.0,592.64,0.0,0.0,0.0,0.0,1796.69
0.0,0.0,59.0,6.0,614.0,196.9,0.0,0.0,0.0,0.0,203.58
0.0,0.0,60.0,3.0,288.0,151.97,0.0,0.0,0.0,0.0,1129.95
0.0,1.0,19.0,1.0,424.0,1946.64,0.0,72.0,418.0,0.0,2724.13
0.0,0.0,33.0,3.0,127.0,221.29,0.0,0.0,0.0,0.0,222.81
0.0,0.0,80.0,3.0,162.0,171.64,0.0,0.0,0.0,0.0,204.33
0.0,0.0,4.0,0.0,474.0,4123.62,36.0,222.0,237.0,1.0,7633.19
0.0,0.0,15.0,8.0,728.0,1989.89,0.0,8.0,40.0,0.0,2010.83
0.0,0.0,81.0,0.0,473.0,2803.44,16.0,128.0,345.0,0.0,5384.02
0.0,0.0,29.0,10.0,36.0,738.92,0.0,0.0,0.0,0.0,1027.23
0.0,0.0,57.0,3.0,665.0,321.07,0.0,0.0,0.0,0.0,437.77
0.0,1.0,83.0,11.0,456.0,1636.88,4.0,96.0,489.0,0.0,3881.24
0.0,0.0,10.0,0.0,474.0,4123.62,56.0,267.0,113.0,1.0,4321.59
0.0,0.0,15.0,8.0,651.0,1011.59,0.0,0.0,0.0,0.0,1479.28
0.0,1.0,1.0,11.0,346.0,1866.7,4.0,66.0,427.0,0.0,4293.99
0.0,0.0,27.0,2.0,399.0,218.5,0.0,0.0,12.0,0.0,229.13
0.0,0.0,64.0,6.0,23.0,711.07,0.0,0.0,0.0,0.0,801.06
0.0,1.0,22.0,2.0,298.0,1996.16,4.0,55.0,402.0,0.0,2390.07
0.0,0.0,28.0,1.0,775.0,563.05,0.0,0.0,0.0,0.0,576.9
0.0,0.0,58.0,6.0,58.0,140.97,0.0,0.0,0.0,0.0,153.46
0.0,0.0,37.0,1.0,184.0,781.74,0.0,0.0,124.0,0.0,1665.03
0.0,0.0,0.0,2.0,812.0,516.4,0.0,0.0,0.0,0.0,621.59
0.0,0.0,72.0,3.0,125.0,68.37,0.0,0.0,0.0,0.0,750.21
0.0,0.0,44.0,8.0,661.0,346.46,0.0,0.0,0.0,0.0,455.15
0.0,0.0,77.0,4.0,459.0,2364.28,20.0,282.0,178.0,0.0,3774.08
0.0,0.0,58.0,6.0,51.0,138.79,0.0,0.0,0.0,0.0,140.03
0.0,0.0,79.0,9.0,334.0,455.39,0.0,0.0,0.0,0.0,802.88
0.0,0.0,59.0,6.0,605.0,140.11,0.0,0.0,0.0,0.0,193.61
0.0,0.0,44.0,8.0,290.0,150.52,0.0,0.0,0.0,0.0,322.95
0.0,0.0,28.0,1.0,801.0,473.93,0.0,0.0,0.0,0.0,578.49
0.0,0.0,20.0,9.0,320.0,1222.01,0.0,4.0,48.0,0.0,1367.78
0.0,0.0,59.0,6.0,77.0,124.2,0.0,0.0,0.0,0.0,189.29
0.0,0.0,68.0,3.0,216.0,319.26,0.0,0.0,0.0,0.0,558.72
0.0,0.0,70.0,3.0,87.0,173.5,0.0,0.0,0.0,0.0,219.14
0.0,0.0,24.0,8.0,737.0,1696.46,0.0,0.0,8.0,0.0,2212.14
0.0,1.0,92.0,0.0,447.0,2909.01,20.0,192.0,357.0,0.0,2909.01
0.0,0.0,27.0,2.0,397.0,195.08,0.0,0.0,0.0,0.0,240.47
0.0,0.0,66.0,2.0,47.0,550.86,0.0,0.0,0.0,0.0,555.91
0.0,0.0,12.0,5.0,190.0,1899.58,0.0,8.0,80.0,0.0,2418.59
0.0,0.0,60.0,3.0,127.0,221.29,0.0,0.0,0.0,0.0,1125.07
0.0,0.0,60.0,3.0,290.0,150.52,0.0,0.0,0.0,0.0,1163.16
0.0,0.0,0.0,2.0,820.0,528.75,0.0,0.0,0.0,0.0,535.43
0.0,0.0,29.0,10.0,339.0,983.27,0.0,0.0,4.0,0.0,1074.18
0.0,0.0,17.0,3.0,250.0,613.86,0.0,0.0,44.0,0.0,739.43
0.0,0.0,44.0,8.0,669.0,334.48,0.0,0.0,0.0,0.0,378.15
0.0,0.0,78.0,5.0,479.0,2951.98,0.0,20.0,156.0,0.0,2951.98
0.0,0.0,27.0,2.0,412.0,183.12,0.0,0.0,0.0,0.0,184.83
0.0,0.0,17.0,3.0,115.0,220.55,0.0,0.0,0.0,0.0,220.55
0.0,0.0,72.0,3.0,120.0,260.56,0.0,0.0,0.0,0.0,860.23
0.0,0.0,33.0,3.0,156.0,216.08,0.0,0.0,0.0,0.0,302.77
0.0,0.0,9.0,8.0,292.0,123.8,0.0,0.0,0.0,0.0,148.79
0.0,0.0,0.0,2.0,816.0,167.85,0.0,0.0,0.0,0.0,535.46
0.0,0.0,61.0,1.0,773.0,557.21,0.0,0.0,4.0,0.0,717.32
0.0,1.0,88.0,9.0,460.0,2235.35,22.0,335.0,187.0,0.0,2340.88
0.0,1.0,84.0,11.0,468.0,2031.02,20.0,199.0,402.0,0.0,3616.63
0.0,0.0,73.0,6.0,4.0,202.85,0.0,0.0,0.0,0.0,207.77
0.0,0.0,62.0,3.0,98.0,224.69,0.0,0.0,0.0,0.0,289.01
0.0,0.0,72.0,3.0,101.0,237.79,0.0,0.0,0.0,0.0,751.02
0.0,0.0,60.0,3.0,142.0,327.35,0.0,0.0,0.0,0.0,1151.79
0.0,0.0,31.0,3.0,153.0,94.38,0.0,0.0,0.0,0.0,94.38
0.0,0.0,59.0,6.0,609.0,176.29,0.0,0.0,0.0,0.0,219.62
0.0,0.0,27.0,2.0,397.0,195.08,0.0,0.0,0.0,0.0,238.29
0.0,0.0,15.0,8.0,635.0,965.55,0.0,0.0,0.0,0.0,1410.99
0.0,0.0,17.0,3.0,174.0,538.34,0.0,0.0,20.0,0.0,604.37
0.0,0.0,32.0,6.0,571.0,717.38,0.0,0.0,0.0,0.0,727.3
0.0,0.0,28.0,1.0,777.0,513.84,0.0,0.0,4.0,0.0,539.97
0.0,0.0,62.0,3.0,92.0,189.72,0.0,0.0,0.0,0.0,227.02
0.0,0.0,9.0,8.0,268.0,145.93,0.0,0.0,0.0,0.0,187.55
0.0,0.0,24.0,8.0,698.0,1733.91,0.0,4.0,8.0,0.0,1850.55
0.0,0.0,24.0,8.0,722.0,566.34,0.0,4.0,4.0,0.0,2030.3
0.0,0.0,93.0,1.0,430.0,822.82,0.0,0.0,16.0,0.0,877.09
0.0,0.0,26.0,8.0,642.0,922.28,0.0,0.0,0.0,0.0,1006.58
0.0,0.0,25.0,8.0,528.0,908.09,0.0,0.0,0.0,0.0,965.25
0.0,0.0,58.0,6.0,58.0,140.97,0.0,0.0,0.0,0.0,140.97
0.0,0.0,15.0,8.0,662.0,413.71,0.0,0.0,0.0,0.0,1657.97
0.0,0.0,9.0,8.0,282.0,142.41,0.0,0.0,0.0,0.0,146.59
0.0,0.0,61.0,1.0,799.0,465.92,0.0,0.0,0.0,0.0,599.22
0.0,0.0,29.0,10.0,333.0,806.2,0.0,0.0,4.0,0.0,1101.44
0.0,0.0,65.0,1.0,774.0,631.28,0.0,0.0,4.0,0.0,631.28
0.0,0.0,9.0,8.0,266.0,153.47,0.0,0.0,0.0,0.0,157.45
0.0,0.0,25.0,8.0,532.0,816.17,0.0,0.0,0.0,0.0,816.17
0.0,0.0,26.0,8.0,632.0,358.38,0.0,0.0,0.0,0.0,1262.02
0.0,0.0,33.0,3.0,126.0,215.52,0.0,0.0,0.0,0.0,256.99
0.0,0.0,82.0,8.0,646.0,413.32,0.0,0.0,0.0,0.0,417.46
0.0,0.0,45.0,10.0,717.0,2521.48,0.0,8.0,40.0,0.0,2524.7
0.0,0.0,15.0,8.0,647.0,397.42,0.0,0.0,0.0,0.0,1497.75
0.0,0.0,59.0,6.0,627.0,190.7,0.0,0.0,0.0,0.0,190.7
0.0,0.0,37.0,1.0,441.0,716.16,0.0,4.0,36.0,0.0,1439.47
0.0,1.0,16.0,1.0,424.0,1946.64,0.0,80.0,402.0,0.0,2211.83
0.0,0.0,73.0,6.0,8.0,204.74,0.0,0.0,0.0,0.0,208.29
0.0,0.0,57.0,3.0,660.0,329.02,0.0,0.0,0.0,0.0,392.76
0.0,0.0,68.0,3.0,247.0,834.99,0.0,0.0,24.0,0.0,834.99
0.0,0.0,82.0,8.0,538.0,90.23,0.0,0.0,0.0,0.0,417.01
0.0,0.0,62.0,3.0,93.0,249.28,0.0,0.0,0.0,0.0,253.63
0.0,0.0,66.0,2.0,335.0,628.18,0.0,0.0,0.0,0.0,628.18
0.0,0.0,25.0,8.0,647.0,397.42,0.0,0.0,0.0,0.0,1423.88
0.0,0.0,76.0,3.0,101.0,237.79,0.0,0.0,0.0,0.0,251.9
0.0,0.0,15.0,8.0,213.0,646.77,0.0,0.0,0.0,0.0,1810.67
0.0,0.0,57.0,3.0,666.0,314.68,0.0,0.0,0.0,0.0,421.42
0.0,0.0,9.0,8.0,280.0,144.31,0.0,0.0,0.0,0.0,149.39
0.0,0.0,87.0,0.0,447.0,2909.01,28.0,197.0,258.0,1.0,6053.12
0.0,0.0,76.0,3.0,89.0,175.42,0.0,0.0,0.0,0.0,220.64
0.0,0.0,17.0,3.0,95.0,522.82,0.0,0.0,4.0,0.0,541.75
0.0,0.0,69.0,3.0,135.0,276.26,0.0,0.0,0.0,0.0,349.53
0.0,0.0,76.0,3.0,164.0,224.7,0.0,0.0,0.0,0.0,252.14
0.0,0.0,80.0,3.0,151.0,45.52,0.0,0.0,0.0,0.0,197.49
0.0,0.0,59.0,6.0,603.0,183.65,0.0,0.0,0.0,0.0,220.33
0.0,0.0,77.0,4.0,459.0,2364.28,44.0,156.0,148.0,3.0,4414.29
0.0,0.0,70.0,3.0,112.0,212.6,0.0,0.0,0.0,0.0,275.26
0.0,0.0,25.0,8.0,655.0,1190.81,0.0,0.0,0.0,0.0,1327.86
0.0,1.0,86.0,10.0,464.0,3075.99,8.0,105.0,464.0,0.0,3430.08
0.0,0.0,66.0,2.0,405.0,647.27,0.0,4.0,20.0,0.0,666.31
0.0,0.0,57.0,3.0,128.0,57.54,0.0,0.0,0.0,0.0,312.76
0.0,1.0,83.0,11.0,452.0,2275.51,12.0,60.0,408.0,0.0,3203.39
0.0,0.0,30.0,9.0,361.0,1248.9,0.0,16.0,87.0,0.0,1266.33
0.0,0.0,69.0,3.0,161.0,269.36,0.0,0.0,0.0,0.0,299.05
0.0,0.0,15.0,8.0,736.0,1603.14,0.0,0.0,4.0,0.0,1696.22
0.0,0.0,68.0,3.0,216.0,319.26,0.0,0.0,0.0,0.0,638.61
0.0,1.0,11.0,5.0,472.0,3191.56,20.0,119.0,398.0,0.0,3191.56
0.0,0.0,28.0,1.0,755.0,469.42,0.0,0.0,0.0,0.0,555.38
0.0,0.0,9.0,8.0,280.0,144.31,0.0,0.0,0.0,0.0,168.81
0.0,0.0,2.0,11.0,351.0,3166.66,8.0,58.0,427.0,0.0,3963.98
0.0,0.0,73.0,6.0,22.0,230.75,0.0,0.0,0.0,0.0,273.52
0.0,0.0,82.0,8.0,646.0,413.32,0.0,0.0,0.0,0.0,474.21
0.0,0.0,80.0,3.0,151.0,45.52,0.0,0.0,0.0,0.0,195.36
0.0,1.0,63.0,2.0,300.0,818.7,8.0,32.0,413.0,0.0,2727.83
0.0,0.0,69.0,3.0,160.0,203.88,0.0,0.0,0.0,0.0,343.09
0.0,0.0,59.0,6.0,598.0,156.64,0.0,0.0,0.0,0.0,191.81
0.0,0.0,17.0,3.0,234.0,491.2,0.0,0.0,0.0,0.0,568.1
0.0,0.0,68.0,3.0,215.0,250.01,0.0,0.0,0.0,0.0,675.62
0.0,0.0,43.0,8.0,545.0,63.31,0.0,0.0,0.0,0.0,89.3
0.0,0.0,17.0,3.0,173.0,519.7,0.0,0.0,0.0,0.0,530.27
0.0,0.0,61.0,1.0,799.0,465.92,0.0,0.0,0.0,0.0,594.82
0.0,0.0,29.0,10.0,345.0,793.36,0.0,0.0,4.0,0.0,1114.96
0.0,0.0,28.0,1.0,809.0,449.96,0.0,0.0,0.0,0.0,518.56
0.0,0.0,26.0,8.0,650.0,1035.72,0.0,0.0,0.0,0.0,1261.24
0.0,0.0,30.0,9.0,364.0,1326.07,0.0,20.0,297.0,0.0,1453.66
0.0,1.0,66.0,2.0,300.0,818.7,8.0,32.0,413.0,0.0,883.7
0.0,1.0,89.0,0.0,447.0,2909.01,20.0,184.0,369.0,0.0,4881.58
0.0,0.0,25.0,8.0,499.0,93.61,0.0,0.0,0.0,0.0,969.73
0.0,0.0,45.0,10.0,323.0,1298.03,0.0,0.0,52.0,0.0,2694.85
0.0,0.0,63.0,2.0,393.0,594.43,0.0,0.0,0.0,0.0,1520.61
0.0,0.0,60.0,3.0,142.0,327.35,0.0,0.0,0.0,0.0,1075.65
0.0,0.0,32.0,6.0,559.0,724.89,0.0,0.0,0.0,0.0,724.89
0.0,1.0,71.0,9.0,298.0,1996.16,4.0,61.0,392.0,0.0,2350.79
0.0,0.0,74.0,8.0,534.0,368.88,0.0,0.0,0.0,0.0,368.88
0.0,0.0,44.0,8.0,636.0,396.67,0.0,0.0,0.0,0.0,406.33
0.0,0.0,27.0,2.0,398.0,203.22,0.0,0.0,12.0,0.0,257.96
0.0,0.0,65.0,1.0,441.0,716.16,0.0,4.0,44.0,0.0,743.71
0.0,0.0,69.0,3.0,216.0,319.26,0.0,0.0,0.0,0.0,325.34
0.0,0.0,69.0,3.0,666.0,314.68,0.0,0.0,0.0,0.0,354.08
0.0,0.0,59.0,6.0,554.0,90.93,0.0,0.0,0.0,0.0,196.27
0.0,0.0,59.0,6.0,621.0,191.99,0.0,0.0,0.0,0.0,193.99
0.0,0.0,62.0,3.0,83.0,202.33,0.0,0.0,0.0,0.0,260.42
0.0,1.0,2.0,11.0,464.0,3075.99,12.0,123.0,462.0,0.0,3715.32
0.0,0.0,58.0,6.0,60.0,128.68,0.0,0.0,0.0,0.0,144.72
0.0,0.0,23.0,3.0,237.0,227.23,0.0,0.0,0.0,0.0,1171.53
0.0,0.0,31.0,3.0,148.0,96.43,0.0,0.0,0.0,0.0,105.43
0.0,0.0,9.0,8.0,271.0,147.5,0.0,0.0,0.0,0.0,164.33
0.0,0.0,67.0,1.0,202.0,472.71,0.0,0.0,0.0,0.0,472.71
0.0,0.0,12.0,5.0,170.0,1128.26,0.0,4.0,8.0,0.0,2247.94
0.0,0.0,62.0,3.0,98.0,224.69,0.0,0.0,0.0,0.0,264.15
0.0,0.0,76.0,3.0,89.0,175.42,0.0,0.0,0.0,0.0,218.3
0.0,0.0,9.0,8.0,276.0,155.79,0.0,0.0,0.0,0.0,158.08
0.0,0.0,72.0,3.0,124.0,223.58,0.0,0.0,0.0,0.0,853.02
0.0,0.0,28.0,1.0,760.0,408.73,0.0,0.0,4.0,0.0,648.04
0.0,0.0,61.0,1.0,429.0,777.68,0.0,0.0,0.0,0.0,868.35
0.0,0.0,27.0,2.0,413.0,181.04,0.0,0.0,0.0,0.0,187.13
0.0,0.0,76.0,3.0,162.0,171.64,0.0,0.0,0.0,0.0,270.0
0.0,0.0,45.0,10.0,739.0,2323.29,0.0,12.0,40.0,0.0,2692.52
0.0,0.0,27.0,2.0,389.0,178.1,0.0,0.0,0.0,0.0,216.05
0.0,0.0,73.0,6.0,26.0,206.77,0.0,0.0,0.0,0.0,252.09
0.0,0.0,24.0,8.0,723.0,492.91,0.0,0.0,4.0,0.0,1885.21
0.0,0.0,32.0,6.0,590.0,491.0,0.0,0.0,0.0,0.0,762.84
0.0,1.0,88.0,9.0,303.0,2017.97,8.0,205.0,291.0,0.0,2269.83
0.0,0.0,86.0,10.0,465.0,2779.0,12.0,32.0,341.0,0.0,2957.27
0.0,0.0,93.0,1.0,434.0,734.83,0.0,0.0,4.0,0.0,927.65
0.0,0.0,25.0,8.0,529.0,183.56,0.0,0.0,0.0,0.0,978.3
0.0,0.0,60.0,3.0,141.0,1130.8,0.0,0.0,0.0,0.0,1135.78
0.0,0.0,67.0,1.0,788.0,377.11,0.0,0.0,0.0,0.0,381.87
0.0,0.0,27.0,2.0,399.0,218.5,0.0,0.0,8.0,0.0,222.05
0.0,0.0,72.0,3.0,123.0,105.62,0.0,0.0,0.0,0.0,743.89
0.0,0.0,93.0,1.0,430.0,822.82,0.0,0.0,12.0,0.0,867.55
0.0,0.0,27.0,2.0,834.0,167.52,0.0,0.0,0.0,0.0,167.52
0.0,0.0,76.0,3.0,105.0,219.55,0.0,0.0,0.0,0.0,219.55
0.0,0.0,25.0,8.0,520.0,402.64,0.0,0.0,0.0,0.0,1198.87
0.0,0.0,44.0,8.0,661.0,346.46,0.0,0.0,0.0,0.0,360.72
0.0,0.0,58.0,6.0,52.0,161.42,0.0,0.0,0.0,0.0,186.97
0.0,0.0,25.0,8.0,503.0,906.7,0.0,0.0,0.0,0.0,906.7
0.0,0.0,24.0,8.0,700.0,1334.01,0.0,4.0,12.0,0.0,2167.49
0.0,0.0,32.0,6.0,584.0,834.74,0.0,0.0,0.0,0.0,834.74
0.0,0.0,21.0,9.0,332.0,783.32,0.0,0.0,8.0,0.0,1117.48
0.0,0.0,12.0,5.0,170.0,1128.26,0.0,4.0,0.0,0.0,1128.26
0.0,0.0,44.0,8.0,668.0,154.63,0.0,0.0,0.0,0.0,330.86
0.0,1.0,88.0,9.0,352.0,2108.57,4.0,172.0,331.0,0.0,2166.49
0.0,0.0,64.0,6.0,10.0,230.5,0.0,0.0,0.0,0.0,872.94
0.0,0.0,17.0,3.0,116.0,414.37,0.0,0.0,0.0,0.0,555.32
0.0,0.0,23.0,3.0,249.0,1642.14,0.0,0.0,60.0,0.0,1663.04
0.0,0.0,66.0,2.0,377.0,567.63,0.0,0.0,0.0,0.0,574.21
0.0,0.0,71.0,9.0,346.0,1866.7,4.0,54.0,431.0,0.0,2701.32
0.0,1.0,11.0,5.0,484.0,2559.34,0.0,44.0,303.0,0.0,2559.34
0.0,0.0,68.0,3.0,209.0,680.4,0.0,0.0,0.0,0.0,680.4
0.0,0.0,28.0,1.0,758.0,355.2,0.0,0.0,0.0,0.0,456.38
0.0,0.0,65.0,1.0,184.0,781.74,4.0,4.0,116.0,0.0,863.23
0.0,0.0,86.0,10.0,451.0,2552.21,4.0,20.0,123.0,0.0,2552.21
0.0,0.0,67.0,1.0,780.0,331.61,0.0,0.0,0.0,0.0,422.85
0.0,0.0,69.0,3.0,161.0,269.36,0.0,0.0,0.0,0.0,269.36
0.0,0.0,26.0,8.0,658.0,924.46,0.0,0.0,0.0,0.0,934.95
0.0,0.0,76.0,3.0,162.0,171.64,0.0,0.0,0.0,0.0,218.47
0.0,0.0,26.0,8.0,640.0,1009.58,0.0,0.0,0.0,0.0,1020.4
0.0,0.0,78.0,5.0,730.0,2250.57,0.0,16.0,76.0,0.0,2821.21
0.0,0.0,24.0,8.0,700.0,1334.01,0.0,0.0,12.0,0.0,2219.02
0.0,1.0,71.0,9.0,298.0,1996.16,4.0,80.0,381.0,0.0,2302.94
0.0,0.0,29.0,10.0,587.0,765.17,0.0,0.0,0.0,0.0,950.43
0.0,0.0,28.0,1.0,809.0,449.96,0.0,0.0,0.0,0.0,563.25
0.0,0.0,30.0,9.0,366.0,1234.91,4.0,4.0,171.0,0.0,1277.67
0.0,0.0,59.0,6.0,599.0,184.84,0.0,0.0,0.0,0.0,190.89
0.0,0.0,44.0,8.0,667.0,338.34,0.0,0.0,0.0,0.0,383.75
0.0,0.0,60.0,3.0,288.0,151.97,0.0,0.0,0.0,0.0,1363.35
0.0,0.0,59.0,6.0,628.0,197.15,0.0,0.0,0.0,0.0,207.34
0.0,0.0,32.0,6.0,43.0,744.13,0.0,0.0,0.0,0.0,744.13
0.0,0.0,69.0,3.0,161.0,269.36,0.0,0.0,0.0,0.0,304.64
0.0,0.0,82.0,8.0,520.0,402.64,0.0,0.0,0.0,0.0,452.79
0.0,0.0,23.0,3.0,93.0,249.28,0.0,0.0,0.0,0.0,1124.3
0.0,0.0,25.0,8.0,530.0,146.01,0.0,0.0,0.0,0.0,1029.12
0.0,0.0,43.0,8.0,516.0,93.27,0.0,0.0,0.0,0.0,93.95
0.0,0.0,45.0,10.0,724.0,1246.85,0.0,4.0,8.0,0.0,2404.8
0.0,0.0,28.0,1.0,778.0,526.08,0.0,0.0,4.0,0.0,526.08
0.0,0.0,59.0,6.0,614.0,196.9,0.0,0.0,0.0,0.0,203.43
0.0,0.0,58.0,6.0,605.0,140.11,0.0,0.0,0.0,0.0,152.73
0.0,0.0,9.0,8.0,690.0,150.61,0.0,0.0,0.0,0.0,164.47
0.0,0.0,29.0,10.0,343.0,1073.23,0.0,0.0,16.0,0.0,1095.51
0.0,0.0,67.0,1.0,748.0,282.68,0.0,0.0,0.0,0.0,305.77
0.0,0.0,68.0,3.0,215.0,250.01,0.0,0.0,0.0,0.0,600.26
0.0,1.0,88.0,9.0,350.0,1928.85,16.0,132.0,403.0,0.0,2060.46
0.0,0.0,62.0,3.0,83.0,202.33,0.0,0.0,0.0,0.0,262.96
0.0,0.0,78.0,5.0,455.0,2890.07,0.0,16.0,150.0,0.0,2945.52
0.0,0.0,71.0,9.0,364.0,1326.07,0.0,36.0,356.0,0.0,2427.18
0.0,1.0,88.0,9.0,303.0,2017.97,4.0,146.0,349.0,0.0,2017.97
0.0,0.0,28.0,1.0,782.0,331.65,0.0,0.0,0.0,0.0,426.98
0.0,0.0,76.0,3.0,105.0,219.55,0.0,0.0,0.0,0.0,225.92
0.0,0.0,28.0,1.0,779.0,452.28,0.0,0.0,0.0,0.0,621.21
0.0,0.0,16.0,1.0,419.0,1938.98,0.0,72.0,423.0,0.0,2478.83
0.0,1.0,86.0,10.0,468.0,2031.02,8.0,134.0,463.0,0.0,3299.54
0.0,0.0,26.0,8.0,650.0,1035.72,0.0,0.0,0.0,0.0,1070.8
0.0,0.0,23.0,3.0,252.0,1567.73,0.0,0.0,52.0,0.0,1567.73
0.0,0.0,20.0,9.0,332.0,783.32,0.0,0.0,16.0,0.0,1316.89
0.0,0.0,27.0,2.0,395.0,206.82,0.0,0.0,4.0,0.0,213.63
0.0,0.0,43.0,8.0,502.0,65.66,0.0,0.0,0.0,0.0,95.43
0.0,0.0,65.0,1.0,201.0,434.07,0.0,0.0,4.0,0.0,569.94
0.0,0.0,60.0,3.0,291.0,219.66,0.0,0.0,0.0,0.0,1132.75
0.0,0.0,32.0,6.0,584.0,834.74,0.0,0.0,0.0,0.0,853.7
0.0,1.0,83.0,11.0,444.0,3365.54,12.0,202.0,359.0,0.0,4169.2
0.0,0.0,59.0,6.0,609.0,176.29,0.0,0.0,0.0,0.0,176.29
0.0,0.0,76.0,3.0,237.0,227.23,0.0,0.0,0.0,0.0,292.18
0.0,0.0,29.0,10.0,323.0,1298.03,0.0,12.0,98.0,0.0,1516.09
0.0,0.0,59.0,6.0,600.0,193.78,0.0,0.0,0.0,0.0,213.56
0.0,0.0,34.0,10.0,700.0,1334.01,0.0,0.0,12.0,0.0,1396.17
0.0,0.0,17.0,3.0,99.0,455.74,0.0,0.0,0.0,0.0,480.88
0.0,0.0,15.0,8.0,675.0,1006.47,0.0,0.0,0.0,0.0,1510.6
0.0,0.0,77.0,4.0,459.0,2364.28,24.0,184.0,164.0,2.0,4181.66
0.0,0.0,43.0,8.0,681.0,91.67,0.0,0.0,0.0,0.0,102.49
0.0,0.0,25.0,8.0,659.0,994.03,0.0,0.0,0.0,0.0,1360.26
0.0,0.0,9.0,8.0,292.0,123.8,0.0,0.0,0.0,0.0,157.68
0.0,0.0,45.0,10.0,713.0,2326.72,0.0,0.0,28.0,0.0,2326.72
0.0,0.0,60.0,3.0,291.0,219.66,0.0,0.0,0.0,0.0,1253.08
0.0,0.0,45.0,10.0,346.0,1866.7,8.0,50.0,409.0,0.0,3311.15
0.0,0.0,67.0,1.0,791.0,372.32,0.0,0.0,0.0,0.0,441.58
0.0,0.0,29.0,10.0,575.0,813.25,0.0,0.0,0.0,0.0,1041.56
0.0,0.0,70.0,3.0,253.0,159.47,0.0,0.0,0.0,0.0,194.64
0.0,0.0,58.0,6.0,65.0,25.94,0.0,0.0,0.0,0.0,109.95
0.0,0.0,25.0,8.0,524.0,367.69,0.0,0.0,0.0,0.0,1385.28
0.0,0.0,29.0,10.0,345.0,793.36,0.0,0.0,12.0,0.0,1103.57
0.0,0.0,44.0,8.0,661.0,346.46,0.0,0.0,0.0,0.0,396.27
0.0,0.0,32.0,6.0,588.0,740.83,0.0,0.0,0.0,0.0,778.57
0.0,0.0,72.0,3.0,164.0,224.7,0.0,0.0,0.0,0.0,927.95
0.0,0.0,18.0,4.0,491.0,5010.02,28.0,155.0,118.0,2.0,5725.91
0.0,0.0,0.0,2.0,386.0,564.62,0.0,0.0,0.0,0.0,734.14
0.0,0.0,31.0,3.0,149.0,110.1,0.0,0.0,0.0,0.0,114.33
0.0,0.0,26.0,8.0,670.0,341.92,0.0,0.0,0.0,0.0,1221.12
0.0,0.0,9.0,8.0,279.0,118.18,0.0,0.0,0.0,0.0,118.18
0.0,0.0,33.0,3.0,130.0,218.23,0.0,0.0,0.0,0.0,221.42
0.0,0.0,76.0,3.0,160.0,203.88,0.0,0.0,0.0,0.0,234.38
0.0,0.0,68.0,3.0,239.0,272.58,0.0,0.0,0.0,0.0,694.09
0.0,1.0,11.0,5.0,448.0,2747.5,12.0,202.0,327.0,0.0,3280.16
0.0,0.0,61.0,1.0,799.0,465.92,0.0,0.0,0.0,0.0,598.05
0.0,0.0,17.0,3.0,176.0,530.68,0.0,0.0,4.0,0.0,581.22
0.0,0.0,29.0,10.0,339.0,983.27,0.0,0.0,4.0,0.0,1102.79
0.0,0.0,59.0,6.0,618.0,175.29,0.0,0.0,0.0,0.0,206.89
0.0,0.0,74.0,8.0,705.0,335.27,0.0,0.0,4.0,0.0,549.22
0.0,0.0,79.0,9.0,36.0,738.92,0.0,0.0,0.0,0.0,783.15
0.0,1.0,78.0,5.0,448.0,2747.5,8.0,212.0,336.0,0.0,3682.48
0.0,0.0,70.0,3.0,86.0,248.73,0.0,0.0,0.0,0.0,267.48
0.0,0.0,25.0,8.0,524.0,367.69,0.0,0.0,0.0,0.0,1399.78
0.0,0.0,62.0,3.0,104.0,220.69,0.0,0.0,0.0,0.0,277.73
0.0,0.0,59.0,6.0,552.0,95.9,0.0,0.0,0.0,0.0,148.8
0.0,0.0,68.0,3.0,241.0,595.94,0.0,0.0,0.0,0.0,730.35
0.0,0.0,78.0,5.0,219.0,1972.08,0.0,4.0,48.0,0.0,2339.26
0.0,0.0,15.0,8.0,732.0,1663.99,0.0,0.0,4.0,0.0,1729.96
0.0,0.0,26.0,8.0,692.0,781.25,0.0,0.0,0.0,0.0,1029.02
0.0,0.0,59.0,6.0,605.0,140.11,0.0,0.0,0.0,0.0,259.28
0.0,0.0,33.0,3.0,130.0,218.23,0.0,0.0,0.0,0.0,299.99
0.0,0.0,9.0,8.0,277.0,142.55,0.0,0.0,0.0,0.0,175.81
0.0,0.0,59.0,6.0,630.0,197.98,0.0,0.0,0.0,0.0,201.81
0.0,1.0,16.0,1.0,424.0,1946.64,0.0,96.0,406.0,0.0,2333.35
0.0,0.0,34.0,10.0,722.0,566.34,0.0,4.0,4.0,0.0,1301.04
0.0,0.0,70.0,3.0,88.0,82.58,0.0,0.0,0.0,0.0,287.57
0.0,0.0,74.0,8.0,705.0,335.27,0.0,0.0,0.0,0.0,432.78
0.0,0.0,15.0,8.0,657.0,851.14,0.0,0.0,0.0,0.0,1357.41
0.0,0.0,15.0,8.0,226.0,1548.8,0.0,0.0,0.0,0.0,1794.32
0.0,1.0,86.0,10.0,464.0,3075.99,20.0,197.0,392.0,0.0,3196.34
0.0,0.0,64.0,6.0,13.0,115.88,0.0,0.0,0.0,0.0,977.05
0.0,0.0,25.0,8.0,525.0,844.65,0.0,0.0,0.0,0.0,1338.1
0.0,0.0,73.0,6.0,19.0,179.3,0.0,0.0,0.0,0.0,295.66
0.0,0.0,21.0,9.0,320.0,1222.01,0.0,4.0,48.0,0.0,1288.3
0.0,0.0,26.0,8.0,695.0,845.64,0.0,0.0,0.0,0.0,1023.97
0.0,0.0,79.0,9.0,332.0,783.32,0.0,0.0,8.0,0.0,803.11
0.0,0.0,74.0,8.0,508.0,180.6,0.0,0.0,0.0,0.0,396.72
0.0,0.0,0.0,2.0,824.0,510.28,0.0,0.0,0.0,0.0,573.57
0.0,0.0,61.0,1.0,777.0,513.84,0.0,0.0,0.0,0.0,702.45
0.0,0.0,61.0,1.0,431.0,877.71,0.0,0.0,0.0,0.0,877.71
0.0,0.0,26.0,8.0,670.0,341.92,0.0,0.0,0.0,0.0,1191.23
0.0,0.0,43.0,8.0,545.0,63.31,0.0,0.0,0.0,0.0,90.23
0.0,0.0,9.0,8.0,275.0,146.8,0.0,0.0,0.0,0.0,146.8
0.0,0.0,63.0,2.0,403.0,1765.7,0.0,0.0,8.0,0.0,1869.08
0.0,0.0,15.0,8.0,231.0,1819.42,0.0,0.0,12.0,0.0,1975.27
0.0,0.0,32.0,6.0,590.0,491.0,0.0,0.0,0.0,0.0,847.49
0.0,0.0,59.0,6.0,607.0,192.37,0.0,0.0,0.0,0.0,224.51
0.0,0.0,29.0,10.0,42.0,912.94,0.0,0.0,0.0,0.0,912.94
0.0,0.0,0.0,2.0,388.0,676.04,0.0,0.0,0.0,0.0,676.04
0.0,0.0,62.0,3.0,94.0,244.05,0.0,0.0,0.0,0.0,273.81
0.0,0.0,21.0,9.0,402.0,608.7,0.0,0.0,8.0,0.0,1166.52
0.0,0.0,15.0,8.0,635.0,965.55,0.0,0.0,0.0,0.0,1417.3
0.0,0.0,0.0,2.0,823.0,546.46,0.0,0.0,0.0,0.0,739.82
0.0,0.0,66.0,2.0,305.0,699.71,0.0,8.0,82.0,0.0,699.74
0.0,0.0,24.0,8.0,732.0,1663.99,0.0,0.0,4.0,0.0,1767.9
0.0,0.0,66.0,2.0,376.0,569.68,0.0,0.0,0.0,0.0,640.03
0.0,0.0,72.0,3.0,124.0,223.58,0.0,0.0,0.0,0.0,875.96
0.0,0.0,67.0,1.0,748.0,282.68,0.0,0.0,0.0,0.0,282.68
0.0,0.0,43.0,8.0,558.0,91.95,0.0,0.0,0.0,0.0,105.55
0.0,0.0,67.0,1.0,811.0,407.64,0.0,0.0,0.0,0.0,416.62
0.0,0.0,60.0,3.0,665.0,321.07,0.0,0.0,0.0,0.0,1324.63
0.0,0.0,23.0,3.0,245.0,252.33,0.0,0.0,0.0,0.0,1195.18
0.0,0.0,62.0,3.0,97.0,234.38,0.0,0.0,0.0,0.0,258.41
0.0,0.0,15.0,8.0,663.0,402.35,0.0,0.0,0.0,0.0,1505.74
0.0,0.0,66.0,2.0,338.0,573.26,0.0,0.0,20.0,0.0,673.14
0.0,1.0,22.0,2.0,315.0,2386.66,0.0,235.0,270.0,0.0,2432.5
0.0,0.0,76.0,3.0,162.0,171.64,0.0,0.0,0.0,0.0,249.13
0.0,0.0,58.0,6.0,78.0,119.11,0.0,0.0,0.0,0.0,119.11
0.0,0.0,62.0,3.0,85.0,218.47,0.0,0.0,0.0,0.0,266.42
0.0,0.0,80.0,3.0,151.0,45.52,0.0,0.0,0.0,0.0,162.27
0.0,0.0,17.0,3.0,115.0,220.55,0.0,0.0,0.0,0.0,432.21
0.0,0.0,43.0,8.0,501.0,93.53,0.0,0.0,0.0,0.0,106.9
0.0,0.0,60.0,3.0,292.0,123.8,0.0,0.0,0.0,0.0,1113.93
0.0,0.0,17.0,3.0,250.0,613.86,0.0,0.0,16.0,0.0,629.45
0.0,0.0,62.0,3.0,94.0,244.05,0.0,0.0,0.0,0.0,297.45
0.0,0.0,93.0,1.0,442.0,958.0,0.0,0.0,8.0,0.0,986.89
0.0,0.0,67.0,1.0,746.0,277.83,0.0,0.0,0.0,0.0,339.0
0.0,0.0,24.0,8.0,739.0,2323.29,4.0,4.0,44.0,0.0,2364.48
0.0,0.0,64.0,6.0,15.0,189.9,0.0,0.0,0.0,0.0,1045.72
0.0,0.0,33.0,3.0,293.0,224.32,0.0,0.0,0.0,0.0,233.28
0.0,0.0,45.0,10.0,357.0,2962.81,4.0,16.0,150.0,0.0,2976.13
0.0,1.0,88.0,9.0,352.0,2108.57,16.0,95.0,402.0,0.0,2258.86
0.0,0.0,9.0,8.0,288.0,151.97,0.0,0.0,0.0,0.0,157.28
0.0,0.0,61.0,1.0,429.0,777.68,0.0,0.0,0.0,0.0,781.65
0.0,0.0,17.0,3.0,93.0,249.28,0.0,0.0,0.0,0.0,547.59
0.0,0.0,63.0,2.0,374.0,1698.54,0.0,0.0,0.0,0.0,1712.01
0.0,1.0,84.0,11.0,470.0,2401.48,16.0,312.0,230.0,0.0,4315.3
0.0,0.0,27.0,2.0,838.0,172.36,0.0,0.0,0.0,0.0,176.24
0.0,0.0,32.0,6.0,560.0,702.88,0.0,0.0,0.0,0.0,801.98
0.0,0.0,32.0,6.0,582.0,741.2,0.0,0.0,0.0,0.0,835.3
0.0,0.0,9.0,8.0,276.0,155.79,0.0,0.0,0.0,0.0,161.3
0.0,0.0,82.0,8.0,496.0,189.19,0.0,0.0,0.0,0.0,409.83
0.0,0.0,59.0,6.0,621.0,191.99,0.0,0.0,0.0,0.0,191.99
0.0,0.0,65.0,1.0,200.0,661.29,0.0,0.0,32.0,0.0,755.53
0.0,1.0,8.0,11.0,448.0,2747.5,0.0,196.0,325.0,0.0,4170.46
0.0,0.0,66.0,2.0,300.0,818.7,4.0,16.0,319.0,0.0,818.7
0.0,0.0,43.0,8.0,516.0,93.27,0.0,0.0,0.0,0.0,97.68
0.0,0.0,65.0,1.0,202.0,472.71,0.0,4.0,0.0,0.0,646.69
0.0,0.0,60.0,3.0,291.0,219.66,0.0,0.0,0.0,0.0,1107.9
0.0,0.0,9.0,8.0,266.0,153.47,0.0,0.0,0.0,0.0,174.23
0.0,0.0,28.0,1.0,778.0,526.08,0.0,0.0,4.0,0.0,539.67
0.0,0.0,15.0,8.0,230.0,1545.2,0.0,0.0,0.0,0.0,1818.77
0.0,0.0,44.0,8.0,632.0,358.38,0.0,0.0,0.0,0.0,400.57
0.0,0.0,29.0,10.0,590.0,491.0,0.0,0.0,0.0,0.0,982.36
0.0,0.0,24.0,8.0,723.0,492.91,0.0,0.0,4.0,0.0,1718.49
0.0,0.0,23.0,3.0,247.0,834.99,0.0,0.0,48.0,0.0,1621.66
0.0,0.0,75.0,8.0,529.0,183.56,0.0,0.0,0.0,0.0,230.24
0.0,0.0,75.0,8.0,497.0,151.33,0.0,0.0,0.0,0.0,230.09
0.0,0.0,68.0,3.0,214.0,636.0,0.0,0.0,0.0,0.0,713.69
0.0,0.0,73.0,6.0,6.0,36.83,0.0,0.0,0.0,0.0,209.05
0.0,0.0,25.0,8.0,530.0,146.01,0.0,0.0,0.0,0.0,1261.65
0.0,0.0,60.0,3.0,288.0,151.97,0.0,0.0,0.0,0.0,1214.81
0.0,0.0,82.0,8.0,496.0,189.19,0.0,0.0,0.0,0.0,370.7
0.0,0.0,74.0,8.0,540.0,486.27,0.0,0.0,4.0,0.0,496.89
0.0,1.0,2.0,11.0,464.0,3075.99,12.0,149.0,444.0,0.0,4238.56
0.0,0.0,76.0,3.0,245.0,252.33,0.0,0.0,0.0,0.0,287.38
0.0,0.0,73.0,6.0,11.0,206.56,0.0,0.0,0.0,0.0,264.91
0.0,0.0,76.0,3.0,160.0,203.88,0.0,0.0,0.0,0.0,242.89
0.0,0.0,63.0,2.0,388.0,676.04,0.0,0.0,0.0,0.0,1685.25
0.0,0.0,73.0,6.0,6.0,36.83,0.0,0.0,0.0,0.0,221.13
0.0,0.0,64.0,6.0,11.0,206.56,0.0,0.0,0.0,0.0,871.6
0.0,0.0,57.0,3.0,662.0,413.71,0.0,0.0,0.0,0.0,425.8
0.0,0.0,27.0,2.0,398.0,203.22,0.0,0.0,8.0,0.0,203.22
0.0,0.0,23.0,3.0,247.0,834.99,0.0,0.0,20.0,0.0,1422.69
0.0,0.0,58.0,6.0,66.0,151.14,0.0,0.0,0.0,0.0,187.72
0.0,0.0,0.0,2.0,823.0,546.46,0.0,0.0,0.0,0.0,583.39
0.0,0.0,20.0,9.0,345.0,793.36,0.0,0.0,4.0,0.0,1306.33
0.0,0.0,0.0,2.0,822.0,557.25,0.0,0.0,0.0,0.0,738.42
0.0,0.0,31.0,3.0,148.0,96.43,0.0,0.0,0.0,0.0,107.55
0.0,0.0,45.0,10.0,354.0,2607.88,0.0,16.0,56.0,0.0,2716.5
0.0,0.0,82.0,8.0,538.0,90.23,0.0,0.0,0.0,0.0,486.02
0.0,0.0,26.0,8.0,634.0,1025.2,0.0,0.0,0.0,0.0,1062.93
0.0,1.0,88.0,9.0,302.0,2034.02,16.0,226.0,275.0,0.0,2223.95
0.0,0.0,29.0,10.0,42.0,912.94,0.0,0.0,0.0,0.0,934.43
0.0,0.0,27.0,2.0,833.0,171.12,0.0,0.0,0.0,0.0,219.62
0.0,0.0,25.0,8.0,683.0,87.26,0.0,0.0,0.0,0.0,965.8
0.0,1.0,88.0,9.0,350.0,1928.85,20.0,201.0,338.0,0.0,2127.14
0.0,0.0,74.0,8.0,567.0,336.65,0.0,0.0,0.0,0.0,337.63
0.0,0.0,72.0,3.0,101.0,237.79,0.0,0.0,0.0,0.0,794.73
0.0,0.0,24.0,8.0,706.0,460.8,0.0,0.0,4.0,0.0,1721.99
0.0,1.0,45.0,10.0,351.0,3166.66,8.0,54.0,455.0,0.0,3383.88
0.0,0.0,22.0,2.0,312.0,2455.8,8.0,190.0,223.0,0.0,2567.29
0.0,0.0,20.0,9.0,320.0,1222.01,0.0,4.0,48.0,0.0,1486.9
0.0,0.0,23.0,3.0,235.0,681.8,0.0,0.0,0.0,0.0,1353.91
0.0,0.0,15.0,8.0,662.0,413.71,0.0,0.0,0.0,0.0,1555.59
0.0,0.0,28.0,1.0,777.0,513.84,0.0,0.0,0.0,0.0,566.06
0.0,0.0,37.0,1.0,441.0,716.16,0.0,0.0,60.0,0.0,1528.61
0.0,0.0,72.0,3.0,159.0,252.7,0.0,0.0,0.0,0.0,676.88
0.0,0.0,59.0,6.0,604.0,144.47,0.0,0.0,0.0,0.0,194.12
0.0,0.0,43.0,8.0,518.0,79.1,0.0,0.0,0.0,0.0,120.87
0.0,0.0,17.0,3.0,95.0,522.82,0.0,0.0,4.0,0.0,522.82
0.0,0.0,43.0,8.0,547.0,76.07,0.0,0.0,0.0,0.0,95.07
0.0,0.0,45.0,10.0,356.0,2686.82,0.0,12.0,72.0,0.0,2799.7
0.0,0.0,25.0,8.0,696.0,896.98,0.0,0.0,0.0,0.0,970.2
0.0,0.0,67.0,1.0,192.0,413.67,0.0,0.0,4.0,0.0,448.41
0.0,0.0,29.0,10.0,339.0,983.27,0.0,0.0,4.0,0.0,1161.75
0.0,0.0,82.0,8.0,534.0,368.88,0.0,0.0,0.0,0.0,390.14
0.0,0.0,61.0,1.0,776.0,807.74,0.0,0.0,4.0,0.0,820.95
0.0,0.0,0.0,2.0,389.0,178.1,0.0,0.0,0.0,0.0,685.55
0.0,0.0,25.0,8.0,655.0,1190.81,0.0,0.0,0.0,0.0,1338.11
0.0,0.0,62.0,3.0,83.0,202.33,0.0,0.0,0.0,0.0,259.8
0.0,0.0,79.0,9.0,38.0,582.53,0.0,0.0,0.0,0.0,829.65
0.0,0.0,58.0,6.0,59.0,108.14,0.0,0.0,0.0,0.0,150.5
0.0,0.0,65.0,1.0,184.0,781.74,0.0,4.0,116.0,0.0,834.4
0.0,0.0,66.0,2.0,16.0,550.56,0.0,0.0,0.0,0.0,611.74
0.0,0.0,86.0,10.0,742.0,2344.08,0.0,20.0,81.0,0.0,2461.58
0.0,0.0,62.0,3.0,92.0,189.72,0.0,0.0,0.0,0.0,264.86
0.0,0.0,76.0,3.0,80.0,200.46,0.0,0.0,0.0,0.0,227.62
0.0,0.0,17.0,3.0,98.0,224.69,0.0,0.0,0.0,0.0,574.67
0.0,0.0,63.0,2.0,370.0,1577.1,0.0,0.0,0.0,0.0,1626.69
0.0,0.0,28.0,1.0,753.0,483.36,0.0,0.0,0.0,0.0,543.85
0.0,0.0,68.0,3.0,135.0,276.26,0.0,0.0,0.0,0.0,622.3
0.0,0.0,15.0,8.0,737.0,1696.46,0.0,4.0,8.0,0.0,1922.2
0.0,0.0,74.0,8.0,567.0,336.65,0.0,0.0,0.0,0.0,336.65
0.0,0.0,78.0,5.0,483.0,1754.81,0.0,20.0,108.0,0.0,2911.71
0.0,0.0,60.0,3.0,290.0,150.52,0.0,0.0,0.0,0.0,1279.12
0.0,0.0,26.0,8.0,696.0,896.98,0.0,0.0,0.0,0.0,1159.23
0.0,0.0,62.0,3.0,109.0,192.27,0.0,0.0,0.0,0.0,261.22
0.0,0.0,32.0,6.0,576.0,821.06,0.0,0.0,0.0,0.0,915.5
0.0,0.0,74.0,8.0,536.0,397.86,0.0,0.0,0.0,0.0,422.21
0.0,0.0,62.0,3.0,109.0,192.27,0.0,0.0,0.0,0.0,192.27
0.0,0.0,67.0,1.0,745.0,318.62,0.0,0.0,0.0,0.0,326.23
0.0,0.0,69.0,3.0,160.0,203.88,0.0,0.0,0.0,0.0,266.79
0.0,1.0,37.0,1.0,180.0,942.13,0.0,12.0,221.0,0.0,1791.92
0.0,0.0,45.0,10.0,331.0,1237.99,0.0,4.0,28.0,0.0,2509.63
0.0,0.0,25.0,8.0,527.0,776.34,0.0,0.0,0.0,0.0,979.94
0.0,0.0,86.0,10.0,738.0,2445.6,4.0,12.0,72.0,0.0,2596.99
0.0,0.0,43.0,8.0,516.0,93.27,0.0,0.0,0.0,0.0,98.27
0.0,1.0,12.0,5.0,178.0,881.66,0.0,8.0,189.0,0.0,2797.47
0.0,0.0,68.0,3.0,135.0,276.26,0.0,0.0,0.0,0.0,561.28
0.0,0.0,44.0,8.0,668.0,154.63,0.0,0.0,0.0,0.0,324.23
0.0,0.0,57.0,3.0,666.0,314.68,0.0,0.0,0.0,0.0,453.04
0.0,0.0,72.0,3.0,162.0,171.64,0.0,0.0,0.0,0.0,920.4
0.0,0.0,17.0,3.0,176.0,530.68,0.0,0.0,0.0,0.0,571.94
0.0,0.0,64.0,6.0,33.0,701.32,0.0,0.0,0.0,0.0,1221.15
0.0,1.0,87.0,0.0,448.0,2747.5,12.0,185.0,384.0,0.0,5054.04
0.0,0.0,43.0,8.0,550.0,88.86,0.0,0.0,0.0,0.0,101.83
0.0,0.0,15.0,8.0,659.0,994.03,0.0,0.0,0.0,0.0,1441.05
0.0,0.0,76.0,3.0,100.0,201.03,0.0,0.0,0.0,0.0,298.41
0.0,0.0,28.0,1.0,758.0,355.2,0.0,0.0,0.0,0.0,449.3
0.0,0.0,59.0,6.0,596.0,190.72,0.0,0.0,0.0,0.0,190.72
0.0,0.0,67.0,1.0,792.0,355.35,0.0,0.0,0.0,0.0,405.78
0.0,1.0,37.0,1.0,424.0,1946.64,0.0,72.0,426.0,0.0,1954.92
0.0,0.0,34.0,10.0,720.0,891.81,0.0,0.0,8.0,0.0,1108.33
0.0,0.0,66.0,2.0,305.0,699.71,0.0,8.0,99.0,0.0,731.93
0.0,0.0,70.0,3.0,112.0,212.6,0.0,0.0,0.0,0.0,273.4
0.0,0.0,59.0,6.0,611.0,147.22,0.0,0.0,0.0,0.0,184.94
0.0,0.0,15.0,8.0,231.0,1819.42,0.0,0.0,16.0,0.0,1892.28
0.0,1.0,84.0,11.0,470.0,2401.48,16.0,230.0,310.0,0.0,3808.61
0.0,0.0,68.0,3.0,239.0,272.58,0.0,0.0,0.0,0.0,586.3
0.0,0.0,58.0,6.0,54.0,130.22,0.0,0.0,0.0,0.0,187.94
0.0,0.0,67.0,1.0,764.0,390.87,0.0,0.0,4.0,0.0,442.63
0.0,0.0,62.0,3.0,107.0,204.01,0.0,0.0,0.0,0.0,205.63
0.0,0.0,37.0,1.0,440.0,638.07,0.0,4.0,28.0,0.0,1529.95
0.0,0.0,63.0,2.0,305.0,699.71,0.0,4.0,52.0,0.0,1978.09
0.0,0.0,65.0,1.0,774.0,631.28,0.0,0.0,4.0,0.0,645.58
0.0,0.0,29.0,10.0,36.0,738.92,0.0,0.0,0.0,0.0,990.9
0.0,0.0,63.0,2.0,382.0,568.43,0.0,0.0,0.0,0.0,1717.82
0.0,0.0,25.0,8.0,694.0,899.37,0.0,0.0,0.0,0.0,1216.56
0.0,0.0,72.0,3.0,155.0,101.64,0.0,0.0,0.0,0.0,731.41
0.0,0.0,25.0,8.0,653.0,892.05,0.0,0.0,0.0,0.0,1124.82
0.0,0.0,78.0,5.0,482.0,1852.82,0.0,28.0,134.0,0.0,2924.31
0.0,0.0,80.0,3.0,149.0,110.1,0.0,0.0,0.0,0.0,202.69
0.0,0.0,12.0,5.0,168.0,2160.55,4.0,0.0,60.0,0.0,2534.15
0.0,0.0,0.0,2.0,813.0,530.02,0.0,0.0,0.0,0.0,530.02
0.0,0.0,57.0,3.0,216.0,319.26,0.0,0.0,0.0,0.0,363.69
0.0,0.0,44.0,8.0,633.0,284.37,0.0,0.0,0.0,0.0,344.49
0.0,0.0,12.0,5.0,167.0,2178.2,4.0,0.0,32.0,0.0,2438.49
0.0,0.0,81.0,0.0,473.0,2803.44,40.0,217.0,233.0,0.0,5771.91
0.0,0.0,28.0,1.0,779.0,452.28,0.0,0.0,0.0,0.0,533.54
0.0,1.0,48.0,0.0,187.0,2054.11,0.0,40.0,257.0,0.0,3363.64
0.0,0.0,78.0,5.0,455.0,2890.07,4.0,28.0,145.0,0.0,3184.28
0.0,0.0,59.0,6.0,613.0,150.94,0.0,0.0,0.0,0.0,196.47
0.0,1.0,77.0,4.0,460.0,2235.35,30.0,326.0,168.0,0.0,2857.88
0.0,0.0,60.0,3.0,292.0,123.8,0.0,0.0,0.0,0.0,1128.36
0.0,0.0,68.0,3.0,239.0,272.58,0.0,0.0,0.0,0.0,708.18
0.0,0.0,34.0,10.0,587.0,765.17,0.0,0.0,0.0,0.0,979.25
0.0,1.0,11.0,5.0,472.0,3191.56,8.0,84.0,433.0,1.0,3209.66
0.0,0.0,9.0,8.0,281.0,48.2,0.0,0.0,0.0,0.0,144.89
0.0,0.0,58.0,6.0,77.0,124.2,0.0,0.0,0.0,0.0,129.85
0.0,0.0,0.0,2.0,72.0,591.25,0.0,0.0,0.0,0.0,732.56
0.0,0.0,27.0,2.0,397.0,195.08,0.0,0.0,4.0,0.0,195.08
0.0,0.0,62.0,3.0,118.0,206.91,0.0,0.0,0.0,0.0,213.91
0.0,0.0,0.0,2.0,390.0,579.42,0.0,0.0,0.0,0.0,584.86
0.0,0.0,80.0,3.0,254.0,179.96,0.0,0.0,0.0,0.0,179.96
0.0,0.0,32.0,6.0,580.0,740.66,0.0,0.0,0.0,0.0,819.5
0.0,1.0,81.0,0.0,477.0,2168.2,4.0,103.0,390.0,0.0,5303.8
0.0,0.0,80.0,3.0,91.0,166.16,0.0,0.0,0.0,0.0,200.09
0.0,0.0,28.0,1.0,767.0,528.43,0.0,0.0,0.0,0.0,572.29
0.0,0.0,68.0,3.0,237.0,227.23,0.0,0.0,0.0,0.0,641.86
0.0,0.0,29.0,10.0,37.0,701.34,0.0,0.0,0.0,0.0,960.63
0.0,0.0,67.0,1.0,788.0,377.11,0.0,0.0,0.0,0.0,408.85
0.0,0.0,82.0,8.0,535.0,349.52,0.0,0.0,0.0,0.0,377.41
0.0,0.0,28.0,1.0,748.0,282.68,0.0,0.0,0.0,0.0,437.87
0.0,0.0,15.0,8.0,214.0,636.0,0.0,0.0,0.0,0.0,1761.8
0.0,0.0,26.0,8.0,692.0,781.25,0.0,0.0,0.0,0.0,781.25
0.0,0.0,27.0,2.0,412.0,183.12,0.0,0.0,0.0,0.0,234.21
0.0,0.0,59.0,6.0,515.0,92.92,0.0,0.0,0.0,0.0,214.15
0.0,0.0,25.0,8.0,531.0,1006.71,0.0,0.0,0.0,0.0,1278.87
0.0,0.0,15.0,8.0,223.0,1912.83,0.0,0.0,24.0,0.0,1951.76
0.0,0.0,74.0,8.0,522.0,340.08,0.0,0.0,0.0,0.0,402.7
0.0,0.0,61.0,1.0,778.0,526.08,0.0,0.0,4.0,0.0,684.57
0.0,1.0,37.0,1.0,417.0,1191.41,0.0,4.0,243.0,0.0,1857.94
0.0,0.0,9.0,8.0,644.0,158.71,0.0,0.0,0.0,0.0,200.1
0.0,0.0,79.0,9.0,37.0,701.34,0.0,0.0,0.0,0.0,708.22
0.0,0.0,78.0,5.0,451.0,2552.21,4.0,28.0,141.0,0.0,3137.68
0.0,0.0,15.0,8.0,675.0,1006.47,0.0,0.0,0.0,0.0,1519.71
0.0,1.0,45.0,10.0,464.0,3075.99,4.0,46.0,458.0,0.0,3280.07
0.0,0.0,30.0,9.0,364.0,1326.07,0.0,40.0,402.0,0.0,1543.81
0.0,0.0,68.0,3.0,239.0,272.58,0.0,0.0,0.0,0.0,581.4
0.0,0.0,27.0,2.0,413.0,181.04,0.0,0.0,0.0,0.0,181.48
0.0,0.0,0.0,2.0,825.0,419.75,0.0,0.0,0.0,0.0,520.3
0.0,0.0,9.0,8.0,268.0,145.93,0.0,0.0,0.0,0.0,189.85
0.0,0.0,63.0,2.0,404.0,614.83,0.0,0.0,4.0,0.0,1848.06
0.0,1.0,8.0,11.0,444.0,3365.54,12.0,210.0,331.0,0.0,3842.08
0.0,0.0,68.0,3.0,217.0,621.76,0.0,0.0,0.0,0.0,686.23
0.0,0.0,0.0,2.0,828.0,411.81,0.0,0.0,0.0,0.0,530.78
0.0,0.0,62.0,3.0,108.0,201.58,0.0,0.0,0.0,0.0,261.25
0.0,0.0,9.0,8.0,288.0,151.97,0.0,0.0,0.0,0.0,172.32
0.0,0.0,93.0,1.0,436.0,961.82,0.0,4.0,80.0,0.0,1112.45
0.0,0.0,15.0,8.0,662.0,413.71,0.0,0.0,0.0,0.0,1518.12
0.0,0.0,29.0,10.0,587.0,765.17,0.0,0.0,0.0,0.0,974.27
0.0,0.0,43.0,8.0,514.0,90.8,0.0,0.0,0.0,0.0,100.13
0.0,0.0,33.0,3.0,294.0,170.54,0.0,0.0,0.0,0.0,249.94
0.0,0.0,74.0,8.0,506.0,199.95,0.0,0.0,0.0,0.0,415.81
0.0,0.0,22.0,2.0,315.0,2386.66,20.0,242.0,249.0,0.0,2546.11
0.0,0.0,9.0,8.0,277.0,142.55,0.0,0.0,0.0,0.0,154.73
0.0,0.0,27.0,2.0,411.0,33.42,0.0,0.0,0.0,0.0,176.17
0.0,0.0,25.0,8.0,528.0,908.09,0.0,0.0,0.0,0.0,942.81
0.0,0.0,58.0,6.0,66.0,151.14,0.0,0.0,0.0,0.0,189.06
0.0,0.0,64.0,6.0,12.0,775.74,0.0,0.0,0.0,0.0,775.74
0.0,0.0,70.0,3.0,90.0,169.36,0.0,0.0,0.0,0.0,239.34
0.0,0.0,74.0,8.0,722.0,566.34,0.0,0.0,8.0,0.0,566.34
0.0,0.0,67.0,1.0,259.0,391.11,0.0,0.0,0.0,0.0,396.03
0.0,0.0,75.0,8.0,511.0,146.64,0.0,0.0,0.0,0.0,168.75
0.0,0.0,27.0,2.0,816.0,167.85,0.0,0.0,0.0,0.0,180.27
0.0,1.0,11.0,5.0,187.0,2054.11,0.0,28.0,233.0,0.0,2611.61
0.0,1.0,22.0,2.0,298.0,1996.16,4.0,115.0,374.0,0.0,2460.87
0.0,0.0,62.0,3.0,109.0,192.27,0.0,0.0,0.0,0.0,203.85
0.0,0.0,82.0,8.0,539.0,381.78,0.0,0.0,0.0,0.0,493.53
0.0,0.0,29.0,10.0,327.0,1119.0,0.0,4.0,20.0,0.0,1288.01
0.0,0.0,43.0,8.0,623.0,81.64,0.0,0.0,0.0,0.0,81.64
0.0,0.0,60.0,3.0,665.0,321.07,0.0,0.0,0.0,0.0,1227.12
0.0,0.0,37.0,1.0,200.0,661.29,0.0,0.0,40.0,0.0,1486.23
0.0,0.0,43.0,8.0,546.0,88.41,0.0,0.0,0.0,0.0,89.55
0.0,0.0,27.0,2.0,408.0,154.25,0.0,0.0,0.0,0.0,190.8
0.0,0.0,45.0,10.0,579.0,1059.2,0.0,0.0,12.0,0.0,2437.53
0.0,0.0,0.0,2.0,835.0,581.9,0.0,0.0,0.0,0.0,581.9
0.0,0.0,58.0,6.0,77.0,124.2,0.0,0.0,0.0,0.0,132.13
0.0,0.0,15.0,8.0,736.0,1603.14,0.0,0.0,0.0,0.0,1707.71
0.0,0.0,34.0,10.0,716.0,1289.39,0.0,4.0,24.0,0.0,1563.89
0.0,0.0,28.0,1.0,802.0,351.44,0.0,0.0,0.0,0.0,485.28
0.0,0.0,17.0,3.0,95.0,522.82,0.0,0.0,0.0,0.0,553.52
0.0,0.0,67.0,1.0,757.0,305.67,0.0,0.0,0.0,0.0,314.05
0.0,0.0,69.0,3.0,136.0,225.71,0.0,0.0,0.0,0.0,225.71
0.0,0.0,37.0,1.0,436.0,961.82,0.0,0.0,40.0,0.0,1449.41
0.0,0.0,75.0,8.0,502.0,65.66,0.0,0.0,0.0,0.0,171.57
0.0,0.0,29.0,10.0,36.0,738.92,0.0,0.0,0.0,0.0,1039.95
0.0,0.0,44.0,8.0,290.0,150.52,0.0,0.0,0.0,0.0,319.13
0.0,0.0,11.0,5.0,187.0,2054.11,0.0,20.0,183.0,0.0,2572.45
0.0,0.0,26.0,8.0,632.0,358.38,0.0,0.0,0.0,0.0,1318.25
0.0,0.0,24.0,8.0,702.0,1886.23,0.0,4.0,8.0,0.0,2059.26
0.0,0.0,32.0,6.0,581.0,374.14,0.0,0.0,0.0,0.0,794.9
0.0,0.0,62.0,3.0,92.0,189.72,0.0,0.0,0.0,0.0,213.21
0.0,0.0,68.0,3.0,243.0,254.93,0.0,0.0,0.0,0.0,639.15
0.0,0.0,17.0,3.0,238.0,496.18,0.0,0.0,0.0,0.0,518.86
0.0,0.0,74.0,8.0,508.0,180.6,0.0,0.0,0.0,0.0,397.24
0.0,0.0,44.0,8.0,661.0,346.46,0.0,0.0,0.0,0.0,410.13
0.0,0.0,63.0,2.0,382.0,568.43,0.0,0.0,0.0,0.0,1657.16
0.0,0.0,66.0,2.0,401.0,616.6,0.0,0.0,12.0,0.0,652.61
0.0,0.0,9.0,8.0,272.0,129.95,0.0,0.0,0.0,0.0,129.95
0.0,0.0,58.0,6.0,67.0,138.78,0.0,0.0,0.0,0.0,138.78
0.0,0.0,29.0,10.0,339.0,983.27,0.0,0.0,4.0,0.0,1161.48
0.0,0.0,68.0,3.0,205.0,592.15,0.0,0.0,0.0,0.0,592.15
0.0,0.0,15.0,8.0,702.0,1886.23,0.0,4.0,8.0,0.0,1956.86
0.0,1.0,16.0,1.0,180.0,942.13,0.0,16.0,248.0,0.0,2031.81
0.0,0.0,30.0,9.0,362.0,1110.53,0.0,4.0,68.0,0.0,1124.38
0.0,0.0,63.0,2.0,369.0,236.82,0.0,0.0,0.0,0.0,1734.81
0.0,0.0,57.0,3.0,120.0,260.56,0.0,0.0,0.0,0.0,367.19
0.0,0.0,29.0,10.0,345.0,793.36,0.0,0.0,12.0,0.0,1161.77
0.0,0.0,32.0,6.0,719.0,430.59,0.0,0.0,4.0,0.0,909.1
0.0,0.0,24.0,8.0,734.0,1761.77,0.0,0.0,4.0,0.0,2005.32
0.0,0.0,93.0,1.0,438.0,993.14,0.0,0.0,56.0,0.0,1038.58
0.0,0.0,43.0,8.0,516.0,93.27,0.0,0.0,0.0,0.0,93.27
0.0,0.0,26.0,8.0,635.0,965.55,0.0,0.0,0.0,0.0,1302.5
0.0,0.0,58.0,6.0,605.0,140.11,0.0,0.0,0.0,0.0,162.46
0.0,0.0,68.0,3.0,214.0,636.0,0.0,0.0,0.0,0.0,636.0
0.0,0.0,63.0,2.0,372.0,1684.74,0.0,0.0,0.0,0.0,1805.68
0.0,0.0,28.0,1.0,795.0,379.88,0.0,0.0,0.0,0.0,379.88
0.0,0.0,71.0,9.0,364.0,1326.07,0.0,24.0,255.0,0.0,2106.59
0.0,1.0,11.0,5.0,481.0,2738.12,12.0,52.0,421.0,0.0,2883.95
0.0,0.0,43.0,8.0,545.0,63.31,0.0,0.0,0.0,0.0,88.65
0.0,0.0,33.0,3.0,126.0,215.52,0.0,0.0,0.0,0.0,231.98
0.0,0.0,28.0,1.0,760.0,408.73,0.0,0.0,4.0,0.0,523.96
0.0,0.0,93.0,1.0,438.0,993.14,0.0,0.0,48.0,0.0,1030.45
0.0,0.0,15.0,8.0,659.0,994.03,0.0,0.0,0.0,0.0,1486.21
0.0,0.0,58.0,6.0,58.0,140.97,0.0,0.0,0.0,0.0,154.01
0.0,0.0,24.0,8.0,739.0,2323.29,0.0,8.0,64.0,0.0,2590.24
0.0,0.0,80.0,3.0,147.0,80.54,0.0,0.0,0.0,0.0,160.84
0.0,0.0,13.0,5.0,187.0,2054.11,0.0,20.0,190.0,0.0,2345.16
0.0,0.0,32.0,6.0,569.0,704.91,0.0,0.0,0.0,0.0,704.91
0.0,0.0,60.0,3.0,145.0,237.86,0.0,0.0,0.0,0.0,1142.25
0.0,0.0,71.0,9.0,366.0,1234.91,0.0,12.0,143.0,0.0,1823.89
0.0,0.0,62.0,3.0,79.0,206.0,0.0,0.0,0.0,0.0,206.0
0.0,0.0,68.0,3.0,237.0,227.23,0.0,0.0,0.0,0.0,639.89
0.0,0.0,23.0,3.0,222.0,881.97,0.0,0.0,60.0,0.0,1576.24
0.0,0.0,58.0,6.0,20.0,144.16,0.0,0.0,0.0,0.0,144.16
0.0,0.0,62.0,3.0,119.0,218.86,0.0,0.0,0.0,0.0,230.45
0.0,0.0,64.0,6.0,33.0,701.32,0.0,0.0,0.0,0.0,979.11
0.0,0.0,59.0,6.0,602.0,187.67,0.0,0.0,0.0,0.0,191.74
0.0,0.0,26.0,8.0,659.0,994.03,0.0,0.0,0.0,0.0,1169.97
0.0,0.0,25.0,8.0,527.0,776.34,0.0,0.0,0.0,0.0,972.43
0.0,1.0,84.0,11.0,468.0,2031.02,12.0,103.0,470.0,0.0,3507.81
0.0,0.0,45.0,10.0,717.0,2521.48,0.0,8.0,40.0,0.0,2521.48
0.0,0.0,23.0,3.0,246.0,1496.45,0.0,0.0,28.0,0.0,1609.65
0.0,0.0,32.0,6.0,577.0,786.2,0.0,0.0,12.0,0.0,959.29
0.0,0.0,26.0,8.0,691.0,151.89,0.0,0.0,0.0,0.0,808.93
0.0,0.0,22.0,2.0,316.0,2530.54,0.0,206.0,215.0,0.0,2530.54
0.0,0.0,29.0,10.0,326.0,1042.35,0.0,0.0,16.0,0.0,1105.64
0.0,0.0,68.0,3.0,241.0,595.94,0.0,0.0,0.0,0.0,675.58
0.0,0.0,62.0,3.0,80.0,200.46,0.0,0.0,0.0,0.0,206.7
0.0,0.0,67.0,1.0,750.0,316.31,0.0,0.0,0.0,0.0,325.32
0.0,0.0,30.0,9.0,363.0,1130.11,0.0,4.0,64.0,0.0,1188.28
0.0,0.0,23.0,3.0,96.0,487.93,0.0,0.0,0.0,0.0,1122.85
0.0,0.0,44.0,8.0,633.0,284.37,0.0,0.0,0.0,0.0,347.21
0.0,0.0,65.0,1.0,182.0,786.6,0.0,0.0,84.0,0.0,786.6
0.0,0.0,26.0,8.0,640.0,1009.58,0.0,0.0,0.0,0.0,1026.46
0.0,0.0,44.0,8.0,667.0,338.34,0.0,0.0,0.0,0.0,378.2
0.0,0.0,58.0,6.0,17.0,148.5,0.0,0.0,0.0,0.0,159.03
0.0,1.0,2.0,11.0,467.0,2816.67,4.0,46.0,467.0,1.0,3881.94
0.0,0.0,28.0,1.0,796.0,373.99,0.0,0.0,0.0,0.0,562.67
0.0,0.0,45.0,10.0,699.0,2156.85,0.0,0.0,28.0,0.0,2485.19
0.0,0.0,23.0,3.0,249.0,1642.14,0.0,0.0,64.0,0.0,1642.14
0.0,0.0,72.0,3.0,101.0,237.79,0.0,0.0,0.0,0.0,768.95
0.0,0.0,61.0,1.0,418.0,824.77,0.0,0.0,16.0,0.0,824.77
0.0,0.0,64.0,6.0,33.0,701.32,0.0,0.0,0.0,0.0,1268.77
0.0,0.0,0.0,2.0,386.0,564.62,0.0,0.0,0.0,0.0,569.08
0.0,0.0,23.0,3.0,96.0,487.93,0.0,0.0,0.0,0.0,1141.44
0.0,0.0,43.0,8.0,547.0,76.07,0.0,0.0,0.0,0.0,105.22
0.0,0.0,58.0,6.0,58.0,140.97,0.0,0.0,0.0,0.0,148.5
0.0,0.0,26.0,8.0,634.0,1025.2,0.0,0.0,0.0,0.0,1159.79
0.0,0.0,3.0,0.0,473.0,2803.44,32.0,210.0,258.0,0.0,4875.46
0.0,0.0,28.0,1.0,794.0,450.15,0.0,0.0,0.0,0.0,461.42
0.0,0.0,37.0,1.0,440.0,638.07,0.0,4.0,36.0,0.0,1548.61
0.0,0.0,43.0,8.0,683.0,87.26,0.0,0.0,0.0,0.0,96.1
0.0,0.0,63.0,2.0,376.0,569.68,0.0,0.0,0.0,0.0,1851.86
0.0,0.0,34.0,10.0,587.0,765.17,0.0,0.0,0.0,0.0,765.17
0.0,0.0,9.0,8.0,288.0,151.97,0.0,0.0,0.0,0.0,169.53
0.0,0.0,66.0,2.0,49.0,554.32,0.0,0.0,0.0,0.0,554.32
0.0,0.0,23.0,3.0,248.0,1666.92,0.0,28.0,134.0,0.0,1857.36
0.0,0.0,44.0,8.0,667.0,338.34,0.0,0.0,0.0,0.0,429.17
0.0,0.0,32.0,6.0,536.0,397.86,0.0,0.0,0.0,0.0,776.48
0.0,0.0,25.0,8.0,524.0,367.69,0.0,0.0,0.0,0.0,1431.85
0.0,0.0,67.0,1.0,258.0,368.57,0.0,0.0,0.0,0.0,372.51
0.0,0.0,11.0,5.0,478.0,2555.99,0.0,36.0,238.0,0.0,2589.3
0.0,0.0,63.0,2.0,305.0,699.71,0.0,4.0,56.0,0.0,2031.22
0.0,0.0,73.0,6.0,40.0,254.92,0.0,0.0,0.0,0.0,290.12
0.0,0.0,67.0,1.0,258.0,368.57,0.0,0.0,0.0,0.0,396.54
0.0,0.0,29.0,10.0,327.0,1119.0,0.0,4.0,20.0,0.0,1283.64
0.0,0.0,9.0,8.0,691.0,151.89,0.0,0.0,0.0,0.0,198.08
0.0,0.0,23.0,3.0,210.0,672.33,0.0,0.0,4.0,0.0,1266.1
0.0,0.0,69.0,3.0,125.0,68.37,0.0,0.0,0.0,0.0,246.94
0.0,0.0,59.0,6.0,629.0,228.18,0.0,0.0,0.0,0.0,232.38
0.0,0.0,43.0,8.0,547.0,76.07,0.0,0.0,0.0,0.0,76.07
0.0,0.0,26.0,8.0,653.0,892.05,0.0,0.0,0.0,0.0,1141.29
0.0,0.0,73.0,6.0,4.0,202.85,0.0,0.0,0.0,0.0,204.18
0.0,0.0,75.0,8.0,568.0,163.87,0.0,0.0,0.0,0.0,184.15
0.0,0.0,26.0,8.0,691.0,151.89,0.0,0.0,0.0,0.0,797.1
0.0,0.0,80.0,3.0,253.0,159.47,0.0,0.0,0.0,0.0,183.91
0.0,0.0,25.0,8.0,693.0,931.93,0.0,0.0,0.0,0.0,1249.41
0.0,0.0,15.0,8.0,651.0,1011.59,0.0,0.0,0.0,0.0,1486.43
0.0,0.0,74.0,8.0,535.0,349.52,0.0,0.0,0.0,0.0,355.92
0.0,0.0,79.0,9.0,345.0,793.36,0.0,0.0,4.0,0.0,816.96
0.0,0.0,57.0,3.0,660.0,329.02,0.0,0.0,0.0,0.0,361.33
0.0,0.0,33.0,3.0,154.0,216.03,0.0,0.0,0.0,0.0,291.31
0.0,0.0,27.0,2.0,373.0,207.69,0.0,0.0,4.0,0.0,207.69
0.0,0.0,15.0,8.0,226.0,1548.8,0.0,0.0,4.0,0.0,1737.27
0.0,0.0,43.0,8.0,502.0,65.66,0.0,0.0,0.0,0.0,110.74
0.0,1.0,83.0,11.0,468.0,2031.02,8.0,118.0,475.0,0.0,3715.88
0.0,0.0,37.0,1.0,440.0,638.07,0.0,4.0,20.0,0.0,1348.16
0.0,0.0,23.0,3.0,173.0,519.7,0.0,0.0,16.0,0.0,1478.81
0.0,0.0,30.0,9.0,310.0,506.86,0.0,8.0,137.0,0.0,1244.61
0.0,0.0,32.0,6.0,568.0,163.87,0.0,0.0,0.0,0.0,689.75
0.0,0.0,69.0,3.0,161.0,269.36,0.0,0.0,0.0,0.0,339.25
0.0,0.0,32.0,6.0,592.0,783.93,0.0,0.0,0.0,0.0,825.23
0.0,0.0,59.0,6.0,620.0,145.1,0.0,0.0,0.0,0.0,189.27
0.0,0.0,44.0,8.0,633.0,284.37,0.0,0.0,0.0,0.0,356.96
0.0,0.0,32.0,6.0,583.0,694.69,0.0,0.0,0.0,0.0,761.77
0.0,0.0,59.0,6.0,599.0,184.84,0.0,0.0,0.0,0.0,190.75
0.0,0.0,34.0,10.0,712.0,1158.67,0.0,0.0,8.0,0.0,1158.67
0.0,0.0,63.0,2.0,382.0,568.43,0.0,0.0,0.0,0.0,1710.04
0.0,0.0,74.0,8.0,538.0,90.23,0.0,0.0,0.0,0.0,399.86
0.0,0.0,29.0,10.0,319.0,1265.15,0.0,4.0,40.0,0.0,1277.18
0.0,0.0,67.0,1.0,790.0,355.73,0.0,0.0,0.0,0.0,364.14
0.0,0.0,28.0,1.0,803.0,452.44,0.0,0.0,0.0,0.0,452.44
0.0,0.0,61.0,1.0,775.0,563.05,0.0,0.0,4.0,0.0,875.97
0.0,0.0,88.0,9.0,302.0,2034.02,12.0,216.0,235.0,0.0,2329.77
0.0,0.0,44.0,8.0,667.0,338.34,0.0,0.0,0.0,0.0,430.48
0.0,0.0,44.0,8.0,670.0,341.92,0.0,0.0,0.0,0.0,386.32
0.0,0.0,78.0,5.0,218.0,2133.54,0.0,8.0,92.0,0.0,2777.4
0.0,0.0,0.0,2.0,75.0,530.07,0.0,0.0,0.0,0.0,640.83
0.0,0.0,60.0,3.0,665.0,321.07,0.0,0.0,0.0,0.0,1218.28
0.0,0.0,69.0,3.0,240.0,238.98,0.0,0.0,0.0,0.0,296.82
0.0,0.0,93.0,1.0,774.0,631.28,0.0,4.0,0.0,0.0,873.55
0.0,0.0,27.0,2.0,396.0,162.63,0.0,0.0,0.0,0.0,189.59
0.0,0.0,78.0,5.0,223.0,1912.83,0.0,0.0,24.0,0.0,2399.84
0.0,0.0,78.0,5.0,220.0,2862.87,0.0,16.0,144.0,0.0,2976.33
0.0,0.0,44.0,8.0,645.0,339.33,0.0,0.0,0.0,0.0,358.91
0.0,0.0,82.0,8.0,522.0,340.08,0.0,0.0,0.0,0.0,450.55
0.0,0.0,67.0,1.0,764.0,390.87,0.0,0.0,4.0,0.0,423.11
0.0,0.0,57.0,3.0,216.0,319.26,0.0,0.0,0.0,0.0,389.32
0.0,0.0,68.0,3.0,204.0,596.2,0.0,0.0,0.0,0.0,773.39
0.0,0.0,72.0,3.0,158.0,242.88,0.0,0.0,0.0,0.0,776.56
0.0,0.0,86.0,10.0,450.0,2879.39,8.0,32.0,355.0,0.0,2921.8
0.0,0.0,62.0,3.0,84.0,200.93,0.0,0.0,0.0,0.0,259.69
0.0,0.0,67.0,1.0,746.0,277.83,0.0,0.0,0.0,0.0,326.18
0.0,0.0,33.0,3.0,129.0,224.2,0.0,0.0,0.0,0.0,233.03
0.0,0.0,29.0,10.0,331.0,1237.99,0.0,4.0,32.0,0.0,1358.89
0.0,0.0,0.0,2.0,826.0,421.62,0.0,0.0,0.0,0.0,421.62
0.0,0.0,43.0,8.0,554.0,90.93,0.0,0.0,0.0,0.0,92.39
0.0,0.0,32.0,6.0,582.0,741.2,0.0,0.0,0.0,0.0,753.87
0.0,0.0,45.0,10.0,714.0,1283.41,0.0,0.0,20.0,0.0,2260.9
0.0,0.0,59.0,6.0,630.0,197.98,0.0,0.0,0.0,0.0,199.17
0.0,0.0,57.0,3.0,216.0,319.26,0.0,0.0,0.0,0.0,445.43
0.0,0.0,17.0,3.0,96.0,487.93,0.0,0.0,0.0,0.0,520.79
0.0,0.0,32.0,6.0,580.0,740.66,0.0,0.0,0.0,0.0,840.55
0.0,0.0,45.0,10.0,330.0,1093.02,0.0,0.0,20.0,0.0,2308.69
0.0,0.0,61.0,1.0,802.0,351.44,0.0,0.0,0.0,0.0,641.53
0.0,0.0,63.0,2.0,376.0,569.68,0.0,0.0,0.0,0.0,1632.48
0.0,0.0,15.0,8.0,225.0,1917.85,0.0,0.0,8.0,0.0,1917.85
0.0,1.0,22.0,2.0,298.0,1996.16,4.0,46.0,407.0,0.0,2368.24
0.0,1.0,1.0,11.0,460.0,2235.35,22.0,312.0,210.0,0.0,4769.21
0.0,1.0,16.0,1.0,424.0,1946.64,0.0,72.0,385.0,0.0,2226.56
0.0,0.0,76.0,3.0,164.0,224.7,0.0,0.0,0.0,0.0,256.84
0.0,0.0,23.0,3.0,250.0,613.86,0.0,0.0,20.0,0.0,1384.91
0.0,0.0,79.0,9.0,332.0,783.32,0.0,0.0,4.0,0.0,803.75
0.0,0.0,62.0,3.0,118.0,206.91,0.0,0.0,0.0,0.0,210.24
0.0,0.0,69.0,3.0,160.0,203.88,0.0,0.0,0.0,0.0,304.98
0.0,1.0,45.0,10.0,351.0,3166.66,4.0,54.0,463.0,0.0,3453.18
0.0,0.0,78.0,5.0,478.0,2555.99,0.0,40.0,305.0,0.0,3360.14
0.0,0.0,76.0,3.0,89.0,175.42,0.0,0.0,0.0,0.0,222.42
0.0,0.0,82.0,8.0,646.0,413.32,0.0,0.0,0.0,0.0,447.97
0.0,0.0,17.0,3.0,250.0,613.86,0.0,0.0,32.0,0.0,702.31
0.0,0.0,72.0,3.0,150.0,108.82,0.0,0.0,0.0,0.0,639.31
0.0,0.0,25.0,8.0,693.0,931.93,0.0,0.0,0.0,0.0,950.46
0.0,0.0,74.0,8.0,536.0,397.86,0.0,0.0,0.0,0.0,442.11
0.0,0.0,23.0,3.0,235.0,681.8,0.0,0.0,0.0,0.0,1238.98
0.0,0.0,20.0,9.0,336.0,1277.97,0.0,0.0,32.0,0.0,1492.12
0.0,0.0,58.0,6.0,65.0,25.94,0.0,0.0,0.0,0.0,194.88
0.0,0.0,45.0,10.0,712.0,1158.67,0.0,0.0,12.0,0.0,2225.42
0.0,0.0,80.0,3.0,91.0,166.16,0.0,0.0,0.0,0.0,201.01
0.0,0.0,32.0,6.0,592.0,783.93,0.0,0.0,0.0,0.0,856.99
0.0,0.0,20.0,9.0,336.0,1277.97,0.0,0.0,40.0,0.0,1386.18
0.0,0.0,32.0,6.0,536.0,397.86,0.0,0.0,0.0,0.0,825.26
0.0,0.0,12.0,5.0,171.0,1941.38,0.0,0.0,0.0,0.0,1941.38
0.0,0.0,29.0,10.0,37.0,701.34,0.0,0.0,0.0,0.0,1089.03
0.0,0.0,67.0,1.0,791.0,372.32,0.0,0.0,0.0,0.0,442.66
0.0,0.0,1.0,11.0,346.0,1866.7,8.0,46.0,422.0,0.0,4155.93
0.0,0.0,69.0,3.0,133.0,258.83,0.0,0.0,0.0,0.0,336.78
0.0,0.0,77.0,4.0,313.0,2588.41,62.0,155.0,144.0,0.0,4254.93
0.0,0.0,80.0,3.0,163.0,167.46,0.0,0.0,0.0,0.0,210.91
0.0,0.0,61.0,1.0,799.0,465.92,0.0,0.0,0.0,0.0,592.82
0.0,0.0,26.0,8.0,691.0,151.89,0.0,0.0,0.0,0.0,894.85
0.0,0.0,0.0,2.0,386.0,564.62,0.0,0.0,0.0,0.0,564.62
0.0,0.0,12.0,5.0,195.0,571.75,0.0,0.0,4.0,0.0,2048.89
0.0,1.0,88.0,9.0,299.0,1427.43,8.0,96.0,385.0,0.0,1896.02
0.0,0.0,43.0,8.0,514.0,90.8,0.0,0.0,0.0,0.0,91.89
0.0,0.0,44.0,8.0,660.0,329.02,0.0,0.0,0.0,0.0,410.3
0.0,0.0,93.0,1.0,438.0,993.14,0.0,0.0,80.0,0.0,1156.55
0.0,0.0,74.0,8.0,506.0,199.95,0.0,0.0,0.0,0.0,357.83
0.0,0.0,44.0,8.0,290.0,150.52,0.0,0.0,0.0,0.0,309.15
0.0,0.0,58.0,6.0,61.0,139.87,0.0,0.0,0.0,0.0,139.98
0.0,0.0,59.0,6.0,555.0,184.19,0.0,0.0,0.0,0.0,185.5
0.0,0.0,27.0,2.0,412.0,183.12,0.0,0.0,0.0,0.0,187.49
0.0,0.0,9.0,8.0,691.0,151.89,0.0,0.0,0.0,0.0,151.89
0.0,0.0,28.0,1.0,770.0,387.78,0.0,0.0,0.0,0.0,396.19
0.0,0.0,78.0,5.0,730.0,2250.57,0.0,16.0,105.0,0.0,2900.38
0.0,0.0,15.0,8.0,663.0,402.35,0.0,0.0,0.0,0.0,1487.01
0.0,0.0,59.0,6.0,618.0,175.29,0.0,0.0,0.0,0.0,203.26
0.0,0.0,86.0,10.0,453.0,2740.01,4.0,44.0,283.0,0.0,2917.11
0.0,0.0,17.0,3.0,194.0,537.65,0.0,0.0,4.0,0.0,550.23
0.0,0.0,25.0,8.0,693.0,931.93,0.0,0.0,0.0,0.0,1257.94
0.0,0.0,29.0,10.0,36.0,738.92,0.0,0.0,0.0,0.0,992.79
0.0,0.0,64.0,6.0,35.0,566.06,0.0,0.0,0.0,0.0,1164.66
0.0,0.0,93.0,1.0,416.0,958.68,0.0,0.0,52.0,0.0,1069.69
0.0,0.0,62.0,3.0,119.0,218.86,0.0,0.0,0.0,0.0,248.92
0.0,0.0,57.0,3.0,136.0,225.71,0.0,0.0,0.0,0.0,296.34
0.0,0.0,78.0,5.0,454.0,3171.03,0.0,28.0,272.0,0.0,3268.54
0.0,0.0,80.0,3.0,147.0,80.54,0.0,0.0,0.0,0.0,226.38
0.0,0.0,61.0,1.0,434.0,734.83,0.0,0.0,0.0,0.0,751.54
0.0,0.0,27.0,2.0,413.0,181.04,0.0,0.0,0.0,0.0,192.39
0.0,0.0,59.0,6.0,604.0,144.47,0.0,0.0,0.0,0.0,230.38
0.0,0.0,64.0,6.0,33.0,701.32,0.0,0.0,0.0,0.0,1247.74
0.0,0.0,43.0,8.0,554.0,90.93,0.0,0.0,0.0,0.0,92.46
0.0,0.0,67.0,1.0,790.0,355.73,0.0,0.0,0.0,0.0,446.47
0.0,0.0,0.0,2.0,384.0,562.41,0.0,0.0,0.0,0.0,579.33
0.0,0.0,64.0,6.0,13.0,115.88,0.0,0.0,0.0,0.0,822.88
0.0,0.0,75.0,8.0,517.0,166.45,0.0,0.0,0.0,0.0,166.45
0.0,0.0,31.0,3.0,149.0,110.1,0.0,0.0,0.0,0.0,112.17
0.0,1.0,8.0,11.0,448.0,2747.5,8.0,107.0,474.0,0.0,3414.92
0.0,0.0,15.0,8.0,735.0,1642.6,0.0,0.0,8.0,0.0,1784.39
0.0,0.0,73.0,6.0,3.0,197.6,0.0,0.0,0.0,0.0,281.78
0.0,0.0,64.0,6.0,27.0,912.5,0.0,0.0,0.0,0.0,936.91
0.0,0.0,15.0,8.0,663.0,402.35,0.0,0.0,0.0,0.0,1514.69
0.0,0.0,67.0,1.0,763.0,369.88,0.0,0.0,0.0,0.0,460.78
0.0,0.0,74.0,8.0,512.0,349.57,0.0,0.0,0.0,0.0,475.21
0.0,0.0,0.0,2.0,71.0,466.97,0.0,0.0,0.0,0.0,569.64
0.0,0.0,60.0,3.0,145.0,237.86,0.0,0.0,0.0,0.0,1136.87
0.0,0.0,73.0,6.0,3.0,197.6,0.0,0.0,0.0,0.0,197.6
0.0,0.0,58.0,6.0,66.0,151.14,0.0,0.0,0.0,0.0,166.83
0.0,0.0,60.0,3.0,672.0,330.97,0.0,0.0,0.0,0.0,1162.62
0.0,0.0,59.0,6.0,604.0,144.47,0.0,0.0,0.0,0.0,177.89
0.0,0.0,82.0,8.0,647.0,397.42,0.0,0.0,0.0,0.0,504.05
0.0,0.0,64.0,6.0,11.0,206.56,0.0,0.0,0.0,0.0,765.04
0.0,0.0,68.0,3.0,237.0,227.23,0.0,0.0,0.0,0.0,663.1
0.0,1.0,22.0,2.0,298.0,1996.16,4.0,78.0,399.0,0.0,2320.32
0.0,0.0,45.0,10.0,354.0,2607.88,0.0,8.0,64.0,0.0,2764.7
0.0,0.0,59.0,6.0,515.0,92.92,0.0,0.0,0.0,0.0,214.26
0.0,0.0,65.0,1.0,198.0,630.77,0.0,0.0,20.0,0.0,729.88
0.0,0.0,17.0,3.0,119.0,218.86,0.0,0.0,0.0,0.0,436.59
0.0,0.0,17.0,3.0,234.0,491.2,0.0,0.0,0.0,0.0,512.69
0.0,0.0,0.0,2.0,390.0,579.42,0.0,0.0,0.0,0.0,609.22
0.0,0.0,30.0,9.0,365.0,1288.58,0.0,20.0,120.0,0.0,1288.58
0.0,0.0,29.0,10.0,339.0,983.27,0.0,0.0,4.0,0.0,1101.68
0.0,1.0,84.0,11.0,464.0,3075.99,12.0,85.0,480.0,0.0,3588.15
0.0,0.0,71.0,9.0,346.0,1866.7,8.0,50.0,400.0,0.0,2644.11
0.0,0.0,17.0,3.0,250.0,613.86,0.0,0.0,32.0,0.0,714.45
0.0,0.0,59.0,6.0,628.0,197.15,0.0,0.0,0.0,0.0,203.28
0.0,0.0,25.0,8.0,686.0,263.33,0.0,0.0,0.0,0.0,263.33
0.0,0.0,68.0,3.0,237.0,227.23,0.0,0.0,0.0,0.0,617.87
0.0,0.0,59.0,6.0,607.0,192.37,0.0,0.0,0.0,0.0,236.88
0.0,0.0,30.0,9.0,362.0,1110.53,0.0,8.0,56.0,0.0,1189.21
0.0,0.0,62.0,3.0,79.0,206.0,0.0,0.0,0.0,0.0,244.75
0.0,0.0,33.0,3.0,130.0,218.23,0.0,0.0,0.0,0.0,218.23
0.0,1.0,16.0,1.0,180.0,942.13,0.0,8.0,146.0,0.0,1534.64
0.0,1.0,86.0,10.0,469.0,2953.58,4.0,56.0,475.0,0.0,3229.69
0.0,0.0,32.0,6.0,581.0,374.14,0.0,0.0,0.0,0.0,784.6
0.0,0.0,20.0,9.0,333.0,806.2,0.0,0.0,4.0,0.0,1242.7
0.0,0.0,59.0,6.0,604.0,144.47,0.0,0.0,0.0,0.0,171.98
0.0,0.0,26.0,8.0,651.0,1011.59,0.0,0.0,0.0,0.0,1035.16
0.0,0.0,78.0,5.0,224.0,1805.94,0.0,12.0,92.0,0.0,2782.54
0.0,0.0,80.0,3.0,253.0,159.47,0.0,0.0,0.0,0.0,164.38
0.0,0.0,64.0,6.0,14.0,725.47,0.0,0.0,0.0,0.0,968.88
0.0,0.0,0.0,2.0,71.0,466.97,0.0,0.0,0.0,0.0,551.92
0.0,0.0,32.0,6.0,43.0,744.13,0.0,0.0,0.0,0.0,762.73
0.0,0.0,45.0,10.0,738.0,2445.6,4.0,20.0,133.0,0.0,2943.14
0.0,0.0,79.0,9.0,44.0,706.4,0.0,0.0,0.0,0.0,734.28
0.0,0.0,43.0,8.0,548.0,89.73,0.0,0.0,0.0,0.0,102.55
0.0,0.0,44.0,8.0,636.0,396.67,0.0,0.0,0.0,0.0,458.11
0.0,0.0,31.0,3.0,149.0,110.1,0.0,0.0,0.0,0.0,112.2
0.0,0.0,15.0,8.0,732.0,1663.99,0.0,0.0,4.0,0.0,1709.3
0.0,0.0,29.0,10.0,343.0,1073.23,0.0,0.0,16.0,0.0,1101.19
0.0,0.0,28.0,1.0,759.0,372.89,0.0,0.0,4.0,0.0,561.27
0.0,0.0,33.0,3.0,293.0,224.32,0.0,0.0,0.0,0.0,260.04
0.0,0.0,58.0,6.0,68.0,142.56,0.0,0.0,0.0,0.0,142.56
0.0,0.0,78.0,5.0,728.0,1989.89,0.0,8.0,48.0,0.0,2450.38
0.0,1.0,2.0,11.0,466.0,3843.85,16.0,95.0,438.0,2.0,3863.08
0.0,0.0,80.0,3.0,253.0,159.47,0.0,0.0,0.0,0.0,159.47
0.0,0.0,66.0,2.0,38.0,582.53,0.0,0.0,0.0,0.0,630.26
0.0,0.0,28.0,1.0,747.0,196.17,0.0,0.0,0.0,0.0,427.7
0.0,0.0,20.0,9.0,336.0,1277.97,0.0,0.0,36.0,0.0,1340.35
0.0,0.0,72.0,3.0,159.0,252.7,0.0,0.0,0.0,0.0,659.0
0.0,0.0,31.0,3.0,123.0,105.62,0.0,0.0,0.0,0.0,105.62
0.0,0.0,37.0,1.0,438.0,993.14,0.0,0.0,72.0,0.0,1560.32
0.0,0.0,60.0,3.0,673.0,376.39,0.0,0.0,0.0,0.0,1216.64
0.0,0.0,15.0,8.0,213.0,646.77,0.0,0.0,0.0,0.0,1655.83
0.0,0.0,72.0,3.0,124.0,223.58,0.0,0.0,0.0,0.0,647.89
0.0,0.0,15.0,8.0,646.0,413.32,0.0,0.0,0.0,0.0,1536.19
0.0,0.0,77.0,4.0,457.0,3852.78,43.0,152.0,144.0,2.0,4199.33
0.0,0.0,60.0,3.0,287.0,1106.83,0.0,0.0,0.0,0.0,1106.83
0.0,0.0,15.0,8.0,728.0,1989.89,0.0,4.0,32.0,0.0,2032.32
0.0,1.0,81.0,0.0,427.0,1880.12,0.0,24.0,415.0,0.0,4842.5
0.0,0.0,15.0,8.0,230.0,1545.2,0.0,0.0,0.0,0.0,1681.71
0.0,0.0,25.0,8.0,681.0,91.67,0.0,0.0,0.0,0.0,1233.67
0.0,0.0,24.0,8.0,697.0,1990.41,0.0,0.0,20.0,0.0,2062.7
0.0,0.0,31.0,3.0,155.0,101.64,0.0,0.0,0.0,0.0,119.58
0.0,0.0,63.0,2.0,404.0,614.83,0.0,0.0,8.0,0.0,1957.33
0.0,0.0,0.0,2.0,391.0,465.53,0.0,0.0,0.0,0.0,571.97
0.0,0.0,80.0,3.0,163.0,167.46,0.0,0.0,0.0,0.0,217.15
0.0,0.0,43.0,8.0,543.0,88.71,0.0,0.0,0.0,0.0,88.71
0.0,0.0,28.0,1.0,751.0,481.27,0.0,0.0,0.0,0.0,543.98
0.0,0.0,17.0,3.0,97.0,234.38,0.0,0.0,0.0,0.0,518.45
0.0,0.0,59.0,6.0,602.0,187.67,0.0,0.0,0.0,0.0,194.15
0.0,0.0,28.0,1.0,755.0,469.42,0.0,0.0,0.0,0.0,469.42
0.0,0.0,45.0,10.0,358.0,2683.53,0.0,12.0,60.0,0.0,2945.39
0.0,0.0,26.0,8.0,659.0,994.03,0.0,0.0,0.0,0.0,1089.9
0.0,0.0,9.0,8.0,280.0,144.31,0.0,0.0,0.0,0.0,150.05
0.0,0.0,29.0,10.0,590.0,491.0,0.0,0.0,0.0,0.0,952.68
0.0,0.0,29.0,10.0,345.0,793.36,0.0,0.0,12.0,0.0,1157.68
0.0,0.0,60.0,3.0,142.0,327.35,0.0,0.0,0.0,0.0,1151.66
0.0,0.0,71.0,9.0,366.0,1234.91,0.0,4.0,132.0,0.0,1643.98
0.0,0.0,23.0,3.0,224.0,1805.94,0.0,8.0,92.0,0.0,1823.91
0.0,0.0,25.0,8.0,647.0,397.42,0.0,0.0,0.0,0.0,1364.78
0.0,0.0,67.0,1.0,759.0,372.89,0.0,0.0,0.0,0.0,412.48
0.0,0.0,62.0,3.0,82.0,214.34,0.0,0.0,0.0,0.0,214.34
0.0,0.0,32.0,6.0,719.0,430.59,0.0,0.0,4.0,0.0,977.18
0.0,0.0,93.0,1.0,434.0,734.83,0.0,0.0,4.0,0.0,895.73
0.0,0.0,12.0,5.0,198.0,630.77,0.0,0.0,4.0,0.0,1957.37
0.0,0.0,80.0,3.0,253.0,159.47,0.0,0.0,0.0,0.0,159.47
0.0,0.0,81.0,0.0,428.0,5377.18,0.0,237.0,296.0,0.0,5377.18
0.0,0.0,59.0,6.0,596.0,190.72,0.0,0.0,0.0,0.0,257.39
0.0,0.0,75.0,8.0,517.0,166.45,0.0,0.0,0.0,0.0,194.93
0.0,0.0,93.0,1.0,776.0,807.74,0.0,0.0,4.0,0.0,988.62
0.0,0.0,43.0,8.0,502.0,65.66,0.0,0.0,0.0,0.0,120.27
0.0,0.0,25.0,8.0,656.0,1012.06,0.0,0.0,0.0,0.0,1025.82
0.0,0.0,72.0,3.0,163.0,167.46,0.0,0.0,0.0,0.0,822.2
0.0,0.0,60.0,3.0,127.0,221.29,0.0,0.0,0.0,0.0,1347.57
0.0,0.0,62.0,3.0,119.0,218.86,0.0,0.0,0.0,0.0,231.98
0.0,0.0,25.0,8.0,499.0,93.61,0.0,0.0,0.0,0.0,903.2
0.0,0.0,60.0,3.0,288.0,151.97,0.0,0.0,0.0,0.0,1157.84
0.0,0.0,28.0,1.0,797.0,333.33,0.0,0.0,0.0,0.0,427.08
0.0,0.0,76.0,3.0,80.0,200.46,0.0,0.0,0.0,0.0,247.41
0.0,0.0,33.0,3.0,156.0,216.08,0.0,0.0,0.0,0.0,216.08
0.0,0.0,81.0,0.0,489.0,6047.83,56.0,251.0,115.0,13.0,6193.84
0.0,0.0,27.0,2.0,836.0,174.3,0.0,0.0,0.0,0.0,222.06
0.0,0.0,25.0,8.0,533.0,995.28,0.0,0.0,0.0,0.0,995.28
0.0,0.0,43.0,8.0,557.0,88.49,0.0,0.0,0.0,0.0,115.73
0.0,0.0,80.0,3.0,150.0,108.82,0.0,0.0,0.0,0.0,181.48
0.0,0.0,26.0,8.0,633.0,284.37,0.0,0.0,0.0,0.0,945.71
0.0,0.0,21.0,9.0,363.0,1130.11,0.0,4.0,52.0,0.0,1287.16
0.0,0.0,31.0,3.0,148.0,96.43,0.0,0.0,0.0,0.0,100.61
0.0,0.0,70.0,3.0,110.0,191.92,0.0,0.0,0.0,0.0,201.62
0.0,0.0,59.0,6.0,63.0,140.7,0.0,0.0,0.0,0.0,210.19
0.0,0.0,69.0,3.0,136.0,225.71,0.0,0.0,0.0,0.0,266.65
0.0,0.0,25.0,8.0,653.0,892.05,0.0,0.0,0.0,0.0,1028.41
0.0,0.0,23.0,3.0,238.0,496.18,0.0,0.0,0.0,0.0,1049.67
0.0,0.0,15.0,8.0,205.0,592.15,0.0,0.0,0.0,0.0,1578.82
0.0,0.0,70.0,3.0,80.0,200.46,0.0,0.0,0.0,0.0,221.53
0.0,0.0,59.0,6.0,602.0,187.67,0.0,0.0,0.0,0.0,187.67
0.0,0.0,61.0,1.0,430.0,822.82,0.0,0.0,16.0,0.0,995.91
0.0,0.0,62.0,3.0,107.0,204.01,0.0,0.0,0.0,0.0,261.88
0.0,0.0,62.0,3.0,81.0,212.11,0.0,0.0,0.0,0.0,220.63
0.0,1.0,37.0,1.0,421.0,1985.27,0.0,56.0,442.0,0.0,1985.27
0.0,0.0,17.0,3.0,98.0,224.69,0.0,0.0,0.0,0.0,505.23
0.0,0.0,32.0,6.0,570.0,722.95,0.0,0.0,0.0,0.0,723.16
0.0,0.0,65.0,1.0,197.0,174.47,0.0,4.0,0.0,0.0,587.94
0.0,0.0,28.0,1.0,806.0,476.06,0.0,0.0,0.0,0.0,476.06
0.0,0.0,33.0,3.0,120.0,260.56,0.0,0.0,0.0,0.0,260.56
0.0,0.0,29.0,10.0,319.0,1265.15,0.0,4.0,28.0,0.0,1265.15
0.0,0.0,43.0,8.0,546.0,88.41,0.0,0.0,0.0,0.0,90.0
0.0,0.0,57.0,3.0,133.0,258.83,0.0,0.0,0.0,0.0,356.16
0.0,0.0,31.0,3.0,157.0,30.05,0.0,0.0,0.0,0.0,104.21
0.0,0.0,82.0,8.0,524.0,367.69,0.0,0.0,0.0,0.0,367.69
0.0,0.0,58.0,6.0,54.0,130.22,0.0,0.0,0.0,0.0,130.22
0.0,0.0,60.0,3.0,141.0,1130.8,0.0,0.0,0.0,0.0,1193.94
0.0,0.0,86.0,10.0,730.0,2250.57,0.0,8.0,76.0,0.0,2444.99
0.0,0.0,44.0,8.0,633.0,284.37,0.0,0.0,0.0,0.0,292.05
0.0,0.0,25.0,8.0,694.0,899.37,0.0,0.0,0.0,0.0,1242.02
0.0,0.0,23.0,3.0,232.0,1137.78,0.0,0.0,0.0,0.0,1137.78
0.0,0.0,26.0,8.0,632.0,358.38,0.0,0.0,0.0,0.0,1202.17
0.0,0.0,78.0,5.0,220.0,2862.87,0.0,24.0,203.0,0.0,3285.92
0.0,0.0,93.0,1.0,429.0,777.68,0.0,0.0,0.0,0.0,900.5
0.0,0.0,24.0,8.0,701.0,2121.32,0.0,0.0,24.0,0.0,2150.26
0.0,0.0,76.0,3.0,164.0,224.7,0.0,0.0,0.0,0.0,244.58
0.0,0.0,43.0,8.0,516.0,93.27,0.0,0.0,0.0,0.0,110.42
0.0,0.0,24.0,8.0,710.0,1724.61,0.0,4.0,4.0,0.0,2095.76
0.0,0.0,0.0,2.0,388.0,676.04,0.0,0.0,0.0,0.0,787.19
0.0,0.0,71.0,9.0,346.0,1866.7,8.0,42.0,434.0,0.0,2621.75
0.0,0.0,67.0,1.0,749.0,56.41,0.0,0.0,0.0,0.0,309.14
0.0,0.0,27.0,2.0,395.0,206.82,0.0,0.0,4.0,0.0,206.82
0.0,0.0,73.0,6.0,11.0,206.56,0.0,0.0,0.0,0.0,272.99
0.0,0.0,15.0,8.0,647.0,397.42,0.0,0.0,0.0,0.0,1622.04
0.0,0.0,75.0,8.0,521.0,192.53,0.0,0.0,0.0,0.0,192.53
0.0,0.0,26.0,8.0,633.0,284.37,0.0,0.0,0.0,0.0,926.33
0.0,0.0,29.0,10.0,587.0,765.17,0.0,0.0,0.0,0.0,941.66
0.0,0.0,75.0,8.0,509.0,147.16,0.0,0.0,0.0,0.0,164.74
0.0,0.0,71.0,9.0,364.0,1326.07,0.0,20.0,296.0,0.0,2200.44
0.0,0.0,43.0,8.0,502.0,65.66,0.0,0.0,0.0,0.0,109.86
0.0,0.0,62.0,3.0,119.0,218.86,0.0,0.0,0.0,0.0,246.89
0.0,0.0,9.0,8.0,272.0,129.95,0.0,0.0,0.0,0.0,172.3
0.0,0.0,9.0,8.0,263.0,146.41,0.0,0.0,0.0,0.0,148.3
0.0,0.0,22.0,2.0,312.0,2455.8,8.0,193.0,266.0,0.0,2455.8
0.0,0.0,9.0,8.0,644.0,158.71,0.0,0.0,0.0,0.0,179.84
0.0,0.0,74.0,8.0,581.0,374.14,0.0,0.0,0.0,0.0,480.59
0.0,0.0,59.0,6.0,594.0,186.37,0.0,0.0,0.0,0.0,230.07
0.0,0.0,33.0,3.0,124.0,223.58,0.0,0.0,0.0,0.0,226.38
0.0,0.0,59.0,6.0,629.0,228.18,0.0,0.0,0.0,0.0,230.73
0.0,0.0,57.0,3.0,133.0,258.83,0.0,0.0,0.0,0.0,450.8
0.0,0.0,0.0,2.0,71.0,466.97,0.0,0.0,0.0,0.0,576.82
0.0,0.0,67.0,1.0,790.0,355.73,0.0,0.0,0.0,0.0,365.13
0.0,1.0,8.0,11.0,444.0,3365.54,12.0,240.0,292.0,0.0,3865.21
0.0,0.0,45.0,10.0,353.0,2768.64,0.0,8.0,86.0,0.0,2895.08
0.0,0.0,65.0,1.0,440.0,638.07,0.0,0.0,4.0,0.0,654.29
0.0,0.0,9.0,8.0,280.0,144.31,0.0,0.0,0.0,0.0,154.88
0.0,0.0,28.0,1.0,770.0,387.78,0.0,0.0,0.0,0.0,393.83
0.0,1.0,37.0,1.0,423.0,1817.25,0.0,64.0,416.0,0.0,1996.92
0.0,0.0,37.0,1.0,184.0,781.74,0.0,0.0,124.0,0.0,1654.23
0.0,0.0,21.0,9.0,336.0,1277.97,0.0,0.0,36.0,0.0,1337.69
0.0,0.0,76.0,3.0,243.0,254.93,0.0,0.0,0.0,0.0,259.56
0.0,0.0,75.0,8.0,530.0,146.01,0.0,0.0,0.0,0.0,146.01
0.0,0.0,67.0,1.0,792.0,355.35,0.0,0.0,0.0,0.0,355.35
0.0,0.0,60.0,3.0,141.0,1130.8,0.0,0.0,0.0,0.0,1213.41
0.0,0.0,80.0,3.0,150.0,108.82,0.0,0.0,0.0,0.0,218.32
0.0,0.0,76.0,3.0,236.0,227.02,0.0,0.0,0.0,0.0,281.52
0.0,0.0,57.0,3.0,666.0,314.68,0.0,0.0,0.0,0.0,422.21
0.0,1.0,2.0,11.0,470.0,2401.48,16.0,207.0,351.0,0.0,3952.6
0.0,0.0,15.0,8.0,213.0,646.77,0.0,0.0,0.0,0.0,1590.61
0.0,0.0,25.0,8.0,647.0,397.42,0.0,0.0,0.0,0.0,1272.26
0.0,0.0,78.0,5.0,219.0,1972.08,0.0,4.0,32.0,0.0,2639.67
0.0,0.0,15.0,8.0,205.0,592.15,0.0,0.0,0.0,0.0,1703.54
0.0,0.0,62.0,3.0,109.0,192.27,0.0,0.0,0.0,0.0,194.63
0.0,0.0,73.0,6.0,3.0,197.6,0.0,0.0,0.0,0.0,285.99
0.0,0.0,69.0,3.0,244.0,257.18,0.0,0.0,0.0,0.0,257.18
0.0,0.0,13.0,5.0,179.0,2045.1,4.0,12.0,145.0,0.0,2213.89
0.0,0.0,82.0,8.0,521.0,192.53,0.0,0.0,0.0,0.0,401.86
0.0,0.0,73.0,6.0,25.0,166.59,0.0,0.0,0.0,0.0,230.65
0.0,0.0,23.0,3.0,252.0,1567.73,0.0,0.0,44.0,0.0,1645.88
0.0,0.0,33.0,3.0,284.0,52.93,0.0,0.0,0.0,0.0,225.45
0.0,0.0,62.0,3.0,109.0,192.27,0.0,0.0,0.0,0.0,194.08
0.0,0.0,15.0,8.0,734.0,1761.77,0.0,0.0,4.0,0.0,1761.77
0.0,1.0,22.0,2.0,297.0,1966.74,0.0,16.0,355.0,0.0,1982.15
0.0,0.0,9.0,8.0,281.0,48.2,0.0,0.0,0.0,0.0,48.2
0.0,0.0,73.0,6.0,29.0,174.89,0.0,0.0,0.0,0.0,225.53
0.0,0.0,31.0,3.0,155.0,101.64,0.0,0.0,0.0,0.0,121.77
0.0,0.0,81.0,0.0,489.0,6047.83,52.0,202.0,126.0,9.0,6245.6
0.0,0.0,93.0,1.0,432.0,785.18,0.0,0.0,4.0,0.0,956.05
0.0,0.0,67.0,1.0,792.0,355.35,0.0,0.0,0.0,0.0,363.81
0.0,0.0,43.0,8.0,542.0,88.46,0.0,0.0,0.0,0.0,88.78
0.0,0.0,23.0,3.0,174.0,538.34,0.0,0.0,20.0,0.0,1251.3
0.0,0.0,57.0,3.0,666.0,314.68,0.0,0.0,0.0,0.0,357.04
0.0,0.0,78.0,5.0,221.0,2517.65,0.0,8.0,56.0,0.0,2519.1
0.0,0.0,9.0,8.0,273.0,150.72,0.0,0.0,0.0,0.0,152.14
0.0,0.0,66.0,2.0,405.0,647.27,0.0,4.0,24.0,0.0,664.81
0.0,0.0,82.0,8.0,494.0,99.63,0.0,0.0,0.0,0.0,99.63
0.0,0.0,0.0,2.0,385.0,561.73,0.0,0.0,0.0,0.0,661.8
0.0,0.0,28.0,1.0,755.0,469.42,0.0,0.0,0.0,0.0,516.13
0.0,0.0,29.0,10.0,344.0,1061.64,0.0,0.0,4.0,0.0,1183.91
0.0,0.0,45.0,10.0,355.0,2887.38,0.0,24.0,138.0,0.0,3027.24
0.0,0.0,20.0,9.0,333.0,806.2,0.0,0.0,0.0,0.0,1218.52
0.0,0.0,74.0,8.0,506.0,199.95,0.0,0.0,0.0,0.0,377.39
0.0,0.0,59.0,6.0,630.0,197.98,0.0,0.0,0.0,0.0,280.68
0.0,0.0,27.0,2.0,396.0,162.63,0.0,0.0,0.0,0.0,206.6
0.0,0.0,26.0,8.0,644.0,158.71,0.0,0.0,0.0,0.0,1029.14
0.0,1.0,93.0,1.0,415.0,1149.09,0.0,4.0,381.0,0.0,1390.23
0.0,0.0,45.0,10.0,355.0,2887.38,4.0,24.0,91.0,0.0,3149.53
0.0,0.0,93.0,1.0,438.0,993.14,0.0,0.0,80.0,0.0,1192.74
0.0,0.0,63.0,2.0,391.0,465.53,0.0,0.0,0.0,0.0,1625.73
0.0,0.0,26.0,8.0,633.0,284.37,0.0,0.0,0.0,0.0,912.76
0.0,0.0,75.0,8.0,616.0,160.04,0.0,0.0,0.0,0.0,179.55
0.0,0.0,25.0,8.0,659.0,994.03,0.0,0.0,0.0,0.0,1218.54
0.0,0.0,44.0,8.0,632.0,358.38,0.0,0.0,0.0,0.0,368.39
0.0,0.0,68.0,3.0,207.0,619.19,0.0,0.0,8.0,0.0,758.94
0.0,0.0,66.0,2.0,310.0,506.86,4.0,16.0,195.0,0.0,816.68
0.0,0.0,32.0,6.0,567.0,336.65,0.0,0.0,0.0,0.0,698.17
0.0,0.0,74.0,8.0,538.0,90.23,0.0,0.0,0.0,0.0,432.31
0.0,0.0,69.0,3.0,101.0,237.79,0.0,0.0,0.0,0.0,279.36
0.0,0.0,80.0,3.0,150.0,108.82,0.0,0.0,0.0,0.0,197.19
0.0,0.0,63.0,2.0,405.0,647.27,0.0,4.0,20.0,0.0,1920.51
0.0,0.0,43.0,8.0,681.0,91.67,0.0,0.0,0.0,0.0,101.83
0.0,0.0,76.0,3.0,162.0,171.64,0.0,0.0,0.0,0.0,214.72
0.0,0.0,33.0,3.0,286.0,60.45,0.0,0.0,0.0,0.0,60.45
0.0,0.0,20.0,9.0,336.0,1277.97,0.0,0.0,24.0,0.0,1408.68
0.0,0.0,67.0,1.0,760.0,408.73,0.0,0.0,4.0,0.0,485.95
0.0,0.0,13.0,5.0,178.0,881.66,0.0,16.0,159.0,0.0,2424.01
0.0,0.0,24.0,8.0,699.0,2156.85,0.0,4.0,28.0,0.0,2341.53
0.0,0.0,9.0,8.0,261.0,120.54,0.0,0.0,0.0,0.0,120.54
0.0,0.0,28.0,1.0,803.0,452.44,0.0,0.0,0.0,0.0,579.34
0.0,0.0,25.0,8.0,528.0,908.09,0.0,0.0,0.0,0.0,959.51
0.0,0.0,75.0,8.0,515.0,92.92,0.0,0.0,0.0,0.0,179.4
0.0,0.0,33.0,3.0,124.0,223.58,0.0,0.0,0.0,0.0,273.72
0.0,0.0,70.0,3.0,90.0,169.36,0.0,0.0,0.0,0.0,169.36
0.0,0.0,28.0,1.0,756.0,293.11,0.0,0.0,0.0,0.0,436.02
0.0,0.0,70.0,3.0,87.0,173.5,0.0,0.0,0.0,0.0,211.97
0.0,0.0,75.0,8.0,498.0,189.98,0.0,0.0,0.0,0.0,201.74
0.0,0.0,43.0,8.0,541.0,86.16,0.0,0.0,0.0,0.0,113.33
0.0,0.0,43.0,8.0,502.0,65.66,0.0,0.0,0.0,0.0,116.77
0.0,0.0,25.0,8.0,530.0,146.01,0.0,0.0,0.0,0.0,1281.15
0.0,0.0,9.0,8.0,288.0,151.97,0.0,0.0,0.0,0.0,173.11
0.0,0.0,32.0,6.0,41.0,746.23,0.0,0.0,0.0,0.0,746.23
0.0,0.0,44.0,8.0,633.0,284.37,0.0,0.0,0.0,0.0,351.84
0.0,0.0,25.0,8.0,694.0,899.37,0.0,0.0,0.0,0.0,899.37
0.0,0.0,33.0,3.0,286.0,60.45,0.0,0.0,0.0,0.0,173.26
0.0,0.0,32.0,6.0,562.0,748.92,0.0,0.0,0.0,0.0,748.92
0.0,0.0,25.0,8.0,658.0,924.46,0.0,0.0,0.0,0.0,1026.93
0.0,0.0,33.0,3.0,127.0,221.29,0.0,0.0,0.0,0.0,264.73
0.0,0.0,66.0,2.0,401.0,616.6,0.0,0.0,12.0,0.0,647.65
0.0,0.0,37.0,1.0,437.0,1633.58,0.0,4.0,108.0,0.0,1677.42
0.0,0.0,58.0,6.0,60.0,128.68,0.0,0.0,0.0,0.0,146.63
0.0,0.0,61.0,1.0,779.0,452.28,0.0,0.0,0.0,0.0,669.17
0.0,0.0,26.0,8.0,632.0,358.38,0.0,0.0,0.0,0.0,1316.82
0.0,0.0,44.0,8.0,668.0,154.63,0.0,0.0,0.0,0.0,328.39
0.0,0.0,59.0,6.0,604.0,144.47,0.0,0.0,0.0,0.0,199.26
0.0,0.0,67.0,1.0,752.0,359.22,0.0,0.0,0.0,0.0,367.87
0.0,0.0,78.0,5.0,220.0,2862.87,0.0,20.0,170.0,0.0,2944.28
0.0,0.0,45.0,10.0,354.0,2607.88,0.0,12.0,72.0,0.0,2917.18
0.0,0.0,82.0,8.0,526.0,398.29,0.0,0.0,0.0,0.0,504.82
0.0,0.0,28.0,1.0,770.0,387.78,0.0,0.0,0.0,0.0,465.82
0.0,0.0,59.0,6.0,596.0,190.72,0.0,0.0,0.0,0.0,196.63
0.0,0.0,27.0,2.0,836.0,174.3,0.0,0.0,0.0,0.0,180.06
0.0,0.0,82.0,8.0,494.0,99.63,0.0,0.0,0.0,0.0,359.16
0.0,0.0,65.0,1.0,199.0,592.82,0.0,4.0,0.0,0.0,592.82
0.0,0.0,4.0,0.0,473.0,2803.44,28.0,208.0,269.0,0.0,6807.12
0.0,0.0,24.0,8.0,700.0,1334.01,0.0,4.0,12.0,0.0,2128.96
0.0,0.0,66.0,2.0,405.0,647.27,0.0,4.0,12.0,0.0,647.77
0.0,0.0,0.0,2.0,827.0,153.8,0.0,0.0,0.0,0.0,508.55
0.0,0.0,24.0,8.0,734.0,1761.77,0.0,0.0,4.0,0.0,1839.97
0.0,0.0,28.0,1.0,768.0,398.01,0.0,0.0,0.0,0.0,591.7
0.0,0.0,67.0,1.0,747.0,196.17,0.0,0.0,0.0,0.0,341.14
0.0,0.0,61.0,1.0,433.0,585.38,0.0,0.0,0.0,0.0,848.18
0.0,0.0,86.0,10.0,453.0,2740.01,0.0,32.0,236.0,0.0,2841.85
0.0,0.0,0.0,2.0,812.0,516.4,0.0,0.0,0.0,0.0,585.44
0.0,0.0,15.0,8.0,680.0,1516.59,0.0,0.0,0.0,0.0,1516.59
0.0,0.0,66.0,2.0,38.0,582.53,0.0,0.0,0.0,0.0,659.17
0.0,0.0,9.0,8.0,276.0,155.79,0.0,0.0,0.0,0.0,198.67
0.0,0.0,65.0,1.0,197.0,174.47,0.0,0.0,4.0,0.0,174.47
0.0,0.0,69.0,3.0,159.0,252.7,0.0,0.0,0.0,0.0,252.7
0.0,0.0,69.0,3.0,133.0,258.83,0.0,0.0,0.0,0.0,281.88
0.0,0.0,82.0,8.0,526.0,398.29,0.0,0.0,0.0,0.0,473.71
0.0,0.0,62.0,3.0,97.0,234.38,0.0,0.0,0.0,0.0,250.89
0.0,0.0,33.0,3.0,129.0,224.2,0.0,0.0,0.0,0.0,265.64
0.0,0.0,67.0,1.0,760.0,408.73,0.0,0.0,4.0,0.0,411.63
0.0,0.0,34.0,10.0,712.0,1158.67,0.0,0.0,16.0,0.0,1173.22
0.0,0.0,59.0,6.0,554.0,90.93,0.0,0.0,0.0,0.0,195.82
0.0,0.0,59.0,6.0,598.0,156.64,0.0,0.0,0.0,0.0,264.21
0.0,0.0,45.0,10.0,330.0,1093.02,0.0,0.0,20.0,0.0,2203.94
0.0,0.0,75.0,8.0,510.0,209.87,0.0,0.0,0.0,0.0,238.67
0.0,1.0,13.0,5.0,179.0,2045.1,0.0,28.0,184.0,0.0,2205.01
0.0,0.0,68.0,3.0,213.0,646.77,0.0,0.0,0.0,0.0,646.77
0.0,0.0,15.0,8.0,674.0,1491.73,0.0,0.0,0.0,0.0,1706.13
0.0,0.0,29.0,10.0,343.0,1073.23,0.0,0.0,16.0,0.0,1137.95
0.0,0.0,59.0,6.0,630.0,197.98,0.0,0.0,0.0,0.0,199.8
0.0,0.0,68.0,3.0,237.0,227.23,0.0,0.0,0.0,0.0,609.75
0.0,0.0,28.0,1.0,777.0,513.84,0.0,0.0,4.0,0.0,633.81
0.0,0.0,69.0,3.0,240.0,238.98,0.0,0.0,0.0,0.0,238.98
0.0,0.0,21.0,9.0,363.0,1130.11,0.0,4.0,40.0,0.0,1258.08
0.0,0.0,9.0,8.0,266.0,153.47,0.0,0.0,0.0,0.0,173.01
0.0,0.0,15.0,8.0,662.0,413.71,0.0,0.0,0.0,0.0,1564.89
0.0,0.0,60.0,3.0,665.0,321.07,0.0,0.0,0.0,0.0,1281.63
0.0,1.0,37.0,1.0,423.0,1817.25,0.0,16.0,290.0,0.0,1817.25
0.0,0.0,17.0,3.0,234.0,491.2,0.0,0.0,4.0,0.0,578.62
0.0,0.0,17.0,3.0,116.0,414.37,0.0,0.0,0.0,0.0,576.62
0.0,0.0,15.0,8.0,662.0,413.71,0.0,0.0,0.0,0.0,1543.67
0.0,0.0,65.0,1.0,441.0,716.16,0.0,4.0,32.0,0.0,716.16
0.0,0.0,24.0,8.0,731.0,1696.87,0.0,0.0,8.0,0.0,1908.69
0.0,0.0,92.0,0.0,447.0,2909.01,32.0,239.0,226.0,0.0,5430.25
0.0,0.0,68.0,3.0,204.0,596.2,0.0,0.0,0.0,0.0,650.1
0.0,0.0,59.0,6.0,631.0,202.88,0.0,0.0,0.0,0.0,230.89
0.0,0.0,64.0,6.0,10.0,230.5,0.0,0.0,0.0,0.0,800.48
0.0,0.0,72.0,3.0,159.0,252.7,0.0,0.0,0.0,0.0,669.72
0.0,1.0,37.0,1.0,439.0,1675.32,0.0,4.0,134.0,0.0,1751.81
0.0,0.0,27.0,2.0,837.0,175.31,0.0,0.0,0.0,0.0,179.8
0.0,0.0,65.0,1.0,184.0,781.74,0.0,0.0,76.0,0.0,781.74
0.0,1.0,83.0,11.0,444.0,3365.54,12.0,127.0,442.0,0.0,3680.63
0.0,0.0,82.0,8.0,647.0,397.42,0.0,0.0,0.0,0.0,397.42
0.0,0.0,64.0,6.0,23.0,711.07,0.0,0.0,0.0,0.0,791.45
0.0,0.0,59.0,6.0,597.0,146.05,0.0,0.0,0.0,0.0,188.04
0.0,0.0,66.0,2.0,47.0,550.86,0.0,0.0,0.0,0.0,555.38
0.0,0.0,59.0,6.0,612.0,183.51,0.0,0.0,0.0,0.0,193.13
0.0,0.0,28.0,1.0,757.0,305.67,0.0,0.0,0.0,0.0,473.3
0.0,0.0,74.0,8.0,510.0,209.87,0.0,0.0,0.0,0.0,469.88
0.0,0.0,62.0,3.0,84.0,200.93,0.0,0.0,0.0,0.0,262.08
0.0,0.0,29.0,10.0,339.0,983.27,0.0,0.0,4.0,0.0,1163.6
0.0,0.0,45.0,10.0,738.0,2445.6,0.0,12.0,104.0,0.0,2868.75
0.0,0.0,17.0,3.0,238.0,496.18,0.0,0.0,0.0,0.0,517.76
0.0,0.0,9.0,8.0,277.0,142.55,0.0,0.0,0.0,0.0,142.55
0.0,0.0,44.0,8.0,663.0,402.35,0.0,0.0,0.0,0.0,463.51
0.0,0.0,44.0,8.0,645.0,339.33,0.0,0.0,0.0,0.0,339.33
0.0,0.0,76.0,3.0,102.0,251.98,0.0,0.0,0.0,0.0,301.21
0.0,0.0,80.0,3.0,149.0,110.1,0.0,0.0,0.0,0.0,233.46
0.0,0.0,32.0,6.0,582.0,741.2,0.0,0.0,0.0,0.0,822.55
0.0,0.0,15.0,8.0,214.0,636.0,0.0,0.0,0.0,0.0,1617.99
0.0,0.0,59.0,6.0,618.0,175.29,0.0,0.0,0.0,0.0,204.42
0.0,0.0,26.0,8.0,635.0,965.55,0.0,0.0,0.0,0.0,1036.07
0.0,0.0,32.0,6.0,577.0,786.2,0.0,0.0,8.0,0.0,1050.08
0.0,0.0,79.0,9.0,35.0,566.06,0.0,0.0,0.0,0.0,769.52
0.0,0.0,80.0,3.0,253.0,159.47,0.0,0.0,0.0,0.0,201.11
0.0,0.0,17.0,3.0,194.0,537.65,0.0,0.0,4.0,0.0,605.11
0.0,0.0,59.0,6.0,629.0,228.18,0.0,0.0,0.0,0.0,269.61
0.0,0.0,0.0,2.0,823.0,546.46,0.0,0.0,0.0,0.0,733.37
0.0,0.0,17.0,3.0,234.0,491.2,0.0,0.0,4.0,0.0,558.75
0.0,0.0,32.0,6.0,568.0,163.87,0.0,0.0,0.0,0.0,711.88
0.0,0.0,15.0,8.0,675.0,1006.47,0.0,0.0,0.0,0.0,1458.52
0.0,0.0,76.0,3.0,106.0,221.5,0.0,0.0,0.0,0.0,272.53
0.0,1.0,88.0,9.0,352.0,2108.57,12.0,219.0,302.0,0.0,2130.63
0.0,0.0,17.0,3.0,196.0,429.29,0.0,0.0,0.0,0.0,511.14
0.0,0.0,62.0,3.0,111.0,71.67,0.0,0.0,0.0,0.0,71.67
0.0,0.0,76.0,3.0,106.0,221.5,0.0,0.0,0.0,0.0,252.0
0.0,0.0,68.0,3.0,215.0,250.01,0.0,0.0,0.0,0.0,650.36
0.0,0.0,73.0,6.0,22.0,230.75,0.0,0.0,0.0,0.0,244.61
0.0,0.0,63.0,2.0,401.0,616.6,0.0,0.0,8.0,0.0,1854.69
0.0,0.0,45.0,10.0,353.0,2768.64,0.0,24.0,136.0,0.0,3016.7
0.0,0.0,27.0,2.0,394.0,175.28,0.0,0.0,8.0,0.0,208.05
0.0,0.0,57.0,3.0,663.0,402.35,0.0,0.0,0.0,0.0,402.35
0.0,0.0,68.0,3.0,217.0,621.76,0.0,0.0,0.0,0.0,686.32
0.0,0.0,27.0,2.0,398.0,203.22,0.0,0.0,20.0,0.0,225.28
0.0,0.0,80.0,3.0,87.0,173.5,0.0,0.0,0.0,0.0,270.89
0.0,0.0,67.0,1.0,782.0,331.65,0.0,0.0,0.0,0.0,341.73
0.0,0.0,9.0,8.0,644.0,158.71,0.0,0.0,0.0,0.0,158.71
0.0,0.0,59.0,6.0,608.0,183.65,0.0,0.0,0.0,0.0,183.65
0.0,0.0,12.0,5.0,165.0,1949.55,0.0,0.0,12.0,0.0,2142.15
0.0,0.0,59.0,6.0,609.0,176.29,0.0,0.0,0.0,0.0,228.5
0.0,0.0,86.0,10.0,743.0,2284.46,4.0,16.0,72.0,0.0,2525.98
0.0,0.0,9.0,8.0,690.0,150.61,0.0,0.0,0.0,0.0,172.33
0.0,0.0,63.0,2.0,391.0,465.53,0.0,0.0,0.0,0.0,465.53
0.0,0.0,66.0,2.0,305.0,699.71,0.0,4.0,72.0,0.0,725.66
0.0,0.0,28.0,1.0,433.0,585.38,0.0,0.0,0.0,0.0,631.19
0.0,0.0,67.0,1.0,749.0,56.41,0.0,0.0,0.0,0.0,56.41
0.0,0.0,59.0,6.0,554.0,90.93,0.0,0.0,0.0,0.0,196.72
0.0,0.0,76.0,3.0,164.0,224.7,0.0,0.0,0.0,0.0,230.99
0.0,0.0,60.0,3.0,284.0,52.93,0.0,0.0,0.0,0.0,1103.41
0.0,0.0,32.0,6.0,572.0,671.62,0.0,0.0,0.0,0.0,671.62
0.0,0.0,34.0,10.0,723.0,492.91,0.0,0.0,4.0,0.0,1078.61
0.0,1.0,45.0,10.0,351.0,3166.66,16.0,69.0,452.0,0.0,3395.48
0.0,0.0,79.0,9.0,36.0,738.92,0.0,0.0,0.0,0.0,765.11
0.0,0.0,37.0,1.0,441.0,716.16,0.0,0.0,92.0,0.0,1714.52
0.0,0.0,62.0,3.0,108.0,201.58,0.0,0.0,0.0,0.0,263.19
0.0,0.0,25.0,8.0,524.0,367.69,0.0,0.0,0.0,0.0,1089.62
0.0,0.0,26.0,8.0,658.0,924.46,0.0,0.0,0.0,0.0,934.62
0.0,0.0,58.0,6.0,61.0,139.87,0.0,0.0,0.0,0.0,165.84
0.0,0.0,60.0,3.0,665.0,321.07,0.0,0.0,0.0,0.0,1231.22
0.0,0.0,24.0,8.0,738.0,2445.6,4.0,12.0,68.0,0.0,2593.39
0.0,0.0,32.0,6.0,43.0,744.13,0.0,0.0,0.0,0.0,769.18
0.0,0.0,28.0,1.0,748.0,282.68,0.0,0.0,0.0,0.0,417.35
0.0,0.0,69.0,3.0,101.0,237.79,0.0,0.0,0.0,0.0,256.77
0.0,0.0,23.0,3.0,482.0,1852.82,0.0,40.0,171.0,0.0,1852.82
0.0,0.0,68.0,3.0,237.0,227.23,0.0,0.0,0.0,0.0,671.22
0.0,0.0,17.0,3.0,173.0,519.7,0.0,0.0,16.0,0.0,604.44
0.0,0.0,70.0,3.0,90.0,169.36,0.0,0.0,0.0,0.0,198.2
0.0,0.0,57.0,3.0,660.0,329.02,0.0,0.0,0.0,0.0,415.46
0.0,0.0,67.0,1.0,811.0,407.64,0.0,0.0,0.0,0.0,418.06
0.0,0.0,28.0,1.0,777.0,513.84,0.0,0.0,0.0,0.0,628.4
0.0,1.0,16.0,1.0,180.0,942.13,0.0,44.0,248.0,0.0,2083.34
0.0,0.0,73.0,6.0,29.0,174.89,0.0,0.0,0.0,0.0,225.11
0.0,0.0,74.0,8.0,709.0,442.82,0.0,0.0,0.0,0.0,449.78
0.0,0.0,30.0,9.0,364.0,1326.07,0.0,20.0,169.0,0.0,1326.07
0.0,0.0,74.0,8.0,567.0,336.65,0.0,0.0,0.0,0.0,348.89
0.0,1.0,37.0,1.0,439.0,1675.32,0.0,4.0,158.0,0.0,1713.99
0.0,0.0,21.0,9.0,363.0,1130.11,0.0,4.0,72.0,0.0,1350.62
0.0,0.0,9.0,8.0,271.0,147.5,0.0,0.0,0.0,0.0,147.5
0.0,0.0,73.0,6.0,10.0,230.5,0.0,0.0,0.0,0.0,301.01
0.0,0.0,68.0,3.0,240.0,238.98,0.0,0.0,0.0,0.0,682.85
0.0,0.0,93.0,1.0,776.0,807.74,0.0,0.0,4.0,0.0,958.2
0.0,0.0,72.0,3.0,159.0,252.7,0.0,0.0,0.0,0.0,912.05
0.0,0.0,70.0,3.0,110.0,191.92,0.0,0.0,0.0,0.0,191.92
0.0,0.0,9.0,8.0,270.0,149.4,0.0,0.0,0.0,0.0,169.33
0.0,0.0,59.0,6.0,64.0,134.33,0.0,0.0,0.0,0.0,191.98
0.0,0.0,23.0,3.0,237.0,227.23,0.0,0.0,0.0,0.0,1240.08
0.0,0.0,43.0,8.0,515.0,92.92,0.0,0.0,0.0,0.0,97.3
0.0,0.0,93.0,1.0,438.0,993.14,0.0,0.0,72.0,0.0,1167.94
0.0,0.0,45.0,10.0,715.0,2512.91,0.0,8.0,36.0,0.0,2532.52
0.0,0.0,20.0,9.0,336.0,1277.97,0.0,0.0,32.0,0.0,1456.84
0.0,0.0,93.0,1.0,429.0,777.68,0.0,0.0,0.0,0.0,823.48
0.0,0.0,43.0,8.0,548.0,89.73,0.0,0.0,0.0,0.0,89.73
0.0,0.0,27.0,2.0,413.0,181.04,0.0,0.0,0.0,0.0,194.57
0.0,0.0,59.0,6.0,64.0,134.33,0.0,0.0,0.0,0.0,223.11
0.0,0.0,78.0,5.0,223.0,1912.83,0.0,0.0,24.0,0.0,2495.14
0.0,0.0,70.0,3.0,92.0,189.72,0.0,0.0,0.0,0.0,265.93
0.0,0.0,77.0,4.0,459.0,2364.28,16.0,269.0,181.0,0.0,4032.32
0.0,0.0,9.0,8.0,272.0,129.95,0.0,0.0,0.0,0.0,159.52
0.0,0.0,63.0,2.0,310.0,506.86,0.0,20.0,272.0,0.0,2485.66
0.0,0.0,27.0,2.0,394.0,175.28,0.0,0.0,4.0,0.0,175.28
0.0,0.0,26.0,8.0,643.0,839.45,0.0,0.0,0.0,0.0,1211.41
0.0,0.0,57.0,3.0,136.0,225.71,0.0,0.0,0.0,0.0,361.27
0.0,0.0,58.0,6.0,66.0,151.14,0.0,0.0,0.0,0.0,166.27
0.0,0.0,78.0,5.0,454.0,3171.03,0.0,24.0,250.0,0.0,3197.45
0.0,0.0,17.0,3.0,116.0,414.37,0.0,0.0,0.0,0.0,561.88
0.0,1.0,88.0,9.0,298.0,1996.16,4.0,52.0,397.0,0.0,1996.16
0.0,1.0,84.0,11.0,470.0,2401.48,12.0,232.0,303.0,0.0,3951.82
0.0,0.0,67.0,1.0,258.0,368.57,0.0,0.0,0.0,0.0,419.63
0.0,0.0,12.0,5.0,170.0,1128.26,0.0,4.0,0.0,0.0,1785.29
0.0,0.0,17.0,3.0,93.0,249.28,0.0,0.0,0.0,0.0,541.47
0.0,0.0,93.0,1.0,429.0,777.68,0.0,0.0,0.0,0.0,821.4
0.0,0.0,28.0,1.0,747.0,196.17,0.0,0.0,0.0,0.0,196.17
0.0,0.0,80.0,3.0,253.0,159.47,0.0,0.0,0.0,0.0,194.32
0.0,0.0,17.0,3.0,119.0,218.86,0.0,0.0,0.0,0.0,492.42
0.0,0.0,63.0,2.0,309.0,2092.52,0.0,8.0,122.0,0.0,2092.52
0.0,1.0,88.0,9.0,352.0,2108.57,0.0,56.0,437.0,0.0,2108.57
0.0,0.0,37.0,1.0,441.0,716.16,0.0,4.0,20.0,0.0,1366.62
0.0,0.0,29.0,10.0,36.0,738.92,0.0,0.0,0.0,0.0,1086.16
0.0,0.0,12.0,5.0,198.0,630.77,4.0,0.0,24.0,0.0,2141.44
0.0,0.0,43.0,8.0,550.0,88.86,0.0,0.0,0.0,0.0,88.86
0.0,0.0,27.0,2.0,410.0,176.08,0.0,0.0,0.0,0.0,176.57
0.0,0.0,66.0,2.0,405.0,647.27,0.0,4.0,40.0,0.0,692.11
0.0,0.0,66.0,2.0,405.0,647.27,0.0,4.0,28.0,0.0,667.65
0.0,0.0,78.0,5.0,726.0,2277.06,0.0,4.0,56.0,0.0,2713.6
0.0,0.0,59.0,6.0,605.0,140.11,0.0,0.0,0.0,0.0,211.94
0.0,0.0,67.0,1.0,786.0,329.49,0.0,0.0,0.0,0.0,340.69
0.0,0.0,58.0,6.0,70.0,111.88,0.0,0.0,0.0,0.0,147.62
0.0,0.0,69.0,3.0,125.0,68.37,0.0,0.0,0.0,0.0,247.45
0.0,0.0,67.0,1.0,757.0,305.67,0.0,0.0,0.0,0.0,357.5
0.0,1.0,22.0,2.0,304.0,2281.32,8.0,86.0,387.0,0.0,2401.99
0.0,0.0,28.0,1.0,203.0,559.99,0.0,4.0,0.0,0.0,565.63
0.0,0.0,45.0,10.0,355.0,2887.38,0.0,24.0,112.0,0.0,3090.15
0.0,0.0,57.0,3.0,665.0,321.07,0.0,0.0,0.0,0.0,343.79
0.0,0.0,9.0,8.0,689.0,149.3,0.0,0.0,0.0,0.0,156.56
0.0,0.0,63.0,2.0,370.0,1577.1,0.0,0.0,0.0,0.0,1758.98
0.0,0.0,45.0,10.0,465.0,2779.0,4.0,40.0,227.0,0.0,3033.1
0.0,0.0,33.0,3.0,286.0,60.45,0.0,0.0,0.0,0.0,208.99
0.0,1.0,16.0,1.0,424.0,1946.64,0.0,80.0,418.0,0.0,2480.19
0.0,0.0,76.0,3.0,103.0,246.25,0.0,0.0,0.0,0.0,270.12
0.0,0.0,80.0,3.0,163.0,167.46,0.0,0.0,0.0,0.0,167.46
0.0,0.0,27.0,2.0,834.0,167.52,0.0,0.0,0.0,0.0,209.56
0.0,0.0,0.0,2.0,824.0,510.28,0.0,0.0,0.0,0.0,566.46
0.0,0.0,58.0,6.0,60.0,128.68,0.0,0.0,0.0,0.0,128.68
0.0,0.0,23.0,3.0,234.0,491.2,0.0,0.0,0.0,0.0,1259.48
0.0,0.0,9.0,8.0,279.0,118.18,0.0,0.0,0.0,0.0,169.83
0.0,0.0,25.0,8.0,687.0,743.28,0.0,0.0,0.0,0.0,743.28
0.0,0.0,69.0,3.0,139.0,276.99,0.0,0.0,0.0,0.0,341.95
0.0,0.0,93.0,1.0,442.0,958.0,0.0,0.0,20.0,0.0,971.31
0.0,0.0,45.0,10.0,354.0,2607.88,0.0,12.0,48.0,0.0,2659.49
0.0,0.0,43.0,8.0,518.0,79.1,0.0,0.0,0.0,0.0,94.06
0.0,0.0,66.0,2.0,376.0,569.68,0.0,0.0,0.0,0.0,569.68
0.0,1.0,78.0,5.0,480.0,2968.87,8.0,158.0,391.0,0.0,3592.42
0.0,0.0,59.0,6.0,601.0,41.07,0.0,0.0,0.0,0.0,146.72
0.0,0.0,86.0,10.0,465.0,2779.0,8.0,40.0,387.0,0.0,3106.44
0.0,0.0,32.0,6.0,578.0,875.56,0.0,0.0,4.0,0.0,875.56
0.0,0.0,78.0,5.0,218.0,2133.54,0.0,0.0,64.0,0.0,2587.56
0.0,1.0,37.0,1.0,439.0,1675.32,0.0,8.0,218.0,0.0,1884.24
0.0,0.0,27.0,2.0,838.0,172.36,0.0,0.0,0.0,0.0,172.36
0.0,0.0,69.0,3.0,240.0,238.98,0.0,0.0,0.0,0.0,283.26
0.0,0.0,32.0,6.0,582.0,741.2,0.0,0.0,0.0,0.0,741.2
0.0,0.0,32.0,6.0,583.0,694.69,0.0,0.0,0.0,0.0,694.69
0.0,0.0,21.0,9.0,402.0,608.7,0.0,0.0,8.0,0.0,1061.03
0.0,0.0,71.0,9.0,364.0,1326.07,0.0,28.0,272.0,0.0,2158.61
0.0,0.0,37.0,1.0,436.0,961.82,0.0,0.0,72.0,0.0,1608.96
0.0,0.0,33.0,3.0,145.0,237.86,0.0,0.0,0.0,0.0,273.74
0.0,0.0,68.0,3.0,244.0,257.18,0.0,0.0,0.0,0.0,571.51
0.0,0.0,93.0,1.0,442.0,958.0,0.0,0.0,32.0,0.0,990.77
0.0,0.0,29.0,10.0,330.0,1093.02,0.0,0.0,20.0,0.0,1126.76
0.0,0.0,68.0,3.0,206.0,720.2,0.0,0.0,24.0,0.0,837.43
0.0,0.0,15.0,8.0,218.0,2133.54,0.0,8.0,76.0,0.0,2169.34
0.0,0.0,68.0,3.0,206.0,720.2,0.0,0.0,24.0,0.0,775.56
0.0,0.0,72.0,3.0,162.0,171.64,0.0,0.0,0.0,0.0,814.24
0.0,0.0,71.0,9.0,348.0,1485.55,0.0,40.0,310.0,0.0,2338.21
0.0,0.0,24.0,8.0,710.0,1724.61,0.0,0.0,4.0,0.0,1952.55
0.0,0.0,78.0,5.0,726.0,2277.06,0.0,16.0,60.0,0.0,2967.94
0.0,0.0,32.0,6.0,583.0,694.69,0.0,0.0,0.0,0.0,757.11
0.0,0.0,17.0,3.0,173.0,519.7,0.0,0.0,0.0,0.0,577.91
0.0,0.0,15.0,8.0,219.0,1972.08,0.0,0.0,44.0,0.0,1991.74
0.0,0.0,59.0,6.0,552.0,95.9,0.0,0.0,0.0,0.0,188.46
0.0,0.0,32.0,6.0,572.0,671.62,0.0,0.0,0.0,0.0,674.23
0.0,0.0,0.0,2.0,824.0,510.28,0.0,0.0,0.0,0.0,627.06
0.0,0.0,79.0,9.0,38.0,582.53,0.0,0.0,0.0,0.0,757.19
0.0,0.0,59.0,6.0,555.0,184.19,0.0,0.0,0.0,0.0,185.1
0.0,0.0,29.0,10.0,340.0,1006.27,0.0,0.0,4.0,0.0,1092.93
0.0,0.0,70.0,3.0,90.0,169.36,0.0,0.0,0.0,0.0,273.51
0.0,0.0,12.0,5.0,189.0,2165.79,0.0,4.0,80.0,0.0,2359.3
0.0,0.0,44.0,8.0,663.0,402.35,0.0,0.0,0.0,0.0,432.62
0.0,0.0,45.0,10.0,354.0,2607.88,0.0,12.0,52.0,0.0,2607.88
0.0,0.0,43.0,8.0,546.0,88.41,0.0,0.0,0.0,0.0,90.4
0.0,1.0,37.0,1.0,425.0,1781.4,0.0,12.0,302.0,0.0,1781.4
0.0,0.0,9.0,8.0,264.0,120.03,0.0,0.0,0.0,0.0,147.63
0.0,0.0,26.0,8.0,658.0,924.46,0.0,0.0,0.0,0.0,1052.31
0.0,1.0,16.0,1.0,180.0,942.13,0.0,44.0,258.0,0.0,1995.99
0.0,0.0,9.0,8.0,268.0,145.93,0.0,0.0,0.0,0.0,188.91
0.0,0.0,44.0,8.0,671.0,384.03,0.0,0.0,0.0,0.0,426.19
0.0,0.0,74.0,8.0,506.0,199.95,0.0,0.0,0.0,0.0,397.09
0.0,1.0,83.0,11.0,452.0,2275.51,12.0,83.0,490.0,0.0,3523.48
0.0,0.0,82.0,8.0,523.0,366.39,0.0,0.0,0.0,0.0,436.39
0.0,1.0,37.0,1.0,439.0,1675.32,0.0,12.0,255.0,0.0,1822.38
0.0,0.0,72.0,3.0,159.0,252.7,0.0,0.0,0.0,0.0,832.86
0.0,0.0,25.0,8.0,658.0,924.46,0.0,0.0,0.0,0.0,1061.26
0.0,0.0,68.0,3.0,242.0,530.31,0.0,0.0,0.0,0.0,593.56
0.0,0.0,76.0,3.0,89.0,175.42,0.0,0.0,0.0,0.0,221.86
0.0,0.0,21.0,9.0,402.0,608.7,0.0,0.0,8.0,0.0,1113.58
0.0,0.0,74.0,8.0,537.0,349.69,0.0,0.0,0.0,0.0,372.62
0.0,1.0,1.0,11.0,351.0,3166.66,4.0,62.0,443.0,0.0,4311.8
0.0,0.0,26.0,8.0,657.0,851.14,0.0,0.0,0.0,0.0,943.54
0.0,0.0,43.0,8.0,553.0,89.65,0.0,0.0,0.0,0.0,102.8
0.0,0.0,76.0,3.0,236.0,227.02,0.0,0.0,0.0,0.0,259.38
0.0,0.0,59.0,6.0,624.0,183.75,0.0,0.0,0.0,0.0,183.75
0.0,0.0,77.0,4.0,460.0,2235.35,38.0,298.0,160.0,0.0,3878.11
0.0,0.0,67.0,1.0,257.0,404.71,0.0,0.0,0.0,0.0,413.06
0.0,0.0,31.0,3.0,147.0,80.54,0.0,0.0,0.0,0.0,80.54
0.0,0.0,9.0,8.0,279.0,118.18,0.0,0.0,0.0,0.0,131.45
0.0,0.0,26.0,8.0,650.0,1035.72,0.0,0.0,0.0,0.0,1406.85
0.0,0.0,17.0,3.0,193.0,516.84,0.0,0.0,4.0,0.0,609.12
0.0,0.0,15.0,8.0,219.0,1972.08,0.0,4.0,44.0,0.0,1996.17
0.0,0.0,76.0,3.0,89.0,175.42,0.0,0.0,0.0,0.0,234.83
0.0,0.0,63.0,2.0,403.0,1765.7,0.0,0.0,8.0,0.0,1768.59
0.0,0.0,66.0,2.0,406.0,673.75,0.0,4.0,40.0,0.0,680.89
0.0,0.0,59.0,6.0,600.0,193.78,0.0,0.0,0.0,0.0,193.78
0.0,0.0,25.0,8.0,497.0,151.33,0.0,0.0,0.0,0.0,958.13
0.0,0.0,45.0,10.0,738.0,2445.6,0.0,16.0,64.0,0.0,2822.84
0.0,0.0,25.0,8.0,659.0,994.03,0.0,0.0,0.0,0.0,1231.69
0.0,0.0,9.0,8.0,668.0,154.63,0.0,0.0,0.0,0.0,172.19
0.0,0.0,28.0,1.0,757.0,305.67,0.0,0.0,0.0,0.0,400.13
0.0,0.0,26.0,8.0,668.0,154.63,0.0,0.0,0.0,0.0,866.69
0.0,0.0,62.0,3.0,85.0,218.47,0.0,0.0,0.0,0.0,242.28
0.0,0.0,74.0,8.0,535.0,349.52,0.0,0.0,0.0,0.0,349.52
0.0,0.0,74.0,8.0,537.0,349.69,0.0,0.0,0.0,0.0,356.42
0.0,0.0,25.0,8.0,521.0,192.53,0.0,0.0,0.0,0.0,1196.37
0.0,0.0,78.0,5.0,726.0,2277.06,0.0,12.0,76.0,0.0,2757.87
0.0,0.0,74.0,8.0,537.0,349.69,0.0,0.0,0.0,0.0,365.32
0.0,0.0,26.0,8.0,634.0,1025.2,0.0,0.0,0.0,0.0,1025.2
0.0,0.0,58.0,6.0,55.0,134.98,0.0,0.0,0.0,0.0,189.37
0.0,0.0,17.0,3.0,95.0,522.82,0.0,0.0,4.0,0.0,625.29
0.0,0.0,66.0,2.0,35.0,566.06,0.0,0.0,0.0,0.0,569.76
0.0,1.0,11.0,5.0,447.0,2909.01,12.0,215.0,321.0,0.0,3152.39
0.0,0.0,12.0,5.0,168.0,2160.55,0.0,0.0,68.0,0.0,2303.41
0.0,0.0,0.0,2.0,393.0,594.43,0.0,0.0,0.0,0.0,783.97
0.0,0.0,66.0,2.0,32.0,577.21,0.0,0.0,0.0,0.0,577.21
0.0,0.0,12.0,5.0,202.0,472.71,0.0,4.0,0.0,0.0,1938.74
0.0,0.0,0.0,2.0,824.0,510.28,0.0,0.0,0.0,0.0,721.1
0.0,0.0,59.0,6.0,599.0,184.84,0.0,0.0,0.0,0.0,190.29
0.0,0.0,25.0,8.0,504.0,119.86,0.0,0.0,0.0,0.0,906.7
0.0,0.0,75.0,8.0,497.0,151.33,0.0,0.0,0.0,0.0,232.17
0.0,0.0,62.0,3.0,94.0,244.05,0.0,0.0,0.0,0.0,263.73
0.0,0.0,9.0,8.0,264.0,120.03,0.0,0.0,0.0,0.0,194.85
0.0,0.0,0.0,2.0,825.0,419.75,0.0,0.0,0.0,0.0,536.54
0.0,0.0,26.0,8.0,638.0,412.0,0.0,0.0,0.0,0.0,1352.16
0.0,0.0,79.0,9.0,334.0,455.39,0.0,0.0,0.0,0.0,455.39
0.0,0.0,73.0,6.0,9.0,204.15,0.0,0.0,0.0,0.0,206.14
0.0,0.0,66.0,2.0,377.0,567.63,0.0,0.0,0.0,0.0,602.12
0.0,0.0,32.0,6.0,561.0,716.76,0.0,0.0,0.0,0.0,716.76
0.0,0.0,75.0,8.0,618.0,175.29,0.0,0.0,0.0,0.0,178.8
0.0,0.0,32.0,6.0,581.0,374.14,0.0,0.0,0.0,0.0,869.28
0.0,0.0,59.0,6.0,568.0,163.87,0.0,0.0,0.0,0.0,163.87
0.0,0.0,59.0,6.0,596.0,190.72,0.0,0.0,0.0,0.0,203.86
0.0,0.0,67.0,1.0,259.0,391.11,0.0,0.0,0.0,0.0,391.11
0.0,0.0,31.0,3.0,155.0,101.64,0.0,0.0,0.0,0.0,105.32
0.0,0.0,28.0,1.0,777.0,513.84,0.0,0.0,0.0,0.0,625.89
0.0,0.0,16.0,1.0,477.0,2168.2,12.0,114.0,363.0,0.0,2843.28
0.0,0.0,78.0,5.0,482.0,1852.82,0.0,36.0,243.0,0.0,3278.26
0.0,0.0,33.0,3.0,156.0,216.08,0.0,0.0,0.0,0.0,300.99
0.0,0.0,67.0,1.0,782.0,331.65,0.0,0.0,0.0,0.0,332.78
0.0,0.0,43.0,8.0,547.0,76.07,0.0,0.0,0.0,0.0,90.91
0.0,1.0,22.0,2.0,295.0,2191.88,0.0,24.0,376.0,0.0,2240.46
0.0,0.0,0.0,2.0,383.0,560.21,0.0,0.0,0.0,0.0,754.21
0.0,0.0,76.0,3.0,105.0,219.55,0.0,0.0,0.0,0.0,289.08
0.0,0.0,34.0,10.0,573.0,861.15,0.0,0.0,8.0,0.0,1070.62
0.0,0.0,58.0,6.0,606.0,118.97,0.0,0.0,0.0,0.0,118.97
0.0,0.0,62.0,3.0,118.0,206.91,0.0,0.0,0.0,0.0,206.91
0.0,0.0,70.0,3.0,80.0,200.46,0.0,0.0,0.0,0.0,200.46
0.0,0.0,45.0,10.0,358.0,2683.53,4.0,12.0,81.0,0.0,2816.18
0.0,0.0,15.0,8.0,213.0,646.77,0.0,0.0,0.0,0.0,1688.17
0.0,0.0,57.0,3.0,128.0,57.54,0.0,0.0,0.0,0.0,304.47
0.0,0.0,44.0,8.0,276.0,155.79,0.0,0.0,0.0,0.0,333.61
0.0,0.0,93.0,1.0,429.0,777.68,0.0,0.0,0.0,0.0,901.45
0.0,0.0,59.0,6.0,628.0,197.15,0.0,0.0,0.0,0.0,200.55
0.0,0.0,66.0,2.0,378.0,570.28,0.0,0.0,0.0,0.0,582.07
0.0,0.0,69.0,3.0,215.0,250.01,0.0,0.0,0.0,0.0,340.97
0.0,0.0,74.0,8.0,709.0,442.82,0.0,0.0,0.0,0.0,493.6
0.0,0.0,67.0,1.0,765.0,389.67,0.0,0.0,0.0,0.0,389.67
0.0,1.0,22.0,2.0,315.0,2386.66,0.0,232.0,269.0,0.0,2386.66
0.0,0.0,80.0,3.0,153.0,94.38,0.0,0.0,0.0,0.0,202.36
0.0,0.0,71.0,9.0,348.0,1485.55,0.0,36.0,370.0,0.0,2373.85
0.0,0.0,58.0,6.0,60.0,128.68,0.0,0.0,0.0,0.0,144.65
0.0,0.0,0.0,2.0,833.0,171.12,0.0,0.0,0.0,0.0,728.34
0.0,0.0,75.0,8.0,509.0,147.16,0.0,0.0,0.0,0.0,175.33
0.0,1.0,22.0,2.0,295.0,2191.88,0.0,24.0,334.0,0.0,2191.88
0.0,0.0,30.0,9.0,364.0,1326.07,0.0,28.0,250.0,0.0,1454.36
0.0,1.0,65.0,1.0,180.0,942.13,0.0,64.0,348.0,0.0,971.03
0.0,0.0,80.0,3.0,91.0,166.16,0.0,0.0,0.0,0.0,202.55
0.0,0.0,59.0,6.0,624.0,183.75,0.0,0.0,0.0,0.0,186.95
0.0,0.0,25.0,8.0,524.0,367.69,0.0,0.0,0.0,0.0,1432.91
0.0,0.0,78.0,5.0,451.0,2552.21,0.0,36.0,185.0,0.0,3101.88
0.0,0.0,75.0,8.0,521.0,192.53,0.0,0.0,0.0,0.0,205.38
0.0,0.0,0.0,2.0,75.0,530.07,0.0,0.0,0.0,0.0,530.07
0.0,0.0,25.0,8.0,504.0,119.86,0.0,0.0,0.0,0.0,1022.23
0.0,0.0,32.0,6.0,720.0,891.81,0.0,0.0,4.0,0.0,950.79
0.0,1.0,19.0,1.0,180.0,942.13,0.0,36.0,260.0,0.0,2315.82
0.0,0.0,82.0,8.0,539.0,381.78,0.0,0.0,0.0,0.0,381.78
0.0,0.0,26.0,8.0,645.0,339.33,0.0,0.0,0.0,0.0,541.29
0.0,0.0,59.0,6.0,616.0,160.04,0.0,0.0,0.0,0.0,201.87
0.0,0.0,80.0,3.0,91.0,166.16,0.0,0.0,0.0,0.0,196.97
0.0,0.0,60.0,3.0,673.0,376.39,0.0,0.0,0.0,0.0,1177.1
0.0,0.0,59.0,6.0,602.0,187.67,0.0,0.0,0.0,0.0,190.36
0.0,0.0,33.0,3.0,128.0,57.54,0.0,0.0,0.0,0.0,223.98
0.0,0.0,64.0,6.0,27.0,912.5,0.0,0.0,0.0,0.0,957.57
0.0,0.0,82.0,8.0,494.0,99.63,0.0,0.0,0.0,0.0,373.56
0.0,0.0,13.0,5.0,190.0,1899.58,0.0,12.0,144.0,0.0,2126.89
0.0,0.0,65.0,1.0,198.0,630.77,0.0,0.0,12.0,0.0,672.04
0.0,0.0,32.0,6.0,564.0,825.28,0.0,0.0,0.0,0.0,848.12
0.0,0.0,62.0,3.0,119.0,218.86,0.0,0.0,0.0,0.0,226.41
0.0,0.0,0.0,2.0,818.0,545.16,0.0,0.0,0.0,0.0,545.16
0.0,0.0,63.0,2.0,399.0,218.5,0.0,0.0,8.0,0.0,1719.31
0.0,0.0,63.0,2.0,395.0,206.82,0.0,0.0,4.0,0.0,1929.17
0.0,0.0,27.0,2.0,414.0,183.29,0.0,0.0,0.0,0.0,183.29
0.0,0.0,23.0,3.0,96.0,487.93,0.0,0.0,0.0,0.0,1121.91
0.0,0.0,64.0,6.0,15.0,189.9,0.0,0.0,0.0,0.0,716.16
0.0,0.0,23.0,3.0,234.0,491.2,0.0,0.0,0.0,0.0,1295.21
0.0,0.0,31.0,3.0,155.0,101.64,0.0,0.0,0.0,0.0,103.26
0.0,0.0,17.0,3.0,93.0,249.28,0.0,0.0,0.0,0.0,516.82
0.0,0.0,43.0,8.0,499.0,93.61,0.0,0.0,0.0,0.0,120.31
0.0,0.0,23.0,3.0,482.0,1852.82,0.0,36.0,252.0,0.0,2045.37
0.0,0.0,69.0,3.0,125.0,68.37,0.0,0.0,0.0,0.0,256.73
0.0,0.0,59.0,6.0,616.0,160.04,0.0,0.0,0.0,0.0,161.39
0.0,0.0,12.0,5.0,183.0,2027.81,0.0,0.0,76.0,0.0,2496.54
0.0,0.0,60.0,3.0,127.0,221.29,0.0,0.0,0.0,0.0,1104.72
0.0,0.0,45.0,10.0,739.0,2323.29,4.0,8.0,60.0,0.0,2753.22
0.0,0.0,17.0,3.0,97.0,234.38,0.0,0.0,0.0,0.0,549.15
0.0,0.0,88.0,9.0,459.0,2364.28,14.0,250.0,172.0,0.0,2608.12
0.0,0.0,61.0,1.0,431.0,877.71,0.0,0.0,0.0,0.0,893.7
0.0,0.0,48.0,0.0,187.0,2054.11,0.0,24.0,150.0,0.0,2054.11
0.0,1.0,78.0,5.0,482.0,1852.82,0.0,40.0,269.0,0.0,3503.88
0.0,0.0,70.0,3.0,86.0,248.73,0.0,0.0,0.0,0.0,272.86
0.0,0.0,0.0,2.0,813.0,530.02,0.0,0.0,0.0,0.0,721.82
0.0,0.0,22.0,2.0,312.0,2455.8,16.0,198.0,208.0,0.0,2581.78
0.0,0.0,62.0,3.0,85.0,218.47,0.0,0.0,0.0,0.0,218.47
0.0,0.0,12.0,5.0,166.0,1924.94,0.0,4.0,24.0,0.0,2366.79
0.0,0.0,33.0,3.0,286.0,60.45,0.0,0.0,0.0,0.0,67.46
0.0,0.0,0.0,2.0,393.0,594.43,0.0,0.0,0.0,0.0,768.16
0.0,0.0,59.0,6.0,610.0,184.82,0.0,0.0,0.0,0.0,192.29
0.0,0.0,62.0,3.0,80.0,200.46,0.0,0.0,0.0,0.0,210.46
0.0,0.0,15.0,8.0,646.0,413.32,0.0,0.0,0.0,0.0,1482.39
0.0,0.0,61.0,1.0,775.0,563.05,0.0,0.0,4.0,0.0,877.0
0.0,0.0,28.0,1.0,751.0,481.27,0.0,0.0,0.0,0.0,548.07
0.0,0.0,58.0,6.0,51.0,138.79,0.0,0.0,0.0,0.0,140.02
0.0,0.0,71.0,9.0,365.0,1288.58,0.0,28.0,198.0,0.0,2105.29
0.0,0.0,12.0,5.0,166.0,1924.94,0.0,4.0,24.0,0.0,2469.69
0.0,1.0,11.0,5.0,480.0,2968.87,12.0,69.0,460.0,0.0,2968.87
0.0,0.0,26.0,8.0,696.0,896.98,0.0,0.0,0.0,0.0,1060.49
0.0,0.0,15.0,8.0,676.0,1532.22,0.0,0.0,0.0,0.0,1714.72
0.0,0.0,64.0,6.0,27.0,912.5,0.0,0.0,0.0,0.0,1113.32
0.0,0.0,80.0,3.0,91.0,166.16,0.0,0.0,0.0,0.0,207.16
0.0,0.0,59.0,6.0,555.0,184.19,0.0,0.0,0.0,0.0,188.97
0.0,0.0,15.0,8.0,634.0,1025.2,0.0,0.0,0.0,0.0,1440.27
0.0,0.0,24.0,8.0,699.0,2156.85,4.0,4.0,28.0,0.0,2278.53
0.0,0.0,67.0,1.0,259.0,391.11,0.0,0.0,0.0,0.0,393.5
0.0,0.0,76.0,3.0,100.0,201.03,0.0,0.0,0.0,0.0,249.26
0.0,0.0,24.0,8.0,699.0,2156.85,0.0,4.0,28.0,0.0,2265.43
0.0,0.0,72.0,3.0,159.0,252.7,0.0,0.0,0.0,0.0,922.29
0.0,1.0,2.0,11.0,470.0,2401.48,20.0,183.0,395.0,0.0,3872.48
0.0,0.0,13.0,5.0,190.0,1899.58,0.0,20.0,136.0,0.0,2363.86
0.0,0.0,58.0,6.0,77.0,124.2,0.0,0.0,0.0,0.0,124.2
0.0,0.0,73.0,6.0,0.0,199.3,0.0,0.0,0.0,0.0,199.3
0.0,0.0,25.0,8.0,504.0,119.86,0.0,0.0,0.0,0.0,902.32
0.0,0.0,26.0,8.0,638.0,412.0,0.0,0.0,0.0,0.0,1203.6
0.0,0.0,9.0,8.0,266.0,153.47,0.0,0.0,0.0,0.0,154.06
0.0,0.0,59.0,6.0,612.0,183.51,0.0,0.0,0.0,0.0,193.15
0.0,0.0,67.0,1.0,785.0,335.11,0.0,0.0,0.0,0.0,340.02
0.0,0.0,24.0,8.0,710.0,1724.61,0.0,0.0,4.0,0.0,1724.61
0.0,0.0,29.0,10.0,44.0,706.4,0.0,0.0,0.0,0.0,943.81
0.0,0.0,73.0,6.0,5.0,209.59,0.0,0.0,0.0,0.0,210.76
0.0,1.0,93.0,1.0,415.0,1149.09,0.0,4.0,257.0,0.0,1270.57
0.0,0.0,43.0,8.0,556.0,74.79,0.0,0.0,0.0,0.0,92.49
0.0,0.0,64.0,6.0,40.0,254.92,0.0,0.0,0.0,0.0,1193.32
0.0,0.0,75.0,8.0,509.0,147.16,0.0,0.0,0.0,0.0,147.16
0.0,0.0,61.0,1.0,434.0,734.83,0.0,0.0,4.0,0.0,837.13
0.0,0.0,28.0,1.0,751.0,481.27,0.0,0.0,0.0,0.0,548.97
0.0,0.0,74.0,8.0,704.0,377.31,0.0,0.0,4.0,0.0,544.62
0.0,0.0,59.0,6.0,627.0,190.7,0.0,0.0,0.0,0.0,235.46
0.0,0.0,75.0,8.0,517.0,166.45,0.0,0.0,0.0,0.0,225.74
0.0,0.0,93.0,1.0,434.0,734.83,0.0,0.0,8.0,0.0,900.97
0.0,0.0,33.0,3.0,294.0,170.54,0.0,0.0,0.0,0.0,210.03
0.0,0.0,31.0,3.0,148.0,96.43,0.0,0.0,0.0,0.0,107.08
0.0,0.0,33.0,3.0,126.0,215.52,0.0,0.0,0.0,0.0,226.47
0.0,0.0,9.0,8.0,281.0,48.2,0.0,0.0,0.0,0.0,188.21
0.0,0.0,65.0,1.0,441.0,716.16,0.0,0.0,52.0,0.0,794.8
0.0,0.0,32.0,6.0,720.0,891.81,0.0,0.0,4.0,0.0,1004.89
0.0,0.0,64.0,6.0,14.0,725.47,0.0,0.0,0.0,0.0,966.81
0.0,0.0,43.0,8.0,514.0,90.8,0.0,0.0,0.0,0.0,90.8
0.0,0.0,73.0,6.0,10.0,230.5,0.0,0.0,0.0,0.0,290.25
0.0,0.0,75.0,8.0,529.0,183.56,0.0,0.0,0.0,0.0,208.05
0.0,0.0,67.0,1.0,759.0,372.89,0.0,0.0,4.0,0.0,372.89
0.0,0.0,67.0,1.0,749.0,56.41,0.0,0.0,0.0,0.0,353.92
0.0,0.0,60.0,3.0,673.0,376.39,0.0,0.0,0.0,0.0,1445.72
0.0,0.0,45.0,10.0,357.0,2962.81,8.0,48.0,175.0,0.0,3020.34
0.0,0.0,62.0,3.0,107.0,204.01,0.0,0.0,0.0,0.0,260.2
0.0,1.0,71.0,9.0,299.0,1427.43,8.0,103.0,378.0,0.0,2475.89
0.0,0.0,62.0,3.0,94.0,244.05,0.0,0.0,0.0,0.0,288.57
0.0,0.0,76.0,3.0,243.0,254.93,0.0,0.0,0.0,0.0,254.93
0.0,0.0,25.0,8.0,654.0,1112.38,0.0,0.0,0.0,0.0,1147.41
0.0,0.0,29.0,10.0,344.0,1061.64,0.0,0.0,4.0,0.0,1061.64
0.0,0.0,58.0,6.0,68.0,142.56,0.0,0.0,0.0,0.0,143.28
0.0,0.0,21.0,9.0,363.0,1130.11,0.0,0.0,32.0,0.0,1269.12
0.0,0.0,9.0,8.0,266.0,153.47,0.0,0.0,0.0,0.0,153.47
0.0,0.0,57.0,3.0,122.0,317.12,0.0,0.0,0.0,0.0,421.39
0.0,0.0,27.0,2.0,396.0,162.63,0.0,0.0,0.0,0.0,189.62
0.0,0.0,73.0,6.0,6.0,36.83,0.0,0.0,0.0,0.0,238.76
0.0,0.0,60.0,3.0,289.0,1127.28,0.0,0.0,0.0,0.0,1261.1
0.0,0.0,60.0,3.0,665.0,321.07,0.0,0.0,0.0,0.0,1162.56
0.0,0.0,27.0,2.0,413.0,181.04,0.0,0.0,0.0,0.0,181.04
0.0,0.0,82.0,8.0,494.0,99.63,0.0,0.0,0.0,0.0,466.46
0.0,0.0,68.0,3.0,233.0,611.86,0.0,0.0,0.0,0.0,653.67
0.0,0.0,27.0,2.0,399.0,218.5,0.0,0.0,12.0,0.0,224.24
0.0,0.0,13.0,5.0,178.0,881.66,4.0,8.0,136.0,0.0,2146.89
0.0,0.0,77.0,4.0,459.0,2364.28,12.0,290.0,170.0,0.0,3959.61
0.0,0.0,82.0,8.0,523.0,366.39,0.0,0.0,0.0,0.0,366.39
0.0,0.0,0.0,2.0,390.0,579.42,0.0,0.0,0.0,0.0,752.38
0.0,0.0,65.0,1.0,202.0,472.71,0.0,0.0,0.0,0.0,625.62
0.0,0.0,72.0,3.0,155.0,101.64,0.0,0.0,0.0,0.0,756.4
0.0,0.0,28.0,1.0,767.0,528.43,0.0,0.0,0.0,0.0,620.21
0.0,0.0,66.0,2.0,377.0,567.63,0.0,0.0,0.0,0.0,567.63
0.0,0.0,66.0,2.0,16.0,550.56,0.0,0.0,0.0,0.0,550.56
0.0,0.0,64.0,6.0,13.0,115.88,0.0,0.0,0.0,0.0,115.88
0.0,0.0,25.0,8.0,696.0,896.98,0.0,0.0,0.0,0.0,988.49
0.0,0.0,28.0,1.0,799.0,465.92,0.0,0.0,0.0,0.0,475.4
0.0,0.0,45.0,10.0,329.0,1256.14,0.0,4.0,40.0,0.0,2543.57
0.0,0.0,32.0,6.0,582.0,741.2,0.0,0.0,0.0,0.0,742.14
0.0,0.0,9.0,8.0,267.0,138.48,0.0,0.0,0.0,0.0,187.64
0.0,0.0,58.0,6.0,77.0,124.2,0.0,0.0,0.0,0.0,149.16
0.0,0.0,58.0,6.0,77.0,124.2,0.0,0.0,0.0,0.0,129.51
0.0,0.0,68.0,3.0,241.0,595.94,0.0,0.0,0.0,0.0,659.6
0.0,0.0,9.0,8.0,270.0,149.4,0.0,0.0,0.0,0.0,174.67
0.0,0.0,26.0,8.0,632.0,358.38,0.0,0.0,0.0,0.0,1311.68
0.0,0.0,29.0,10.0,340.0,1006.27,0.0,0.0,4.0,0.0,1019.45
0.0,0.0,67.0,1.0,757.0,305.67,0.0,0.0,0.0,0.0,310.99
0.0,0.0,0.0,2.0,818.0,545.16,0.0,0.0,0.0,0.0,588.3
0.0,0.0,30.0,9.0,361.0,1248.9,0.0,16.0,79.0,0.0,1278.44
0.0,0.0,66.0,2.0,378.0,570.28,0.0,0.0,0.0,0.0,570.28
0.0,0.0,80.0,3.0,151.0,45.52,0.0,0.0,0.0,0.0,190.91
0.0,0.0,64.0,6.0,31.0,230.5,0.0,0.0,0.0,0.0,1119.86
0.0,0.0,68.0,3.0,247.0,834.99,0.0,0.0,40.0,0.0,862.33
0.0,0.0,32.0,6.0,576.0,821.06,0.0,0.0,0.0,0.0,821.06
0.0,0.0,33.0,3.0,131.0,226.6,0.0,0.0,0.0,0.0,231.41
0.0,0.0,62.0,3.0,256.0,200.36,0.0,0.0,0.0,0.0,204.57
0.0,0.0,75.0,8.0,502.0,65.66,0.0,0.0,0.0,0.0,221.59
0.0,0.0,32.0,6.0,583.0,694.69,0.0,0.0,0.0,0.0,787.62
0.0,0.0,28.0,1.0,807.0,463.22,0.0,0.0,0.0,0.0,496.89
0.0,0.0,23.0,3.0,236.0,227.02,0.0,0.0,0.0,0.0,1204.06
0.0,0.0,26.0,8.0,640.0,1009.58,0.0,0.0,0.0,0.0,1039.56
0.0,0.0,78.0,5.0,450.0,2879.39,8.0,28.0,349.0,0.0,3400.99
0.0,0.0,74.0,8.0,538.0,90.23,0.0,0.0,0.0,0.0,408.25
0.0,0.0,58.0,6.0,65.0,25.94,0.0,0.0,0.0,0.0,141.05
0.0,0.0,28.0,1.0,758.0,355.2,0.0,0.0,0.0,0.0,459.35
0.0,0.0,73.0,6.0,20.0,144.16,0.0,0.0,0.0,0.0,286.82
0.0,1.0,88.0,9.0,350.0,1928.85,20.0,224.0,314.0,0.0,2400.52
0.0,0.0,45.0,10.0,713.0,2326.72,0.0,8.0,36.0,0.0,2562.53
0.0,0.0,33.0,3.0,120.0,260.56,0.0,0.0,0.0,0.0,262.16
0.0,0.0,67.0,1.0,757.0,305.67,0.0,0.0,0.0,0.0,305.67
0.0,0.0,27.0,2.0,394.0,175.28,0.0,0.0,8.0,0.0,213.69
0.0,0.0,64.0,6.0,14.0,725.47,0.0,0.0,0.0,0.0,967.35
0.0,0.0,62.0,3.0,81.0,212.11,0.0,0.0,0.0,0.0,273.95
0.0,0.0,73.0,6.0,22.0,230.75,0.0,0.0,0.0,0.0,230.75
0.0,0.0,30.0,9.0,365.0,1288.58,0.0,36.0,270.0,0.0,1423.88
0.0,0.0,28.0,1.0,751.0,481.27,0.0,0.0,0.0,0.0,507.9
0.0,1.0,88.0,9.0,302.0,2034.02,4.0,247.0,235.0,0.0,2412.18
0.0,0.0,58.0,6.0,54.0,130.22,0.0,0.0,0.0,0.0,190.02
0.0,0.0,80.0,3.0,147.0,80.54,0.0,0.0,0.0,0.0,201.03
0.0,0.0,33.0,3.0,129.0,224.2,0.0,0.0,0.0,0.0,235.25
0.0,0.0,73.0,6.0,2.0,208.86,0.0,0.0,0.0,0.0,208.86
0.0,0.0,75.0,8.0,515.0,92.92,0.0,0.0,0.0,0.0,195.86
0.0,0.0,17.0,3.0,114.0,232.81,0.0,0.0,0.0,0.0,516.4
0.0,0.0,80.0,3.0,151.0,45.52,0.0,0.0,0.0,0.0,204.4
0.0,0.0,69.0,3.0,215.0,250.01,0.0,0.0,0.0,0.0,330.9
0.0,0.0,24.0,8.0,699.0,2156.85,0.0,4.0,28.0,0.0,2192.81
0.0,0.0,64.0,6.0,31.0,230.5,0.0,0.0,0.0,0.0,1090.5
0.0,0.0,22.0,2.0,316.0,2530.54,31.0,198.0,163.0,0.0,2657.97
0.0,1.0,11.0,5.0,480.0,2968.87,12.0,52.0,444.0,0.0,3210.31
0.0,0.0,65.0,1.0,200.0,661.29,0.0,0.0,68.0,0.0,762.34
0.0,0.0,26.0,8.0,692.0,781.25,0.0,0.0,0.0,0.0,897.26
0.0,0.0,31.0,3.0,148.0,96.43,0.0,0.0,0.0,0.0,105.14
0.0,0.0,58.0,6.0,63.0,140.7,0.0,0.0,0.0,0.0,144.36
0.0,0.0,75.0,8.0,497.0,151.33,0.0,0.0,0.0,0.0,182.34
0.0,0.0,65.0,1.0,199.0,592.82,0.0,4.0,8.0,0.0,732.43
0.0,0.0,4.0,0.0,489.0,6047.83,40.0,259.0,123.0,8.0,8287.91
0.0,0.0,15.0,8.0,230.0,1545.2,0.0,0.0,0.0,0.0,1682.65
0.0,0.0,70.0,3.0,92.0,189.72,0.0,0.0,0.0,0.0,218.87
0.0,0.0,9.0,8.0,267.0,138.48,0.0,0.0,0.0,0.0,143.3
0.0,0.0,0.0,2.0,384.0,562.41,0.0,0.0,0.0,0.0,566.24
0.0,0.0,23.0,3.0,251.0,1367.1,0.0,0.0,16.0,0.0,1417.27
0.0,0.0,73.0,6.0,19.0,179.3,0.0,0.0,0.0,0.0,222.02
0.0,0.0,44.0,8.0,637.0,342.32,0.0,0.0,0.0,0.0,450.58
0.0,1.0,88.0,9.0,460.0,2235.35,8.0,274.0,263.0,0.0,2344.36
0.0,0.0,44.0,8.0,276.0,155.79,0.0,0.0,0.0,0.0,316.9
0.0,0.0,9.0,8.0,644.0,158.71,0.0,0.0,0.0,0.0,179.89
0.0,0.0,73.0,6.0,28.0,219.19,0.0,0.0,0.0,0.0,219.19
0.0,0.0,26.0,8.0,657.0,851.14,0.0,0.0,0.0,0.0,966.95
0.0,1.0,50.0,11.0,470.0,2401.48,16.0,316.0,226.0,0.0,3628.64
0.0,1.0,2.0,11.0,470.0,2401.48,12.0,210.0,349.0,0.0,4181.58
0.0,1.0,71.0,9.0,352.0,2108.57,4.0,71.0,422.0,0.0,2537.57
0.0,0.0,23.0,3.0,93.0,249.28,0.0,0.0,0.0,0.0,1083.83
0.0,0.0,33.0,3.0,131.0,226.6,0.0,0.0,0.0,0.0,226.6
0.0,0.0,86.0,10.0,453.0,2740.01,0.0,28.0,184.0,0.0,2930.48
0.0,0.0,62.0,3.0,113.0,186.49,0.0,0.0,0.0,0.0,186.64
0.0,0.0,71.0,9.0,364.0,1326.07,0.0,24.0,272.0,0.0,2189.19
0.0,0.0,68.0,3.0,204.0,596.2,0.0,0.0,0.0,0.0,757.86
0.0,0.0,15.0,8.0,647.0,397.42,0.0,0.0,0.0,0.0,1445.36
0.0,0.0,58.0,6.0,20.0,144.16,0.0,0.0,0.0,0.0,144.67
0.0,0.0,24.0,8.0,734.0,1761.77,0.0,0.0,8.0,0.0,2199.27
0.0,0.0,76.0,3.0,164.0,224.7,0.0,0.0,0.0,0.0,234.9
0.0,0.0,29.0,10.0,340.0,1006.27,0.0,0.0,4.0,0.0,1103.58
0.0,0.0,45.0,10.0,714.0,1283.41,0.0,0.0,20.0,0.0,2507.32
0.0,0.0,28.0,1.0,760.0,408.73,0.0,0.0,4.0,0.0,531.04
0.0,0.0,58.0,6.0,606.0,118.97,0.0,0.0,0.0,0.0,134.61
0.0,0.0,67.0,1.0,191.0,419.03,0.0,4.0,0.0,0.0,430.71
0.0,0.0,43.0,8.0,501.0,93.53,0.0,0.0,0.0,0.0,107.65
0.0,1.0,37.0,1.0,439.0,1675.32,0.0,8.0,155.0,0.0,1762.74
0.0,0.0,29.0,10.0,33.0,701.32,0.0,0.0,0.0,0.0,1047.86
0.0,0.0,67.0,1.0,202.0,472.71,0.0,4.0,0.0,0.0,536.68
0.0,0.0,23.0,3.0,235.0,681.8,0.0,0.0,0.0,0.0,1399.05
0.0,0.0,32.0,6.0,588.0,740.83,0.0,0.0,0.0,0.0,756.48
0.0,0.0,74.0,8.0,534.0,368.88,0.0,0.0,0.0,0.0,399.46
0.0,0.0,28.0,1.0,771.0,471.43,0.0,0.0,0.0,0.0,513.18
0.0,0.0,33.0,3.0,293.0,224.32,0.0,0.0,0.0,0.0,224.32
0.0,0.0,74.0,8.0,512.0,349.57,0.0,0.0,0.0,0.0,471.69
0.0,0.0,9.0,8.0,271.0,147.5,0.0,0.0,0.0,0.0,150.05
0.0,0.0,43.0,8.0,541.0,86.16,0.0,0.0,0.0,0.0,90.25
0.0,0.0,76.0,3.0,88.0,82.58,0.0,0.0,0.0,0.0,286.21
0.0,0.0,30.0,9.0,365.0,1288.58,0.0,28.0,271.0,0.0,1385.1
0.0,0.0,28.0,1.0,808.0,442.04,0.0,0.0,0.0,0.0,472.44
0.0,0.0,75.0,8.0,521.0,192.53,0.0,0.0,0.0,0.0,200.56
0.0,0.0,24.0,8.0,697.0,1990.41,0.0,0.0,16.0,0.0,2011.1
0.0,0.0,28.0,1.0,807.0,463.22,0.0,0.0,0.0,0.0,521.9
0.0,0.0,75.0,8.0,495.0,161.74,0.0,0.0,0.0,0.0,178.91
0.0,0.0,67.0,1.0,750.0,316.31,0.0,0.0,0.0,0.0,342.52
0.0,0.0,67.0,1.0,748.0,282.68,0.0,0.0,0.0,0.0,331.24
0.0,0.0,70.0,3.0,89.0,175.42,0.0,0.0,0.0,0.0,252.81
0.0,0.0,43.0,8.0,546.0,88.41,0.0,0.0,0.0,0.0,88.41
0.0,0.0,60.0,3.0,284.0,52.93,0.0,0.0,0.0,0.0,1147.98
0.0,0.0,9.0,8.0,644.0,158.71,0.0,0.0,0.0,0.0,175.05
0.0,0.0,32.0,6.0,587.0,765.17,0.0,0.0,0.0,0.0,771.79
0.0,0.0,66.0,2.0,380.0,625.83,0.0,0.0,0.0,0.0,627.11
0.0,0.0,78.0,5.0,220.0,2862.87,0.0,16.0,148.0,0.0,3015.54
0.0,0.0,74.0,8.0,585.0,366.04,0.0,0.0,0.0,0.0,491.05
0.0,0.0,78.0,5.0,219.0,1972.08,0.0,0.0,36.0,0.0,2469.54
0.0,0.0,33.0,3.0,291.0,219.66,0.0,0.0,0.0,0.0,230.03
0.0,0.0,86.0,10.0,742.0,2344.08,4.0,20.0,146.0,0.0,2592.92
0.0,0.0,45.0,10.0,323.0,1298.03,0.0,12.0,64.0,0.0,2736.44
0.0,0.0,43.0,8.0,515.0,92.92,0.0,0.0,0.0,0.0,97.38
0.0,0.0,12.0,5.0,190.0,1899.58,0.0,12.0,144.0,0.0,2624.13
0.0,0.0,44.0,8.0,632.0,358.38,0.0,0.0,0.0,0.0,406.94
0.0,0.0,82.0,8.0,709.0,442.82,0.0,0.0,4.0,0.0,533.62
0.0,0.0,64.0,6.0,43.0,744.13,0.0,0.0,0.0,0.0,914.94
0.0,0.0,60.0,3.0,671.0,384.03,0.0,0.0,0.0,0.0,1396.23
0.0,0.0,15.0,8.0,205.0,592.15,0.0,0.0,0.0,0.0,1742.7
0.0,0.0,15.0,8.0,733.0,1793.74,0.0,4.0,4.0,0.0,1795.51
0.0,0.0,73.0,6.0,29.0,174.89,0.0,0.0,0.0,0.0,294.9
0.0,0.0,62.0,3.0,97.0,234.38,0.0,0.0,0.0,0.0,241.35
0.0,0.0,25.0,8.0,499.0,93.61,0.0,0.0,0.0,0.0,919.98
0.0,0.0,66.0,2.0,376.0,569.68,0.0,0.0,0.0,0.0,622.98
0.0,0.0,82.0,8.0,498.0,189.98,0.0,0.0,0.0,0.0,360.52
0.0,0.0,15.0,8.0,651.0,1011.59,0.0,0.0,0.0,0.0,1516.72
0.0,0.0,67.0,1.0,760.0,408.73,0.0,0.0,4.0,0.0,487.39
0.0,0.0,29.0,10.0,329.0,1256.14,0.0,8.0,36.0,0.0,1377.74
0.0,0.0,63.0,2.0,296.0,1194.79,0.0,12.0,130.0,0.0,1935.35
0.0,0.0,76.0,3.0,106.0,221.5,0.0,0.0,0.0,0.0,270.7
0.0,0.0,28.0,1.0,775.0,563.05,0.0,0.0,0.0,0.0,578.74
0.0,0.0,28.0,1.0,808.0,442.04,0.0,0.0,0.0,0.0,568.33
0.0,0.0,65.0,1.0,198.0,630.77,0.0,0.0,16.0,0.0,670.0
0.0,1.0,71.0,9.0,352.0,2108.57,8.0,177.0,337.0,0.0,2732.18
0.0,0.0,80.0,3.0,91.0,166.16,0.0,0.0,0.0,0.0,269.93
0.0,0.0,77.0,4.0,313.0,2588.41,50.0,157.0,164.0,0.0,3985.79
0.0,0.0,23.0,3.0,251.0,1367.1,0.0,0.0,16.0,0.0,1425.76
0.0,0.0,22.0,2.0,315.0,2386.66,12.0,204.0,236.0,0.0,2561.66
0.0,0.0,0.0,2.0,816.0,167.85,0.0,0.0,0.0,0.0,585.5
0.0,0.0,30.0,9.0,362.0,1110.53,0.0,4.0,40.0,0.0,1110.53
0.0,0.0,67.0,1.0,749.0,56.41,0.0,0.0,0.0,0.0,342.56
0.0,0.0,9.0,8.0,292.0,123.8,0.0,0.0,0.0,0.0,156.32
0.0,0.0,66.0,2.0,381.0,581.94,0.0,0.0,0.0,0.0,653.07
0.0,0.0,67.0,1.0,758.0,355.2,0.0,0.0,0.0,0.0,360.52
0.0,0.0,59.0,6.0,631.0,202.88,0.0,0.0,0.0,0.0,270.37
0.0,0.0,58.0,6.0,65.0,25.94,0.0,0.0,0.0,0.0,25.94
0.0,0.0,59.0,6.0,598.0,156.64,0.0,0.0,0.0,0.0,197.81
0.0,0.0,30.0,9.0,362.0,1110.53,0.0,4.0,60.0,0.0,1174.6
0.0,0.0,9.0,8.0,279.0,118.18,0.0,0.0,0.0,0.0,149.71
0.0,1.0,1.0,11.0,466.0,3843.85,12.0,153.0,410.0,2.0,4400.93
0.0,0.0,30.0,9.0,364.0,1326.07,4.0,28.0,309.0,0.0,1414.13
0.0,0.0,74.0,8.0,512.0,349.57,0.0,0.0,0.0,0.0,461.25
0.0,0.0,93.0,1.0,436.0,961.82,0.0,0.0,44.0,0.0,961.82
0.0,0.0,93.0,1.0,436.0,961.82,0.0,4.0,68.0,0.0,1067.28
0.0,0.0,73.0,6.0,6.0,36.83,0.0,0.0,0.0,0.0,229.67
0.0,0.0,9.0,8.0,267.0,138.48,0.0,0.0,0.0,0.0,144.2
0.0,0.0,29.0,10.0,341.0,1009.95,0.0,0.0,0.0,0.0,1136.51
0.0,0.0,67.0,1.0,785.0,335.11,0.0,0.0,0.0,0.0,339.06
0.0,0.0,79.0,9.0,335.0,628.18,0.0,0.0,0.0,0.0,776.71
0.0,0.0,0.0,2.0,825.0,419.75,0.0,0.0,0.0,0.0,419.75
0.0,0.0,63.0,2.0,382.0,568.43,0.0,0.0,0.0,0.0,1870.14
0.0,0.0,57.0,3.0,121.0,242.62,0.0,0.0,0.0,0.0,329.34
0.0,0.0,70.0,3.0,253.0,159.47,0.0,0.0,0.0,0.0,202.0
0.0,0.0,63.0,2.0,390.0,579.42,0.0,0.0,0.0,0.0,1530.34
0.0,1.0,22.0,2.0,295.0,2191.88,0.0,20.0,367.0,0.0,2239.94
0.0,0.0,67.0,1.0,789.0,294.63,0.0,0.0,0.0,0.0,355.78
0.0,0.0,29.0,10.0,341.0,1009.95,0.0,0.0,0.0,0.0,1049.61
0.0,0.0,23.0,3.0,246.0,1496.45,0.0,0.0,48.0,0.0,1543.12
0.0,0.0,45.0,10.0,353.0,2768.64,4.0,16.0,129.0,0.0,3010.85
0.0,0.0,29.0,10.0,593.0,1010.63,0.0,0.0,4.0,0.0,1010.63
0.0,0.0,59.0,6.0,623.0,81.64,0.0,0.0,0.0,0.0,193.02
0.0,0.0,9.0,8.0,690.0,150.61,0.0,0.0,0.0,0.0,194.33
0.0,0.0,29.0,10.0,44.0,706.4,0.0,0.0,0.0,0.0,1007.2
0.0,0.0,61.0,1.0,434.0,734.83,0.0,0.0,4.0,0.0,838.6
0.0,0.0,63.0,2.0,399.0,218.5,0.0,0.0,8.0,0.0,1722.84
0.0,0.0,64.0,6.0,14.0,725.47,0.0,0.0,0.0,0.0,843.51
0.0,0.0,32.0,6.0,559.0,724.89,0.0,0.0,0.0,0.0,897.55
0.0,0.0,63.0,2.0,382.0,568.43,0.0,0.0,0.0,0.0,1646.88
0.0,0.0,32.0,6.0,592.0,783.93,0.0,0.0,0.0,0.0,970.9
0.0,0.0,25.0,8.0,653.0,892.05,0.0,0.0,0.0,0.0,1188.41
0.0,0.0,0.0,2.0,823.0,546.46,0.0,0.0,0.0,0.0,546.46
0.0,0.0,4.0,0.0,489.0,6047.83,49.0,172.0,114.0,13.0,8192.74
0.0,0.0,25.0,8.0,531.0,1006.71,0.0,0.0,0.0,0.0,1137.44
0.0,0.0,45.0,10.0,738.0,2445.6,4.0,20.0,120.0,0.0,2836.88
0.0,0.0,15.0,8.0,676.0,1532.22,0.0,0.0,0.0,0.0,1532.22
0.0,0.0,81.0,0.0,422.0,2141.65,12.0,267.0,238.0,0.0,5896.1
0.0,0.0,0.0,2.0,833.0,171.12,0.0,0.0,0.0,0.0,639.7
0.0,0.0,20.0,9.0,335.0,628.18,0.0,0.0,0.0,0.0,856.89
0.0,0.0,74.0,8.0,585.0,366.04,0.0,0.0,0.0,0.0,407.82
0.0,0.0,62.0,3.0,109.0,192.27,0.0,0.0,0.0,0.0,202.84
0.0,0.0,63.0,2.0,374.0,1698.54,0.0,0.0,0.0,0.0,1903.46
0.0,0.0,81.0,0.0,422.0,2141.65,12.0,158.0,335.0,0.0,5517.86
0.0,0.0,58.0,6.0,78.0,119.11,0.0,0.0,0.0,0.0,164.04
0.0,0.0,45.0,10.0,713.0,2326.72,0.0,0.0,28.0,0.0,2500.75
0.0,0.0,9.0,8.0,263.0,146.41,0.0,0.0,0.0,0.0,170.35
0.0,1.0,83.0,11.0,444.0,3365.54,12.0,177.0,398.0,0.0,3959.01
0.0,0.0,15.0,8.0,732.0,1663.99,0.0,0.0,4.0,0.0,1664.01
0.0,0.0,9.0,8.0,275.0,146.8,0.0,0.0,0.0,0.0,152.22
0.0,0.0,30.0,9.0,405.0,647.27,0.0,4.0,20.0,0.0,1126.71
0.0,0.0,66.0,2.0,379.0,549.11,0.0,0.0,0.0,0.0,577.14
0.0,0.0,63.0,2.0,407.0,1864.09,0.0,0.0,16.0,0.0,1925.16
0.0,0.0,59.0,6.0,617.0,162.89,0.0,0.0,0.0,0.0,208.29
0.0,0.0,93.0,1.0,773.0,557.21,0.0,0.0,4.0,0.0,779.43
0.0,0.0,29.0,10.0,341.0,1009.95,0.0,0.0,0.0,0.0,1123.75
0.0,0.0,45.0,10.0,741.0,2750.66,0.0,8.0,60.0,0.0,2750.66
0.0,0.0,28.0,1.0,753.0,483.36,0.0,0.0,0.0,0.0,517.45
0.0,0.0,17.0,3.0,172.0,514.86,0.0,0.0,20.0,0.0,514.86
0.0,0.0,23.0,3.0,251.0,1367.1,0.0,0.0,12.0,0.0,1444.17
0.0,0.0,60.0,3.0,285.0,1025.55,0.0,0.0,0.0,0.0,1097.21
0.0,0.0,57.0,3.0,146.0,433.12,0.0,0.0,0.0,0.0,433.12
0.0,0.0,22.0,2.0,312.0,2455.8,8.0,180.0,206.0,0.0,2605.44
0.0,0.0,15.0,8.0,230.0,1545.2,0.0,0.0,0.0,0.0,1562.24
0.0,0.0,58.0,6.0,59.0,108.14,0.0,0.0,0.0,0.0,196.67
0.0,0.0,58.0,6.0,59.0,108.14,0.0,0.0,0.0,0.0,142.56
0.0,0.0,59.0,6.0,630.0,197.98,0.0,0.0,0.0,0.0,198.57
0.0,0.0,61.0,1.0,802.0,351.44,0.0,0.0,0.0,0.0,626.33
0.0,0.0,33.0,3.0,284.0,52.93,0.0,0.0,0.0,0.0,295.03
0.0,0.0,45.0,10.0,331.0,1237.99,0.0,4.0,36.0,0.0,2502.83
0.0,0.0,26.0,8.0,657.0,851.14,0.0,0.0,0.0,0.0,908.49
0.0,0.0,28.0,1.0,805.0,448.2,0.0,0.0,0.0,0.0,564.09
0.0,0.0,43.0,8.0,688.0,88.51,0.0,0.0,0.0,0.0,88.78
0.0,0.0,45.0,10.0,356.0,2686.82,0.0,12.0,64.0,0.0,2798.43
0.0,0.0,69.0,3.0,215.0,250.01,0.0,0.0,0.0,0.0,257.44
0.0,0.0,34.0,10.0,592.0,783.93,0.0,0.0,0.0,0.0,1042.47
0.0,0.0,9.0,8.0,644.0,158.71,0.0,0.0,0.0,0.0,160.31
0.0,0.0,66.0,2.0,402.0,608.7,0.0,0.0,4.0,0.0,608.7
0.0,0.0,68.0,3.0,243.0,254.93,0.0,0.0,0.0,0.0,656.36
0.0,0.0,26.0,8.0,695.0,845.64,0.0,0.0,0.0,0.0,1033.35
0.0,0.0,67.0,1.0,783.0,343.07,0.0,0.0,0.0,0.0,348.2
0.0,0.0,79.0,9.0,37.0,701.34,0.0,0.0,0.0,0.0,723.58
0.0,0.0,28.0,1.0,752.0,359.22,0.0,0.0,0.0,0.0,461.32
0.0,0.0,78.0,5.0,728.0,1989.89,0.0,4.0,44.0,0.0,2530.49
0.0,0.0,69.0,3.0,159.0,252.7,0.0,0.0,0.0,0.0,279.38
0.0,0.0,44.0,8.0,645.0,339.33,0.0,0.0,0.0,0.0,377.31
0.0,0.0,30.0,9.0,366.0,1234.91,4.0,8.0,185.0,0.0,1234.91
0.0,0.0,63.0,2.0,407.0,1864.09,0.0,0.0,12.0,0.0,1865.11
0.0,0.0,73.0,6.0,5.0,209.59,0.0,0.0,0.0,0.0,213.93
0.0,0.0,20.0,9.0,321.0,1216.71,0.0,0.0,28.0,0.0,1392.26
0.0,0.0,25.0,8.0,527.0,776.34,0.0,0.0,0.0,0.0,776.34
0.0,0.0,24.0,8.0,699.0,2156.85,4.0,4.0,32.0,0.0,2236.72
0.0,0.0,28.0,1.0,766.0,598.64,0.0,0.0,0.0,0.0,598.64
0.0,0.0,23.0,3.0,232.0,1137.78,0.0,0.0,0.0,0.0,1148.48
0.0,0.0,43.0,8.0,502.0,65.66,0.0,0.0,0.0,0.0,92.52
0.0,0.0,15.0,8.0,674.0,1491.73,0.0,0.0,0.0,0.0,1633.94
0.0,0.0,12.0,5.0,168.0,2160.55,0.0,0.0,64.0,0.0,2291.19
0.0,0.0,23.0,3.0,248.0,1666.92,0.0,16.0,96.0,0.0,1864.47
0.0,0.0,21.0,9.0,402.0,608.7,0.0,0.0,4.0,0.0,1169.05
0.0,0.0,32.0,6.0,569.0,704.91,0.0,0.0,0.0,0.0,854.0
0.0,0.0,71.0,9.0,348.0,1485.55,8.0,58.0,419.0,0.0,2513.2
0.0,0.0,74.0,8.0,568.0,163.87,0.0,0.0,0.0,0.0,324.05
0.0,0.0,73.0,6.0,40.0,254.92,0.0,0.0,0.0,0.0,254.92
0.0,0.0,75.0,8.0,494.0,99.63,0.0,0.0,0.0,0.0,239.97
0.0,0.0,22.0,2.0,315.0,2386.66,12.0,213.0,243.0,0.0,2471.3
0.0,0.0,26.0,8.0,635.0,965.55,0.0,0.0,0.0,0.0,965.55
0.0,0.0,63.0,2.0,407.0,1864.09,0.0,0.0,8.0,0.0,1864.09
0.0,0.0,59.0,6.0,63.0,140.7,0.0,0.0,0.0,0.0,237.08
0.0,0.0,9.0,8.0,266.0,153.47,0.0,0.0,0.0,0.0,171.37
0.0,0.0,80.0,3.0,158.0,242.88,0.0,0.0,0.0,0.0,245.48
0.0,0.0,17.0,3.0,234.0,491.2,0.0,0.0,0.0,0.0,567.38
0.0,0.0,37.0,1.0,436.0,961.82,0.0,4.0,40.0,0.0,1436.29
0.0,1.0,88.0,9.0,350.0,1928.85,8.0,232.0,314.0,0.0,2198.08
0.0,0.0,80.0,3.0,149.0,110.1,0.0,0.0,0.0,0.0,237.04
0.0,0.0,70.0,3.0,88.0,82.58,0.0,0.0,0.0,0.0,235.65
0.0,0.0,32.0,6.0,721.0,878.79,0.0,0.0,4.0,0.0,884.34
0.0,0.0,9.0,8.0,690.0,150.61,0.0,0.0,0.0,0.0,173.66
0.0,0.0,45.0,10.0,323.0,1298.03,0.0,12.0,90.0,0.0,2938.25
0.0,0.0,58.0,6.0,50.0,134.61,0.0,0.0,0.0,0.0,140.35
0.0,0.0,64.0,6.0,14.0,725.47,0.0,0.0,0.0,0.0,725.47
0.0,0.0,27.0,2.0,375.0,162.85,0.0,0.0,0.0,0.0,199.04
0.0,0.0,45.0,10.0,331.0,1237.99,0.0,4.0,28.0,0.0,2269.99
0.0,0.0,59.0,6.0,552.0,95.9,0.0,0.0,0.0,0.0,220.4
0.0,0.0,28.0,1.0,779.0,452.28,0.0,0.0,0.0,0.0,620.95
0.0,0.0,67.0,1.0,791.0,372.32,0.0,0.0,0.0,0.0,442.22
0.0,0.0,28.0,1.0,757.0,305.67,0.0,0.0,0.0,0.0,475.54
0.0,0.0,25.0,8.0,521.0,192.53,0.0,0.0,0.0,0.0,1089.03
0.0,0.0,32.0,6.0,561.0,716.76,0.0,0.0,0.0,0.0,726.15
0.0,0.0,15.0,8.0,674.0,1491.73,0.0,0.0,0.0,0.0,1572.93
0.0,0.0,59.0,6.0,596.0,190.72,0.0,0.0,0.0,0.0,258.25
0.0,0.0,0.0,2.0,814.0,413.55,0.0,0.0,0.0,0.0,631.84
0.0,0.0,76.0,3.0,102.0,251.98,0.0,0.0,0.0,0.0,254.3
0.0,0.0,62.0,3.0,113.0,186.49,0.0,0.0,0.0,0.0,281.05
0.0,0.0,59.0,6.0,555.0,184.19,0.0,0.0,0.0,0.0,189.56
0.0,0.0,28.0,1.0,793.0,436.05,0.0,0.0,0.0,0.0,443.07
0.0,0.0,61.0,1.0,799.0,465.92,0.0,0.0,0.0,0.0,601.29
0.0,0.0,59.0,6.0,630.0,197.98,0.0,0.0,0.0,0.0,232.29
0.0,0.0,59.0,6.0,624.0,183.75,0.0,0.0,0.0,0.0,201.59
0.0,0.0,82.0,8.0,524.0,367.69,0.0,0.0,0.0,0.0,454.29
0.0,0.0,79.0,9.0,32.0,577.21,0.0,0.0,0.0,0.0,750.34
0.0,0.0,15.0,8.0,674.0,1491.73,0.0,0.0,0.0,0.0,1584.8
0.0,0.0,30.0,9.0,361.0,1248.9,0.0,16.0,82.0,0.0,1326.08
0.0,0.0,79.0,9.0,38.0,582.53,0.0,0.0,0.0,0.0,785.77
0.0,0.0,82.0,8.0,534.0,368.88,0.0,0.0,0.0,0.0,394.24
0.0,0.0,32.0,6.0,585.0,366.04,0.0,0.0,0.0,0.0,815.78
0.0,0.0,57.0,3.0,133.0,258.83,0.0,0.0,0.0,0.0,444.1
0.0,0.0,66.0,2.0,16.0,550.56,0.0,0.0,0.0,0.0,579.39
0.0,0.0,67.0,1.0,781.0,302.71,0.0,0.0,0.0,0.0,302.71
0.0,0.0,0.0,2.0,815.0,526.28,0.0,0.0,0.0,0.0,536.06
0.0,0.0,78.0,5.0,223.0,1912.83,0.0,0.0,36.0,0.0,2259.48
0.0,0.0,61.0,1.0,777.0,513.84,0.0,0.0,0.0,0.0,737.78
0.0,0.0,93.0,1.0,776.0,807.74,0.0,0.0,4.0,0.0,984.99
0.0,0.0,93.0,1.0,429.0,777.68,0.0,0.0,0.0,0.0,943.94
0.0,0.0,0.0,2.0,74.0,504.94,0.0,0.0,0.0,0.0,504.94
0.0,0.0,69.0,3.0,215.0,250.01,0.0,0.0,0.0,0.0,330.11
0.0,0.0,15.0,8.0,225.0,1917.85,0.0,0.0,12.0,0.0,1976.49
0.0,0.0,0.0,2.0,71.0,466.97,0.0,0.0,0.0,0.0,570.49
0.0,0.0,44.0,8.0,638.0,412.0,0.0,0.0,0.0,0.0,419.71
0.0,0.0,73.0,6.0,70.0,111.88,0.0,0.0,0.0,0.0,196.0
0.0,0.0,26.0,8.0,633.0,284.37,0.0,0.0,0.0,0.0,1004.07
0.0,0.0,78.0,5.0,224.0,1805.94,0.0,16.0,140.0,0.0,3153.76
0.0,0.0,29.0,10.0,590.0,491.0,0.0,0.0,0.0,0.0,1035.15
0.0,0.0,67.0,1.0,789.0,294.63,0.0,0.0,0.0,0.0,302.63
0.0,0.0,62.0,3.0,108.0,201.58,0.0,0.0,0.0,0.0,214.39
0.0,0.0,27.0,2.0,394.0,175.28,0.0,0.0,4.0,0.0,205.25
0.0,0.0,67.0,1.0,746.0,277.83,0.0,0.0,0.0,0.0,334.9
0.0,0.0,17.0,3.0,97.0,234.38,0.0,0.0,0.0,0.0,479.8
0.0,0.0,62.0,3.0,109.0,192.27,0.0,0.0,0.0,0.0,231.17
0.0,0.0,21.0,9.0,361.0,1248.9,0.0,0.0,56.0,0.0,1297.55
0.0,0.0,26.0,8.0,640.0,1009.58,0.0,0.0,0.0,0.0,1037.93
0.0,0.0,73.0,6.0,6.0,36.83,0.0,0.0,0.0,0.0,211.4
0.0,0.0,93.0,1.0,773.0,557.21,0.0,0.0,4.0,0.0,715.18
0.0,0.0,65.0,1.0,182.0,786.6,4.0,0.0,104.0,0.0,813.87
0.0,0.0,70.0,3.0,90.0,169.36,0.0,0.0,0.0,0.0,199.85
0.0,0.0,61.0,1.0,429.0,777.68,0.0,0.0,0.0,0.0,892.18
0.0,0.0,25.0,8.0,529.0,183.56,0.0,0.0,0.0,0.0,997.27
0.0,0.0,58.0,6.0,17.0,148.5,0.0,0.0,0.0,0.0,157.27
0.0,0.0,34.0,10.0,577.0,786.2,0.0,0.0,8.0,0.0,1139.46
0.0,0.0,60.0,3.0,287.0,1106.83,0.0,0.0,0.0,0.0,1122.13
0.0,0.0,12.0,5.0,195.0,571.75,0.0,0.0,4.0,0.0,1888.28
0.0,0.0,70.0,3.0,255.0,64.23,0.0,0.0,0.0,0.0,200.41
0.0,0.0,59.0,6.0,617.0,162.89,0.0,0.0,0.0,0.0,199.19
0.0,0.0,59.0,6.0,64.0,134.33,0.0,0.0,0.0,0.0,259.38
0.0,0.0,73.0,6.0,69.0,197.32,0.0,0.0,0.0,0.0,288.93
0.0,0.0,73.0,6.0,7.0,198.82,0.0,0.0,0.0,0.0,199.6
0.0,0.0,21.0,9.0,361.0,1248.9,0.0,4.0,72.0,0.0,1459.6
0.0,0.0,29.0,10.0,323.0,1298.03,0.0,12.0,82.0,0.0,1547.3
0.0,0.0,57.0,3.0,144.0,316.26,0.0,0.0,0.0,0.0,355.92
0.0,0.0,45.0,10.0,716.0,1289.39,0.0,4.0,28.0,0.0,2516.4
0.0,0.0,32.0,6.0,561.0,716.76,0.0,0.0,0.0,0.0,772.09
0.0,0.0,63.0,2.0,370.0,1577.1,0.0,0.0,0.0,0.0,1872.04
0.0,0.0,62.0,3.0,256.0,200.36,0.0,0.0,0.0,0.0,200.36
0.0,0.0,31.0,3.0,152.0,78.49,0.0,0.0,0.0,0.0,104.2
0.0,0.0,28.0,1.0,767.0,528.43,0.0,0.0,0.0,0.0,534.1
0.0,0.0,15.0,8.0,226.0,1548.8,0.0,0.0,0.0,0.0,1690.1
0.0,1.0,13.0,5.0,179.0,2045.1,0.0,28.0,184.0,0.0,2222.95
0.0,0.0,26.0,8.0,691.0,151.89,0.0,0.0,0.0,0.0,1143.91
1.0,0.0,22.0,2.0,316.0,2530.54,88.0,183.0,144.0,1.0,2836.82
0.0,0.0,0.0,2.0,76.0,529.75,0.0,0.0,0.0,0.0,723.81
0.0,0.0,66.0,2.0,334.0,455.39,0.0,0.0,0.0,0.0,638.55
0.0,0.0,44.0,8.0,665.0,321.07,0.0,0.0,0.0,0.0,400.48
0.0,0.0,59.0,6.0,552.0,95.9,0.0,0.0,0.0,0.0,262.75
0.0,0.0,34.0,10.0,577.0,786.2,0.0,0.0,8.0,0.0,1191.11
0.0,0.0,76.0,3.0,164.0,224.7,0.0,0.0,0.0,0.0,231.43
0.0,0.0,59.0,6.0,610.0,184.82,0.0,0.0,0.0,0.0,186.44
0.0,0.0,58.0,6.0,68.0,142.56,0.0,0.0,0.0,0.0,193.61
0.0,0.0,29.0,10.0,330.0,1093.02,0.0,0.0,28.0,0.0,1093.02
0.0,0.0,24.0,8.0,704.0,377.31,0.0,0.0,4.0,0.0,540.57
0.0,0.0,32.0,6.0,721.0,878.79,0.0,0.0,4.0,0.0,908.78
0.0,0.0,21.0,9.0,406.0,673.75,0.0,4.0,28.0,0.0,1161.07
0.0,0.0,60.0,3.0,672.0,330.97,0.0,0.0,0.0,0.0,1156.3
0.0,0.0,28.0,1.0,793.0,436.05,0.0,0.0,0.0,0.0,437.59
0.0,0.0,9.0,8.0,691.0,151.89,0.0,0.0,0.0,0.0,195.19
0.0,0.0,34.0,10.0,724.0,1246.85,0.0,0.0,8.0,0.0,1367.96
0.0,0.0,27.0,2.0,408.0,154.25,0.0,0.0,0.0,0.0,185.76
0.0,0.0,9.0,8.0,292.0,123.8,0.0,0.0,0.0,0.0,123.8
0.0,0.0,29.0,10.0,343.0,1073.23,0.0,0.0,16.0,0.0,1094.92
0.0,0.0,82.0,8.0,522.0,340.08,0.0,0.0,0.0,0.0,405.04
0.0,0.0,29.0,10.0,340.0,1006.27,0.0,0.0,4.0,0.0,1019.64
0.0,0.0,63.0,2.0,382.0,568.43,0.0,0.0,0.0,0.0,1723.27
0.0,0.0,75.0,8.0,529.0,183.56,0.0,0.0,0.0,0.0,231.23
0.0,0.0,58.0,6.0,18.0,155.76,0.0,0.0,0.0,0.0,164.8
0.0,0.0,82.0,8.0,539.0,381.78,0.0,0.0,0.0,0.0,433.88
0.0,0.0,15.0,8.0,213.0,646.77,0.0,0.0,0.0,0.0,1658.19
0.0,0.0,17.0,3.0,234.0,491.2,0.0,0.0,0.0,0.0,560.24
0.0,0.0,29.0,10.0,590.0,491.0,0.0,0.0,0.0,0.0,938.05
0.0,0.0,17.0,3.0,238.0,496.18,0.0,0.0,0.0,0.0,496.18
0.0,0.0,0.0,2.0,75.0,530.07,0.0,0.0,0.0,0.0,569.11
0.0,0.0,26.0,8.0,651.0,1011.59,0.0,0.0,0.0,0.0,1150.73
0.0,0.0,68.0,3.0,209.0,680.4,0.0,0.0,0.0,0.0,701.01
0.0,0.0,77.0,4.0,459.0,2364.28,28.0,250.0,177.0,0.0,3765.92
0.0,0.0,69.0,3.0,159.0,252.7,0.0,0.0,0.0,0.0,284.43
0.0,0.0,60.0,3.0,284.0,52.93,0.0,0.0,0.0,0.0,671.48
0.0,0.0,57.0,3.0,666.0,314.68,0.0,0.0,0.0,0.0,422.08
0.0,0.0,57.0,3.0,129.0,224.2,0.0,0.0,0.0,0.0,318.3
0.0,0.0,75.0,8.0,495.0,161.74,0.0,0.0,0.0,0.0,179.42
0.0,0.0,32.0,6.0,559.0,724.89,0.0,0.0,0.0,0.0,818.28
0.0,0.0,59.0,6.0,610.0,184.82,0.0,0.0,0.0,0.0,184.82
0.0,0.0,27.0,2.0,408.0,154.25,0.0,0.0,0.0,0.0,182.1
0.0,1.0,71.0,9.0,299.0,1427.43,4.0,80.0,405.0,0.0,2540.99
0.0,1.0,83.0,11.0,452.0,2275.51,4.0,74.0,458.0,0.0,3393.36
0.0,0.0,12.0,5.0,167.0,2178.2,4.0,0.0,40.0,0.0,2336.2
0.0,0.0,76.0,3.0,100.0,201.03,0.0,0.0,0.0,0.0,272.82
0.0,0.0,43.0,8.0,688.0,88.51,0.0,0.0,0.0,0.0,89.45
0.0,0.0,73.0,6.0,3.0,197.6,0.0,0.0,0.0,0.0,208.35
0.0,0.0,43.0,8.0,501.0,93.53,0.0,0.0,0.0,0.0,108.7
0.0,0.0,33.0,3.0,130.0,218.23,0.0,0.0,0.0,0.0,262.37
0.0,0.0,9.0,8.0,282.0,142.41,0.0,0.0,0.0,0.0,145.03
0.0,0.0,59.0,6.0,622.0,183.9,0.0,0.0,0.0,0.0,186.52
0.0,0.0,82.0,8.0,520.0,402.64,0.0,0.0,0.0,0.0,451.67
0.0,0.0,70.0,3.0,87.0,173.5,0.0,0.0,0.0,0.0,231.24
0.0,0.0,62.0,3.0,108.0,201.58,0.0,0.0,0.0,0.0,201.58
0.0,0.0,9.0,8.0,267.0,138.48,0.0,0.0,0.0,0.0,138.48
0.0,0.0,82.0,8.0,538.0,90.23,0.0,0.0,0.0,0.0,480.94
0.0,0.0,62.0,3.0,79.0,206.0,0.0,0.0,0.0,0.0,243.74
0.0,0.0,61.0,1.0,776.0,807.74,0.0,0.0,4.0,0.0,945.34
0.0,0.0,32.0,6.0,574.0,706.53,0.0,0.0,0.0,0.0,827.76
0.0,0.0,59.0,6.0,627.0,190.7,0.0,0.0,0.0,0.0,199.81
0.0,0.0,73.0,6.0,4.0,202.85,0.0,0.0,0.0,0.0,202.85
0.0,0.0,23.0,3.0,233.0,611.86,0.0,0.0,0.0,0.0,1202.17
0.0,0.0,28.0,1.0,433.0,585.38,0.0,0.0,0.0,0.0,644.66
0.0,0.0,73.0,6.0,5.0,209.59,0.0,0.0,0.0,0.0,214.18
0.0,0.0,59.0,6.0,62.0,142.11,0.0,0.0,0.0,0.0,202.97
0.0,0.0,67.0,1.0,759.0,372.89,0.0,0.0,0.0,0.0,414.57
0.0,0.0,70.0,3.0,86.0,248.73,0.0,0.0,0.0,0.0,248.73
0.0,0.0,93.0,1.0,776.0,807.74,0.0,0.0,4.0,0.0,906.5
0.0,0.0,82.0,8.0,646.0,413.32,0.0,0.0,0.0,0.0,472.6
0.0,0.0,72.0,3.0,123.0,105.62,0.0,0.0,0.0,0.0,649.61
0.0,0.0,78.0,5.0,224.0,1805.94,0.0,12.0,88.0,0.0,2778.07
0.0,0.0,59.0,6.0,613.0,150.94,0.0,0.0,0.0,0.0,233.57
0.0,0.0,75.0,8.0,510.0,209.87,0.0,0.0,0.0,0.0,233.79
0.0,0.0,23.0,3.0,224.0,1805.94,0.0,16.0,96.0,0.0,1811.13
0.0,0.0,9.0,8.0,276.0,155.79,0.0,0.0,0.0,0.0,177.5
0.0,0.0,70.0,3.0,112.0,212.6,0.0,0.0,0.0,0.0,243.29
0.0,0.0,23.0,3.0,252.0,1567.73,0.0,0.0,56.0,0.0,1669.17
0.0,0.0,68.0,3.0,247.0,834.99,0.0,0.0,32.0,0.0,873.01
0.0,0.0,28.0,1.0,779.0,452.28,0.0,0.0,0.0,0.0,452.28
0.0,0.0,74.0,8.0,536.0,397.86,0.0,0.0,0.0,0.0,527.29
0.0,0.0,59.0,6.0,602.0,187.67,0.0,0.0,0.0,0.0,189.06
0.0,0.0,29.0,10.0,593.0,1010.63,0.0,0.0,4.0,0.0,1164.11
0.0,0.0,24.0,8.0,737.0,1696.46,0.0,4.0,12.0,0.0,2126.55
0.0,0.0,43.0,8.0,545.0,63.31,0.0,0.0,0.0,0.0,90.26
0.0,0.0,28.0,1.0,808.0,442.04,0.0,0.0,0.0,0.0,442.04
0.0,0.0,80.0,3.0,163.0,167.46,0.0,0.0,0.0,0.0,213.5
0.0,0.0,79.0,9.0,36.0,738.92,0.0,0.0,0.0,0.0,791.09
0.0,0.0,78.0,5.0,220.0,2862.87,0.0,12.0,132.0,0.0,2956.02
0.0,0.0,26.0,8.0,643.0,839.45,0.0,0.0,0.0,0.0,1185.37
0.0,0.0,77.0,4.0,457.0,3852.78,49.0,143.0,136.0,1.0,4426.46
0.0,0.0,82.0,8.0,510.0,209.87,0.0,0.0,0.0,0.0,469.65
0.0,0.0,26.0,8.0,670.0,341.92,0.0,0.0,0.0,0.0,1053.85
0.0,0.0,25.0,8.0,529.0,183.56,0.0,0.0,0.0,0.0,994.87
0.0,0.0,9.0,8.0,288.0,151.97,0.0,0.0,0.0,0.0,156.18
0.0,0.0,65.0,1.0,198.0,630.77,0.0,0.0,4.0,0.0,630.77
0.0,0.0,28.0,1.0,793.0,436.05,0.0,0.0,0.0,0.0,445.82
0.0,0.0,80.0,3.0,149.0,110.1,0.0,0.0,0.0,0.0,270.45
0.0,0.0,68.0,3.0,242.0,530.31,0.0,0.0,0.0,0.0,671.66
0.0,0.0,63.0,2.0,393.0,594.43,0.0,0.0,0.0,0.0,1565.47
0.0,0.0,17.0,3.0,176.0,530.68,0.0,0.0,4.0,0.0,530.68
0.0,0.0,21.0,9.0,406.0,673.75,0.0,0.0,12.0,0.0,1144.82
0.0,0.0,24.0,8.0,698.0,1733.91,0.0,4.0,4.0,0.0,1855.2
0.0,0.0,15.0,8.0,728.0,1989.89,0.0,4.0,52.0,0.0,2011.27
0.0,0.0,69.0,3.0,161.0,269.36,0.0,0.0,0.0,0.0,303.61
0.0,0.0,75.0,8.0,501.0,93.53,0.0,0.0,0.0,0.0,201.2
0.0,0.0,59.0,6.0,552.0,95.9,0.0,0.0,0.0,0.0,197.03
0.0,0.0,28.0,1.0,751.0,481.27,0.0,0.0,0.0,0.0,545.98
0.0,0.0,43.0,8.0,546.0,88.41,0.0,0.0,0.0,0.0,91.09
0.0,0.0,24.0,8.0,703.0,2169.19,4.0,8.0,36.0,0.0,2169.19
0.0,0.0,74.0,8.0,567.0,336.65,0.0,0.0,0.0,0.0,356.55
0.0,0.0,24.0,8.0,703.0,2169.19,0.0,8.0,36.0,0.0,2170.08
0.0,0.0,32.0,6.0,574.0,706.53,0.0,0.0,0.0,0.0,706.53
0.0,0.0,67.0,1.0,759.0,372.89,0.0,0.0,4.0,0.0,416.29
0.0,0.0,15.0,8.0,678.0,1495.91,0.0,0.0,0.0,0.0,1530.61
0.0,0.0,80.0,3.0,254.0,179.96,0.0,0.0,0.0,0.0,214.78
0.0,0.0,0.0,2.0,393.0,594.43,0.0,0.0,0.0,0.0,594.43
0.0,0.0,43.0,8.0,558.0,91.95,0.0,0.0,0.0,0.0,115.95
0.0,0.0,57.0,3.0,144.0,316.26,0.0,0.0,0.0,0.0,417.38
0.0,0.0,74.0,8.0,538.0,90.23,0.0,0.0,0.0,0.0,399.53
0.0,0.0,69.0,3.0,159.0,252.7,0.0,0.0,0.0,0.0,295.57
0.0,0.0,28.0,1.0,800.0,604.54,0.0,0.0,0.0,0.0,606.84
0.0,0.0,78.0,5.0,451.0,2552.21,4.0,24.0,135.0,0.0,2975.15
0.0,0.0,63.0,2.0,374.0,1698.54,0.0,0.0,4.0,0.0,1698.54
0.0,0.0,73.0,6.0,22.0,230.75,0.0,0.0,0.0,0.0,236.91
0.0,0.0,1.0,11.0,460.0,2235.35,30.0,276.0,168.0,0.0,5030.22
0.0,0.0,28.0,1.0,802.0,351.44,0.0,0.0,0.0,0.0,517.23
0.0,0.0,70.0,3.0,255.0,64.23,0.0,0.0,0.0,0.0,195.72
0.0,0.0,59.0,6.0,77.0,124.2,0.0,0.0,0.0,0.0,184.71
0.0,0.0,43.0,8.0,518.0,79.1,0.0,0.0,0.0,0.0,120.84
0.0,0.0,15.0,8.0,735.0,1642.6,0.0,0.0,8.0,0.0,1642.6
0.0,0.0,58.0,6.0,606.0,118.97,0.0,0.0,0.0,0.0,159.4
0.0,0.0,30.0,9.0,365.0,1288.58,0.0,24.0,202.0,0.0,1413.29
0.0,0.0,82.0,8.0,494.0,99.63,0.0,0.0,0.0,0.0,378.26
0.0,0.0,58.0,6.0,605.0,140.11,0.0,0.0,0.0,0.0,188.66
0.0,0.0,73.0,6.0,6.0,36.83,0.0,0.0,0.0,0.0,284.13
0.0,0.0,66.0,2.0,401.0,616.6,0.0,0.0,8.0,0.0,625.38
0.0,0.0,45.0,10.0,330.0,1093.02,0.0,0.0,20.0,0.0,2335.09
0.0,0.0,29.0,10.0,44.0,706.4,0.0,0.0,0.0,0.0,1007.26
0.0,0.0,59.0,6.0,627.0,190.7,0.0,0.0,0.0,0.0,200.58
0.0,0.0,43.0,8.0,688.0,88.51,0.0,0.0,0.0,0.0,89.05
0.0,0.0,31.0,3.0,157.0,30.05,0.0,0.0,0.0,0.0,30.05
0.0,0.0,66.0,2.0,401.0,616.6,0.0,0.0,8.0,0.0,631.5
0.0,0.0,76.0,3.0,236.0,227.02,0.0,0.0,0.0,0.0,275.77
0.0,0.0,62.0,3.0,81.0,212.11,0.0,0.0,0.0,0.0,278.72
0.0,0.0,12.0,5.0,166.0,1924.94,0.0,4.0,12.0,0.0,1924.94
0.0,0.0,15.0,8.0,213.0,646.77,0.0,0.0,0.0,0.0,1527.43
0.0,1.0,71.0,9.0,352.0,2108.57,16.0,197.0,326.0,0.0,2764.87
0.0,0.0,67.0,1.0,752.0,359.22,0.0,0.0,0.0,0.0,365.04
0.0,0.0,67.0,1.0,257.0,404.71,0.0,0.0,0.0,0.0,407.52
0.0,1.0,22.0,2.0,304.0,2281.32,8.0,186.0,323.0,0.0,2489.82
0.0,0.0,28.0,1.0,759.0,372.89,0.0,0.0,4.0,0.0,552.77
0.0,0.0,32.0,6.0,592.0,783.93,0.0,0.0,0.0,0.0,831.66
0.0,1.0,84.0,11.0,468.0,2031.02,8.0,99.0,466.0,0.0,2783.48
0.0,0.0,26.0,8.0,639.0,885.19,0.0,0.0,0.0,0.0,925.98
0.0,0.0,74.0,8.0,535.0,349.52,0.0,0.0,0.0,0.0,373.37
0.0,0.0,43.0,8.0,557.0,88.49,0.0,0.0,0.0,0.0,104.66
0.0,0.0,67.0,1.0,759.0,372.89,0.0,0.0,4.0,0.0,400.41
0.0,0.0,0.0,2.0,383.0,560.21,0.0,0.0,0.0,0.0,752.92
0.0,0.0,28.0,1.0,794.0,450.15,0.0,0.0,0.0,0.0,452.88
0.0,0.0,59.0,6.0,596.0,190.72,0.0,0.0,0.0,0.0,194.97
0.0,0.0,12.0,5.0,167.0,2178.2,4.0,0.0,32.0,0.0,2178.2
0.0,0.0,0.0,2.0,824.0,510.28,0.0,0.0,0.0,0.0,526.2
0.0,0.0,28.0,1.0,773.0,557.21,0.0,0.0,4.0,0.0,644.02
0.0,0.0,26.0,8.0,653.0,892.05,0.0,0.0,0.0,0.0,983.56
0.0,0.0,32.0,6.0,588.0,740.83,0.0,0.0,0.0,0.0,751.18
0.0,0.0,15.0,8.0,737.0,1696.46,0.0,4.0,12.0,0.0,2022.7
0.0,0.0,24.0,8.0,697.0,1990.41,0.0,0.0,20.0,0.0,2077.86
0.0,0.0,15.0,8.0,223.0,1912.83,0.0,0.0,24.0,0.0,1912.83
0.0,0.0,67.0,1.0,747.0,196.17,0.0,0.0,0.0,0.0,344.4
0.0,0.0,75.0,8.0,494.0,99.63,0.0,0.0,0.0,0.0,213.95
0.0,0.0,23.0,3.0,236.0,227.02,0.0,0.0,0.0,0.0,1141.37
0.0,0.0,62.0,3.0,104.0,220.69,0.0,0.0,0.0,0.0,243.99
0.0,0.0,59.0,6.0,625.0,191.35,0.0,0.0,0.0,0.0,225.03
0.0,0.0,0.0,2.0,812.0,516.4,0.0,0.0,0.0,0.0,709.41
0.0,0.0,78.0,5.0,218.0,2133.54,0.0,8.0,72.0,0.0,2667.5
0.0,0.0,69.0,3.0,160.0,203.88,0.0,0.0,0.0,0.0,269.42
0.0,0.0,27.0,2.0,838.0,172.36,0.0,0.0,0.0,0.0,186.31
0.0,0.0,74.0,8.0,536.0,397.86,0.0,0.0,0.0,0.0,397.86
0.0,0.0,59.0,6.0,515.0,92.92,0.0,0.0,0.0,0.0,216.21
0.0,0.0,68.0,3.0,205.0,592.15,0.0,0.0,0.0,0.0,683.32
0.0,0.0,13.0,5.0,183.0,2027.81,4.0,12.0,140.0,0.0,2210.55
0.0,0.0,61.0,1.0,773.0,557.21,0.0,0.0,4.0,0.0,673.05
0.0,0.0,66.0,2.0,382.0,568.43,0.0,0.0,0.0,0.0,580.52
0.0,0.0,82.0,8.0,539.0,381.78,0.0,0.0,0.0,0.0,384.56
0.0,0.0,68.0,3.0,243.0,254.93,0.0,0.0,0.0,0.0,567.38
0.0,0.0,61.0,1.0,779.0,452.28,0.0,0.0,0.0,0.0,825.67
0.0,0.0,23.0,3.0,247.0,834.99,0.0,0.0,40.0,0.0,1653.88
0.0,0.0,93.0,1.0,776.0,807.74,0.0,0.0,4.0,0.0,931.1
0.0,0.0,0.0,2.0,385.0,561.73,0.0,0.0,0.0,0.0,730.3
0.0,0.0,32.0,6.0,581.0,374.14,0.0,0.0,0.0,0.0,809.02
0.0,0.0,57.0,3.0,121.0,242.62,0.0,0.0,0.0,0.0,329.18
0.0,0.0,11.0,5.0,481.0,2738.12,4.0,60.0,318.0,0.0,2770.72
0.0,0.0,25.0,8.0,533.0,995.28,0.0,0.0,0.0,0.0,1296.76
0.0,0.0,27.0,2.0,409.0,160.92,0.0,0.0,0.0,0.0,227.93
0.0,0.0,86.0,10.0,465.0,2779.0,8.0,40.0,354.0,0.0,2995.92
0.0,0.0,75.0,8.0,499.0,93.61,0.0,0.0,0.0,0.0,193.3
0.0,0.0,58.0,6.0,50.0,134.61,0.0,0.0,0.0,0.0,188.92
0.0,0.0,75.0,8.0,507.0,176.76,0.0,0.0,0.0,0.0,177.25
0.0,0.0,45.0,10.0,357.0,2962.81,0.0,20.0,129.0,0.0,3070.57
0.0,0.0,21.0,9.0,361.0,1248.9,0.0,0.0,56.0,0.0,1288.76
0.0,0.0,25.0,8.0,692.0,781.25,0.0,0.0,0.0,0.0,1229.68
0.0,0.0,68.0,3.0,240.0,238.98,0.0,0.0,0.0,0.0,586.55
0.0,0.0,28.0,1.0,765.0,389.67,0.0,0.0,0.0,0.0,413.89
0.0,0.0,58.0,6.0,77.0,124.2,0.0,0.0,0.0,0.0,145.45
0.0,0.0,58.0,6.0,52.0,161.42,0.0,0.0,0.0,0.0,190.69
0.0,0.0,59.0,6.0,555.0,184.19,0.0,0.0,0.0,0.0,188.5
0.0,0.0,57.0,3.0,122.0,317.12,0.0,0.0,0.0,0.0,346.58
0.0,0.0,33.0,3.0,284.0,52.93,0.0,0.0,0.0,0.0,232.75
0.0,1.0,1.0,11.0,466.0,3843.85,4.0,165.0,390.0,1.0,4295.93
0.0,0.0,25.0,8.0,686.0,263.33,0.0,0.0,0.0,0.0,767.86
0.0,0.0,75.0,8.0,495.0,161.74,0.0,0.0,0.0,0.0,161.74
0.0,0.0,24.0,8.0,703.0,2169.19,0.0,0.0,24.0,0.0,2192.44
0.0,0.0,66.0,2.0,379.0,549.11,0.0,0.0,0.0,0.0,550.26
0.0,0.0,62.0,3.0,111.0,71.67,0.0,0.0,0.0,0.0,230.97
0.0,0.0,37.0,1.0,437.0,1633.58,0.0,0.0,120.0,0.0,1672.23
0.0,0.0,31.0,3.0,148.0,96.43,0.0,0.0,0.0,0.0,96.43
0.0,0.0,74.0,8.0,709.0,442.82,0.0,0.0,0.0,0.0,442.82
0.0,0.0,66.0,2.0,379.0,549.11,0.0,0.0,0.0,0.0,549.11
0.0,0.0,28.0,1.0,808.0,442.04,0.0,0.0,0.0,0.0,549.82
0.0,0.0,59.0,6.0,554.0,90.93,0.0,0.0,0.0,0.0,193.7
0.0,0.0,58.0,6.0,68.0,142.56,0.0,0.0,0.0,0.0,146.09
0.0,0.0,59.0,6.0,623.0,81.64,0.0,0.0,0.0,0.0,199.17
0.0,0.0,25.0,8.0,692.0,781.25,0.0,0.0,0.0,0.0,1084.93
0.0,0.0,59.0,6.0,615.0,194.42,0.0,0.0,0.0,0.0,201.69
0.0,0.0,30.0,9.0,365.0,1288.58,0.0,32.0,171.0,0.0,1370.25
0.0,0.0,32.0,6.0,583.0,694.69,0.0,0.0,0.0,0.0,722.69
0.0,0.0,68.0,3.0,243.0,254.93,0.0,0.0,0.0,0.0,602.72
0.0,0.0,44.0,8.0,668.0,154.63,0.0,0.0,0.0,0.0,333.23
0.0,0.0,62.0,3.0,106.0,221.5,0.0,0.0,0.0,0.0,287.75
0.0,0.0,63.0,2.0,390.0,579.42,0.0,0.0,0.0,0.0,1802.01
0.0,0.0,59.0,6.0,611.0,147.22,0.0,0.0,0.0,0.0,187.78
0.0,0.0,75.0,8.0,506.0,199.95,0.0,0.0,0.0,0.0,213.8
0.0,0.0,21.0,9.0,336.0,1277.97,0.0,0.0,32.0,0.0,1292.66
0.0,0.0,23.0,3.0,234.0,491.2,0.0,0.0,0.0,0.0,1132.57
0.0,0.0,63.0,2.0,407.0,1864.09,0.0,0.0,16.0,0.0,1935.15
0.0,0.0,15.0,8.0,213.0,646.77,0.0,0.0,0.0,0.0,1587.27
0.0,0.0,75.0,8.0,506.0,199.95,0.0,0.0,0.0,0.0,199.95
0.0,0.0,43.0,8.0,549.0,90.64,0.0,0.0,0.0,0.0,117.14
0.0,0.0,71.0,9.0,301.0,2189.89,4.0,36.0,346.0,0.0,2189.89
0.0,0.0,43.0,8.0,553.0,89.65,0.0,0.0,0.0,0.0,114.41
0.0,0.0,45.0,10.0,716.0,1289.39,0.0,4.0,12.0,0.0,2442.12
0.0,0.0,68.0,3.0,135.0,276.26,0.0,0.0,0.0,0.0,681.89
0.0,0.0,15.0,8.0,230.0,1545.2,0.0,0.0,0.0,0.0,1688.04
0.0,0.0,43.0,8.0,499.0,93.61,0.0,0.0,0.0,0.0,93.61
0.0,0.0,58.0,6.0,68.0,142.56,0.0,0.0,0.0,0.0,165.77
0.0,0.0,24.0,8.0,739.0,2323.29,0.0,8.0,60.0,0.0,2546.55
0.0,0.0,25.0,8.0,686.0,263.33,0.0,0.0,0.0,0.0,785.89
0.0,0.0,62.0,3.0,79.0,206.0,0.0,0.0,0.0,0.0,219.46
0.0,0.0,62.0,3.0,82.0,214.34,0.0,0.0,0.0,0.0,242.15
0.0,0.0,57.0,3.0,121.0,242.62,0.0,0.0,0.0,0.0,430.5
0.0,0.0,60.0,3.0,673.0,376.39,0.0,0.0,0.0,0.0,1184.93
0.0,0.0,68.0,3.0,242.0,530.31,0.0,0.0,0.0,0.0,637.69
0.0,0.0,24.0,8.0,734.0,1761.77,0.0,4.0,8.0,0.0,2067.84
0.0,0.0,32.0,6.0,587.0,765.17,0.0,0.0,0.0,0.0,889.28
0.0,0.0,44.0,8.0,668.0,154.63,0.0,0.0,0.0,0.0,325.83
0.0,0.0,73.0,6.0,19.0,179.3,0.0,0.0,0.0,0.0,234.52
0.0,0.0,27.0,2.0,367.0,199.23,0.0,0.0,0.0,0.0,232.79
0.0,0.0,15.0,8.0,227.0,1872.99,0.0,0.0,16.0,0.0,1939.73
0.0,0.0,76.0,3.0,100.0,201.03,0.0,0.0,0.0,0.0,272.94
0.0,0.0,65.0,1.0,199.0,592.82,0.0,4.0,0.0,0.0,642.6
0.0,0.0,17.0,3.0,115.0,220.55,0.0,0.0,0.0,0.0,451.34
0.0,0.0,71.0,9.0,348.0,1485.55,0.0,40.0,406.0,0.0,2408.19
0.0,0.0,27.0,2.0,832.0,169.94,0.0,0.0,0.0,0.0,173.64
0.0,0.0,43.0,8.0,551.0,74.76,0.0,0.0,0.0,0.0,74.76
0.0,0.0,15.0,8.0,735.0,1642.6,0.0,0.0,8.0,0.0,1778.32
0.0,0.0,9.0,8.0,273.0,150.72,0.0,0.0,0.0,0.0,150.72
0.0,0.0,34.0,10.0,592.0,783.93,0.0,0.0,0.0,0.0,1161.82
0.0,0.0,73.0,6.0,1.0,198.02,0.0,0.0,0.0,0.0,199.75
0.0,0.0,25.0,8.0,685.0,766.87,0.0,0.0,0.0,0.0,1049.19
0.0,1.0,1.0,11.0,350.0,1928.85,20.0,156.0,379.0,0.0,4236.22
0.0,0.0,15.0,8.0,678.0,1495.91,0.0,0.0,0.0,0.0,1495.91
0.0,0.0,74.0,8.0,707.0,442.87,0.0,0.0,4.0,0.0,495.09
0.0,0.0,57.0,3.0,120.0,260.56,0.0,0.0,0.0,0.0,321.46
0.0,0.0,64.0,6.0,14.0,725.47,0.0,0.0,0.0,0.0,967.8
0.0,0.0,45.0,10.0,322.0,1527.16,0.0,12.0,86.0,0.0,3072.5
0.0,0.0,25.0,8.0,527.0,776.34,0.0,0.0,0.0,0.0,1281.31
0.0,0.0,79.0,9.0,37.0,701.34,0.0,0.0,0.0,0.0,834.3
0.0,0.0,59.0,6.0,600.0,193.78,0.0,0.0,0.0,0.0,237.0
0.0,0.0,24.0,8.0,699.0,2156.85,0.0,0.0,20.0,0.0,2156.85
0.0,0.0,60.0,3.0,673.0,376.39,0.0,0.0,0.0,0.0,1185.89
0.0,0.0,0.0,2.0,833.0,171.12,0.0,0.0,0.0,0.0,677.22
0.0,0.0,31.0,3.0,152.0,78.49,0.0,0.0,0.0,0.0,78.89
0.0,1.0,88.0,9.0,350.0,1928.85,16.0,239.0,305.0,0.0,2222.42
0.0,0.0,58.0,6.0,60.0,128.68,0.0,0.0,0.0,0.0,139.28
0.0,0.0,32.0,6.0,588.0,740.83,0.0,0.0,0.0,0.0,745.12
0.0,0.0,75.0,8.0,507.0,176.76,0.0,0.0,0.0,0.0,176.76
0.0,0.0,15.0,8.0,634.0,1025.2,0.0,0.0,0.0,0.0,1572.07
0.0,0.0,75.0,8.0,529.0,183.56,0.0,0.0,0.0,0.0,183.56
0.0,0.0,45.0,10.0,329.0,1256.14,0.0,8.0,36.0,0.0,2593.99
0.0,0.0,63.0,2.0,374.0,1698.54,0.0,0.0,4.0,0.0,1806.13
0.0,0.0,34.0,10.0,591.0,962.24,0.0,0.0,0.0,0.0,1185.78
0.0,0.0,15.0,8.0,229.0,1588.34,0.0,0.0,0.0,0.0,1697.87
0.0,0.0,25.0,8.0,533.0,995.28,0.0,0.0,0.0,0.0,1081.92
0.0,0.0,82.0,8.0,522.0,340.08,0.0,0.0,0.0,0.0,439.94
0.0,0.0,15.0,8.0,677.0,1559.46,0.0,0.0,0.0,0.0,1559.46
0.0,0.0,67.0,1.0,258.0,368.57,0.0,0.0,0.0,0.0,368.57
0.0,0.0,59.0,6.0,554.0,90.93,0.0,0.0,0.0,0.0,195.74
0.0,0.0,59.0,6.0,617.0,162.89,0.0,0.0,0.0,0.0,224.55
0.0,0.0,59.0,6.0,600.0,193.78,0.0,0.0,0.0,0.0,234.16
0.0,0.0,27.0,2.0,394.0,175.28,0.0,0.0,4.0,0.0,178.33
0.0,0.0,66.0,2.0,380.0,625.83,0.0,0.0,4.0,0.0,625.83
0.0,0.0,28.0,1.0,758.0,355.2,0.0,0.0,0.0,0.0,389.38
0.0,0.0,30.0,9.0,361.0,1248.9,0.0,4.0,72.0,0.0,1297.01
0.0,0.0,0.0,2.0,383.0,560.21,0.0,0.0,0.0,0.0,627.23
0.0,0.0,32.0,6.0,588.0,740.83,0.0,0.0,0.0,0.0,751.67
0.0,0.0,33.0,3.0,293.0,224.32,0.0,0.0,0.0,0.0,262.3
0.0,0.0,78.0,5.0,223.0,1912.83,0.0,0.0,32.0,0.0,2445.2
0.0,0.0,82.0,8.0,521.0,192.53,0.0,0.0,0.0,0.0,431.18
0.0,0.0,33.0,3.0,154.0,216.03,0.0,0.0,0.0,0.0,216.03
0.0,0.0,29.0,10.0,327.0,1119.0,0.0,4.0,20.0,0.0,1275.75
0.0,0.0,75.0,8.0,618.0,175.29,0.0,0.0,0.0,0.0,178.49
0.0,0.0,67.0,1.0,783.0,343.07,0.0,0.0,0.0,0.0,386.11
0.0,0.0,58.0,6.0,63.0,140.7,0.0,0.0,0.0,0.0,159.34
0.0,0.0,31.0,3.0,123.0,105.62,0.0,0.0,0.0,0.0,107.9
0.0,0.0,74.0,8.0,535.0,349.52,0.0,0.0,0.0,0.0,360.35
0.0,0.0,0.0,2.0,391.0,465.53,0.0,0.0,0.0,0.0,561.66
0.0,0.0,17.0,3.0,195.0,571.75,0.0,0.0,4.0,0.0,589.27
0.0,0.0,25.0,8.0,656.0,1012.06,0.0,0.0,0.0,0.0,1143.77
0.0,1.0,22.0,2.0,315.0,2386.66,0.0,231.0,270.0,0.0,2477.52
0.0,0.0,43.0,8.0,684.0,92.8,0.0,0.0,0.0,0.0,92.8
0.0,0.0,78.0,5.0,223.0,1912.83,0.0,0.0,24.0,0.0,2578.71
0.0,0.0,28.0,1.0,756.0,293.11,0.0,0.0,0.0,0.0,453.24
0.0,0.0,17.0,3.0,234.0,491.2,0.0,0.0,0.0,0.0,502.08
0.0,0.0,58.0,6.0,54.0,130.22,0.0,0.0,0.0,0.0,158.71
0.0,0.0,67.0,1.0,756.0,293.11,0.0,0.0,0.0,0.0,357.19
0.0,1.0,22.0,2.0,304.0,2281.32,8.0,106.0,371.0,0.0,2398.56
0.0,0.0,9.0,8.0,281.0,48.2,0.0,0.0,0.0,0.0,119.83
0.0,0.0,26.0,8.0,651.0,1011.59,0.0,0.0,0.0,0.0,1011.59
0.0,0.0,43.0,8.0,547.0,76.07,0.0,0.0,0.0,0.0,92.0
0.0,0.0,28.0,1.0,759.0,372.89,0.0,0.0,4.0,0.0,567.86
0.0,0.0,0.0,2.0,815.0,526.28,0.0,0.0,0.0,0.0,539.32
0.0,0.0,45.0,10.0,714.0,1283.41,0.0,0.0,20.0,0.0,2222.73
0.0,0.0,45.0,10.0,712.0,1158.67,0.0,0.0,16.0,0.0,2368.19
0.0,0.0,78.0,5.0,483.0,1754.81,0.0,40.0,216.0,0.0,3368.3
0.0,0.0,78.0,5.0,221.0,2517.65,0.0,8.0,68.0,0.0,2692.75
0.0,0.0,79.0,9.0,44.0,706.4,0.0,0.0,0.0,0.0,737.3
0.0,0.0,37.0,1.0,422.0,2141.65,20.0,233.0,272.0,0.0,2265.3
0.0,0.0,63.0,2.0,392.0,592.64,0.0,0.0,0.0,0.0,1792.8
0.0,0.0,75.0,8.0,495.0,161.74,0.0,0.0,0.0,0.0,201.23
0.0,0.0,80.0,3.0,153.0,94.38,0.0,0.0,0.0,0.0,199.15
0.0,0.0,17.0,3.0,99.0,455.74,0.0,0.0,0.0,0.0,562.39
0.0,0.0,28.0,1.0,747.0,196.17,0.0,0.0,0.0,0.0,444.88
0.0,0.0,25.0,8.0,654.0,1112.38,0.0,0.0,0.0,0.0,1119.75
0.0,0.0,9.0,8.0,276.0,155.79,0.0,0.0,0.0,0.0,195.61
0.0,0.0,58.0,6.0,21.0,152.85,0.0,0.0,0.0,0.0,155.72
0.0,0.0,27.0,2.0,394.0,175.28,0.0,0.0,8.0,0.0,222.53
0.0,0.0,17.0,3.0,116.0,414.37,0.0,0.0,0.0,0.0,558.49
0.0,0.0,66.0,2.0,406.0,673.75,0.0,4.0,28.0,0.0,728.54
0.0,0.0,45.0,10.0,711.0,2436.65,0.0,8.0,20.0,0.0,2475.74
0.0,0.0,78.0,5.0,219.0,1972.08,0.0,4.0,44.0,0.0,2522.18
0.0,0.0,17.0,3.0,174.0,538.34,0.0,0.0,44.0,0.0,685.82
0.0,0.0,68.0,3.0,243.0,254.93,0.0,0.0,0.0,0.0,441.68
0.0,0.0,23.0,3.0,252.0,1567.73,0.0,0.0,52.0,0.0,1671.95
0.0,0.0,45.0,10.0,711.0,2436.65,0.0,8.0,20.0,0.0,2503.33
0.0,0.0,0.0,2.0,71.0,466.97,0.0,0.0,0.0,0.0,566.74
0.0,0.0,62.0,3.0,106.0,221.5,0.0,0.0,0.0,0.0,221.5
0.0,0.0,23.0,3.0,251.0,1367.1,0.0,0.0,4.0,0.0,1414.69
0.0,0.0,73.0,6.0,40.0,254.92,0.0,0.0,0.0,0.0,281.43
0.0,0.0,58.0,6.0,57.0,136.5,0.0,0.0,0.0,0.0,162.13
0.0,0.0,45.0,10.0,353.0,2768.64,0.0,20.0,82.0,0.0,2768.64
0.0,1.0,88.0,9.0,350.0,1928.85,20.0,160.0,375.0,0.0,2082.64
0.0,0.0,67.0,1.0,191.0,419.03,0.0,4.0,0.0,0.0,428.71
0.0,0.0,74.0,8.0,567.0,336.65,0.0,0.0,0.0,0.0,344.26
0.0,0.0,78.0,5.0,221.0,2517.65,0.0,8.0,84.0,0.0,2582.62
0.0,0.0,0.0,2.0,391.0,465.53,0.0,0.0,0.0,0.0,645.2
0.0,0.0,61.0,1.0,433.0,585.38,0.0,0.0,0.0,0.0,736.82
0.0,0.0,58.0,6.0,57.0,136.5,0.0,0.0,0.0,0.0,141.68
0.0,0.0,68.0,3.0,204.0,596.2,0.0,0.0,0.0,0.0,758.96
0.0,0.0,0.0,2.0,814.0,413.55,0.0,0.0,0.0,0.0,705.38
0.0,0.0,80.0,3.0,147.0,80.54,0.0,0.0,0.0,0.0,221.55
0.0,0.0,37.0,1.0,438.0,993.14,0.0,0.0,48.0,0.0,1570.89
0.0,0.0,9.0,8.0,267.0,138.48,0.0,0.0,0.0,0.0,190.6
0.0,0.0,0.0,2.0,815.0,526.28,0.0,0.0,0.0,0.0,695.58
0.0,0.0,29.0,10.0,343.0,1073.23,0.0,0.0,20.0,0.0,1163.33
0.0,0.0,66.0,2.0,305.0,699.71,0.0,4.0,56.0,0.0,699.71
0.0,0.0,32.0,6.0,576.0,821.06,0.0,0.0,0.0,0.0,915.35
0.0,0.0,15.0,8.0,737.0,1696.46,0.0,0.0,8.0,0.0,1696.46
0.0,0.0,66.0,2.0,49.0,554.32,0.0,0.0,0.0,0.0,561.32
0.0,0.0,0.0,2.0,74.0,504.94,0.0,0.0,0.0,0.0,514.27
0.0,0.0,34.0,10.0,591.0,962.24,0.0,0.0,4.0,0.0,1297.89
0.0,0.0,75.0,8.0,492.0,186.7,0.0,0.0,0.0,0.0,230.67
0.0,0.0,0.0,2.0,75.0,530.07,0.0,0.0,0.0,0.0,575.82
0.0,1.0,86.0,10.0,452.0,2275.51,12.0,106.0,475.0,0.0,3193.3
0.0,0.0,43.0,8.0,504.0,119.86,0.0,0.0,0.0,0.0,119.86
0.0,0.0,37.0,1.0,436.0,961.82,0.0,0.0,72.0,0.0,1549.96
0.0,0.0,63.0,2.0,393.0,594.43,0.0,0.0,0.0,0.0,1763.85
0.0,0.0,75.0,8.0,498.0,189.98,0.0,0.0,0.0,0.0,193.27
0.0,0.0,59.0,6.0,552.0,95.9,0.0,0.0,0.0,0.0,214.5
0.0,0.0,65.0,1.0,200.0,661.29,0.0,0.0,8.0,0.0,661.29
0.0,0.0,0.0,2.0,823.0,546.46,0.0,0.0,0.0,0.0,729.62
0.0,1.0,86.0,10.0,452.0,2275.51,8.0,109.0,476.0,0.0,3199.85
0.0,0.0,61.0,1.0,434.0,734.83,0.0,0.0,4.0,0.0,734.83
0.0,0.0,29.0,10.0,344.0,1061.64,0.0,0.0,4.0,0.0,1126.02
0.0,0.0,62.0,3.0,117.0,205.67,0.0,0.0,0.0,0.0,205.67
0.0,0.0,59.0,6.0,611.0,147.22,0.0,0.0,0.0,0.0,163.76
0.0,0.0,82.0,8.0,646.0,413.32,0.0,0.0,0.0,0.0,413.32
0.0,0.0,15.0,8.0,650.0,1035.72,0.0,0.0,0.0,0.0,1480.19
0.0,0.0,24.0,8.0,733.0,1793.74,0.0,4.0,8.0,0.0,2054.83
0.0,0.0,78.0,5.0,220.0,2862.87,0.0,20.0,203.0,0.0,3111.74
0.0,0.0,63.0,2.0,308.0,1976.99,0.0,4.0,40.0,0.0,2053.81
0.0,0.0,28.0,1.0,807.0,463.22,0.0,0.0,0.0,0.0,479.75
0.0,0.0,59.0,6.0,614.0,196.9,0.0,0.0,0.0,0.0,196.9
0.0,0.0,73.0,6.0,25.0,166.59,0.0,0.0,0.0,0.0,167.31
0.0,0.0,86.0,10.0,453.0,2740.01,12.0,44.0,351.0,0.0,3124.34
0.0,1.0,84.0,11.0,468.0,2031.02,12.0,115.0,466.0,0.0,3491.15
0.0,0.0,69.0,3.0,133.0,258.83,0.0,0.0,0.0,0.0,258.83
0.0,0.0,68.0,3.0,217.0,621.76,0.0,0.0,0.0,0.0,711.39
0.0,0.0,74.0,8.0,704.0,377.31,0.0,0.0,4.0,0.0,445.51
0.0,0.0,9.0,8.0,268.0,145.93,0.0,0.0,0.0,0.0,188.28
0.0,0.0,63.0,2.0,370.0,1577.1,0.0,0.0,0.0,0.0,1607.28
0.0,0.0,23.0,3.0,224.0,1805.94,0.0,12.0,109.0,0.0,1805.94
0.0,1.0,86.0,10.0,469.0,2953.58,8.0,37.0,474.0,0.0,3357.17
0.0,0.0,23.0,3.0,483.0,1754.81,0.0,20.0,132.0,0.0,1815.03
0.0,0.0,28.0,1.0,754.0,460.45,0.0,0.0,0.0,0.0,487.73
0.0,0.0,72.0,3.0,158.0,242.88,0.0,0.0,0.0,0.0,722.58
0.0,0.0,68.0,3.0,239.0,272.58,0.0,0.0,0.0,0.0,598.27
0.0,0.0,27.0,2.0,394.0,175.28,0.0,0.0,4.0,0.0,206.59
0.0,0.0,28.0,1.0,798.0,432.05,0.0,0.0,0.0,0.0,445.14
0.0,0.0,15.0,8.0,228.0,1757.06,0.0,0.0,8.0,0.0,1853.16
0.0,0.0,81.0,0.0,489.0,6047.83,41.0,174.0,118.0,12.0,6212.91
0.0,0.0,62.0,3.0,106.0,221.5,0.0,0.0,0.0,0.0,287.55
0.0,0.0,28.0,1.0,772.0,400.74,0.0,0.0,0.0,0.0,580.71
0.0,0.0,17.0,3.0,234.0,491.2,0.0,0.0,0.0,0.0,591.28
0.0,0.0,32.0,6.0,571.0,717.38,0.0,0.0,0.0,0.0,756.21
0.0,0.0,12.0,5.0,182.0,786.6,4.0,0.0,96.0,0.0,2508.8
0.0,0.0,29.0,10.0,339.0,983.27,0.0,0.0,4.0,0.0,983.27
0.0,0.0,15.0,8.0,229.0,1588.34,0.0,0.0,4.0,0.0,1784.45
0.0,0.0,25.0,8.0,503.0,906.7,0.0,0.0,0.0,0.0,994.2
0.0,0.0,59.0,6.0,607.0,192.37,0.0,0.0,0.0,0.0,262.63
0.0,0.0,59.0,6.0,509.0,147.16,0.0,0.0,0.0,0.0,166.19
0.0,0.0,75.0,8.0,529.0,183.56,0.0,0.0,0.0,0.0,237.03
0.0,0.0,58.0,6.0,65.0,25.94,0.0,0.0,0.0,0.0,161.1
0.0,0.0,27.0,2.0,396.0,162.63,0.0,0.0,0.0,0.0,190.72
0.0,0.0,43.0,8.0,553.0,89.65,0.0,0.0,0.0,0.0,114.07
0.0,0.0,34.0,10.0,714.0,1283.41,0.0,0.0,20.0,0.0,1352.5
0.0,0.0,37.0,1.0,184.0,781.74,0.0,0.0,120.0,0.0,1649.33
0.0,0.0,73.0,6.0,19.0,179.3,0.0,0.0,0.0,0.0,226.77
0.0,0.0,43.0,8.0,550.0,88.86,0.0,0.0,0.0,0.0,92.75
0.0,0.0,32.0,6.0,592.0,783.93,0.0,0.0,0.0,0.0,848.96
0.0,0.0,26.0,8.0,639.0,885.19,0.0,0.0,0.0,0.0,902.19
0.0,0.0,33.0,3.0,132.0,222.65,0.0,0.0,0.0,0.0,222.65
0.0,0.0,73.0,6.0,15.0,189.9,0.0,0.0,0.0,0.0,235.69
0.0,0.0,9.0,8.0,276.0,155.79,0.0,0.0,0.0,0.0,176.99
0.0,0.0,67.0,1.0,745.0,318.62,0.0,0.0,0.0,0.0,319.98
0.0,0.0,32.0,6.0,559.0,724.89,0.0,0.0,0.0,0.0,872.88
0.0,0.0,32.0,6.0,582.0,741.2,0.0,0.0,0.0,0.0,795.37
0.0,0.0,27.0,2.0,311.0,266.21,0.0,8.0,36.0,0.0,292.52
0.0,0.0,45.0,10.0,359.0,3048.7,4.0,40.0,267.0,0.0,3048.7
0.0,0.0,82.0,8.0,520.0,402.64,0.0,0.0,0.0,0.0,502.82
0.0,0.0,32.0,6.0,592.0,783.93,0.0,0.0,0.0,0.0,922.09
0.0,0.0,32.0,6.0,559.0,724.89,0.0,0.0,0.0,0.0,906.07
0.0,0.0,25.0,8.0,658.0,924.46,0.0,0.0,0.0,0.0,1298.86
0.0,0.0,74.0,8.0,510.0,209.87,0.0,0.0,0.0,0.0,469.61
0.0,0.0,68.0,3.0,213.0,646.77,0.0,0.0,0.0,0.0,683.24
0.0,0.0,61.0,1.0,433.0,585.38,0.0,0.0,0.0,0.0,773.81
0.0,0.0,93.0,1.0,442.0,958.0,0.0,0.0,20.0,0.0,1012.27
0.0,0.0,28.0,1.0,761.0,483.62,0.0,0.0,4.0,0.0,521.08
0.0,0.0,67.0,1.0,763.0,369.88,0.0,0.0,0.0,0.0,393.3
0.0,0.0,15.0,8.0,206.0,720.2,0.0,0.0,24.0,0.0,1866.63
0.0,0.0,28.0,1.0,782.0,331.65,0.0,0.0,0.0,0.0,435.24
0.0,0.0,74.0,8.0,510.0,209.87,0.0,0.0,0.0,0.0,483.73
0.0,0.0,28.0,1.0,756.0,293.11,0.0,0.0,0.0,0.0,384.95
0.0,0.0,73.0,6.0,5.0,209.59,0.0,0.0,0.0,0.0,245.16
0.0,0.0,34.0,10.0,720.0,891.81,0.0,0.0,8.0,0.0,1247.25
0.0,1.0,2.0,11.0,351.0,3166.66,4.0,70.0,459.0,1.0,3949.56
0.0,1.0,88.0,9.0,460.0,2235.35,20.0,308.0,212.0,0.0,2257.26
0.0,1.0,86.0,10.0,452.0,2275.51,8.0,105.0,476.0,0.0,3245.75
0.0,0.0,33.0,3.0,284.0,52.93,0.0,0.0,0.0,0.0,225.51
0.0,0.0,68.0,3.0,235.0,681.8,0.0,0.0,0.0,0.0,781.27
0.0,0.0,33.0,3.0,156.0,216.08,0.0,0.0,0.0,0.0,306.21
0.0,0.0,59.0,6.0,554.0,90.93,0.0,0.0,0.0,0.0,195.06
0.0,0.0,33.0,3.0,294.0,170.54,0.0,0.0,0.0,0.0,217.95
0.0,0.0,82.0,8.0,538.0,90.23,0.0,0.0,0.0,0.0,393.9
0.0,0.0,33.0,3.0,284.0,52.93,0.0,0.0,0.0,0.0,267.57
0.0,0.0,9.0,8.0,279.0,118.18,0.0,0.0,0.0,0.0,171.79
0.0,0.0,73.0,6.0,26.0,206.77,0.0,0.0,0.0,0.0,254.16
0.0,0.0,24.0,8.0,703.0,2169.19,4.0,4.0,32.0,0.0,2322.97
0.0,0.0,0.0,2.0,819.0,436.17,0.0,0.0,0.0,0.0,436.17
0.0,1.0,22.0,2.0,297.0,1966.74,0.0,16.0,317.0,0.0,1966.74
0.0,0.0,59.0,6.0,623.0,81.64,0.0,0.0,0.0,0.0,260.6
0.0,0.0,75.0,8.0,495.0,161.74,0.0,0.0,0.0,0.0,176.49
0.0,0.0,67.0,1.0,258.0,368.57,0.0,0.0,0.0,0.0,416.36
0.0,0.0,28.0,1.0,800.0,604.54,0.0,0.0,0.0,0.0,604.54
0.0,0.0,59.0,6.0,604.0,144.47,0.0,0.0,0.0,0.0,190.57
0.0,0.0,61.0,1.0,433.0,585.38,0.0,0.0,0.0,0.0,853.42
0.0,0.0,25.0,8.0,653.0,892.05,0.0,0.0,0.0,0.0,1035.16
0.0,0.0,26.0,8.0,658.0,924.46,0.0,0.0,0.0,0.0,924.46
0.0,0.0,25.0,8.0,655.0,1190.81,0.0,0.0,0.0,0.0,1235.7
0.0,0.0,70.0,3.0,255.0,64.23,0.0,0.0,0.0,0.0,185.36
0.0,0.0,82.0,8.0,709.0,442.82,0.0,0.0,4.0,0.0,448.44
0.0,0.0,15.0,8.0,231.0,1819.42,0.0,0.0,8.0,0.0,1822.85
0.0,0.0,57.0,3.0,666.0,314.68,0.0,0.0,0.0,0.0,419.73
0.0,0.0,15.0,8.0,231.0,1819.42,0.0,0.0,24.0,0.0,1937.48
0.0,0.0,15.0,8.0,207.0,619.19,0.0,0.0,8.0,0.0,1698.74
0.0,0.0,27.0,2.0,834.0,167.52,0.0,0.0,0.0,0.0,170.58
0.0,0.0,86.0,10.0,742.0,2344.08,0.0,16.0,80.0,0.0,2587.75
0.0,0.0,0.0,2.0,828.0,411.81,0.0,0.0,0.0,0.0,532.85
0.0,0.0,44.0,8.0,645.0,339.33,0.0,0.0,0.0,0.0,443.89
0.0,0.0,75.0,8.0,519.0,181.01,0.0,0.0,0.0,0.0,181.01
0.0,0.0,66.0,2.0,405.0,647.27,0.0,4.0,40.0,0.0,685.72
0.0,0.0,86.0,10.0,742.0,2344.08,0.0,20.0,68.0,0.0,2344.08
0.0,0.0,15.0,8.0,206.0,720.2,0.0,0.0,8.0,0.0,1796.7
0.0,1.0,78.0,5.0,481.0,2738.12,8.0,64.0,442.0,0.0,3442.93
0.0,0.0,71.0,9.0,301.0,2189.89,8.0,44.0,357.0,0.0,2244.01
0.0,1.0,88.0,9.0,460.0,2235.35,8.0,241.0,297.0,0.0,2235.35
0.0,0.0,0.0,2.0,76.0,529.75,0.0,0.0,0.0,0.0,531.12
0.0,0.0,33.0,3.0,284.0,52.93,0.0,0.0,0.0,0.0,227.88
0.0,0.0,61.0,1.0,776.0,807.74,0.0,0.0,4.0,0.0,826.07
0.0,0.0,68.0,3.0,239.0,272.58,0.0,0.0,0.0,0.0,657.23
0.0,0.0,86.0,10.0,453.0,2740.01,0.0,28.0,192.0,0.0,2936.51
0.0,0.0,0.0,2.0,75.0,530.07,0.0,0.0,0.0,0.0,638.87
0.0,0.0,59.0,6.0,616.0,160.04,0.0,0.0,0.0,0.0,214.29
0.0,0.0,27.0,2.0,838.0,172.36,0.0,0.0,0.0,0.0,214.81
0.0,0.0,0.0,2.0,391.0,465.53,0.0,0.0,0.0,0.0,562.86
0.0,0.0,59.0,6.0,597.0,146.05,0.0,0.0,0.0,0.0,183.76
0.0,0.0,44.0,8.0,667.0,338.34,0.0,0.0,0.0,0.0,338.34
0.0,0.0,12.0,5.0,166.0,1924.94,0.0,0.0,20.0,0.0,2095.22
0.0,1.0,11.0,5.0,481.0,2738.12,4.0,48.0,362.0,0.0,2738.12
0.0,0.0,25.0,8.0,533.0,995.28,0.0,0.0,0.0,0.0,1195.52
0.0,0.0,9.0,8.0,279.0,118.18,0.0,0.0,0.0,0.0,150.15
0.0,0.0,67.0,1.0,780.0,331.61,0.0,0.0,0.0,0.0,374.7
0.0,0.0,78.0,5.0,224.0,1805.94,0.0,16.0,96.0,0.0,2960.48
0.0,0.0,32.0,6.0,583.0,694.69,0.0,0.0,0.0,0.0,714.24
0.0,0.0,67.0,1.0,745.0,318.62,0.0,0.0,0.0,0.0,327.91
0.0,0.0,0.0,2.0,829.0,535.48,0.0,0.0,0.0,0.0,630.54
0.0,0.0,33.0,3.0,291.0,219.66,0.0,0.0,0.0,0.0,265.12
0.0,0.0,59.0,6.0,631.0,202.88,0.0,0.0,0.0,0.0,233.88
0.0,0.0,29.0,10.0,339.0,983.27,0.0,0.0,4.0,0.0,1192.11
0.0,0.0,31.0,3.0,148.0,96.43,0.0,0.0,0.0,0.0,104.54
0.0,0.0,82.0,8.0,498.0,189.98,0.0,0.0,0.0,0.0,294.87
0.0,0.0,24.0,8.0,697.0,1990.41,0.0,0.0,16.0,0.0,2179.72
0.0,0.0,0.0,2.0,818.0,545.16,0.0,0.0,0.0,0.0,725.26
0.0,1.0,84.0,11.0,468.0,2031.02,12.0,115.0,470.0,0.0,3567.62
0.0,0.0,57.0,3.0,133.0,258.83,0.0,0.0,0.0,0.0,342.05
0.0,0.0,73.0,6.0,15.0,189.9,0.0,0.0,0.0,0.0,261.38
0.0,0.0,75.0,8.0,497.0,151.33,0.0,0.0,0.0,0.0,232.68
0.0,0.0,67.0,1.0,746.0,277.83,0.0,0.0,0.0,0.0,281.15
0.0,0.0,75.0,8.0,509.0,147.16,0.0,0.0,0.0,0.0,182.79
0.0,0.0,43.0,8.0,557.0,88.49,0.0,0.0,0.0,0.0,91.74
0.0,0.0,64.0,6.0,15.0,189.9,0.0,0.0,0.0,0.0,909.15
0.0,0.0,61.0,1.0,777.0,513.84,0.0,0.0,0.0,0.0,826.01
0.0,0.0,27.0,2.0,394.0,175.28,0.0,0.0,4.0,0.0,208.35
0.0,0.0,78.0,5.0,451.0,2552.21,4.0,20.0,139.0,0.0,2914.79
0.0,0.0,12.0,5.0,170.0,1128.26,0.0,4.0,0.0,0.0,1809.75
0.0,0.0,73.0,6.0,5.0,209.59,0.0,0.0,0.0,0.0,209.59
0.0,0.0,23.0,3.0,483.0,1754.81,0.0,28.0,174.0,0.0,1907.64
0.0,0.0,32.0,6.0,573.0,861.15,0.0,0.0,0.0,0.0,861.15
0.0,0.0,60.0,3.0,291.0,219.66,0.0,0.0,0.0,0.0,1107.87
0.0,0.0,68.0,3.0,204.0,596.2,0.0,0.0,0.0,0.0,691.41
0.0,0.0,27.0,2.0,830.0,168.94,0.0,0.0,0.0,0.0,214.89
0.0,0.0,17.0,3.0,115.0,220.55,0.0,0.0,0.0,0.0,451.58
0.0,0.0,28.0,1.0,760.0,408.73,0.0,0.0,4.0,0.0,629.02
0.0,0.0,15.0,8.0,652.0,1598.91,0.0,0.0,0.0,0.0,1598.91
0.0,0.0,73.0,6.0,25.0,166.59,0.0,0.0,0.0,0.0,167.98
0.0,0.0,63.0,2.0,390.0,579.42,0.0,0.0,0.0,0.0,1513.72
0.0,1.0,84.0,11.0,468.0,2031.02,8.0,115.0,470.0,0.0,3620.61
0.0,0.0,67.0,1.0,781.0,302.71,0.0,0.0,0.0,0.0,390.42
0.0,1.0,88.0,9.0,303.0,2017.97,8.0,206.0,291.0,0.0,2167.68
0.0,0.0,75.0,8.0,498.0,189.98,0.0,0.0,0.0,0.0,191.79
0.0,0.0,63.0,2.0,372.0,1684.74,0.0,0.0,0.0,0.0,1770.33
0.0,0.0,32.0,6.0,572.0,671.62,0.0,0.0,0.0,0.0,696.45
0.0,0.0,45.0,10.0,351.0,3166.66,8.0,49.0,382.0,0.0,3166.66
0.0,0.0,21.0,9.0,363.0,1130.11,0.0,4.0,40.0,0.0,1273.28
0.0,0.0,74.0,8.0,537.0,349.69,0.0,0.0,0.0,0.0,369.23
0.0,0.0,12.0,5.0,195.0,571.75,0.0,0.0,4.0,0.0,1965.39
0.0,0.0,78.0,5.0,450.0,2879.39,4.0,32.0,295.0,0.0,3443.5
0.0,0.0,78.0,5.0,455.0,2890.07,0.0,24.0,138.0,0.0,3012.98
0.0,0.0,26.0,8.0,645.0,339.33,0.0,0.0,0.0,0.0,1077.86
0.0,0.0,74.0,8.0,512.0,349.57,0.0,0.0,0.0,0.0,367.71
0.0,0.0,45.0,10.0,358.0,2683.53,0.0,16.0,60.0,0.0,2771.67
0.0,0.0,59.0,6.0,625.0,191.35,0.0,0.0,0.0,0.0,191.35
0.0,0.0,26.0,8.0,696.0,896.98,0.0,0.0,0.0,0.0,896.98
0.0,0.0,17.0,3.0,113.0,186.49,0.0,0.0,0.0,0.0,474.52
0.0,0.0,32.0,6.0,590.0,491.0,0.0,0.0,0.0,0.0,841.74
0.0,0.0,28.0,1.0,799.0,465.92,0.0,0.0,0.0,0.0,595.57
0.0,0.0,58.0,6.0,18.0,155.76,0.0,0.0,0.0,0.0,163.88
0.0,0.0,80.0,3.0,153.0,94.38,0.0,0.0,0.0,0.0,200.71
0.0,0.0,23.0,3.0,248.0,1666.92,0.0,0.0,92.0,0.0,1666.92
0.0,0.0,73.0,6.0,20.0,144.16,0.0,0.0,0.0,0.0,200.75
0.0,0.0,15.0,8.0,207.0,619.19,0.0,0.0,8.0,0.0,1802.58
0.0,0.0,33.0,3.0,127.0,221.29,0.0,0.0,0.0,0.0,251.39
0.0,0.0,23.0,3.0,232.0,1137.78,0.0,0.0,0.0,0.0,1190.01
0.0,0.0,26.0,8.0,658.0,924.46,0.0,0.0,0.0,0.0,962.79
0.0,0.0,26.0,8.0,696.0,896.98,0.0,0.0,0.0,0.0,1045.84
0.0,1.0,1.0,11.0,350.0,1928.85,16.0,86.0,443.0,0.0,4176.84
0.0,0.0,67.0,1.0,811.0,407.64,0.0,0.0,0.0,0.0,407.64
0.0,0.0,33.0,3.0,132.0,222.65,0.0,0.0,0.0,0.0,304.23
0.0,0.0,65.0,1.0,203.0,559.99,0.0,4.0,0.0,0.0,671.71
0.0,0.0,43.0,8.0,546.0,88.41,0.0,0.0,0.0,0.0,89.92
0.0,0.0,59.0,6.0,628.0,197.15,0.0,0.0,0.0,0.0,200.27
0.0,0.0,26.0,8.0,641.0,727.0,0.0,0.0,0.0,0.0,1231.41
0.0,0.0,32.0,6.0,586.0,815.82,0.0,0.0,0.0,0.0,821.59
0.0,0.0,63.0,2.0,372.0,1684.74,0.0,0.0,0.0,0.0,1714.59
0.0,0.0,70.0,3.0,87.0,173.5,0.0,0.0,0.0,0.0,173.5
0.0,0.0,12.0,5.0,171.0,1941.38,0.0,0.0,12.0,0.0,2097.78
0.0,0.0,32.0,6.0,590.0,491.0,0.0,0.0,0.0,0.0,784.0
0.0,0.0,13.0,5.0,179.0,2045.1,0.0,28.0,167.0,0.0,2281.24
0.0,0.0,86.0,10.0,453.0,2740.01,8.0,48.0,355.0,0.0,3035.5
0.0,0.0,74.0,8.0,709.0,442.82,0.0,0.0,4.0,0.0,493.36
0.0,0.0,72.0,3.0,158.0,242.88,0.0,0.0,0.0,0.0,719.02
0.0,0.0,86.0,10.0,743.0,2284.46,0.0,16.0,64.0,0.0,2434.93
0.0,0.0,62.0,3.0,113.0,186.49,0.0,0.0,0.0,0.0,274.04
0.0,0.0,28.0,1.0,757.0,305.67,0.0,0.0,0.0,0.0,398.58
0.0,0.0,69.0,3.0,134.0,213.63,0.0,0.0,0.0,0.0,270.58
0.0,0.0,31.0,3.0,152.0,78.49,0.0,0.0,0.0,0.0,109.87
0.0,0.0,67.0,1.0,785.0,335.11,0.0,0.0,0.0,0.0,335.11
0.0,0.0,31.0,3.0,152.0,78.49,0.0,0.0,0.0,0.0,126.21
0.0,0.0,15.0,8.0,218.0,2133.54,0.0,4.0,68.0,0.0,2133.54
0.0,0.0,25.0,8.0,685.0,766.87,0.0,0.0,0.0,0.0,766.87
0.0,0.0,0.0,2.0,391.0,465.53,0.0,0.0,0.0,0.0,575.89
0.0,0.0,73.0,6.0,29.0,174.89,0.0,0.0,0.0,0.0,235.33
0.0,0.0,0.0,2.0,821.0,527.68,0.0,0.0,0.0,0.0,527.74
0.0,0.0,26.0,8.0,635.0,965.55,0.0,0.0,0.0,0.0,993.08
0.0,0.0,15.0,8.0,226.0,1548.8,0.0,0.0,4.0,0.0,1548.8
0.0,0.0,63.0,2.0,376.0,569.68,0.0,0.0,0.0,0.0,1869.57
0.0,0.0,15.0,8.0,635.0,965.55,0.0,0.0,0.0,0.0,1476.33
0.0,0.0,15.0,8.0,228.0,1757.06,0.0,0.0,8.0,0.0,1832.77
0.0,0.0,63.0,2.0,308.0,1976.99,0.0,4.0,12.0,0.0,2036.86
0.0,0.0,30.0,9.0,363.0,1130.11,0.0,4.0,40.0,0.0,1168.39
0.0,0.0,79.0,9.0,44.0,706.4,0.0,0.0,0.0,0.0,730.4
0.0,0.0,66.0,2.0,381.0,581.94,0.0,0.0,0.0,0.0,607.94
0.0,0.0,76.0,3.0,236.0,227.02,0.0,0.0,0.0,0.0,270.19
0.0,1.0,88.0,9.0,350.0,1928.85,8.0,85.0,414.0,0.0,1928.85
0.0,0.0,45.0,10.0,711.0,2436.65,0.0,4.0,16.0,0.0,2436.65
0.0,0.0,72.0,3.0,163.0,167.46,0.0,0.0,0.0,0.0,883.01
0.0,0.0,75.0,8.0,518.0,79.1,0.0,0.0,0.0,0.0,170.38
0.0,0.0,24.0,8.0,698.0,1733.91,0.0,4.0,4.0,0.0,1733.91
0.0,0.0,33.0,3.0,127.0,221.29,0.0,0.0,0.0,0.0,231.08
0.0,1.0,37.0,1.0,439.0,1675.32,0.0,8.0,234.0,0.0,1776.69
0.0,0.0,9.0,8.0,266.0,153.47,0.0,0.0,0.0,0.0,153.63
0.0,0.0,27.0,2.0,413.0,181.04,0.0,0.0,0.0,0.0,186.86
0.0,0.0,32.0,6.0,560.0,702.88,0.0,0.0,0.0,0.0,715.12
0.0,0.0,59.0,6.0,621.0,191.99,0.0,0.0,0.0,0.0,193.19
0.0,0.0,80.0,3.0,253.0,159.47,0.0,0.0,0.0,0.0,259.79
0.0,0.0,45.0,10.0,713.0,2326.72,0.0,0.0,20.0,0.0,2376.82
0.0,0.0,67.0,1.0,758.0,355.2,0.0,0.0,0.0,0.0,355.2
0.0,0.0,59.0,6.0,544.0,254.7,0.0,0.0,0.0,0.0,262.23
0.0,0.0,43.0,8.0,542.0,88.46,0.0,0.0,0.0,0.0,88.46
0.0,0.0,27.0,2.0,412.0,183.12,0.0,0.0,0.0,0.0,183.12
0.0,0.0,58.0,6.0,61.0,139.87,0.0,0.0,0.0,0.0,174.67
0.0,0.0,25.0,8.0,693.0,931.93,0.0,0.0,0.0,0.0,1225.22
0.0,0.0,30.0,9.0,365.0,1288.58,0.0,24.0,83.0,0.0,1300.61
0.0,0.0,0.0,2.0,391.0,465.53,0.0,0.0,0.0,0.0,639.93
0.0,1.0,37.0,1.0,423.0,1817.25,0.0,48.0,313.0,0.0,1892.18
0.0,0.0,59.0,6.0,622.0,183.9,0.0,0.0,0.0,0.0,185.99
0.0,0.0,33.0,3.0,127.0,221.29,0.0,0.0,0.0,0.0,254.79
0.0,0.0,0.0,2.0,76.0,529.75,0.0,0.0,0.0,0.0,529.75
0.0,0.0,60.0,3.0,284.0,52.93,0.0,0.0,0.0,0.0,1331.56
0.0,0.0,67.0,1.0,757.0,305.67,0.0,0.0,0.0,0.0,305.74
0.0,0.0,29.0,10.0,589.0,1015.81,0.0,0.0,0.0,0.0,1015.81
0.0,0.0,43.0,8.0,502.0,65.66,0.0,0.0,0.0,0.0,94.84
0.0,0.0,12.0,5.0,168.0,2160.55,0.0,0.0,60.0,0.0,2321.36
0.0,0.0,31.0,3.0,151.0,45.52,0.0,0.0,0.0,0.0,114.2
0.0,0.0,25.0,8.0,686.0,263.33,0.0,0.0,0.0,0.0,767.08
0.0,0.0,15.0,8.0,731.0,1696.87,0.0,0.0,4.0,0.0,1696.87
0.0,0.0,9.0,8.0,278.0,148.4,0.0,0.0,0.0,0.0,167.02
0.0,1.0,86.0,10.0,469.0,2953.58,8.0,33.0,480.0,0.0,3126.81
0.0,0.0,45.0,10.0,358.0,2683.53,0.0,16.0,60.0,0.0,2875.23
0.0,0.0,28.0,1.0,808.0,442.04,0.0,0.0,0.0,0.0,499.68
0.0,0.0,58.0,6.0,55.0,134.98,0.0,0.0,0.0,0.0,136.34
0.0,0.0,25.0,8.0,681.0,91.67,0.0,0.0,0.0,0.0,915.52
0.0,0.0,66.0,2.0,406.0,673.75,0.0,4.0,40.0,0.0,696.35
0.0,0.0,23.0,3.0,238.0,496.18,0.0,0.0,0.0,0.0,1309.34
0.0,0.0,57.0,3.0,144.0,316.26,0.0,0.0,0.0,0.0,324.17
0.0,0.0,66.0,2.0,45.0,555.06,0.0,0.0,0.0,0.0,555.06
0.0,0.0,72.0,3.0,158.0,242.88,0.0,0.0,0.0,0.0,814.62
0.0,0.0,15.0,8.0,206.0,720.2,0.0,0.0,28.0,0.0,1724.57
0.0,0.0,59.0,6.0,601.0,41.07,0.0,0.0,0.0,0.0,146.25
0.0,0.0,75.0,8.0,515.0,92.92,0.0,0.0,0.0,0.0,189.41
0.0,0.0,75.0,8.0,493.0,178.61,0.0,0.0,0.0,0.0,191.28
0.0,0.0,86.0,10.0,451.0,2552.21,4.0,20.0,130.0,0.0,2671.05
0.0,0.0,29.0,10.0,319.0,1265.15,0.0,4.0,32.0,0.0,1285.13
0.0,0.0,32.0,6.0,564.0,825.28,0.0,0.0,0.0,0.0,843.98
0.0,0.0,30.0,9.0,405.0,647.27,0.0,4.0,16.0,0.0,1077.8
0.0,0.0,9.0,8.0,278.0,148.4,0.0,0.0,0.0,0.0,148.4
0.0,0.0,32.0,6.0,562.0,748.92,0.0,0.0,0.0,0.0,755.36
0.0,0.0,78.0,5.0,451.0,2552.21,0.0,44.0,187.0,0.0,3245.58
0.0,0.0,86.0,10.0,726.0,2277.06,0.0,4.0,52.0,0.0,2277.06
0.0,0.0,9.0,8.0,281.0,48.2,0.0,0.0,0.0,0.0,145.75
0.0,0.0,0.0,2.0,391.0,465.53,0.0,0.0,0.0,0.0,571.11
0.0,0.0,45.0,10.0,715.0,2512.91,0.0,4.0,28.0,0.0,2634.19
0.0,0.0,43.0,8.0,683.0,87.26,0.0,0.0,0.0,0.0,87.26
0.0,1.0,78.0,5.0,481.0,2738.12,4.0,52.0,397.0,0.0,3413.08
0.0,0.0,31.0,3.0,153.0,94.38,0.0,0.0,0.0,0.0,112.49
0.0,0.0,26.0,8.0,640.0,1009.58,0.0,0.0,0.0,0.0,1023.92
0.0,0.0,28.0,1.0,775.0,563.05,0.0,0.0,4.0,0.0,587.72
0.0,0.0,62.0,3.0,107.0,204.01,0.0,0.0,0.0,0.0,262.97
0.0,0.0,58.0,6.0,66.0,151.14,0.0,0.0,0.0,0.0,156.73
0.0,0.0,45.0,10.0,724.0,1246.85,0.0,0.0,8.0,0.0,2228.92
0.0,0.0,45.0,10.0,353.0,2768.64,4.0,16.0,135.0,0.0,2977.66
0.0,0.0,65.0,1.0,198.0,630.77,0.0,0.0,16.0,0.0,693.25
0.0,0.0,15.0,8.0,229.0,1588.34,0.0,0.0,0.0,0.0,1672.31
0.0,0.0,73.0,6.0,10.0,230.5,0.0,0.0,0.0,0.0,242.6
0.0,0.0,32.0,6.0,567.0,336.65,0.0,0.0,0.0,0.0,716.5
0.0,0.0,43.0,8.0,546.0,88.41,0.0,0.0,0.0,0.0,88.74
0.0,1.0,22.0,2.0,297.0,1966.74,0.0,16.0,338.0,0.0,1998.88
0.0,0.0,74.0,8.0,534.0,368.88,0.0,0.0,0.0,0.0,378.65
0.0,0.0,69.0,3.0,137.0,250.59,0.0,0.0,0.0,0.0,275.62
0.0,0.0,59.0,6.0,625.0,191.35,0.0,0.0,0.0,0.0,204.86
0.0,0.0,37.0,1.0,436.0,961.82,0.0,4.0,40.0,0.0,1537.96
0.0,0.0,68.0,3.0,217.0,621.76,0.0,0.0,0.0,0.0,621.76
0.0,0.0,67.0,1.0,260.0,359.46,0.0,0.0,0.0,0.0,378.95
0.0,0.0,63.0,2.0,378.0,570.28,0.0,0.0,0.0,0.0,1580.08
0.0,0.0,66.0,2.0,377.0,567.63,0.0,0.0,0.0,0.0,621.95
0.0,0.0,75.0,8.0,506.0,199.95,0.0,0.0,0.0,0.0,200.89
0.0,0.0,31.0,3.0,152.0,78.49,0.0,0.0,0.0,0.0,103.88
0.0,0.0,28.0,1.0,767.0,528.43,0.0,0.0,0.0,0.0,632.7
0.0,0.0,15.0,8.0,678.0,1495.91,0.0,0.0,0.0,0.0,1589.36
0.0,0.0,44.0,8.0,632.0,358.38,0.0,0.0,0.0,0.0,358.38
0.0,0.0,68.0,3.0,241.0,595.94,0.0,0.0,0.0,0.0,625.24
0.0,0.0,26.0,8.0,634.0,1025.2,0.0,0.0,0.0,0.0,1072.29
0.0,0.0,59.0,6.0,611.0,147.22,0.0,0.0,0.0,0.0,185.79
0.0,0.0,12.0,5.0,169.0,2076.8,0.0,4.0,0.0,0.0,2076.8
0.0,0.0,78.0,5.0,728.0,1989.89,0.0,4.0,32.0,0.0,2419.92
0.0,0.0,9.0,8.0,263.0,146.41,0.0,0.0,0.0,0.0,146.79
0.0,0.0,9.0,8.0,277.0,142.55,0.0,0.0,0.0,0.0,170.28
0.0,0.0,63.0,2.0,388.0,676.04,0.0,0.0,0.0,0.0,1674.37
0.0,0.0,33.0,3.0,284.0,52.93,0.0,0.0,0.0,0.0,266.06
0.0,0.0,44.0,8.0,667.0,338.34,0.0,0.0,0.0,0.0,434.88
0.0,0.0,80.0,3.0,254.0,179.96,0.0,0.0,0.0,0.0,180.46
0.0,0.0,17.0,3.0,195.0,571.75,0.0,0.0,4.0,0.0,624.79
0.0,0.0,43.0,8.0,681.0,91.67,0.0,0.0,0.0,0.0,96.49
0.0,0.0,74.0,8.0,705.0,335.27,0.0,0.0,0.0,0.0,457.77
0.0,0.0,0.0,2.0,75.0,530.07,0.0,0.0,0.0,0.0,651.23
0.0,0.0,70.0,3.0,87.0,173.5,0.0,0.0,0.0,0.0,212.3
0.0,0.0,58.0,6.0,68.0,142.56,0.0,0.0,0.0,0.0,142.61
0.0,0.0,59.0,6.0,628.0,197.15,0.0,0.0,0.0,0.0,197.15
0.0,0.0,58.0,6.0,67.0,138.78,0.0,0.0,0.0,0.0,194.3
0.0,0.0,44.0,8.0,661.0,346.46,0.0,0.0,0.0,0.0,346.46
0.0,0.0,32.0,6.0,585.0,366.04,0.0,0.0,0.0,0.0,813.42
0.0,0.0,24.0,8.0,710.0,1724.61,0.0,0.0,4.0,0.0,1759.34
0.0,0.0,62.0,3.0,119.0,218.86,0.0,0.0,0.0,0.0,237.62
0.0,0.0,75.0,8.0,517.0,166.45,0.0,0.0,0.0,0.0,179.02
0.0,0.0,9.0,8.0,270.0,149.4,0.0,0.0,0.0,0.0,152.35
0.0,1.0,1.0,11.0,460.0,2235.35,20.0,322.0,182.0,0.0,5103.99
0.0,0.0,0.0,2.0,75.0,530.07,0.0,0.0,0.0,0.0,634.8
0.0,0.0,62.0,3.0,109.0,192.27,0.0,0.0,0.0,0.0,194.22
0.0,0.0,44.0,8.0,661.0,346.46,0.0,0.0,0.0,0.0,446.73
0.0,0.0,43.0,8.0,549.0,90.64,0.0,0.0,0.0,0.0,91.55
0.0,0.0,43.0,8.0,546.0,88.41,0.0,0.0,0.0,0.0,89.18
0.0,0.0,62.0,3.0,111.0,71.67,0.0,0.0,0.0,0.0,201.96
0.0,0.0,12.0,5.0,168.0,2160.55,0.0,0.0,76.0,0.0,2360.42
0.0,0.0,15.0,8.0,213.0,646.77,0.0,0.0,0.0,0.0,1598.07
0.0,0.0,80.0,3.0,151.0,45.52,0.0,0.0,0.0,0.0,209.94
0.0,0.0,33.0,3.0,286.0,60.45,0.0,0.0,0.0,0.0,211.27
0.0,0.0,86.0,10.0,726.0,2277.06,0.0,20.0,72.0,0.0,2461.67
0.0,0.0,44.0,8.0,671.0,384.03,0.0,0.0,0.0,0.0,384.03
0.0,0.0,43.0,8.0,515.0,92.92,0.0,0.0,0.0,0.0,100.74
0.0,0.0,15.0,8.0,231.0,1819.42,0.0,0.0,12.0,0.0,1819.42
0.0,0.0,43.0,8.0,623.0,81.64,0.0,0.0,0.0,0.0,91.76
0.0,0.0,78.0,5.0,726.0,2277.06,0.0,8.0,56.0,0.0,2589.39
0.0,0.0,64.0,6.0,14.0,725.47,0.0,0.0,0.0,0.0,1072.46
0.0,0.0,23.0,3.0,483.0,1754.81,0.0,16.0,176.0,0.0,1898.59
0.0,0.0,75.0,8.0,508.0,180.6,0.0,0.0,0.0,0.0,232.84
0.0,0.0,9.0,8.0,270.0,149.4,0.0,0.0,0.0,0.0,149.4
0.0,1.0,93.0,1.0,417.0,1191.41,0.0,4.0,146.0,0.0,1191.41
0.0,0.0,24.0,8.0,726.0,2277.06,0.0,16.0,56.0,0.0,2676.51
0.0,0.0,9.0,8.0,273.0,150.72,0.0,0.0,0.0,0.0,176.37
0.0,0.0,25.0,8.0,529.0,183.56,0.0,0.0,0.0,0.0,1283.99
0.0,0.0,62.0,3.0,118.0,206.91,0.0,0.0,0.0,0.0,227.22
0.0,0.0,29.0,10.0,44.0,706.4,0.0,0.0,0.0,0.0,979.68
0.0,0.0,59.0,6.0,602.0,187.67,0.0,0.0,0.0,0.0,191.74
0.0,0.0,33.0,3.0,291.0,219.66,0.0,0.0,0.0,0.0,219.66
0.0,0.0,82.0,8.0,498.0,189.98,0.0,0.0,0.0,0.0,361.81
0.0,0.0,93.0,1.0,442.0,958.0,0.0,0.0,32.0,0.0,966.35
0.0,0.0,28.0,1.0,753.0,483.36,0.0,0.0,0.0,0.0,483.36
0.0,0.0,57.0,3.0,122.0,317.12,0.0,0.0,0.0,0.0,416.79
0.0,0.0,61.0,1.0,779.0,452.28,0.0,0.0,0.0,0.0,656.38
0.0,0.0,27.0,2.0,830.0,168.94,0.0,0.0,0.0,0.0,174.8
0.0,0.0,58.0,6.0,64.0,134.33,0.0,0.0,0.0,0.0,137.38
0.0,0.0,20.0,9.0,336.0,1277.97,0.0,0.0,24.0,0.0,1294.53
0.0,0.0,32.0,6.0,570.0,722.95,0.0,0.0,0.0,0.0,722.95
0.0,0.0,30.0,9.0,362.0,1110.53,0.0,4.0,60.0,0.0,1197.76
0.0,0.0,37.0,1.0,422.0,2141.65,4.0,172.0,341.0,0.0,2141.65
0.0,0.0,66.0,2.0,47.0,550.86,0.0,0.0,0.0,0.0,586.53
0.0,0.0,32.0,6.0,536.0,397.86,0.0,0.0,0.0,0.0,849.72
0.0,0.0,79.0,9.0,38.0,582.53,0.0,0.0,0.0,0.0,833.22
0.0,0.0,59.0,6.0,613.0,150.94,0.0,0.0,0.0,0.0,150.94
0.0,0.0,70.0,3.0,253.0,159.47,0.0,0.0,0.0,0.0,197.41
0.0,0.0,43.0,8.0,558.0,91.95,0.0,0.0,0.0,0.0,104.88
0.0,0.0,23.0,3.0,238.0,496.18,0.0,0.0,0.0,0.0,1205.1
0.0,0.0,62.0,3.0,119.0,218.86,0.0,0.0,0.0,0.0,220.97
0.0,0.0,67.0,1.0,748.0,282.68,0.0,0.0,0.0,0.0,336.99
0.0,0.0,57.0,3.0,664.0,353.95,0.0,0.0,0.0,0.0,357.84
0.0,0.0,71.0,9.0,365.0,1288.58,0.0,28.0,149.0,0.0,1949.19
0.0,0.0,78.0,5.0,224.0,1805.94,0.0,16.0,123.0,0.0,2952.15
0.0,0.0,70.0,3.0,255.0,64.23,0.0,0.0,0.0,0.0,210.95
0.0,0.0,26.0,8.0,634.0,1025.2,0.0,0.0,0.0,0.0,1046.76
0.0,0.0,59.0,6.0,607.0,192.37,0.0,0.0,0.0,0.0,231.82
0.0,0.0,27.0,2.0,836.0,174.3,0.0,0.0,0.0,0.0,219.91
0.0,0.0,32.0,6.0,580.0,740.66,0.0,0.0,0.0,0.0,907.89
0.0,0.0,27.0,2.0,394.0,175.28,0.0,0.0,4.0,0.0,180.45
0.0,0.0,74.0,8.0,567.0,336.65,0.0,0.0,0.0,0.0,348.36
0.0,1.0,71.0,9.0,352.0,2108.57,20.0,89.0,402.0,0.0,2849.35
0.0,0.0,58.0,6.0,57.0,136.5,0.0,0.0,0.0,0.0,137.64
0.0,0.0,44.0,8.0,632.0,358.38,0.0,0.0,0.0,0.0,459.94
0.0,0.0,45.0,10.0,724.0,1246.85,0.0,0.0,8.0,0.0,2276.19
0.0,0.0,66.0,2.0,34.0,576.4,0.0,0.0,0.0,0.0,587.95
0.0,0.0,0.0,2.0,814.0,413.55,0.0,0.0,0.0,0.0,700.74
0.0,0.0,45.0,10.0,329.0,1256.14,0.0,4.0,28.0,0.0,2363.06
0.0,0.0,33.0,3.0,284.0,52.93,0.0,0.0,0.0,0.0,291.22
0.0,0.0,57.0,3.0,138.0,253.68,0.0,0.0,0.0,0.0,441.41
0.0,0.0,29.0,10.0,42.0,912.94,0.0,0.0,0.0,0.0,980.06
0.0,0.0,74.0,8.0,567.0,336.65,0.0,0.0,0.0,0.0,353.37
0.0,0.0,25.0,8.0,655.0,1190.81,0.0,0.0,0.0,0.0,1382.73
0.0,0.0,28.0,1.0,767.0,528.43,0.0,0.0,0.0,0.0,577.3
0.0,0.0,67.0,1.0,260.0,359.46,0.0,0.0,0.0,0.0,408.95
0.0,0.0,32.0,6.0,572.0,671.62,0.0,0.0,0.0,0.0,707.03
0.0,0.0,78.0,5.0,730.0,2250.57,0.0,8.0,52.0,0.0,2472.69
0.0,0.0,58.0,6.0,52.0,161.42,0.0,0.0,0.0,0.0,161.42
0.0,0.0,72.0,3.0,155.0,101.64,0.0,0.0,0.0,0.0,620.61
0.0,0.0,59.0,6.0,617.0,162.89,0.0,0.0,0.0,0.0,267.47
0.0,0.0,70.0,3.0,112.0,212.6,0.0,0.0,0.0,0.0,276.71
0.0,0.0,59.0,6.0,616.0,160.04,0.0,0.0,0.0,0.0,160.04
0.0,0.0,23.0,3.0,483.0,1754.81,0.0,24.0,125.0,0.0,1853.16
0.0,0.0,66.0,2.0,48.0,528.26,0.0,0.0,0.0,0.0,536.98
0.0,0.0,59.0,6.0,555.0,184.19,0.0,0.0,0.0,0.0,184.19
0.0,0.0,58.0,6.0,68.0,142.56,0.0,0.0,0.0,0.0,142.58
0.0,0.0,23.0,3.0,248.0,1666.92,0.0,12.0,108.0,0.0,1763.33
0.0,0.0,59.0,6.0,565.0,197.5,0.0,0.0,0.0,0.0,206.32
0.0,0.0,28.0,1.0,799.0,465.92,0.0,0.0,0.0,0.0,581.18
0.0,0.0,74.0,8.0,540.0,486.27,0.0,0.0,0.0,0.0,540.38
0.0,0.0,59.0,6.0,611.0,147.22,0.0,0.0,0.0,0.0,188.73
0.0,0.0,59.0,6.0,602.0,187.67,0.0,0.0,0.0,0.0,191.82
0.0,0.0,69.0,3.0,138.0,253.68,0.0,0.0,0.0,0.0,256.49
0.0,0.0,30.0,9.0,361.0,1248.9,0.0,24.0,79.0,0.0,1274.83
0.0,0.0,37.0,1.0,200.0,661.29,0.0,0.0,8.0,0.0,1377.67
0.0,0.0,71.0,9.0,366.0,1234.91,0.0,8.0,95.0,0.0,1649.4
0.0,0.0,28.0,1.0,796.0,373.99,0.0,0.0,0.0,0.0,469.38
0.0,0.0,28.0,1.0,759.0,372.89,0.0,0.0,4.0,0.0,556.56
0.0,0.0,66.0,2.0,47.0,550.86,0.0,0.0,0.0,0.0,550.86
0.0,0.0,28.0,1.0,756.0,293.11,0.0,0.0,0.0,0.0,375.97
0.0,0.0,73.0,6.0,5.0,209.59,0.0,0.0,0.0,0.0,251.01
0.0,0.0,72.0,3.0,159.0,252.7,0.0,0.0,0.0,0.0,671.59
0.0,1.0,37.0,1.0,423.0,1817.25,0.0,48.0,390.0,0.0,1937.55
0.0,0.0,34.0,10.0,716.0,1289.39,0.0,8.0,20.0,0.0,1404.62
0.0,0.0,31.0,3.0,152.0,78.49,0.0,0.0,0.0,0.0,103.18
0.0,0.0,59.0,6.0,626.0,152.44,0.0,0.0,0.0,0.0,156.5
0.0,0.0,70.0,3.0,88.0,82.58,0.0,0.0,0.0,0.0,181.7
0.0,0.0,86.0,10.0,730.0,2250.57,0.0,8.0,56.0,0.0,2250.57
0.0,0.0,65.0,1.0,197.0,174.47,0.0,4.0,0.0,0.0,596.56
0.0,0.0,72.0,3.0,158.0,242.88,0.0,0.0,0.0,0.0,817.42
0.0,0.0,32.0,6.0,559.0,724.89,0.0,0.0,0.0,0.0,821.2
0.0,0.0,44.0,8.0,636.0,396.67,0.0,0.0,0.0,0.0,459.53
0.0,0.0,62.0,3.0,82.0,214.34,0.0,0.0,0.0,0.0,223.81
0.0,0.0,9.0,8.0,280.0,144.31,0.0,0.0,0.0,0.0,167.44
0.0,0.0,34.0,10.0,712.0,1158.67,0.0,0.0,16.0,0.0,1313.09
0.0,0.0,73.0,6.0,1.0,198.02,0.0,0.0,0.0,0.0,198.02
0.0,0.0,69.0,3.0,138.0,253.68,0.0,0.0,0.0,0.0,328.34
0.0,0.0,74.0,8.0,537.0,349.69,0.0,0.0,0.0,0.0,349.69
0.0,0.0,22.0,2.0,312.0,2455.8,0.0,205.0,178.0,0.0,2500.24
0.0,0.0,25.0,8.0,504.0,119.86,0.0,0.0,0.0,0.0,1052.03
0.0,0.0,80.0,3.0,163.0,167.46,0.0,0.0,0.0,0.0,251.09
0.0,0.0,80.0,3.0,149.0,110.1,0.0,0.0,0.0,0.0,210.42
0.0,0.0,68.0,3.0,233.0,611.86,0.0,0.0,0.0,0.0,676.07
0.0,0.0,28.0,1.0,758.0,355.2,0.0,0.0,0.0,0.0,461.23
0.0,0.0,69.0,3.0,161.0,269.36,0.0,0.0,0.0,0.0,270.71
0.0,0.0,59.0,6.0,615.0,194.42,0.0,0.0,0.0,0.0,202.25
0.0,0.0,60.0,3.0,141.0,1130.8,0.0,0.0,0.0,0.0,1157.3
0.0,0.0,28.0,1.0,798.0,432.05,0.0,0.0,0.0,0.0,432.05
0.0,0.0,58.0,6.0,78.0,119.11,0.0,0.0,0.0,0.0,140.01
0.0,0.0,25.0,8.0,520.0,402.64,0.0,0.0,0.0,0.0,1133.44
0.0,0.0,23.0,3.0,252.0,1567.73,0.0,0.0,56.0,0.0,1707.69
0.0,0.0,58.0,6.0,61.0,139.87,0.0,0.0,0.0,0.0,148.77
0.0,0.0,25.0,8.0,521.0,192.53,0.0,0.0,0.0,0.0,1004.72
0.0,0.0,32.0,6.0,582.0,741.2,0.0,0.0,0.0,0.0,752.29
0.0,0.0,23.0,3.0,252.0,1567.73,0.0,0.0,56.0,0.0,1697.52
0.0,0.0,78.0,5.0,726.0,2277.06,0.0,4.0,56.0,0.0,2736.45
0.0,0.0,62.0,3.0,106.0,221.5,0.0,0.0,0.0,0.0,283.45
0.0,0.0,33.0,3.0,132.0,222.65,0.0,0.0,0.0,0.0,241.44
0.0,1.0,13.0,5.0,179.0,2045.1,0.0,24.0,196.0,0.0,2435.74
0.0,0.0,29.0,10.0,327.0,1119.0,0.0,4.0,20.0,0.0,1293.46
0.0,0.0,75.0,8.0,497.0,151.33,0.0,0.0,0.0,0.0,182.23
0.0,0.0,78.0,5.0,451.0,2552.21,4.0,24.0,108.0,0.0,2853.27
0.0,0.0,58.0,6.0,50.0,134.61,0.0,0.0,0.0,0.0,159.82
0.0,0.0,26.0,8.0,651.0,1011.59,0.0,0.0,0.0,0.0,1095.76
0.0,0.0,62.0,3.0,81.0,212.11,0.0,0.0,0.0,0.0,284.14
0.0,0.0,58.0,6.0,20.0,144.16,0.0,0.0,0.0,0.0,150.98
0.0,0.0,66.0,2.0,48.0,528.26,0.0,0.0,0.0,0.0,528.26
0.0,0.0,27.0,2.0,834.0,167.52,0.0,0.0,0.0,0.0,215.99
0.0,0.0,58.0,6.0,64.0,134.33,0.0,0.0,0.0,0.0,165.0
0.0,1.0,78.0,5.0,481.0,2738.12,4.0,56.0,329.0,0.0,3371.58
0.0,0.0,86.0,10.0,742.0,2344.08,0.0,20.0,72.0,0.0,2473.57
0.0,0.0,69.0,3.0,139.0,276.99,0.0,0.0,0.0,0.0,312.48
0.0,0.0,66.0,2.0,34.0,576.4,0.0,0.0,0.0,0.0,608.4
0.0,0.0,69.0,3.0,135.0,276.26,0.0,0.0,0.0,0.0,276.26
0.0,0.0,76.0,3.0,102.0,251.98,0.0,0.0,0.0,0.0,251.98
0.0,0.0,82.0,8.0,520.0,402.64,0.0,0.0,0.0,0.0,502.42
0.0,0.0,27.0,2.0,830.0,168.94,0.0,0.0,0.0,0.0,171.71
0.0,0.0,16.0,1.0,420.0,2587.1,0.0,95.0,386.0,0.0,2587.1
0.0,0.0,15.0,8.0,678.0,1495.91,0.0,0.0,0.0,0.0,1581.85
0.0,0.0,32.0,6.0,586.0,815.82,0.0,0.0,0.0,0.0,933.89
0.0,1.0,86.0,10.0,450.0,2879.39,4.0,40.0,395.0,0.0,2980.21
0.0,0.0,0.0,2.0,818.0,545.16,0.0,0.0,0.0,0.0,724.49
0.0,0.0,73.0,6.0,26.0,206.77,0.0,0.0,0.0,0.0,215.87
0.0,0.0,29.0,10.0,329.0,1256.14,0.0,4.0,32.0,0.0,1361.15
0.0,0.0,20.0,9.0,336.0,1277.97,0.0,0.0,24.0,0.0,1277.97
0.0,0.0,22.0,2.0,314.0,2320.29,4.0,221.0,280.0,0.0,2467.31
0.0,0.0,17.0,3.0,234.0,491.2,0.0,0.0,0.0,0.0,574.43
0.0,0.0,26.0,8.0,634.0,1025.2,0.0,0.0,0.0,0.0,1071.15
0.0,0.0,45.0,10.0,716.0,1289.39,0.0,4.0,28.0,0.0,2383.86
0.0,0.0,28.0,1.0,779.0,452.28,0.0,0.0,0.0,0.0,629.46
0.0,0.0,75.0,8.0,508.0,180.6,0.0,0.0,0.0,0.0,180.6
0.0,0.0,73.0,6.0,28.0,219.19,0.0,0.0,0.0,0.0,283.76
0.0,0.0,75.0,8.0,511.0,146.64,0.0,0.0,0.0,0.0,146.64
0.0,0.0,59.0,6.0,609.0,176.29,0.0,0.0,0.0,0.0,234.8
0.0,0.0,24.0,8.0,710.0,1724.61,0.0,0.0,4.0,0.0,1873.69
0.0,0.0,37.0,1.0,184.0,781.74,0.0,4.0,120.0,0.0,1696.16
0.0,0.0,23.0,3.0,238.0,496.18,0.0,0.0,0.0,0.0,1192.95
0.0,0.0,34.0,10.0,714.0,1283.41,0.0,0.0,20.0,0.0,1468.69
0.0,0.0,45.0,10.0,740.0,2807.26,0.0,32.0,139.0,0.0,2899.91
0.0,0.0,43.0,8.0,518.0,79.1,0.0,0.0,0.0,0.0,93.11
0.0,0.0,59.0,6.0,621.0,191.99,0.0,0.0,0.0,0.0,202.31
0.0,0.0,70.0,3.0,88.0,82.58,0.0,0.0,0.0,0.0,182.99
0.0,0.0,33.0,3.0,127.0,221.29,0.0,0.0,0.0,0.0,221.29
0.0,0.0,15.0,8.0,736.0,1603.14,0.0,0.0,4.0,0.0,1712.87
0.0,0.0,0.0,2.0,815.0,526.28,0.0,0.0,0.0,0.0,528.13
0.0,1.0,37.0,1.0,423.0,1817.25,0.0,36.0,282.0,0.0,1851.14
0.0,0.0,58.0,6.0,67.0,138.78,0.0,0.0,0.0,0.0,141.88
0.0,0.0,72.0,3.0,158.0,242.88,0.0,0.0,0.0,0.0,693.94
0.0,0.0,9.0,8.0,265.0,187.27,0.0,0.0,0.0,0.0,190.41
0.0,0.0,43.0,8.0,682.0,89.11,0.0,0.0,0.0,0.0,104.72
0.0,0.0,34.0,10.0,720.0,891.81,0.0,0.0,4.0,0.0,1155.83
0.0,0.0,62.0,3.0,109.0,192.27,0.0,0.0,0.0,0.0,192.71
0.0,0.0,27.0,2.0,834.0,167.52,0.0,0.0,0.0,0.0,180.78
0.0,0.0,66.0,2.0,47.0,550.86,0.0,0.0,0.0,0.0,563.29
0.0,0.0,60.0,3.0,140.0,315.94,0.0,0.0,0.0,0.0,1127.62
0.0,0.0,32.0,6.0,585.0,366.04,0.0,0.0,0.0,0.0,825.86
0.0,0.0,15.0,8.0,206.0,720.2,0.0,0.0,24.0,0.0,1843.84
0.0,0.0,0.0,2.0,824.0,510.28,0.0,0.0,0.0,0.0,714.84
0.0,0.0,67.0,1.0,258.0,368.57,0.0,0.0,0.0,0.0,458.07
0.0,1.0,78.0,5.0,481.0,2738.12,4.0,52.0,377.0,0.0,3454.98
0.0,0.0,67.0,1.0,810.0,408.03,0.0,0.0,0.0,0.0,408.03
0.0,0.0,57.0,3.0,138.0,253.68,0.0,0.0,0.0,0.0,333.64
0.0,0.0,32.0,6.0,583.0,694.69,0.0,0.0,0.0,0.0,732.46
0.0,0.0,43.0,8.0,501.0,93.53,0.0,0.0,0.0,0.0,93.53
0.0,0.0,27.0,2.0,410.0,176.08,0.0,0.0,0.0,0.0,179.38
0.0,0.0,25.0,8.0,520.0,402.64,0.0,0.0,0.0,0.0,1133.89
0.0,0.0,25.0,8.0,503.0,906.7,0.0,0.0,0.0,0.0,1243.93
0.0,0.0,60.0,3.0,291.0,219.66,0.0,0.0,0.0,0.0,1101.89
0.0,0.0,68.0,3.0,210.0,672.33,0.0,0.0,4.0,0.0,754.58
0.0,0.0,27.0,2.0,400.0,182.25,0.0,0.0,4.0,0.0,196.01
0.0,1.0,93.0,1.0,415.0,1149.09,0.0,16.0,396.0,0.0,1386.32
0.0,0.0,30.0,9.0,363.0,1130.11,0.0,4.0,72.0,0.0,1223.79
0.0,0.0,17.0,3.0,196.0,429.29,0.0,0.0,0.0,0.0,463.74
0.0,0.0,62.0,3.0,106.0,221.5,0.0,0.0,0.0,0.0,251.59
0.0,0.0,9.0,8.0,267.0,138.48,0.0,0.0,0.0,0.0,190.24
0.0,0.0,25.0,8.0,683.0,87.26,0.0,0.0,0.0,0.0,910.23
0.0,0.0,27.0,2.0,412.0,183.12,0.0,0.0,0.0,0.0,184.13
0.0,0.0,12.0,5.0,168.0,2160.55,0.0,0.0,64.0,0.0,2336.63
0.0,0.0,59.0,6.0,617.0,162.89,0.0,0.0,0.0,0.0,242.47
0.0,0.0,62.0,3.0,256.0,200.36,0.0,0.0,0.0,0.0,208.3
0.0,0.0,70.0,3.0,255.0,64.23,0.0,0.0,0.0,0.0,195.5
0.0,0.0,63.0,2.0,392.0,592.64,0.0,0.0,0.0,0.0,1703.67
0.0,0.0,74.0,8.0,585.0,366.04,0.0,0.0,0.0,0.0,372.31
0.0,1.0,11.0,5.0,484.0,2559.34,0.0,48.0,305.0,0.0,2712.05
0.0,0.0,78.0,5.0,726.0,2277.06,0.0,4.0,56.0,0.0,2720.24
0.0,0.0,32.0,6.0,721.0,878.79,0.0,0.0,4.0,0.0,906.76
0.0,0.0,9.0,8.0,275.0,146.8,0.0,0.0,0.0,0.0,156.92
0.0,0.0,57.0,3.0,140.0,315.94,0.0,0.0,0.0,0.0,321.71
0.0,0.0,44.0,8.0,661.0,346.46,0.0,0.0,0.0,0.0,447.41
0.0,0.0,66.0,2.0,382.0,568.43,0.0,0.0,0.0,0.0,568.43
0.0,0.0,69.0,3.0,240.0,238.98,0.0,0.0,0.0,0.0,262.75
0.0,0.0,23.0,3.0,233.0,611.86,0.0,0.0,0.0,0.0,1348.11
0.0,0.0,30.0,9.0,362.0,1110.53,0.0,4.0,48.0,0.0,1227.65
0.0,0.0,66.0,2.0,380.0,625.83,0.0,0.0,0.0,0.0,650.97
0.0,0.0,25.0,8.0,520.0,402.64,0.0,0.0,0.0,0.0,1221.35
0.0,0.0,74.0,8.0,522.0,340.08,0.0,0.0,0.0,0.0,462.67
0.0,0.0,59.0,6.0,608.0,183.65,0.0,0.0,0.0,0.0,187.3
0.0,1.0,77.0,4.0,460.0,2235.35,34.0,330.0,192.0,0.0,3782.74
0.0,0.0,74.0,8.0,535.0,349.52,0.0,0.0,0.0,0.0,375.59
0.0,0.0,27.0,2.0,409.0,160.92,0.0,0.0,0.0,0.0,160.92
0.0,0.0,15.0,8.0,674.0,1491.73,0.0,0.0,0.0,0.0,1734.1
0.0,0.0,73.0,6.0,17.0,148.5,0.0,0.0,0.0,0.0,276.39
0.0,0.0,75.0,8.0,508.0,180.6,0.0,0.0,0.0,0.0,236.8
0.0,0.0,68.0,3.0,233.0,611.86,0.0,0.0,0.0,0.0,662.92
0.0,0.0,28.0,1.0,755.0,469.42,0.0,0.0,0.0,0.0,546.93
0.0,0.0,58.0,6.0,61.0,139.87,0.0,0.0,0.0,0.0,142.38
0.0,0.0,45.0,10.0,711.0,2436.65,0.0,8.0,32.0,0.0,2582.11
0.0,0.0,60.0,3.0,293.0,224.32,0.0,0.0,0.0,0.0,1150.49
0.0,0.0,62.0,3.0,107.0,204.01,0.0,0.0,0.0,0.0,264.7
0.0,0.0,43.0,8.0,557.0,88.49,0.0,0.0,0.0,0.0,88.49
0.0,0.0,31.0,3.0,153.0,94.38,0.0,0.0,0.0,0.0,130.38
0.0,0.0,58.0,6.0,50.0,134.61,0.0,0.0,0.0,0.0,136.95
0.0,0.0,0.0,2.0,72.0,591.25,0.0,0.0,0.0,0.0,740.05
0.0,0.0,17.0,3.0,194.0,537.65,0.0,0.0,4.0,0.0,542.0
0.0,0.0,58.0,6.0,56.0,131.4,0.0,0.0,0.0,0.0,131.4
0.0,0.0,75.0,8.0,506.0,199.95,0.0,0.0,0.0,0.0,239.68
0.0,0.0,43.0,8.0,550.0,88.86,0.0,0.0,0.0,0.0,91.69
0.0,0.0,67.0,1.0,257.0,404.71,0.0,0.0,0.0,0.0,454.29
0.0,0.0,62.0,3.0,84.0,200.93,0.0,0.0,0.0,0.0,265.26
0.0,0.0,61.0,1.0,429.0,777.68,0.0,0.0,0.0,0.0,816.82
0.0,0.0,74.0,8.0,522.0,340.08,0.0,0.0,0.0,0.0,390.89
0.0,0.0,32.0,6.0,581.0,374.14,0.0,0.0,0.0,0.0,799.21
0.0,0.0,67.0,1.0,745.0,318.62,0.0,0.0,0.0,0.0,409.99
0.0,0.0,43.0,8.0,623.0,81.64,0.0,0.0,0.0,0.0,105.44
0.0,0.0,74.0,8.0,522.0,340.08,0.0,0.0,0.0,0.0,395.97
0.0,0.0,59.0,6.0,555.0,184.19,0.0,0.0,0.0,0.0,189.87
0.0,0.0,37.0,1.0,438.0,993.14,0.0,0.0,40.0,0.0,1558.25
0.0,0.0,27.0,2.0,397.0,195.08,0.0,0.0,0.0,0.0,235.48
0.0,0.0,28.0,1.0,762.0,526.16,0.0,0.0,4.0,0.0,644.58
0.0,0.0,15.0,8.0,223.0,1912.83,0.0,0.0,24.0,0.0,1955.36
0.0,0.0,44.0,8.0,637.0,342.32,0.0,0.0,0.0,0.0,387.94
0.0,0.0,75.0,8.0,508.0,180.6,0.0,0.0,0.0,0.0,233.91
0.0,0.0,76.0,3.0,82.0,214.34,0.0,0.0,0.0,0.0,229.83
0.0,0.0,67.0,1.0,764.0,390.87,0.0,0.0,4.0,0.0,467.39
0.0,0.0,28.0,1.0,771.0,471.43,0.0,0.0,0.0,0.0,471.43
0.0,0.0,43.0,8.0,554.0,90.93,0.0,0.0,0.0,0.0,92.11
0.0,0.0,74.0,8.0,536.0,397.86,0.0,0.0,0.0,0.0,538.43
0.0,0.0,63.0,2.0,403.0,1765.7,0.0,0.0,4.0,0.0,1824.65
0.0,0.0,80.0,3.0,153.0,94.38,0.0,0.0,0.0,0.0,201.08
0.0,0.0,67.0,1.0,260.0,359.46,0.0,0.0,0.0,0.0,359.46
0.0,0.0,32.0,6.0,721.0,878.79,0.0,0.0,4.0,0.0,996.37
0.0,0.0,58.0,6.0,50.0,134.61,0.0,0.0,0.0,0.0,194.79
0.0,0.0,44.0,8.0,637.0,342.32,0.0,0.0,0.0,0.0,342.32
0.0,0.0,57.0,3.0,134.0,213.63,0.0,0.0,0.0,0.0,350.84
0.0,0.0,78.0,5.0,221.0,2517.65,0.0,8.0,64.0,0.0,2587.76
0.0,0.0,27.0,2.0,831.0,162.83,0.0,0.0,0.0,0.0,162.83
0.0,0.0,32.0,6.0,562.0,748.92,0.0,0.0,0.0,0.0,749.03
0.0,0.0,67.0,1.0,756.0,293.11,0.0,0.0,0.0,0.0,346.34
0.0,0.0,43.0,8.0,543.0,88.71,0.0,0.0,0.0,0.0,89.28
0.0,0.0,80.0,3.0,149.0,110.1,0.0,0.0,0.0,0.0,233.71
0.0,0.0,75.0,8.0,495.0,161.74,0.0,0.0,0.0,0.0,179.79
0.0,0.0,93.0,1.0,776.0,807.74,0.0,0.0,4.0,0.0,954.25
0.0,1.0,88.0,9.0,303.0,2017.97,12.0,224.0,282.0,0.0,2246.68
0.0,0.0,58.0,6.0,58.0,140.97,0.0,0.0,0.0,0.0,197.48
0.0,0.0,76.0,3.0,105.0,219.55,0.0,0.0,0.0,0.0,226.54
0.0,0.0,28.0,1.0,755.0,469.42,0.0,0.0,0.0,0.0,482.7
0.0,0.0,73.0,6.0,10.0,230.5,0.0,0.0,0.0,0.0,298.34
0.0,0.0,58.0,6.0,53.0,139.96,0.0,0.0,0.0,0.0,139.96
0.0,0.0,58.0,6.0,60.0,128.68,0.0,0.0,0.0,0.0,147.69
0.0,0.0,68.0,3.0,206.0,720.2,0.0,0.0,8.0,0.0,788.53
0.0,0.0,20.0,9.0,336.0,1277.97,0.0,0.0,32.0,0.0,1475.63
0.0,1.0,37.0,1.0,423.0,1817.25,0.0,68.0,415.0,0.0,2021.34
0.0,0.0,0.0,2.0,386.0,564.62,0.0,0.0,0.0,0.0,577.81
0.0,0.0,43.0,8.0,556.0,74.79,0.0,0.0,0.0,0.0,92.5
0.0,0.0,31.0,3.0,148.0,96.43,0.0,0.0,0.0,0.0,102.89
0.0,0.0,15.0,8.0,228.0,1757.06,0.0,0.0,8.0,0.0,1762.17
0.0,0.0,13.0,5.0,183.0,2027.81,0.0,4.0,108.0,0.0,2046.4
0.0,0.0,0.0,2.0,823.0,546.46,0.0,0.0,0.0,0.0,733.57
0.0,0.0,63.0,2.0,388.0,676.04,0.0,0.0,0.0,0.0,1681.08
0.0,0.0,68.0,3.0,210.0,672.33,0.0,0.0,4.0,0.0,733.34
0.0,0.0,86.0,10.0,453.0,2740.01,4.0,40.0,336.0,0.0,2920.01
0.0,0.0,23.0,3.0,238.0,496.18,0.0,0.0,0.0,0.0,1274.88
0.0,0.0,76.0,3.0,236.0,227.02,0.0,0.0,0.0,0.0,227.02
0.0,0.0,25.0,8.0,529.0,183.56,0.0,0.0,0.0,0.0,972.15
0.0,0.0,29.0,10.0,326.0,1042.35,0.0,0.0,8.0,0.0,1201.26
0.0,0.0,73.0,6.0,19.0,179.3,0.0,0.0,0.0,0.0,294.83
0.0,0.0,63.0,2.0,388.0,676.04,0.0,0.0,0.0,0.0,1646.74
0.0,0.0,60.0,3.0,140.0,315.94,0.0,0.0,0.0,0.0,1142.26
0.0,0.0,32.0,6.0,580.0,740.66,0.0,0.0,0.0,0.0,756.02
0.0,0.0,27.0,2.0,398.0,203.22,0.0,0.0,20.0,0.0,225.69
0.0,0.0,43.0,8.0,558.0,91.95,0.0,0.0,0.0,0.0,91.95
0.0,0.0,34.0,10.0,724.0,1246.85,0.0,0.0,8.0,0.0,1246.85
0.0,0.0,32.0,6.0,721.0,878.79,0.0,0.0,4.0,0.0,884.05
0.0,0.0,60.0,3.0,287.0,1106.83,0.0,0.0,0.0,0.0,1121.17
0.0,0.0,82.0,8.0,494.0,99.63,0.0,0.0,0.0,0.0,350.75
0.0,0.0,34.0,10.0,591.0,962.24,0.0,0.0,4.0,0.0,1180.99
0.0,0.0,31.0,3.0,148.0,96.43,0.0,0.0,0.0,0.0,107.72
0.0,0.0,69.0,3.0,139.0,276.99,0.0,0.0,0.0,0.0,310.23
0.0,0.0,9.0,8.0,267.0,138.48,0.0,0.0,0.0,0.0,190.35
0.0,0.0,31.0,3.0,152.0,78.49,0.0,0.0,0.0,0.0,126.7
0.0,0.0,9.0,8.0,269.0,145.1,0.0,0.0,0.0,0.0,188.98
0.0,0.0,27.0,2.0,368.0,189.38,0.0,0.0,0.0,0.0,189.38
0.0,0.0,27.0,2.0,413.0,181.04,0.0,0.0,0.0,0.0,194.01
0.0,0.0,67.0,1.0,797.0,333.33,0.0,0.0,0.0,0.0,333.33
0.0,0.0,75.0,8.0,502.0,65.66,0.0,0.0,0.0,0.0,65.66
0.0,0.0,17.0,3.0,97.0,234.38,0.0,0.0,0.0,0.0,548.05
0.0,0.0,32.0,6.0,563.0,754.29,0.0,0.0,0.0,0.0,819.14
0.0,0.0,58.0,6.0,605.0,140.11,0.0,0.0,0.0,0.0,161.29
0.0,0.0,32.0,6.0,586.0,815.82,0.0,0.0,0.0,0.0,947.79
0.0,0.0,80.0,3.0,158.0,242.88,0.0,0.0,0.0,0.0,281.09
0.0,0.0,66.0,2.0,381.0,581.94,0.0,0.0,0.0,0.0,597.7
0.0,0.0,22.0,2.0,312.0,2455.8,8.0,185.0,206.0,0.0,2619.99
0.0,0.0,29.0,10.0,344.0,1061.64,0.0,0.0,4.0,0.0,1118.96
0.0,0.0,66.0,2.0,378.0,570.28,0.0,0.0,0.0,0.0,625.81
0.0,0.0,45.0,10.0,354.0,2607.88,0.0,8.0,72.0,0.0,2771.22
0.0,0.0,17.0,3.0,95.0,522.82,0.0,0.0,0.0,0.0,611.99
0.0,0.0,43.0,8.0,688.0,88.51,0.0,0.0,0.0,0.0,88.92
0.0,0.0,29.0,10.0,593.0,1010.63,0.0,0.0,0.0,0.0,1122.51
0.0,0.0,66.0,2.0,401.0,616.6,0.0,0.0,8.0,0.0,664.5
0.0,1.0,1.0,11.0,466.0,3843.85,12.0,103.0,454.0,1.0,4071.94
0.0,0.0,70.0,3.0,88.0,82.58,0.0,0.0,0.0,0.0,287.23
0.0,0.0,62.0,3.0,92.0,189.72,0.0,0.0,0.0,0.0,215.95
0.0,0.0,25.0,8.0,528.0,908.09,0.0,0.0,0.0,0.0,1077.6
0.0,0.0,80.0,3.0,163.0,167.46,0.0,0.0,0.0,0.0,220.5
0.0,0.0,45.0,10.0,714.0,1283.41,0.0,0.0,20.0,0.0,2281.47
0.0,0.0,67.0,1.0,780.0,331.61,0.0,0.0,0.0,0.0,331.61
0.0,0.0,75.0,8.0,501.0,93.53,0.0,0.0,0.0,0.0,170.5
0.0,0.0,37.0,1.0,438.0,993.14,0.0,0.0,68.0,0.0,1532.78
0.0,0.0,67.0,1.0,760.0,408.73,0.0,0.0,4.0,0.0,408.73
0.0,0.0,27.0,2.0,410.0,176.08,0.0,0.0,0.0,0.0,176.08
0.0,0.0,25.0,8.0,655.0,1190.81,0.0,0.0,0.0,0.0,1350.64
0.0,0.0,59.0,6.0,598.0,156.64,0.0,0.0,0.0,0.0,224.47
0.0,0.0,67.0,1.0,756.0,293.11,0.0,0.0,0.0,0.0,342.35
0.0,0.0,59.0,6.0,611.0,147.22,0.0,0.0,0.0,0.0,199.96
0.0,0.0,61.0,1.0,435.0,718.02,0.0,0.0,0.0,0.0,718.02
0.0,0.0,45.0,10.0,329.0,1256.14,0.0,4.0,32.0,0.0,2580.87
0.0,0.0,63.0,2.0,376.0,569.68,0.0,0.0,0.0,0.0,1622.72
0.0,0.0,43.0,8.0,514.0,90.8,0.0,0.0,0.0,0.0,99.98
0.0,0.0,0.0,2.0,71.0,466.97,0.0,0.0,0.0,0.0,554.25
0.0,0.0,66.0,2.0,392.0,592.64,0.0,0.0,0.0,0.0,592.64
0.0,0.0,9.0,8.0,277.0,142.55,0.0,0.0,0.0,0.0,189.13
0.0,0.0,73.0,6.0,6.0,36.83,0.0,0.0,0.0,0.0,36.83
0.0,0.0,9.0,8.0,267.0,138.48,0.0,0.0,0.0,0.0,140.23
0.0,0.0,93.0,1.0,442.0,958.0,0.0,0.0,8.0,0.0,985.0
0.0,0.0,32.0,6.0,586.0,815.82,0.0,0.0,0.0,0.0,940.14
0.0,0.0,29.0,10.0,330.0,1093.02,0.0,0.0,20.0,0.0,1145.21
0.0,0.0,43.0,8.0,549.0,90.64,0.0,0.0,0.0,0.0,116.03
0.0,0.0,28.0,1.0,775.0,563.05,0.0,0.0,4.0,0.0,651.62
0.0,0.0,28.0,1.0,795.0,379.88,0.0,0.0,0.0,0.0,550.37
0.0,0.0,58.0,6.0,18.0,155.76,0.0,0.0,0.0,0.0,155.76
0.0,0.0,66.0,2.0,401.0,616.6,0.0,0.0,8.0,0.0,675.46
0.0,0.0,17.0,3.0,116.0,414.37,0.0,0.0,0.0,0.0,414.37
0.0,0.0,25.0,8.0,528.0,908.09,0.0,0.0,0.0,0.0,944.23
0.0,0.0,45.0,10.0,355.0,2887.38,4.0,20.0,90.0,0.0,2887.38
0.0,0.0,62.0,3.0,81.0,212.11,0.0,0.0,0.0,0.0,216.17
0.0,0.0,31.0,3.0,152.0,78.49,0.0,0.0,0.0,0.0,101.29
0.0,0.0,60.0,3.0,285.0,1025.55,0.0,0.0,0.0,0.0,1025.55
0.0,0.0,37.0,1.0,422.0,2141.65,12.0,302.0,193.0,0.0,2349.19
0.0,0.0,0.0,2.0,814.0,413.55,0.0,0.0,0.0,0.0,417.21
0.0,0.0,45.0,10.0,715.0,2512.91,0.0,4.0,28.0,0.0,2634.0
0.0,0.0,27.0,2.0,387.0,208.44,0.0,0.0,0.0,0.0,208.44
0.0,0.0,13.0,5.0,183.0,2027.81,4.0,0.0,72.0,0.0,2087.08
0.0,0.0,59.0,6.0,77.0,124.2,0.0,0.0,0.0,0.0,189.72
0.0,0.0,66.0,2.0,46.0,241.3,0.0,0.0,0.0,0.0,560.39
0.0,0.0,15.0,8.0,731.0,1696.87,0.0,0.0,8.0,0.0,1790.18
0.0,0.0,60.0,3.0,291.0,219.66,0.0,0.0,0.0,0.0,1355.9
0.0,0.0,73.0,6.0,25.0,166.59,0.0,0.0,0.0,0.0,168.26
0.0,0.0,59.0,6.0,630.0,197.98,0.0,0.0,0.0,0.0,197.98
0.0,1.0,37.0,1.0,423.0,1817.25,0.0,68.0,401.0,0.0,1995.61
0.0,0.0,71.0,9.0,365.0,1288.58,0.0,24.0,212.0,0.0,1997.4
0.0,0.0,68.0,3.0,241.0,595.94,0.0,0.0,0.0,0.0,651.34
0.0,0.0,24.0,8.0,739.0,2323.29,4.0,4.0,36.0,0.0,2323.29
0.0,0.0,67.0,1.0,191.0,419.03,0.0,0.0,4.0,0.0,433.42
0.0,0.0,28.0,1.0,807.0,463.22,0.0,0.0,0.0,0.0,514.27
0.0,0.0,73.0,6.0,17.0,148.5,0.0,0.0,0.0,0.0,216.22
0.0,1.0,22.0,2.0,315.0,2386.66,0.0,236.0,265.0,0.0,2437.23
0.0,0.0,28.0,1.0,748.0,282.68,0.0,0.0,0.0,0.0,421.92
0.0,0.0,25.0,8.0,694.0,899.37,0.0,0.0,0.0,0.0,1035.49
0.0,0.0,43.0,8.0,623.0,81.64,0.0,0.0,0.0,0.0,104.6
0.0,0.0,24.0,8.0,701.0,2121.32,0.0,0.0,16.0,0.0,2151.9
0.0,0.0,59.0,6.0,616.0,160.04,0.0,0.0,0.0,0.0,207.41
0.0,0.0,64.0,6.0,31.0,230.5,0.0,0.0,0.0,0.0,926.85
0.0,0.0,67.0,1.0,750.0,316.31,0.0,0.0,0.0,0.0,316.31
0.0,0.0,33.0,3.0,127.0,221.29,0.0,0.0,0.0,0.0,235.43
0.0,0.0,44.0,8.0,669.0,334.48,0.0,0.0,0.0,0.0,337.37
0.0,0.0,75.0,8.0,498.0,189.98,0.0,0.0,0.0,0.0,199.08
0.0,0.0,44.0,8.0,645.0,339.33,0.0,0.0,0.0,0.0,392.78
0.0,0.0,27.0,2.0,832.0,169.94,0.0,0.0,0.0,0.0,169.94
0.0,0.0,64.0,6.0,10.0,230.5,0.0,0.0,0.0,0.0,893.92
0.0,0.0,25.0,8.0,655.0,1190.81,0.0,0.0,0.0,0.0,1190.81
0.0,0.0,60.0,3.0,141.0,1130.8,0.0,0.0,0.0,0.0,1130.8
0.0,0.0,73.0,6.0,3.0,197.6,0.0,0.0,0.0,0.0,209.91
0.0,0.0,37.0,1.0,436.0,961.82,0.0,0.0,44.0,0.0,1456.24
0.0,1.0,37.0,1.0,417.0,1191.41,0.0,4.0,114.0,0.0,1611.34
0.0,0.0,58.0,6.0,65.0,25.94,0.0,0.0,0.0,0.0,166.07
0.0,1.0,37.0,1.0,437.0,1633.58,0.0,8.0,174.0,0.0,1734.49
0.0,0.0,70.0,3.0,87.0,173.5,0.0,0.0,0.0,0.0,268.83
0.0,0.0,0.0,2.0,820.0,528.75,0.0,0.0,0.0,0.0,531.75
0.0,0.0,59.0,6.0,64.0,134.33,0.0,0.0,0.0,0.0,222.2
0.0,0.0,26.0,8.0,670.0,341.92,0.0,0.0,0.0,0.0,1238.1
0.0,0.0,33.0,3.0,293.0,224.32,0.0,0.0,0.0,0.0,229.73
0.0,0.0,59.0,6.0,555.0,184.19,0.0,0.0,0.0,0.0,189.55
0.0,0.0,69.0,3.0,134.0,213.63,0.0,0.0,0.0,0.0,261.38
0.0,0.0,62.0,3.0,118.0,206.91,0.0,0.0,0.0,0.0,237.53
0.0,0.0,45.0,10.0,353.0,2768.64,0.0,20.0,116.0,0.0,2905.53
0.0,0.0,69.0,3.0,137.0,250.59,0.0,0.0,0.0,0.0,255.57
0.0,0.0,80.0,3.0,254.0,179.96,0.0,0.0,0.0,0.0,262.76
0.0,0.0,59.0,6.0,552.0,95.9,0.0,0.0,0.0,0.0,194.36
0.0,0.0,15.0,8.0,231.0,1819.42,0.0,0.0,8.0,0.0,1843.24
0.0,0.0,23.0,3.0,96.0,487.93,0.0,0.0,0.0,0.0,1132.78
0.0,0.0,59.0,6.0,566.0,203.53,0.0,0.0,0.0,0.0,203.53
0.0,0.0,45.0,10.0,465.0,2779.0,4.0,40.0,413.0,0.0,3125.59
0.0,0.0,43.0,8.0,552.0,95.9,0.0,0.0,0.0,0.0,95.9
0.0,0.0,33.0,3.0,129.0,224.2,0.0,0.0,0.0,0.0,231.18
0.0,0.0,73.0,6.0,8.0,204.74,0.0,0.0,0.0,0.0,210.95
0.0,0.0,34.0,10.0,716.0,1289.39,0.0,0.0,24.0,0.0,1289.39
0.0,0.0,75.0,8.0,497.0,151.33,0.0,0.0,0.0,0.0,211.72
0.0,0.0,33.0,3.0,127.0,221.29,0.0,0.0,0.0,0.0,300.37
0.0,0.0,45.0,10.0,699.0,2156.85,0.0,0.0,28.0,0.0,2527.55
0.0,0.0,27.0,2.0,817.0,184.94,0.0,0.0,0.0,0.0,184.94
0.0,0.0,43.0,8.0,556.0,74.79,0.0,0.0,0.0,0.0,75.62
0.0,0.0,59.0,6.0,618.0,175.29,0.0,0.0,0.0,0.0,207.52
0.0,0.0,74.0,8.0,537.0,349.69,0.0,0.0,0.0,0.0,387.71
0.0,0.0,80.0,3.0,158.0,242.88,0.0,0.0,0.0,0.0,242.88
0.0,0.0,64.0,6.0,31.0,230.5,0.0,0.0,0.0,0.0,918.72
0.0,0.0,45.0,10.0,713.0,2326.72,0.0,8.0,44.0,0.0,2641.72
0.0,0.0,72.0,3.0,163.0,167.46,0.0,0.0,0.0,0.0,662.55
0.0,0.0,63.0,2.0,378.0,570.28,0.0,0.0,0.0,0.0,1863.9
0.0,1.0,37.0,1.0,423.0,1817.25,0.0,44.0,321.0,0.0,1895.82
0.0,0.0,67.0,1.0,750.0,316.31,0.0,0.0,0.0,0.0,414.02
0.0,0.0,62.0,3.0,84.0,200.93,0.0,0.0,0.0,0.0,264.07
0.0,0.0,82.0,8.0,523.0,366.39,0.0,0.0,0.0,0.0,493.55
0.0,0.0,0.0,2.0,388.0,676.04,0.0,0.0,0.0,0.0,772.8
0.0,0.0,26.0,8.0,642.0,922.28,0.0,0.0,0.0,0.0,922.28
0.0,0.0,74.0,8.0,585.0,366.04,0.0,0.0,0.0,0.0,366.04
0.0,0.0,68.0,3.0,215.0,250.01,0.0,0.0,0.0,0.0,596.82
0.0,0.0,62.0,3.0,84.0,200.93,0.0,0.0,0.0,0.0,264.97
0.0,0.0,69.0,3.0,138.0,253.68,0.0,0.0,0.0,0.0,256.83
0.0,0.0,9.0,8.0,280.0,144.31,0.0,0.0,0.0,0.0,188.51
0.0,0.0,28.0,1.0,803.0,452.44,0.0,0.0,0.0,0.0,466.24
0.0,0.0,62.0,3.0,114.0,232.81,0.0,0.0,0.0,0.0,281.81
0.0,0.0,32.0,6.0,563.0,754.29,0.0,0.0,0.0,0.0,766.05
0.0,0.0,78.0,5.0,726.0,2277.06,0.0,16.0,56.0,0.0,2769.93
0.0,0.0,45.0,10.0,356.0,2686.82,0.0,12.0,72.0,0.0,2686.82
0.0,0.0,25.0,8.0,503.0,906.7,0.0,0.0,0.0,0.0,946.78
0.0,0.0,78.0,5.0,220.0,2862.87,0.0,16.0,144.0,0.0,3022.13
0.0,0.0,13.0,5.0,179.0,2045.1,0.0,12.0,161.0,0.0,2045.1
0.0,0.0,15.0,8.0,225.0,1917.85,0.0,0.0,12.0,0.0,1997.84
0.0,0.0,12.0,5.0,170.0,1128.26,0.0,0.0,4.0,0.0,1898.56
0.0,0.0,15.0,8.0,230.0,1545.2,0.0,0.0,0.0,0.0,1545.2
0.0,0.0,32.0,6.0,573.0,861.15,0.0,0.0,4.0,0.0,883.34
0.0,0.0,68.0,3.0,241.0,595.94,0.0,0.0,0.0,0.0,728.43
0.0,0.0,29.0,10.0,327.0,1119.0,0.0,4.0,20.0,0.0,1272.64
0.0,0.0,34.0,10.0,712.0,1158.67,0.0,0.0,16.0,0.0,1175.57
0.0,0.0,62.0,3.0,104.0,220.69,0.0,0.0,0.0,0.0,273.74
0.0,0.0,15.0,8.0,736.0,1603.14,0.0,0.0,4.0,0.0,1689.21
0.0,0.0,31.0,3.0,123.0,105.62,0.0,0.0,0.0,0.0,114.77
0.0,0.0,43.0,8.0,500.0,76.52,0.0,0.0,0.0,0.0,92.46
0.0,0.0,61.0,1.0,433.0,585.38,0.0,0.0,0.0,0.0,832.09
0.0,0.0,27.0,2.0,832.0,169.94,0.0,0.0,0.0,0.0,210.32
0.0,0.0,45.0,10.0,711.0,2436.65,0.0,8.0,28.0,0.0,2547.74
0.0,0.0,29.0,10.0,344.0,1061.64,0.0,0.0,4.0,0.0,1182.51
0.0,0.0,67.0,1.0,763.0,369.88,0.0,0.0,0.0,0.0,424.61
0.0,1.0,22.0,2.0,315.0,2386.66,8.0,248.0,265.0,0.0,2484.91
0.0,0.0,57.0,3.0,134.0,213.63,0.0,0.0,0.0,0.0,357.28
0.0,0.0,30.0,9.0,365.0,1288.58,0.0,24.0,92.0,0.0,1358.01
0.0,0.0,59.0,6.0,606.0,118.97,0.0,0.0,0.0,0.0,232.0
0.0,0.0,29.0,10.0,344.0,1061.64,0.0,0.0,4.0,0.0,1118.02
0.0,0.0,69.0,3.0,139.0,276.99,0.0,0.0,0.0,0.0,278.85
0.0,0.0,43.0,8.0,546.0,88.41,0.0,0.0,0.0,0.0,88.94
0.0,0.0,82.0,8.0,649.0,422.72,0.0,0.0,0.0,0.0,469.25
0.0,0.0,75.0,8.0,530.0,146.01,0.0,0.0,0.0,0.0,233.11
0.0,0.0,67.0,1.0,811.0,407.64,0.0,0.0,0.0,0.0,409.23
0.0,0.0,12.0,5.0,167.0,2178.2,4.0,0.0,48.0,0.0,2338.88
0.0,1.0,37.0,1.0,425.0,1781.4,0.0,44.0,423.0,0.0,1829.55
0.0,0.0,43.0,8.0,542.0,88.46,0.0,0.0,0.0,0.0,113.09
0.0,0.0,74.0,8.0,537.0,349.69,0.0,0.0,0.0,0.0,386.8
0.0,0.0,17.0,3.0,116.0,414.37,0.0,0.0,0.0,0.0,488.88
0.0,0.0,68.0,3.0,207.0,619.19,0.0,0.0,8.0,0.0,769.56
0.0,0.0,68.0,3.0,204.0,596.2,0.0,0.0,0.0,0.0,759.18
0.0,0.0,73.0,6.0,25.0,166.59,0.0,0.0,0.0,0.0,215.3
0.0,0.0,67.0,1.0,764.0,390.87,0.0,0.0,4.0,0.0,464.55
0.0,0.0,73.0,6.0,8.0,204.74,0.0,0.0,0.0,0.0,282.21
0.0,0.0,78.0,5.0,479.0,2951.98,4.0,52.0,306.0,0.0,3301.11
0.0,0.0,73.0,6.0,9.0,204.15,0.0,0.0,0.0,0.0,204.77
0.0,0.0,93.0,1.0,442.0,958.0,0.0,0.0,20.0,0.0,958.0
0.0,0.0,78.0,5.0,450.0,2879.39,4.0,28.0,324.0,0.0,3355.83
0.0,0.0,34.0,10.0,591.0,962.24,0.0,0.0,0.0,0.0,1105.59
0.0,0.0,73.0,6.0,25.0,166.59,0.0,0.0,0.0,0.0,216.57
0.0,0.0,76.0,3.0,106.0,221.5,0.0,0.0,0.0,0.0,306.89
0.0,0.0,32.0,6.0,586.0,815.82,0.0,0.0,0.0,0.0,934.12
0.0,0.0,67.0,1.0,748.0,282.68,0.0,0.0,0.0,0.0,330.44
0.0,0.0,69.0,3.0,135.0,276.26,0.0,0.0,0.0,0.0,326.92
0.0,0.0,34.0,10.0,573.0,861.15,0.0,0.0,4.0,0.0,1025.97
0.0,0.0,59.0,6.0,620.0,145.1,0.0,0.0,0.0,0.0,227.89
0.0,0.0,74.0,8.0,709.0,442.82,0.0,0.0,4.0,0.0,486.9
0.0,0.0,44.0,8.0,633.0,284.37,0.0,0.0,0.0,0.0,345.94
0.0,0.0,0.0,2.0,828.0,411.81,0.0,0.0,0.0,0.0,426.27
0.0,0.0,9.0,8.0,267.0,138.48,0.0,0.0,0.0,0.0,157.34
0.0,0.0,44.0,8.0,632.0,358.38,0.0,0.0,0.0,0.0,464.61
0.0,0.0,67.0,1.0,791.0,372.32,0.0,0.0,0.0,0.0,444.02
0.0,0.0,75.0,8.0,508.0,180.6,0.0,0.0,0.0,0.0,235.14
0.0,0.0,62.0,3.0,118.0,206.91,0.0,0.0,0.0,0.0,238.63
0.0,0.0,25.0,8.0,533.0,995.28,0.0,0.0,0.0,0.0,1055.79
0.0,0.0,15.0,8.0,206.0,720.2,0.0,0.0,20.0,0.0,1782.92
0.0,0.0,62.0,3.0,113.0,186.49,0.0,0.0,0.0,0.0,285.03
0.0,0.0,0.0,2.0,829.0,535.48,0.0,0.0,0.0,0.0,708.55
0.0,0.0,59.0,6.0,614.0,196.9,0.0,0.0,0.0,0.0,201.98
0.0,0.0,73.0,6.0,25.0,166.59,0.0,0.0,0.0,0.0,166.59
0.0,0.0,62.0,3.0,111.0,71.67,0.0,0.0,0.0,0.0,179.25
0.0,0.0,93.0,1.0,438.0,993.14,0.0,0.0,44.0,0.0,1020.58
0.0,1.0,11.0,5.0,480.0,2968.87,12.0,56.0,449.0,0.0,3133.88
0.0,0.0,69.0,3.0,215.0,250.01,0.0,0.0,0.0,0.0,335.35
0.0,1.0,71.0,9.0,352.0,2108.57,8.0,195.0,323.0,0.0,2749.78
0.0,0.0,57.0,3.0,136.0,225.71,0.0,0.0,0.0,0.0,301.84
0.0,0.0,63.0,2.0,372.0,1684.74,0.0,0.0,0.0,0.0,1684.74
0.0,0.0,15.0,8.0,657.0,851.14,0.0,0.0,0.0,0.0,1351.98
0.0,0.0,78.0,5.0,730.0,2250.57,0.0,12.0,76.0,0.0,2643.55
0.0,0.0,15.0,8.0,219.0,1972.08,0.0,0.0,44.0,0.0,1988.6
0.0,1.0,11.0,5.0,481.0,2738.12,4.0,60.0,403.0,0.0,2788.71
0.0,0.0,62.0,3.0,106.0,221.5,0.0,0.0,0.0,0.0,247.44
0.0,0.0,45.0,10.0,359.0,3048.7,0.0,28.0,289.0,0.0,3356.67
0.0,0.0,22.0,2.0,312.0,2455.8,12.0,190.0,222.0,0.0,2501.88
0.0,0.0,81.0,0.0,489.0,6047.83,40.0,259.0,124.0,7.0,6251.15
0.0,0.0,70.0,3.0,87.0,173.5,0.0,0.0,0.0,0.0,215.69
0.0,0.0,75.0,8.0,529.0,183.56,0.0,0.0,0.0,0.0,238.62
0.0,0.0,63.0,2.0,296.0,1194.79,0.0,12.0,89.0,0.0,2037.63
0.0,0.0,24.0,8.0,699.0,2156.85,0.0,4.0,28.0,0.0,2204.9
0.0,0.0,68.0,3.0,204.0,596.2,0.0,0.0,4.0,0.0,790.32
0.0,0.0,45.0,10.0,347.0,3301.75,0.0,32.0,278.0,0.0,3370.74
1.0,0.0,22.0,2.0,316.0,2530.54,103.0,186.0,140.0,1.0,2740.94
0.0,1.0,22.0,2.0,304.0,2281.32,4.0,56.0,397.0,0.0,2328.71
0.0,0.0,73.0,6.0,30.0,215.21,0.0,0.0,0.0,0.0,220.34
0.0,0.0,75.0,8.0,502.0,65.66,0.0,0.0,0.0,0.0,220.33
0.0,0.0,12.0,5.0,182.0,786.6,4.0,0.0,60.0,0.0,2321.62
0.0,0.0,59.0,6.0,596.0,190.72,0.0,0.0,0.0,0.0,205.87
0.0,0.0,59.0,6.0,620.0,145.1,0.0,0.0,0.0,0.0,188.69
0.0,0.0,45.0,10.0,358.0,2683.53,4.0,16.0,97.0,0.0,2884.55
0.0,0.0,75.0,8.0,616.0,160.04,0.0,0.0,0.0,0.0,179.43
0.0,0.0,25.0,8.0,520.0,402.64,0.0,0.0,0.0,0.0,1373.45
0.0,0.0,67.0,1.0,758.0,355.2,0.0,0.0,0.0,0.0,364.26
0.0,0.0,67.0,1.0,747.0,196.17,0.0,0.0,0.0,0.0,333.32
0.0,0.0,80.0,3.0,254.0,179.96,0.0,0.0,0.0,0.0,200.86
0.0,0.0,0.0,2.0,825.0,419.75,0.0,0.0,0.0,0.0,513.83
0.0,0.0,74.0,8.0,581.0,374.14,0.0,0.0,0.0,0.0,410.3
0.0,0.0,20.0,9.0,336.0,1277.97,0.0,0.0,32.0,0.0,1487.54
0.0,0.0,79.0,9.0,37.0,701.34,0.0,0.0,0.0,0.0,701.34
0.0,0.0,33.0,3.0,154.0,216.03,0.0,0.0,0.0,0.0,247.49
0.0,0.0,74.0,8.0,508.0,180.6,0.0,0.0,0.0,0.0,356.16
0.0,0.0,17.0,3.0,99.0,455.74,0.0,0.0,0.0,0.0,478.56
0.0,0.0,28.0,1.0,755.0,469.42,0.0,0.0,0.0,0.0,500.06
0.0,0.0,17.0,3.0,114.0,232.81,0.0,0.0,0.0,0.0,509.68
0.0,0.0,30.0,9.0,362.0,1110.53,0.0,8.0,79.0,0.0,1218.19
0.0,0.0,61.0,1.0,435.0,718.02,0.0,0.0,0.0,0.0,841.99
0.0,0.0,60.0,3.0,287.0,1106.83,0.0,0.0,0.0,0.0,1111.7
0.0,0.0,58.0,6.0,60.0,128.68,0.0,0.0,0.0,0.0,128.8
0.0,0.0,17.0,3.0,113.0,186.49,0.0,0.0,0.0,0.0,447.74
0.0,0.0,9.0,8.0,281.0,48.2,0.0,0.0,0.0,0.0,145.61
0.0,0.0,59.0,6.0,595.0,172.29,0.0,0.0,0.0,0.0,172.29
0.0,0.0,28.0,1.0,755.0,469.42,0.0,0.0,0.0,0.0,514.67
0.0,0.0,25.0,8.0,685.0,766.87,0.0,0.0,0.0,0.0,1139.91
0.0,0.0,43.0,8.0,500.0,76.52,0.0,0.0,0.0,0.0,76.52
0.0,0.0,28.0,1.0,747.0,196.17,0.0,0.0,0.0,0.0,441.26
0.0,0.0,59.0,6.0,609.0,176.29,0.0,0.0,0.0,0.0,195.78
0.0,0.0,58.0,6.0,67.0,138.78,0.0,0.0,0.0,0.0,192.85
0.0,0.0,70.0,3.0,112.0,212.6,0.0,0.0,0.0,0.0,214.36
0.0,1.0,88.0,9.0,299.0,1427.43,8.0,47.0,406.0,0.0,1811.18
0.0,0.0,75.0,8.0,618.0,175.29,0.0,0.0,0.0,0.0,176.52
0.0,0.0,30.0,9.0,360.0,1229.98,0.0,16.0,92.0,0.0,1277.61
0.0,1.0,78.0,5.0,481.0,2738.12,4.0,69.0,432.0,0.0,3432.78
0.0,0.0,72.0,3.0,158.0,242.88,0.0,0.0,0.0,0.0,720.34
0.0,0.0,30.0,9.0,365.0,1288.58,0.0,20.0,100.0,0.0,1405.82
0.0,0.0,25.0,8.0,504.0,119.86,0.0,0.0,0.0,0.0,920.75
0.0,0.0,28.0,1.0,760.0,408.73,0.0,0.0,4.0,0.0,627.33
0.0,1.0,86.0,10.0,469.0,2953.58,8.0,92.0,477.0,0.0,3195.2
0.0,0.0,43.0,8.0,683.0,87.26,0.0,0.0,0.0,0.0,120.46
0.0,0.0,59.0,6.0,616.0,160.04,0.0,0.0,0.0,0.0,280.05
0.0,0.0,25.0,8.0,658.0,924.46,0.0,0.0,0.0,0.0,1168.59
0.0,0.0,74.0,8.0,508.0,180.6,0.0,0.0,0.0,0.0,394.52
0.0,0.0,74.0,8.0,705.0,335.27,0.0,0.0,0.0,0.0,423.1
0.0,0.0,63.0,2.0,401.0,616.6,0.0,0.0,12.0,0.0,1983.98
0.0,0.0,67.0,1.0,786.0,329.49,0.0,0.0,0.0,0.0,329.49
0.0,0.0,58.0,6.0,60.0,128.68,0.0,0.0,0.0,0.0,129.04
0.0,0.0,28.0,1.0,807.0,463.22,0.0,0.0,0.0,0.0,463.22
0.0,0.0,67.0,1.0,752.0,359.22,0.0,0.0,0.0,0.0,363.92
0.0,0.0,28.0,1.0,795.0,379.88,0.0,0.0,0.0,0.0,546.13
0.0,0.0,68.0,3.0,235.0,681.8,0.0,0.0,0.0,0.0,761.6
0.0,0.0,86.0,10.0,742.0,2344.08,4.0,16.0,173.0,0.0,2730.11
0.0,0.0,68.0,3.0,206.0,720.2,0.0,0.0,12.0,0.0,720.2
0.0,0.0,0.0,2.0,76.0,529.75,0.0,0.0,0.0,0.0,533.0
0.0,0.0,57.0,3.0,121.0,242.62,0.0,0.0,0.0,0.0,397.69
0.0,0.0,62.0,3.0,256.0,200.36,0.0,0.0,0.0,0.0,200.78
0.0,0.0,32.0,6.0,564.0,825.28,0.0,0.0,0.0,0.0,825.28
0.0,0.0,28.0,1.0,756.0,293.11,0.0,0.0,0.0,0.0,380.84
0.0,0.0,15.0,8.0,737.0,1696.46,0.0,0.0,8.0,0.0,2021.52
0.0,0.0,67.0,1.0,780.0,331.61,0.0,0.0,0.0,0.0,354.45
0.0,0.0,25.0,8.0,694.0,899.37,0.0,0.0,0.0,0.0,929.8
0.0,0.0,45.0,10.0,356.0,2686.82,0.0,4.0,52.0,0.0,2700.51
0.0,0.0,67.0,1.0,792.0,355.35,0.0,0.0,0.0,0.0,390.88
0.0,0.0,26.0,8.0,695.0,845.64,0.0,0.0,0.0,0.0,907.67
0.0,0.0,27.0,2.0,394.0,175.28,0.0,0.0,8.0,0.0,204.91
0.0,0.0,9.0,8.0,263.0,146.41,0.0,0.0,0.0,0.0,149.0
0.0,0.0,0.0,2.0,822.0,557.25,0.0,0.0,0.0,0.0,729.57
0.0,0.0,66.0,2.0,378.0,570.28,0.0,0.0,0.0,0.0,571.98
0.0,0.0,59.0,6.0,596.0,190.72,0.0,0.0,0.0,0.0,260.4
0.0,0.0,26.0,8.0,653.0,892.05,0.0,0.0,0.0,0.0,1093.83
0.0,0.0,73.0,6.0,1.0,198.02,0.0,0.0,0.0,0.0,201.59
