n_university_in_1km_to_2km,near_AEON_Mall_2_in_km,n_hospital_in_3km_to_5km,n_atm_in_1km,n_hotel_in_1km_to_2km,n_university_in_2km_to_3km,near_Phnom_Penh_Airport_in_km,n_borey_5km,n_cafe_5km,n_cafe_in_1km,address_line_2,n_bank_in_1km,n_university_in_3km_to_5km,n_hotel_in_1km,n_university_in_1km,n_pre_school_in_1km,nearest_atm,h_id,n_super_market_in_1km,near_Koh_Pich_in_km,n_hotel_in_2km_to_3km,n_hospital_in_2km_to_3km,near_AEON_Mall_3_in_km,n_hospital_in_1km,price_per_m2
26,5,79,10,2,47,4,33,168,2,-1,5,31,1,4,1,0,-1,0,6,5,18,8,1,3357.98
4,8,83,10,2,10,8,31,143,4,-1,0,45,1,0,4,0,-1,2,3,5,17,4,0,3809.3
22,1,73,10,5,40,6,29,138,1,-1,0,36,1,2,5,0,-1,3,7,4,9,11,0,3437.03
35,2,80,10,5,18,6,30,169,6,-1,0,34,0,20,8,0,-1,4,6,5,16,10,1,3469.7
0,9,75,0,0,3,13,14,98,0,-1,0,20,0,0,0,0,-1,0,1,9,4,9,0,5442.34
6,8,41,25,19,13,10,20,156,15,-1,6,50,2,2,11,5,-1,4,1,32,40,6,4,3986.47
51,3,26,23,21,22,8,22,193,6,-1,6,36,1,3,6,16,-1,1,4,48,33,10,4,3858.68
19,5,51,15,1,51,6,28,182,5,-1,0,36,0,6,3,5,-1,3,4,7,50,7,4,3556.95
30,5,69,5,0,45,5,30,185,1,-1,0,33,1,4,4,0,-1,2,5,4,31,7,0,3512.9
9,6,83,5,1,23,5,32,153,7,-1,0,65,0,2,2,0,-1,2,6,3,9,7,0,3317.34
8,7,92,0,0,16,6,29,157,0,-1,0,75,0,1,1,0,-1,1,4,6,8,5,0,3325.76
15,6,55,20,1,44,6,27,179,3,-1,0,48,0,4,5,5,-1,1,4,5,50,7,4,3908.61
14,1,75,15,3,44,7,29,140,5,-1,0,37,1,3,5,0,-1,3,7,6,8,11,0,4079.86
20,5,45,20,1,50,6,28,182,5,-1,0,37,0,6,3,5,-1,4,4,10,53,7,5,3718.54
29,3,73,10,5,29,4,32,144,2,-1,0,30,0,6,0,0,-1,1,7,6,5,10,2,3142.84
11,7,36,45,13,10,9,28,163,15,-1,0,59,1,2,11,5,-1,6,2,30,49,6,7,4427.46
7,4,37,42,39,29,9,18,160,7,-1,1,55,5,1,1,0,-1,1,4,25,51,11,7,4226.76
45,2,77,10,5,20,5,32,153,2,-1,0,29,1,10,5,0,-1,2,6,5,12,10,1,3264.27
47,4,52,20,1,33,6,28,184,5,-1,0,27,1,6,4,0,-1,0,5,10,39,8,1,3670.4
11,6,12,101,26,12,10,10,173,7,-1,7,61,18,4,3,116,-1,6,2,6,26,9,14,2976.01
3,7,72,0,0,11,5,35,121,4,-1,0,76,0,2,2,0,-1,1,6,1,7,6,0,3299.32
41,4,25,15,3,36,6,26,191,14,-1,0,23,0,12,5,5,-1,3,4,22,45,8,3,3952.15
15,6,33,0,4,50,7,25,179,7,-1,5,42,0,5,7,20,-1,2,4,13,57,7,1,3665.32
12,5,83,5,1,48,5,29,169,4,-1,0,44,0,5,1,0,-1,1,5,3,13,7,0,3616.06
11,7,70,10,1,12,7,24,165,3,-1,0,73,0,3,6,0,-1,3,4,7,33,6,3,3641.31
46,2,76,10,3,20,6,26,161,13,-1,5,37,1,3,10,5,-1,7,6,7,19,11,1,4022.95
28,2,70,20,6,18,6,29,175,8,-1,0,33,0,29,8,0,-1,2,6,5,28,10,2,3987.6
27,2,67,20,6,17,6,29,181,11,-1,0,33,0,31,9,0,-1,2,6,5,30,10,3,3639.2
6,8,51,15,12,13,9,24,158,9,-1,10,51,3,2,8,5,-1,3,2,15,40,6,5,2803.44
38,5,6,68,20,34,7,26,181,11,-1,43,31,0,8,7,16,-1,8,3,62,26,8,22,4178.67
19,5,22,25,4,47,7,23,179,12,-1,5,41,0,4,5,10,-1,2,4,23,52,7,5,4350.42
2,9,78,5,2,11,9,30,127,4,-1,0,29,1,0,2,0,-1,2,3,5,14,4,0,3586.3
33,1,76,0,4,28,6,28,145,4,-1,0,37,1,3,8,5,-1,4,7,6,11,11,0,3852.47
17,3,33,25,5,32,6,25,193,10,-1,5,27,1,19,9,5,-1,3,5,21,56,9,6,3683.72
10,7,47,30,9,13,9,28,164,16,-1,0,59,1,1,9,5,-1,6,2,16,44,6,3,3899.11
19,5,73,15,1,54,5,29,179,3,-1,0,36,0,1,1,0,-1,2,5,4,30,7,1,3542.14
9,6,81,15,0,14,6,29,168,3,-1,0,79,0,3,0,0,-1,2,4,6,22,6,3,3503.63
32,3,36,47,13,34,8,22,177,8,-1,10,36,3,2,3,5,-1,5,5,46,44,10,1,3645.96
29,5,20,25,5,43,7,26,181,5,-1,0,38,0,2,6,5,-1,1,4,21,48,7,7,3907.84
18,1,83,20,3,39,7,26,152,10,-1,5,36,1,5,7,0,-1,5,6,6,11,11,0,4126.46
3,1,79,10,3,27,8,23,130,4,-1,0,55,0,2,2,0,-1,2,6,6,5,12,0,3396.79
20,5,36,15,1,47,6,25,182,6,-1,5,39,0,7,7,10,-1,3,4,13,58,7,5,3215.66
15,5,83,5,1,61,5,32,171,4,-1,0,30,1,3,2,0,-1,1,6,4,17,7,0,3454.08
26,3,33,15,4,26,7,26,185,17,-1,5,31,2,20,9,15,-1,5,5,22,58,10,4,4161.51
12,6,75,10,0,20,6,27,173,2,-1,0,72,0,2,2,5,-1,1,5,5,31,6,4,3472.06
24,5,83,10,1,50,5,32,171,5,-1,5,32,1,3,3,0,-1,1,6,4,18,8,1,3390.51
50,4,32,15,2,32,6,29,184,3,-1,5,25,0,5,5,0,-1,2,4,17,46,8,2,3767.33
26,4,39,20,3,30,6,26,192,4,-1,0,21,1,27,3,10,-1,4,5,19,46,9,5,4085.8
5,8,73,20,4,11,8,30,159,9,-1,5,59,2,2,8,10,-1,4,3,9,22,5,0,4091.34
0,8,81,0,0,4,12,13,109,0,-1,0,23,0,0,0,0,-1,0,1,19,8,9,0,4655.9
25,3,31,34,21,37,8,21,178,6,-1,1,41,3,1,3,10,-1,5,4,45,43,10,3,4081.48
28,3,56,20,5,20,6,28,182,7,-1,0,27,0,23,6,0,-1,3,5,5,39,9,1,3645.37
9,6,78,15,0,17,6,28,169,3,-1,0,76,0,3,0,0,-1,3,4,6,26,6,3,3524.63
38,5,37,10,1,39,6,26,184,4,-1,5,32,0,4,3,5,-1,4,4,13,49,7,2,3834.56
4,8,72,20,3,12,8,30,155,8,-1,5,56,2,2,7,10,-1,3,3,10,23,5,0,3179.42
38,3,71,10,3,18,5,30,181,11,-1,0,27,1,19,5,5,-1,1,6,7,28,9,2,3865.48
50,4,77,10,2,26,5,33,180,6,-1,0,27,0,4,3,5,-1,3,6,6,23,8,3,3422.16
5,1,59,0,1,8,8,24,114,7,-1,10,70,0,0,3,0,-1,1,7,4,1,13,0,3269.61
21,5,51,20,1,51,6,29,182,4,-1,0,35,0,7,3,0,-1,3,4,7,48,7,3,3672.84
7,8,73,10,3,12,8,29,155,7,-1,0,61,1,0,6,10,-1,4,3,8,22,5,0,3987.16
39,3,69,10,3,20,5,29,183,11,-1,0,26,1,24,5,10,-1,2,6,6,30,9,2,3591.05
48,4,51,20,1,31,6,28,185,5,-1,0,28,1,6,4,0,-1,0,5,10,40,8,1,3549.48
29,3,18,15,11,30,7,26,194,11,-1,6,29,1,15,4,15,-1,3,4,54,46,9,6,3631.44
25,3,34,15,4,26,7,26,186,17,-1,0,32,2,16,10,15,-1,4,5,21,57,10,4,3414.15
55,4,77,10,2,23,5,33,180,5,-1,0,25,0,4,3,5,-1,3,6,6,23,8,4,3813.96
47,4,52,15,1,24,6,29,186,9,-1,0,28,1,10,4,10,-1,0,5,8,42,8,2,3283.91
9,7,83,10,1,14,7,29,157,1,-1,0,74,0,2,2,0,-1,2,4,6,17,5,1,3496.18
36,3,76,5,3,19,5,31,181,10,-1,0,26,1,27,4,5,-1,0,6,7,22,9,2,3218.28
7,4,35,42,39,29,9,18,157,8,-1,1,54,6,1,1,5,-1,1,4,25,51,11,6,4032.22
5,8,72,10,9,9,10,20,132,8,-1,5,29,1,1,2,0,-1,1,1,11,22,6,1,2943.81
25,2,69,10,6,16,6,28,178,11,-1,0,36,1,30,10,0,-1,3,6,4,29,10,4,3585.42
41,2,78,5,5,21,5,32,154,1,-1,0,30,1,10,2,5,-1,3,6,6,11,10,1,3822.06
24,3,20,20,4,35,7,26,192,9,-1,1,22,0,18,6,10,-1,2,4,34,54,9,5,3948.61
8,7,49,30,5,18,8,24,171,14,-1,0,70,1,4,10,10,-1,7,3,10,47,6,3,4168.86
6,0,59,5,3,24,7,27,126,5,-1,5,60,0,1,2,0,-1,2,7,4,2,12,0,3349.66
37,3,34,47,16,31,8,21,181,7,-1,10,35,3,3,4,5,-1,3,4,48,39,10,2,3911.33
27,5,14,20,4,43,7,27,179,6,-1,0,38,0,5,4,5,-1,2,3,39,44,7,5,3922.63
49,5,31,10,2,30,6,28,184,3,-1,5,30,0,4,5,0,-1,3,4,18,47,8,2,3889.69
11,5,17,152,17,12,10,14,166,16,-1,30,65,32,2,3,110,-1,11,3,14,37,10,17,2870.66
21,4,27,10,3,36,6,26,196,9,-1,0,21,1,30,4,15,-1,3,5,23,49,9,5,3566.92
36,3,26,27,24,34,8,20,186,6,-1,1,33,2,3,5,17,-1,0,4,43,36,10,2,3960.09
11,6,66,25,2,15,7,24,175,6,-1,0,75,0,2,7,0,-1,3,4,7,38,6,3,3635.2
13,5,77,5,1,49,5,29,173,1,-1,0,43,0,4,1,5,-1,1,5,4,28,7,1,3470.45
25,3,46,25,5,23,6,28,187,4,-1,0,27,1,15,8,5,-1,3,5,11,43,9,4,3620.86
10,7,57,30,6,17,7,23,167,13,-1,0,69,0,3,8,5,-1,3,3,8,42,6,3,4075.03
11,1,26,0,2,34,5,30,100,3,-1,5,40,3,0,3,0,-1,1,8,3,5,12,0,3092.73
28,3,22,15,11,27,7,26,193,10,-1,6,29,1,18,5,10,-1,3,4,48,50,9,6,4028.53
6,1,76,10,3,46,7,26,136,4,-1,0,40,1,2,4,0,-1,3,7,6,7,12,0,4181.52
36,3,21,32,12,30,7,25,195,12,-1,12,30,0,16,5,10,-1,5,4,56,41,9,5,3865.39
47,3,35,30,5,24,7,23,179,15,-1,5,35,4,6,9,5,-1,8,5,36,52,10,2,4267.94
40,3,80,10,4,19,5,31,172,8,-1,0,26,1,10,5,0,-1,3,6,7,20,10,2,3515.89
18,5,52,20,1,52,6,30,182,5,-1,0,36,0,7,4,0,-1,3,4,7,49,7,3,4872.19
47,2,75,5,5,16,6,29,163,3,-1,0,35,0,7,10,5,-1,4,6,5,17,11,1,3324.47
2,8,78,10,2,10,8,31,138,4,-1,0,38,1,0,2,0,-1,2,3,5,16,4,0,3759.76
11,7,30,40,16,13,9,26,162,11,-1,6,57,2,3,7,10,-1,9,2,35,50,6,6,3991.84
7,0,53,5,1,16,7,26,124,3,-1,5,65,0,0,2,0,-1,3,7,6,2,12,0,3390.68
36,1,75,25,3,24,7,26,159,13,-1,5,39,2,6,12,0,-1,6,6,7,21,11,1,3940.29
15,5,84,5,1,59,5,32,176,3,-1,0,32,1,3,2,0,-1,2,5,4,17,7,0,3270.11
9,3,62,15,10,39,8,21,148,1,-1,0,49,0,1,3,5,-1,0,5,34,36,11,0,3580.15
44,1,76,5,2,23,6,27,155,10,-1,0,37,1,1,10,5,-1,6,6,7,18,11,1,3349.35
42,5,6,72,16,33,7,26,184,9,-1,38,31,0,7,7,5,-1,4,3,65,32,8,19,3915.51
26,5,82,0,1,50,5,32,172,4,-1,0,31,1,3,4,5,-1,3,6,4,17,8,0,3693.16
20,3,33,20,4,28,7,26,187,17,-1,5,30,2,21,10,10,-1,4,5,21,58,10,5,4143.04
33,4,44,20,4,31,6,26,193,13,-1,0,26,0,18,4,5,-1,3,5,18,40,8,4,2031.02
15,6,36,10,3,49,6,24,180,5,-1,5,42,0,6,7,15,-1,3,4,11,59,7,1,3863.51
10,1,73,5,5,47,7,28,133,3,-1,5,34,0,1,1,0,-1,3,7,5,6,12,0,3328.92
36,2,60,20,3,23,7,26,177,9,-1,10,35,3,14,9,5,-1,5,5,14,40,10,0,4141.18
6,8,84,10,2,13,8,29,150,7,-1,0,59,0,0,5,5,-1,5,3,7,17,5,0,4596.97
7,4,27,75,51,25,9,16,162,12,-1,1,55,6,2,2,5,-1,3,4,12,49,10,7,4073.91
44,5,7,35,20,31,7,27,184,11,-1,12,30,0,6,3,50,-1,6,3,63,27,8,26,4253.88
2,9,77,0,2,8,9,29,126,2,-1,0,28,1,0,1,0,-1,1,3,5,13,4,0,3565.97
31,3,30,31,23,37,8,20,181,5,-1,1,36,3,2,5,17,-1,1,4,43,38,10,2,3852.78
12,6,61,15,1,19,7,23,176,4,-1,0,71,0,2,7,5,-1,4,4,8,43,6,2,3639.58
7,8,50,20,14,12,10,21,154,13,-1,15,45,2,1,7,5,-1,4,1,23,39,6,3,3828.25
36,3,82,10,5,18,5,31,164,5,-1,0,28,0,21,2,0,-1,3,6,7,13,10,3,3370.92
12,1,77,15,3,43,7,26,149,11,-1,0,38,1,5,7,0,-1,5,6,6,11,11,0,3400.65
10,0,65,5,5,45,6,29,130,1,-1,5,36,0,0,0,0,-1,1,7,3,4,12,0,3371.77
15,4,17,153,52,50,9,18,181,21,-1,37,33,13,5,1,24,-1,11,3,14,20,10,26,4404.89
15,6,14,35,7,51,7,22,176,12,-1,5,36,2,4,7,5,-1,3,3,54,30,7,9,2616.22
16,1,73,10,6,44,6,30,134,1,-1,0,33,0,2,2,0,-1,2,7,4,8,12,0,3488.35
42,4,59,20,1,25,5,29,187,10,-1,0,27,0,14,4,5,-1,0,5,7,38,8,1,3245.1
20,5,68,10,1,53,5,30,182,3,-1,0,34,0,5,2,0,-1,3,5,6,32,7,1,3401.7
4,8,61,15,6,11,9,28,157,8,-1,10,52,2,1,9,5,-1,7,2,12,36,5,0,3383.48
38,3,79,10,5,17,5,31,165,6,-1,0,28,0,19,3,0,-1,3,6,6,16,10,3,4065.08
42,1,77,0,5,23,6,27,149,6,-1,0,39,1,1,10,5,-1,5,6,5,10,11,0,3340.13
45,2,80,5,5,19,6,33,154,2,-1,0,33,1,9,6,5,-1,2,6,5,7,11,0,3322.86
7,0,56,0,4,40,7,27,129,5,-1,5,43,0,0,0,5,-1,0,7,4,2,12,0,3366.78
49,4,9,31,8,32,7,28,187,8,-1,6,23,0,7,7,0,-1,2,4,45,46,8,10,4411.53
36,5,16,20,5,37,7,27,179,4,-1,0,37,0,2,3,5,-1,0,4,27,47,7,5,4555.59
4,7,84,5,0,12,6,33,130,6,-1,0,75,0,5,3,0,-1,2,5,1,5,6,0,3464.72
7,7,90,5,0,15,6,31,141,4,-1,0,72,0,3,3,0,-1,2,5,2,6,6,0,3516.51
22,4,38,10,4,36,6,26,193,12,-1,0,22,0,26,5,10,-1,3,5,19,40,8,5,4007.19
17,5,53,20,1,51,6,27,181,4,-1,0,40,0,4,4,5,-1,2,4,6,49,7,4,3151.21
1,9,73,0,2,6,10,24,121,1,-1,5,27,2,0,1,0,-1,0,3,2,11,4,0,4508.64
26,4,20,20,4,35,7,26,194,12,-1,1,22,0,18,7,10,-1,2,4,42,51,9,6,3591.89
35,3,18,50,12,29,7,25,195,8,-1,11,31,0,19,4,5,-1,7,4,59,40,9,9,3888.18
15,5,49,20,1,49,6,27,180,5,-1,0,42,0,6,5,5,-1,2,4,7,51,7,5,3663.95
29,4,13,20,6,36,7,26,191,11,-1,1,23,1,25,4,5,-1,2,4,48,48,8,9,3915.33
46,2,76,15,3,21,6,26,162,11,-1,10,36,1,3,10,0,-1,6,6,7,19,11,1,3843.85
45,2,78,5,5,21,6,33,154,2,-1,0,31,1,9,7,5,-1,2,6,5,11,10,0,3842.03
4,1,75,10,4,36,7,24,129,3,-1,5,49,0,4,4,0,-1,2,7,4,2,12,0,3339.93
7,8,61,10,12,11,10,21,146,10,-1,15,41,2,1,3,0,-1,2,1,16,28,6,1,3182.41
40,1,82,5,1,25,6,27,153,10,-1,0,37,2,3,12,5,-1,7,6,8,11,11,1,3986.58
9,5,21,148,32,16,9,15,170,17,-1,31,61,23,5,3,36,-1,9,3,15,41,10,9,3026.69
25,2,67,25,6,17,6,29,183,12,-1,0,32,1,32,10,0,-1,4,6,5,31,10,3,3774.49
23,4,20,15,3,34,6,26,192,9,-1,1,22,1,29,4,10,-1,2,4,31,53,9,8,4117.27
4,1,76,10,3,26,8,24,125,2,-1,0,55,0,4,3,0,-1,2,7,4,3,12,0,4021.2
12,6,70,15,1,13,7,26,173,3,-1,0,75,0,3,5,0,-1,4,4,7,33,6,3,3635.69
38,3,78,10,5,18,5,31,169,7,-1,0,27,0,19,2,0,-1,3,6,7,18,10,3,4153.57
44,4,15,25,3,35,6,27,189,9,-1,5,22,0,11,10,0,-1,4,4,31,47,8,8,4117.84
42,2,55,15,3,24,7,23,169,4,-1,0,39,1,3,10,5,-1,5,5,19,48,11,1,4201.65
7,7,86,0,0,12,6,33,130,0,-1,0,73,0,1,1,0,-1,0,5,1,5,5,0,3264.08
10,7,77,10,1,11,7,26,162,3,-1,0,77,0,3,4,0,-1,4,4,6,25,6,3,3492.13
46,1,77,0,5,21,6,29,151,4,-1,0,37,1,1,9,5,-1,2,6,5,10,11,0,3855.14
35,2,44,15,8,29,8,23,171,14,-1,5,39,2,3,6,10,-1,7,5,34,50,11,1,3653.89
4,7,86,5,0,16,6,33,135,5,-1,0,70,0,5,3,0,-1,1,5,2,6,6,0,3295.91
15,5,75,5,1,54,5,28,175,4,-1,0,39,0,3,2,5,-1,1,5,5,30,7,1,3382.73
12,1,75,10,3,47,7,29,138,6,-1,0,35,1,1,4,0,-1,3,7,6,8,12,0,3980.74
45,4,7,69,15,27,7,26,189,15,-1,45,30,1,10,4,5,-1,3,4,63,39,8,22,3967.38
51,4,53,15,1,22,5,29,185,4,-1,0,29,1,7,3,5,-1,0,5,6,40,8,2,3723.3
5,1,80,5,3,43,8,24,138,4,-1,0,42,1,0,5,10,-1,3,6,6,11,12,0,3406.97
5,4,64,15,15,9,10,18,143,4,-1,5,69,1,1,1,10,-1,2,4,48,27,11,0,3801.66
10,3,45,30,16,34,9,18,162,5,-1,0,53,2,2,0,10,-1,1,4,49,51,11,1,4078.45
40,1,81,5,2,25,6,28,155,12,-1,0,38,2,3,12,5,-1,8,6,7,13,11,1,4113.87
1,8,81,15,3,12,9,30,146,10,-1,0,38,1,1,4,0,-1,2,3,6,17,5,0,3953.17
6,3,51,20,16,33,9,18,159,3,-1,0,55,1,2,0,10,-1,0,4,49,45,11,1,4001.74
8,1,75,5,3,43,7,26,142,6,-1,0,42,1,3,6,5,-1,4,6,6,10,12,0,4088.91
28,2,72,15,6,16,6,29,175,11,-1,0,36,1,26,11,0,-1,3,6,5,26,10,4,3981.37
5,4,58,15,29,11,10,17,149,2,-1,5,68,1,0,0,10,-1,1,4,35,34,11,2,3759.72
45,5,49,20,1,33,6,28,183,5,-1,0,28,1,7,4,0,-1,0,5,10,43,8,1,3614.01
38,3,56,10,3,24,5,28,190,7,-1,0,24,1,22,4,10,-1,2,5,5,39,9,1,3260.68
44,1,73,5,3,21,6,27,160,11,-1,0,37,1,3,13,5,-1,7,6,6,19,11,1,4089.75
30,4,13,66,9,33,7,25,193,13,-1,38,24,1,24,4,5,-1,2,4,60,46,9,13,3934.65
3,1,67,10,3,10,8,24,116,6,-1,10,69,0,2,2,0,-1,1,7,3,1,12,0,3327.95
43,3,32,30,17,26,8,20,186,6,-1,10,37,3,2,5,17,-1,1,4,49,40,10,1,3996.55
8,7,65,20,6,9,8,30,159,7,-1,5,64,1,1,6,10,-1,2,3,6,33,5,0,3215.01
1,9,59,0,2,3,10,20,107,1,-1,5,21,1,0,0,0,-1,0,3,2,8,4,0,4706.78
5,8,67,20,5,11,8,30,160,8,-1,5,62,2,2,8,10,-1,5,3,8,29,5,0,4050.53
10,7,26,35,6,17,8,28,172,19,-1,10,67,2,2,13,10,-1,4,2,33,54,6,6,4123.62
28,5,53,20,1,44,6,30,185,2,-1,0,36,0,6,3,0,-1,4,5,7,41,7,1,3639.86
33,5,50,15,1,39,6,29,184,3,-1,0,34,0,8,3,0,-1,2,5,8,42,7,1,3657.21
35,2,41,15,2,24,7,25,183,8,-1,5,34,4,18,13,10,-1,4,5,19,50,10,3,3656.17
1,8,76,15,3,13,9,28,140,8,-1,10,37,1,1,3,0,-1,3,3,10,18,5,0,3823.75
5,0,51,5,2,18,7,25,125,3,-1,5,65,0,0,2,0,-1,2,7,5,2,12,0,3401.55
29,3,42,42,13,36,8,21,170,7,-1,5,38,1,1,2,5,-1,5,5,45,48,11,1,3756.67
44,2,44,25,5,22,7,23,171,9,-1,5,42,2,2,8,5,-1,6,5,32,51,10,2,3643.13
19,1,53,5,3,47,5,29,118,4,-1,0,23,2,2,2,0,-1,2,7,4,6,11,1,3193.76
0,8,82,0,0,4,12,13,103,0,-1,0,23,0,0,0,0,-1,0,1,19,5,9,0,2390.44
43,4,46,15,2,29,6,27,191,13,-1,0,26,1,12,3,5,-1,0,5,16,38,8,4,4027.4
18,3,46,25,11,44,8,20,163,5,-1,5,39,1,0,3,5,-1,3,5,42,51,11,0,3664.13
3,8,71,15,3,11,9,30,154,10,-1,5,49,1,1,5,0,-1,2,3,11,21,5,0,4035.13
13,7,70,15,1,10,7,24,170,3,-1,0,78,0,3,6,0,-1,3,4,7,33,6,3,3580.58
14,3,42,33,20,47,9,19,169,8,-1,1,40,1,1,3,10,-1,5,4,46,42,11,1,4088.9
27,4,18,20,2,35,6,26,190,12,-1,0,23,1,25,6,5,-1,4,4,27,49,8,8,3615.93
46,4,50,15,1,29,6,28,193,5,-1,0,27,1,9,4,0,-1,0,5,11,41,8,1,3820.34
10,7,53,25,8,10,9,28,163,12,-1,5,59,1,1,9,5,-1,6,2,11,45,5,1,3755.86
15,5,79,10,3,53,4,31,165,2,-1,5,33,0,4,1,0,-1,1,6,2,12,8,1,3436.11
45,3,35,41,5,24,7,23,179,15,-1,5,35,4,8,9,5,-1,8,5,36,51,10,2,4055.03
15,7,27,45,16,11,9,27,173,17,-1,6,59,4,2,12,10,-1,11,2,39,43,6,4,4104.36
31,1,75,5,6,31,6,29,145,2,-1,0,36,1,2,6,0,-1,3,7,3,10,11,0,3351.74
8,8,51,20,11,11,9,25,157,5,-1,5,51,4,1,10,0,-1,4,2,12,42,6,4,3563.24
48,4,25,15,3,30,6,29,184,3,-1,5,25,0,9,7,0,-1,2,4,22,46,8,1,3924.32
47,2,75,5,5,16,6,29,162,3,-1,0,35,0,7,8,5,-1,4,6,5,17,11,1,3909.08
32,3,32,31,21,36,8,21,179,4,-1,1,36,3,1,5,17,-1,1,4,45,40,10,2,3902.07
27,4,51,15,3,26,6,28,189,4,-1,0,27,1,28,2,10,-1,2,5,10,42,9,2,3921.08
5,0,44,0,3,16,7,26,113,8,-1,5,63,0,0,1,5,-1,1,8,5,2,12,0,3301.75
10,6,35,30,5,28,7,24,171,9,-1,0,62,0,1,6,5,-1,8,3,16,55,6,6,3516.61
7,0,69,10,3,30,7,26,126,6,-1,10,55,0,1,2,0,-1,3,7,4,3,12,0,3514.49
28,3,70,10,5,16,6,29,177,13,-1,0,33,1,23,9,0,-1,3,6,5,28,10,3,3344.98
27,3,51,20,4,26,6,28,190,4,-1,0,23,0,22,3,10,-1,4,5,13,39,9,2,3332.05
21,5,51,15,1,50,6,28,182,5,-1,0,37,0,4,4,5,-1,3,4,7,50,7,4,4802.0
52,5,18,10,4,29,6,28,182,6,-1,5,28,0,2,7,0,-1,3,4,26,46,8,8,3909.58
39,2,81,10,6,20,5,32,164,7,-1,0,28,1,15,7,0,-1,3,6,5,15,10,2,3424.11
6,0,53,5,1,16,7,27,123,2,-1,5,67,0,0,2,0,-1,3,7,6,2,12,0,3342.45
7,8,52,20,13,12,10,21,152,13,-1,15,45,2,1,5,5,-1,4,1,23,37,6,3,3055.89
5,7,83,0,0,11,6,33,131,4,-1,0,75,0,3,3,0,-1,1,5,2,4,5,0,3233.77
25,5,42,10,1,51,6,27,185,4,-1,5,32,0,5,3,5,-1,5,4,11,53,7,3,3866.37
6,0,57,5,2,17,7,26,124,4,-1,5,65,0,1,2,0,-1,3,7,5,2,12,0,3332.88
5,8,82,0,0,9,7,31,133,1,-1,0,45,0,0,1,0,-1,0,5,2,9,4,0,3531.26
43,2,77,5,5,22,6,33,153,2,-1,0,29,1,10,6,5,-1,2,6,5,12,10,1,3893.73
23,3,48,25,3,26,6,28,190,4,-1,0,24,1,25,2,5,-1,4,5,13,39,9,4,4117.36
40,2,78,10,6,19,6,33,163,1,-1,0,31,0,15,8,0,-1,3,6,4,17,10,0,3354.46
10,5,28,132,37,10,10,12,160,6,-1,16,63,26,0,1,0,-1,6,3,14,49,10,3,3965.1
51,4,8,83,17,22,7,25,194,7,-1,39,32,2,6,3,7,-1,4,4,58,29,9,16,3932.83
14,6,24,30,4,48,7,25,178,11,-1,5,43,0,4,3,10,-1,2,3,24,53,7,3,3349.87
6,8,71,0,0,5,6,36,119,1,-1,0,67,0,1,0,0,-1,0,5,0,6,5,0,3319.41
7,8,40,30,18,13,10,22,157,15,-1,11,53,2,2,11,5,-1,4,1,33,42,6,5,3992.9
21,5,56,15,1,52,6,30,185,3,-1,0,36,0,5,3,0,-1,4,5,7,43,7,1,3627.95
14,5,70,5,1,53,6,28,175,2,-1,0,40,0,2,2,5,-1,1,5,6,35,7,1,3397.11
2,8,66,10,4,12,9,27,149,8,-1,15,48,2,0,5,5,-1,5,2,11,28,5,0,3392.96
38,2,65,20,3,25,7,24,162,3,-1,5,37,1,5,14,5,-1,2,6,13,35,11,1,4260.39
10,6,69,5,0,22,6,27,175,2,-1,0,72,0,4,2,10,-1,1,4,6,37,6,5,2747.5
22,4,33,15,3,36,6,26,196,9,-1,0,21,1,28,4,10,-1,3,5,22,44,9,5,3813.6
5,4,58,15,29,9,10,17,146,2,-1,5,70,1,0,0,10,-1,1,4,35,33,11,2,3726.41
2,9,78,0,2,7,9,31,126,3,-1,0,34,1,0,2,0,-1,2,3,5,14,4,0,3538.22
1,9,78,5,3,11,9,29,127,5,-1,0,26,0,1,0,0,-1,2,3,6,15,4,0,3694.86
29,4,51,15,3,26,6,28,189,5,-1,0,27,1,26,2,10,-1,2,5,10,42,9,2,3501.44
7,0,69,10,3,29,7,26,125,6,-1,10,55,0,1,2,0,-1,3,7,4,3,12,0,3347.1
12,7,74,15,1,11,7,26,170,3,-1,0,78,0,3,5,0,-1,3,4,6,29,6,3,3613.86
44,4,8,68,13,30,7,26,190,13,-1,45,26,1,11,4,5,-1,3,4,62,45,8,15,4386.23
13,6,19,40,5,39,8,23,183,7,-1,0,48,3,6,5,10,-1,6,3,47,43,7,7,3559.41
8,6,81,15,0,16,6,30,166,3,-1,0,78,0,3,0,0,-1,2,4,6,19,6,3,3730.32
47,2,79,5,5,15,6,29,166,3,-1,0,34,0,10,8,5,-1,3,6,5,15,10,1,3503.21
48,4,62,10,0,29,5,32,180,5,-1,0,31,1,2,4,5,-1,0,5,7,36,8,0,3333.03
36,3,83,10,4,17,5,31,162,4,-1,0,30,0,19,3,0,-1,4,6,8,12,10,3,3300.99
25,5,41,15,1,50,6,27,183,5,-1,5,33,0,5,3,5,-1,4,4,11,52,7,5,3879.67
18,5,34,15,3,48,6,25,180,5,-1,5,40,0,6,6,10,-1,2,4,12,58,7,4,3240.89
2,8,67,5,4,11,9,27,150,6,-1,10,48,2,1,5,5,-1,4,2,12,27,5,0,3943.96
38,1,74,5,3,27,6,27,158,13,-1,0,37,2,3,11,5,-1,8,6,6,19,11,1,3843.62
14,6,48,15,0,41,6,27,177,5,-1,0,48,0,4,6,10,-1,3,4,10,55,6,2,3683.1
23,3,64,20,7,17,6,30,180,10,-1,0,33,0,25,9,0,-1,4,5,4,32,9,2,3425.99
44,3,26,11,21,27,8,20,192,4,-1,6,36,1,3,5,22,-1,1,4,47,34,10,3,3878.6
14,5,64,15,1,54,6,28,176,2,-1,0,40,0,2,2,5,-1,1,5,6,42,7,3,3389.47
39,3,81,5,3,17,5,31,160,2,-1,0,28,1,17,1,5,-1,2,6,8,12,10,2,3255.68
33,3,25,40,36,37,8,20,189,9,-1,7,35,3,4,2,17,-1,1,4,33,25,10,5,4253.52
5,1,77,0,3,47,7,25,139,4,-1,0,41,1,3,7,10,-1,3,6,6,8,12,0,4312.26
8,7,87,0,0,12,6,34,132,1,-1,0,70,0,0,1,0,-1,0,5,2,5,5,0,3284.84
6,6,23,35,7,28,8,25,178,8,-1,0,62,1,8,11,10,-1,9,3,27,51,6,7,3500.53
20,3,30,15,4,34,6,26,196,6,-1,0,22,1,17,4,10,-1,2,5,20,50,9,6,3965.64
13,6,62,10,0,18,6,25,176,4,-1,0,71,0,4,3,10,-1,3,4,7,42,6,2,3616.64
48,5,30,10,2,32,6,27,185,5,-1,5,29,0,4,3,5,-1,3,4,18,48,7,4,3776.95
12,6,86,5,1,33,5,31,163,5,-1,0,55,0,4,2,0,-1,2,5,3,13,7,0,3276.43
25,4,20,20,5,35,7,26,193,13,-1,1,23,1,25,5,10,-1,3,4,42,46,9,6,3987.8
25,4,20,15,3,36,6,26,192,11,-1,0,22,1,26,5,15,-1,4,4,26,48,8,8,3776.51
4,0,47,0,1,8,8,24,114,6,-1,10,68,0,0,1,0,-1,2,7,5,1,13,0,3220.68
10,1,75,15,3,45,7,28,136,4,-1,5,35,0,2,3,0,-1,3,7,7,6,12,0,4050.66
3,8,71,15,3,11,9,30,155,8,-1,5,53,1,2,8,0,-1,2,3,11,24,5,0,4048.01
33,3,70,0,4,32,4,36,151,2,-1,0,27,1,3,0,0,-1,2,7,5,6,9,0,3158.18
41,3,36,37,14,27,8,21,181,12,-1,10,35,3,3,5,5,-1,5,5,45,41,10,1,3744.45
29,4,45,15,4,29,6,26,192,11,-1,0,25,0,24,4,10,-1,3,5,17,39,8,4,3821.94
26,3,21,20,4,35,7,26,194,11,-1,1,22,0,17,7,10,-1,2,4,40,50,9,6,3634.07
40,3,64,10,3,24,5,29,186,8,-1,0,23,1,21,4,10,-1,2,5,6,33,9,3,3601.39
38,2,67,25,3,25,7,25,162,6,-1,5,37,2,6,13,5,-1,2,6,11,34,11,1,4257.82
48,2,43,10,5,25,7,23,174,6,-1,0,34,1,4,16,15,-1,5,5,23,52,10,1,3510.68
26,5,29,15,3,42,6,27,183,5,-1,5,41,0,4,6,5,-1,2,4,15,56,7,5,3239.61
48,2,38,30,6,25,7,23,176,9,-1,0,36,1,2,11,5,-1,7,5,34,54,10,2,3772.61
15,5,71,10,4,43,4,32,146,2,-1,5,38,0,3,1,0,-1,0,6,2,10,8,0,3220.6
1,9,61,0,2,5,9,29,111,0,-1,0,26,0,0,0,0,-1,0,4,3,5,4,0,3218.36
22,4,33,15,3,34,6,26,197,8,-1,0,21,1,29,4,10,-1,4,5,21,45,9,5,4148.87
20,5,63,15,1,54,6,30,181,4,-1,0,36,0,4,2,0,-1,4,5,6,37,7,1,3494.13
39,4,12,147,50,29,8,21,192,15,-1,58,33,8,7,3,19,-1,9,3,21,25,9,20,3830.82
9,6,34,30,5,26,7,25,172,9,-1,0,64,0,3,7,5,-1,8,3,16,56,6,7,3433.77
36,1,73,25,2,24,7,25,163,10,-1,5,39,2,7,13,0,-1,4,6,7,24,11,1,3451.86
9,7,52,30,7,11,9,28,163,10,-1,5,59,1,1,6,0,-1,7,2,12,43,5,1,3752.68
33,1,76,5,2,27,6,28,150,5,-1,0,38,2,3,8,0,-1,6,6,6,11,11,0,4278.92
50,5,19,10,3,31,6,29,182,4,-1,5,26,0,5,7,0,-1,3,4,22,49,8,6,4013.04
37,3,29,21,11,28,7,25,194,12,-1,6,31,1,18,9,15,-1,9,5,49,43,10,6,3805.72
5,1,76,0,3,41,7,24,140,2,-1,0,46,1,0,6,10,-1,3,6,4,7,12,0,3408.49
17,5,16,35,4,50,7,23,182,14,-1,0,39,0,6,4,5,-1,4,3,38,48,7,6,4394.65
8,5,81,5,2,44,5,32,165,7,-1,0,46,0,5,2,0,-1,2,6,2,12,7,0,3433.98
14,7,27,50,15,12,9,27,170,16,-1,6,58,4,2,12,5,-1,9,2,38,44,6,4,4103.01
37,3,78,15,3,18,5,29,174,11,-1,0,28,1,15,5,0,-1,3,6,8,21,10,2,3371.21
36,4,11,62,7,30,7,26,190,13,-1,40,26,1,21,4,10,-1,2,4,64,46,9,11,4067.4
3,7,73,0,0,10,6,35,119,4,-1,0,77,0,2,2,0,-1,1,6,0,7,5,0,3280.2
38,3,64,10,3,24,5,29,186,8,-1,0,24,1,22,4,10,-1,2,5,6,33,9,3,3575.81
20,3,29,20,5,31,7,26,198,12,-1,6,26,0,22,9,10,-1,3,5,25,55,9,5,4328.94
8,7,90,0,0,12,7,31,133,1,-1,0,68,0,0,0,0,-1,0,5,2,6,5,0,3343.31
47,5,8,61,13,30,7,28,185,9,-1,34,29,0,7,6,5,-1,3,4,64,43,8,15,3990.56
45,3,37,42,8,21,8,23,176,14,-1,5,41,2,4,4,0,-1,8,5,38,52,10,2,3817.78
38,5,61,10,0,37,5,31,182,3,-1,0,32,1,4,4,0,-1,1,5,8,37,8,0,3473.79
17,5,58,0,3,37,4,33,128,2,-1,0,41,1,2,1,5,-1,2,7,2,7,8,0,3363.82
22,3,43,25,5,29,6,29,191,4,-1,0,23,1,17,5,5,-1,3,5,14,45,9,5,3957.06
41,2,78,5,5,22,5,32,153,1,-1,0,28,1,9,2,5,-1,2,6,6,9,10,1,3728.94
23,3,42,20,5,24,6,28,190,4,-1,0,28,1,17,6,10,-1,3,5,13,48,9,6,3677.77
26,3,50,25,6,22,6,28,188,6,-1,0,26,0,19,7,5,-1,4,5,11,43,9,1,3885.72
12,6,71,5,0,23,6,27,175,1,-1,0,70,0,2,1,10,-1,0,4,5,34,6,4,3470.28
23,5,28,15,3,45,6,27,182,4,-1,5,40,0,4,6,5,-1,2,4,18,52,7,5,3946.06
15,3,36,29,23,43,9,19,169,5,-1,1,43,4,0,1,20,-1,5,4,40,41,11,2,4272.83
33,4,7,170,56,36,8,21,187,22,-1,65,32,10,5,6,31,-1,13,3,16,24,9,23,2463.7
32,4,43,15,4,31,6,26,192,13,-1,0,25,0,20,5,5,-1,3,5,18,36,8,4,3338.28
44,2,78,10,6,20,5,32,155,2,-1,0,29,1,10,6,0,-1,3,6,4,12,10,1,3876.09
43,2,80,5,5,21,6,33,153,2,-1,0,31,1,9,5,5,-1,3,6,5,11,10,0,3839.88
6,4,31,10,38,33,9,18,165,3,-1,1,57,6,2,1,20,-1,0,4,25,49,11,6,4155.71
45,2,79,5,5,21,6,33,153,2,-1,0,31,1,9,6,5,-1,3,6,5,11,10,0,3891.79
43,4,13,87,32,28,8,22,194,7,-1,44,30,1,8,2,7,-1,7,4,43,26,9,18,4077.98
35,4,38,15,3,33,6,26,191,14,-1,0,24,0,17,5,5,-1,3,5,20,39,8,4,3434.16
13,5,83,5,1,37,5,30,166,5,-1,0,52,0,5,2,0,-1,2,5,2,17,7,0,3676.65
12,1,75,20,3,46,7,29,137,4,-1,0,35,0,3,3,0,-1,3,7,7,8,12,0,3440.39
3,8,81,10,2,9,8,31,137,4,-1,0,38,1,0,3,0,-1,2,3,5,16,4,0,3702.56
26,3,49,25,4,25,6,28,190,4,-1,0,23,0,24,3,5,-1,4,5,13,41,9,2,3403.87
16,1,66,10,6,42,6,32,130,2,-1,0,34,0,0,0,0,-1,2,7,3,6,12,0,3257.12
30,3,73,5,4,30,5,31,144,0,-1,0,30,0,10,2,5,-1,0,7,8,7,10,0,3115.95
39,2,79,10,7,22,5,31,159,2,-1,0,29,1,13,7,0,-1,4,6,4,13,10,1,3801.01
29,3,52,30,5,20,6,28,185,5,-1,0,27,0,22,6,0,-1,3,5,10,43,9,1,3293.22
45,5,49,20,2,33,6,27,185,5,-1,0,28,0,7,4,0,-1,1,5,10,43,8,1,3692.08
27,4,17,20,2,35,6,26,191,12,-1,0,23,1,25,5,5,-1,4,4,28,51,8,8,3980.91
34,5,65,5,0,43,5,32,181,6,-1,0,31,1,2,5,5,-1,2,5,7,34,8,0,3326.19
47,2,79,5,5,16,6,31,157,2,-1,0,36,0,7,7,5,-1,3,6,5,10,11,0,3329.31
50,5,31,10,2,31,6,29,184,3,-1,5,28,0,3,5,0,-1,2,4,17,48,8,2,3936.85
33,4,10,20,6,35,7,26,192,10,-1,6,24,1,20,4,0,-1,3,4,44,49,8,11,4393.68
20,3,29,15,5,31,7,26,198,11,-1,6,26,0,20,8,15,-1,3,5,24,52,9,6,3449.14
2,9,79,0,2,7,9,25,123,1,-1,5,28,2,0,1,0,-1,0,3,3,10,4,0,4554.03
26,5,20,20,4,42,7,26,178,8,-1,0,40,0,5,5,10,-1,1,4,24,49,7,6,4331.67
8,6,81,5,1,32,5,32,154,7,-1,0,58,0,3,2,0,-1,2,6,3,10,7,0,3203.85
42,2,79,10,6,21,6,32,155,2,-1,0,29,1,11,7,0,-1,4,6,4,12,10,1,3266.77
42,3,68,15,3,21,5,29,186,11,-1,0,25,1,22,4,10,-1,2,6,6,31,9,2,3587.9
7,8,61,15,12,11,10,21,146,8,-1,15,39,2,1,3,0,-1,1,1,19,28,6,1,3206.8
41,2,74,5,6,23,6,31,145,3,-1,0,34,1,6,5,5,-1,3,7,4,8,11,0,3760.25
4,8,82,10,2,10,8,31,143,4,-1,0,44,1,0,4,0,-1,2,3,6,18,4,0,4758.22
41,2,74,5,6,23,6,31,146,3,-1,0,34,1,6,5,5,-1,3,7,4,8,11,0,3786.07
8,7,48,30,5,18,8,23,171,14,-1,0,70,1,4,10,10,-1,7,3,10,48,6,3,4813.16
49,4,69,10,3,24,5,31,183,7,-1,0,24,0,10,4,10,-1,2,6,7,29,9,3,3316.3
42,2,80,10,6,20,6,33,160,1,-1,0,32,0,12,8,0,-1,3,6,4,15,10,0,3334.39
21,5,61,20,1,51,6,30,181,4,-1,0,36,0,6,3,0,-1,3,5,7,39,7,1,3397.53
2,8,78,0,2,9,9,30,127,3,-1,0,32,1,0,2,0,-1,2,3,5,14,4,0,3530.02
26,4,17,15,3,35,7,26,192,12,-1,1,22,1,26,6,10,-1,2,4,37,48,9,9,3666.75
6,6,87,5,0,18,6,30,159,3,-1,0,77,0,3,3,5,-1,2,5,4,13,6,0,3403.78
2,8,66,10,4,12,9,27,149,8,-1,15,48,2,0,5,5,-1,5,2,11,28,5,0,3991.35
8,6,30,30,5,28,7,25,175,10,-1,0,62,0,5,6,5,-1,8,3,19,59,6,7,3444.92
11,1,75,10,3,47,7,29,136,5,-1,0,36,1,2,4,0,-1,3,7,6,8,12,0,3981.0
41,2,74,5,6,23,6,31,145,3,-1,0,34,1,6,5,5,-1,3,7,4,9,11,0,3834.28
39,2,80,10,6,20,5,31,162,4,-1,0,28,1,15,8,0,-1,3,6,5,16,10,2,3305.62
8,7,39,30,17,12,9,23,159,14,-1,11,55,2,3,10,10,-1,4,1,31,46,6,8,4012.35
53,4,66,15,0,30,5,31,187,3,-1,0,24,0,3,3,5,-1,0,5,7,36,8,1,3580.69
15,1,75,10,5,44,6,29,136,3,-1,0,35,0,2,2,0,-1,2,7,5,7,12,0,3949.17
11,6,85,5,0,17,6,29,164,3,-1,0,74,0,2,4,5,-1,2,5,5,16,6,0,3490.52
45,2,79,5,5,21,6,33,153,2,-1,0,31,1,7,6,5,-1,3,6,5,11,10,0,3912.17
8,7,89,0,0,15,6,31,144,0,-1,0,75,0,1,1,0,-1,0,5,5,8,5,0,3581.95
7,4,40,17,40,13,10,16,156,6,-1,0,64,7,1,0,15,-1,4,4,23,46,11,7,4239.31
4,7,84,5,0,13,6,33,130,6,-1,0,74,0,5,3,0,-1,2,5,1,5,6,0,3384.45
14,6,36,10,4,47,7,25,179,8,-1,0,44,0,2,4,15,-1,3,4,12,56,7,2,3772.33
20,5,24,20,3,46,7,24,179,10,-1,5,41,0,5,6,10,-1,2,4,19,57,7,4,4278.71
19,5,66,10,1,54,6,30,181,4,-1,0,35,0,4,2,0,-1,3,5,6,35,7,1,3522.22
33,5,35,15,1,43,6,26,184,4,-1,5,33,0,4,3,5,-1,4,4,14,50,7,3,3802.12
12,7,25,55,14,13,9,27,166,14,-1,5,56,2,3,10,5,-1,9,2,36,51,6,6,3994.22
27,3,50,30,7,23,6,29,185,6,-1,0,26,0,20,6,0,-1,2,5,10,44,9,2,3452.4
45,2,78,5,4,18,6,27,163,5,-1,0,35,0,8,10,5,-1,5,6,6,18,11,1,3942.07
49,2,80,5,5,16,6,28,155,5,-1,0,37,0,3,8,5,-1,4,6,5,12,11,1,3902.26
21,3,68,20,6,18,6,29,181,10,-1,0,32,1,28,9,0,-1,3,6,4,30,10,4,3751.43
50,4,25,10,2,30,6,29,182,3,-1,5,28,0,5,7,0,-1,2,4,22,46,8,3,3772.14
39,5,5,62,16,35,7,27,183,9,-1,38,31,0,8,7,15,-1,4,3,65,31,8,19,4096.5
10,7,70,15,2,12,7,25,159,3,-1,0,72,0,2,5,5,-1,2,4,6,31,5,3,3650.3
2,9,78,0,3,7,9,27,123,1,-1,0,28,1,0,1,0,-1,0,3,3,11,4,0,3363.1
48,4,18,15,4,31,6,28,185,4,-1,5,27,0,6,7,0,-1,3,4,27,42,8,7,3906.81
25,4,51,10,3,28,6,28,189,3,-1,0,23,1,27,2,15,-1,3,5,13,39,9,2,3968.79
19,5,84,5,1,56,5,32,175,3,-1,0,31,1,3,2,0,-1,2,5,4,16,7,0,3593.72
45,4,7,91,30,30,8,24,195,8,-1,40,27,1,6,3,14,-1,8,4,47,32,9,15,4756.92
39,4,37,15,3,34,6,26,190,14,-1,0,24,0,13,6,5,-1,3,5,20,38,8,4,3788.13
14,6,44,15,0,45,6,25,177,4,-1,0,45,0,5,6,10,-1,3,4,10,59,6,2,3572.26
0,9,81,0,0,4,12,13,103,0,-1,0,23,0,0,0,0,-1,0,1,17,6,9,0,4619.75
40,3,77,10,4,17,5,30,180,13,-1,0,28,0,16,6,5,-1,1,6,7,21,9,3,3166.43
41,3,33,20,7,22,7,23,185,14,-1,5,31,3,18,10,10,-1,6,5,37,49,10,6,3653.95
8,6,20,35,7,43,7,23,178,10,-1,5,46,0,6,6,10,-1,4,3,36,51,7,8,3726.85
17,1,71,10,6,44,6,31,133,1,-1,0,32,0,1,1,0,-1,3,7,3,7,11,0,3173.05
36,2,58,20,3,25,7,26,176,8,-1,10,35,3,12,9,5,-1,5,5,14,43,10,0,4176.86
7,4,36,37,38,33,9,18,161,7,-1,1,54,6,1,1,5,-1,1,4,25,49,11,7,4227.89
7,1,75,15,3,46,7,27,134,4,-1,5,37,0,2,3,0,-1,3,7,7,5,12,0,3948.62
48,3,35,42,9,18,8,22,180,15,-1,10,43,4,4,3,0,-1,6,5,44,45,10,2,3907.91
45,5,51,20,1,33,6,28,183,5,-1,0,29,1,6,4,0,-1,1,5,7,40,8,1,3544.02
10,3,47,25,11,49,8,20,165,6,-1,0,41,1,1,3,10,-1,3,5,47,51,11,1,3899.54
45,2,80,5,4,15,6,28,168,5,-1,0,34,0,12,8,5,-1,4,6,6,17,10,1,4099.35
29,1,75,0,6,33,6,28,142,2,-1,0,36,1,2,6,5,-1,3,7,4,10,11,0,4009.66
14,6,13,40,11,46,8,22,183,11,-1,11,42,3,4,7,5,-1,6,3,60,28,7,9,2561.4
13,6,72,10,0,22,6,26,174,3,-1,0,70,0,2,1,5,-1,0,5,5,33,6,4,3573.83
29,4,14,32,10,39,7,26,194,13,-1,6,21,1,23,5,5,-1,3,4,55,46,9,10,3910.89
34,3,31,15,5,25,7,26,190,13,-1,6,29,2,19,11,15,-1,4,5,36,50,10,6,3732.88
11,3,44,25,15,43,9,19,165,7,-1,0,43,1,1,3,10,-1,4,5,51,53,11,1,3982.96
9,6,76,15,0,14,6,26,169,3,-1,0,79,0,3,1,0,-1,3,4,7,28,6,3,3531.53
18,5,56,15,1,52,6,28,181,4,-1,0,38,0,4,4,5,-1,2,5,6,46,7,4,3574.48
48,4,25,20,3,30,6,29,184,3,-1,5,25,0,9,7,0,-1,2,4,21,46,8,1,3791.17
38,2,45,25,5,27,7,23,171,9,-1,5,41,2,3,7,5,-1,7,5,32,52,11,2,3671.72
47,2,81,5,5,16,6,31,156,2,-1,0,36,0,7,7,5,-1,3,6,5,8,11,0,3878.57
44,4,7,34,25,34,7,24,189,11,-1,1,27,2,4,2,57,-1,4,3,56,27,8,25,4789.72
40,3,80,10,4,19,5,30,172,10,-1,0,26,1,10,5,0,-1,3,6,7,19,10,2,3521.09
37,4,81,10,1,40,5,31,176,7,-1,0,27,0,3,3,5,-1,3,6,5,20,8,2,3161.54
8,6,28,30,5,30,7,24,175,11,-1,0,60,0,4,6,5,-1,8,3,22,58,6,7,3390.79
47,5,43,15,2,29,6,27,184,5,-1,0,32,0,6,3,0,-1,2,4,12,49,7,1,3963.39
10,6,81,10,0,23,6,28,167,3,-1,0,70,0,2,3,5,-1,2,5,6,24,6,2,3532.32
40,4,13,20,2,39,7,26,192,9,-1,5,20,1,14,6,0,-1,4,4,35,47,8,10,3786.51
38,3,80,10,5,17,5,31,168,7,-1,0,27,0,21,2,0,-1,3,6,7,15,10,5,4094.62
6,5,58,15,30,8,10,17,147,2,-1,5,68,1,0,0,10,-1,1,4,35,34,11,2,3747.42
42,1,82,0,5,25,6,28,154,6,-1,0,37,1,1,10,5,-1,5,6,5,10,11,0,3902.7
43,5,32,10,2,34,6,26,184,4,-1,5,32,0,3,3,5,-1,4,4,14,50,7,2,3933.27
18,5,69,10,1,56,5,29,179,4,-1,0,34,0,3,1,0,-1,3,5,5,34,7,1,3593.79
10,6,77,10,0,16,6,28,172,2,-1,0,77,0,2,1,5,-1,2,5,5,27,6,4,3554.8
12,5,87,5,1,50,5,29,167,3,-1,0,42,0,4,1,0,-1,1,5,3,13,7,0,3269.55
9,6,46,25,4,27,7,23,173,10,-1,0,64,0,2,6,5,-1,3,4,8,53,6,2,3946.7
44,2,74,5,3,21,6,27,160,11,-1,0,38,1,3,12,5,-1,7,6,6,19,11,1,3875.59
29,4,12,20,6,36,7,26,191,11,-1,1,23,1,25,4,5,-1,2,4,48,49,8,9,4342.14
36,2,79,20,5,15,6,29,171,9,-1,0,34,1,20,10,0,-1,4,6,6,19,10,3,4003.25
43,3,82,10,3,20,5,33,166,0,-1,0,27,2,10,1,0,-1,1,6,8,12,9,3,3249.1
14,3,43,26,13,45,8,20,167,7,-1,0,42,1,1,4,10,-1,5,5,46,50,11,1,3685.46
15,5,73,5,1,54,6,28,176,2,-1,0,38,0,2,2,5,-1,1,5,6,31,7,1,3642.62
12,6,75,5,1,50,6,28,175,2,-1,0,42,0,4,2,5,-1,1,5,5,29,7,1,3539.7
10,7,59,25,5,17,7,23,166,13,-1,0,69,0,2,7,5,-1,2,3,6,41,6,3,3296.16
8,7,65,20,6,14,8,23,162,11,-1,0,66,0,3,4,10,-1,7,3,6,36,5,0,4105.64
35,2,77,20,5,15,6,29,174,11,-1,0,35,1,20,11,0,-1,3,6,6,21,10,3,3316.87
14,6,42,15,1,42,6,25,177,4,-1,0,48,0,5,6,10,-1,3,4,9,61,6,2,3673.57
15,5,9,226,28,24,9,15,177,14,-1,75,50,38,2,6,68,-1,27,2,6,11,8,26,5717.96
37,3,23,32,13,29,7,24,194,10,-1,6,31,0,16,3,5,-1,7,4,54,39,9,6,3988.75
50,2,79,5,5,14,6,27,156,5,-1,0,37,0,4,9,5,-1,5,6,5,14,11,1,3243.38
30,3,59,20,5,18,6,28,181,8,-1,0,29,0,22,6,0,-1,3,5,5,36,9,1,3592.45
22,5,67,10,1,51,5,30,182,3,-1,0,34,0,5,2,0,-1,3,5,6,33,7,1,3372.4
22,5,22,20,3,44,7,24,177,10,-1,5,41,0,5,6,10,-1,2,4,21,53,7,5,2664.9
4,8,79,10,2,10,8,30,141,2,-1,0,39,0,0,0,0,-1,2,4,6,16,4,0,4549.08
22,5,21,20,3,46,7,26,179,9,-1,0,38,0,7,5,10,-1,3,4,29,45,7,6,4077.08
5,8,79,15,3,11,8,30,152,7,-1,0,58,1,0,7,5,-1,3,3,6,18,5,0,3785.86
29,3,52,25,4,23,6,28,190,5,-1,0,25,0,19,6,5,-1,3,5,12,44,9,2,3869.7
9,7,87,0,0,10,7,30,133,1,-1,0,66,0,0,0,0,-1,0,5,2,6,5,0,3340.35
47,2,75,5,5,17,6,29,161,2,-1,0,34,0,7,8,5,-1,4,6,5,17,10,1,3379.11
25,3,69,15,6,16,6,29,178,10,-1,0,33,1,24,6,0,-1,3,6,4,31,9,2,3588.45
19,1,82,20,2,37,7,26,154,11,-1,5,36,2,6,8,0,-1,5,6,6,13,11,0,4118.31
36,3,29,15,9,23,7,26,195,11,-1,6,32,1,16,9,15,-1,6,5,42,46,10,6,3690.33
9,7,67,15,3,13,8,23,159,9,-1,0,67,0,2,4,5,-1,5,3,8,32,5,0,4530.02
27,3,36,15,4,25,7,26,186,18,-1,5,32,2,20,9,15,-1,4,5,21,55,10,3,3415.57
24,3,68,20,6,18,6,29,180,13,-1,0,33,1,24,10,0,-1,3,6,4,30,10,4,4032.99
11,1,75,15,3,47,7,29,137,4,-1,0,35,1,2,4,0,-1,3,7,6,8,12,0,4001.82
26,5,20,20,3,45,7,26,179,8,-1,0,37,0,5,5,10,-1,1,4,28,46,7,6,4049.26
45,2,79,5,5,21,6,33,153,2,-1,0,31,1,7,6,5,-1,3,6,5,11,10,0,3848.93
12,6,68,5,0,18,6,26,176,3,-1,0,74,0,4,2,10,-1,3,4,7,36,6,4,3565.0
27,4,47,10,3,29,6,27,190,9,-1,0,23,1,27,3,15,-1,3,5,14,38,9,4,3949.07
45,5,29,10,2,32,6,26,186,4,-1,5,32,0,3,2,5,-1,4,4,18,48,7,4,3838.75
8,7,90,0,0,14,6,32,138,0,-1,0,74,0,1,1,0,-1,0,5,2,5,5,0,3358.5
45,4,9,20,8,31,7,26,189,6,-1,7,24,0,13,5,0,-1,3,4,47,49,8,11,3954.83
8,7,91,0,0,15,6,32,145,0,-1,0,75,0,1,1,0,-1,0,5,5,6,5,0,3582.55
27,3,51,25,4,25,6,28,190,4,-1,0,23,0,23,3,5,-1,3,5,13,40,9,2,3537.85
47,4,32,15,3,31,6,28,188,6,-1,5,24,0,8,6,5,-1,2,4,19,44,8,1,3843.37
42,4,36,15,3,32,6,27,190,12,-1,0,25,0,12,6,5,-1,2,4,20,39,8,3,3864.45
41,4,51,15,1,25,6,29,190,10,-1,0,26,1,18,3,10,-1,0,5,12,41,8,4,3380.3
25,5,80,10,2,48,4,34,164,2,-1,5,30,1,4,1,0,-1,0,6,5,14,8,1,3292.47
43,4,10,85,18,23,7,25,193,9,-1,38,32,0,13,3,0,-1,6,4,56,31,9,15,3886.2
12,6,84,5,1,30,5,31,163,3,-1,0,59,0,4,3,5,-1,2,5,4,19,7,1,3444.01
14,1,75,20,3,44,7,29,138,3,-1,0,37,0,3,5,0,-1,3,7,7,8,11,0,4063.64
54,5,14,25,5,31,7,28,185,5,-1,0,25,0,0,6,0,-1,2,4,36,44,8,7,4467.66
14,6,36,10,4,48,7,25,178,8,-1,0,43,0,4,5,15,-1,2,4,11,59,7,1,3666.43
47,4,51,15,1,28,6,28,189,5,-1,0,27,1,9,4,0,-1,0,5,10,39,8,1,3740.35
27,3,49,25,4,25,6,28,192,4,-1,0,23,1,20,5,5,-1,3,5,12,39,9,3,4139.81
30,3,72,5,5,18,6,29,177,13,-1,0,30,1,22,9,0,-1,3,6,6,26,10,3,3900.27
22,3,54,25,6,19,6,28,182,8,-1,0,32,1,21,11,0,-1,3,5,10,40,9,4,3594.55
48,5,33,10,2,31,6,27,184,4,-1,5,30,0,4,5,0,-1,2,4,14,50,8,1,3967.87
25,5,80,10,2,48,5,32,169,2,-1,5,32,1,4,2,0,-1,0,6,3,18,8,1,3331.82
30,4,41,15,3,34,6,26,193,14,-1,0,24,0,19,5,5,-1,3,5,19,38,8,4,3870.53
7,4,48,45,27,22,9,18,155,8,-1,0,59,5,1,1,0,-1,2,4,34,44,11,4,3618.05
2,8,78,5,2,11,9,30,129,5,-1,0,31,0,0,2,0,-1,2,3,5,15,4,0,4650.68
13,6,54,15,1,24,7,25,177,3,-1,0,66,0,4,5,10,-1,4,4,8,49,6,2,3743.98
26,3,50,25,4,25,6,28,191,4,-1,0,23,0,21,4,5,-1,4,5,13,39,9,2,3528.29
51,4,53,15,1,22,5,29,185,3,-1,0,29,1,7,4,5,-1,0,5,6,40,8,2,4079.89
11,5,11,224,15,32,9,15,172,9,-1,24,51,46,4,0,86,-1,16,3,14,24,9,20,4851.34
6,8,73,0,9,7,10,19,130,5,-1,5,26,1,0,2,0,-1,2,1,11,21,6,1,5078.13
11,7,62,25,5,13,7,24,163,13,-1,0,72,0,2,7,5,-1,4,3,6,37,6,3,5130.27
50,3,35,47,8,18,7,23,180,15,-1,5,41,4,4,7,0,-1,7,5,39,49,10,2,4565.42
18,3,34,15,5,33,6,27,191,3,-1,0,23,1,16,5,10,-1,3,5,18,53,9,6,4106.33
35,1,78,25,1,23,7,25,159,12,-1,5,40,3,7,11,0,-1,6,6,7,18,11,1,4382.35
33,2,46,15,3,22,7,24,181,9,-1,5,37,3,18,13,10,-1,5,5,20,48,10,1,4251.49
44,5,6,84,38,32,8,24,181,9,-1,29,29,0,2,2,51,-1,6,3,46,23,8,27,5352.09
38,2,69,30,3,25,7,26,162,6,-1,5,37,2,6,13,0,-1,2,6,12,32,11,1,4196.56
30,4,14,153,57,42,8,18,186,27,-1,55,31,9,3,2,15,-1,13,3,15,23,9,24,5030.77
46,2,76,5,3,18,6,27,160,10,-1,0,38,1,4,12,5,-1,7,6,6,18,11,1,4105.95
33,2,75,15,5,18,6,30,169,5,-1,5,33,0,22,6,0,-1,3,6,6,21,10,1,4256.07
9,4,27,37,41,43,9,17,175,11,-1,0,46,7,3,1,21,-1,5,4,23,43,10,8,4221.96
9,2,63,25,6,47,8,21,158,4,-1,5,43,1,2,4,5,-1,0,5,33,38,11,0,4597.24
9,7,40,30,16,11,9,25,159,8,-1,0,58,1,2,8,10,-1,4,2,30,44,6,7,5672.4
30,3,40,37,13,36,8,21,172,8,-1,5,37,1,1,2,10,-1,5,5,46,46,11,2,4708.54
38,3,26,37,13,27,7,23,194,10,-1,6,33,1,17,5,5,-1,6,4,53,39,10,5,4995.45
29,4,12,166,56,41,8,19,188,24,-1,70,32,9,6,4,14,-1,13,3,16,24,9,23,6390.75
7,4,28,103,52,33,9,17,172,13,-1,0,58,4,3,2,17,-1,3,4,11,41,10,3,4159.56
45,2,71,15,3,22,6,25,166,9,-1,10,34,2,6,10,5,-1,5,6,8,27,10,0,4409.05
4,1,77,10,3,26,8,23,125,3,-1,0,55,0,3,3,0,-1,1,7,4,2,12,0,4213.3
13,6,15,30,5,43,8,23,182,9,-1,5,44,3,3,6,10,-1,5,3,50,44,7,7,5488.14
29,2,73,15,5,20,6,30,172,9,-1,0,32,0,27,5,0,-1,2,6,6,24,10,1,4240.11
5,8,69,20,5,10,8,30,158,9,-1,5,59,2,2,8,10,-1,5,3,9,29,5,0,5085.35
9,6,36,25,4,29,7,24,173,10,-1,0,62,0,1,4,5,-1,4,4,9,59,6,3,4877.61
4,1,74,5,4,41,7,24,133,2,-1,0,46,0,3,4,5,-1,2,7,4,5,12,0,4257.3
23,2,67,15,3,34,7,24,158,8,-1,5,42,1,5,8,5,-1,5,6,11,36,11,0,4239.78
38,3,31,32,11,25,7,22,191,16,-1,6,33,3,18,6,10,-1,6,5,48,43,10,4,4519.94
48,4,5,31,19,29,7,24,190,11,-1,1,30,2,4,2,45,-1,3,4,60,36,9,20,2692.57
37,2,71,30,3,25,7,25,162,5,-1,10,38,2,6,12,0,-1,2,6,9,29,11,1,4356.35
23,3,27,33,40,42,8,19,184,7,-1,7,36,6,3,2,27,-1,2,4,26,32,10,6,4282.38
5,1,78,5,2,45,8,23,142,7,-1,5,40,2,1,6,10,-1,3,6,6,14,12,0,4375.26
38,4,15,105,47,33,8,21,190,14,-1,47,31,6,8,2,18,-1,7,4,23,24,9,21,4318.36
13,6,14,45,8,51,7,22,177,11,-1,5,38,2,4,8,0,-1,3,3,55,32,7,9,5046.15
28,1,75,20,2,30,7,26,161,8,-1,5,39,1,6,8,0,-1,3,6,9,22,11,1,4452.3
8,7,75,10,2,13,8,28,154,8,-1,0,60,0,0,6,10,-1,3,3,8,21,5,0,5186.57
45,4,7,47,26,32,7,26,188,13,-1,13,27,0,4,1,50,-1,6,3,58,28,8,29,4160.86
14,6,38,20,3,45,7,25,178,7,-1,0,47,0,2,5,10,-1,4,4,8,63,6,2,5101.88
37,2,58,20,3,24,7,26,177,8,-1,5,36,3,13,10,5,-1,5,5,15,43,10,0,4430.18
3,8,82,15,3,11,9,30,148,11,-1,0,41,1,0,4,0,-1,0,3,6,16,5,0,5057.79
5,8,65,0,4,8,9,23,142,2,-1,10,37,3,0,2,5,-1,1,2,14,28,5,0,5233.56
14,6,40,20,3,43,7,25,178,7,-1,0,48,0,2,5,10,-1,4,4,8,63,6,2,4943.32
44,4,8,72,12,31,7,26,189,13,-1,45,26,1,11,5,5,-1,3,4,66,43,8,13,4887.67
46,3,31,27,15,19,7,22,191,10,-1,11,40,2,10,6,5,-1,5,4,52,35,10,4,4842.69
39,5,7,73,18,35,7,26,184,12,-1,44,31,0,8,7,5,-1,5,3,63,28,8,22,4945.29
42,3,24,39,15,20,7,22,194,10,-1,6,39,1,14,5,5,-1,6,4,54,38,10,4,4452.69
12,6,23,35,4,49,7,24,180,12,-1,5,43,0,7,2,5,-1,4,3,25,51,7,5,4898.24
1,9,75,0,2,6,10,21,110,2,-1,5,24,0,0,1,0,-1,1,2,11,14,5,0,4863.41
15,5,40,15,1,48,6,25,180,6,-1,0,41,0,8,8,10,-1,2,4,13,58,7,5,5047.08
8,1,75,10,3,44,7,26,141,6,-1,0,41,1,3,6,0,-1,4,6,6,10,12,0,4332.16
13,5,12,208,19,37,9,16,177,9,-1,24,47,42,1,0,80,-1,17,3,16,22,9,18,4783.76
34,5,8,66,18,37,7,27,181,6,-1,32,34,0,8,6,10,-1,5,3,61,28,8,18,5291.6
11,6,11,97,25,14,10,11,173,12,-1,14,64,11,4,2,133,-1,8,2,9,26,9,14,4695.87
12,7,24,60,18,10,9,20,163,16,-1,5,57,6,2,12,20,-1,13,1,48,45,7,10,4597.88
35,1,75,25,2,25,7,25,161,8,-1,5,39,2,7,10,0,-1,4,6,8,22,11,1,4515.43
10,7,58,30,5,18,7,23,166,13,-1,0,68,0,3,8,5,-1,3,3,7,41,6,3,5127.33
7,4,37,37,38,30,9,18,160,7,-1,1,54,6,1,1,5,-1,1,4,25,50,11,7,4198.57
49,3,37,42,5,19,7,23,177,16,-1,0,41,3,3,6,5,-1,9,5,38,52,10,2,4443.28
1,8,79,15,4,13,9,30,136,9,-1,0,34,0,1,3,0,-1,2,3,6,16,4,0,4976.32
10,5,30,124,39,11,10,11,159,5,-1,16,62,25,0,1,0,-1,7,3,13,49,10,1,4571.34
10,6,27,25,4,47,7,24,178,12,-1,5,42,0,4,6,5,-1,4,3,25,52,7,3,4864.89
46,2,57,10,3,22,7,24,171,3,-1,0,37,1,4,12,5,-1,2,5,15,45,11,1,4415.19
10,7,43,40,8,14,8,29,167,14,-1,10,61,0,1,9,10,-1,6,3,18,46,6,5,4956.22
34,4,9,147,56,35,8,21,189,17,-1,58,32,8,7,6,19,-1,13,3,17,26,9,17,5395.71
42,5,16,15,5,33,7,27,180,3,-1,0,35,0,2,3,5,-1,2,4,31,46,7,6,4306.99
1,9,79,5,3,12,10,22,131,6,-1,0,25,1,1,1,0,-1,1,2,10,14,5,0,4855.44
16,5,7,177,61,36,9,17,182,21,-1,53,46,14,4,5,73,-1,18,2,6,14,8,36,5176.23
13,4,22,121,54,42,9,16,181,15,-1,29,44,8,2,1,21,-1,6,4,11,30,10,6,4503.55
31,5,5,71,18,39,7,26,180,10,-1,32,32,0,8,6,10,-1,7,3,62,28,8,19,5032.37
28,4,14,136,55,42,8,18,186,26,-1,54,33,9,4,2,26,-1,12,3,16,25,9,25,4480.39
21,3,29,33,33,38,8,19,177,5,-1,1,41,4,2,3,20,-1,5,4,32,42,10,2,4186.0
46,2,79,5,4,18,6,27,163,7,-1,0,36,0,6,9,5,-1,5,6,6,17,10,1,4263.35
44,5,6,46,29,31,7,26,185,10,-1,13,29,0,3,2,51,-1,6,3,55,26,8,28,5002.84
30,4,12,20,5,35,7,26,191,10,-1,1,23,1,24,3,5,-1,2,4,45,49,8,9,4389.68
27,3,37,10,4,27,7,26,185,15,-1,5,32,2,23,7,15,-1,3,5,21,54,10,3,4113.38
7,4,28,42,47,41,9,17,174,12,-1,0,49,6,3,1,16,-1,5,4,17,43,10,6,4281.37
45,3,37,42,8,21,8,23,176,14,-1,5,41,2,4,4,0,-1,8,5,38,52,10,2,4969.25
2,9,75,0,4,5,12,17,121,1,-1,0,22,0,0,0,0,-1,0,1,12,19,7,0,5030.2
6,7,16,46,49,13,10,16,169,11,-1,7,57,13,5,13,20,-1,6,1,14,38,8,13,5041.32
7,6,30,30,5,24,8,24,175,11,-1,0,65,1,5,12,10,-1,8,3,18,59,6,7,5078.48
11,6,29,140,35,10,10,8,166,6,-1,16,62,32,0,1,0,-1,10,2,11,43,10,1,4454.76
8,7,72,10,4,13,8,28,156,6,-1,0,62,0,0,5,15,-1,3,3,7,26,5,0,5119.57
16,4,16,155,51,49,8,18,183,24,-1,30,34,12,4,1,24,-1,12,3,14,19,9,30,5023.72
37,3,19,46,14,28,7,25,195,10,-1,11,32,0,17,4,5,-1,7,4,57,38,9,10,4499.58
39,4,21,34,37,31,8,22,190,7,-1,14,33,2,7,0,12,-1,2,4,36,21,10,13,4355.32
9,7,46,35,9,12,8,28,166,14,-1,10,60,0,2,10,10,-1,5,2,17,44,6,4,4641.54
11,5,14,124,17,13,10,12,165,17,-1,30,65,28,3,3,129,-1,10,2,13,30,9,17,4724.83
10,7,57,30,6,16,7,24,167,13,-1,0,69,0,3,8,5,-1,5,3,7,42,6,3,5229.6
40,2,36,20,4,24,7,23,178,10,-1,5,34,3,13,15,5,-1,6,5,27,54,10,2,4695.29
2,8,67,10,5,11,9,29,154,8,-1,15,50,1,1,7,5,-1,6,3,10,28,5,0,4852.51
49,2,41,25,5,25,7,23,174,7,-1,0,34,1,3,13,5,-1,6,5,24,53,10,2,4572.56
8,2,60,20,5,50,8,22,155,7,-1,5,38,2,4,7,5,-1,1,5,22,42,11,0,4944.23
42,5,7,59,11,33,7,27,181,7,-1,17,32,0,4,6,0,-1,4,3,60,45,8,15,4699.27
10,7,52,30,8,9,9,28,162,13,-1,0,58,2,0,11,5,-1,7,2,14,44,6,2,4392.79
45,3,34,32,16,23,8,20,184,9,-1,10,38,3,4,4,5,-1,3,4,47,40,10,0,4459.48
31,3,37,37,14,36,8,22,174,9,-1,10,36,2,1,2,10,-1,6,5,48,45,10,2,4652.18
41,4,13,86,38,31,8,22,194,9,-1,39,29,2,7,2,14,-1,8,4,37,26,9,19,5079.29
1,9,76,5,3,8,10,22,125,7,-1,0,27,1,1,2,0,-1,0,2,10,16,5,0,4768.94
4,8,73,0,10,8,10,19,131,6,-1,0,22,0,1,1,0,-1,1,1,13,17,6,1,5340.63
27,4,11,137,55,43,8,18,186,25,-1,55,32,12,3,2,27,-1,11,3,14,23,9,25,4891.23
45,4,7,45,31,32,8,24,189,12,-1,2,26,0,2,1,57,-1,6,3,53,26,8,32,4196.73
40,3,24,46,21,21,7,23,195,10,-1,12,39,1,15,4,5,-1,5,4,49,31,10,9,4392.46
11,5,10,198,53,46,9,16,179,21,-1,56,38,13,10,5,93,-1,12,3,12,17,9,36,4783.56
44,5,6,84,38,32,8,24,181,10,-1,29,29,0,2,2,51,-1,6,3,46,23,8,27,4060.4
18,5,15,35,5,50,7,23,180,12,-1,0,37,0,6,5,5,-1,3,3,41,42,7,6,4565.94
9,8,46,25,15,11,9,24,158,14,-1,10,51,3,1,10,5,-1,5,1,26,44,6,5,4619.19
46,4,11,25,4,33,7,28,188,6,-1,5,24,0,9,9,0,-1,3,4,35,48,8,8,4301.75
10,6,9,225,23,16,9,12,176,12,-1,62,60,35,6,2,81,-1,17,2,4,20,9,19,6830.28
10,6,20,35,4,48,7,24,178,10,-1,5,43,0,5,5,5,-1,5,3,26,55,7,4,4859.1
5,8,52,10,17,8,11,13,140,3,-1,0,23,4,2,0,5,-1,3,0,50,36,8,1,5318.17
6,4,33,47,44,30,9,17,159,8,-1,1,54,7,2,2,5,-1,1,4,19,48,11,5,4303.73
29,2,66,25,3,29,7,23,162,4,-1,5,42,1,4,11,5,-1,3,6,12,37,11,1,4219.74
28,3,29,20,4,29,7,26,195,14,-1,6,27,1,16,8,10,-1,2,5,29,47,9,6,4274.38
25,5,16,15,8,46,7,27,179,7,-1,1,37,0,5,4,10,-1,3,3,42,34,7,5,5062.13
35,2,57,25,3,27,7,23,167,5,-1,5,43,1,2,8,5,-1,6,5,18,46,11,1,4370.52
22,1,81,20,2,33,7,26,154,11,-1,5,36,1,6,7,0,-1,4,6,8,15,11,0,4383.9
24,4,23,88,49,41,8,18,186,13,-1,29,34,9,4,2,28,-1,5,4,18,25,10,12,4618.19
9,7,68,10,4,11,8,28,157,4,-1,0,62,1,1,4,15,-1,3,3,7,30,5,0,5064.55
11,7,42,25,7,13,8,29,167,13,-1,10,65,0,1,6,10,-1,7,3,19,47,6,4,5257.29
3,9,74,0,8,7,11,19,126,2,-1,0,20,1,1,0,0,-1,1,1,15,22,7,0,4842.46
42,4,10,20,7,31,7,26,190,9,-1,7,26,1,14,5,0,-1,3,4,46,47,8,12,4723.21
14,6,14,40,7,50,8,22,179,10,-1,5,38,3,4,8,5,-1,4,3,58,30,7,11,4847.54
44,2,46,15,4,23,7,23,177,7,-1,0,36,1,8,15,10,-1,5,5,21,50,10,1,4240.09
28,5,16,25,4,42,7,27,178,6,-1,0,37,0,5,5,5,-1,2,4,36,46,7,5,4821.74
10,8,50,20,8,10,9,27,160,10,-1,0,55,2,1,12,5,-1,5,2,16,44,6,3,5171.83
41,2,64,20,3,22,7,24,164,2,-1,5,38,1,5,12,5,-1,2,6,15,39,11,1,4407.66
23,5,10,37,12,48,7,25,179,11,-1,1,31,1,7,7,10,-1,5,3,63,28,7,18,4773.44
12,4,27,97,55,37,9,16,175,16,-1,13,50,6,3,2,20,-1,6,4,9,40,10,3,4559.23
22,3,34,15,4,29,6,27,192,3,-1,0,22,1,18,2,10,-1,2,5,19,53,9,5,4105.44
23,3,31,20,4,31,7,26,194,15,-1,6,28,2,18,9,10,-1,5,5,26,54,10,6,4147.23
8,7,29,35,17,13,9,25,159,12,-1,6,56,2,4,9,10,-1,6,1,35,51,6,4,4220.95
35,4,5,149,58,36,8,21,189,17,-1,47,30,8,5,5,41,-1,12,3,16,26,9,22,6586.75
49,3,37,42,7,17,7,22,176,14,-1,0,43,3,3,6,0,-1,8,5,35,52,10,2,4412.13
1,9,77,5,3,7,10,22,121,3,-1,0,26,1,1,2,0,-1,1,2,10,14,5,0,4748.65
49,2,44,15,5,25,7,23,174,6,-1,0,34,1,3,14,10,-1,6,5,23,51,10,2,4115.63
11,5,27,160,39,10,10,11,163,6,-1,16,62,27,0,1,0,-1,8,3,11,47,10,2,4639.04
20,2,64,15,3,37,7,23,156,9,-1,5,42,1,4,9,5,-1,5,6,10,36,11,0,4207.47
9,8,47,20,13,10,9,24,159,10,-1,0,55,3,2,9,10,-1,5,2,24,44,6,7,5250.71
15,6,9,46,18,49,8,23,182,15,-1,12,38,3,4,9,15,-1,8,3,61,22,7,21,4823.52
4,8,81,10,3,10,8,30,143,3,-1,0,44,0,0,1,0,-1,3,4,5,16,4,0,4594.8
11,5,7,228,49,44,9,16,181,24,-1,73,40,15,9,5,84,-1,14,3,11,18,9,32,5039.69
6,1,82,5,2,46,7,24,147,6,-1,5,41,2,1,5,10,-1,3,6,7,11,12,0,4294.5
18,3,32,20,5,31,6,26,193,11,-1,5,27,1,21,9,10,-1,3,5,21,55,9,7,4176.01
12,6,24,35,4,49,7,24,179,12,-1,5,43,0,7,3,5,-1,4,3,25,50,7,5,4912.93
6,1,78,0,3,45,7,24,144,4,-1,0,43,1,1,7,10,-1,3,6,4,9,12,0,4446.72
10,6,30,25,5,31,7,23,174,8,-1,0,59,0,1,6,10,-1,6,3,17,54,6,3,5106.78
45,3,34,42,6,21,7,23,181,17,-1,5,38,4,8,8,5,-1,8,5,39,52,10,3,4944.52
35,4,11,54,7,31,7,26,190,12,-1,39,25,1,22,4,0,-1,2,4,54,48,8,11,4723.38
0,9,77,0,0,3,13,14,98,0,-1,0,20,0,0,0,0,-1,0,1,13,5,9,0,4971.01
8,2,62,25,5,49,8,22,155,6,-1,5,40,2,5,7,5,-1,1,5,17,40,11,0,4917.28
33,2,61,20,3,21,6,27,178,10,-1,10,35,2,20,8,5,-1,5,5,14,39,10,0,4377.76
31,3,18,22,12,31,7,26,194,11,-1,11,28,1,18,3,15,-1,3,4,54,46,9,6,4315.15
12,6,20,35,4,48,7,25,178,13,-1,5,41,0,6,4,5,-1,4,3,27,55,7,4,4944.8
10,5,19,150,30,17,9,15,165,12,-1,47,60,27,3,3,56,-1,10,3,15,39,10,10,4365.52
3,9,76,0,8,4,11,19,125,3,-1,0,22,0,1,0,0,-1,1,1,13,20,7,0,4869.31
22,2,64,15,3,34,7,24,157,7,-1,5,43,1,4,9,5,-1,5,6,10,37,11,0,4198.99
11,4,16,162,43,46,9,18,178,16,-1,24,40,19,4,0,42,-1,14,3,14,18,9,25,4573.73
1,9,77,0,4,5,12,19,120,2,-1,0,21,0,0,0,0,-1,0,1,11,9,7,0,4979.21
8,4,24,116,51,30,9,16,172,15,-1,8,59,6,4,3,7,-1,3,3,11,43,10,6,4268.93
26,2,66,25,3,32,7,23,161,6,-1,5,43,1,5,8,5,-1,4,5,13,37,11,1,4426.79
14,7,19,65,16,13,9,27,178,21,-1,19,62,4,4,15,15,-1,15,2,51,38,7,7,4416.07
30,3,36,47,15,36,8,22,177,9,-1,10,37,3,2,3,5,-1,4,5,48,44,10,2,4980.99
25,3,31,39,21,36,8,21,177,6,-1,1,42,3,1,3,10,-1,5,4,45,44,10,2,4297.29
33,2,41,15,2,24,7,25,183,8,-1,5,34,4,19,12,10,-1,4,5,20,50,10,3,4258.82
28,3,34,33,22,34,8,21,177,7,-1,1,41,1,1,3,10,-1,4,4,44,42,10,2,4111.46
23,5,21,20,3,46,7,26,179,9,-1,0,38,0,6,5,10,-1,1,4,28,47,7,6,3213.81
44,4,12,25,3,33,7,27,188,9,-1,5,24,0,11,9,0,-1,4,4,35,48,8,9,4331.96
43,2,65,15,3,23,7,26,165,4,-1,5,36,2,6,11,5,-1,3,6,14,37,11,0,4293.29
41,3,34,37,16,28,8,21,182,7,-1,10,36,3,2,4,5,-1,3,4,48,40,10,1,5099.37
26,5,7,76,18,44,7,26,179,11,-1,33,33,0,8,7,10,-1,7,3,62,28,8,19,4759.29
1,9,75,0,2,6,10,21,124,2,-1,0,26,2,1,2,0,-1,0,2,10,16,5,0,4843.91
9,8,53,30,7,9,9,28,162,12,-1,0,57,2,1,13,5,-1,6,2,13,45,5,1,4214.44
12,7,23,35,15,12,9,26,171,14,-1,6,58,5,4,12,20,-1,12,2,47,44,6,6,4419.31
8,7,71,15,2,14,7,24,155,8,-1,0,68,0,1,6,5,-1,5,4,8,27,5,0,5058.03
13,5,12,209,19,37,9,16,176,9,-1,24,47,42,1,0,79,-1,17,3,15,22,9,17,4889.99
49,2,80,5,5,15,6,28,167,5,-1,0,34,0,8,7,5,-1,4,6,6,17,10,1,4138.46
6,8,75,20,2,11,8,30,158,9,-1,0,62,2,1,6,10,-1,3,3,8,22,5,0,5048.37
13,7,19,55,20,12,9,23,173,15,-1,12,58,6,2,12,25,-1,12,1,47,42,7,8,4652.74
16,6,13,60,34,13,9,24,182,22,-1,19,65,3,6,19,30,-1,14,2,42,25,7,19,4959.11
13,7,20,45,20,11,9,23,175,14,-1,12,58,6,4,14,30,-1,11,1,47,44,7,6,4674.85
27,3,21,20,7,33,7,25,194,14,-1,1,23,1,16,7,15,-1,2,4,46,51,9,6,4280.23
9,4,23,133,43,22,9,16,170,15,-1,25,57,13,4,3,12,-1,4,3,12,44,10,7,4354.97
10,7,53,25,8,10,9,28,163,12,-1,5,59,1,1,9,5,-1,6,2,11,44,5,1,4358.49
4,1,75,0,3,42,7,25,137,1,-1,0,45,1,3,4,10,-1,1,7,5,6,12,0,4261.26
50,4,8,65,11,31,7,27,189,13,-1,39,25,0,7,8,5,-1,3,4,66,44,8,11,4614.74
51,3,26,23,21,20,8,22,193,7,-1,6,38,1,5,6,16,-1,1,4,48,34,10,4,4462.48
23,2,65,15,3,35,7,23,160,8,-1,5,43,1,6,6,5,-1,5,5,14,38,11,0,4315.27
51,4,9,78,16,20,7,25,194,8,-1,33,33,2,7,3,7,-1,4,4,58,28,9,17,4782.82
46,2,78,5,3,21,6,26,162,11,-1,10,35,1,4,10,5,-1,6,6,7,18,11,1,4515.92
9,7,43,40,10,13,9,28,164,17,-1,0,60,1,2,14,5,-1,6,2,23,46,6,6,4456.96
3,8,73,15,4,11,9,30,151,11,-1,5,47,0,1,6,0,-1,2,3,7,21,5,0,5124.69
45,4,6,89,42,28,8,24,189,9,-1,24,29,7,6,3,30,-1,9,3,33,29,9,23,4540.52
30,3,34,38,20,35,8,22,176,5,-1,1,39,2,1,5,5,-1,4,4,45,42,10,2,5144.38
50,4,6,57,20,25,7,24,192,10,-1,24,32,2,4,3,29,-1,4,4,58,30,9,17,4836.51
23,3,59,20,6,17,6,28,182,13,-1,5,34,1,29,11,0,-1,2,5,11,37,10,3,4360.25
41,2,54,20,3,23,7,23,169,5,-1,0,42,1,3,8,5,-1,5,5,21,49,11,1,4489.14
29,3,24,15,5,30,7,25,195,14,-1,6,25,1,15,6,10,-1,2,4,40,50,9,5,4258.94
15,6,15,35,6,51,7,24,182,12,-1,5,36,0,6,5,5,-1,4,3,38,42,7,8,5479.37
29,4,13,32,10,39,7,26,194,14,-1,6,21,1,23,4,5,-1,3,4,55,47,9,9,4467.14
37,4,9,68,11,30,7,26,191,12,-1,39,28,2,16,2,10,-1,1,4,63,44,9,12,4864.03
27,2,46,15,3,23,7,25,184,13,-1,5,35,3,25,8,10,-1,4,5,19,45,10,2,4111.51
41,2,71,10,6,23,6,27,169,10,-1,5,31,0,11,9,5,-1,2,6,7,27,10,0,4352.24
35,2,44,15,2,24,7,25,183,8,-1,5,34,4,17,11,10,-1,4,5,20,47,10,3,4211.13
4,8,72,5,2,9,10,22,138,6,-1,5,33,2,1,2,0,-1,0,2,15,22,5,0,5127.65
11,7,23,20,18,14,9,23,165,13,-1,11,57,5,3,9,30,-1,9,1,47,47,6,6,4616.71
18,6,12,80,23,22,8,23,181,20,-1,18,57,2,3,12,10,-1,14,2,52,19,7,18,5065.08
9,7,61,20,6,14,8,24,163,13,-1,0,71,0,3,6,10,-1,7,3,6,39,5,1,5191.98
37,4,18,57,46,35,8,21,190,14,-1,14,32,5,6,1,18,-1,5,4,25,22,9,17,4340.19
29,2,53,15,3,23,7,27,180,10,-1,5,37,3,23,8,10,-1,4,5,15,46,10,0,4599.06
19,3,27,15,5,34,6,26,197,9,-1,1,24,0,17,5,15,-1,2,5,28,51,9,4,4274.11
26,3,49,25,4,16,6,27,183,14,-1,5,35,2,19,10,0,-1,4,5,13,43,10,4,4272.72
44,4,7,39,25,34,7,24,189,11,-1,2,26,2,4,2,57,-1,4,3,57,28,8,24,4825.87
12,6,27,20,4,47,7,24,178,10,-1,5,43,0,2,4,10,-1,2,3,21,53,7,1,4907.45
37,2,73,20,3,25,7,25,162,4,-1,10,38,2,6,11,0,-1,4,6,9,26,11,1,4353.25
20,6,10,84,33,34,8,24,183,14,-1,28,50,2,2,10,15,-1,10,2,46,17,7,24,5016.08
18,5,4,137,56,48,8,21,182,15,-1,51,34,7,7,5,51,-1,11,3,19,18,8,23,4995.64
37,5,4,102,41,35,8,23,180,12,-1,29,29,3,5,2,57,-1,7,3,40,22,8,33,4594.09
50,4,6,57,20,25,7,24,191,10,-1,24,32,2,4,3,29,-1,4,4,58,30,9,19,4965.84
46,2,77,10,4,20,6,26,161,9,-1,10,35,1,5,10,5,-1,5,6,6,19,11,1,4257.27
2,8,70,10,3,12,9,29,149,8,-1,10,48,1,0,6,5,-1,5,3,11,24,5,0,4862.24
44,4,11,90,34,31,8,24,195,7,-1,39,28,1,5,5,14,-1,9,4,42,28,9,16,4839.15
31,5,4,151,63,38,8,22,182,12,-1,34,32,5,4,3,57,-1,15,3,17,18,8,29,4946.56
13,7,22,45,19,12,9,22,168,15,-1,11,58,6,2,13,30,-1,11,1,48,46,7,11,4753.75
45,2,74,15,3,22,6,25,164,9,-1,10,34,2,6,10,5,-1,5,6,8,24,10,0,4311.19
29,3,26,43,40,36,8,20,187,7,-1,7,38,4,4,3,17,-1,2,4,28,31,10,5,4140.34
49,4,6,42,19,26,7,24,191,10,-1,8,32,2,4,3,44,-1,4,4,59,30,9,19,4193.11
18,5,21,25,4,49,7,23,179,13,-1,5,38,0,6,4,10,-1,4,4,28,48,7,5,5115.77
47,4,7,29,20,31,7,24,189,10,-1,2,29,2,4,2,52,-1,4,3,61,30,8,22,4221.2
7,7,60,20,5,11,8,30,161,7,-1,5,62,2,2,5,10,-1,5,3,9,37,5,0,5230.37
30,3,36,37,16,36,8,21,176,7,-1,0,38,2,1,4,5,-1,5,4,49,44,10,2,5022.19
43,2,67,15,3,22,7,25,166,8,-1,10,36,3,5,9,5,-1,5,6,12,33,11,0,4841.91
36,3,34,47,16,32,8,21,180,6,-1,10,35,3,3,4,5,-1,3,4,48,40,10,2,4989.77
33,3,36,47,15,34,8,22,180,9,-1,10,36,3,3,4,5,-1,3,4,48,43,10,2,5058.61
44,2,68,15,3,22,6,25,166,10,-1,10,34,2,7,10,5,-1,5,6,9,29,10,0,4400.66
10,6,39,20,4,28,7,23,176,11,-1,0,63,0,2,4,5,-1,4,4,8,60,6,3,4997.12
41,5,7,78,18,33,7,26,184,13,-1,44,31,0,8,6,6,-1,4,3,63,28,8,25,5201.7
4,1,75,10,4,34,7,24,129,1,-1,5,50,0,4,4,0,-1,2,7,4,2,12,0,4114.17
43,2,70,10,4,21,6,27,168,10,-1,10,34,1,9,9,5,-1,5,6,8,27,10,0,4684.8
37,1,81,20,2,22,7,28,154,13,-1,0,39,2,6,12,0,-1,7,6,7,13,11,1,4736.78
36,4,7,156,55,32,8,22,189,19,-1,58,33,8,7,6,19,-1,13,3,18,26,9,18,4466.83
40,4,5,69,47,31,8,24,189,9,-1,9,33,6,2,1,65,-1,7,3,31,25,9,26,4787.77
2,8,72,5,2,11,10,23,138,6,-1,5,33,2,0,2,0,-1,0,2,14,19,5,0,5091.6
38,2,49,25,5,24,7,23,170,6,-1,5,43,2,3,6,5,-1,5,5,22,51,11,1,4762.87
13,4,27,58,50,40,9,17,181,14,-1,6,47,6,3,2,17,-1,6,4,14,38,10,7,4425.86
2,9,74,0,5,5,11,17,121,1,-1,0,22,0,0,0,0,-1,0,1,12,19,7,0,5250.68
1,9,74,0,3,5,12,15,119,2,-1,0,20,0,0,0,0,-1,0,1,12,9,7,0,4912.25
2,8,65,15,5,12,9,29,158,8,-1,10,53,1,1,8,5,-1,7,2,11,31,5,0,5160.57
36,2,54,15,4,26,7,23,169,6,-1,5,42,2,3,8,5,-1,5,5,20,49,11,1,4665.59
4,1,77,10,3,26,8,23,126,2,-1,0,55,0,4,3,0,-1,1,7,4,3,12,0,4190.28
10,5,29,123,38,10,10,11,159,5,-1,16,63,26,0,1,0,-1,6,3,13,51,10,1,4421.29
18,6,15,70,20,24,8,22,184,20,-1,13,57,0,1,10,15,-1,12,2,54,21,7,12,5057.82
5,1,75,5,3,47,7,25,138,4,-1,0,41,1,3,5,5,-1,2,7,6,8,12,0,4249.37
45,4,7,45,27,33,7,24,189,11,-1,2,25,1,4,2,57,-1,4,3,56,27,8,24,5014.43
7,4,28,42,47,41,9,17,174,12,-1,0,49,6,3,1,16,-1,5,4,17,43,10,6,4358.88
2,8,74,10,3,12,9,28,144,7,-1,10,37,1,1,3,5,-1,3,3,11,17,5,0,5213.65
46,4,6,50,37,29,8,24,188,10,-1,2,29,0,1,1,58,-1,6,3,47,25,8,27,4154.82
11,2,67,15,2,42,8,22,156,12,-1,5,40,2,4,9,5,-1,5,6,11,33,11,0,4216.13
14,6,20,35,9,17,8,26,179,16,-1,5,64,4,4,11,10,-1,12,2,46,40,6,5,4393.61
44,4,5,80,18,30,7,26,189,15,-1,45,29,0,9,3,5,-1,4,4,65,37,8,22,4838.88
4,1,74,10,4,36,7,26,129,6,-1,5,49,0,4,2,0,-1,2,7,3,2,12,0,4444.95
7,8,71,5,10,6,10,19,133,7,-1,5,25,1,0,2,0,-1,2,1,11,20,6,1,5254.92
10,4,27,60,50,40,9,17,176,13,-1,13,48,5,4,2,17,-1,5,4,14,39,10,5,4492.76
7,8,58,20,6,12,8,30,159,6,-1,10,59,2,2,8,10,-1,5,3,11,38,5,0,5399.71
13,4,11,137,47,46,9,17,180,15,-1,25,39,15,6,1,85,-1,12,3,15,19,9,28,4846.99
37,3,33,31,8,24,7,23,183,17,-1,5,33,3,19,12,10,-1,7,5,40,49,10,2,4326.23
13,6,23,35,4,49,7,25,177,13,-1,5,41,0,6,2,5,-1,4,3,25,52,7,4,5010.16
27,3,31,25,4,29,7,26,195,14,-1,6,28,1,16,9,5,-1,4,5,29,48,9,5,4351.44
11,5,13,158,14,13,10,13,166,18,-1,30,65,31,2,3,123,-1,13,2,13,29,9,18,4875.96
35,4,9,68,8,31,7,26,192,13,-1,39,26,2,19,3,10,-1,2,4,65,47,9,13,4799.75
42,3,32,32,13,21,7,22,189,15,-1,6,37,3,14,6,10,-1,4,5,47,40,10,3,4278.57
4,8,73,20,3,12,8,30,155,9,-1,5,56,2,2,7,10,-1,3,3,10,22,5,0,5120.48
23,2,63,20,3,36,7,23,162,8,-1,5,43,1,6,7,5,-1,5,5,16,41,11,0,4418.55
11,4,11,137,47,49,9,18,179,17,-1,31,39,15,4,0,82,-1,15,3,16,20,9,30,5153.79
46,2,78,5,4,17,6,28,163,5,-1,0,35,0,8,9,5,-1,5,6,6,18,10,1,4143.97
10,6,16,57,51,10,10,15,169,16,-1,8,56,14,6,13,25,-1,7,1,13,26,8,10,5041.9
46,2,57,5,3,23,7,24,172,4,-1,0,37,1,4,12,10,-1,3,5,16,44,11,0,4418.57
6,4,31,15,40,33,9,18,161,2,-1,1,57,6,2,1,20,-1,0,4,24,49,11,5,4202.4
14,5,9,266,23,24,9,11,179,20,-1,62,50,34,4,6,76,-1,17,2,6,17,9,26,5045.87
29,3,26,37,34,33,8,20,183,7,-1,1,40,3,4,3,17,-1,2,4,32,40,10,4,4160.64
12,4,22,116,48,32,9,17,174,13,-1,30,55,8,3,1,20,-1,6,3,13,42,10,6,4513.02
50,5,16,25,5,34,7,28,184,4,-1,0,27,0,1,3,5,-1,2,4,32,44,8,9,4208.64
45,4,7,64,15,28,7,26,189,14,-1,45,29,1,10,4,5,-1,3,4,63,42,8,21,4912.44
22,3,29,20,4,30,7,27,197,12,-1,6,28,1,20,10,10,-1,2,5,26,49,9,5,4320.09
42,4,5,40,19,35,7,26,187,13,-1,12,28,0,6,3,45,-1,5,3,64,31,8,24,4973.17
15,6,24,25,4,48,7,25,179,11,-1,5,43,0,5,2,10,-1,2,4,23,52,7,3,4846.71
47,4,6,90,27,28,8,24,194,9,-1,40,28,2,6,3,14,-1,7,4,50,30,9,20,4939.6
5,1,79,0,3,41,8,24,138,3,-1,0,43,1,0,6,10,-1,3,6,5,8,12,0,4346.57
15,5,8,47,19,50,8,22,179,14,-1,12,37,3,4,9,15,-1,9,3,61,23,7,21,5164.64
8,1,81,5,3,42,7,26,150,7,-1,5,45,1,3,6,10,-1,3,6,7,11,11,0,4374.21
1,8,78,15,4,13,9,30,143,10,-1,5,36,0,1,3,0,-1,2,3,7,17,5,0,5022.53
11,3,35,29,26,42,9,19,166,8,-1,1,44,5,0,0,20,-1,5,4,36,47,11,4,4160.6
46,2,79,5,5,18,6,28,167,8,-1,0,34,0,8,7,5,-1,5,6,6,18,10,1,4258.54
9,1,74,5,2,47,7,24,153,9,-1,5,39,1,2,6,10,-1,4,6,8,18,11,0,4419.19
32,2,69,15,4,27,7,24,161,4,-1,5,40,1,5,12,5,-1,3,6,12,31,11,1,4341.63
8,1,70,5,2,46,7,23,154,10,-1,5,42,1,3,7,10,-1,3,6,7,24,11,0,4706.21
21,5,7,60,19,47,8,24,177,12,-1,28,34,2,5,7,15,-1,5,3,61,21,7,24,5137.58
37,4,18,78,47,35,8,21,190,13,-1,30,32,5,6,1,18,-1,6,4,24,21,9,20,4321.26
7,7,31,30,5,20,8,23,175,8,-1,0,68,1,6,14,15,-1,7,3,18,60,6,6,5033.07
1,9,73,0,3,7,10,20,120,1,-1,0,25,1,0,2,0,-1,1,2,10,18,5,0,4882.51
26,3,27,28,41,39,8,19,186,6,-1,7,36,5,3,2,27,-1,1,4,26,32,10,6,4317.96
42,3,32,32,13,22,7,22,188,14,-1,5,37,3,13,6,10,-1,4,5,47,40,10,3,4854.05
8,6,15,73,42,13,10,15,170,10,-1,7,57,23,5,10,15,-1,9,1,11,29,8,12,5164.98
27,5,16,25,4,43,7,26,179,5,-1,0,38,0,5,5,5,-1,2,3,39,45,7,5,4460.66
9,7,43,40,10,13,9,28,164,16,-1,0,60,1,2,13,5,-1,6,2,23,46,6,6,4416.98
0,9,74,0,0,3,13,14,97,0,-1,0,20,0,0,0,0,-1,0,1,9,5,9,0,5467.22
51,4,8,66,12,25,7,27,188,10,-1,45,30,0,7,7,5,-1,3,4,66,42,8,17,4596.9
10,5,16,172,15,14,10,14,167,15,-1,30,64,33,3,3,110,-1,14,3,14,30,10,16,4802.48
9,7,35,45,10,17,8,28,169,16,-1,5,57,1,2,11,5,-1,4,2,23,51,6,6,4801.92
10,5,14,178,15,17,9,14,168,13,-1,29,61,33,3,3,116,-1,14,3,13,29,10,18,5037.19
28,3,21,20,6,32,7,25,194,14,-1,1,24,1,15,6,15,-1,2,4,42,53,9,5,4365.03
38,3,42,37,8,26,8,23,171,15,-1,10,39,2,3,5,5,-1,8,5,39,47,10,1,4866.06
41,3,22,34,33,31,8,22,192,7,-1,14,33,2,5,1,12,-1,2,4,40,23,10,12,4469.99
11,5,16,157,17,12,10,14,166,16,-1,30,66,31,2,3,110,-1,12,3,14,32,10,17,4622.54
0,9,75,0,0,3,13,15,97,0,-1,0,20,0,0,0,0,-1,0,1,9,4,9,0,5416.71
47,5,15,20,6,34,7,28,183,3,-1,0,30,0,1,2,5,-1,2,4,34,45,8,8,5026.43
1,8,74,0,3,12,9,26,139,8,-1,10,35,1,1,1,5,-1,2,2,11,17,5,0,4972.62
19,5,7,160,62,37,8,18,183,18,-1,63,44,13,3,7,78,-1,17,2,6,13,8,38,5151.55
2,9,75,0,5,5,11,18,120,1,-1,0,21,0,0,0,0,-1,0,1,12,17,7,0,4990.81
11,7,39,30,13,11,9,27,162,14,-1,0,56,1,2,9,5,-1,5,2,28,48,6,6,4356.62
2,8,68,0,3,11,9,26,145,3,-1,10,38,1,0,1,5,-1,3,2,14,26,5,0,4951.33
25,3,42,42,13,38,8,21,169,7,-1,5,39,1,1,4,5,-1,5,5,46,47,11,1,4706.94
10,7,49,25,8,10,9,28,161,11,-1,0,57,2,1,10,5,-1,6,2,16,44,6,4,4220.9
27,5,19,25,5,44,7,26,179,7,-1,0,38,0,4,5,5,-1,1,4,27,46,7,6,4711.59
23,2,58,10,5,36,8,23,164,11,-1,5,40,2,6,7,10,-1,6,5,19,46,11,0,4465.11
6,4,28,57,44,33,9,16,166,10,-1,1,57,7,2,2,15,-1,2,4,17,46,10,4,4346.08
26,5,5,178,58,39,8,20,185,24,-1,80,33,9,8,6,64,-1,13,3,12,24,9,32,4622.2
15,6,34,10,4,48,7,25,179,8,-1,0,42,0,4,5,15,-1,2,4,12,60,7,1,5066.32
49,5,16,15,5,34,7,28,184,4,-1,0,28,0,1,3,5,-1,2,4,26,45,8,8,5042.42
10,3,59,25,10,48,8,20,157,1,-1,0,42,1,0,3,5,-1,0,5,36,42,11,0,4614.17
15,6,21,30,4,49,7,24,180,13,-1,5,41,0,7,4,10,-1,4,3,30,50,7,5,4938.12
39,3,33,15,4,23,7,25,183,12,-1,5,31,3,19,9,15,-1,4,5,33,54,10,6,4633.57
23,5,23,15,4,45,7,26,181,6,-1,5,40,0,4,6,5,-1,1,4,17,53,7,4,3193.53
10,6,21,25,3,28,8,23,181,11,-1,0,58,4,6,9,10,-1,7,3,45,42,6,4,5300.07
5,4,28,42,46,38,9,18,170,11,-1,1,53,6,3,1,15,-1,5,4,17,45,10,6,4370.79
22,5,7,60,19,48,7,24,177,12,-1,28,32,1,5,6,15,-1,5,3,61,24,7,21,4947.55
16,5,8,221,34,26,9,15,178,15,-1,81,51,33,3,7,74,-1,27,2,6,12,8,29,4508.56
1,9,74,0,2,5,10,22,118,2,-1,5,29,2,0,2,0,-1,1,3,8,14,4,0,4906.29
20,2,63,10,3,34,8,22,161,12,-1,5,42,2,7,11,10,-1,5,5,18,41,11,0,4589.36
46,3,35,37,12,22,7,22,184,14,-1,5,38,3,8,5,5,-1,5,5,48,41,10,2,4874.15
15,6,61,10,1,40,6,27,177,2,-1,0,50,0,2,3,10,-1,0,4,5,45,6,5,4701.38
12,7,23,30,9,15,8,28,178,18,-1,10,66,5,3,9,15,-1,10,2,42,42,6,4,4558.54
12,3,29,28,38,47,9,18,177,7,-1,1,41,5,2,1,25,-1,6,4,26,42,10,7,4318.51
47,4,36,15,3,30,6,28,190,7,-1,0,25,0,9,5,5,-1,2,4,19,40,8,1,4282.81
1,8,77,5,2,12,10,22,135,6,-1,5,29,2,1,2,0,-1,0,2,13,13,5,0,5124.21
43,5,6,71,15,32,7,27,184,9,-1,33,31,0,7,7,0,-1,2,3,64,39,8,14,4822.15
49,4,5,32,19,28,7,24,191,10,-1,2,30,2,4,2,44,-1,3,4,59,32,9,20,4979.08
15,6,36,15,4,47,7,25,179,5,-1,0,45,0,4,5,15,-1,3,4,12,59,7,1,5090.63
27,4,14,153,57,43,8,18,186,27,-1,55,31,10,5,2,15,-1,13,3,14,23,9,27,4470.68
27,3,48,25,4,16,6,27,183,13,-1,5,34,2,17,10,0,-1,4,5,12,44,10,4,4334.87
0,9,74,0,0,3,13,15,96,0,-1,0,20,0,0,0,0,-1,0,1,8,4,9,0,4333.33
3,9,74,0,7,5,11,18,123,1,-1,0,21,0,0,0,0,-1,1,1,13,22,7,0,5181.98
29,4,12,20,6,36,7,26,191,11,-1,1,23,1,25,4,5,-1,2,4,48,49,8,9,4684.08
10,7,24,20,16,13,9,23,163,13,-1,11,59,5,3,10,25,-1,6,1,46,48,6,6,4503.63
28,2,49,15,3,23,7,27,182,11,-1,5,35,3,24,9,10,-1,4,5,18,43,10,1,4395.96
21,4,9,144,53,44,8,18,183,23,-1,46,32,10,7,4,76,-1,16,3,16,22,9,20,4874.66
33,2,49,15,3,23,7,24,178,8,-1,5,37,3,18,13,10,-1,4,5,17,49,10,0,4376.21
25,4,42,20,4,31,6,26,191,3,-1,0,21,0,27,2,10,-1,3,5,18,43,9,5,4256.09
11,6,44,30,4,23,7,23,170,15,-1,0,67,0,1,5,5,-1,5,3,11,55,6,4,4836.8
1,9,69,0,2,6,10,20,108,2,-1,5,21,1,0,2,0,-1,1,2,9,13,5,0,4761.2
3,9,74,0,6,5,11,19,123,1,-1,0,21,0,0,1,0,-1,0,1,14,20,6,0,5007.87
8,4,21,149,35,25,9,17,172,12,-1,47,58,21,5,2,39,-1,5,3,14,44,10,8,4576.25
23,2,68,20,6,19,6,28,181,12,-1,5,32,0,33,5,0,-1,3,6,9,30,10,1,4166.05
45,2,74,5,3,19,6,27,160,10,-1,0,38,1,4,11,5,-1,5,6,6,18,11,1,4403.15
18,2,64,10,3,37,8,22,159,11,-1,5,42,1,6,9,10,-1,3,5,18,40,11,0,4477.88
28,3,18,25,10,34,7,25,195,13,-1,1,23,1,17,5,10,-1,3,4,50,45,9,7,4525.65
32,2,55,15,3,24,7,26,180,10,-1,5,36,3,19,11,10,-1,5,5,17,44,10,0,4221.7
21,5,9,70,16,47,7,25,179,12,-1,17,33,1,7,7,10,-1,5,3,63,25,7,19,4770.01
27,2,61,15,5,24,6,28,179,10,-1,10,33,0,25,10,5,-1,5,5,13,38,10,0,4474.59
5,8,58,20,6,10,9,30,159,9,-1,5,59,2,2,7,5,-1,5,3,11,39,5,0,4138.23
18,3,27,15,5,34,6,27,197,9,-1,1,24,1,18,6,15,-1,1,5,24,52,9,5,4247.44
22,1,77,15,2,37,7,28,151,10,-1,0,37,2,5,9,0,-1,6,6,6,13,11,0,4317.61
17,5,8,48,20,49,8,23,180,14,-1,12,36,3,4,8,15,-1,8,3,61,20,7,23,4681.97
39,4,16,85,39,32,8,21,191,11,-1,46,31,5,8,2,19,-1,7,4,33,23,9,21,4310.56
38,4,9,74,11,30,7,25,192,12,-1,39,27,2,16,2,10,-1,1,4,63,43,9,12,4962.16
43,2,60,15,3,23,7,25,169,5,-1,10,36,3,6,9,5,-1,5,6,15,41,10,0,4301.24
26,2,54,5,6,34,8,23,167,11,-1,5,40,1,5,6,10,-1,4,5,24,46,11,0,4525.06
8,7,28,30,7,17,8,28,174,14,-1,5,68,1,4,17,15,-1,6,3,23,55,6,5,5175.14
9,6,29,117,43,11,10,8,161,5,-1,16,63,24,0,0,0,-1,6,2,9,49,10,1,3432.82
10,5,7,234,45,45,9,16,181,24,-1,66,40,19,10,5,78,-1,13,3,11,18,9,32,5029.63
23,5,4,161,59,42,8,20,183,18,-1,65,35,9,6,3,85,-1,15,3,14,21,9,35,4854.83
30,1,78,25,2,27,7,26,157,13,-1,5,38,2,7,9,0,-1,5,6,6,17,11,1,4822.66
4,9,72,0,3,4,10,20,125,3,-1,5,27,1,0,3,0,-1,1,2,14,18,5,0,4925.35
45,4,7,52,28,32,7,24,188,13,-1,13,26,0,3,2,50,-1,6,3,56,27,8,31,4281.43
39,3,25,38,31,31,8,20,189,8,-1,7,35,2,4,2,17,-1,1,4,39,26,10,3,4133.34
14,4,27,64,47,40,9,17,183,15,-1,6,46,7,3,1,11,-1,5,4,17,38,10,7,4515.43
27,3,26,49,40,38,8,20,187,7,-1,7,37,5,4,3,17,-1,2,4,27,31,10,7,4290.09
6,8,79,10,3,12,8,29,150,6,-1,0,61,0,0,7,10,-1,4,3,7,17,5,0,4704.3
19,2,66,15,3,35,8,23,157,13,-1,5,41,2,5,10,5,-1,5,5,13,38,11,0,4527.48
30,5,5,66,18,41,7,26,180,11,-1,32,31,0,7,6,10,-1,7,3,63,26,8,19,5217.48
11,7,70,10,2,12,8,24,154,8,-1,0,66,0,0,6,10,-1,5,3,9,28,5,0,5131.32
12,5,14,187,15,26,9,16,171,12,-1,23,51,40,3,0,101,-1,18,3,15,24,9,17,4980.86
13,6,36,10,4,44,7,25,178,7,-1,0,47,0,2,3,15,-1,3,4,12,60,6,2,5024.15
6,4,28,58,47,34,9,17,169,12,-1,1,56,6,2,1,15,-1,2,4,16,44,10,4,4453.57
28,4,14,20,7,38,7,26,192,9,-1,1,21,1,25,4,5,-1,2,4,50,46,9,9,4638.8
4,7,24,25,38,14,10,16,159,13,-1,1,46,5,5,6,25,-1,5,0,29,48,8,4,5803.66
6,7,18,35,52,14,10,17,168,13,-1,1,54,9,4,7,20,-1,6,1,15,42,8,12,5917.68
20,4,7,160,55,41,8,19,183,23,-1,53,34,8,9,5,81,-1,13,3,15,24,9,31,6021.88
2,9,75,0,7,5,11,18,125,2,-1,0,21,0,1,0,0,-1,1,0,13,20,7,0,5478.58
19,5,8,70,21,47,8,22,180,13,-1,34,38,3,2,10,15,-1,11,3,60,19,7,19,5862.01
13,4,22,128,54,43,9,17,181,16,-1,30,43,7,2,1,21,-1,7,3,13,28,10,8,4860.12
32,4,9,167,59,38,8,21,188,24,-1,64,32,8,4,6,21,-1,13,3,14,27,9,19,5854.01
17,6,13,80,23,21,8,24,181,19,-1,18,59,2,4,12,10,-1,16,2,51,21,7,18,5610.34
20,6,6,72,56,28,9,17,182,12,-1,1,49,13,2,9,76,-1,15,2,12,19,8,26,5541.83
8,7,22,20,6,18,8,26,177,16,-1,5,68,2,5,18,20,-1,6,3,32,52,6,5,5400.27
4,8,55,10,12,8,11,14,141,3,-1,0,23,2,2,0,5,-1,1,0,53,37,8,1,5586.23
24,5,10,37,12,48,7,25,179,11,-1,1,31,1,6,7,10,-1,5,3,63,28,7,18,5887.38
4,8,59,15,11,10,10,19,138,8,-1,0,24,4,1,1,0,-1,3,0,33,29,7,2,5720.82
3,9,74,0,6,4,12,18,123,2,-1,0,23,0,0,0,0,-1,1,0,12,22,7,0,5463.05
18,5,4,196,60,45,8,19,183,19,-1,96,35,9,8,4,53,-1,14,3,12,19,9,38,5458.36
5,8,52,20,16,10,11,14,142,6,-1,0,24,3,1,2,5,-1,2,0,48,35,8,3,5517.14
9,7,32,20,18,12,9,23,161,10,-1,11,58,2,3,12,15,-1,6,1,35,47,6,7,5491.0
12,5,10,182,54,44,8,17,179,19,-1,56,40,13,9,3,93,-1,12,3,12,19,9,36,6104.77
8,6,22,35,5,30,8,23,178,11,-1,0,58,2,8,9,10,-1,7,3,35,49,6,7,5615.37
18,6,10,73,24,41,8,23,185,14,-1,29,45,1,2,8,10,-1,9,2,57,16,7,24,5595.35
3,8,51,35,14,11,10,18,148,11,-1,0,37,6,3,7,0,-1,2,0,43,33,7,1,5796.52
5,8,51,20,17,9,11,14,141,5,-1,0,25,6,2,0,5,-1,4,0,47,36,8,3,5593.26
45,5,23,10,4,32,6,26,184,4,-1,5,32,0,2,2,5,-1,3,4,17,50,7,5,5348.9
14,7,19,55,19,12,9,22,179,13,-1,12,56,7,3,10,25,-1,12,1,48,41,7,7,5335.82
4,8,58,15,11,10,10,18,143,7,-1,0,24,4,1,1,0,-1,3,0,33,30,7,1,5725.42
7,8,49,20,14,12,9,22,157,13,-1,15,48,2,1,7,5,-1,4,1,22,40,6,5,5574.82
19,6,8,114,37,40,8,21,184,22,-1,29,42,3,5,9,15,-1,15,2,43,17,7,24,5643.33
12,7,21,70,28,13,10,19,169,16,-1,6,55,8,2,8,15,-1,14,1,38,44,7,14,6173.02
25,5,17,20,4,44,7,26,179,8,-1,0,38,0,6,4,10,-1,2,3,39,43,7,5,6085.61
18,5,5,186,63,44,8,18,182,18,-1,86,38,8,5,5,65,-1,13,3,10,15,8,33,5959.11
10,5,13,171,10,23,9,14,170,13,-1,24,54,36,4,2,138,-1,14,2,14,25,9,17,5391.4
8,7,17,61,46,13,10,12,170,8,-1,0,56,19,3,11,10,-1,5,1,11,36,8,9,5567.74
14,6,9,97,52,13,9,20,177,15,-1,28,54,10,3,12,30,-1,13,1,18,31,7,15,6189.22
13,5,11,203,17,38,9,15,175,9,-1,24,46,45,1,0,109,-1,14,3,16,20,9,22,5694.66
6,7,42,25,27,11,11,13,141,4,-1,0,32,6,2,1,5,-1,5,0,40,45,8,3,5128.89
22,5,6,149,45,41,8,21,183,18,-1,62,37,5,8,6,21,-1,14,2,33,15,8,16,5086.67
5,8,64,15,10,10,11,19,137,7,-1,0,21,4,0,0,0,-1,3,0,28,29,7,2,5802.01
5,8,63,20,6,10,9,29,159,9,-1,5,58,2,1,8,5,-1,6,2,11,34,5,0,5220.71
15,5,37,10,3,48,6,25,180,5,-1,5,42,0,7,7,15,-1,3,4,11,59,7,3,5696.29
8,6,22,30,5,30,8,22,178,12,-1,0,58,2,6,7,10,-1,8,3,40,46,6,6,5460.38
13,6,17,40,6,40,8,22,184,6,-1,0,47,3,3,5,10,-1,6,3,49,42,7,5,5472.37
12,5,11,194,21,39,9,17,179,9,-1,24,46,42,1,0,94,-1,17,3,15,22,9,21,5683.25
11,5,11,165,12,15,9,13,166,18,-1,29,62,30,3,3,127,-1,13,2,13,27,9,18,5917.54
9,7,30,50,8,17,8,28,170,17,-1,5,57,3,2,11,5,-1,5,2,31,53,6,7,5460.0
11,7,30,40,7,15,8,29,173,18,-1,10,69,1,1,13,10,-1,5,2,26,53,6,6,5683.64
14,5,10,247,22,16,9,14,177,19,-1,68,56,37,5,6,78,-1,20,2,5,16,9,23,5822.59
12,7,22,65,33,13,10,18,169,16,-1,6,55,8,2,7,30,-1,14,1,31,40,7,16,6243.55
27,5,14,25,5,43,7,27,178,7,-1,0,38,0,5,4,5,-1,2,3,38,41,7,5,5246.56
3,9,75,0,9,6,11,18,127,5,-1,0,20,0,1,0,0,-1,1,0,19,22,7,0,5180.63
10,8,53,25,8,8,9,28,163,13,-1,0,59,1,1,11,5,-1,7,2,12,45,5,1,5563.74
4,8,75,0,9,5,11,19,130,4,-1,0,24,0,1,1,0,-1,1,1,13,19,6,1,5285.76
10,5,9,259,41,43,9,15,178,20,-1,65,41,25,10,6,83,-1,15,2,8,15,9,30,5290.15
7,7,51,15,5,15,8,28,164,7,-1,10,65,1,2,6,20,-1,8,3,15,45,6,1,5406.46
4,8,70,10,9,8,11,16,139,6,-1,0,21,3,1,0,0,-1,1,0,40,27,7,0,5433.15
10,7,42,30,14,10,9,25,159,7,-1,0,58,1,2,11,10,-1,5,2,30,47,6,7,5401.1
7,7,22,25,5,19,8,26,176,15,-1,5,66,4,5,15,20,-1,7,2,38,46,6,5,5434.45
17,5,7,198,51,35,9,17,180,16,-1,76,44,21,5,7,77,-1,17,2,7,13,8,38,5758.9
11,5,7,210,51,44,9,16,181,23,-1,79,39,15,9,7,101,-1,15,2,8,16,9,38,7907.14
20,6,8,97,34,41,8,22,182,18,-1,29,41,3,4,9,15,-1,12,2,45,17,7,21,5986.35
5,7,17,40,52,14,10,16,168,11,-1,1,55,9,5,9,20,-1,6,1,15,42,8,12,5892.2
19,6,15,65,22,25,8,23,182,18,-1,18,55,0,1,9,15,-1,13,2,53,19,7,15,5995.08
35,4,7,164,57,33,8,23,189,20,-1,64,33,8,6,6,25,-1,12,3,16,25,9,19,7283.33
5,8,53,25,15,11,10,18,145,11,-1,1,37,6,3,6,0,-1,3,1,29,29,6,3,5456.63
8,5,31,83,43,10,10,12,156,5,-1,16,64,18,1,1,10,-1,3,3,12,52,10,2,6229.85
13,7,15,55,35,13,9,20,178,12,-1,13,56,9,2,12,40,-1,10,1,33,35,7,14,6163.04
12,3,44,26,16,45,9,19,166,8,-1,0,42,1,1,3,10,-1,6,4,50,46,11,1,5408.73
10,7,52,30,8,10,9,28,163,15,-1,0,59,2,1,9,5,-1,5,2,16,44,6,3,5606.22
8,6,24,20,5,33,7,23,174,10,-1,0,56,0,5,6,10,-1,9,3,26,54,6,7,5311.52
47,5,9,31,9,32,7,27,183,6,-1,1,30,0,2,4,0,-1,2,4,49,44,8,9,5281.21
17,5,7,145,62,36,9,17,182,20,-1,47,46,13,3,6,78,-1,18,2,7,14,8,37,6999.45
13,6,21,25,6,22,8,23,181,10,-1,0,60,4,5,11,10,-1,9,3,46,39,6,5,5550.99
25,5,14,30,10,46,7,24,179,13,-1,1,33,0,5,8,10,-1,2,3,51,31,7,5,5389.29
4,8,70,15,11,8,11,19,137,8,-1,0,23,3,0,0,0,-1,1,0,29,26,7,2,5595.75
31,5,4,146,61,38,8,22,183,12,-1,39,32,6,5,2,63,-1,14,3,18,17,8,26,6109.12
13,4,13,183,28,39,9,16,178,11,-1,24,44,35,3,0,80,-1,15,3,14,20,9,19,5348.58
4,8,75,0,9,5,11,19,130,4,-1,0,24,0,1,1,0,-1,1,1,13,19,6,1,5333.87
16,6,14,30,10,50,8,22,181,10,-1,11,37,3,3,9,10,-1,5,3,61,26,7,10,5667.3
18,6,8,108,54,32,8,20,182,17,-1,7,47,6,8,10,41,-1,15,2,23,17,8,30,6304.35
43,5,16,15,5,36,7,27,182,3,-1,0,31,0,2,3,5,-1,2,4,27,46,7,7,5198.13
14,7,28,55,15,13,9,28,173,18,-1,5,59,4,2,10,5,-1,9,2,38,43,6,5,5500.14
14,7,26,45,11,14,8,30,177,15,-1,5,61,4,0,9,15,-1,7,2,40,40,6,4,6031.24
17,6,15,40,12,36,8,23,183,13,-1,6,49,1,1,6,10,-1,8,3,59,32,7,10,5821.04
11,7,38,40,13,10,9,28,162,13,-1,0,59,1,2,9,5,-1,5,2,28,50,6,7,5463.6
23,5,15,35,5,47,7,24,179,12,-1,0,37,0,6,5,5,-1,2,3,43,40,7,4,5082.62
11,6,27,20,4,47,7,25,178,11,-1,5,44,0,3,4,10,-1,2,3,24,51,7,3,5601.67
11,6,32,25,4,36,7,24,175,10,-1,0,54,0,1,3,10,-1,3,3,14,58,6,2,5815.55
18,5,7,82,20,50,8,23,179,16,-1,49,35,3,4,8,15,-1,12,3,61,21,7,20,5261.74
51,5,15,30,6,33,7,27,185,4,-1,0,27,0,1,3,0,-1,2,4,33,45,8,9,5172.11
12,5,13,185,27,39,9,17,178,11,-1,24,45,36,3,0,79,-1,15,3,14,21,9,19,5354.33
39,4,6,103,54,33,8,24,187,8,-1,25,31,6,4,4,59,-1,11,3,23,25,9,27,5661.1
14,7,19,60,16,13,9,28,178,19,-1,6,62,4,3,14,20,-1,15,2,51,39,7,6,6150.8
35,5,16,20,5,37,7,27,180,5,-1,0,37,0,3,4,5,-1,1,4,30,47,7,5,5895.05
19,6,8,93,34,37,8,24,182,18,-1,29,47,2,4,10,15,-1,12,2,45,18,7,24,5528.0
12,7,23,25,15,11,9,25,169,13,-1,6,58,5,4,11,30,-1,11,1,47,46,6,6,5637.84
8,7,52,20,7,15,8,29,164,12,-1,10,62,0,1,5,15,-1,8,3,14,47,6,1,5959.15
13,7,18,60,34,13,9,20,175,13,-1,13,55,9,2,12,40,-1,10,1,33,36,7,16,5915.07
13,5,11,164,30,41,9,17,180,8,-1,18,42,32,3,0,102,-1,10,3,16,20,9,27,5522.24
18,5,4,169,61,46,8,21,184,15,-1,50,36,9,7,6,64,-1,12,3,13,14,8,31,5627.49
5,8,69,0,11,10,11,19,137,6,-1,0,21,2,1,1,0,-1,3,0,26,24,7,1,5631.9
21,5,5,140,62,40,8,21,182,16,-1,41,39,7,7,4,44,-1,14,2,13,18,8,26,5607.8
11,7,26,45,9,18,8,29,173,15,-1,5,60,4,0,10,5,-1,4,2,38,44,6,5,5208.08
12,6,22,35,8,17,8,25,178,19,-1,5,65,4,5,12,10,-1,8,2,42,41,6,4,5398.64
18,5,4,166,62,44,8,21,182,15,-1,52,37,7,8,6,50,-1,15,3,13,16,8,28,6010.34
43,4,6,55,38,30,8,24,189,8,-1,8,30,3,3,1,63,-1,5,3,43,25,8,24,5816.69
19,6,12,65,21,33,8,23,183,18,-1,18,52,0,0,8,15,-1,11,2,55,20,7,13,5941.9
20,4,8,127,55,43,8,18,185,25,-1,54,32,9,9,5,81,-1,14,3,15,22,9,25,5252.94
11,5,12,194,10,24,9,15,171,10,-1,23,53,42,4,2,126,-1,15,3,14,26,9,17,6121.15
10,6,39,30,5,23,7,24,170,12,-1,0,67,0,2,5,5,-1,7,3,13,55,6,5,5832.75
13,6,21,25,6,21,8,23,180,10,-1,0,61,4,5,12,10,-1,9,3,43,40,6,5,5595.64
13,5,11,205,15,37,9,16,174,7,-1,24,47,47,2,0,100,-1,13,3,15,23,9,19,5655.92
14,6,17,65,16,20,8,26,181,19,-1,18,61,3,4,12,15,-1,15,2,55,29,7,8,5395.14
5,8,54,25,18,11,10,18,145,11,-1,0,37,3,3,5,0,-1,2,1,28,31,6,3,5494.29
9,6,15,96,42,12,10,11,170,8,-1,0,60,26,4,8,10,-1,9,1,10,28,8,12,5509.23
10,7,35,20,18,11,9,23,161,12,-1,11,57,2,2,10,15,-1,5,1,40,44,6,7,5539.3
9,7,53,20,6,15,8,29,163,10,-1,10,62,1,0,3,15,-1,8,3,14,46,6,0,5694.55
18,6,13,65,21,32,8,23,183,18,-1,12,54,0,0,7,15,-1,11,2,54,19,7,13,5866.16
14,7,13,70,36,13,9,20,181,12,-1,12,55,10,2,13,35,-1,7,1,34,33,7,14,6192.97
10,6,21,30,6,39,7,23,177,8,-1,0,49,1,5,6,15,-1,5,3,39,48,7,7,5345.25
19,6,6,80,58,27,9,17,182,14,-1,1,50,11,4,9,63,-1,16,2,13,19,8,28,5515.1
4,7,38,20,24,12,10,15,148,8,-1,0,39,5,2,6,15,-1,5,0,43,44,7,4,5913.75
4,7,37,20,28,12,10,16,149,7,-1,0,42,6,3,6,15,-1,5,0,38,44,8,3,5996.81
11,6,14,30,6,47,7,23,180,10,-1,5,42,2,4,6,15,-1,5,3,47,42,7,7,5667.05
14,4,21,151,54,43,9,17,181,18,-1,36,43,7,3,1,16,-1,7,3,13,26,10,9,7587.91
10,7,23,15,16,12,9,25,167,14,-1,11,58,5,5,9,30,-1,9,1,46,47,6,5,6121.7
8,8,53,20,8,11,9,28,160,10,-1,5,56,3,1,13,5,-1,5,2,15,43,6,2,5331.02
13,7,26,50,9,16,8,29,173,16,-1,5,60,4,0,11,5,-1,5,2,39,40,6,5,5376.28
19,6,12,83,35,18,8,25,183,13,-1,29,60,2,5,14,15,-1,14,2,44,17,7,25,5828.14
16,5,14,30,11,53,7,22,180,13,-1,6,34,2,3,8,10,-1,1,3,58,28,7,9,5339.27
12,5,12,195,11,23,9,15,171,10,-1,23,53,42,4,2,125,-1,15,3,14,26,9,17,6161.44
8,7,54,15,5,18,8,28,164,6,-1,0,64,1,2,3,15,-1,8,3,12,43,6,0,5630.61
16,6,17,70,35,14,9,22,181,19,-1,24,59,4,4,16,20,-1,8,2,36,30,7,10,5662.21
21,5,8,121,53,35,8,19,183,23,-1,25,43,5,8,7,37,-1,17,2,25,15,8,21,5483.49
8,6,22,40,5,34,8,22,178,9,-1,0,54,2,6,5,10,-1,8,3,40,47,6,7,6148.41
39,4,6,102,57,32,8,24,188,9,-1,25,32,6,4,4,60,-1,11,3,20,24,9,25,5118.05
20,6,11,91,23,30,8,23,182,18,-1,34,52,0,1,8,10,-1,12,2,56,20,7,15,5771.75
10,7,16,55,52,12,10,16,171,18,-1,7,55,9,4,10,20,-1,9,1,15,32,8,14,6270.87
11,4,13,149,44,46,9,18,178,19,-1,14,40,18,4,0,67,-1,14,3,14,19,9,26,5339.55
14,6,10,111,51,15,9,20,183,12,-1,28,59,11,4,14,35,-1,11,1,20,28,7,21,5671.46
15,5,6,173,49,33,9,16,178,14,-1,44,47,26,4,8,77,-1,26,2,5,14,8,36,5495.24
19,6,10,89,34,36,8,24,183,17,-1,29,49,2,3,9,15,-1,13,2,46,18,7,25,5597.08
52,5,14,25,5,32,7,27,185,5,-1,0,26,0,1,5,0,-1,2,4,37,44,8,9,5900.84
3,9,75,0,5,4,12,18,122,2,-1,0,22,0,0,0,0,-1,1,1,11,20,7,0,5176.1
9,7,44,30,14,11,9,25,159,8,-1,0,55,1,2,10,10,-1,5,2,28,45,6,7,6704.12
15,6,13,61,38,13,9,20,181,14,-1,12,56,10,2,13,45,-1,6,1,34,32,7,15,5827.64
14,6,11,200,38,15,9,14,175,19,-1,41,58,34,5,7,39,-1,26,2,5,15,8,19,6143.37
21,4,6,161,56,41,8,19,183,25,-1,65,35,9,9,6,61,-1,14,3,14,24,9,31,5568.58
40,5,15,20,4,32,7,27,181,6,-1,1,36,0,4,3,5,-1,4,4,40,42,7,7,5043.8
6,7,18,40,53,14,10,18,168,13,-1,1,54,7,4,9,15,-1,7,1,15,42,8,13,6075.76
5,7,35,25,5,21,8,23,173,8,-1,0,68,1,6,13,15,-1,7,3,17,56,6,3,5483.88
9,8,51,25,6,9,9,28,161,12,-1,5,59,1,1,7,5,-1,7,2,13,45,5,0,5471.3
7,7,51,15,5,15,8,28,164,6,-1,10,65,1,3,6,20,-1,8,3,14,45,6,1,5487.49
9,7,53,10,6,15,8,28,162,8,-1,10,60,1,1,2,20,-1,6,3,11,45,5,0,5350.8
10,5,17,160,17,12,10,14,166,15,-1,30,65,32,3,3,103,-1,12,3,14,36,10,16,5163.83
15,6,10,182,40,15,9,14,176,18,-1,42,57,31,3,8,51,-1,26,2,5,12,8,19,6348.39
2,9,75,5,9,5,11,16,125,4,-1,0,22,0,1,0,0,-1,1,0,18,20,7,0,5396.88
15,7,26,40,16,12,9,29,174,15,-1,6,59,5,2,12,15,-1,11,2,40,36,6,5,5536.02
15,6,17,55,13,22,8,25,181,19,-1,12,58,2,4,12,15,-1,12,2,58,29,7,8,6122.65
53,5,12,25,9,29,7,27,184,4,-1,1,29,0,1,5,0,-1,2,4,39,44,8,9,5273.5
13,5,10,128,17,13,10,11,168,16,-1,30,64,20,2,5,153,-1,10,2,12,24,9,11,5925.28
4,9,73,0,8,5,11,19,127,2,-1,0,22,1,1,0,0,-1,1,1,14,21,6,1,5418.17
4,8,71,5,9,4,11,15,138,6,-1,0,23,3,1,0,0,-1,1,0,35,27,7,0,5340.15
16,4,16,153,52,49,8,18,181,23,-1,37,33,12,5,1,24,-1,12,3,14,19,9,27,4971.14
13,7,26,40,9,16,8,29,172,17,-1,5,60,4,0,10,5,-1,4,2,38,42,6,5,6058.11
5,8,62,15,10,10,11,19,137,8,-1,0,22,4,0,0,0,-1,3,0,30,31,7,2,5749.4
12,6,22,30,8,16,8,27,177,17,-1,5,67,4,4,13,15,-1,8,2,42,41,6,4,5381.44
10,7,49,25,11,11,9,28,161,11,-1,0,56,1,1,10,0,-1,6,2,14,44,6,6,5230.54
20,6,10,78,29,36,8,24,183,16,-1,28,49,2,2,8,10,-1,13,2,51,18,7,22,6015.12
17,6,7,90,55,31,9,17,183,16,-1,7,48,15,3,8,82,-1,19,2,11,19,8,30,5987.14
8,4,23,109,51,30,9,16,172,15,-1,8,60,6,4,3,7,-1,3,3,11,44,10,6,5171.21
20,5,4,157,63,45,8,18,184,14,-1,79,36,11,4,6,76,-1,16,3,10,14,8,34,5708.04
6,8,42,35,16,12,10,18,157,12,-1,1,49,6,3,11,5,-1,4,1,39,39,6,3,5675.64
10,5,8,224,49,44,9,16,180,21,-1,60,41,16,10,5,84,-1,13,3,10,19,9,35,5361.53
27,4,9,162,53,40,8,19,186,26,-1,65,33,11,6,6,36,-1,13,3,16,22,9,22,5116.06
24,5,7,137,56,34,8,20,183,18,-1,41,43,8,6,6,44,-1,16,2,19,16,8,19,5730.33
14,6,10,77,55,11,9,18,177,16,-1,12,55,8,3,12,25,-1,12,1,17,30,7,16,5714.68
5,8,41,30,17,13,10,18,158,13,-1,6,49,4,3,11,5,-1,4,1,34,40,6,4,5702.12
10,7,36,25,18,11,10,22,161,11,-1,6,55,3,2,13,10,-1,5,1,42,46,6,7,5858.13
44,5,6,51,31,31,8,25,185,11,-1,13,29,0,2,2,51,-1,6,3,53,26,8,27,5214.32
21,5,6,168,63,37,8,19,181,17,-1,74,42,11,4,5,65,-1,15,2,7,12,8,38,5697.93
6,7,39,30,27,11,11,14,145,4,-1,0,36,6,2,3,5,-1,6,0,39,47,8,3,5010.02
6,8,44,20,16,12,10,21,157,14,-1,10,48,2,2,8,5,-1,3,1,28,42,6,4,5700.26
16,4,10,116,49,51,8,18,182,22,-1,15,33,12,3,0,57,-1,14,3,15,21,9,27,5863.11
43,4,6,89,38,29,8,24,191,10,-1,24,30,5,6,3,30,-1,9,3,38,29,9,21,5533.35
16,6,9,196,45,19,9,15,178,18,-1,58,54,26,3,7,53,-1,28,2,5,13,8,27,6302.9
20,5,7,163,61,37,8,19,182,17,-1,69,43,14,3,7,83,-1,18,2,6,14,8,39,6005.02
7,8,55,20,6,13,9,30,159,7,-1,5,57,2,2,8,10,-1,7,3,12,43,5,0,5486.99
8,7,62,10,5,14,8,27,163,8,-1,0,64,1,2,3,20,-1,6,3,8,37,5,0,5396.95
10,6,20,35,4,28,8,22,182,8,-1,0,58,3,6,7,10,-1,7,3,46,42,6,4,5490.64
10,7,30,40,15,14,9,26,162,11,-1,6,57,3,3,7,10,-1,8,2,35,50,6,7,5600.8
19,5,4,133,58,48,8,21,184,15,-1,35,32,4,7,5,57,-1,10,3,21,18,8,26,5650.63
10,6,31,25,4,31,7,23,175,8,-1,0,59,0,1,5,15,-1,6,3,18,54,6,2,5110.72
10,7,28,45,8,18,8,28,170,18,-1,5,58,3,1,12,5,-1,4,2,34,53,6,7,5552.85
2,9,73,0,5,5,11,18,121,1,-1,0,21,0,0,0,0,-1,0,1,13,19,7,0,5418.59
5,7,38,20,26,12,11,14,146,6,-1,0,38,5,3,4,15,-1,6,0,40,46,8,2,5766.05
8,7,51,15,5,17,8,28,164,6,-1,10,65,1,2,4,20,-1,8,3,12,45,6,0,5699.97
9,7,58,10,6,12,8,30,161,7,-1,5,61,1,1,3,20,-1,3,3,8,38,5,0,5366.31
25,5,17,20,3,43,7,26,179,8,-1,0,39,0,6,5,10,-1,2,3,38,43,7,5,6119.3
12,7,21,70,26,13,9,22,171,17,-1,6,56,5,2,12,25,-1,13,1,42,44,7,13,6119.39
16,5,7,202,51,40,9,17,178,19,-1,87,40,19,7,9,91,-1,12,2,7,12,8,38,5785.86
39,4,6,122,57,32,8,23,189,12,-1,32,32,6,5,5,52,-1,12,3,20,25,9,26,6183.79
11,6,21,35,5,37,8,23,180,9,-1,0,49,2,6,4,10,-1,6,3,44,44,7,6,5960.55
12,7,22,30,8,16,8,27,178,18,-1,5,67,5,4,12,15,-1,9,2,44,39,6,5,6099.83
3,8,45,15,12,12,10,16,144,6,-1,0,36,3,2,3,15,-1,3,0,53,39,7,3,5900.26
10,8,49,20,8,10,9,28,161,10,-1,0,55,2,1,12,5,-1,5,2,16,45,6,3,5321.36
13,6,16,40,7,47,7,23,181,12,-1,5,40,0,6,7,5,-1,5,3,39,47,7,6,6160.42
17,6,14,25,8,50,7,22,178,12,-1,5,34,1,6,7,15,-1,4,3,48,31,7,7,5584.34
4,8,67,0,3,9,9,25,140,2,-1,10,37,3,0,2,5,-1,1,2,14,26,5,0,5230.12
15,6,17,65,20,23,8,24,181,21,-1,13,58,0,4,12,15,-1,14,2,54,24,7,13,6168.51
10,5,8,261,45,43,9,15,178,23,-1,73,40,22,10,6,76,-1,15,2,8,18,9,31,6177.12
13,6,22,25,6,21,8,23,180,10,-1,0,60,4,6,12,10,-1,8,3,43,39,6,5,5519.68
11,4,21,148,46,36,9,17,175,10,-1,36,50,10,4,1,20,-1,5,3,16,34,10,7,5118.0
7,8,58,20,6,12,8,30,159,6,-1,10,59,2,2,8,10,-1,5,3,11,38,5,0,5342.12
23,5,10,40,11,45,7,23,179,15,-1,12,35,2,3,6,10,-1,5,3,64,26,7,17,5646.63
3,8,46,35,14,11,10,16,149,11,-1,1,40,3,3,6,5,-1,5,0,49,38,7,2,5762.41
10,6,27,20,4,47,7,24,178,12,-1,5,43,0,4,5,10,-1,2,3,25,50,7,3,5435.3
20,5,6,135,38,40,8,23,183,19,-1,61,40,4,6,9,15,-1,10,2,41,16,8,19,6142.52
16,6,10,74,44,13,9,20,181,16,-1,28,60,8,4,15,40,-1,6,2,30,28,7,20,5862.55
8,6,20,30,5,43,7,24,176,11,-1,5,46,0,6,6,10,-1,5,3,31,54,7,7,5935.35
4,8,53,20,10,9,11,14,142,7,-1,0,23,3,1,0,5,-1,3,0,54,35,8,1,5564.26
10,7,66,15,2,12,7,25,157,8,-1,0,71,0,2,6,5,-1,5,4,8,33,5,0,5367.42
5,8,59,10,11,8,11,15,141,5,-1,0,22,2,0,0,5,-1,1,0,50,35,7,1,5317.27
4,8,71,10,11,8,11,19,135,9,-1,0,23,3,0,0,0,-1,1,0,29,25,7,1,5499.83
17,6,15,40,9,38,8,22,183,13,-1,6,47,3,1,5,10,-1,7,3,62,32,7,10,6003.76
9,7,28,55,9,17,8,28,170,17,-1,5,57,3,2,12,5,-1,4,2,34,53,6,7,5813.06
44,4,6,70,42,29,8,25,188,8,-1,8,29,7,5,3,59,-1,7,3,34,26,9,25,5121.51
20,5,8,127,54,35,8,19,182,23,-1,25,44,5,8,6,37,-1,17,2,24,16,8,22,5588.89
10,6,16,86,44,13,10,11,169,6,-1,0,56,20,2,8,5,-1,7,1,12,39,8,7,6128.41
5,8,53,25,16,11,10,18,147,11,-1,1,37,6,3,3,0,-1,3,1,28,30,6,3,5559.85
16,5,9,41,14,50,8,22,179,14,-1,12,36,3,4,8,15,-1,4,3,63,24,7,20,5859.02
6,7,44,25,5,19,8,25,170,10,-1,0,70,1,5,11,10,-1,7,3,13,50,6,2,6136.98
6,8,41,25,19,13,10,21,157,14,-1,11,51,1,2,11,5,-1,3,1,30,42,6,4,5610.68
19,6,11,70,21,34,8,23,182,18,-1,18,51,0,0,7,15,-1,14,2,58,20,7,16,5486.81
9,7,43,25,16,11,9,24,158,14,-1,10,54,2,2,9,10,-1,5,1,29,42,6,7,5682.25
4,8,74,0,8,6,11,19,130,4,-1,0,22,1,1,0,0,-1,2,1,14,20,6,1,5278.91
5,7,31,20,33,13,10,16,155,7,-1,1,44,6,4,7,20,-1,4,0,34,43,8,2,5882.25
5,8,72,5,10,9,10,20,133,5,-1,5,26,1,1,2,0,-1,2,1,10,21,6,1,5372.57
14,6,10,238,26,16,9,12,174,14,-1,75,56,34,4,5,68,-1,24,2,4,13,8,23,5514.04
43,4,6,96,46,29,8,23,190,10,-1,24,29,7,7,4,30,-1,9,3,29,30,9,25,5401.18
13,6,16,35,5,42,8,23,182,10,-1,5,45,3,3,6,10,-1,6,3,48,43,7,7,6179.75
17,5,5,184,60,45,8,19,183,20,-1,96,36,11,6,5,65,-1,11,3,10,17,9,39,5175.85
5,8,69,10,10,6,11,16,140,3,-1,0,24,3,1,0,5,-1,2,0,51,27,8,1,5576.27
6,8,44,20,19,12,10,20,154,15,-1,11,47,2,2,9,5,-1,3,1,28,40,6,3,5659.02
16,6,9,35,12,50,8,23,180,14,-1,12,37,3,3,7,15,-1,5,3,66,25,7,20,5648.71
18,6,15,65,21,34,8,23,183,18,-1,7,52,0,0,6,15,-1,10,2,54,19,7,12,5891.83
12,5,10,146,12,15,9,12,170,19,-1,23,62,26,2,5,160,-1,10,2,12,23,9,15,5969.6
45,4,6,65,43,28,8,24,187,8,-1,8,29,6,5,3,59,-1,7,3,34,26,9,24,5674.96
7,7,53,15,6,15,8,30,164,9,-1,10,60,1,2,4,20,-1,5,3,12,45,5,0,6059.54
43,4,7,105,41,30,8,23,194,9,-1,40,28,3,7,5,14,-1,10,4,35,30,9,17,5066.68
20,5,4,141,62,45,8,20,184,13,-1,56,35,10,6,5,80,-1,15,3,12,19,8,33,5500.64
28,5,34,15,2,46,6,27,183,5,-1,5,35,0,4,2,5,-1,3,4,14,51,7,5,5318.68
38,4,5,116,59,31,8,24,190,11,-1,41,34,6,4,2,66,-1,12,3,20,23,9,28,6162.91
9,7,24,30,15,13,9,25,163,12,-1,6,59,4,4,10,15,-1,8,1,43,50,6,6,6003.15
15,6,14,35,7,53,7,22,177,10,-1,5,34,1,3,7,5,-1,3,3,49,32,7,7,5543.21
9,7,46,25,8,12,8,28,165,15,-1,0,60,1,2,8,5,-1,5,2,18,45,6,5,5527.09
19,6,11,86,23,35,8,23,182,17,-1,34,51,0,1,6,15,-1,14,2,56,19,7,16,5412.57
9,8,46,30,15,10,9,24,158,14,-1,10,52,2,2,10,5,-1,5,1,26,44,6,7,5509.96
49,5,16,20,4,32,7,28,183,4,-1,0,29,0,2,3,5,-1,2,4,27,46,8,8,5651.18
14,6,7,121,55,14,9,19,182,13,-1,28,58,11,6,12,30,-1,14,1,16,27,8,19,6195.61
9,7,29,25,17,12,9,24,161,11,-1,11,58,2,3,10,15,-1,7,1,42,47,6,6,5691.26
13,7,20,50,13,15,8,27,178,18,-1,5,64,3,4,10,10,-1,11,2,52,38,6,3,6102.67
6,8,56,15,17,10,10,19,145,11,-1,0,39,1,2,2,0,-1,2,1,25,33,6,2,5591.04
9,7,47,30,8,13,8,30,165,14,-1,10,59,0,2,9,15,-1,6,3,14,48,6,4,5785.78
14,7,19,45,20,10,9,23,176,14,-1,12,58,6,4,13,30,-1,10,1,47,42,7,9,6050.38
26,5,15,20,4,43,7,26,179,7,-1,0,38,0,6,4,10,-1,2,3,39,45,7,4,6152.42
14,4,10,172,54,46,8,18,182,21,-1,46,36,11,9,3,86,-1,11,3,13,20,9,32,5859.1
5,7,42,15,19,12,10,15,147,7,-1,0,37,5,2,4,15,-1,4,0,47,41,7,2,5929.31
40,5,5,97,39,33,8,24,180,10,-1,24,29,3,5,1,57,-1,5,3,43,21,8,30,5507.57
22,5,21,20,3,47,7,25,178,10,-1,0,37,0,6,5,10,-1,2,4,27,47,7,6,5572.37
10,7,33,40,16,11,10,21,160,13,-1,6,55,6,2,17,15,-1,6,1,47,44,7,9,5583.54
28,5,16,25,4,42,7,27,179,7,-1,0,37,0,6,5,5,-1,2,4,36,46,7,5,6283.31
5,7,32,15,31,13,10,16,154,7,-1,1,44,6,4,7,25,-1,4,0,36,42,8,2,5836.37
11,6,11,126,54,14,9,17,173,19,-1,29,55,10,7,14,25,-1,14,1,14,29,8,10,6336.39
10,6,22,30,5,36,7,22,178,8,-1,0,52,2,5,6,15,-1,7,3,38,47,6,7,5291.06
5,8,71,0,11,8,10,19,133,7,-1,0,23,0,1,1,0,-1,1,1,14,20,6,1,5433.4
11,6,17,40,5,42,8,23,180,11,-1,5,47,2,5,6,10,-1,6,3,46,44,7,7,6163.97
4,8,58,15,12,9,11,19,139,8,-1,0,22,3,1,0,0,-1,1,0,37,30,7,2,5944.2
14,6,14,40,7,50,7,23,180,11,-1,5,37,1,6,7,5,-1,5,3,44,41,7,8,5647.87
6,7,42,20,5,20,8,26,171,10,-1,0,69,1,5,12,15,-1,7,3,16,52,6,2,5797.47
10,6,30,30,4,32,7,23,175,8,-1,0,58,0,1,6,10,-1,6,3,19,54,6,3,5232.04
6,6,23,30,6,28,8,25,179,9,-1,0,61,2,8,11,10,-1,8,3,27,51,6,6,5345.75
9,6,25,25,5,28,7,24,174,9,-1,0,60,0,4,8,10,-1,9,3,25,54,6,7,6115.61
8,5,12,242,13,36,9,14,172,11,-1,24,49,45,6,3,112,-1,13,3,13,17,9,21,6321.12
12,7,22,30,8,16,8,27,178,18,-1,5,66,5,4,11,15,-1,10,2,44,39,6,5,5943.84
18,6,15,80,21,21,8,24,181,20,-1,18,59,2,3,11,10,-1,14,2,52,19,7,16,5991.29
10,7,52,30,8,11,8,28,165,14,-1,5,61,1,1,7,5,-1,4,2,13,44,6,2,5578.34
2,9,74,0,5,5,12,17,123,2,-1,0,21,0,0,0,0,-1,1,0,11,19,7,0,5388.67
10,7,33,30,6,16,8,29,171,15,-1,10,68,0,2,12,10,-1,7,3,22,55,6,5,7060.65
5,8,73,0,11,8,10,19,131,6,-1,0,24,0,0,1,0,-1,1,1,11,17,6,1,5451.03
9,7,60,10,5,12,8,28,161,6,-1,0,62,1,1,2,20,-1,4,3,8,38,5,0,5345.48
16,6,9,113,43,27,8,22,184,13,-1,27,52,4,8,12,30,-1,15,2,34,19,7,34,5373.69
12,5,11,141,16,13,10,11,167,18,-1,29,64,27,2,3,147,-1,13,2,12,25,9,14,5947.71
15,6,18,65,25,13,9,27,181,20,-1,19,59,5,5,16,20,-1,13,2,44,34,7,9,5502.65
19,5,6,176,58,44,8,18,185,26,-1,69,32,8,9,6,75,-1,12,3,12,24,9,32,3610.39
9,7,61,25,6,14,8,24,163,13,-1,0,71,0,3,6,5,-1,6,3,6,39,5,1,5170.85
11,7,36,35,9,15,8,29,169,14,-1,10,64,0,1,11,10,-1,6,3,22,51,6,5,5336.93
5,8,70,10,9,7,11,19,135,7,-1,0,23,4,0,0,0,-1,3,0,28,24,7,1,5663.6
5,8,43,35,16,9,10,16,149,11,-1,1,44,4,3,10,5,-1,5,0,48,41,7,3,5790.73
12,4,19,152,50,51,9,17,180,20,-1,36,36,12,4,1,27,-1,9,3,15,21,10,17,5331.42
11,4,12,144,40,45,9,18,178,19,-1,8,41,22,4,0,72,-1,13,3,14,20,9,28,5135.07
4,8,69,10,10,8,11,16,138,8,-1,0,21,3,1,0,0,-1,1,0,34,28,7,0,5408.72
10,6,30,25,4,31,7,23,173,8,-1,0,59,0,1,6,10,-1,6,3,18,59,6,3,5819.94
11,5,11,166,12,15,9,13,166,18,-1,29,62,30,3,3,126,-1,13,2,13,27,9,18,5228.84
15,6,14,40,6,47,7,23,180,11,-1,5,39,2,6,7,5,-1,5,3,45,39,7,7,5646.75
52,5,9,21,9,29,7,28,183,6,-1,1,27,0,3,6,0,-1,2,4,47,46,8,9,5031.07
10,6,35,25,4,28,7,24,173,10,-1,0,62,0,1,4,5,-1,4,4,9,60,6,3,5439.2
10,6,20,45,5,41,8,23,181,9,-1,5,48,2,5,6,10,-1,7,3,44,45,7,8,5371.01
21,4,10,155,52,47,8,18,185,22,-1,70,31,11,4,2,36,-1,13,3,15,22,9,25,7742.44
9,7,42,30,10,12,9,28,163,17,-1,0,59,1,2,11,5,-1,6,2,18,50,6,6,5653.1
6,6,25,30,6,31,7,24,176,9,-1,0,59,0,6,7,5,-1,10,3,26,54,6,7,5244.74
7,7,61,20,5,11,8,30,161,7,-1,5,62,2,2,5,10,-1,4,3,9,36,5,0,5721.77
18,6,7,98,61,30,9,18,182,16,-1,1,47,8,7,9,55,-1,15,2,13,18,8,27,5540.68
9,7,41,30,16,11,9,25,159,11,-1,5,55,2,2,9,10,-1,5,2,29,44,6,7,6897.27
12,5,14,214,14,28,9,16,172,10,-1,39,53,41,3,0,85,-1,18,3,15,24,9,18,5091.7
13,6,16,40,8,30,8,22,181,12,-1,6,57,3,2,9,10,-1,7,3,60,36,7,5,5095.32
9,8,53,20,8,11,9,26,160,9,-1,5,55,3,1,13,5,-1,5,2,16,42,6,2,5353.19
16,6,14,35,11,51,7,22,179,13,-1,5,36,2,3,8,10,-1,3,3,61,26,7,11,5468.06
20,6,12,70,22,30,8,23,182,19,-1,18,51,0,1,8,15,-1,13,2,56,19,7,13,5281.53
6,8,58,10,14,5,11,13,139,4,-1,0,25,4,1,0,5,-1,2,0,49,38,8,0,5394.53
8,7,63,10,5,13,8,28,161,8,-1,0,63,1,2,3,20,-1,6,3,8,36,5,0,5317.2
7,6,24,30,6,27,8,24,178,9,-1,0,59,2,8,13,10,-1,8,3,30,50,6,6,5483.88
3,8,57,15,11,11,11,17,140,7,-1,0,21,3,2,0,0,-1,1,0,48,29,7,2,5755.8
15,7,22,50,14,12,9,27,178,18,-1,11,61,5,3,12,20,-1,12,2,51,37,6,6,5346.38
15,6,10,56,44,13,9,19,180,11,-1,12,54,11,3,15,40,-1,8,1,27,32,7,18,6007.64
5,8,61,10,11,8,11,15,141,5,-1,0,22,3,0,0,5,-1,1,0,50,34,7,1,5331.5
5,8,54,10,15,7,11,13,139,2,-1,0,23,4,2,0,5,-1,2,0,52,38,8,1,5390.63
15,6,14,40,6,50,7,23,180,10,-1,5,36,2,5,7,5,-1,4,3,47,36,7,7,6303.48
8,7,45,20,6,15,8,28,166,9,-1,10,65,1,2,6,15,-1,7,3,16,48,6,1,5638.3
9,7,58,5,6,12,8,28,161,8,-1,5,61,1,1,2,20,-1,4,3,8,39,5,0,5303.08
10,7,30,40,8,17,8,28,169,19,-1,10,61,3,1,11,10,-1,3,2,27,55,6,6,5446.53
9,7,28,35,16,12,9,25,162,12,-1,6,59,3,5,10,10,-1,8,2,38,50,6,5,5636.02
38,4,5,86,53,31,8,24,190,9,-1,24,34,6,3,1,66,-1,10,3,25,24,9,25,6254.1
9,4,23,136,45,27,9,16,171,15,-1,25,55,11,4,3,5,-1,3,3,12,44,10,7,5247.64
10,7,34,25,6,15,8,28,169,14,-1,10,69,1,2,10,10,-1,7,3,22,55,6,4,5488.25
20,6,11,91,23,30,8,23,182,18,-1,34,52,0,1,8,10,-1,13,2,56,19,7,15,5439.84
14,6,7,106,54,14,9,19,182,13,-1,28,57,12,6,12,35,-1,15,1,16,27,8,15,6290.52
5,8,68,10,10,7,11,16,141,3,-1,0,23,3,1,0,5,-1,1,0,51,28,8,1,5445.73
16,6,10,116,46,13,9,24,184,16,-1,22,62,4,8,15,25,-1,12,2,30,20,7,30,5343.97
7,8,69,5,10,8,10,19,137,7,-1,5,24,1,0,3,0,-1,2,1,14,22,6,1,5416.27
4,8,75,0,8,5,11,19,128,3,-1,0,22,1,1,0,0,-1,2,1,14,20,6,1,5434.13
8,7,52,25,7,14,8,30,165,12,-1,10,60,1,1,4,10,-1,4,3,12,43,5,0,5536.08
9,8,49,15,11,10,9,26,158,5,-1,5,55,3,1,12,5,-1,3,2,13,44,6,5,5398.81
6,7,16,35,52,14,10,17,168,13,-1,1,55,9,4,9,20,-1,7,1,16,43,8,13,6189.24
13,6,8,114,55,14,9,18,179,14,-1,28,58,13,7,11,35,-1,19,1,14,24,8,15,6246.11
15,5,9,226,28,24,9,15,177,14,-1,75,50,38,2,6,68,-1,27,2,6,11,8,26,6282.31
19,6,7,90,60,25,9,17,182,12,-1,1,52,10,4,9,63,-1,14,2,12,19,8,29,5580.37
39,4,13,137,49,31,8,21,192,15,-1,58,31,8,7,3,19,-1,8,4,22,24,9,21,5183.03
6,8,53,15,19,12,10,19,147,13,-1,0,43,2,2,7,5,-1,2,1,28,33,6,2,5861.83
33,4,5,133,60,34,8,21,188,16,-1,53,34,10,5,5,69,-1,11,3,15,23,9,29,5244.94
5,8,63,10,9,6,11,13,139,3,-1,0,25,3,1,0,5,-1,2,0,54,33,8,1,5395.87
41,5,15,15,5,33,7,27,180,4,-1,0,35,0,3,3,5,-1,2,4,36,45,7,6,5340.91
14,7,19,60,21,12,9,22,179,13,-1,12,56,8,3,11,25,-1,12,1,45,41,7,7,5721.32
6,7,71,20,4,11,8,30,159,7,-1,0,63,2,1,6,10,-1,4,3,7,26,5,0,5266.05
15,5,8,63,20,49,8,22,179,16,-1,34,38,3,4,8,15,-1,10,3,61,20,7,23,5974.34
25,5,14,15,11,46,7,26,179,8,-1,1,36,0,5,3,10,-1,3,3,51,32,7,6,6098.56
5,8,57,15,12,9,11,18,141,8,-1,0,23,4,1,0,0,-1,1,0,42,28,7,2,6016.22
16,6,15,35,7,36,8,22,182,10,-1,0,49,3,2,5,15,-1,6,3,57,37,7,5,5217.46
15,6,17,80,23,18,8,23,182,22,-1,24,61,3,4,16,10,-1,16,2,49,22,7,13,5615.36
13,6,22,25,4,23,8,23,181,9,-1,0,59,4,5,11,10,-1,7,3,44,40,6,6,5462.01
14,7,19,55,19,12,9,23,179,13,-1,12,56,7,4,10,25,-1,10,1,48,41,7,9,5394.04
11,7,29,40,8,17,8,29,172,20,-1,10,60,3,1,11,10,-1,4,2,29,54,6,6,5540.96
17,6,7,96,59,27,9,19,182,15,-1,0,52,7,7,8,48,-1,14,2,17,18,8,27,5566.96
0,9,74,0,0,3,13,15,92,0,-1,0,18,0,0,0,0,-1,0,2,7,4,9,0,5881.0
19,5,5,179,64,41,8,18,182,18,-1,74,40,11,4,6,65,-1,13,2,8,13,8,35,5686.08
9,6,29,25,5,30,7,24,174,9,-1,0,60,0,2,7,10,-1,7,3,21,52,6,6,5275.23
15,6,8,112,49,21,9,23,186,12,-1,17,59,3,8,16,30,-1,13,2,28,22,7,34,5292.88
10,6,10,138,27,12,10,11,175,9,-1,23,64,27,6,2,97,-1,16,2,4,25,9,20,5574.94
9,7,53,20,6,15,8,30,165,11,-1,10,60,0,0,4,15,-1,8,3,14,46,6,0,5685.79
16,6,9,112,59,18,9,20,184,12,-1,17,60,7,7,12,30,-1,13,2,18,20,7,27,5705.85
4,8,68,0,9,6,11,16,141,5,-1,0,24,3,1,0,5,-1,2,0,50,31,8,0,5332.88
19,6,7,88,60,32,8,20,181,17,-1,8,47,8,7,8,60,-1,15,2,14,18,8,28,5552.89
11,4,10,153,53,51,8,18,182,19,-1,47,34,9,8,3,75,-1,16,3,16,20,9,27,5414.8
8,7,52,20,5,17,8,24,168,14,-1,0,70,1,4,9,10,-1,6,3,9,44,6,3,5265.35
15,6,9,112,46,25,8,22,184,12,-1,22,55,4,8,14,30,-1,15,2,31,21,7,35,5296.22
16,4,8,161,55,46,8,18,182,23,-1,46,34,8,8,4,82,-1,16,3,15,23,9,28,6048.11
34,4,5,129,62,33,8,22,188,15,-1,47,34,6,6,3,65,-1,11,3,17,25,9,26,4839.4
6,8,54,20,17,11,10,20,145,12,-1,0,38,1,2,3,0,-1,2,1,26,33,6,2,5509.34
26,5,14,20,11,45,7,26,179,9,-1,1,36,0,5,5,10,-1,3,3,48,33,7,5,5653.76
12,6,21,40,5,40,8,23,180,9,-1,0,47,2,5,5,10,-1,6,3,45,42,7,7,6006.5
42,4,6,44,37,31,8,24,191,11,-1,8,29,5,5,3,58,-1,5,3,42,24,9,27,5299.38
7,6,32,35,5,23,8,23,174,9,-1,0,65,1,5,13,10,-1,7,3,17,59,6,6,5713.67
42,5,6,71,15,32,7,27,182,8,-1,33,32,0,7,6,5,-1,4,3,65,39,8,12,5781.0
12,5,10,173,35,42,9,16,176,16,-1,24,43,24,6,1,102,-1,14,3,15,20,9,25,6332.99
10,7,15,65,50,13,10,16,173,17,-1,7,54,10,2,10,25,-1,12,1,18,37,8,15,6176.51
21,5,4,167,60,45,8,21,184,12,-1,55,34,10,6,4,63,-1,15,3,14,18,8,31,6377.76
13,5,9,282,23,29,9,12,176,22,-1,51,49,36,6,6,89,-1,18,2,7,18,9,26,6063.8
19,6,6,79,53,29,9,17,183,14,-1,1,49,16,2,9,76,-1,18,2,12,20,8,29,7158.43
18,5,5,179,64,43,8,18,181,18,-1,79,39,10,4,6,65,-1,15,2,9,13,8,35,6533.29
17,6,7,107,56,32,9,17,182,16,-1,7,47,15,3,8,82,-1,19,2,10,16,8,30,6370.71
26,5,15,20,11,45,7,25,179,10,-1,1,36,0,5,5,10,-1,3,3,48,32,7,5,6324.94
10,5,29,125,37,10,10,12,160,5,-1,16,63,26,0,1,0,-1,7,3,14,50,10,1,7164.57
6,7,45,20,28,7,11,12,141,7,-1,0,30,5,1,0,0,-1,3,0,39,43,8,2,7058.26
17,6,11,55,21,42,8,23,186,19,-1,17,45,1,2,5,10,-1,11,2,58,22,7,19,6748.54
16,6,7,128,54,13,9,19,181,14,-1,23,59,15,4,12,32,-1,17,2,12,21,8,24,6476.04
20,5,4,170,63,42,8,21,181,14,-1,73,39,11,4,5,71,-1,14,3,9,14,8,31,6401.13
15,6,11,78,46,13,9,20,182,12,-1,27,56,10,3,14,40,-1,9,1,25,32,7,18,6414.14
17,5,6,113,35,42,8,22,183,20,-1,45,41,3,6,9,15,-1,11,2,45,18,7,20,6646.22
15,6,17,50,11,23,8,24,180,19,-1,12,57,1,4,9,15,-1,11,2,60,31,7,8,6316.05
11,7,29,40,8,17,8,29,172,19,-1,10,61,2,1,12,10,-1,5,2,29,55,6,6,7111.15
11,6,12,127,44,11,10,14,172,16,-1,8,57,24,6,14,10,-1,14,1,10,28,8,14,6223.92
17,6,11,50,20,40,8,23,186,18,-1,12,47,1,2,5,15,-1,11,2,59,22,7,16,6854.52
11,7,23,65,23,10,10,19,164,13,-1,6,55,6,3,12,10,-1,12,1,44,44,7,13,6228.73
13,5,9,281,23,28,9,12,176,22,-1,51,50,36,6,6,89,-1,18,2,7,19,9,27,6339.79
17,6,17,80,22,22,8,25,180,19,-1,18,59,1,3,12,10,-1,16,2,52,21,7,14,7413.3
10,6,14,90,42,11,10,14,170,16,-1,8,57,23,7,13,20,-1,11,1,12,26,8,11,5958.1
28,4,9,172,58,42,8,19,188,24,-1,70,32,9,4,4,15,-1,14,3,14,27,9,19,6417.91
11,7,28,50,18,11,9,21,161,16,-1,6,57,5,2,14,15,-1,6,1,48,47,7,9,6154.89
11,6,12,129,25,13,10,10,175,6,-1,23,60,23,4,3,98,-1,13,2,6,23,9,18,6319.96
10,5,11,127,13,17,9,13,168,19,-1,23,60,31,4,4,171,-1,11,2,12,22,9,13,6172.12
18,6,8,147,46,12,9,17,181,16,-1,22,60,24,4,8,35,-1,24,2,10,19,8,27,6393.81
22,5,8,139,47,34,8,21,183,23,-1,41,44,5,8,5,36,-1,17,2,31,14,8,21,7104.15
9,5,29,132,37,11,10,12,160,5,-1,16,63,26,0,1,0,-1,6,3,14,51,10,3,7011.12
13,6,10,228,22,16,9,12,175,15,-1,68,56,37,5,5,83,-1,22,2,5,16,9,23,6737.58
14,6,17,40,9,23,8,25,180,15,-1,11,58,2,4,10,15,-1,9,2,59,37,7,5,6277.12
9,5,11,217,10,30,9,14,170,10,-1,8,50,43,5,3,111,-1,12,2,13,21,9,19,6576.87
11,5,10,212,31,42,9,15,175,17,-1,23,43,30,7,2,93,-1,13,3,12,18,9,26,6451.65
14,5,7,155,50,36,9,17,180,16,-1,37,44,25,5,8,77,-1,22,2,6,15,8,36,6788.66
34,5,11,26,11,38,7,26,180,8,-1,1,36,0,5,5,10,-1,4,3,60,34,7,14,6197.65
9,7,15,60,50,14,10,15,172,19,-1,8,54,9,3,8,20,-1,10,1,18,39,8,14,6221.07
19,6,10,73,28,36,8,24,183,17,-1,29,49,2,3,7,10,-1,12,2,52,17,7,23,6822.62
6,7,16,51,47,13,10,15,170,9,-1,7,57,16,4,12,15,-1,7,1,12,37,8,13,5937.28
20,5,6,135,38,39,8,21,184,18,-1,61,41,4,6,9,15,-1,10,2,41,16,8,18,6551.19
11,6,13,140,39,12,10,14,172,13,-1,7,59,27,5,11,5,-1,15,1,10,27,8,19,6352.69
13,5,11,173,44,40,9,16,176,17,-1,23,44,19,8,3,90,-1,14,3,14,17,9,31,6375.12
12,6,7,128,52,14,9,16,175,15,-1,29,59,15,7,12,25,-1,15,1,12,25,8,15,6467.72
15,6,7,115,55,14,9,19,180,12,-1,28,59,13,4,11,36,-1,18,1,13,22,8,25,6447.16
16,7,24,55,12,12,8,29,178,16,-1,10,62,5,1,11,10,-1,8,2,43,35,6,4,6192.77
13,7,18,60,36,13,9,20,179,11,-1,13,56,8,2,13,30,-1,10,1,32,35,7,9,6402.65
11,7,24,60,18,10,10,20,161,14,-1,0,55,6,3,12,15,-1,9,1,48,47,7,11,6224.43
6,8,44,20,17,12,10,22,157,14,-1,10,50,2,2,8,5,-1,3,1,27,42,6,5,7226.37
22,5,7,137,51,35,8,21,184,18,-1,41,43,5,8,5,38,-1,15,2,27,15,8,19,6387.21
13,7,16,45,44,13,9,18,173,15,-1,7,54,9,1,7,40,-1,13,1,25,33,7,17,6244.95
12,6,8,143,44,13,9,15,173,19,-1,35,58,23,7,15,10,-1,16,1,11,24,8,15,6404.86
43,4,6,76,46,29,8,25,188,8,-1,8,30,7,5,3,59,-1,9,3,30,25,9,26,6494.03
12,6,11,102,24,13,10,11,172,9,-1,7,64,14,3,4,124,-1,8,2,8,23,9,14,6078.67
6,7,42,25,26,9,11,13,142,4,-1,0,33,6,2,0,5,-1,5,0,42,45,8,3,7078.14
7,7,22,20,6,19,8,26,177,16,-1,5,67,2,6,18,20,-1,6,3,32,52,6,5,7096.35
13,6,9,199,38,13,9,14,174,16,-1,28,59,32,5,7,16,-1,24,1,6,21,8,17,6069.75
13,6,14,40,6,50,7,23,179,12,-1,5,37,2,5,7,5,-1,5,3,45,39,7,7,6403.26
15,5,7,190,50,36,9,17,181,16,-1,77,45,22,5,7,77,-1,19,2,7,14,8,37,6225.04
17,5,7,193,52,34,9,17,182,16,-1,77,45,21,5,7,74,-1,17,2,6,13,8,39,6306.12
7,7,25,30,7,20,8,26,176,15,-1,5,68,1,6,13,15,-1,6,3,24,55,6,5,7143.96
11,4,27,98,55,38,9,16,175,16,-1,13,50,6,3,2,19,-1,5,4,9,40,10,3,7527.97
16,6,11,79,45,14,9,20,181,12,-1,27,57,9,3,15,40,-1,9,1,27,31,7,19,6002.87
5,8,67,0,8,6,11,14,139,5,-1,0,23,3,1,0,5,-1,2,0,55,31,8,0,6934.86
15,5,6,179,58,47,8,18,181,25,-1,70,34,9,9,5,82,-1,11,3,12,24,9,34,6399.72
11,7,22,70,30,13,10,19,167,13,-1,6,54,8,3,8,15,-1,14,1,36,42,7,13,6176.51
7,7,27,30,46,13,10,14,153,5,-1,0,43,9,2,4,5,-1,5,0,23,47,8,4,7209.83
16,6,15,45,13,34,8,23,182,13,-1,6,52,1,1,7,15,-1,11,2,60,29,7,11,6190.05
36,4,5,116,63,33,8,24,188,10,-1,39,33,5,4,2,66,-1,13,3,18,20,8,25,6614.45
7,6,16,46,48,12,10,15,170,11,-1,7,56,17,6,12,20,-1,7,1,11,30,8,12,6329.12
18,6,7,103,58,16,9,18,182,11,-1,1,62,11,4,11,54,-1,11,2,12,18,8,24,6964.24
11,7,19,60,35,14,10,17,169,15,-1,6,55,9,0,5,30,-1,14,1,32,41,7,17,6325.14
16,4,13,147,49,50,8,18,183,22,-1,30,33,13,4,0,33,-1,13,3,15,20,9,29,6336.56
16,6,8,100,38,37,8,23,182,21,-1,29,46,3,6,9,25,-1,13,2,41,19,7,29,6903.96
39,5,5,129,51,32,8,24,181,9,-1,29,30,4,4,2,59,-1,10,3,31,21,8,28,6379.61
13,5,10,119,22,13,10,11,170,18,-1,30,64,13,2,3,148,-1,9,2,11,24,9,12,6737.07
13,7,18,60,35,13,9,20,178,11,-1,13,56,9,2,13,30,-1,10,1,32,35,7,12,6278.41
12,6,11,226,28,15,9,12,174,15,-1,67,58,38,5,5,56,-1,28,2,5,16,8,18,6365.63
14,7,18,60,35,12,9,20,178,11,-1,13,56,9,2,13,30,-1,10,1,32,33,7,10,6458.94
11,7,29,40,8,17,8,28,172,17,-1,10,65,2,1,12,10,-1,5,2,29,54,6,6,7138.22
34,4,5,124,62,33,8,22,188,15,-1,47,34,8,5,2,70,-1,12,3,15,22,9,28,6267.03
5,8,48,20,25,7,11,13,140,4,-1,0,27,5,2,0,5,-1,4,0,44,40,8,3,6854.86
11,7,30,40,8,16,8,29,173,16,-1,10,66,1,1,12,10,-1,5,2,25,54,6,6,7092.24
7,6,16,41,49,12,10,15,170,11,-1,7,56,15,6,12,25,-1,7,1,11,30,8,12,6363.05
20,5,6,148,61,37,8,21,181,16,-1,53,42,9,6,4,53,-1,15,2,12,14,8,30,6053.33
27,5,4,146,61,41,8,22,184,12,-1,39,33,6,5,2,63,-1,14,3,17,17,8,28,6377.94
8,7,23,25,6,19,8,26,175,16,-1,5,68,2,4,17,15,-1,5,3,26,56,6,5,7102.65
20,5,4,141,62,47,8,21,184,15,-1,35,33,5,6,5,63,-1,12,3,16,16,8,27,7550.94
8,6,14,119,43,14,10,13,170,14,-1,6,57,24,5,13,10,-1,13,1,10,28,8,15,6173.25
11,6,10,184,25,16,9,13,173,10,-1,39,59,34,5,3,77,-1,20,2,5,20,9,20,6530.46
13,5,10,229,32,40,9,15,174,14,-1,39,43,29,7,2,99,-1,13,3,12,17,9,24,6154.95
21,5,7,136,58,37,8,20,182,20,-1,41,42,11,5,7,53,-1,19,2,14,17,8,25,6378.18
14,6,9,169,44,13,9,18,177,18,-1,29,59,25,7,11,11,-1,21,1,11,23,8,19,6504.54
27,5,4,158,61,38,8,20,183,14,-1,58,36,7,4,3,86,-1,16,3,14,19,9,33,7112.87
15,5,6,192,50,41,9,16,180,18,-1,103,40,19,8,7,91,-1,11,2,7,15,8,37,6624.22
12,5,5,193,58,47,8,18,183,22,-1,80,36,10,10,5,74,-1,13,3,11,21,9,41,6505.73
17,6,8,105,39,35,8,23,184,18,-1,28,47,2,7,9,25,-1,12,2,40,20,7,30,6707.86
9,6,12,97,24,14,10,11,172,6,-1,7,60,15,4,1,123,-1,5,2,8,32,9,13,6186.14
19,6,7,93,61,32,8,19,181,16,-1,8,47,9,6,8,62,-1,17,2,12,18,8,29,6333.79
6,7,23,25,5,20,8,26,176,15,-1,5,66,4,5,15,20,-1,7,2,38,46,6,5,7223.25
10,7,28,45,9,18,8,28,169,18,-1,5,57,3,1,12,5,-1,4,2,34,52,6,8,7210.7
15,6,17,40,8,21,8,25,179,15,-1,11,59,2,4,9,15,-1,10,2,59,37,7,6,6337.3
15,6,9,189,43,12,9,14,174,19,-1,28,59,26,4,10,16,-1,22,1,7,18,8,21,6557.14
7,6,22,30,4,28,8,24,179,11,-1,0,58,4,7,10,10,-1,8,3,39,48,6,5,7152.94
12,7,21,70,26,13,9,22,171,17,-1,11,56,5,2,12,25,-1,14,1,42,44,7,13,6047.83
9,7,16,61,47,13,10,12,168,6,-1,0,53,18,2,7,5,-1,7,1,12,47,8,7,7576.38
7,6,25,27,51,12,11,9,162,3,-1,0,48,10,1,1,0,-1,2,1,18,52,9,0,7020.92
10,5,10,283,43,44,9,15,178,20,-1,81,40,24,10,6,75,-1,15,2,8,15,9,31,6452.29
17,6,7,105,62,26,9,18,182,14,-1,0,52,7,7,7,48,-1,13,2,14,18,8,28,6390.05
36,4,5,111,62,32,8,23,189,14,-1,31,33,6,6,5,65,-1,11,3,15,25,9,26,5991.29
15,6,17,55,12,22,8,25,181,19,-1,12,58,2,4,12,15,-1,12,2,58,30,7,5,6341.89
10,6,14,68,52,10,10,16,169,17,-1,8,56,12,7,15,25,-1,8,1,14,27,8,12,6226.13
16,6,7,126,56,13,9,19,181,8,-1,23,61,12,4,13,26,-1,15,2,12,20,8,25,6423.66
13,7,22,40,20,12,9,22,168,14,-1,11,58,6,2,13,30,-1,11,1,47,46,7,11,6245.04
7,5,10,219,12,32,9,13,171,20,-1,7,50,43,7,4,128,-1,12,2,12,18,9,17,6600.42
5,7,39,40,17,14,10,18,158,12,-1,6,50,5,3,12,5,-1,4,1,39,42,6,5,7103.75
17,6,8,97,58,27,9,20,182,14,-1,0,52,7,7,7,47,-1,10,2,18,17,8,28,6361.62
39,4,5,85,52,32,8,24,190,10,-1,25,33,6,3,1,65,-1,8,3,26,24,9,27,6506.06
9,8,50,15,13,10,9,24,159,9,-1,5,51,3,2,9,5,-1,5,2,18,41,6,5,6953.93
10,6,12,107,43,12,10,13,172,16,-1,13,57,24,7,13,15,-1,15,1,11,27,8,13,6165.86
13,6,9,200,38,13,9,14,174,17,-1,28,59,32,5,7,16,-1,26,1,6,19,8,18,6275.77
12,7,22,65,20,12,9,22,172,16,-1,11,58,6,2,12,30,-1,13,1,47,43,7,12,6245.73
10,6,13,106,26,13,10,9,172,6,-1,7,60,21,3,3,110,-1,7,2,6,37,9,12,6206.6
16,6,8,108,42,32,8,22,183,18,-1,22,49,4,9,8,35,-1,14,2,36,20,7,29,6744.58
13,6,11,200,37,16,9,14,175,19,-1,35,58,34,5,7,39,-1,25,2,5,16,8,21,6364.96
13,7,23,25,20,12,9,22,167,15,-1,11,57,5,3,11,35,-1,11,1,46,46,7,10,6254.61
13,6,16,40,8,28,8,22,180,13,-1,6,58,2,2,8,10,-1,6,2,60,40,7,5,6196.21
26,5,9,31,12,46,7,26,180,10,-1,1,35,0,5,6,10,-1,4,3,60,34,7,16,6875.5
6,7,33,20,32,11,10,15,156,9,-1,1,46,6,3,6,20,-1,3,0,33,41,8,2,6240.27
16,6,6,103,55,31,9,17,182,16,-1,13,49,16,3,8,76,-1,19,2,10,17,8,33,6406.1
14,6,7,111,52,14,9,19,182,13,-1,28,58,14,6,12,35,-1,16,1,16,26,8,18,6402.62
19,5,6,101,34,43,8,22,181,18,-1,44,40,2,4,9,25,-1,9,2,46,19,7,20,6451.22
13,7,26,45,10,15,8,29,177,16,-1,5,60,4,1,10,10,-1,6,2,41,39,6,5,6203.95
16,5,7,160,59,35,9,18,182,20,-1,36,46,16,4,6,73,-1,19,2,5,15,8,36,6611.42
10,6,14,81,52,11,10,15,172,16,-1,13,56,12,6,14,30,-1,12,1,14,27,8,10,6421.41
23,5,7,65,19,46,7,26,179,12,-1,17,33,0,8,5,10,-1,7,3,61,28,7,18,6751.33
23,5,4,146,61,44,8,22,184,13,-1,39,33,6,6,3,63,-1,14,3,17,16,8,30,6380.23
14,6,9,190,42,12,9,14,174,21,-1,28,59,29,5,8,22,-1,26,1,6,18,8,23,6482.74
18,6,6,99,58,20,9,18,182,11,-1,1,58,11,4,11,54,-1,12,2,12,19,8,26,6865.54
19,6,9,90,34,36,8,24,183,17,-1,29,49,2,3,10,15,-1,12,2,46,19,7,25,6993.06
10,6,19,30,7,45,7,23,178,10,-1,5,44,0,6,6,10,-1,5,3,33,50,7,6,6547.65
22,5,4,164,61,43,8,20,185,14,-1,64,36,7,5,3,79,-1,17,3,13,19,8,33,6369.29
13,6,11,66,44,12,9,19,176,16,-1,12,56,11,3,12,30,-1,11,1,26,31,7,17,6220.05
17,5,7,195,57,36,9,17,181,18,-1,76,43,15,6,8,79,-1,16,2,6,10,8,42,6244.38
19,5,6,189,59,38,8,18,181,19,-1,87,42,12,5,8,85,-1,13,2,9,10,8,36,7119.18
14,6,11,90,55,11,9,17,175,17,-1,12,55,9,3,11,25,-1,14,1,15,30,8,14,6411.37
13,6,16,50,11,28,8,22,180,13,-1,6,58,1,2,7,15,-1,8,2,58,35,7,9,6587.64
41,4,6,116,47,29,8,23,189,12,-1,24,31,7,7,5,30,-1,9,3,28,28,9,25,8284.76
8,5,10,252,20,34,9,13,175,22,-1,23,47,39,8,5,109,-1,17,2,9,17,9,18,6811.48
31,5,4,148,61,36,8,22,182,12,-1,44,35,9,4,2,70,-1,14,3,14,19,8,27,6401.01
12,6,12,120,25,12,10,11,175,8,-1,23,64,23,4,3,104,-1,15,2,6,23,9,20,6372.73
13,6,18,30,9,21,8,24,180,14,-1,5,60,4,5,10,15,-1,12,2,49,39,6,5,6538.41
12,5,11,171,51,44,9,18,180,18,-1,40,40,14,9,3,88,-1,13,3,14,18,9,34,6659.01
9,6,12,120,44,13,9,13,172,18,-1,13,55,24,9,14,15,-1,16,1,11,26,8,12,6025.02
17,6,12,58,39,13,9,21,181,16,-1,28,60,4,5,18,45,-1,8,2,37,24,7,21,6299.69
20,5,6,136,37,39,8,21,184,18,-1,45,41,5,6,9,15,-1,12,2,42,16,8,19,7038.18
8,7,16,50,52,13,10,16,170,20,-1,7,56,9,4,9,20,-1,9,1,16,40,8,14,6366.44
20,6,8,133,45,37,8,20,183,21,-1,40,42,5,9,9,20,-1,16,2,34,14,8,25,6986.41
16,6,9,168,42,13,9,17,176,19,-1,34,59,27,5,10,30,-1,27,2,9,19,8,23,6347.04
9,7,43,30,8,13,8,30,166,14,-1,10,61,0,2,9,15,-1,6,3,17,48,6,5,6201.44
12,5,6,216,57,47,8,18,183,22,-1,80,36,11,9,5,75,-1,13,3,11,18,9,41,6453.63
13,5,10,114,22,13,10,11,170,17,-1,30,64,13,2,3,148,-1,9,2,11,24,9,12,6550.45
14,6,10,181,38,11,9,15,174,18,-1,28,55,30,7,12,10,-1,18,1,10,23,8,18,6371.39
19,6,8,107,37,37,8,21,183,22,-1,29,45,3,5,10,15,-1,15,2,42,16,7,24,6847.23
19,6,10,90,33,35,8,24,183,16,-1,28,49,2,3,8,15,-1,13,2,46,18,7,26,6541.28
14,6,7,114,54,14,9,19,179,13,-1,28,59,14,6,11,36,-1,19,1,14,24,8,24,6430.34
14,6,11,90,52,14,9,20,181,13,-1,27,57,10,3,14,35,-1,11,1,19,30,7,19,6373.45
16,6,7,134,54,14,9,20,181,12,-1,28,60,13,4,12,31,-1,15,2,15,22,8,25,5995.48
28,5,4,162,61,39,8,22,184,12,-1,55,34,9,5,2,63,-1,14,3,14,18,8,29,6447.62
20,6,7,109,59,21,9,18,181,11,-1,1,56,11,3,10,54,-1,11,2,12,19,8,28,6262.61
31,5,15,15,4,38,7,27,179,5,-1,0,38,0,6,4,5,-1,3,3,39,44,7,5,6352.09
13,7,20,60,33,13,9,20,175,14,-1,7,55,9,1,12,35,-1,12,1,33,37,7,14,6189.71
10,5,9,230,38,41,9,14,177,18,-1,61,43,26,9,4,93,-1,14,3,10,16,9,28,6472.89
22,5,7,137,54,35,8,20,184,17,-1,41,43,5,8,5,38,-1,15,2,24,15,8,19,6327.76
6,7,17,51,48,13,10,13,170,8,-1,0,57,16,5,12,15,-1,6,1,11,36,8,11,6196.87
15,6,9,120,56,12,9,19,176,18,-1,29,56,9,4,13,30,-1,14,1,15,29,8,15,6372.72
9,7,33,40,17,13,9,25,159,11,-1,6,57,1,2,7,10,-1,4,2,31,48,6,7,7209.68
11,7,31,50,14,11,9,27,162,14,-1,0,59,2,2,10,5,-1,7,2,30,49,6,7,7228.73
4,8,66,5,8,6,11,13,139,4,-1,0,24,3,1,0,0,-1,1,0,55,31,8,0,6453.9
16,6,8,114,38,37,8,23,184,21,-1,29,46,5,7,10,20,-1,14,2,40,19,7,27,6595.31
33,5,7,71,15,36,7,26,179,5,-1,33,35,0,9,6,10,-1,5,3,63,33,8,17,6608.78
16,6,8,140,49,13,9,18,181,16,-1,28,59,21,5,9,40,-1,16,2,11,20,8,27,6445.4
12,7,21,65,30,13,9,18,170,16,-1,7,55,10,2,8,30,-1,16,1,33,41,7,16,6255.74
19,5,7,131,57,34,8,20,181,16,-1,40,46,12,6,5,53,-1,17,2,14,16,8,31,6532.35
16,6,7,136,56,14,9,21,181,9,-1,23,61,12,4,12,31,-1,15,2,14,21,8,27,6200.81
18,6,7,98,62,30,9,18,182,16,-1,1,47,7,7,9,55,-1,16,2,13,18,8,27,6294.07
14,5,9,253,23,29,9,13,178,21,-1,68,50,40,3,6,92,-1,20,2,7,17,9,27,6482.85
8,5,10,228,16,28,9,14,172,20,-1,7,50,38,7,5,126,-1,13,2,11,18,9,17,6220.64
16,6,6,98,54,26,9,17,181,12,-1,7,53,16,3,6,71,-1,20,2,10,19,8,29,6138.89
18,5,9,42,14,49,7,23,178,16,-1,12,35,2,4,8,15,-1,5,3,64,23,7,18,6289.06
15,7,19,55,20,14,9,28,178,18,-1,19,57,4,4,15,25,-1,12,2,48,38,7,7,7351.5
33,4,7,169,56,36,8,21,187,22,-1,66,32,10,5,6,32,-1,12,3,16,24,9,22,6069.04
14,6,17,75,17,20,8,24,182,18,-1,18,61,3,4,14,10,-1,17,2,54,29,7,10,6438.83
12,7,24,50,18,11,9,22,161,15,-1,5,57,5,3,14,15,-1,8,1,48,46,7,10,6131.7
18,6,10,67,23,43,8,23,184,18,-1,34,43,2,2,8,15,-1,9,2,57,18,7,25,6542.01
15,5,7,155,51,36,9,17,180,15,-1,37,45,24,4,8,77,-1,24,2,5,14,8,36,6312.25
12,6,11,99,24,13,10,11,172,8,-1,7,62,14,3,4,122,-1,8,2,8,25,9,14,6255.93
6,7,39,30,26,11,11,14,143,4,-1,0,36,6,2,2,5,-1,6,0,40,48,8,3,7091.55
14,6,9,200,38,12,9,14,174,19,-1,28,59,32,5,7,16,-1,27,1,6,18,8,22,6576.3
9,6,16,98,45,12,10,11,170,7,-1,0,59,22,3,7,5,-1,8,1,9,36,8,10,6127.73
11,5,10,278,23,31,9,12,177,22,-1,51,47,39,8,6,95,-1,18,2,8,18,9,25,6638.91
20,4,10,161,52,45,8,19,184,25,-1,71,32,11,7,4,45,-1,16,3,16,20,9,19,8004.06
11,7,24,55,19,11,9,21,162,14,-1,5,57,5,2,13,15,-1,9,1,47,46,7,10,6092.01
6,7,36,20,30,11,10,15,154,12,-1,1,44,4,3,6,25,-1,5,0,37,41,7,3,6240.65
16,6,7,92,55,26,9,17,182,12,-1,1,53,15,3,5,76,-1,18,2,10,19,8,30,6117.87
13,5,7,226,47,40,9,16,178,21,-1,73,41,21,8,8,108,-1,15,2,7,17,9,35,6264.73
14,5,9,270,22,27,9,11,178,22,-1,61,50,35,5,5,84,-1,19,2,7,19,9,27,6677.94
12,7,20,65,29,14,9,21,172,14,-1,7,55,7,2,9,30,-1,14,1,38,39,7,12,6226.04
19,6,9,91,34,36,8,24,183,17,-1,29,49,2,3,11,15,-1,12,2,46,19,7,25,6751.95
20,5,6,174,63,38,8,18,182,18,-1,87,42,11,4,7,78,-1,16,2,7,12,8,36,6513.54
14,6,9,115,56,12,9,19,176,17,-1,29,56,9,5,13,35,-1,14,1,15,29,8,15,6366.92
22,5,4,141,60,45,8,21,184,12,-1,34,33,6,6,4,63,-1,10,3,18,17,8,29,6385.04
16,6,6,98,54,26,9,17,181,12,-1,7,53,16,3,6,71,-1,20,2,10,20,8,29,6081.46
16,4,21,117,55,42,9,17,181,16,-1,29,42,8,2,1,16,-1,6,3,13,27,10,9,7434.11
5,8,66,5,8,5,11,13,139,4,-1,0,26,3,1,0,0,-1,2,0,55,32,8,0,6514.05
14,7,14,65,38,12,9,20,174,11,-1,7,55,12,1,9,30,-1,12,1,30,35,7,18,6470.3
12,5,9,182,54,45,8,18,179,19,-1,56,39,12,9,3,93,-1,12,3,13,20,9,35,6377.99
17,6,6,87,52,18,9,18,182,12,-1,7,58,18,2,6,76,-1,18,2,10,20,8,24,7085.41
14,7,19,60,31,13,9,21,177,12,-1,18,55,8,2,13,30,-1,11,1,37,35,7,9,6283.4
20,4,8,162,54,43,8,18,185,24,-1,70,33,9,9,6,46,-1,14,3,16,22,9,26,6441.9
13,7,19,55,36,12,10,18,173,16,-1,7,55,9,0,7,35,-1,15,1,32,37,7,18,6364.58
8,8,46,30,16,11,9,22,159,15,-1,10,52,2,1,8,5,-1,5,1,27,42,6,6,7188.27
17,5,7,222,49,35,9,16,177,17,-1,86,45,19,4,8,89,-1,15,2,6,13,8,39,6409.42
19,5,6,192,59,38,8,18,181,18,-1,87,42,12,5,8,79,-1,14,2,9,11,8,37,7176.79
14,6,7,116,54,14,9,19,182,13,-1,28,58,12,6,12,30,-1,14,1,16,27,8,19,6377.03
13,6,8,114,56,14,9,18,178,14,-1,28,58,11,7,11,35,-1,18,1,14,25,8,11,6276.33
18,5,4,154,63,44,8,21,183,16,-1,47,37,9,7,5,57,-1,15,2,10,14,8,29,6613.09
13,7,20,65,33,13,9,20,173,15,-1,7,55,9,1,9,35,-1,13,1,33,38,7,14,8115.15
11,7,28,50,13,15,9,28,168,15,-1,5,57,3,2,11,10,-1,8,2,35,48,6,6,7647.3
16,6,6,163,50,25,9,16,180,16,-1,20,50,24,3,7,64,-1,22,2,5,17,8,30,8178.18
14,7,15,50,41,12,9,18,173,15,-1,7,54,10,1,9,40,-1,11,1,28,35,7,18,8112.47
13,7,19,60,33,13,9,21,177,13,-1,7,55,8,2,12,30,-1,12,1,35,36,7,11,7965.45
15,6,9,116,48,13,9,19,183,14,-1,28,61,8,5,15,30,-1,9,2,26,23,7,28,7802.87
15,7,25,40,16,12,9,27,175,16,-1,6,59,4,2,11,15,-1,10,2,44,37,6,6,7351.3
12,7,12,56,53,13,9,18,175,17,-1,7,55,6,3,9,30,-1,11,1,18,32,7,14,8191.88
21,5,6,159,45,44,8,22,182,18,-1,62,35,5,7,4,16,-1,14,3,32,15,8,16,7532.36
14,7,16,70,38,12,9,19,173,11,-1,7,55,10,1,9,30,-1,14,1,31,35,7,18,8237.57
15,6,14,75,36,13,9,21,181,15,-1,12,56,8,2,13,30,-1,5,1,35,32,7,14,8429.34
15,6,10,93,43,18,9,25,183,13,-1,22,62,3,8,15,30,-1,14,2,35,21,7,28,7623.26
7,7,17,40,48,14,10,16,168,19,-1,7,54,9,4,9,30,-1,8,1,20,42,8,12,7860.74
16,6,12,77,42,13,9,19,181,16,-1,27,57,10,4,14,40,-1,6,1,30,29,7,17,7972.09
17,6,13,68,37,13,9,22,181,17,-1,28,59,4,5,18,40,-1,9,2,39,23,7,20,8340.98
14,6,9,110,55,12,9,20,177,16,-1,28,58,11,5,12,30,-1,13,1,15,30,8,15,8093.76
13,7,20,65,33,13,9,21,173,14,-1,7,55,7,1,12,30,-1,12,1,34,38,7,12,8091.79
12,7,21,70,29,13,9,20,170,17,-1,6,55,6,2,8,20,-1,14,1,39,43,7,14,8065.16
10,7,25,50,34,11,10,15,163,17,-1,6,54,8,2,8,30,-1,12,1,30,38,7,10,8195.64
16,6,7,194,46,26,9,15,179,15,-1,37,49,26,3,7,60,-1,25,2,5,14,8,30,7940.68
18,5,4,132,53,49,8,21,182,15,-1,51,33,6,7,5,50,-1,11,3,23,18,8,24,7840.62
12,7,21,70,21,12,9,22,171,16,-1,11,57,6,2,12,25,-1,13,1,47,44,7,12,8184.99
10,7,30,20,17,12,9,23,161,12,-1,11,58,3,2,10,20,-1,5,1,43,46,6,8,7943.83
11,4,13,138,47,51,9,18,178,20,-1,14,35,15,4,0,65,-1,13,3,14,19,9,25,8564.13
14,5,9,240,26,29,9,13,180,19,-1,62,50,37,3,6,88,-1,21,2,6,13,9,30,7860.5
14,6,17,65,26,14,9,24,182,21,-1,19,62,3,7,19,25,-1,15,2,45,32,7,12,7464.22
15,6,13,61,39,13,9,20,181,14,-1,12,56,10,2,14,45,-1,6,1,33,32,7,15,8146.98
10,7,23,55,33,14,10,17,166,12,-1,6,54,7,3,5,25,-1,13,1,33,40,7,13,8107.49
23,5,6,137,58,36,8,20,182,19,-1,41,42,8,6,6,44,-1,15,2,17,17,8,21,8016.35
7,7,41,30,18,12,9,22,158,13,-1,11,51,1,3,11,5,-1,3,1,31,43,6,6,7405.7
14,4,10,123,50,52,8,18,180,20,-1,31,34,11,3,0,67,-1,14,3,15,21,9,29,8702.44
18,6,10,91,42,11,9,22,182,18,-1,22,62,4,6,15,30,-1,10,2,34,22,7,26,7705.96
9,7,25,25,16,14,9,24,161,11,-1,6,59,3,3,10,20,-1,7,1,44,49,6,6,7959.69
7,7,16,46,47,12,10,15,169,13,-1,7,56,18,6,12,25,-1,6,1,13,29,8,12,7940.97
18,5,6,175,62,39,8,18,181,18,-1,87,42,9,5,5,78,-1,13,2,9,11,8,31,8310.4
13,6,19,30,9,19,8,27,178,14,-1,5,63,4,4,11,15,-1,11,2,47,41,6,5,7787.41
17,6,7,105,62,26,9,18,182,14,-1,0,52,7,7,7,48,-1,13,2,14,19,8,29,7995.91
23,5,7,137,57,36,8,20,182,20,-1,41,42,9,6,6,44,-1,16,2,17,16,8,24,8028.77
13,6,16,40,12,28,8,22,180,13,-1,6,56,1,2,7,15,-1,7,2,59,35,7,8,7805.68
6,7,18,35,52,14,10,18,168,13,-1,1,54,9,4,7,20,-1,6,1,15,42,8,12,7819.67
10,7,15,65,49,13,10,16,172,17,-1,7,54,9,2,10,25,-1,11,1,19,39,8,15,8127.0
20,5,5,182,64,41,8,21,182,17,-1,62,39,11,4,5,54,-1,14,2,8,12,8,30,8313.34
10,7,26,50,27,10,10,15,161,13,-1,0,52,8,3,8,20,-1,12,1,39,40,7,9,7841.97
14,6,17,65,25,16,8,24,182,20,-1,19,63,3,5,18,20,-1,16,2,48,22,7,13,7882.3
21,5,7,136,58,35,8,20,182,19,-1,40,44,11,5,6,53,-1,20,2,14,16,8,30,7971.15
13,5,9,262,22,30,9,12,177,21,-1,51,48,36,6,6,106,-1,19,2,7,18,9,29,7017.95
20,6,10,88,37,24,8,23,182,13,-1,28,54,2,5,14,15,-1,13,2,42,19,7,28,7607.36
19,6,7,115,57,13,9,18,182,9,-1,1,62,12,3,12,42,-1,12,2,12,19,8,23,8122.93
15,5,7,171,48,35,9,16,179,17,-1,44,46,23,4,8,77,-1,19,2,7,13,8,35,8022.8
17,6,8,118,49,28,8,21,183,15,-1,16,50,6,8,12,25,-1,13,2,29,19,7,30,8165.61
10,7,25,50,33,11,10,15,164,17,-1,6,54,9,2,8,30,-1,12,1,31,38,7,11,8134.5
9,5,9,294,22,30,9,13,175,23,-1,46,50,38,8,6,86,-1,18,2,6,19,9,26,7241.15
13,7,22,40,20,12,9,22,167,14,-1,11,58,6,2,14,30,-1,11,1,47,46,7,11,8084.31
17,6,9,110,41,27,8,23,183,16,-1,27,51,2,8,11,20,-1,14,2,38,19,7,29,7779.94
21,5,4,141,61,46,8,21,184,12,-1,34,33,6,6,4,63,-1,10,3,17,16,8,29,7926.37
20,5,5,127,56,44,8,21,182,17,-1,47,37,8,6,5,49,-1,12,2,18,18,8,24,7863.34
11,7,26,45,9,18,8,29,173,17,-1,5,60,4,0,11,5,-1,4,2,36,49,6,6,7530.34
8,7,30,35,17,13,9,25,162,12,-1,6,57,2,4,9,10,-1,6,1,37,50,6,4,7453.91
13,6,16,35,9,23,8,24,180,13,-1,11,59,3,5,10,15,-1,11,2,55,40,7,5,7666.65
6,7,20,40,45,14,10,15,168,20,-1,7,54,9,3,7,30,-1,9,1,23,40,8,13,7779.77
14,7,14,65,40,12,9,19,174,11,-1,7,55,10,1,9,30,-1,11,1,29,35,7,19,8327.1
16,6,13,62,37,14,9,24,182,17,-1,35,60,4,5,18,45,-1,11,2,40,25,7,20,7520.79
13,6,18,40,6,25,8,22,182,8,-1,0,60,4,5,11,10,-1,7,3,48,41,7,6,7331.06
11,5,9,230,38,41,9,14,177,18,-1,61,43,26,8,4,93,-1,14,3,10,17,9,28,7029.28
8,5,12,158,14,20,9,13,171,20,-1,23,57,25,6,5,169,-1,12,2,11,22,9,17,7153.28
9,6,16,67,45,13,10,12,170,8,-1,0,55,21,3,9,10,-1,7,1,10,35,8,9,7454.86
16,6,9,116,55,13,9,20,184,14,-1,22,61,7,4,15,30,-1,10,2,20,21,7,28,8113.2
18,6,7,93,61,32,9,19,182,17,-1,1,48,7,7,8,55,-1,15,2,14,18,8,26,7759.99
11,6,26,114,36,8,10,8,167,4,-1,16,62,33,1,1,0,-1,10,2,10,43,9,0,7490.8
10,5,10,236,38,42,9,14,177,20,-1,60,42,25,10,4,92,-1,14,3,10,15,9,29,6998.41
18,6,9,104,42,26,8,23,183,14,-1,27,52,2,7,13,25,-1,15,2,37,20,7,28,8064.66
19,6,8,112,58,32,8,20,182,16,-1,6,47,7,7,8,42,-1,15,2,19,17,8,29,8105.27
12,6,9,116,55,13,9,18,174,17,-1,29,55,11,7,14,30,-1,13,1,14,28,8,12,8235.89
10,7,28,45,10,17,9,28,170,17,-1,5,57,4,2,10,10,-1,7,2,36,47,6,6,7643.41
15,6,8,123,48,29,8,21,185,13,-1,16,50,4,9,11,25,-1,14,2,30,20,7,30,7815.82
17,5,7,142,58,35,9,18,181,21,-1,13,45,16,3,8,67,-1,20,2,7,15,8,36,7477.37
13,6,18,30,10,22,8,24,180,13,-1,5,59,3,5,11,15,-1,12,2,48,39,6,5,7837.63
11,6,11,96,52,12,9,16,173,20,-1,13,57,13,6,15,25,-1,15,1,14,29,8,8,7995.57
18,5,4,153,64,42,8,21,182,15,-1,53,39,8,6,5,58,-1,15,2,10,14,8,31,8233.09
10,7,25,30,16,14,9,26,166,13,-1,6,57,3,4,9,15,-1,9,2,38,50,6,3,7531.07
21,5,7,155,43,38,8,21,183,19,-1,62,41,5,8,6,20,-1,15,2,35,15,8,20,7489.61
16,6,6,153,49,18,9,16,180,16,-1,14,56,24,3,8,66,-1,23,2,6,17,8,27,8099.97
18,6,8,142,45,12,9,17,181,15,-1,22,59,25,4,10,35,-1,22,2,10,19,8,25,8067.99
36,4,5,117,62,31,8,22,188,14,-1,31,34,6,6,5,59,-1,12,3,15,25,9,24,8093.95
9,7,21,45,35,14,10,15,167,18,-1,6,53,10,2,7,30,-1,11,1,33,41,7,13,8111.01
13,7,21,30,21,12,9,22,169,15,-1,11,58,5,3,11,35,-1,10,1,47,47,7,7,7998.73
18,6,6,110,61,27,9,19,182,16,-1,0,51,7,7,8,43,-1,15,2,15,18,8,28,7800.52
5,7,32,25,34,13,10,14,152,7,-1,0,40,7,4,6,15,-1,5,0,33,44,8,2,7468.96
16,6,8,112,48,25,9,22,184,13,-1,17,55,4,7,15,25,-1,13,2,29,22,7,38,7651.2
16,6,14,55,37,13,9,21,181,19,-1,19,60,5,4,19,30,-1,7,2,34,32,7,13,7670.8
12,7,13,56,50,13,9,18,174,16,-1,7,55,9,3,8,30,-1,11,1,19,34,7,16,8151.6
9,5,12,149,14,19,9,13,169,19,-1,23,59,31,4,4,160,-1,11,2,11,22,9,15,7310.91
13,7,23,35,10,14,8,28,178,17,-1,10,64,5,3,7,15,-1,10,2,42,37,6,4,7747.0
10,7,30,25,17,12,9,23,162,11,-1,11,58,3,2,12,20,-1,5,1,45,47,6,8,7784.01
29,5,4,154,61,38,8,20,184,14,-1,58,35,7,4,3,82,-1,15,3,14,19,9,31,7008.79
13,6,16,50,11,28,8,22,180,13,-1,6,56,1,2,7,15,-1,8,2,58,36,7,8,8074.47
11,7,18,60,48,13,10,15,171,16,-1,6,54,11,0,7,25,-1,10,1,20,40,7,15,8313.47
10,7,23,15,16,13,9,23,165,13,-1,11,58,5,4,9,30,-1,8,1,46,47,6,5,7963.0
16,6,17,65,33,13,9,23,181,20,-1,19,57,4,4,16,25,-1,8,2,37,32,7,9,7704.09
16,6,13,61,36,13,9,20,181,13,-1,12,56,9,3,12,45,-1,5,1,36,30,7,17,8391.22
7,7,23,50,35,14,10,15,164,19,-1,6,54,8,2,8,30,-1,12,1,33,39,7,14,7836.08
11,6,14,111,45,11,10,15,170,18,-1,8,57,23,6,12,15,-1,14,1,10,26,8,13,8124.36
18,5,7,117,59,36,9,18,182,19,-1,8,45,13,2,8,67,-1,18,2,9,16,8,30,7722.11
16,6,6,153,50,22,9,16,180,16,-1,20,53,24,3,8,69,-1,22,2,5,17,8,29,8159.37
12,7,19,65,18,14,9,28,178,21,-1,19,61,4,6,16,15,-1,15,2,49,37,7,6,7695.43
16,7,18,60,28,13,9,25,181,19,-1,19,57,5,4,14,25,-1,9,2,42,32,7,9,7881.97
12,7,20,60,33,13,10,18,169,14,-1,7,55,9,1,7,30,-1,15,1,32,41,7,15,8254.91
5,7,25,20,41,14,10,17,157,8,-1,0,45,5,4,7,20,-1,4,0,27,47,8,3,7689.37
15,6,9,112,47,22,9,22,184,12,-1,22,58,4,8,15,30,-1,13,2,30,21,7,35,8057.87
13,7,20,65,30,13,9,21,173,14,-1,7,55,7,2,10,30,-1,12,1,37,39,7,12,8017.75
15,5,5,182,47,32,9,16,178,13,-1,44,47,26,4,9,77,-1,22,2,4,14,8,39,7090.76
16,6,17,65,31,13,9,23,181,19,-1,19,57,5,4,16,25,-1,8,2,39,33,7,8,7632.92
17,6,12,62,41,13,9,19,181,15,-1,28,58,6,3,16,40,-1,7,2,35,28,7,19,8187.52
26,5,13,15,9,45,7,26,181,7,-1,1,37,0,5,2,10,-1,3,3,45,37,7,5,6834.71
15,7,18,55,22,13,9,24,180,19,-1,19,57,6,4,15,25,-1,10,2,46,37,7,8,7750.77
16,6,8,113,48,29,8,21,184,14,-1,16,50,5,8,11,25,-1,14,2,30,19,7,32,7622.37
13,7,17,65,34,13,9,20,176,14,-1,7,55,11,1,8,35,-1,12,1,31,37,7,16,8103.41
24,5,7,137,56,34,8,20,183,18,-1,41,43,8,6,6,44,-1,15,2,19,16,8,19,8217.25
12,7,25,45,19,10,9,22,161,16,-1,6,57,4,3,14,15,-1,8,1,48,48,7,10,8097.25
13,6,7,115,53,14,9,18,176,13,-1,28,58,13,7,12,30,-1,17,1,14,26,8,13,8365.81
13,5,9,269,22,30,9,12,177,22,-1,67,48,37,6,5,90,-1,19,2,7,18,9,27,8661.13
16,6,13,70,26,21,8,24,182,17,-1,19,60,3,4,16,10,-1,16,2,50,20,7,17,7726.87
15,6,7,127,56,14,9,19,183,12,-1,28,59,10,5,12,30,-1,12,2,16,23,8,24,7920.74
15,7,18,50,28,12,9,23,180,19,-1,19,58,6,4,16,25,-1,9,2,41,36,7,7,8102.49
7,7,33,50,15,11,10,18,159,13,-1,1,53,8,4,17,15,-1,6,1,49,44,7,9,7943.44
15,6,17,55,12,23,8,25,180,19,-1,12,57,2,4,11,15,-1,12,2,59,27,7,10,7779.28
14,7,24,50,11,13,8,29,177,15,-1,10,63,5,2,7,10,-1,8,2,44,36,6,4,7649.56
14,6,9,102,57,13,9,19,177,17,-1,28,56,8,3,12,30,-1,13,1,15,31,7,16,7958.36
16,6,13,60,35,13,9,24,182,19,-1,19,63,3,6,19,30,-1,14,2,41,25,7,19,7672.33
14,7,14,65,39,12,9,20,174,11,-1,13,55,11,1,9,35,-1,12,1,30,34,7,18,8169.9
14,6,17,80,22,22,8,25,181,20,-1,18,59,2,5,15,10,-1,16,2,51,24,7,13,7606.34
13,7,27,55,12,15,9,28,174,16,-1,5,57,4,1,9,5,-1,8,2,39,43,6,5,7616.77
7,5,11,247,12,37,9,12,173,13,-1,24,48,46,7,3,114,-1,15,2,13,17,9,16,7102.13
14,6,18,65,18,13,9,25,182,21,-1,19,62,3,6,18,20,-1,15,2,50,34,7,6,7563.88
11,7,22,65,30,13,10,18,167,13,-1,6,54,8,3,8,15,-1,13,1,36,42,7,14,8175.76
10,7,26,45,7,18,8,28,174,14,-1,10,64,4,1,12,5,-1,5,2,39,45,6,6,7748.65
18,5,4,138,53,49,8,21,182,15,-1,51,33,6,7,5,50,-1,11,3,23,18,8,24,7824.66
20,5,7,157,62,37,8,21,182,18,-1,47,42,11,5,5,53,-1,16,2,9,12,8,29,8137.94
12,7,22,60,30,13,10,19,170,16,-1,6,55,8,2,7,25,-1,14,1,36,41,7,13,8145.9
5,7,33,20,32,12,10,15,156,9,-1,1,45,6,4,6,20,-1,3,0,33,41,8,2,8108.7
9,7,16,61,47,13,10,12,168,7,-1,0,54,19,2,7,5,-1,8,1,10,43,8,9,7520.52
10,6,12,111,44,12,10,14,172,18,-1,8,56,22,7,14,15,-1,15,1,12,28,8,10,8131.55
15,6,8,112,58,18,9,22,185,12,-1,17,60,6,8,11,30,-1,10,2,20,20,7,30,8001.07
12,7,22,60,32,13,10,18,169,15,-1,6,55,9,1,7,30,-1,14,1,33,40,7,15,8286.48
10,5,21,149,29,14,10,14,165,15,-1,31,63,27,4,3,63,-1,10,3,16,37,10,12,8250.02
14,6,17,65,20,14,9,25,182,22,-1,19,62,3,6,19,20,-1,13,2,50,32,7,8,7671.52
11,6,23,35,7,17,8,26,179,17,-1,5,65,4,5,13,10,-1,8,2,41,42,6,4,7913.77
18,6,11,83,42,15,9,25,183,16,-1,28,63,2,6,17,25,-1,13,2,37,19,7,28,7673.72
6,7,35,15,31,11,10,15,155,10,-1,1,45,5,3,7,25,-1,3,0,35,40,8,3,8075.48
17,6,7,97,58,27,9,19,182,15,-1,0,52,7,7,8,47,-1,13,2,18,18,8,28,7933.23
10,6,14,79,42,11,10,14,170,15,-1,8,56,23,7,13,20,-1,10,1,12,27,8,11,8206.19
19,6,11,96,28,20,8,23,182,17,-1,34,58,2,4,15,10,-1,16,2,49,19,7,19,7938.68
18,6,7,115,57,13,9,18,181,9,-1,23,60,12,4,11,32,-1,14,2,12,20,8,22,8110.16
16,6,15,70,23,20,8,24,182,17,-1,18,61,3,4,15,10,-1,17,2,50,22,7,16,7951.74
13,6,10,111,53,15,9,20,183,12,-1,28,59,10,5,14,35,-1,11,1,19,28,7,21,7989.05
7,7,17,45,52,14,10,17,168,20,-1,7,55,9,4,10,25,-1,8,1,15,42,8,13,7867.18
14,6,17,65,18,16,8,25,181,22,-1,19,63,3,5,15,20,-1,15,2,53,30,7,10,7732.47
12,7,22,65,20,11,9,22,168,15,-1,11,58,6,2,11,25,-1,13,1,47,43,7,14,8048.04
14,6,18,35,9,18,8,27,179,18,-1,11,62,3,4,10,15,-1,10,2,56,39,7,3,7685.68
14,6,10,116,46,13,9,22,183,15,-1,22,64,3,8,16,25,-1,11,2,30,21,7,29,7786.01
10,7,19,60,48,14,10,15,171,19,-1,6,54,11,1,7,25,-1,11,1,20,40,7,14,8240.78
12,7,20,65,29,14,9,21,171,15,-1,7,55,7,2,9,30,-1,14,1,38,39,7,12,8017.46
14,7,18,60,34,14,9,22,181,18,-1,18,57,6,4,16,25,-1,9,1,35,33,7,10,8013.84
15,6,14,65,37,15,9,24,181,19,-1,19,59,4,5,18,25,-1,12,2,37,31,7,19,7692.82
16,6,10,121,46,12,9,24,184,16,-1,22,63,5,8,15,20,-1,12,2,30,20,7,29,8077.92
16,6,12,67,37,14,9,19,181,15,-1,28,58,7,3,17,40,-1,7,2,37,29,7,20,8001.6
12,7,24,50,18,11,9,22,161,15,-1,5,57,5,3,14,15,-1,8,1,48,46,7,10,8026.01
12,7,20,65,31,13,9,18,171,13,-1,7,55,10,1,7,30,-1,16,1,33,38,7,16,8058.93
7,7,30,30,18,12,9,24,159,13,-1,6,58,1,4,10,10,-1,7,1,33,50,6,6,7631.86
14,6,9,116,54,13,9,20,182,13,-1,28,59,11,6,12,35,-1,14,1,17,28,7,16,7970.72
12,6,27,146,32,10,10,8,165,6,-1,16,61,33,0,1,24,-1,12,2,11,42,10,2,7756.93
15,6,17,70,22,22,8,25,181,18,-1,18,59,3,4,14,10,-1,16,2,50,21,7,16,7709.89
18,6,7,97,61,30,9,18,182,15,-1,1,47,8,6,9,56,-1,14,2,13,19,8,26,7889.51
16,6,13,50,36,13,9,19,181,18,-1,12,56,8,3,16,45,-1,6,1,37,32,7,14,8122.83
14,6,9,77,55,11,9,18,177,17,-1,12,55,8,3,11,25,-1,12,1,17,31,7,16,7919.13
17,6,17,70,30,13,9,24,182,21,-1,24,60,3,5,18,25,-1,15,2,42,30,7,14,7498.6
12,7,21,65,29,13,9,20,170,16,-1,7,56,7,2,10,30,-1,14,1,38,42,7,12,8102.26
16,6,8,113,46,28,8,21,185,13,-1,16,51,4,8,12,30,-1,14,2,31,21,7,33,7873.07
12,7,12,51,52,13,9,18,175,18,-1,1,55,8,3,10,35,-1,11,1,18,31,7,15,8145.92
6,7,36,20,30,11,10,15,154,13,-1,1,45,4,3,6,25,-1,5,0,37,41,7,3,8060.95
6,7,19,30,50,13,10,18,166,13,-1,1,52,9,4,7,20,-1,4,1,18,43,8,10,7503.09
14,7,18,50,36,11,10,18,174,15,-1,7,55,9,1,5,40,-1,15,1,32,38,7,18,8150.77
9,7,36,40,17,11,10,20,159,10,-1,6,52,4,3,15,10,-1,4,1,45,44,7,8,7477.99
10,6,11,137,44,13,9,15,173,19,-1,29,56,23,8,14,15,-1,17,1,11,26,8,14,7887.89
13,7,20,65,28,13,9,21,174,14,-1,12,55,6,3,10,30,-1,12,1,39,41,7,12,7823.2
14,6,19,30,10,21,8,24,179,14,-1,5,60,3,4,11,15,-1,12,2,48,40,6,5,7697.65
13,7,18,60,35,13,9,20,178,12,-1,13,56,9,2,12,30,-1,12,1,32,35,7,13,7805.2
7,7,16,55,52,14,10,17,169,20,-1,7,56,9,4,10,20,-1,8,1,15,41,8,13,8134.71
12,7,12,56,52,13,9,19,175,16,-1,7,55,7,3,9,30,-1,10,1,18,33,7,15,8102.81
15,6,8,118,44,29,8,22,185,15,-1,22,50,4,9,8,30,-1,14,2,34,20,7,31,7826.68
17,5,6,177,59,41,8,17,181,18,-1,87,40,12,6,7,84,-1,10,2,9,14,8,35,8308.7
10,7,21,55,37,13,10,15,167,18,-1,6,53,10,2,6,30,-1,11,1,31,41,7,13,8204.01
21,5,7,136,58,35,8,20,182,16,-1,41,44,11,5,5,53,-1,20,2,14,17,8,29,8013.64
8,6,14,113,44,14,10,14,170,14,-1,7,57,22,5,14,10,-1,10,1,11,29,8,12,8104.97
15,6,9,112,48,20,9,23,185,12,-1,22,60,4,8,16,30,-1,13,2,29,21,7,34,7659.02
14,5,8,196,41,37,9,15,178,18,-1,51,46,27,6,8,120,-1,17,2,8,16,9,31,7936.19
6,7,23,40,39,13,10,15,168,20,-1,7,55,8,3,8,30,-1,9,1,29,39,7,12,7793.48
13,7,17,65,33,13,9,20,176,13,-1,7,55,11,1,10,35,-1,12,1,32,37,7,16,8161.0
11,6,7,131,54,14,9,16,174,16,-1,29,59,13,8,12,25,-1,16,1,13,25,8,14,8096.14
20,5,4,176,64,41,8,21,181,17,-1,62,40,10,4,5,59,-1,15,2,9,14,8,32,8049.92
12,7,22,30,8,16,8,27,178,18,-1,5,67,5,4,13,15,-1,9,2,41,41,6,5,7760.47
7,7,16,50,52,14,10,17,169,20,-1,7,56,8,4,10,20,-1,8,1,15,41,8,13,8173.33
12,6,22,30,8,16,8,27,177,17,-1,5,67,4,4,13,15,-1,8,2,42,41,6,3,7751.23
7,7,33,50,15,11,10,18,160,13,-1,1,53,8,4,17,15,-1,6,1,49,44,7,9,7928.31
11,5,18,128,21,13,10,14,166,14,-1,14,64,27,2,3,115,-1,10,2,13,37,10,14,8415.98
13,7,19,55,19,13,9,23,176,15,-1,12,56,7,3,9,25,-1,12,1,48,42,7,9,7647.4
16,6,13,66,36,13,9,20,181,15,-1,12,56,8,3,14,40,-1,6,1,37,32,7,14,8107.06
10,5,21,149,29,11,10,14,165,16,-1,30,64,25,4,3,63,-1,10,3,16,37,10,12,8162.58
21,5,6,138,52,42,8,21,182,16,-1,46,37,6,7,3,37,-1,13,2,24,16,8,18,7783.68
16,6,7,127,56,14,9,19,183,11,-1,28,59,10,4,12,30,-1,10,2,17,22,7,26,8194.74
17,6,18,65,28,13,9,24,182,21,-1,19,60,3,5,17,25,-1,15,2,43,30,7,11,7512.2
13,7,20,65,33,13,9,20,175,14,-1,7,55,9,1,12,30,-1,12,1,33,37,7,14,8062.76
15,6,17,70,20,23,8,23,181,21,-1,13,58,0,3,11,15,-1,14,2,54,23,7,12,7707.25
10,7,15,60,52,13,10,16,171,19,-1,8,54,9,3,9,20,-1,10,1,16,33,8,14,8114.12
18,5,7,113,59,33,8,20,181,20,-1,24,48,9,8,6,60,-1,17,2,15,16,8,29,8178.6
10,6,29,142,43,10,10,8,161,4,-1,16,63,24,0,0,0,-1,8,2,9,47,10,1,7646.11
16,6,17,65,21,22,8,25,180,17,-1,13,58,2,4,12,15,-1,16,2,52,24,7,12,7622.47
14,4,17,160,50,50,9,18,180,20,-1,31,34,14,5,1,25,-1,12,3,15,20,10,25,8316.97
15,6,10,112,50,17,9,23,185,12,-1,22,62,3,8,14,30,-1,12,2,27,20,7,33,7892.98
15,6,11,215,37,15,9,13,175,16,-1,58,57,34,5,7,50,-1,26,2,5,11,8,19,8222.9
15,6,10,109,49,15,9,20,182,13,-1,28,59,9,3,15,35,-1,11,1,24,29,7,20,7941.82
19,6,7,96,54,35,9,18,182,18,-1,8,45,15,2,9,77,-1,19,2,12,19,8,30,7955.0
12,6,12,136,24,12,10,11,175,8,-1,23,64,20,4,3,107,-1,11,2,6,23,9,17,8361.56
10,6,11,97,24,13,10,11,172,6,-1,7,60,15,4,1,124,-1,5,2,9,32,9,13,8488.96
13,6,9,184,38,12,9,13,174,13,-1,28,58,32,6,6,16,-1,23,1,6,22,8,17,8272.71
14,6,9,61,46,12,9,19,179,14,-1,12,55,11,3,15,35,-1,11,1,24,32,7,18,8191.7
10,6,8,125,54,15,9,17,174,17,-1,29,56,12,8,14,25,-1,15,1,13,27,8,10,8449.19
12,4,18,186,26,37,9,16,173,10,-1,45,47,32,3,0,56,-1,15,3,15,20,10,14,8478.19
9,7,15,61,53,13,10,16,172,17,-1,8,54,9,4,11,30,-1,10,1,14,30,8,13,8615.89
12,6,11,113,24,13,10,11,173,11,-1,30,64,13,3,4,133,-1,9,2,9,24,9,14,9110.7
18,6,11,79,42,11,9,21,181,16,-1,22,62,4,6,16,35,-1,10,2,34,22,7,26,8344.13
12,6,12,138,24,12,10,11,175,7,-1,23,62,23,4,3,105,-1,12,2,6,23,9,17,8395.47
15,6,12,72,43,13,9,19,181,12,-1,27,56,10,3,13,45,-1,7,1,29,31,7,15,8833.1
13,4,11,148,35,43,9,18,179,12,-1,18,41,29,2,0,93,-1,15,3,14,20,9,26,8978.46
16,6,7,128,54,13,9,18,181,13,-1,23,59,15,4,11,37,-1,17,2,12,21,8,25,8503.56
10,5,17,116,19,14,10,12,165,15,-1,14,63,26,3,3,115,-1,7,2,13,36,10,14,8823.31
13,5,11,115,25,13,10,11,172,15,-1,30,64,11,2,4,141,-1,10,2,9,24,9,14,8967.82
12,5,10,180,17,12,10,13,174,17,-1,30,64,19,3,4,130,-1,11,2,9,22,9,18,8935.34
14,6,11,181,40,13,9,14,175,19,-1,40,60,33,5,8,38,-1,25,2,5,17,8,25,8480.24
18,6,7,99,57,13,9,18,181,10,-1,7,60,13,5,9,48,-1,13,2,11,20,8,23,8651.55
11,6,11,96,24,14,10,11,173,12,-1,7,64,13,4,3,134,-1,8,2,9,26,9,14,8283.06
9,6,14,119,43,12,10,11,170,10,-1,6,59,25,4,9,10,-1,13,1,10,29,8,15,8560.01
13,6,9,172,40,12,9,15,174,19,-1,29,56,28,8,13,10,-1,19,1,11,23,8,16,8551.39
13,6,9,216,27,14,9,14,174,15,-1,67,59,35,4,4,61,-1,26,2,6,18,8,20,8478.29
13,6,8,122,53,15,9,17,178,14,-1,28,58,14,5,13,31,-1,19,1,13,23,8,18,8141.41
17,6,7,96,50,16,9,17,181,12,-1,6,57,20,2,6,76,-1,21,2,10,19,8,26,8879.7
10,5,19,166,28,17,10,15,165,12,-1,47,60,27,3,3,62,-1,10,3,16,37,10,11,8317.47
18,6,7,131,57,14,9,19,182,8,-1,17,62,11,4,12,31,-1,13,2,14,19,8,25,8334.84
11,5,11,136,11,15,9,13,166,19,-1,29,62,32,3,3,156,-1,12,2,14,25,9,13,9457.18
15,6,7,119,54,14,9,19,180,13,-1,28,58,14,5,12,36,-1,18,1,14,24,8,21,8477.31
12,4,22,100,50,29,9,17,174,13,-1,14,58,6,2,1,20,-1,6,3,12,42,10,5,8392.14
16,6,10,228,36,19,9,14,176,13,-1,74,54,34,2,5,66,-1,26,2,5,10,8,23,8898.57
12,4,11,116,44,45,9,18,179,18,-1,15,41,19,3,0,86,-1,14,3,14,20,9,29,8947.72
16,5,8,209,36,25,9,16,178,14,-1,65,50,33,3,7,63,-1,26,2,5,12,8,28,8425.18
16,6,8,129,54,13,9,19,181,14,-1,28,59,14,4,12,31,-1,18,1,12,21,8,24,8058.7
14,6,11,214,37,18,9,13,176,13,-1,68,56,32,3,5,71,-1,26,2,5,11,8,23,8229.15
10,6,9,189,22,13,10,12,176,11,-1,46,63,22,6,4,106,-1,12,2,7,23,9,22,9612.85
17,6,7,128,54,12,9,19,180,13,-1,23,59,15,4,12,37,-1,17,2,12,21,8,24,8324.65
14,6,9,111,55,13,9,20,178,14,-1,28,57,11,5,10,30,-1,13,1,15,29,8,14,8121.7
16,6,13,66,36,13,9,20,181,15,-1,12,56,8,3,14,40,-1,5,1,37,32,7,14,8381.3
15,6,11,51,44,13,9,19,181,11,-1,12,54,10,3,13,45,-1,6,1,28,31,7,16,8501.41
12,6,10,155,22,11,10,12,175,11,-1,30,64,18,5,4,129,-1,11,2,7,21,9,20,8968.13
10,6,10,201,24,15,9,12,176,10,-1,46,61,34,6,3,79,-1,16,2,4,22,9,19,8660.3
10,5,11,225,15,36,9,15,175,11,-1,24,48,46,6,0,106,-1,12,3,13,20,9,20,8394.4
17,6,7,74,56,25,9,17,182,11,-1,1,53,14,3,6,76,-1,14,2,11,19,8,28,9327.02
10,6,10,189,27,14,10,12,176,9,-1,39,62,27,6,3,86,-1,16,2,3,23,9,19,9109.94
12,4,18,155,46,46,9,17,180,15,-1,24,41,16,4,0,33,-1,11,3,15,19,10,20,9088.21
11,6,11,113,24,13,10,10,170,10,-1,7,59,19,3,1,108,-1,5,2,11,40,9,11,8552.42
14,7,18,60,33,12,9,20,179,12,-1,18,56,8,2,13,30,-1,10,1,35,34,7,10,8520.27
13,5,10,154,14,15,9,12,170,17,-1,29,62,23,2,6,156,-1,10,2,11,23,9,12,9387.66
18,6,8,95,49,35,8,20,182,20,-1,7,46,6,8,7,42,-1,14,2,29,14,8,25,8261.88
12,6,13,142,39,11,10,14,173,14,-1,7,59,27,5,11,10,-1,15,1,10,27,8,19,8071.84
14,6,8,116,56,14,9,17,178,12,-1,28,58,12,5,11,36,-1,19,1,13,23,8,22,8487.35
17,6,7,83,53,16,9,18,182,10,-1,7,57,17,4,8,80,-1,15,2,10,19,8,26,8776.17
12,4,17,203,28,41,9,17,176,10,-1,44,43,32,3,0,50,-1,15,3,14,18,10,18,8755.44
13,6,7,114,54,14,9,19,180,13,-1,28,58,14,7,11,35,-1,19,1,14,24,8,19,8392.72
16,6,6,93,55,26,9,17,182,12,-1,1,53,15,3,5,76,-1,20,2,10,19,8,30,8599.47
32,4,5,160,60,36,8,21,186,17,-1,53,33,9,5,5,64,-1,14,3,14,22,9,30,9135.91
12,7,13,66,54,13,9,18,174,15,-1,7,55,9,3,9,30,-1,10,1,14,30,8,14,8585.39
13,5,14,206,24,37,9,16,177,11,-1,24,47,37,2,0,79,-1,17,3,15,21,9,19,9230.84
11,6,9,127,51,14,9,16,173,17,-1,29,57,16,8,13,25,-1,14,1,12,25,8,15,8486.5
10,7,15,60,52,13,10,17,173,17,-1,8,54,9,2,10,25,-1,12,1,16,32,8,15,8455.43
12,6,8,143,45,14,9,16,173,17,-1,29,59,22,6,14,15,-1,17,1,12,23,8,15,8772.21
13,4,13,186,30,41,9,16,177,11,-1,23,42,34,3,0,73,-1,14,3,13,20,9,20,8429.27
20,5,7,159,63,38,8,19,181,17,-1,74,42,12,4,7,79,-1,17,2,6,11,8,37,8311.93
16,6,10,196,42,12,9,16,175,18,-1,34,60,28,5,11,17,-1,22,1,9,20,8,20,8652.48
17,6,7,121,48,16,9,17,181,14,-1,7,57,23,2,7,61,-1,23,2,9,16,8,26,8431.36
14,7,18,60,36,12,9,20,178,10,-1,13,56,8,2,13,30,-1,10,1,32,34,7,9,8531.41
19,6,7,106,60,19,9,18,182,8,-1,1,58,9,5,12,47,-1,12,2,14,19,8,25,8263.27
13,6,12,66,55,12,9,18,175,16,-1,7,55,9,3,9,30,-1,11,1,13,29,8,14,8614.69
14,6,9,199,39,12,9,13,174,18,-1,28,59,31,5,8,16,-1,22,1,6,19,8,18,8241.57
11,4,11,133,47,48,9,18,179,16,-1,25,39,14,5,0,87,-1,13,3,16,19,9,30,8871.61
12,4,10,164,49,46,8,17,182,17,-1,46,38,13,8,3,76,-1,12,3,15,20,9,30,9053.63
13,6,8,149,45,12,9,15,173,18,-1,35,58,23,7,13,10,-1,16,1,11,23,8,17,8304.17
12,5,16,200,22,28,9,17,175,9,-1,45,55,35,3,0,80,-1,17,3,15,21,10,15,9243.19
16,6,7,134,54,14,9,20,181,12,-1,28,60,13,4,12,31,-1,15,2,15,22,8,25,8519.52
13,5,11,167,44,40,9,16,179,16,-1,23,44,19,8,2,91,-1,14,3,14,18,9,30,9339.85
18,5,4,144,63,47,8,20,184,12,-1,40,35,10,6,6,86,-1,14,3,11,15,8,31,7802.15
16,6,7,127,55,14,9,19,182,13,-1,28,59,11,4,12,30,-1,13,1,16,23,8,25,8071.14
12,6,13,107,27,12,10,10,175,5,-1,23,62,27,2,3,86,-1,8,2,5,30,9,14,8755.33
11,5,11,259,20,24,9,12,177,20,-1,40,51,31,5,5,89,-1,15,2,8,19,9,23,8788.48
14,4,22,111,53,38,9,16,178,16,-1,14,47,7,2,1,20,-1,8,3,10,34,10,5,9283.2
32,4,5,155,60,35,8,21,186,16,-1,53,34,10,4,3,69,-1,13,3,14,21,9,32,9050.63
13,6,11,100,54,11,9,17,175,17,-1,13,55,11,5,11,25,-1,14,1,15,30,8,13,8643.15
11,4,18,191,28,39,9,16,174,10,-1,45,46,31,3,0,50,-1,15,3,15,20,10,14,9168.62
12,5,9,245,42,40,9,15,177,20,-1,66,42,24,8,6,90,-1,16,2,8,15,9,29,8915.33
14,4,11,159,30,40,9,16,180,12,-1,18,44,33,1,0,95,-1,15,3,14,20,9,24,8729.72
10,7,15,60,51,13,10,16,173,18,-1,8,54,9,2,9,25,-1,11,1,17,36,8,14,8522.24
12,6,13,130,27,12,10,9,172,5,-1,23,61,25,2,3,82,-1,8,2,5,32,9,13,8724.0
10,6,9,177,21,13,10,12,176,12,-1,30,63,20,6,4,123,-1,10,2,7,22,9,22,9433.06
9,7,15,65,51,13,10,17,174,17,-1,8,54,9,3,11,25,-1,12,1,16,31,8,16,8518.24
15,5,8,215,36,23,9,15,178,14,-1,65,52,33,3,6,57,-1,26,2,6,12,8,27,8605.63
11,6,14,66,54,11,10,16,173,17,-1,8,55,9,4,11,30,-1,13,1,15,28,8,14,8233.03
11,6,12,136,24,13,10,10,174,7,-1,23,60,23,4,3,94,-1,9,2,6,24,9,16,8754.61
11,5,11,209,15,35,9,16,173,8,-1,24,49,44,4,0,96,-1,11,3,15,23,9,20,9477.65
13,6,8,110,55,14,9,17,178,12,-1,28,58,11,7,11,35,-1,18,1,14,25,8,17,8074.96
12,5,10,172,18,14,9,12,173,18,-1,29,62,17,3,5,145,-1,12,2,10,22,9,14,9892.75
11,5,12,183,10,24,9,14,170,13,-1,23,53,39,4,2,137,-1,15,2,14,27,9,17,10543.64
9,5,11,162,10,18,9,15,168,16,-1,29,60,36,4,3,136,-1,13,2,13,27,9,18,10115.05
14,5,9,241,25,25,9,13,178,17,-1,68,52,36,3,6,72,-1,19,2,5,15,9,27,10726.17
11,5,10,263,23,33,9,12,177,19,-1,44,48,38,8,5,106,-1,18,2,7,17,9,21,10823.44
11,5,13,229,15,31,9,16,172,10,-1,24,52,44,4,0,86,-1,16,3,14,23,9,20,10370.89
10,5,9,263,25,40,9,14,174,17,-1,40,45,37,8,2,100,-1,18,3,11,16,9,24,10739.64
14,5,9,266,23,25,9,13,179,17,-1,68,52,37,3,6,65,-1,18,2,5,15,9,28,10257.65
11,5,9,260,41,41,9,14,177,19,-1,59,42,25,8,6,81,-1,16,2,8,15,9,30,10025.36
12,5,11,212,15,34,9,15,172,8,-1,24,50,47,2,0,88,-1,17,3,15,24,9,19,10206.38
11,5,10,200,40,37,9,14,178,17,-1,50,47,25,7,8,110,-1,19,2,8,15,9,31,10823.08
10,5,10,283,21,36,9,13,176,21,-1,39,46,41,8,5,94,-1,16,2,8,17,9,20,10137.77
11,5,15,181,16,22,9,16,170,14,-1,36,56,36,3,1,113,-1,17,3,13,26,10,16,10123.23
19,6,6,79,53,29,9,17,182,14,-1,1,49,16,2,9,76,-1,18,2,12,20,8,29,9893.39
14,5,9,238,27,30,9,13,180,17,-1,68,49,37,3,6,88,-1,21,2,6,12,9,30,9433.28
12,5,11,207,15,38,9,16,174,7,-1,24,47,47,1,0,92,-1,16,3,15,23,9,19,10151.45
12,6,11,142,23,12,10,11,175,8,-1,23,64,17,4,4,129,-1,12,2,7,23,9,19,9068.81
11,5,10,232,30,40,9,14,174,14,-1,39,44,33,8,2,93,-1,15,3,11,14,9,24,9730.91
14,5,9,266,22,24,9,11,179,19,-1,62,49,37,4,6,76,-1,18,2,5,17,9,25,10289.76
15,5,5,182,47,31,9,16,178,14,-1,44,48,28,4,8,77,-1,24,2,4,14,8,39,9292.65
10,5,11,196,18,18,9,12,172,19,-1,23,58,20,6,6,143,-1,11,2,10,22,9,11,10274.75
11,5,13,168,11,23,9,14,170,16,-1,29,53,36,4,2,146,-1,13,2,13,22,9,15,10061.28
11,5,14,181,14,23,9,15,171,13,-1,36,55,37,3,2,113,-1,15,3,13,26,9,18,10140.51
10,6,9,218,22,15,9,13,176,13,-1,46,61,28,5,4,90,-1,14,2,5,22,9,19,10156.32
11,5,9,254,42,42,9,15,177,19,-1,59,41,24,8,6,81,-1,16,2,8,15,9,29,9948.36
11,5,9,222,20,13,9,13,177,19,-1,46,62,26,5,4,102,-1,13,2,5,22,9,19,9574.58
12,5,11,216,14,37,9,16,175,7,-1,24,47,47,3,0,102,-1,13,3,15,22,9,20,10329.35
10,5,14,170,11,23,9,15,171,12,-1,30,55,39,4,2,129,-1,16,3,13,26,9,17,10498.61
13,5,10,245,23,18,9,13,177,18,-1,68,56,36,4,5,83,-1,23,2,5,15,9,26,9970.11
11,5,10,249,30,39,9,14,174,14,-1,39,45,33,8,2,93,-1,16,3,11,16,9,26,9579.3
12,5,10,241,25,36,9,13,177,21,-1,51,47,38,7,6,103,-1,19,2,8,15,9,23,10318.64
11,5,11,202,19,18,9,12,171,19,-1,24,57,21,6,6,137,-1,11,2,9,22,9,12,10469.94
12,5,13,117,16,13,10,11,167,16,-1,30,64,28,3,3,145,-1,10,2,14,30,9,15,9320.25
14,5,9,266,22,25,9,11,179,20,-1,62,49,35,4,6,76,-1,18,2,6,17,9,25,10728.03
13,5,10,263,21,18,9,14,177,22,-1,68,55,37,5,4,78,-1,20,2,6,18,9,24,10131.46
11,5,12,192,12,26,9,15,171,10,-1,23,51,43,4,2,123,-1,15,3,13,25,9,17,10200.25
13,5,10,179,19,12,10,12,173,19,-1,30,64,14,2,4,137,-1,11,2,9,23,9,17,9944.13
12,5,11,246,18,40,9,14,175,10,-1,24,44,42,4,0,105,-1,15,3,13,19,9,23,10130.1
11,5,15,184,15,15,9,14,168,13,-1,30,63,33,3,3,114,-1,13,3,13,29,10,19,9885.59
10,5,9,207,18,14,9,13,176,22,-1,30,62,17,5,4,134,-1,12,2,8,22,9,17,10405.45
12,5,9,164,18,15,9,12,172,19,-1,23,61,15,3,5,153,-1,13,2,10,24,9,14,10500.05
13,5,9,278,23,25,9,12,176,20,-1,61,49,34,5,5,80,-1,17,2,7,19,9,25,10497.85
7,5,11,251,15,35,9,13,172,18,-1,23,48,42,7,4,109,-1,16,2,11,17,9,17,10634.63
11,5,9,208,19,12,9,13,177,22,-1,30,63,17,5,4,128,-1,11,2,7,22,9,19,10504.01
12,5,10,152,17,15,9,12,170,17,-1,23,62,22,3,6,164,-1,12,2,10,23,9,14,10706.82
11,5,10,244,29,36,9,13,176,16,-1,43,48,36,8,5,92,-1,17,2,9,15,9,25,10976.17
11,5,12,171,10,23,9,14,170,14,-1,22,54,36,4,2,144,-1,13,2,14,24,9,15,10401.85
9,5,11,206,10,31,9,14,170,9,-1,8,51,43,5,3,122,-1,12,2,13,20,9,19,11218.66
11,6,11,240,21,17,9,13,177,14,-1,68,58,36,5,3,77,-1,20,2,5,17,9,20,10551.38
12,5,11,136,16,13,10,11,167,18,-1,29,64,24,2,3,152,-1,12,2,12,24,9,15,10500.33
9,5,10,227,20,25,9,13,171,19,-1,24,51,29,8,6,119,-1,12,2,8,20,9,17,10789.9
10,5,11,134,12,18,9,14,168,18,-1,23,59,33,4,3,164,-1,12,2,13,23,9,14,10381.05
20,6,6,72,58,25,9,17,183,12,-1,1,52,12,2,9,76,-1,15,2,11,19,8,28,9926.25
14,5,9,265,21,24,9,11,178,21,-1,62,49,35,5,6,77,-1,16,2,6,17,9,25,10467.39
7,5,12,227,10,33,9,13,170,11,-1,24,50,44,7,3,121,-1,15,2,13,16,9,20,10837.47
9,5,10,245,21,26,9,13,172,20,-1,30,50,33,8,6,108,-1,16,2,7,18,9,19,10654.12
11,5,11,135,12,15,9,13,168,20,-1,23,62,31,3,3,162,-1,12,2,13,25,9,13,10076.96
9,5,10,243,21,29,9,13,172,20,-1,30,49,34,8,6,111,-1,16,2,7,18,9,18,10704.4
10,5,9,256,26,37,9,13,176,19,-1,43,48,39,8,4,92,-1,17,2,8,16,9,26,10353.52
8,5,10,269,19,38,9,12,174,17,-1,39,46,40,7,4,108,-1,16,2,11,16,9,19,10526.97
11,5,9,293,22,30,9,13,175,22,-1,46,48,35,6,6,79,-1,17,2,6,19,9,25,10802.42
8,5,11,198,17,24,9,13,171,19,-1,24,52,24,7,6,142,-1,12,2,10,23,9,15,10972.48
10,5,10,260,20,26,9,14,173,21,-1,46,50,33,7,6,93,-1,15,2,7,19,9,20,11661.49
11,5,10,256,23,33,9,13,177,20,-1,51,49,39,8,6,106,-1,18,2,8,17,9,26,11479.12
8,5,10,244,17,29,9,13,172,20,-1,23,52,40,7,5,110,-1,14,2,10,18,9,17,11886.89
7,5,11,256,16,36,9,12,173,16,-1,23,49,43,7,4,105,-1,16,2,11,16,9,16,11775.47
11,5,10,270,23,33,9,12,177,21,-1,39,46,39,8,5,106,-1,18,2,7,17,9,21,11741.77
8,5,9,257,18,40,9,13,173,17,-1,24,46,41,6,3,106,-1,16,2,12,17,9,21,11691.65
10,5,12,183,11,26,9,14,170,15,-1,22,52,36,4,2,132,-1,14,2,13,22,9,17,11098.23
8,5,10,244,13,31,9,13,171,20,-1,23,50,43,7,5,110,-1,14,2,12,17,9,17,11833.08
49,3,37,34,7,18,7,22,177,15,-1,4,42,3,4,6,0,-1,7,5,38,49,10,2,3921.98
0,16,0,0,0,0,23,3,0,0,-1,0,0,0,0,0,0,-1,0,20,0,0,28,0,521.71
44,5,7,39,23,31,7,26,185,11,-1,10,29,0,5,1,31,-1,6,3,61,27,8,30,5020.11
0,18,0,0,0,0,12,4,0,0,-1,0,0,0,0,0,0,-1,0,16,0,0,9,0,692.9
0,9,0,0,0,0,4,12,10,0,-1,0,0,0,0,0,0,-1,0,15,0,0,15,0,90.23
0,14,0,0,0,0,7,2,1,0,-1,0,0,0,0,0,0,-1,0,19,0,0,16,0,1235.87
2,3,6,0,0,1,10,23,61,1,-1,0,10,0,0,1,0,-1,0,8,0,0,15,0,1252.71
14,7,14,48,36,14,9,20,181,12,-1,11,55,8,3,15,28,-1,7,1,32,35,7,14,8008.43
0,13,0,0,0,0,10,1,0,0,-1,0,0,0,0,0,0,-1,0,20,0,0,21,0,190.22
0,11,1,0,0,0,5,25,11,0,-1,0,1,0,0,0,0,-1,0,12,1,0,8,0,600.56
0,14,0,0,0,0,8,3,1,0,-1,0,0,0,0,0,0,-1,0,19,0,0,18,0,908.09
0,3,0,0,0,2,10,19,30,4,-1,0,5,0,0,1,0,-1,0,10,0,0,16,0,1177.62
0,21,0,0,0,0,22,0,0,0,-1,0,0,0,0,0,0,-1,0,12,0,0,11,0,393.0
1,7,10,0,3,6,3,37,55,1,-1,0,42,0,0,0,0,-1,2,8,2,1,8,1,2508.42
0,12,0,0,0,0,7,26,9,0,-1,0,0,0,0,0,0,-1,0,11,0,0,5,0,713.08
4,6,7,0,4,2,1,28,48,2,-1,0,26,0,0,0,0,-1,0,10,3,0,10,0,2121.32
0,14,2,0,0,1,16,13,15,0,-1,0,0,0,0,0,0,-1,0,6,0,0,8,0,679.37
0,7,0,0,0,0,12,5,11,0,-1,0,0,0,0,0,0,-1,0,15,0,0,20,0,1059.07
0,8,0,0,0,0,6,7,2,0,-1,0,0,0,0,0,0,-1,0,16,0,0,17,0,818.77
28,2,49,12,3,23,7,27,183,10,-1,4,35,3,23,9,8,-1,4,5,17,44,10,1,4056.3
0,15,0,0,0,0,12,1,0,0,-1,0,0,0,0,0,0,-1,0,22,0,0,23,0,186.19
0,4,0,0,0,0,9,15,25,2,-1,0,1,0,0,0,0,-1,0,12,0,0,17,0,1153.49
1,6,14,0,3,12,3,39,67,2,-1,0,57,0,0,0,0,-1,3,8,3,0,8,0,2342.33
22,4,33,12,3,36,6,26,194,9,-1,0,21,1,27,4,8,-1,3,5,22,44,9,5,3861.6
0,12,0,0,0,0,6,22,6,0,-1,0,1,0,0,0,0,-1,0,13,1,0,9,0,432.47
0,15,0,0,0,0,7,3,4,0,-1,0,1,0,0,0,0,-1,0,17,0,0,13,0,386.25
0,13,0,0,0,0,8,27,9,0,-1,0,1,0,0,0,0,-1,0,11,0,0,4,0,652.13
0,15,2,0,0,0,16,13,16,0,-1,0,1,0,0,0,0,-1,0,7,0,0,7,0,670.24
0,6,0,0,0,0,9,6,6,0,-1,0,0,0,0,0,0,-1,0,14,0,0,18,0,982.71
0,5,1,0,1,1,4,15,30,0,-1,0,11,0,0,0,0,-1,1,12,0,0,14,0,2169.81
0,8,0,0,0,0,14,5,8,0,-1,0,0,0,0,0,0,-1,0,15,0,0,21,0,617.47
0,12,2,4,0,0,11,20,49,0,-1,0,3,0,0,0,0,-1,0,5,0,0,2,0,2233.15
0,14,0,0,0,0,7,11,2,0,-1,0,0,0,0,0,0,-1,0,14,0,0,9,0,342.4
0,14,0,0,0,0,11,24,17,0,-1,0,1,0,0,0,0,-1,0,9,0,0,1,0,608.67
11,7,24,32,8,16,8,28,177,16,-1,8,63,4,3,10,4,-1,6,2,39,43,6,6,5477.13
0,5,5,0,1,6,2,18,39,2,-1,0,17,0,0,0,0,-1,0,11,4,0,12,0,2563.41
1,11,0,0,0,0,4,12,7,0,-1,0,0,1,0,0,0,-1,0,14,1,0,11,0,1474.49
0,12,0,0,0,0,9,29,15,0,-1,0,1,0,0,0,0,-1,0,8,0,0,1,0,569.31
0,14,0,0,0,0,7,11,4,0,-1,0,1,0,0,0,0,-1,0,15,0,0,10,0,351.2
0,18,0,0,0,0,18,1,6,0,-1,0,0,0,0,0,0,-1,0,10,0,0,7,0,378.47
1,15,1,0,0,0,17,12,9,1,-1,0,0,0,0,0,0,-1,0,6,0,0,10,0,724.23
0,8,0,0,0,0,13,4,7,0,-1,0,0,0,0,0,0,-1,0,15,0,0,21,0,583.23
0,16,0,0,0,0,11,7,3,0,-1,0,0,0,0,0,0,-1,0,14,0,0,7,0,679.48
13,7,19,48,14,15,8,27,178,24,-1,9,64,4,4,11,12,-1,14,2,52,38,7,4,5490.33
0,16,0,0,0,0,10,2,0,0,-1,0,0,0,0,0,0,-1,0,21,0,0,20,0,92.51
44,4,12,20,3,33,7,27,188,8,-1,4,24,0,11,8,0,-1,3,4,35,48,8,8,4013.0
0,13,0,0,0,0,7,4,3,0,-1,0,0,0,0,0,0,-1,0,18,0,0,16,0,1128.12
4,7,13,0,0,4,4,33,73,0,-1,0,51,0,0,0,0,-1,0,8,4,1,7,1,2682.87
41,4,10,68,41,32,8,23,194,10,-1,22,28,2,7,5,12,-1,10,4,35,29,9,18,4304.08
0,6,0,0,0,0,6,13,8,0,-1,0,0,0,0,0,0,-1,0,14,0,0,16,0,797.79
0,11,0,0,0,0,8,2,0,0,-1,0,0,0,0,0,0,-1,0,18,0,0,19,0,177.55
0,12,0,0,0,0,6,4,3,0,-1,0,0,0,0,0,0,-1,0,17,0,0,16,0,1304.07
29,5,10,39,13,42,7,26,180,9,-1,9,35,0,7,5,8,-1,5,3,61,31,7,16,6911.79
0,6,5,0,3,5,1,25,41,4,-1,0,20,1,0,0,0,-1,0,11,2,0,11,0,2092.39
0,19,0,0,0,0,12,0,1,0,-1,0,0,0,0,0,0,-1,0,22,0,0,17,0,193.51
0,8,0,0,0,0,15,8,3,0,-1,0,0,0,0,0,0,-1,0,14,1,0,21,0,1760.85
0,14,0,0,0,0,9,3,0,0,-1,0,0,0,0,0,0,-1,0,20,0,0,19,0,105.1
0,9,0,0,0,0,8,2,0,0,-1,0,0,0,0,0,0,-1,0,17,0,0,19,0,205.93
0,13,0,0,0,0,7,19,5,0,-1,0,1,0,0,0,0,-1,0,13,0,0,8,0,281.54
0,13,0,0,0,0,7,21,3,0,-1,0,0,0,0,0,0,-1,0,12,0,0,7,0,606.9
4,4,50,16,17,33,9,19,157,3,-1,0,56,1,2,0,4,-1,0,4,48,44,11,3,2364.28
0,17,0,0,0,0,14,11,3,1,-1,0,0,0,0,0,0,-1,0,13,0,0,5,0,232.99
0,20,0,0,0,0,21,2,0,0,-1,0,0,0,0,0,0,-1,0,11,0,0,11,0,334.17
0,10,5,0,0,0,8,33,47,0,-1,0,11,0,1,0,0,-1,0,6,0,0,2,0,1608.57
0,7,0,0,1,0,2,16,23,1,-1,0,6,0,0,0,0,-1,0,13,3,0,13,0,460.8
13,0,62,0,5,41,6,32,128,2,-1,4,35,0,0,0,4,-1,0,7,3,5,12,0,3355.55
0,8,1,0,0,1,2,33,36,0,-1,0,10,0,0,0,0,-1,0,10,4,1,9,0,1818.69
0,11,0,0,0,0,19,2,1,0,-1,0,0,0,0,0,0,-1,0,14,0,0,22,0,174.3
1,10,21,0,0,1,9,29,89,1,-1,0,19,0,0,0,0,-1,0,5,2,0,3,0,1693.82
38,4,5,74,59,32,8,24,188,11,-1,22,33,6,5,4,44,-1,12,3,18,25,9,27,8366.29
0,9,0,0,0,0,3,13,14,0,-1,0,1,0,0,0,0,-1,0,14,0,0,14,0,420.04
0,13,0,0,1,1,5,9,7,0,-1,0,0,0,0,0,0,-1,0,15,0,0,11,0,406.46
0,11,0,0,0,0,16,1,3,0,-1,0,0,0,0,0,0,-1,0,18,0,0,24,0,809.89
0,12,0,0,0,0,7,3,2,0,-1,0,0,0,0,0,0,-1,0,18,0,0,17,0,1281.21
0,15,0,0,0,0,9,8,2,0,-1,0,0,0,0,0,0,-1,0,14,0,0,8,0,250.59
5,0,47,0,1,6,8,24,114,7,-1,8,69,0,0,1,0,-1,2,7,5,1,13,0,1555.51
0,16,0,0,0,0,22,3,0,0,-1,0,0,0,0,0,0,-1,0,20,0,0,28,0,514.05
2,3,15,4,0,1,10,19,76,3,-1,0,15,0,1,0,0,-1,0,7,0,0,14,0,1326.08
0,9,0,0,0,0,14,2,5,0,-1,0,0,0,0,0,0,-1,0,17,0,0,23,0,921.13
14,5,44,0,3,28,3,35,113,3,-1,0,45,1,3,3,4,-1,2,7,2,4,8,1,2633.77
6,6,7,0,3,2,2,35,61,0,-1,0,54,2,0,1,0,-1,0,9,3,3,9,0,2309.32
25,4,19,12,3,36,7,26,193,12,-1,1,22,1,26,6,8,-1,2,4,38,46,9,8,3457.88
0,14,0,0,0,0,7,3,5,0,-1,0,1,0,0,0,0,-1,0,17,0,0,13,0,343.92
0,10,0,0,0,0,17,4,3,0,-1,0,0,0,0,0,0,-1,0,15,0,0,22,0,1581.27
0,13,1,0,0,1,15,13,16,0,-1,0,0,0,0,0,0,-1,0,5,0,1,8,0,835.02
1,14,1,0,0,0,17,13,12,1,-1,0,0,0,0,0,0,-1,0,6,0,0,9,0,738.74
0,15,1,0,0,1,17,12,6,0,-1,0,0,0,0,0,0,-1,0,7,0,0,9,0,518.56
0,11,1,0,0,0,7,37,19,0,-1,0,4,0,0,0,0,-1,0,9,0,0,4,0,766.48
0,2,2,0,1,1,6,26,50,0,-1,0,32,0,0,0,0,-1,0,10,2,0,14,0,1288.01
9,4,22,114,41,21,9,16,168,16,-1,16,57,15,4,3,12,-1,4,3,13,46,10,7,4285.88
0,13,0,0,0,0,9,2,0,0,-1,0,0,0,0,0,0,-1,0,20,0,0,20,0,170.9
0,15,0,0,0,0,11,13,7,0,-1,0,0,0,0,0,0,-1,0,11,0,0,3,0,226.61
0,8,0,0,3,1,1,18,22,0,-1,0,4,0,0,0,0,-1,0,13,0,0,12,0,552.53
2,9,74,0,3,7,8,31,122,2,-1,0,32,0,0,1,0,-1,1,4,3,12,4,0,2534.17
0,4,1,0,1,1,4,17,32,0,-1,0,13,0,0,0,0,-1,1,11,0,0,14,0,1295.4
0,16,0,0,0,0,9,5,2,0,-1,0,0,0,0,0,0,-1,0,16,0,0,11,0,315.94
0,7,2,0,2,0,0,20,33,0,-1,0,11,1,0,0,0,-1,0,11,2,0,12,0,2260.18
0,12,0,0,0,0,12,0,1,0,-1,0,0,0,0,0,0,-1,0,20,0,0,23,0,236.99
0,13,1,0,0,0,14,14,28,0,-1,0,0,0,0,0,0,-1,0,6,0,1,4,0,601.79
9,7,49,20,9,13,9,28,164,18,-1,0,59,1,2,8,4,-1,6,2,16,44,6,4,3870.71
0,14,0,0,0,0,9,20,5,0,-1,0,0,0,0,0,0,-1,0,13,0,0,6,0,269.82
0,10,0,0,0,0,5,7,4,0,-1,0,0,0,0,0,0,-1,0,16,0,0,16,0,373.16
0,16,0,0,0,0,15,0,1,0,-1,0,0,0,0,0,0,-1,0,24,0,0,26,0,223.92
0,8,0,0,0,0,14,4,6,1,-1,0,0,0,0,0,0,-1,0,15,0,0,21,0,561.09
0,16,0,0,0,0,13,12,8,0,-1,0,0,0,0,0,0,-1,0,11,0,0,3,0,501.68
0,6,0,0,0,0,12,6,11,1,-1,0,0,0,0,0,0,-1,0,14,0,0,20,0,1104.25
0,15,0,0,0,0,14,0,1,0,-1,0,0,0,0,0,0,-1,0,23,0,0,25,0,183.51
0,11,1,0,0,0,6,32,14,0,-1,0,3,0,0,0,0,-1,0,10,0,0,6,0,679.14
0,4,27,4,0,3,11,18,74,3,-1,0,14,0,1,0,0,-1,0,7,0,0,14,0,2423.8
0,12,6,0,0,0,13,16,57,0,-1,0,7,0,0,0,0,-1,0,4,0,1,5,1,784.81
0,12,0,0,0,0,16,0,2,0,-1,0,0,0,0,0,0,-1,0,20,0,0,25,0,285.82
1,11,0,0,0,0,4,17,10,0,-1,0,0,1,0,0,0,-1,0,13,1,0,10,0,1216.44
0,6,5,0,1,4,0,21,38,4,-1,0,16,2,0,0,0,-1,0,11,4,0,11,0,1914.84
0,12,0,0,0,0,8,3,0,0,-1,0,0,0,0,0,0,-1,0,19,0,0,19,0,203.55
0,8,2,0,3,1,1,27,36,0,-1,0,10,1,0,0,0,-1,0,11,2,0,10,0,1955.5
0,2,0,0,0,0,8,24,38,0,-1,0,10,0,0,0,0,-1,0,10,0,0,15,0,1138.19
0,14,0,0,0,0,11,1,0,0,-1,0,0,0,0,0,0,-1,0,21,0,0,22,0,196.35
0,14,0,0,0,0,22,3,1,0,-1,0,0,0,0,0,0,-1,0,19,0,0,26,0,535.48
0,6,0,0,0,0,13,12,13,0,-1,0,2,0,0,0,0,-1,0,12,1,0,18,0,1720.86
2,2,7,0,3,6,4,25,73,1,-1,0,59,1,0,1,0,-1,0,10,1,1,13,0,2621.48
0,15,0,0,0,0,12,12,9,0,-1,0,0,0,0,0,0,-1,0,10,0,0,2,0,544.58
0,5,0,0,0,0,8,9,8,0,-1,0,0,0,0,0,0,-1,0,14,0,0,17,0,771.59
40,5,7,48,13,35,7,27,181,7,-1,17,30,0,7,6,4,-1,4,3,66,37,8,14,5637.93
1,11,1,0,0,0,8,38,32,1,-1,0,5,0,0,0,0,-1,1,7,0,0,3,0,1435.37
0,1,2,0,1,1,6,28,54,1,-1,0,40,0,0,0,0,-1,0,10,3,0,14,0,1270.77
44,4,6,29,34,30,8,24,190,9,-1,7,28,4,5,3,33,-1,6,3,45,28,9,22,4449.18
0,12,0,0,0,0,5,24,10,0,-1,0,1,0,0,0,0,-1,0,12,1,0,8,0,1534.37
0,10,0,0,0,0,5,9,5,0,-1,0,0,0,0,0,0,-1,0,16,0,0,15,0,480.42
0,12,0,0,0,0,6,23,6,0,-1,0,1,0,0,0,0,-1,0,13,0,0,8,0,426.87
0,15,0,0,0,0,8,2,1,0,-1,0,0,0,0,0,0,-1,0,19,0,0,16,0,853.33
0,5,0,0,0,0,5,15,25,0,-1,0,5,0,0,0,0,-1,0,12,1,0,15,0,868.18
16,6,10,90,46,13,9,20,182,13,-1,18,59,10,4,15,24,-1,10,1,26,27,7,20,7778.93
0,14,0,0,0,0,21,3,0,0,-1,0,0,0,0,0,0,-1,0,20,0,0,27,0,547.13
0,6,0,0,0,0,11,7,11,1,-1,0,0,0,0,0,0,-1,0,14,0,0,19,0,998.28
9,5,10,196,21,29,9,13,172,20,-1,20,49,34,8,6,96,-1,16,2,7,18,9,18,6634.31
1,9,1,0,2,0,1,16,21,0,-1,0,2,0,0,0,0,-1,0,12,2,0,11,0,1787.45
0,5,0,0,0,1,12,13,16,0,-1,0,2,0,0,0,0,-1,0,11,1,0,18,0,641.84
0,11,1,0,0,0,6,36,17,0,-1,0,4,0,0,0,0,-1,0,9,0,0,4,0,1395.15
0,4,0,0,0,0,8,12,23,1,-1,0,0,0,0,1,0,-1,0,13,0,0,17,0,1024.72
1,8,72,0,1,12,8,30,114,0,-1,0,32,0,0,1,0,-1,0,4,2,9,4,0,2484.5
0,20,0,0,0,0,21,0,0,0,-1,0,0,0,0,0,0,-1,0,12,0,0,10,0,430.61
0,17,0,0,0,0,10,4,1,0,-1,0,0,0,0,0,0,-1,0,16,0,0,10,0,322.47
0,9,0,0,0,0,4,12,12,0,-1,0,1,0,0,0,0,-1,0,15,0,0,15,0,400.93
0,14,0,0,0,0,9,3,0,0,-1,0,0,0,0,0,0,-1,0,20,0,0,19,0,1002.8
0,7,1,0,2,0,1,18,31,0,-1,0,9,0,0,0,0,-1,0,12,2,0,12,0,1844.93
0,12,0,0,1,1,5,14,7,0,-1,0,0,0,0,0,0,-1,0,14,0,0,10,0,403.18
15,6,13,24,10,49,8,22,180,10,-1,9,39,3,3,9,8,-1,5,3,61,28,7,10,4810.25
0,7,0,0,0,0,3,13,17,0,-1,0,0,0,0,0,0,-1,0,14,0,0,15,0,545.83
0,14,0,0,0,0,14,12,20,3,-1,0,0,0,0,0,0,-1,0,7,0,1,3,0,449.81
2,4,0,0,0,1,11,18,31,0,-1,0,4,0,0,1,0,-1,0,9,0,0,16,0,1081.16
0,9,1,0,0,1,2,33,34,0,-1,0,10,1,0,0,0,-1,0,11,4,1,9,0,1934.53
0,13,0,0,0,0,6,5,7,0,-1,0,1,0,0,0,0,-1,0,16,0,0,14,0,961.73
0,13,0,0,0,0,6,5,7,0,-1,0,1,0,0,0,0,-1,0,16,1,0,12,0,364.32
0,15,0,0,0,0,9,15,5,0,-1,0,0,0,0,0,0,-1,0,13,0,0,7,0,947.86
0,18,0,0,0,0,11,0,1,0,-1,0,0,0,0,0,0,-1,0,21,0,0,17,0,172.52
0,16,0,0,0,0,9,0,2,0,-1,0,0,0,0,0,0,-1,0,19,0,0,15,0,1039.72
0,19,0,0,0,0,14,5,2,0,-1,0,0,0,0,0,0,-1,0,15,0,0,7,0,200.31
0,13,1,0,0,0,14,16,23,0,-1,0,1,0,0,0,0,-1,0,5,0,1,5,0,822.06
0,12,0,0,0,0,14,0,1,0,-1,0,0,0,0,0,0,-1,0,20,0,0,24,0,157.46
0,12,0,0,0,0,7,27,12,0,-1,0,0,0,0,0,0,-1,0,11,0,0,6,0,661.47
0,4,0,0,0,0,10,17,25,1,-1,0,2,0,0,0,0,-1,0,11,0,0,17,0,1253.84
0,10,0,0,0,0,3,9,12,2,-1,0,1,0,0,0,0,-1,0,15,1,0,13,0,529.02
47,4,9,38,8,31,7,26,189,7,-1,22,23,0,11,6,0,-1,2,4,47,47,8,10,4034.85
0,14,0,0,0,0,9,3,0,0,-1,0,0,0,0,0,0,-1,0,20,0,0,19,0,917.35
0,18,0,0,0,0,11,3,0,0,-1,0,0,0,0,0,0,-1,0,17,0,0,10,0,878.06
23,3,55,24,7,18,6,29,181,7,-1,0,31,0,25,6,0,-1,2,5,8,40,9,2,3331.12
0,14,0,0,0,0,8,20,5,0,-1,0,0,0,0,0,0,-1,0,12,0,0,6,0,557.44
0,22,0,0,0,0,14,0,0,0,-1,0,0,0,0,0,0,-1,0,24,0,0,18,0,142.58
0,12,0,0,0,0,7,23,7,0,-1,0,1,0,0,0,0,-1,0,12,0,0,7,0,358.64
29,3,52,24,5,19,6,28,184,5,-1,0,27,0,23,6,0,-1,3,5,8,43,9,1,3638.62
0,12,1,0,0,0,14,16,43,2,-1,0,3,0,0,0,0,-1,0,4,0,1,6,0,892.47
0,11,0,0,0,0,19,2,1,0,-1,0,0,0,0,0,0,-1,0,15,0,0,22,0,196.67
1,11,1,0,0,0,8,34,36,0,-1,0,8,0,0,1,0,-1,0,7,0,0,2,0,670.55
0,10,0,0,0,0,3,10,14,2,-1,0,1,0,0,0,0,-1,0,14,1,0,13,0,468.23
0,17,0,0,0,0,10,2,1,0,-1,0,0,0,0,0,0,-1,0,18,0,0,12,0,1163.23
0,6,0,0,0,0,9,4,6,0,-1,0,0,0,0,0,0,-1,0,14,0,0,19,0,928.17
0,10,0,0,0,0,6,5,3,0,-1,0,0,0,0,0,0,-1,0,17,0,0,17,0,339.72
2,3,11,0,0,1,10,19,67,0,-1,0,13,0,1,1,0,-1,0,8,0,0,14,0,1666.32
13,6,61,8,0,18,6,26,176,3,-1,0,72,0,4,3,8,-1,3,4,7,43,6,2,3069.7
0,10,0,0,0,0,8,2,0,0,-1,0,0,0,0,0,0,-1,0,18,0,0,19,0,677.87
0,15,0,0,0,0,12,13,12,0,-1,0,0,0,0,0,0,-1,0,10,0,0,2,0,488.6
0,17,0,0,0,0,13,11,3,0,-1,0,0,0,0,0,0,-1,0,13,0,0,6,0,230.3
0,13,0,0,0,0,7,3,0,0,-1,0,0,0,0,0,0,-1,0,19,0,0,18,0,1239.04
0,11,0,0,0,0,5,7,6,0,-1,0,1,0,0,0,0,-1,0,16,0,0,15,0,1083.14
0,18,0,0,0,0,11,1,1,0,-1,0,0,0,0,0,0,-1,0,19,0,0,13,0,362.94
12,5,84,4,1,41,5,30,165,4,-1,0,49,0,4,1,0,-1,2,5,3,14,7,0,3263.23
0,18,0,0,0,0,11,0,1,0,-1,0,0,0,0,0,0,-1,0,20,0,0,14,0,151.97
4,1,73,8,3,9,8,24,118,1,-1,0,71,0,2,1,0,-1,1,7,1,3,12,0,1508.87
0,11,0,0,0,0,18,2,1,0,-1,0,0,0,0,0,0,-1,0,14,0,0,22,0,180.46
0,9,0,0,0,0,6,6,2,0,-1,0,0,0,0,0,0,-1,0,16,0,0,17,0,356.47
0,12,0,0,0,0,12,0,1,0,-1,0,0,0,0,0,0,-1,0,20,0,0,23,0,208.89
11,7,25,32,15,14,9,27,166,11,-1,5,56,3,3,9,4,-1,9,2,37,51,6,5,5685.79
0,7,0,0,0,0,12,6,11,0,-1,0,0,0,0,0,0,-1,0,15,0,0,20,0,951.24
1,12,1,0,0,0,15,13,21,0,-1,0,1,0,0,0,0,-1,0,4,0,1,8,0,948.78
0,12,0,0,0,0,14,0,1,0,-1,0,0,0,0,0,0,-1,0,21,0,0,25,0,188.19
0,7,0,0,0,1,14,7,10,0,-1,0,2,0,0,0,0,-1,0,9,0,0,17,0,212.01
21,5,6,83,36,44,8,22,181,20,-1,34,36,4,5,9,20,-1,11,3,43,15,8,18,4877.81
31,4,13,16,4,35,7,26,191,10,-1,5,24,1,23,4,0,-1,3,4,42,48,8,9,4432.5
9,7,88,0,0,11,7,30,143,0,-1,0,73,0,0,1,0,-1,1,4,5,8,5,0,3390.46
0,14,0,0,0,0,7,4,6,0,-1,4,1,0,0,0,0,-1,0,17,0,0,14,0,1090.26
0,19,0,0,0,0,20,2,0,0,-1,0,0,0,0,0,0,-1,0,11,0,0,10,0,441.77
0,7,0,0,0,0,3,13,20,1,-1,0,5,0,0,0,0,-1,0,13,0,0,14,0,1245.23
11,4,13,162,34,45,9,16,178,11,-1,19,41,29,3,0,51,-1,14,3,14,20,9,23,8847.6
14,6,71,4,1,26,6,27,176,2,-1,0,65,0,2,1,8,-1,0,5,4,35,6,4,2990.39
0,16,0,0,0,0,10,2,1,0,-1,0,0,0,0,0,0,-1,0,22,0,0,20,0,95.18
0,19,0,0,0,0,20,1,0,0,-1,0,0,0,0,0,0,-1,0,10,0,0,10,0,388.11
44,4,15,20,3,35,6,26,189,9,-1,4,22,0,11,10,0,-1,4,4,32,46,8,9,4176.21
0,10,0,0,0,0,4,10,12,0,-1,0,1,0,0,0,0,-1,0,15,0,0,15,0,467.4
27,2,73,8,6,37,5,30,136,2,-1,0,31,0,8,3,0,-1,2,7,3,6,11,1,3893.54
1,9,67,0,5,5,12,19,114,4,-1,0,19,0,0,0,0,-1,2,1,9,13,7,0,2128.72
0,15,2,0,0,0,16,14,16,0,-1,0,1,0,0,0,0,-1,0,7,0,0,7,0,523.23
1,9,0,0,0,0,2,14,19,1,-1,0,0,1,0,0,0,-1,0,13,4,0,11,0,1601.08
9,5,30,76,42,10,10,13,157,6,-1,8,64,19,0,1,8,-1,4,3,13,54,10,2,2721.74
0,19,0,0,0,0,11,0,0,0,-1,0,0,0,0,0,0,-1,0,20,0,0,15,0,154.09
9,7,58,16,5,16,8,24,165,9,-1,0,69,1,3,8,8,-1,5,3,9,39,6,0,4802.57
0,11,0,0,0,1,8,34,20,0,-1,0,1,0,0,0,0,-1,0,8,0,0,2,0,603.34
0,6,1,0,0,0,2,14,30,1,-1,0,14,0,0,0,0,-1,0,12,4,0,13,0,2279.34
1,11,0,0,0,0,4,17,10,0,-1,0,0,1,0,0,0,-1,0,13,1,0,10,0,1599.52
7,7,84,0,0,9,6,34,126,1,-1,0,75,0,1,0,0,-1,0,5,1,3,5,0,2555.99
0,11,0,0,0,0,5,4,3,0,-1,0,0,0,0,0,0,-1,0,17,0,0,16,0,364.31
8,7,41,24,16,11,9,23,159,14,-1,9,55,2,3,10,8,-1,4,1,31,44,6,7,7242.52
0,15,0,0,0,0,8,2,4,0,-1,0,0,0,0,0,0,-1,0,17,0,0,13,0,923.36
0,14,0,0,0,0,10,20,12,1,-1,0,1,0,0,0,0,-1,0,10,0,0,2,0,481.59
0,9,0,0,0,0,3,11,13,0,-1,0,1,0,0,0,0,-1,0,15,0,0,14,0,412.38
0,7,8,0,4,7,2,37,58,1,-1,0,42,0,0,0,0,-1,0,9,4,1,8,0,2199.49
1,3,8,0,4,19,4,27,73,5,-1,0,52,0,0,0,0,-1,0,9,3,1,12,0,2687.78
0,19,0,0,0,0,20,1,0,0,-1,0,0,0,0,0,0,-1,0,11,0,0,10,0,341.34
0,9,0,0,0,0,5,10,4,0,-1,0,0,0,0,0,0,-1,0,15,0,0,16,0,365.14
0,15,0,0,0,0,23,1,0,0,-1,0,0,0,0,0,0,-1,0,17,0,0,25,0,174.44
0,7,4,0,0,1,2,38,51,3,-1,0,26,1,0,0,0,-1,0,9,8,0,8,0,2353.9
1,3,0,0,0,1,10,21,39,1,-1,0,5,0,0,2,0,-1,0,10,0,0,16,0,1302.11
0,12,0,0,0,1,8,34,17,0,-1,0,1,0,0,0,0,-1,0,8,0,0,2,0,519.7
0,20,0,0,0,0,13,0,0,0,-1,0,0,0,0,0,0,-1,0,22,0,0,16,0,188.06
0,18,0,0,0,0,11,2,0,0,-1,0,0,0,0,0,0,-1,0,17,0,0,10,0,306.58
1,3,31,4,0,5,10,20,87,2,-1,0,32,0,1,2,0,-1,0,7,1,0,14,0,1362.92
0,16,0,0,0,0,10,5,1,0,-1,0,0,0,0,0,0,-1,0,15,0,0,8,0,111.3
0,9,0,0,0,0,12,1,4,0,-1,0,0,0,0,0,0,-1,0,17,0,0,22,0,154.93
0,16,0,0,0,0,12,12,3,1,-1,0,0,0,0,0,0,-1,0,13,0,0,5,0,267.06
21,2,48,4,3,42,5,31,117,1,-1,0,25,1,2,1,4,-1,2,7,6,5,11,1,2962.81
0,6,5,0,3,3,0,20,38,1,-1,0,17,0,0,0,0,-1,0,11,3,0,11,0,2133.44
0,7,3,0,1,0,1,36,46,0,-1,0,26,1,0,0,0,-1,0,10,7,1,9,0,1985.91
0,13,0,0,0,0,9,25,13,1,-1,0,1,0,0,0,0,-1,0,9,0,0,2,0,487.93
0,12,0,0,1,1,5,6,7,0,-1,0,0,0,0,0,0,-1,0,15,0,0,12,0,455.83
0,3,0,0,0,0,9,17,27,0,-1,0,2,0,0,0,0,-1,0,11,0,0,17,0,1093.89
0,15,0,0,0,0,8,2,1,0,-1,0,0,0,0,0,0,-1,0,19,0,0,16,0,1101.44
0,8,0,0,0,0,2,15,19,0,-1,0,1,0,0,0,0,-1,0,13,3,0,13,0,1490.72
0,5,6,0,2,6,2,21,46,1,-1,0,21,0,0,1,0,-1,0,10,4,0,12,0,2262.95
0,11,14,0,0,0,12,16,65,0,-1,0,8,0,0,1,0,-1,0,3,1,1,5,1,791.69
0,13,0,0,0,0,7,3,3,0,-1,0,0,0,0,0,0,-1,0,18,0,0,16,0,1270.96
1,9,36,0,0,6,7,36,95,1,-1,0,21,0,1,0,0,-1,0,5,1,3,4,0,1880.32
0,8,1,0,3,1,1,17,24,0,-1,0,4,0,0,0,0,-1,0,12,1,0,12,0,534.12
0,4,0,0,0,0,10,17,24,1,-1,0,2,0,0,0,0,-1,0,12,0,0,17,0,1153.53
10,5,13,107,20,13,10,11,167,11,-1,6,62,27,3,2,83,-1,8,2,13,38,9,10,4852.55
18,3,31,12,4,34,6,28,196,6,-1,0,22,1,17,5,8,-1,2,5,19,50,9,6,4171.41
0,13,0,0,0,0,6,14,5,0,-1,0,1,0,0,0,0,-1,0,14,1,0,10,0,329.02
0,6,0,0,0,0,10,5,7,0,-1,0,0,0,0,0,0,-1,0,14,0,0,19,0,960.62
0,10,44,0,0,1,13,16,81,8,-1,0,14,0,0,0,0,-1,0,2,4,2,7,1,1790.78
0,20,0,0,0,0,13,0,0,0,-1,0,0,0,0,0,0,-1,0,23,0,0,18,0,190.29
0,17,0,0,0,0,10,4,1,0,-1,0,0,0,0,0,0,-1,0,16,0,0,10,0,639.03
1,10,56,0,1,4,12,18,100,5,-1,0,17,0,0,1,0,-1,0,1,8,7,6,0,1929.54
0,12,0,0,0,0,8,30,13,0,-1,0,1,0,0,0,0,-1,0,10,0,0,4,0,611.86
0,11,1,0,0,1,7,35,22,0,-1,0,3,0,0,1,0,-1,0,8,0,0,3,0,751.9
1,9,63,0,2,5,9,31,113,2,-1,0,28,0,0,1,0,-1,0,4,3,12,4,0,3152.8
43,2,46,12,3,23,7,23,178,7,-1,0,36,3,9,15,8,-1,5,5,21,50,10,1,3631.92
35,2,76,4,4,25,5,32,146,2,-1,0,31,1,6,2,4,-1,3,7,7,6,10,0,3141.32
0,17,0,0,0,0,11,2,1,0,-1,0,0,0,0,0,0,-1,0,18,0,0,12,0,321.82
0,14,0,0,0,0,9,23,5,0,-1,0,0,0,0,0,0,-1,0,12,0,0,5,0,565.48
1,9,36,0,1,2,9,31,96,0,-1,0,21,0,0,0,0,-1,0,4,2,0,3,0,2775.32
0,15,0,0,0,0,9,21,5,0,-1,0,0,0,0,0,0,-1,0,12,0,0,6,0,203.88
11,6,14,100,45,11,10,15,171,18,-1,7,57,23,6,12,8,-1,13,1,10,26,8,14,5202.82
0,19,0,0,0,0,22,2,0,0,-1,0,0,0,0,0,0,-1,0,11,0,0,12,0,481.27
0,16,0,0,0,0,8,1,2,0,-1,0,0,0,0,0,0,-1,0,18,0,0,14,0,160.74
13,6,74,8,0,23,6,26,174,2,-1,0,69,0,2,2,4,-1,0,5,5,31,6,4,3540.0
1,15,0,0,0,0,18,5,1,0,-1,0,0,0,0,0,0,-1,0,7,0,0,11,0,591.84
0,15,0,0,0,0,9,19,5,0,-1,0,0,0,0,0,0,-1,0,13,0,0,6,0,273.98
0,4,0,0,1,0,5,20,31,0,-1,0,8,0,0,0,0,-1,0,12,0,0,15,0,2239.26
0,10,0,0,0,0,6,7,4,0,-1,0,0,0,0,0,0,-1,0,16,0,0,17,0,473.3
4,9,75,0,8,5,11,19,126,4,-1,0,22,1,1,0,0,-1,1,1,13,22,6,1,2569.6
0,12,0,0,0,0,8,30,13,0,-1,0,1,0,0,0,0,-1,0,10,0,0,4,0,1121.31
0,15,0,0,0,0,12,12,13,0,-1,0,0,0,0,0,0,-1,0,10,0,0,2,0,422.95
0,9,1,0,0,0,4,35,28,0,-1,0,8,0,0,0,0,-1,0,9,1,1,6,0,1695.56
0,7,4,0,0,2,2,39,51,3,-1,0,28,1,0,0,0,-1,0,9,8,0,8,0,2005.41
0,14,0,0,0,0,21,3,1,0,-1,0,0,0,0,0,0,-1,0,19,0,0,26,0,629.85
1,12,3,0,0,0,15,12,25,0,-1,0,2,0,0,1,0,-1,0,4,0,0,8,0,958.68
11,5,55,0,4,42,4,33,127,5,-1,0,40,0,1,1,4,-1,3,7,2,8,8,0,3203.1
0,15,0,0,0,0,12,15,13,0,-1,0,0,0,0,0,0,-1,0,9,0,0,2,0,455.74
0,9,0,0,0,0,3,12,14,0,-1,0,1,0,0,0,0,-1,0,14,1,0,14,0,430.05
10,6,16,69,45,12,10,11,170,7,-1,0,57,21,2,8,4,-1,8,1,10,39,8,9,6145.03
0,16,0,0,0,0,9,1,2,0,-1,0,0,0,0,0,0,-1,0,18,0,0,14,0,155.79
0,6,0,0,0,0,2,14,23,2,-1,0,6,0,0,0,0,-1,0,12,1,0,13,0,601.04
0,11,0,0,1,1,4,24,12,1,-1,0,0,0,0,0,0,-1,0,12,0,0,9,0,1518.22
0,10,0,0,0,0,13,1,4,0,-1,0,0,0,0,0,0,-1,0,18,0,0,23,0,219.16
14,7,19,36,20,10,9,23,175,14,-1,10,58,6,4,12,24,-1,10,1,47,42,7,8,6102.4
48,4,18,51,25,23,8,22,194,9,-1,18,34,1,7,2,4,-1,6,4,49,23,9,13,2707.91
0,17,0,0,0,0,12,1,0,0,-1,0,0,0,0,0,0,-1,0,24,0,0,23,0,114.22
0,10,1,0,0,0,5,36,18,0,-1,0,6,0,0,0,0,-1,0,9,0,0,6,0,596.2
0,4,0,0,0,1,10,18,27,4,-1,0,3,0,0,0,0,-1,0,11,0,0,17,0,1223.35
0,14,0,0,0,0,8,3,1,0,-1,0,0,0,0,0,0,-1,0,20,0,0,18,0,909.89
0,3,1,0,1,1,5,25,39,1,-1,0,20,0,0,0,0,-1,0,11,2,0,14,0,2225.37
0,6,0,0,0,0,9,8,6,0,-1,0,0,0,0,0,0,-1,0,14,0,0,18,0,919.34
0,9,0,0,0,0,14,3,5,0,-1,0,0,0,0,0,0,-1,0,17,0,0,22,0,826.9
5,6,9,0,3,3,2,34,63,0,-1,0,55,2,0,1,0,-1,0,9,3,3,9,0,2217.9
0,13,0,0,0,0,11,1,1,0,-1,0,0,0,0,0,0,-1,0,21,0,0,22,0,190.41
0,2,0,0,0,1,9,25,42,3,-1,0,6,0,0,0,0,-1,0,10,0,0,16,0,934.78
0,12,0,0,0,0,12,0,1,0,-1,0,0,0,0,0,0,-1,0,20,0,0,23,0,233.53
0,7,0,0,0,0,4,13,17,0,-1,0,0,0,0,0,0,-1,0,14,0,0,15,0,541.73
16,6,8,88,50,32,8,21,183,17,-1,13,48,6,9,11,20,-1,14,2,27,19,7,31,5028.13
1,3,7,0,2,5,4,23,59,3,-1,0,35,0,0,0,0,-1,0,10,4,0,13,0,2679.94
0,18,0,0,0,0,15,9,4,0,-1,0,0,0,0,0,0,-1,0,12,0,0,5,0,208.72
0,1,24,4,1,28,6,27,94,6,-1,4,53,2,0,2,0,-1,1,8,5,2,12,0,3052.24
0,14,0,0,0,0,7,5,4,0,-1,0,1,0,0,0,0,-1,0,16,0,0,12,0,342.71
0,1,2,0,1,0,7,29,53,0,-1,0,44,0,0,0,0,-1,0,9,2,0,14,0,2639.81
0,6,0,0,0,1,13,12,15,0,-1,0,2,0,0,0,0,-1,0,11,1,0,18,0,1796.27
16,6,9,144,48,16,9,17,178,17,-1,25,57,25,3,7,40,-1,23,2,5,14,8,26,5636.36
0,17,0,0,0,0,10,1,1,0,-1,0,0,0,0,0,0,-1,0,18,0,0,13,0,231.52
0,9,0,0,2,1,2,14,19,2,-1,0,0,0,0,0,0,-1,0,13,2,0,12,0,1634.93
0,21,0,0,0,0,22,1,0,0,-1,0,0,0,0,0,0,-1,0,12,0,0,12,0,277.83
0,18,0,0,0,0,11,0,1,0,-1,0,0,0,0,0,0,-1,0,21,0,0,17,0,171.69
0,15,0,0,0,0,9,3,1,0,-1,0,0,0,0,0,0,-1,0,20,0,0,19,0,1010.45
0,13,0,0,0,0,6,14,5,0,-1,0,1,0,0,0,0,-1,0,14,1,0,10,0,363.28
1,9,78,4,3,12,9,24,134,7,-1,4,26,1,1,1,0,-1,1,3,10,15,5,0,2836.94
0,19,0,0,0,0,12,0,0,0,-1,0,0,0,0,0,0,-1,0,21,0,0,16,0,192.47
0,14,0,0,0,0,10,24,12,1,-1,0,1,0,0,0,0,-1,0,10,0,0,3,0,254.53
15,7,18,44,21,14,9,27,180,21,-1,16,57,6,4,15,20,-1,12,2,47,36,7,8,5038.38
0,19,0,0,0,0,12,2,0,0,-1,0,0,0,0,0,0,-1,0,18,0,0,12,0,258.84
4,8,81,8,2,9,8,30,143,4,-1,0,42,1,0,2,0,-1,2,3,5,16,4,0,4888.42
13,6,7,93,55,13,9,18,176,15,-1,19,56,11,7,11,24,-1,17,1,15,27,8,12,6241.43
1,12,0,0,0,0,4,15,7,0,-1,0,0,1,0,0,0,-1,0,14,1,0,10,0,1414.93
0,13,0,0,0,0,21,2,1,0,-1,0,0,0,0,0,0,-1,0,16,0,0,24,0,544.28
0,15,0,0,0,0,8,2,1,0,-1,0,0,0,0,0,0,-1,0,19,0,0,17,0,1099.62
41,3,24,38,19,20,7,22,195,10,-1,10,40,1,14,4,4,-1,5,4,51,33,10,8,4432.83
0,10,1,0,1,0,3,15,19,0,-1,0,0,1,0,0,0,-1,0,13,3,0,10,0,1741.17
0,10,0,0,0,0,6,7,4,0,-1,0,0,0,0,0,0,-1,0,16,0,0,17,0,479.83
0,13,0,0,0,0,8,3,0,0,-1,0,0,0,0,0,0,-1,0,19,0,0,18,0,907.25
0,1,6,0,1,1,6,28,61,1,-1,0,56,0,0,0,0,-1,0,9,3,0,14,0,2690.34
0,10,0,0,2,0,3,14,18,2,-1,0,0,0,1,0,0,-1,0,13,1,0,11,0,1253.36
7,2,75,8,1,4,9,20,119,0,-1,0,63,0,0,1,0,-1,0,6,9,9,12,0,1427.43
44,4,7,29,22,34,7,24,189,12,-1,2,28,1,5,2,36,-1,4,3,60,30,8,24,4133.52
0,16,0,0,0,0,9,2,1,0,-1,0,0,0,0,0,0,-1,0,18,0,0,13,0,1137.53
0,4,1,0,1,1,5,19,34,1,-1,0,8,0,0,0,0,-1,0,11,1,0,14,0,1133.34
0,9,1,0,0,0,5,35,30,0,-1,0,11,0,0,0,0,-1,0,9,1,1,6,0,1836.47
0,16,0,0,0,0,12,13,3,0,-1,0,0,0,0,0,0,-1,0,13,0,0,6,0,177.18
0,6,0,0,0,0,13,10,13,0,-1,0,0,0,0,0,0,-1,0,13,0,0,20,0,597.97
0,16,0,0,0,0,17,7,8,0,-1,0,0,0,0,0,0,-1,0,8,0,0,8,0,474.36
0,4,0,0,1,0,5,17,26,0,-1,0,3,0,0,0,0,-1,0,12,0,0,15,0,1059.2
0,17,0,0,0,0,11,6,1,0,-1,0,0,0,0,0,0,-1,0,15,0,0,8,0,68.37
0,13,0,0,0,0,9,26,10,0,-1,0,0,0,0,0,0,-1,0,11,0,0,4,0,262.63
0,16,0,0,0,0,8,1,2,0,-1,0,0,0,0,0,0,-1,0,18,0,0,14,0,162.44
0,12,0,0,0,0,6,22,6,0,-1,0,1,0,0,0,0,-1,0,13,1,0,8,0,361.56
0,11,0,0,1,0,3,15,14,2,-1,0,0,0,1,0,0,-1,0,13,1,0,10,0,1565.13
0,17,0,0,0,0,17,2,7,0,-1,0,0,0,0,0,0,-1,0,9,0,0,6,0,369.88
0,14,0,0,0,0,9,20,5,0,-1,0,0,0,0,0,0,-1,0,12,0,0,6,0,758.83
0,12,7,0,0,0,12,15,59,0,-1,0,4,0,0,0,0,-1,0,4,0,0,4,0,1567.86
0,15,2,0,0,0,17,12,5,0,-1,0,1,0,0,0,0,-1,0,7,0,0,8,0,548.0
0,15,0,0,0,0,13,0,1,0,-1,0,0,0,0,0,0,-1,0,23,0,0,24,0,186.91
0,11,0,0,0,0,18,3,1,0,-1,0,0,0,0,0,0,-1,0,14,0,0,22,0,177.77
0,13,0,0,0,0,10,2,0,0,-1,0,0,0,0,0,0,-1,0,20,0,0,21,0,228.09
0,6,0,0,0,0,2,17,27,1,-1,0,8,0,0,0,0,-1,0,12,3,0,13,0,1838.4
0,4,0,0,0,0,7,15,19,0,-1,0,1,0,0,0,0,-1,0,12,1,0,16,0,1076.57
30,4,13,16,5,35,7,26,191,11,-1,5,24,1,23,3,0,-1,3,4,44,47,8,10,4317.27
0,4,1,0,1,1,4,17,31,0,-1,0,8,0,0,0,0,-1,0,12,0,0,14,0,1054.05
0,14,0,0,0,0,8,17,3,0,-1,0,0,0,0,0,0,-1,0,13,0,0,8,0,272.85
0,9,0,0,0,0,13,2,6,1,-1,0,0,0,0,0,0,-1,0,17,0,0,22,0,1139.55
1,9,57,0,2,2,9,27,107,4,-1,0,24,0,0,0,0,-1,0,4,2,1,3,0,2410.07
0,18,0,0,0,0,11,2,1,0,-1,0,0,0,0,0,0,-1,0,17,0,0,11,0,240.12
3,4,6,0,4,12,2,32,73,4,-1,0,58,0,4,2,4,-1,0,9,3,5,10,0,2407.84
34,4,15,36,11,33,7,24,194,10,-1,13,25,1,20,3,4,-1,3,4,61,40,9,14,4650.88
39,5,52,12,0,35,6,31,182,5,-1,0,32,1,7,3,0,-1,1,5,8,41,8,1,3553.6
0,14,2,0,0,0,16,15,18,0,-1,0,1,0,0,0,0,-1,0,6,0,0,7,0,557.21
0,6,77,0,5,7,11,9,119,2,-1,0,40,0,1,2,0,-1,1,4,49,17,11,0,2320.29
0,9,0,0,0,0,16,5,3,0,-1,0,1,1,0,0,0,-1,0,12,0,0,20,0,190.24
0,15,0,0,0,0,12,11,7,0,-1,0,0,0,0,0,0,-1,0,11,0,0,3,0,552.21
0,12,0,0,0,0,9,3,0,0,-1,0,0,0,0,0,0,-1,0,19,0,0,20,0,175.43
0,12,0,0,1,1,5,9,7,0,-1,0,0,0,0,0,0,-1,0,15,0,0,11,0,423.08
0,17,0,0,0,0,11,5,1,0,-1,0,0,0,0,0,0,-1,0,15,0,0,8,0,244.7
1,1,10,0,0,4,8,25,78,4,-1,4,61,0,0,0,0,-1,0,8,2,0,14,0,1504.47
12,6,75,4,1,47,6,28,172,2,-1,0,44,0,4,2,4,-1,1,5,5,29,7,1,3277.46
0,8,0,0,1,0,15,5,4,0,-1,0,1,0,0,0,0,-1,0,11,0,0,19,0,190.31
0,7,0,0,0,0,12,5,7,0,-1,0,0,0,0,0,0,-1,0,15,0,0,20,0,236.54
25,1,82,16,2,32,7,26,154,10,-1,4,38,2,5,8,0,-1,5,6,6,13,11,0,3450.17
0,11,0,0,0,0,8,3,0,0,-1,0,0,0,0,0,0,-1,0,18,0,0,19,0,161.75
0,15,0,0,0,0,9,9,2,0,-1,0,0,0,0,0,0,-1,0,14,0,0,8,0,325.68
6,3,63,16,11,29,9,18,151,3,-1,0,58,1,2,0,4,-1,1,5,50,33,11,1,2408.81
0,14,0,0,0,0,7,3,4,0,-1,0,1,0,0,0,0,-1,0,17,0,0,13,0,1228.85
1,8,78,8,4,13,9,30,136,8,-1,0,33,0,1,1,0,-1,2,3,6,16,4,0,2896.82
34,2,69,12,4,28,7,24,161,5,-1,4,38,1,5,11,4,-1,4,6,10,30,11,1,4245.84
0,12,0,0,0,0,12,0,1,0,-1,0,0,0,0,0,0,-1,0,20,0,0,23,0,269.5
0,9,0,0,0,0,16,4,3,0,-1,0,0,0,0,0,0,-1,0,14,1,0,21,0,617.82
1,1,14,0,0,4,8,25,82,4,-1,4,61,0,0,0,0,-1,0,8,2,0,14,0,1314.64
12,6,11,75,53,11,9,16,172,20,-1,11,57,12,6,13,20,-1,14,1,14,28,8,12,8273.87
0,10,0,0,0,0,8,2,0,0,-1,0,0,0,0,0,0,-1,0,18,0,0,19,0,525.36
10,7,56,24,5,18,7,23,167,13,-1,0,68,0,3,8,4,-1,3,3,9,43,6,3,4588.06
0,11,14,0,0,0,13,16,66,2,-1,0,8,0,0,0,0,-1,0,3,2,0,5,0,1583.07
0,12,7,0,0,0,12,15,62,0,-1,0,4,0,0,0,0,-1,0,4,1,0,4,0,757.02
0,5,0,0,0,0,9,11,12,0,-1,0,0,0,0,0,0,-1,0,13,0,0,18,0,975.94
0,18,0,0,0,0,11,0,1,0,-1,0,0,0,0,0,0,-1,0,20,0,0,15,0,190.9
0,20,0,0,0,0,13,0,0,0,-1,0,0,0,0,0,0,-1,0,22,0,0,16,0,186.96
0,11,0,0,0,1,4,9,10,0,-1,0,0,0,0,0,0,-1,0,15,1,0,13,0,1400.91
1,9,0,0,3,0,2,14,19,2,-1,0,0,0,0,0,0,-1,0,13,1,0,12,0,1646.83
0,8,0,0,0,0,2,14,19,0,-1,0,1,0,0,0,0,-1,0,14,2,0,13,0,562.84
1,8,67,0,0,11,8,29,111,1,-1,0,33,0,0,1,0,-1,0,5,3,6,4,0,2583.06
0,15,0,0,0,0,22,3,0,0,-1,0,0,0,0,0,0,-1,0,20,0,0,27,0,514.88
1,15,0,0,0,0,18,7,2,0,-1,0,0,0,0,0,0,-1,0,7,0,0,10,0,463.7
0,12,0,0,0,1,4,6,7,0,-1,0,0,0,0,0,0,-1,0,15,2,0,13,0,1500.62
33,5,64,0,0,44,5,32,184,3,-1,0,31,1,4,4,4,-1,2,5,6,35,8,0,3384.39
0,14,0,0,0,0,8,22,5,0,-1,0,0,0,0,0,0,-1,0,12,0,0,6,0,636.21
0,14,0,0,0,0,9,3,0,0,-1,0,0,0,0,0,0,-1,0,20,0,0,20,0,100.4
14,5,73,4,1,52,6,28,175,2,-1,0,41,0,2,3,4,-1,1,5,7,32,7,1,3688.34
0,3,0,0,0,1,9,22,33,4,-1,0,6,0,0,0,0,-1,0,10,0,0,16,0,1234.17
0,2,2,0,0,3,9,23,60,0,-1,0,10,0,1,1,0,-1,0,9,0,0,15,0,1406.23
0,16,0,0,0,1,19,5,1,0,-1,0,0,0,0,0,0,-1,0,8,0,0,11,0,527.59
0,14,0,0,0,0,7,7,4,0,-1,0,1,0,0,0,0,-1,0,15,0,0,11,0,437.26
19,3,56,4,2,34,4,33,125,0,-1,0,31,1,11,1,4,-1,1,7,7,3,10,0,2779.0
0,18,0,0,0,0,11,1,1,0,-1,0,0,0,0,0,0,-1,0,19,0,0,13,0,1343.5
0,16,0,0,0,0,17,5,9,0,-1,0,0,0,0,0,0,-1,0,8,0,0,7,0,474.51
0,16,0,0,0,0,8,1,2,0,-1,0,0,0,0,0,0,-1,0,18,0,0,13,0,371.03
0,11,12,0,0,1,10,23,66,2,-1,0,10,0,0,0,0,-1,0,5,2,1,2,0,2304.43
0,16,0,0,0,0,10,1,1,0,-1,0,0,0,0,0,0,-1,0,21,0,0,19,0,1202.02
0,6,0,0,0,0,13,10,12,0,-1,0,2,0,0,0,0,-1,0,13,1,0,19,0,1820.07
0,12,0,0,0,0,12,21,35,0,-1,0,2,0,0,0,0,-1,0,6,0,1,2,0,2278.6
9,8,50,16,13,10,9,25,158,5,-1,4,55,2,1,10,0,-1,3,2,13,43,6,5,3654.98
0,16,0,0,0,1,18,6,1,0,-1,0,0,0,0,0,0,-1,0,8,0,0,10,0,398.01
0,5,0,0,0,0,4,15,28,0,-1,0,6,0,0,0,0,-1,0,12,1,0,15,0,1207.84
0,4,1,0,1,1,5,19,33,0,-1,0,8,0,0,0,0,-1,0,12,0,0,14,0,1112.7
0,18,0,0,0,0,11,2,1,0,-1,0,0,0,0,0,0,-1,0,18,0,0,12,0,230.64
0,6,0,0,0,0,6,13,9,0,-1,0,1,0,0,0,0,-1,0,14,0,0,16,0,932.18
0,13,0,0,0,0,9,2,0,0,-1,0,0,0,0,0,0,-1,0,20,0,0,20,0,98.89
0,14,0,0,0,0,18,0,1,0,-1,0,0,0,0,0,0,-1,0,22,0,0,27,0,199.43
5,1,22,0,1,26,5,27,97,1,-1,0,50,1,0,2,0,-1,0,8,3,1,12,0,3076.27
0,14,0,0,0,0,18,0,0,0,-1,0,0,0,0,0,0,-1,0,22,0,0,27,0,200.78
0,13,0,0,0,0,20,3,1,0,-1,0,0,0,0,0,0,-1,0,17,0,0,24,0,666.12
0,18,0,0,0,0,13,0,0,0,-1,0,0,0,0,0,0,-1,0,24,0,0,23,0,113.3
5,1,32,0,0,5,8,25,101,7,-1,4,64,0,0,0,0,-1,1,8,5,0,13,0,2164.92
0,19,0,0,0,0,11,0,1,0,-1,0,0,0,0,0,0,-1,0,20,0,0,14,0,1121.71
4,4,56,24,15,29,9,19,156,4,-1,0,56,1,2,0,4,-1,0,4,50,37,11,1,2407.59
0,8,0,0,0,0,2,15,19,0,-1,0,1,0,0,0,0,-1,0,13,1,0,14,0,456.35
0,20,0,0,0,0,12,0,0,0,-1,0,0,0,0,0,0,-1,0,21,0,0,16,0,120.56
42,4,10,35,8,32,7,26,191,13,-1,22,26,1,13,4,4,-1,3,4,58,46,8,12,4537.98
0,6,0,0,0,0,10,7,10,0,-1,0,0,0,0,0,0,-1,0,14,0,0,18,0,946.17
0,7,0,0,0,0,7,7,3,0,-1,0,0,0,0,0,0,-1,0,15,0,0,17,0,759.46
0,7,0,0,0,0,7,5,2,0,-1,0,0,0,0,0,0,-1,0,15,0,0,18,0,814.15
0,15,1,0,0,1,17,13,9,0,-1,0,0,0,0,0,0,-1,0,7,0,0,9,0,663.25
1,8,10,0,0,5,5,34,57,0,-1,0,24,0,0,0,0,-1,0,7,0,0,5,0,1639.93
0,16,0,0,0,0,11,15,3,0,-1,0,0,0,0,0,0,-1,0,13,0,0,6,0,191.17
40,3,32,17,8,22,7,25,192,14,-1,5,31,3,19,10,12,-1,7,5,45,47,10,5,4379.88
1,3,5,0,2,1,5,24,54,1,-1,0,39,1,0,0,0,-1,0,10,1,0,13,0,2414.16
0,15,1,0,0,0,16,12,10,0,-1,0,0,0,0,0,0,-1,0,7,0,0,6,0,441.73
0,20,0,0,0,0,12,0,1,0,-1,0,0,0,0,0,0,-1,0,22,0,0,18,0,169.03
0,10,35,0,1,2,10,23,102,2,-1,0,20,0,0,0,0,-1,0,4,3,1,3,0,2582.38
0,13,0,0,0,0,11,1,1,0,-1,0,0,0,0,0,0,-1,0,21,0,0,22,0,156.64
0,13,0,0,0,0,14,16,26,0,-1,0,2,0,0,0,0,-1,0,4,0,2,7,0,883.57
0,14,0,0,0,0,9,3,0,0,-1,0,0,0,0,0,0,-1,0,20,0,0,19,0,198.42
0,15,0,0,0,0,10,2,0,0,-1,0,0,0,0,0,0,-1,0,21,0,0,21,0,91.16
0,7,0,0,0,0,12,6,11,0,-1,0,0,0,0,0,0,-1,0,14,0,0,20,0,700.58
5,8,81,12,3,10,8,30,151,9,-1,0,49,1,0,6,0,-1,3,3,6,17,5,0,4675.52
0,5,0,0,0,0,11,10,13,1,-1,0,1,0,0,0,0,-1,0,13,0,0,18,0,602.43
0,12,0,0,0,1,9,32,14,0,-1,0,1,0,0,0,0,-1,0,8,0,0,2,0,517.49
0,18,0,0,0,0,12,4,1,0,-1,0,0,0,0,0,0,-1,0,16,0,0,9,0,179.67
0,18,0,0,0,0,12,5,2,0,-1,0,0,0,0,0,0,-1,0,15,0,0,8,0,206.57
0,4,1,0,1,0,4,15,30,0,-1,0,9,0,0,0,0,-1,0,12,0,0,14,0,1244.47
0,18,0,0,0,0,11,0,1,0,-1,0,0,0,0,0,0,-1,0,19,0,0,14,0,1114.57
0,14,0,0,0,0,9,21,5,0,-1,0,0,0,0,0,0,-1,0,12,0,0,6,0,236.48
0,5,1,0,1,1,3,15,31,0,-1,0,16,0,0,0,0,-1,1,11,0,0,13,0,2257.45
0,12,0,0,0,0,10,1,1,0,-1,0,0,0,0,0,0,-1,0,20,0,0,21,0,197.72
0,15,0,0,0,0,7,3,4,0,-1,0,1,0,0,0,0,-1,0,18,0,0,14,0,885.19
1,15,0,0,0,0,18,6,1,0,-1,0,0,0,0,0,0,-1,0,7,0,0,11,0,495.26
0,19,0,0,0,0,11,0,0,0,-1,0,0,0,0,0,0,-1,0,21,0,0,16,0,150.94
2,9,78,0,3,8,9,27,123,2,-1,0,27,1,0,1,0,-1,0,3,4,11,4,0,2648.11
0,10,43,0,0,1,13,16,81,3,-1,0,15,0,0,0,0,-1,2,2,5,3,7,1,1913.03
0,12,0,0,0,0,7,25,8,0,-1,0,0,0,0,0,0,-1,0,11,0,0,6,0,530.31
0,10,0,0,0,0,17,4,2,0,-1,0,0,0,0,0,0,-1,0,14,1,0,21,0,581.13
0,14,0,0,0,0,9,25,7,0,-1,0,0,0,0,0,0,-1,0,11,0,0,4,0,301.47
0,17,0,0,0,0,11,9,3,0,-1,0,0,0,0,0,0,-1,0,14,0,0,6,0,175.42
0,16,0,0,0,0,10,5,1,0,-1,0,0,0,0,0,0,-1,0,15,0,0,9,0,654.97
1,8,75,4,3,12,9,25,136,9,-1,8,33,1,1,1,0,-1,1,2,10,15,5,0,4835.45
0,4,0,0,0,0,11,16,27,3,-1,0,3,0,0,0,0,-1,0,11,0,0,17,0,1124.53
1,9,61,0,1,8,8,33,112,0,-1,0,27,0,0,1,0,-1,0,4,2,6,4,0,2388.55
0,3,0,0,0,0,8,19,28,1,-1,0,2,0,0,1,0,-1,0,11,0,0,16,0,1086.88
0,13,0,0,0,0,10,22,12,0,-1,0,1,0,0,0,0,-1,0,9,0,0,2,0,1130.42
0,17,0,0,0,0,19,5,1,0,-1,0,0,0,0,0,0,-1,0,9,0,0,9,0,344.48
0,5,0,0,0,0,5,15,24,0,-1,0,5,0,0,0,0,-1,0,12,1,0,15,0,786.2
12,5,6,152,51,44,9,16,179,22,-1,51,39,16,8,7,83,-1,13,2,8,17,9,37,5689.96
0,14,0,0,0,0,8,15,3,0,-1,0,0,0,0,0,0,-1,0,14,0,0,8,0,298.16
0,19,0,0,0,0,12,2,0,0,-1,0,0,0,0,0,0,-1,0,17,0,0,9,0,106.54
8,5,16,0,2,13,2,33,72,0,-1,0,59,1,0,1,0,-1,1,8,4,2,9,0,2381.88
0,7,0,0,0,0,12,6,11,0,-1,0,0,0,0,0,0,-1,0,15,0,0,20,0,566.06
0,16,0,0,0,0,18,7,4,0,-1,0,1,0,0,0,0,-1,0,8,0,0,9,0,536.96
0,16,0,0,0,0,8,1,2,0,-1,0,0,0,0,0,0,-1,0,18,0,0,14,0,159.12
43,2,76,4,4,21,5,33,148,2,-1,0,30,1,9,2,4,-1,3,7,7,8,10,1,3231.96
0,19,0,0,0,0,12,2,0,0,-1,0,0,0,0,0,0,-1,0,18,0,0,12,0,296.61
11,5,10,212,20,26,9,13,174,22,-1,23,50,33,5,6,76,-1,16,2,7,19,9,22,10701.64
0,5,0,0,0,1,12,12,17,1,-1,0,1,0,1,0,0,-1,0,9,1,0,17,0,1901.19
8,6,84,4,0,16,5,31,151,5,-1,0,74,0,2,3,0,-1,2,5,3,9,6,0,3329.14
0,12,0,0,0,0,19,3,1,0,-1,0,0,0,0,0,0,-1,0,17,0,0,24,0,591.25
0,20,0,0,0,0,13,0,0,0,-1,0,0,0,0,0,0,-1,0,19,0,0,12,0,274.75
0,8,0,0,3,1,1,17,22,0,-1,0,4,0,0,0,0,-1,0,13,0,0,12,0,1739.83
0,11,0,0,0,0,15,1,4,0,-1,0,0,0,0,0,0,-1,0,18,0,0,24,0,924.0
0,10,0,0,0,0,4,8,11,0,-1,0,1,0,0,0,0,-1,0,15,0,0,14,0,402.64
0,18,0,0,0,0,13,5,2,0,-1,0,0,0,0,0,0,-1,0,15,0,0,7,0,166.16
0,19,0,0,0,0,11,0,1,0,-1,0,0,0,0,0,0,-1,0,21,0,0,17,0,148.94
0,6,0,0,0,0,12,7,11,2,-1,0,0,0,0,0,0,-1,0,14,0,0,19,0,713.21
5,8,52,0,0,5,6,38,107,0,-1,0,42,0,0,0,0,-1,0,5,0,5,4,0,3068.18
0,19,0,0,0,0,21,2,0,0,-1,0,0,0,0,0,0,-1,0,11,0,0,11,0,336.41
21,5,4,128,61,45,8,20,184,12,-1,35,34,10,6,5,42,-1,14,3,13,17,8,32,5830.83
0,10,0,0,0,0,5,7,4,0,-1,0,0,0,0,0,0,-1,0,16,0,0,17,0,367.85
0,18,0,0,0,0,13,4,2,0,-1,0,0,0,0,0,0,-1,0,16,0,0,8,0,230.08
0,18,0,0,0,0,15,9,3,0,-1,0,0,0,0,0,0,-1,0,13,0,0,5,0,201.3
0,8,3,0,0,0,2,37,46,2,-1,0,24,1,0,0,0,-1,0,10,5,0,8,0,1952.62
0,15,0,0,0,0,8,6,4,1,-1,0,1,0,0,0,0,-1,0,16,0,0,11,0,378.8
0,17,0,0,0,0,17,2,7,0,-1,0,0,0,0,0,0,-1,0,9,0,0,6,0,451.41
0,12,0,0,0,1,8,28,14,0,-1,0,1,0,0,0,0,-1,0,9,0,0,2,0,1205.85
0,14,0,0,0,0,18,0,1,0,-1,0,0,0,0,0,0,-1,0,21,0,0,27,0,204.99
0,11,1,0,0,1,7,36,21,1,-1,0,3,0,0,0,0,-1,0,9,0,0,4,0,1346.77
0,14,0,0,0,0,9,26,11,0,-1,0,0,0,0,0,0,-1,0,11,0,0,4,0,247.88
1,9,7,0,0,3,6,35,50,1,-1,0,15,0,0,0,0,-1,0,7,0,1,5,0,2167.86
40,4,81,4,3,36,5,33,174,4,-1,4,26,1,3,1,4,-1,0,6,5,18,8,3,2275.51
0,12,0,0,0,0,19,3,1,0,-1,0,0,0,0,0,0,-1,0,16,0,0,24,0,557.25
16,5,7,114,58,34,9,17,181,19,-1,11,46,16,3,8,51,-1,22,2,7,15,8,34,6138.59
1,5,39,0,0,1,12,14,75,2,-1,0,18,0,0,0,0,-1,0,6,1,1,13,0,2651.76
0,9,20,0,0,1,7,36,80,0,-1,0,22,0,0,0,0,-1,0,6,1,0,3,0,1732.0
0,20,0,0,0,0,13,0,0,0,-1,0,0,0,0,0,0,-1,0,22,0,0,17,0,188.06
0,16,0,0,0,0,15,0,1,0,-1,0,0,0,0,0,0,-1,0,24,0,0,26,0,175.29
0,2,0,0,0,1,9,25,39,3,-1,0,6,0,0,0,0,-1,0,10,0,0,16,0,1350.32
0,9,0,0,0,0,14,2,5,0,-1,0,0,0,0,0,0,-1,0,17,0,0,23,0,1143.08
0,20,0,0,0,0,21,1,0,0,-1,0,0,0,0,0,0,-1,0,11,0,0,11,0,446.63
0,14,0,0,0,0,11,1,0,0,-1,0,0,0,0,0,0,-1,0,21,0,0,22,0,117.27
0,13,0,0,0,0,8,26,8,0,-1,0,0,0,0,0,0,-1,0,11,0,0,5,0,596.3
0,5,0,0,0,0,5,15,24,0,-1,0,5,0,0,0,0,-1,0,12,1,0,15,0,899.62
0,13,0,0,0,0,18,0,1,0,-1,0,0,0,0,0,0,-1,0,20,0,0,26,0,209.7
0,15,0,0,0,0,22,3,1,0,-1,0,0,0,0,0,0,-1,0,18,0,0,26,0,424.81
5,5,9,0,2,11,2,34,65,1,-1,0,59,2,0,2,0,-1,0,9,4,2,9,0,2453.33
0,13,1,0,0,0,11,22,21,0,-1,0,1,0,0,0,0,-1,0,7,0,0,0,0,600.61
0,16,0,0,0,0,9,4,1,0,-1,0,0,0,0,0,0,-1,0,17,0,0,12,0,1166.37
12,6,19,28,4,54,7,24,179,13,-1,4,35,0,6,5,4,-1,5,3,34,51,7,6,3321.34
0,15,0,0,0,0,8,12,3,0,-1,0,0,0,0,0,0,-1,0,14,0,0,8,0,330.97
0,11,0,0,0,0,14,0,1,0,-1,0,0,0,0,0,0,-1,0,20,0,0,24,0,215.77
20,5,6,62,23,50,8,24,178,13,-1,38,32,2,4,7,12,-1,9,3,57,21,7,22,5631.91
0,11,0,0,0,0,15,0,2,0,-1,0,0,0,0,0,0,-1,0,19,0,0,24,0,280.21
0,8,0,0,0,0,2,15,19,0,-1,0,2,0,0,0,0,-1,0,13,3,0,13,0,457.83
0,16,0,0,0,0,11,2,0,0,-1,0,0,0,0,0,0,-1,0,22,0,0,21,0,115.48
0,9,0,0,0,0,16,4,3,0,-1,0,0,0,0,0,0,-1,0,14,1,0,21,0,770.24
0,9,0,0,0,0,17,6,3,0,-1,0,1,0,0,0,0,-1,0,12,1,0,20,0,212.4
0,3,1,0,0,2,10,23,52,0,-1,0,9,0,1,0,0,-1,0,9,0,0,15,0,1275.19
1,15,1,0,0,0,18,7,3,0,-1,0,0,0,0,0,0,-1,0,7,0,0,10,0,351.44
0,11,0,0,0,0,18,3,1,0,-1,0,0,0,0,0,0,-1,0,15,0,0,22,0,175.31
2,5,4,0,0,1,12,12,35,0,-1,0,7,0,0,0,0,-1,0,8,0,0,15,0,701.8
0,18,0,0,0,0,20,3,1,0,-1,0,0,0,0,0,0,-1,0,10,0,0,11,0,436.05
0,10,0,0,0,0,17,5,3,0,-1,0,0,0,0,0,0,-1,0,13,1,0,21,0,33.42
0,7,0,0,0,0,2,16,23,1,-1,0,6,0,0,0,0,-1,0,13,2,0,13,0,1737.05
34,4,67,0,4,32,4,36,151,2,-1,0,27,0,3,1,0,-1,2,7,6,6,9,0,2863.6
0,15,0,0,0,0,10,24,4,0,-1,0,0,0,0,0,0,-1,0,12,0,0,5,0,238.23
0,12,0,0,0,1,9,27,19,0,-1,0,1,0,0,0,0,-1,0,7,0,0,1,0,565.42
0,16,1,0,0,0,16,5,13,0,-1,0,0,0,0,0,0,-1,0,9,0,0,5,0,417.78
0,17,0,0,0,0,13,11,7,0,-1,0,0,0,0,0,0,-1,0,12,0,0,4,0,239.71
0,9,1,0,0,1,2,33,31,0,-1,0,9,1,0,0,0,-1,0,11,4,1,8,0,1861.65
0,16,0,0,0,0,8,2,1,0,-1,0,0,0,0,0,0,-1,0,17,0,0,13,0,1159.67
0,9,0,0,0,0,16,5,4,0,-1,0,1,1,0,0,0,-1,0,12,0,0,20,0,193.21
0,13,2,0,0,0,16,13,13,1,-1,0,0,0,1,0,0,-1,0,5,0,0,9,0,745.92
0,14,0,0,0,0,14,0,1,0,-1,0,0,0,0,0,0,-1,0,22,0,0,25,0,134.98
0,1,4,0,0,3,7,26,59,0,-1,0,53,0,0,0,0,-1,0,9,2,0,14,0,1456.59
0,16,0,0,0,0,22,3,0,0,-1,0,0,0,0,0,0,-1,0,20,0,0,27,0,534.21
23,5,25,12,3,44,7,27,180,6,-1,4,41,0,4,6,4,-1,1,4,18,58,7,4,5346.33
10,6,12,122,44,14,9,13,173,18,-1,11,55,25,8,14,12,-1,15,1,10,25,8,14,8169.98
4,9,72,0,6,4,10,20,126,3,-1,4,27,1,0,3,0,-1,1,1,13,19,6,0,2325.99
0,13,0,0,0,0,8,24,7,0,-1,0,0,0,0,0,0,-1,0,12,0,0,5,0,690.93
0,12,0,0,0,0,5,23,9,1,-1,0,1,0,0,0,0,-1,0,13,1,0,8,0,457.18
0,17,0,0,0,0,10,4,1,0,-1,0,0,0,0,0,0,-1,0,16,0,0,10,0,322.67
0,12,0,0,0,0,5,5,6,0,-1,0,1,0,0,0,0,-1,0,16,0,0,14,0,995.81
34,4,5,93,62,33,8,21,188,16,-1,29,34,8,6,2,48,-1,12,3,15,22,9,28,5264.23
0,17,0,0,0,0,10,2,1,0,-1,0,0,0,0,0,0,-1,0,17,0,0,12,0,1137.78
0,17,0,0,0,0,10,4,1,0,-1,0,0,0,0,0,0,-1,0,16,0,0,10,0,700.89
0,6,0,0,0,0,9,4,6,0,-1,0,0,0,0,0,0,-1,0,15,0,0,19,0,757.92
0,11,1,0,0,1,5,25,10,0,-1,0,0,0,0,0,0,-1,0,12,1,0,8,0,1608.19
1,1,8,0,0,5,9,25,70,2,-1,0,46,0,0,1,0,-1,1,8,0,0,14,0,1351.62
0,15,1,0,0,0,16,13,10,0,-1,0,0,0,0,0,0,-1,0,7,0,0,7,0,607.07
8,2,61,16,5,50,8,22,154,6,-1,4,37,2,4,7,4,-1,1,5,17,40,11,0,2350.48
0,9,0,0,0,0,16,5,3,0,-1,0,1,1,0,0,0,-1,0,12,0,0,20,0,162.09
0,17,0,0,0,0,10,0,2,0,-1,0,0,0,0,0,0,-1,0,19,0,0,14,0,406.5
0,8,0,0,0,0,8,1,0,0,-1,0,0,0,0,0,0,-1,0,16,0,0,19,0,705.21
0,14,0,0,0,0,9,3,0,0,-1,0,0,0,0,0,0,-1,0,20,0,0,20,0,173.81
0,6,0,0,0,0,12,9,12,0,-1,0,0,0,0,0,0,-1,0,13,0,0,19,0,577.86
0,5,4,0,1,4,2,16,32,1,-1,0,14,0,0,0,0,-1,0,11,4,0,12,0,1346.38
2,3,64,8,0,8,10,20,111,2,-1,0,58,0,1,2,0,-1,0,6,4,3,13,0,2374.76
0,13,0,0,0,0,7,24,8,0,-1,0,0,0,0,0,0,-1,0,11,0,0,6,0,291.57
0,4,0,0,0,0,7,19,28,0,-1,0,1,0,0,0,0,-1,0,12,0,0,16,0,1144.09
0,4,0,0,0,2,11,18,28,3,-1,0,2,0,0,1,0,-1,0,10,0,0,17,0,1058.71
26,4,20,16,7,35,7,26,194,13,-1,1,22,0,21,6,8,-1,3,4,45,47,9,6,4007.45
0,17,0,0,0,0,17,2,7,0,-1,0,0,0,0,0,0,-1,0,9,0,0,6,0,375.1
0,12,0,0,0,0,8,2,0,0,-1,0,0,0,0,0,0,-1,0,19,0,0,19,0,96.31
9,7,25,32,6,19,8,28,177,16,-1,8,65,4,2,9,8,-1,5,2,39,46,6,5,4910.22
0,19,0,0,0,0,14,4,2,0,-1,0,0,0,0,0,0,-1,0,16,0,0,9,0,263.02
13,6,17,32,6,41,8,23,182,10,-1,4,46,2,5,6,8,-1,6,3,46,44,7,7,5464.32
0,17,0,0,0,0,12,8,3,0,-1,0,0,0,0,0,0,-1,0,14,0,0,7,0,225.1
0,12,2,0,0,0,11,20,46,0,-1,0,3,0,0,0,0,-1,0,5,0,1,2,0,2378.91
0,16,0,0,0,0,12,11,6,1,-1,0,0,0,0,0,0,-1,0,12,0,0,4,0,228.44
0,13,0,0,0,0,8,3,0,0,-1,0,0,0,0,0,0,-1,0,19,0,0,19,0,119.25
0,6,0,0,0,0,10,5,10,0,-1,0,0,0,0,0,0,-1,0,14,0,0,19,0,927.42
0,8,0,0,0,0,2,15,20,1,-1,0,5,0,0,0,0,-1,0,13,2,0,13,0,525.54
53,5,11,20,5,32,7,28,184,5,-1,1,24,0,1,8,0,-1,2,4,40,46,8,9,5802.05
20,6,11,68,23,30,8,23,182,17,-1,23,52,0,1,8,8,-1,12,2,56,19,7,17,5340.16
0,15,0,0,0,0,11,16,8,0,-1,0,0,0,0,0,0,-1,0,11,0,0,3,0,467.88
0,16,0,0,0,0,12,12,7,0,-1,0,0,0,0,0,0,-1,0,11,0,0,3,0,250.54
0,21,0,0,0,0,14,0,0,0,-1,0,0,0,0,0,0,-1,0,23,0,0,18,0,164.51
0,9,5,0,0,1,4,34,36,0,-1,0,16,0,0,0,0,-1,0,8,1,1,6,0,2055.76
0,17,0,0,0,0,11,0,0,0,-1,0,0,0,0,0,0,-1,0,23,0,0,21,0,89.06
0,13,1,0,0,0,14,15,28,0,-1,0,0,0,0,0,0,-1,0,6,0,0,4,0,607.36
4,8,81,8,3,10,8,30,143,3,-1,0,43,0,0,1,0,-1,3,4,5,16,4,0,4550.58
1,10,4,0,0,0,8,36,42,2,-1,0,9,0,0,1,0,-1,0,7,0,0,3,0,1504.77
0,13,0,0,0,0,9,28,13,0,-1,0,1,0,0,0,0,-1,0,10,0,0,3,0,275.41
0,14,0,0,0,0,8,16,3,0,-1,0,0,0,0,0,0,-1,0,14,0,0,8,0,261.47
0,15,2,0,0,0,16,14,16,0,-1,0,1,0,0,0,0,-1,0,7,0,0,7,0,513.84
0,7,3,0,3,2,1,31,41,0,-1,0,21,1,0,0,0,-1,0,10,4,1,10,0,1833.67
1,9,2,0,1,0,2,26,27,0,-1,0,6,1,0,0,0,-1,0,11,3,0,9,0,1733.66
0,15,1,0,0,0,14,12,16,2,-1,0,0,0,0,0,0,-1,0,8,0,0,4,0,435.92
0,5,0,0,0,0,9,11,16,1,-1,0,0,0,0,0,0,-1,0,13,0,0,17,0,1032.76
0,17,0,0,0,0,11,0,1,0,-1,0,0,0,0,0,0,-1,0,23,0,0,21,0,88.51
0,10,0,0,0,1,3,11,14,0,-1,0,0,0,0,0,0,-1,0,14,2,0,13,0,429.63
0,6,0,0,0,0,11,8,11,1,-1,0,0,0,0,0,0,-1,0,13,0,0,19,0,1254.87
1,6,0,0,1,0,13,10,14,0,-1,0,2,0,0,0,0,-1,0,10,0,0,18,0,1896.99
0,8,0,0,0,0,2,15,19,0,-1,0,1,0,0,0,0,-1,0,13,3,0,13,0,1520.21
0,10,0,0,0,0,4,8,11,0,-1,0,1,0,0,0,0,-1,0,15,0,0,14,0,507.21
0,11,1,0,0,0,5,29,14,1,-1,0,1,0,0,0,0,-1,0,11,0,0,7,0,1583.96
5,7,36,16,30,11,10,16,151,6,-1,0,41,7,4,7,16,-1,4,0,34,39,8,1,5672.22
0,14,0,0,0,0,9,3,0,0,-1,0,0,0,0,0,0,-1,0,20,0,0,20,0,175.91
0,18,0,0,0,0,19,5,1,0,-1,0,0,0,0,0,0,-1,0,9,0,0,10,0,451.4
1,3,0,0,0,1,11,20,33,0,-1,0,5,0,0,0,0,-1,0,10,0,0,16,0,1170.94
24,5,10,25,12,48,7,25,179,10,-1,1,32,1,6,5,8,-1,5,3,61,28,7,17,5526.7
9,7,22,45,48,11,10,12,168,6,-1,0,52,14,2,7,4,-1,7,1,15,43,8,7,6004.97
0,7,7,0,3,7,2,38,56,3,-1,0,36,0,0,0,0,-1,0,9,5,1,8,0,2056.73
0,14,0,0,0,0,22,3,1,0,-1,0,0,0,0,0,0,-1,0,18,0,0,26,0,708.96
10,5,11,116,10,17,9,14,168,18,-1,14,60,34,4,3,125,-1,12,2,14,25,9,17,11237.79
0,20,0,0,0,0,15,4,2,0,-1,0,0,0,0,0,0,-1,0,16,0,0,8,0,203.88
0,21,0,0,0,0,13,0,0,0,-1,0,0,0,0,0,0,-1,0,22,0,0,17,0,144.29
0,17,0,0,0,0,10,2,1,0,-1,0,0,0,0,0,0,-1,0,17,0,0,12,0,1226.63
0,15,0,0,0,0,8,5,3,0,-1,0,0,0,0,0,0,-1,0,16,0,0,11,0,1294.08
0,9,0,0,0,0,6,8,2,0,-1,0,0,0,0,0,0,-1,0,16,0,0,17,0,419.75
0,17,0,0,0,0,15,10,13,0,-1,0,0,0,0,0,0,-1,0,11,0,0,4,0,535.89
0,8,0,0,0,0,15,7,5,0,-1,0,1,0,0,0,0,-1,0,12,0,0,19,0,162.85
0,15,0,0,0,0,11,21,9,0,-1,0,0,0,0,0,0,-1,0,11,0,0,3,0,275.82
0,19,0,0,0,0,12,2,0,0,-1,0,0,0,0,0,0,-1,0,18,0,0,12,0,221.1
0,12,3,0,0,1,14,13,29,0,-1,0,3,0,0,1,0,-1,0,3,0,0,8,0,966.95
0,8,0,0,0,0,3,12,16,0,-1,0,0,0,0,0,0,-1,0,14,0,0,14,0,486.27
0,13,0,0,0,0,10,23,12,0,-1,0,1,0,0,0,0,-1,0,10,0,0,2,0,498.62
12,5,26,4,1,23,3,34,101,2,-1,4,51,1,2,2,0,-1,3,8,4,3,9,1,2411.76
0,11,0,0,0,0,7,5,0,0,-1,0,0,0,0,0,0,-1,0,18,0,0,18,0,175.99
0,16,0,0,0,0,10,5,2,0,-1,0,0,0,0,0,0,-1,0,15,0,0,9,0,243.46
7,2,78,4,2,23,9,22,128,2,-1,0,57,1,2,2,0,-1,2,6,11,11,12,0,2824.31
0,14,1,0,0,0,14,15,27,0,-1,0,0,0,0,0,0,-1,0,6,0,1,5,0,559.99
41,4,7,103,46,31,8,23,193,13,-1,30,27,8,9,4,12,-1,9,3,26,30,9,20,4455.15
0,10,0,0,0,0,8,3,0,0,-1,0,0,0,0,0,0,-1,0,17,0,0,19,0,717.67
2,9,73,0,5,6,11,19,121,1,-1,0,20,0,0,0,0,-1,0,1,12,19,7,0,2300.86
10,6,19,24,6,46,7,23,178,10,-1,4,43,0,6,6,8,-1,6,3,33,50,7,6,6111.65
0,13,0,0,0,0,8,28,8,0,-1,0,1,0,0,0,0,-1,0,11,0,0,5,0,252.33
0,6,5,0,1,5,1,18,38,2,-1,0,15,0,0,0,0,-1,0,11,3,0,12,0,2410.74
10,6,14,104,45,12,10,14,170,16,-1,6,57,22,6,14,8,-1,13,1,10,27,8,12,6197.88
0,9,0,0,0,0,5,10,5,0,-1,0,0,0,0,0,0,-1,0,15,0,0,16,0,378.76
0,18,0,0,0,0,12,0,0,0,-1,0,0,0,0,0,0,-1,0,24,0,0,22,0,89.79
0,12,0,0,0,0,8,29,13,0,-1,0,1,0,0,0,0,-1,0,10,0,0,3,0,600.94
0,17,0,0,0,0,13,10,3,0,-1,0,0,0,0,0,0,-1,0,14,0,0,6,0,219.75
1,9,0,0,1,0,2,15,21,1,-1,0,0,1,0,0,0,-1,0,13,3,0,11,0,1656.43
1,4,6,0,1,5,3,24,47,3,-1,0,30,0,0,0,0,-1,1,10,5,0,12,0,2382.97
0,11,0,0,0,0,9,2,0,0,-1,0,0,0,0,0,0,-1,0,18,0,0,20,0,176.34
0,11,0,0,0,0,15,0,2,0,-1,0,0,0,0,0,0,-1,0,19,0,0,24,0,282.61
0,20,0,0,0,0,14,0,0,0,-1,0,0,0,0,0,0,-1,0,20,1,0,13,0,208.81
0,14,0,0,0,0,10,20,12,0,-1,0,1,0,0,0,0,-1,0,10,0,0,2,0,1123.74
0,16,0,0,0,0,10,4,2,0,-1,0,0,0,0,0,0,-1,0,16,0,0,10,0,316.26
0,16,0,0,0,0,11,19,4,0,-1,0,0,0,0,0,0,-1,0,13,0,0,5,0,286.79
0,8,3,0,0,0,2,35,43,3,-1,0,18,1,0,0,0,-1,0,10,5,0,8,0,1872.99
14,5,39,4,2,24,3,38,109,4,-1,4,51,2,2,3,0,-1,4,7,3,3,9,1,3012.36
0,13,0,0,0,0,7,21,5,0,-1,0,1,0,0,0,0,-1,0,13,0,0,8,0,367.32
0,17,0,0,0,0,14,11,12,0,-1,0,0,0,0,0,0,-1,0,11,0,0,4,0,475.84
0,5,76,8,1,6,11,14,104,7,-1,0,42,0,1,1,4,-1,3,5,28,12,12,0,2361.15
43,4,18,54,23,20,7,23,194,7,-1,18,36,0,14,3,4,-1,5,4,51,24,9,11,3702.44
7,8,79,8,2,14,8,29,152,6,-1,0,59,0,0,7,8,-1,4,3,8,18,5,0,2891.31
0,14,0,0,0,0,18,0,1,0,-1,0,0,0,0,0,0,-1,0,22,0,0,27,0,198.82
0,17,0,0,0,0,11,3,1,0,-1,0,0,0,0,0,0,-1,0,17,0,0,11,0,315.43
0,13,0,0,0,0,9,2,0,0,-1,0,0,0,0,0,0,-1,0,20,0,0,20,0,93.97
0,11,0,0,0,0,6,4,3,0,-1,0,0,0,0,0,0,-1,0,17,0,0,16,0,189.19
0,15,0,0,0,0,9,3,1,0,-1,0,0,0,0,0,0,-1,0,20,0,0,18,0,118.33
45,4,7,43,28,32,7,26,187,12,-1,11,27,0,2,2,31,-1,5,3,56,26,8,29,5458.86
0,14,0,0,0,0,22,3,1,0,-1,0,0,0,0,0,0,-1,0,18,0,0,26,0,721.12
0,18,0,0,0,0,11,3,1,0,-1,0,0,0,0,0,0,-1,0,17,0,0,10,0,228.29
0,17,0,0,0,0,20,5,1,0,-1,0,1,0,0,0,0,-1,0,9,0,0,12,0,517.94
0,5,0,0,0,2,12,12,23,0,-1,0,1,0,1,0,0,-1,0,9,0,0,16,0,1993.71
0,16,0,0,0,0,15,0,1,0,-1,0,0,0,0,0,0,-1,0,24,0,0,26,0,196.77
1,9,75,4,3,6,10,22,120,1,-1,0,28,1,1,2,0,-1,1,2,10,16,5,0,2095.22
0,12,0,0,0,1,6,16,5,0,-1,0,0,0,0,0,0,-1,0,14,1,0,10,0,1655.98
3,1,77,8,3,23,8,22,129,4,-1,0,58,0,3,0,0,-1,2,6,5,5,12,0,4206.0
7,8,63,12,11,11,10,21,144,7,-1,12,38,2,1,3,0,-1,2,1,13,28,6,1,2853.64
45,4,68,8,3,22,5,31,185,9,-1,0,24,0,19,4,8,-1,2,6,7,31,9,3,3238.96
0,11,0,0,0,0,8,3,0,0,-1,0,0,0,0,0,0,-1,0,18,0,0,19,0,204.95
0,8,0,0,0,0,15,5,5,0,-1,0,1,0,0,0,0,-1,0,11,1,0,18,0,185.14
7,8,71,4,10,6,10,20,133,5,-1,4,26,1,0,2,0,-1,2,1,12,20,6,1,2828.6
0,11,1,0,0,1,7,36,20,1,-1,0,3,0,0,0,0,-1,0,8,0,0,4,0,768.47
0,13,0,0,0,0,8,3,0,0,-1,0,0,0,0,0,0,-1,0,19,0,0,18,0,1217.41
1,15,0,0,0,0,18,6,1,0,-1,0,0,0,0,0,0,-1,0,7,0,0,11,0,607.76
2,8,67,8,5,11,9,29,154,8,-1,12,50,1,1,6,4,-1,6,3,10,28,5,0,2070.16
0,7,0,0,0,0,4,13,17,0,-1,0,0,0,0,0,0,-1,0,14,0,0,15,0,430.59
0,9,0,0,1,0,17,5,3,0,-1,0,0,0,0,0,0,-1,0,13,0,0,20,0,154.25
0,15,0,0,0,0,22,3,0,0,-1,0,0,0,0,0,0,-1,0,18,0,0,26,0,533.2
0,13,0,0,0,0,10,1,0,0,-1,0,0,0,0,0,0,-1,0,20,0,0,21,0,230.89
0,5,0,0,0,1,12,13,18,0,-1,0,2,0,0,0,0,-1,0,11,1,0,18,0,665.48
0,12,0,0,0,1,5,21,8,0,-1,0,0,0,0,0,0,-1,0,13,1,0,9,0,1702.28
28,4,14,16,7,38,7,26,192,9,-1,1,21,1,25,4,4,-1,2,4,50,46,9,9,4329.26
0,13,0,0,0,0,8,27,9,0,-1,0,0,0,0,0,0,-1,0,11,0,0,4,0,285.03
0,14,0,0,0,0,8,16,3,0,-1,0,0,0,0,0,0,-1,0,13,0,0,8,0,356.32
0,18,0,0,0,0,18,1,6,0,-1,0,0,0,0,0,0,-1,0,10,0,0,7,0,380.01
0,4,0,0,0,0,9,11,18,1,-1,0,0,0,0,0,0,-1,0,13,0,0,17,0,1051.58
0,13,0,0,0,0,17,0,1,0,-1,0,0,0,0,0,0,-1,0,21,0,0,26,0,198.59
0,6,0,0,0,0,13,13,13,0,-1,0,2,0,0,0,0,-1,0,12,0,0,19,0,1833.94
0,8,0,0,0,0,5,12,2,0,-1,0,0,0,0,0,0,-1,0,15,0,0,16,0,738.97
0,10,0,0,0,0,17,4,3,1,-1,0,0,0,0,0,0,-1,0,15,1,0,22,0,578.74
0,15,0,0,0,0,9,3,1,0,-1,0,0,0,0,0,0,-1,0,20,0,0,19,0,118.79
0,12,0,0,0,0,6,4,2,0,-1,0,0,0,0,0,0,-1,0,17,0,0,17,0,416.31
0,15,1,0,0,0,16,12,10,0,-1,0,0,0,0,0,0,-1,0,7,0,0,6,0,557.4
0,14,1,0,0,0,14,15,27,0,-1,0,0,0,0,0,0,-1,0,6,0,1,5,0,445.82
0,17,0,0,0,0,13,11,3,2,-1,0,0,0,0,0,0,-1,0,13,0,0,5,0,264.35
0,19,0,0,0,0,13,2,1,0,-1,0,0,0,0,0,0,-1,0,17,0,0,9,0,127.16
3,8,73,12,4,11,9,30,151,11,-1,4,47,0,1,6,0,-1,2,3,7,21,5,0,4110.25
0,4,0,0,0,0,6,19,25,0,-1,0,2,0,0,0,0,-1,0,12,1,0,15,0,1492.51
0,7,4,0,1,1,2,35,46,0,-1,0,26,1,0,0,0,-1,0,10,7,0,9,0,2059.14
0,14,0,0,0,0,7,5,4,0,-1,0,1,0,0,0,0,-1,0,16,0,0,12,0,334.48
0,15,0,0,0,0,11,20,8,0,-1,0,0,0,0,0,0,-1,0,11,0,0,4,0,280.96
0,12,0,0,1,1,5,11,7,0,-1,0,0,0,0,0,0,-1,0,14,0,0,11,0,1210.1
0,13,0,0,0,0,10,22,12,0,-1,0,1,0,0,0,0,-1,0,9,0,0,2,0,1156.59
0,16,0,0,0,0,19,5,1,0,-1,0,1,0,0,0,0,-1,0,8,0,0,12,0,582.35
0,18,0,0,0,0,11,0,1,0,-1,0,0,0,0,0,0,-1,0,20,0,0,14,0,1140.49
8,1,27,4,3,31,6,28,98,4,-1,4,47,2,0,2,0,-1,1,8,3,2,12,0,3013.41
0,15,0,0,0,0,10,2,0,0,-1,0,0,0,0,0,0,-1,0,21,0,0,21,0,107.6
0,10,0,0,0,0,17,4,3,0,-1,0,0,0,0,0,0,-1,0,15,1,0,22,0,560.21
22,3,58,4,6,35,4,35,132,4,-1,0,32,1,4,0,0,-1,3,7,4,3,10,3,2700.64
2,5,4,0,0,1,12,13,38,0,-1,0,7,0,0,0,0,-1,0,8,0,0,15,0,708.49
0,12,0,0,0,0,6,3,2,0,-1,0,0,0,0,0,0,-1,0,18,0,0,17,0,211.95
0,16,0,0,0,0,12,12,7,0,-1,0,0,0,0,0,0,-1,0,11,0,0,3,0,216.26
0,15,0,0,0,0,10,2,0,0,-1,0,0,0,0,0,0,-1,0,21,0,0,21,0,103.88
1,10,0,0,1,0,2,13,18,2,-1,0,0,0,0,0,0,-1,0,13,3,0,12,0,507.44
0,18,0,0,0,0,20,4,1,0,-1,0,0,0,0,0,0,-1,0,10,0,0,11,0,434.2
0,15,0,0,0,1,19,5,1,0,-1,0,0,0,0,0,0,-1,0,7,0,0,11,0,472.46
0,8,1,0,3,1,1,36,40,0,-1,0,11,0,0,0,0,-1,0,10,2,1,9,0,1901.87
0,11,8,0,0,1,10,22,57,2,-1,0,5,0,0,0,0,-1,0,5,1,1,2,0,2160.55
0,6,0,0,0,0,11,7,11,1,-1,0,0,0,0,0,0,-1,0,14,0,0,19,0,1021.44
0,9,0,0,0,0,7,3,0,0,-1,0,0,0,0,0,0,-1,0,17,0,0,18,0,697.23
1,11,0,0,2,0,4,11,10,2,-1,0,0,0,0,0,0,-1,0,14,0,0,11,0,1035.72
0,16,0,0,0,0,13,12,7,0,-1,0,0,0,0,0,0,-1,0,11,0,0,3,0,248.7
0,13,0,0,0,0,11,0,1,0,-1,0,0,0,0,0,0,-1,0,21,0,0,23,0,193.31
0,4,0,0,0,0,10,18,24,1,-1,0,2,0,0,0,0,-1,0,11,0,0,17,0,859.99
0,13,0,0,0,0,20,3,1,0,-1,0,0,0,0,0,0,-1,0,17,0,0,24,0,547.38
0,7,0,0,0,0,6,11,3,0,-1,0,0,0,0,0,0,-1,0,15,0,0,17,0,752.39
0,12,0,0,0,0,8,29,8,0,-1,0,1,0,0,0,0,-1,0,10,0,0,4,0,658.29
0,4,1,0,1,1,4,19,34,0,-1,0,20,0,0,0,0,-1,1,11,0,0,14,0,1205.94
0,8,0,0,0,0,5,10,3,0,-1,0,0,0,0,0,0,-1,0,15,0,0,16,0,740.66
49,3,34,26,16,18,8,20,184,12,-1,8,41,3,5,4,4,-1,3,4,45,40,10,0,4998.54
0,13,0,0,0,0,13,0,1,0,-1,0,0,0,0,0,0,-1,0,21,0,0,24,0,194.78
26,3,32,12,5,26,7,26,186,15,-1,4,32,1,21,11,12,-1,5,5,23,58,10,4,4242.47
0,11,1,0,1,1,4,25,13,1,-1,0,0,0,0,0,0,-1,0,12,1,0,8,0,677.45
0,4,0,0,0,0,6,19,25,0,-1,0,2,0,0,0,0,-1,0,12,1,0,15,0,2135.95
0,18,0,0,0,0,10,0,1,0,-1,0,0,0,0,0,0,-1,0,20,0,0,16,0,162.54
0,16,0,0,0,0,10,1,1,0,-1,0,0,0,0,0,0,-1,0,21,0,0,19,0,935.83
3,1,21,0,0,4,8,25,89,4,-1,4,61,0,0,0,0,-1,0,8,3,0,13,0,1346.06
0,14,0,0,0,0,11,1,0,0,-1,0,0,0,0,0,0,-1,0,21,0,0,22,0,115.25
0,0,15,0,0,6,8,25,79,4,-1,4,61,0,0,0,0,-1,0,8,3,0,13,0,1527.16
11,4,30,0,6,24,3,35,106,1,-1,0,47,0,6,0,0,-1,2,8,5,2,10,0,2634.05
0,20,0,0,0,0,13,0,0,0,-1,0,0,0,0,0,0,-1,0,23,0,0,18,0,145.93
1,12,0,0,0,0,4,12,7,0,-1,0,0,1,0,0,0,-1,0,14,1,0,11,0,1006.47
0,9,0,0,0,0,14,2,5,0,-1,0,0,0,0,0,0,-1,0,17,0,0,23,0,242.52
51,4,34,12,2,30,6,29,186,4,-1,4,25,0,5,4,0,-1,1,4,17,46,8,2,4024.06
0,12,0,0,1,1,5,11,7,0,-1,0,0,0,0,0,0,-1,0,14,0,0,11,0,1165.02
0,10,1,0,1,1,4,24,16,0,-1,0,0,0,0,0,0,-1,0,12,2,0,9,0,1612.42
0,10,0,0,0,0,4,8,7,0,-1,0,1,0,0,0,0,-1,0,15,0,0,14,0,1274.19
11,4,29,0,6,21,3,34,101,2,-1,0,50,0,7,0,0,-1,2,8,5,2,10,0,2552.17
0,14,0,0,0,0,10,23,12,0,-1,0,1,0,0,0,0,-1,0,10,0,0,3,0,244.05
0,16,0,0,0,0,11,9,3,0,-1,0,0,0,0,0,0,-1,0,14,0,0,7,0,678.09
0,12,0,0,0,0,6,4,2,0,-1,0,0,0,0,0,0,-1,0,18,0,0,17,0,206.6
11,6,62,16,3,21,7,23,176,7,-1,0,69,0,2,7,4,-1,3,4,6,41,6,1,3005.67
0,17,0,0,0,0,12,1,0,0,-1,0,0,0,0,0,0,-1,0,23,0,0,23,0,90.45
0,11,0,0,0,0,7,36,19,1,-1,0,2,0,0,0,0,-1,0,9,0,0,4,0,1171.3
0,14,2,0,0,1,16,13,13,0,-1,0,0,0,0,0,0,-1,0,6,0,0,8,0,636.14
0,13,0,0,0,0,15,17,20,0,-1,0,1,0,0,0,0,-1,0,5,0,2,7,0,890.38
0,6,0,0,0,0,12,11,12,0,-1,0,0,0,0,0,0,-1,0,13,0,0,19,0,576.4
0,7,0,0,0,0,14,11,11,0,-1,0,1,0,0,0,0,-1,0,13,1,0,19,0,1577.1
0,11,0,0,0,1,9,33,19,0,-1,0,1,0,0,0,0,-1,0,8,0,0,2,0,1355.43
0,3,74,4,1,10,10,20,115,2,-1,0,59,0,1,2,4,-1,0,6,9,8,13,0,2401.7
2,7,11,0,0,5,4,33,66,3,-1,0,51,0,0,0,0,-1,0,8,4,1,7,1,2560.44
0,18,0,0,0,0,12,0,0,0,-1,0,0,0,0,0,0,-1,0,23,0,0,22,0,90.3
0,6,0,0,0,0,11,7,11,1,-1,0,0,0,0,0,0,-1,0,14,0,0,19,0,1114.56
25,4,14,109,57,45,8,18,184,27,-1,27,31,9,4,2,13,-1,13,3,14,24,9,28,4534.66
0,15,0,0,0,0,11,1,0,0,-1,0,0,0,0,0,0,-1,0,22,0,0,22,0,186.14
0,20,0,0,0,0,13,0,1,0,-1,0,0,0,0,0,0,-1,0,22,0,0,18,0,142.41
20,5,39,12,1,46,6,26,181,4,-1,4,40,0,7,4,8,-1,3,4,13,57,7,5,3749.78
15,3,14,0,4,8,3,29,89,0,-1,0,57,0,2,0,0,-1,1,8,6,3,11,0,2818.33
0,10,0,0,0,0,17,4,3,0,-1,0,0,0,0,0,0,-1,0,15,0,0,22,0,651.27
0,15,0,0,0,0,11,16,9,0,-1,0,0,0,0,0,0,-1,0,10,0,0,3,0,573.71
0,16,0,0,0,0,12,13,3,0,-1,0,0,0,0,0,0,-1,0,13,0,0,6,0,193.92
26,4,70,8,4,39,4,35,151,8,-1,4,28,1,9,0,0,-1,3,6,4,7,9,1,2957.05
0,17,0,0,0,0,12,9,3,0,-1,0,0,0,0,0,0,-1,0,14,0,0,7,0,256.81
0,5,1,0,0,1,2,14,31,1,-1,0,16,0,0,0,0,-1,0,11,3,0,13,0,1408.69
2,6,20,0,3,19,3,39,79,0,-1,0,60,0,1,1,0,-1,2,8,4,2,8,1,2696.59
5,4,7,4,4,14,2,33,82,1,-1,0,55,1,3,0,0,-1,1,9,5,4,11,0,2527.15
0,5,5,0,1,5,1,18,39,2,-1,0,18,0,0,0,0,-1,0,11,5,0,12,0,1520.65
0,15,0,0,0,0,12,12,9,0,-1,0,0,0,0,0,0,-1,0,10,0,0,2,0,578.45
0,15,0,0,0,0,11,2,0,0,-1,0,0,0,0,0,0,-1,0,22,0,0,21,0,74.79
2,2,48,0,0,5,10,21,100,1,-1,0,56,0,1,1,0,-1,0,7,3,0,13,0,2265.65
5,8,53,16,16,9,11,14,142,7,-1,0,25,3,1,1,4,-1,2,0,48,34,8,3,2190.33
16,6,11,55,43,13,9,20,181,15,-1,18,60,8,4,17,32,-1,7,2,31,27,7,20,7784.46
0,6,0,0,0,0,11,5,11,1,-1,0,0,0,0,0,0,-1,0,14,0,0,19,0,982.24
1,8,10,0,0,3,4,33,52,1,-1,0,28,0,0,0,0,-1,2,8,2,0,6,0,2470.43
0,8,0,0,0,0,13,4,10,0,-1,0,0,0,0,0,0,-1,0,15,0,0,21,0,1005.62
0,11,0,0,0,0,16,1,3,0,-1,0,0,0,0,0,0,-1,0,18,0,0,24,0,791.39
0,12,0,0,0,0,7,3,2,0,-1,0,0,0,0,0,0,-1,0,18,0,0,17,0,151.33
1,1,12,0,0,5,9,25,81,2,-1,0,47,0,0,2,0,-1,1,8,1,0,14,0,2938.06
0,12,0,0,1,1,5,16,7,0,-1,0,0,0,0,0,0,-1,0,14,0,0,10,0,1111.34
0,11,1,0,0,0,5,26,12,0,-1,0,1,0,0,0,0,-1,0,11,1,0,8,0,672.59
0,3,1,0,1,1,5,23,32,0,-1,0,8,0,0,0,0,-1,0,11,1,0,15,0,2458.24
0,19,0,0,0,0,21,1,0,0,-1,0,0,0,0,0,0,-1,0,11,0,0,10,0,339.52
0,16,0,0,0,0,15,0,1,0,-1,0,0,0,0,0,0,-1,0,24,0,0,26,0,137.68
0,14,0,0,0,0,10,20,12,0,-1,0,1,0,0,0,0,-1,0,10,0,0,2,0,263.17
0,13,0,0,0,0,11,23,20,0,-1,0,1,0,0,0,0,-1,0,8,0,0,0,0,659.0
0,14,0,0,0,0,21,3,1,0,-1,0,0,0,0,0,0,-1,0,18,0,0,26,0,531.34
10,6,22,28,4,47,7,24,178,11,-1,4,43,0,5,6,4,-1,4,3,25,54,7,3,5498.04
0,13,0,0,0,0,14,0,1,0,-1,0,0,0,0,0,0,-1,0,22,0,0,25,0,190.25
0,16,0,0,0,0,12,1,0,0,-1,0,0,0,0,0,0,-1,0,23,0,0,23,0,189.02
0,14,0,0,0,0,8,22,6,0,-1,0,0,0,0,0,0,-1,0,12,0,0,6,0,616.48
0,10,0,0,0,0,15,1,5,1,-1,0,0,0,0,0,0,-1,0,17,0,0,23,0,832.76
6,4,6,0,3,11,3,26,73,4,-1,0,55,0,0,1,0,-1,0,9,7,3,11,0,2433.21
0,8,0,0,0,0,3,13,18,0,-1,0,1,0,0,0,0,-1,0,14,0,0,14,0,449.38
23,4,18,113,52,44,8,18,182,26,-1,26,34,11,4,1,21,-1,11,3,15,21,10,24,4607.72
0,16,0,0,0,0,18,6,3,0,-1,0,1,0,0,0,0,-1,0,8,0,0,8,0,470.68
0,7,10,0,1,4,3,34,48,2,-1,0,30,0,0,0,0,-1,1,8,3,1,7,1,2540.22
1,6,0,0,0,0,13,10,14,0,-1,0,2,0,0,0,0,-1,0,10,1,0,17,0,1765.7
0,12,2,0,0,0,12,15,44,0,-1,0,2,0,0,0,0,-1,0,5,0,0,4,1,2016.9
0,3,0,0,0,1,10,19,32,1,-1,0,6,0,0,0,0,-1,0,11,0,0,16,0,1131.79
0,6,0,0,0,0,3,14,22,1,-1,0,6,0,0,0,0,-1,0,13,0,0,14,0,939.9
0,15,0,0,0,0,9,7,2,0,-1,0,0,0,0,0,0,-1,0,15,0,0,8,0,282.59
1,11,0,0,0,0,3,8,11,0,-1,0,0,0,0,0,0,-1,0,14,2,0,12,0,419.9
0,8,0,0,3,1,1,17,24,0,-1,0,4,0,0,0,0,-1,0,13,0,0,12,0,527.82
15,7,25,44,13,13,9,28,177,17,-1,4,61,5,1,9,8,-1,10,2,42,35,6,5,6044.63
0,8,0,0,0,0,2,16,20,1,-1,0,5,0,0,0,0,-1,0,13,2,0,13,0,1559.38
0,17,0,0,0,0,10,0,1,0,-1,0,0,0,0,0,0,-1,0,19,0,0,14,0,325.53
1,7,10,0,3,9,2,41,61,4,-1,0,47,0,0,0,0,-1,2,8,4,1,8,1,2145.17
0,15,0,0,0,0,10,15,4,0,-1,0,0,0,0,0,0,-1,0,13,0,0,6,0,284.75
0,7,0,0,0,0,2,16,23,0,-1,0,7,0,0,0,0,-1,0,13,2,0,13,0,589.43
0,15,0,0,0,0,12,15,16,0,-1,0,0,0,0,0,0,-1,0,9,0,0,1,0,591.81
0,22,0,0,0,0,15,0,0,0,-1,0,0,0,0,0,0,-1,0,24,0,0,19,0,140.6
0,20,0,0,0,0,21,2,0,0,-1,0,0,0,0,0,0,-1,0,11,0,0,11,0,418.95
0,11,0,0,0,0,11,0,1,0,-1,0,0,0,0,0,0,-1,0,19,0,0,22,0,212.48
0,6,0,0,0,0,2,18,25,1,-1,0,8,0,0,0,0,-1,0,12,3,0,13,0,1957.5
0,8,0,0,0,0,8,1,0,0,-1,0,0,0,0,0,0,-1,0,16,0,0,19,0,702.88
0,14,0,0,0,0,11,18,16,0,-1,0,1,0,0,0,0,-1,0,9,0,0,1,0,509.67
0,4,0,0,0,0,10,17,25,1,-1,0,2,0,0,0,0,-1,0,11,0,0,17,0,809.83
0,6,0,0,0,0,3,14,22,1,-1,0,6,0,0,0,0,-1,0,13,0,0,14,0,923.6
0,18,0,0,0,0,12,2,0,0,-1,0,0,0,0,0,0,-1,0,17,0,0,10,0,646.98
0,8,1,0,3,1,1,28,36,0,-1,0,9,1,0,0,0,-1,0,11,2,1,10,0,1841.02
1,10,6,0,0,1,7,37,50,2,-1,0,12,0,0,1,0,-1,1,7,0,0,3,0,1496.45
2,8,21,0,0,6,5,34,78,0,-1,0,42,0,1,0,0,-1,0,7,0,1,5,0,2831.28
0,9,0,0,0,0,6,6,2,0,-1,0,0,0,0,0,0,-1,0,16,0,0,17,0,882.71
0,19,0,0,0,0,13,1,0,0,-1,0,0,0,0,0,0,-1,0,19,0,0,12,0,218.94
0,9,6,0,0,2,5,36,34,1,-1,0,11,0,0,0,0,-1,0,8,0,1,5,0,881.97
10,6,30,111,38,11,10,8,162,6,-1,8,62,29,0,1,0,-1,9,2,9,46,10,1,2848.32
5,6,11,0,2,9,2,35,68,0,-1,0,62,2,0,1,0,-1,0,8,3,2,8,0,2420.88
0,13,0,0,0,0,20,3,1,0,-1,0,0,0,0,0,0,-1,0,17,0,0,25,0,579.16
0,9,0,0,0,0,16,2,3,0,-1,0,0,0,0,0,0,-1,0,15,0,0,22,0,582.66
19,5,54,16,1,52,6,30,182,4,-1,0,37,0,5,4,0,-1,3,5,7,47,7,3,3722.87
0,17,0,0,0,0,10,2,1,0,-1,0,0,0,0,0,0,-1,0,17,0,0,12,0,231.36
0,6,1,0,0,2,13,10,19,0,-1,0,2,0,0,0,0,-1,0,8,0,0,15,0,266.21
17,6,13,40,20,38,8,23,185,16,-1,6,49,1,1,4,12,-1,10,2,56,23,7,16,5928.71
0,18,0,0,0,0,13,10,3,1,-1,0,0,0,0,0,0,-1,0,14,0,0,6,0,262.11
0,19,0,0,0,0,16,9,3,0,-1,0,0,0,0,0,0,-1,0,13,0,0,5,0,202.2
0,15,0,0,0,1,19,5,1,0,-1,0,0,0,0,0,0,-1,0,7,0,0,12,0,605.07
31,4,14,100,53,39,8,18,188,24,-1,30,33,9,4,2,23,-1,8,3,18,24,9,23,4375.31
16,6,55,8,1,42,6,28,179,3,-1,0,48,0,3,5,8,-1,0,4,5,50,7,4,3510.57
17,6,7,87,61,24,9,19,182,13,-1,1,54,8,7,10,34,-1,12,2,14,19,8,30,5138.96
0,21,0,0,0,0,13,0,0,0,-1,0,0,0,0,0,0,-1,0,22,0,0,17,0,187.27
0,8,0,0,0,0,4,11,9,0,-1,0,0,0,0,0,0,-1,0,15,0,0,15,0,430.09
1,7,13,0,2,7,3,37,66,3,-1,0,54,0,0,0,0,-1,1,8,2,1,7,0,1989.89
0,19,0,0,0,0,19,1,6,0,-1,0,0,0,0,0,0,-1,0,11,0,0,8,0,395.74
0,19,0,0,0,0,14,5,2,0,-1,0,0,0,0,0,0,-1,0,15,0,0,7,0,201.91
0,17,0,0,0,0,10,0,1,0,-1,0,0,0,0,0,0,-1,0,19,0,0,14,0,378.36
0,14,0,0,0,0,6,5,5,0,-1,0,1,0,0,0,0,-1,0,17,0,0,15,0,939.66
0,4,0,0,0,2,11,19,28,0,-1,0,4,0,0,0,0,-1,0,10,0,0,16,0,680.61
7,3,58,12,9,13,9,20,140,1,-1,0,69,0,0,0,4,-1,1,5,36,31,12,0,2258.43
0,16,0,0,0,0,10,11,3,0,-1,0,0,0,0,0,0,-1,0,14,0,0,7,0,811.31
0,20,0,0,0,0,13,0,0,0,-1,0,0,0,0,0,0,-1,0,20,1,0,14,0,213.48
51,5,9,39,10,33,7,28,184,8,-1,9,23,0,5,6,0,-1,1,4,47,46,8,10,4296.96
0,10,26,0,0,1,13,14,62,4,-1,0,10,0,0,1,0,-1,0,2,0,0,8,1,1251.39
0,14,0,0,0,0,18,0,0,0,-1,0,0,0,0,0,0,-1,0,22,0,0,27,0,201.84
0,15,0,0,0,0,11,18,8,0,-1,0,0,0,0,0,0,-1,0,11,0,0,4,0,256.08
9,7,77,12,2,13,8,24,154,8,-1,0,67,0,0,6,4,-1,5,4,7,21,5,0,4988.42
0,11,0,0,0,1,7,35,22,0,-1,0,3,0,0,1,0,-1,0,8,0,0,3,0,716.94
0,10,0,0,0,0,7,5,0,0,-1,0,0,0,0,0,0,-1,0,17,0,0,18,0,456.63
0,16,0,0,0,0,9,1,2,0,-1,0,0,0,0,0,0,-1,0,18,0,0,14,0,160.31
0,15,0,0,0,0,12,1,0,0,-1,0,0,0,0,0,0,-1,0,23,0,0,23,0,187.67
0,15,1,0,0,0,15,12,16,1,-1,0,0,0,0,0,0,-1,0,7,0,0,4,0,622.3
0,16,0,0,0,0,11,9,3,0,-1,0,0,0,0,0,0,-1,0,14,0,0,6,0,214.14
0,11,0,0,0,0,18,3,2,0,-1,0,0,0,0,0,0,-1,0,16,0,0,23,0,571.3
0,14,0,0,0,0,8,7,4,1,-1,0,1,0,0,0,0,-1,0,15,0,0,10,0,395.79
0,17,0,0,0,0,18,5,4,0,-1,0,0,0,0,0,0,-1,0,9,0,0,8,0,310.49
24,5,7,40,17,45,7,26,179,11,-1,9,34,0,8,5,8,-1,6,3,60,30,7,17,6391.82
0,10,0,0,0,0,16,4,3,0,-1,0,0,0,0,0,0,-1,0,15,0,0,22,0,575.25
0,11,0,0,0,0,18,4,1,0,-1,0,0,0,0,0,0,-1,0,15,0,0,23,0,731.74
0,14,0,0,0,0,7,5,4,0,-1,0,1,0,0,0,0,-1,0,16,0,0,12,0,343.47
0,4,0,0,0,0,6,16,25,0,-1,0,2,0,0,0,0,-1,0,12,1,0,16,0,1096.98
0,10,0,0,0,0,8,2,0,0,-1,0,0,0,0,0,0,-1,0,18,0,0,19,0,332.48
0,8,0,0,3,1,1,16,23,0,-1,0,4,0,0,0,0,-1,0,13,0,0,12,0,537.08
0,13,0,0,0,0,9,2,0,0,-1,0,0,0,0,0,0,-1,0,20,0,0,20,0,180.32
0,9,59,0,2,3,9,29,107,2,-1,0,24,0,0,0,0,-1,0,4,2,0,3,0,2490.96
0,11,0,0,0,0,18,3,2,0,-1,0,0,0,0,0,0,-1,0,15,1,0,22,0,178.1
0,10,0,0,0,0,5,7,4,0,-1,0,0,0,0,0,0,-1,0,16,0,0,16,0,389.93
0,8,3,0,1,1,2,36,44,0,-1,0,21,0,0,0,0,-1,0,10,5,1,9,0,1858.05
0,20,0,0,0,0,15,1,2,0,-1,0,0,0,0,0,0,-1,0,17,0,0,9,0,195.57
0,9,0,0,0,0,5,10,4,0,-1,0,0,0,0,0,0,-1,0,16,0,0,16,0,368.47
11,5,7,164,48,44,9,16,179,23,-1,50,38,18,9,8,79,-1,13,2,8,16,9,37,6316.48
0,13,0,0,0,0,6,5,7,0,-1,0,1,0,0,0,0,-1,0,16,1,0,12,0,1262.93
0,19,0,0,0,0,14,5,2,0,-1,0,0,0,0,0,0,-1,0,16,0,0,8,0,175.43
0,7,3,0,1,0,2,36,46,0,-1,0,24,1,0,0,0,-1,0,10,6,1,9,0,1940.26
0,19,0,0,0,0,13,2,1,0,-1,0,0,0,0,0,0,-1,0,17,0,0,9,0,125.68
0,12,0,0,0,0,6,22,6,0,-1,0,1,0,0,0,0,-1,0,13,1,0,9,0,314.68
4,5,7,4,1,4,2,25,56,4,-1,0,34,1,0,1,0,-1,1,10,7,0,11,0,2550.97
28,2,73,8,6,38,5,30,130,2,-1,0,31,0,6,3,0,-1,2,7,4,9,11,1,3226.65
19,6,11,65,29,31,8,24,182,12,-1,18,53,2,2,11,8,-1,11,2,50,17,7,22,5249.07
0,13,0,0,0,0,9,2,0,0,-1,0,0,0,0,0,0,-1,0,20,0,0,20,0,201.93
0,13,0,0,0,0,9,2,0,0,-1,0,0,0,0,0,0,-1,0,19,0,0,20,0,93.03
0,16,0,0,0,0,9,5,2,0,-1,0,0,0,0,0,0,-1,0,16,0,0,11,0,1122.86
0,16,0,0,0,0,19,6,1,0,-1,0,1,0,0,0,0,-1,0,8,0,0,11,0,513.56
0,9,0,0,0,0,12,1,4,0,-1,0,0,0,0,0,0,-1,0,17,0,0,21,0,152.85
0,15,0,0,0,0,8,5,2,0,-1,0,0,0,0,0,0,-1,0,15,0,0,10,0,1191.32
0,12,0,0,0,0,5,6,5,0,-1,0,1,0,0,0,0,-1,0,16,0,0,13,0,1134.53
0,10,1,0,0,0,4,33,21,0,-1,0,3,0,0,0,0,-1,0,10,1,0,7,0,671.32
0,11,0,0,0,0,6,4,3,0,-1,0,0,0,0,0,0,-1,0,17,0,0,17,0,210.3
0,11,22,4,0,1,11,17,85,0,-1,0,15,0,0,0,0,-1,0,4,2,0,3,0,2072.49
0,11,1,0,0,0,5,32,19,0,-1,0,3,0,0,0,0,-1,0,10,0,0,6,0,1532.22
0,10,49,0,2,2,10,21,104,5,-1,0,19,0,0,0,0,-1,0,4,2,1,4,0,2291.91
0,12,0,0,0,0,20,2,1,0,-1,0,0,0,0,0,0,-1,0,16,0,0,23,0,594.41
0,16,0,0,0,0,10,12,3,0,-1,0,0,0,0,0,0,-1,0,14,0,0,6,0,243.24
0,10,0,0,0,0,3,9,12,2,-1,0,1,0,0,0,0,-1,0,15,1,0,13,0,456.18
0,18,0,0,0,0,15,11,3,0,-1,0,0,0,0,0,0,-1,0,13,0,0,5,0,265.34
33,4,13,44,10,33,7,25,194,11,-1,21,25,1,20,4,4,-1,2,4,62,44,9,14,3891.21
0,10,0,0,0,0,12,0,1,0,-1,0,0,0,0,0,0,-1,0,18,0,0,22,0,142.94
0,16,0,0,0,0,16,0,1,0,-1,0,0,0,0,0,0,-1,0,24,0,0,27,0,136.43
0,10,0,0,0,0,8,2,0,0,-1,0,0,0,0,0,0,-1,0,17,0,0,19,0,180.2
0,5,0,0,0,0,8,11,15,0,-1,0,0,0,0,0,0,-1,0,13,0,0,17,0,922.68
0,13,0,0,0,0,6,15,5,0,-1,0,1,0,0,0,0,-1,0,14,1,0,10,0,407.93
0,10,39,4,2,1,11,18,96,1,-1,0,17,0,0,0,0,-1,0,3,2,0,4,0,2243.63
0,12,0,0,0,0,12,0,1,0,-1,0,0,0,0,0,0,-1,0,20,0,0,23,0,232.19
0,5,0,0,0,0,10,9,18,1,-1,0,0,0,0,0,0,-1,0,13,0,0,18,0,1004.48
7,8,50,12,11,12,9,24,157,9,-1,12,50,4,1,8,0,-1,3,2,13,40,6,5,5274.18
6,4,31,9,38,33,9,18,164,2,-1,1,57,6,2,0,16,-1,0,4,25,50,11,6,2788.05
0,14,0,0,0,0,14,0,1,1,-1,0,0,0,0,0,0,-1,0,22,0,0,25,0,231.99
0,9,0,0,0,0,6,9,2,0,-1,0,0,0,0,0,0,-1,0,16,0,0,17,0,374.14
0,8,0,0,0,0,15,5,6,0,-1,0,1,0,0,0,0,-1,0,10,0,0,18,0,241.5
0,12,0,0,0,0,6,4,2,0,-1,0,0,0,0,0,0,-1,0,17,0,0,16,0,236.06
0,16,0,0,0,0,12,1,0,0,-1,0,0,0,0,0,0,-1,0,23,0,0,24,0,145.32
0,11,0,0,0,0,5,6,3,0,-1,0,0,0,0,0,0,-1,0,17,0,0,16,0,196.61
5,3,69,8,1,5,9,20,114,0,-1,0,63,0,1,2,0,-1,0,6,5,4,13,0,2521.57
0,12,0,0,0,0,6,25,8,0,-1,0,1,0,0,0,0,-1,0,12,0,0,7,0,660.91
0,7,5,0,1,4,0,25,39,4,-1,0,16,1,0,0,0,-1,0,11,5,0,11,0,2316.74
0,14,0,0,0,0,15,0,1,0,-1,0,0,0,0,0,0,-1,0,22,0,0,25,0,190.76
0,7,0,0,0,1,14,7,11,0,-1,0,2,0,0,0,0,-1,0,10,1,0,17,0,214.06
0,14,0,0,0,0,10,20,12,1,-1,0,1,0,0,0,0,-1,0,9,0,0,2,0,1162.71
0,18,0,0,0,0,13,5,2,0,-1,0,0,0,0,0,0,-1,0,15,0,0,7,0,212.32
47,2,75,4,5,17,6,29,163,2,-1,0,34,0,7,8,4,-1,4,6,5,18,10,1,3912.99
0,9,0,0,2,1,2,17,19,2,-1,0,0,0,0,0,0,-1,0,13,1,0,12,0,578.24
0,15,1,0,0,0,15,12,16,1,-1,0,0,0,0,0,0,-1,0,7,0,0,5,0,627.98
8,4,10,0,5,12,2,35,80,3,-1,0,56,0,0,2,4,-1,0,8,4,5,10,0,2419.87
7,6,12,0,3,12,2,34,70,0,-1,0,61,1,0,1,0,-1,0,8,4,2,9,0,2363.11
0,16,0,0,0,0,10,2,1,0,-1,0,0,0,0,0,0,-1,0,21,0,0,20,0,850.31
0,1,13,0,2,13,6,27,85,5,-1,4,63,1,0,0,0,-1,1,9,3,1,13,0,2809.88
0,4,0,0,0,0,6,16,25,0,-1,0,2,0,0,0,0,-1,0,12,1,0,16,0,1092.99
0,12,0,0,0,0,8,2,0,0,-1,0,0,0,0,0,0,-1,0,19,0,0,20,0,179.75
0,16,0,0,0,0,11,2,0,0,-1,0,0,0,0,0,0,-1,0,22,0,0,21,0,76.96
1,1,8,0,0,5,8,25,73,2,-1,0,47,0,0,1,0,-1,1,8,0,0,14,0,1376.61
3,9,76,0,5,4,12,18,122,1,-1,0,23,0,0,0,0,-1,1,1,11,20,7,0,2031.68
0,11,0,0,0,0,11,0,1,0,-1,0,0,0,0,0,0,-1,0,19,0,0,22,0,267.89
19,5,4,112,63,45,8,18,182,14,-1,50,37,10,4,6,58,-1,17,3,10,14,8,35,7998.61
6,8,69,0,0,5,6,37,119,1,-1,0,67,0,1,0,0,-1,0,5,0,6,5,0,3368.75
1,10,0,0,2,0,3,10,14,0,-1,0,0,0,0,0,0,-1,0,14,0,0,12,0,1467.01
0,9,6,0,0,4,5,35,38,1,-1,0,13,0,0,0,0,-1,0,8,0,1,5,0,2604.79
0,9,0,0,0,0,12,2,5,0,-1,0,0,0,0,0,0,-1,0,17,0,0,21,0,219.46
0,6,0,0,1,1,14,10,13,1,-1,0,2,0,0,0,0,-1,0,11,0,0,18,0,1792.21
19,3,30,4,3,23,4,32,109,4,-1,0,42,2,2,1,0,-1,1,8,7,3,10,0,2932.53
44,5,7,47,11,34,7,27,181,7,-1,17,30,0,3,6,0,-1,3,3,62,45,8,14,4741.28
0,13,1,0,0,0,15,16,23,0,-1,0,1,0,0,0,0,-1,0,5,0,1,6,0,870.86
0,13,0,0,0,0,10,25,14,1,-1,0,1,0,0,0,0,-1,0,9,0,0,1,0,506.81
0,14,0,0,0,0,7,16,5,0,-1,0,1,0,0,0,0,-1,0,14,0,0,9,0,247.89
0,4,0,0,0,0,11,15,25,0,-1,0,2,0,0,0,0,-1,0,12,0,0,17,0,792.99
0,10,0,0,0,0,15,1,5,1,-1,0,0,0,0,0,0,-1,0,18,0,0,23,0,230.5
0,12,0,0,0,0,6,4,2,0,-1,0,0,0,0,0,0,-1,0,18,0,0,17,0,186.7
21,5,7,106,59,36,8,20,183,16,-1,24,43,11,4,7,45,-1,18,2,13,14,8,27,7435.6
2,9,69,0,1,8,8,33,118,0,-1,0,31,0,0,0,0,-1,0,4,4,9,4,0,2429.89
38,3,78,8,3,19,5,33,158,2,-1,0,27,1,15,2,0,-1,2,6,10,11,10,4,3061.61
0,6,0,0,0,0,4,13,22,0,-1,0,6,0,0,0,0,-1,0,12,1,0,14,0,1197.92
1,14,2,0,0,0,16,13,13,0,-1,0,0,0,0,0,0,-1,0,5,0,0,8,0,641.7
0,2,0,0,0,1,9,25,43,4,-1,0,7,0,0,0,0,-1,0,10,0,0,16,0,1380.62
0,17,0,0,0,0,10,0,1,0,-1,0,0,0,0,0,0,-1,0,20,0,0,16,0,148.31
1,12,0,0,1,0,5,15,7,0,-1,0,0,0,0,0,0,-1,0,14,0,0,10,0,1653.2
4,2,11,0,2,20,4,27,86,3,-1,4,52,3,1,2,0,-1,0,9,2,2,12,0,2736.88
0,8,1,0,2,1,1,19,25,0,-1,0,4,1,0,0,0,-1,0,12,2,0,11,0,2005.66
0,21,0,0,0,0,23,1,0,0,-1,0,0,0,0,0,0,-1,0,13,0,0,13,0,326.2
7,5,81,0,2,37,5,31,157,7,-1,0,51,0,6,2,0,-1,0,6,2,10,7,0,3003.11
0,8,0,0,0,0,6,10,2,0,-1,0,0,0,0,0,0,-1,0,16,0,0,17,0,398.07
0,12,0,0,0,0,9,2,0,0,-1,0,0,0,0,0,0,-1,0,19,0,0,20,0,201.23
0,7,0,0,0,0,13,8,12,0,-1,0,0,0,0,0,0,-1,0,14,0,0,20,0,609.52
2,4,6,0,1,7,3,23,58,2,-1,0,37,0,0,1,0,-1,0,10,6,1,12,0,2512.91
0,16,0,0,0,0,10,12,3,0,-1,0,0,0,0,0,0,-1,0,14,0,0,7,0,799.53
0,10,1,0,1,0,2,16,21,3,-1,0,0,1,0,0,0,-1,0,13,3,0,11,0,1653.32
0,7,0,0,0,0,3,14,19,1,-1,0,1,0,0,0,0,-1,0,13,0,0,14,0,1711.28
0,7,0,0,0,0,2,16,24,0,-1,0,7,0,0,0,0,-1,0,13,2,0,13,0,550.68
0,13,0,0,0,0,6,14,5,1,-1,0,1,0,0,0,0,-1,0,14,1,0,10,0,391.7
0,9,0,0,0,0,4,11,5,0,-1,0,0,0,0,0,0,-1,0,15,0,0,15,0,383.35
0,14,0,0,0,0,21,2,1,0,-1,0,0,0,0,0,0,-1,0,16,0,0,24,0,595.22
1,5,0,0,0,0,12,12,18,1,-1,0,2,0,0,0,0,-1,0,10,1,0,17,0,1979.63
0,18,0,0,0,0,12,2,0,0,-1,0,0,0,0,0,0,-1,0,17,0,0,10,0,104.55
0,15,0,0,0,0,22,3,0,0,-1,0,0,0,0,0,0,-1,0,19,0,0,26,0,552.97
0,9,67,0,0,3,13,15,87,0,-1,0,16,0,0,0,0,-1,0,2,6,2,9,0,1934.86
0,6,0,0,0,0,8,6,6,0,-1,0,0,0,0,0,0,-1,0,15,0,0,18,0,751.05
0,18,0,0,0,0,12,0,1,0,-1,0,0,0,0,0,0,-1,0,23,0,0,21,0,102.48
0,18,0,0,0,0,11,1,1,0,-1,0,0,0,0,0,0,-1,0,19,0,0,13,0,266.61
0,13,1,0,0,0,13,15,28,1,-1,0,0,0,0,0,0,-1,1,6,0,0,4,0,543.53
0,14,0,0,0,0,9,20,5,0,-1,0,0,0,0,0,0,-1,0,13,0,0,6,0,575.04
15,6,14,56,36,13,9,21,181,15,-1,15,56,8,3,15,24,-1,6,1,32,33,7,15,8241.95
0,4,46,8,0,6,11,18,90,5,-1,0,36,0,1,0,0,-1,0,6,2,3,13,0,2481.33
0,17,0,0,0,0,11,4,0,0,-1,0,0,0,0,0,0,-1,0,16,0,0,9,0,134.14
0,15,0,0,0,0,9,20,5,0,-1,0,0,0,0,0,0,-1,0,13,0,0,6,0,233.46
0,17,0,0,0,0,9,2,1,0,-1,0,0,0,0,0,0,-1,0,18,0,0,13,0,1132.3
0,6,0,0,0,1,14,9,10,0,-1,0,2,0,0,0,0,-1,0,9,1,0,17,0,1742.28
24,5,4,130,60,40,8,20,184,18,-1,44,36,8,5,3,55,-1,16,3,14,19,9,32,5140.87
0,11,0,0,0,1,8,36,17,0,-1,0,1,0,0,0,0,-1,0,9,0,0,3,0,1241.57
0,7,0,0,0,0,14,10,12,0,-1,0,1,0,0,0,0,-1,0,13,1,0,19,0,1591.34
0,17,0,0,0,0,18,6,2,0,-1,0,1,0,0,0,0,-1,0,8,0,0,8,0,451.29
0,16,1,0,0,0,16,3,9,0,-1,0,0,0,0,0,0,-1,0,9,0,0,6,0,381.29
0,8,0,0,0,0,5,13,5,0,-1,0,0,0,0,0,0,-1,0,15,0,0,16,0,449.01
1,9,80,4,3,11,9,24,130,7,-1,4,27,1,1,1,0,-1,1,3,10,13,5,0,3557.81
0,17,0,0,0,0,13,11,3,0,-1,0,0,0,0,0,0,-1,0,13,0,0,5,0,262.21
0,15,0,0,0,0,8,3,1,0,-1,0,0,0,0,0,0,-1,0,20,0,0,18,0,916.12
0,7,0,0,0,0,4,12,10,0,-1,0,0,0,0,0,0,-1,0,14,0,0,15,0,863.11
0,13,0,0,0,0,10,2,0,0,-1,0,0,0,0,0,0,-1,0,20,0,0,21,0,220.37
1,12,0,0,1,0,5,17,9,0,-1,0,0,0,0,0,0,-1,0,13,0,0,10,0,1562.09
0,7,0,0,0,0,6,9,3,0,-1,0,0,0,0,0,0,-1,0,15,0,0,17,0,742.88
0,7,0,0,0,0,4,12,17,0,-1,0,1,0,0,0,0,-1,0,14,0,0,15,0,895.92
1,10,0,0,1,0,2,11,14,2,-1,0,0,0,0,0,0,-1,0,13,3,0,12,0,1592.05
4,7,17,0,0,4,5,34,78,1,-1,0,51,0,0,0,0,-1,0,7,1,1,6,0,2160.17
1,11,0,0,0,0,4,15,7,0,-1,0,0,1,0,0,0,-1,0,14,1,0,11,0,1219.46
0,12,0,0,0,0,7,24,7,0,-1,0,0,0,0,0,0,-1,0,12,0,0,6,0,699.35
0,6,0,0,0,0,1,17,32,2,-1,0,9,0,0,0,0,-1,0,12,3,0,12,0,1825.39
2,8,71,8,3,12,9,29,146,9,-1,8,45,1,1,3,4,-1,4,3,11,19,5,0,3820.2
0,12,0,0,0,1,8,34,13,0,-1,0,1,0,0,0,0,-1,0,9,0,0,3,0,491.2
0,17,0,0,0,0,10,0,1,0,-1,0,0,0,0,0,0,-1,0,20,0,0,16,0,176.93
0,11,0,0,1,1,4,19,11,0,-1,0,0,0,0,0,0,-1,0,13,0,0,9,0,1573.55
1,10,56,0,2,2,10,23,109,3,-1,0,25,0,0,0,0,-1,0,3,3,3,4,0,2234.39
0,15,0,0,0,0,23,1,0,0,-1,0,0,0,0,0,0,-1,0,17,0,0,25,0,180.32
38,3,24,36,36,33,8,20,188,8,-1,12,34,2,5,2,14,-1,2,4,37,23,10,9,4244.25
1,10,0,0,1,0,3,10,14,0,-1,0,0,0,0,0,0,-1,0,14,1,0,12,0,1485.81
0,18,0,0,0,0,13,4,2,0,-1,0,0,0,0,0,0,-1,0,16,0,0,8,0,130.9
0,6,0,0,0,0,11,7,11,1,-1,0,0,0,0,0,0,-1,0,14,0,0,19,0,1105.58
0,13,0,0,0,0,8,28,12,0,-1,0,1,0,0,0,0,-1,0,10,0,0,4,0,1199.44
4,3,8,0,4,12,3,27,73,1,-1,0,54,0,0,1,0,-1,1,9,3,1,12,0,2871.38
15,6,16,32,7,38,8,22,182,7,-1,0,48,3,2,6,8,-1,5,3,52,39,7,4,4799.56
12,5,11,107,14,13,10,11,166,18,-1,19,64,27,2,3,129,-1,13,2,14,26,9,16,5174.62
0,18,0,0,0,0,13,10,3,1,-1,0,0,0,0,0,0,-1,0,14,0,0,6,0,204.16
17,6,8,83,46,33,8,20,182,20,-1,6,48,6,9,8,32,-1,13,2,31,16,8,29,8255.16
6,8,76,8,3,11,8,30,151,6,-1,0,59,1,0,7,8,-1,3,3,6,19,5,0,3758.57
0,13,0,0,0,0,7,24,6,0,-1,0,0,0,0,0,0,-1,0,12,0,0,6,0,589.3
0,17,0,0,0,0,10,0,1,0,-1,0,0,0,0,0,0,-1,0,18,0,0,14,0,1104.0
0,13,0,0,0,0,10,1,0,0,-1,0,0,0,0,0,0,-1,0,20,0,0,21,0,196.95
1,6,0,0,0,0,14,9,15,1,-1,0,2,0,0,0,0,-1,0,10,1,0,17,0,1727.55
31,3,42,26,11,32,8,23,173,13,-1,8,40,3,3,5,4,-1,6,5,42,46,11,1,2371.83
16,6,15,32,12,35,8,23,183,12,-1,5,51,1,1,7,8,-1,8,2,60,32,7,9,6713.92
0,5,0,0,0,0,7,10,11,0,-1,0,0,0,0,0,0,-1,0,13,0,0,17,0,945.44
0,6,0,0,0,0,13,13,13,0,-1,0,2,0,0,0,0,-1,0,12,0,0,19,0,1897.92
36,4,14,12,3,38,6,26,191,10,-1,4,22,0,17,6,4,-1,4,4,32,49,8,8,2148.47
2,4,66,8,0,2,11,19,93,1,-1,4,42,0,0,0,0,-1,0,5,9,8,13,0,2281.32
0,14,0,0,0,0,8,11,2,0,-1,0,0,0,0,0,0,-1,0,14,0,0,9,0,282.03
1,9,70,0,2,5,10,21,113,2,-1,4,23,1,0,0,0,-1,1,2,7,11,5,0,2250.53
1,6,13,0,3,10,2,38,66,1,-1,0,50,0,0,0,0,-1,0,8,4,1,8,1,2309.67
12,5,10,188,22,18,9,13,177,15,-1,41,55,37,5,5,70,-1,23,2,5,16,9,25,9018.94
43,4,8,35,8,32,7,26,189,10,-1,22,26,1,13,5,4,-1,2,4,60,48,8,13,4410.63
0,13,0,0,0,0,7,17,5,0,-1,0,1,0,0,0,0,-1,0,13,0,0,8,0,560.45
0,10,4,0,0,2,6,36,34,3,-1,0,8,0,0,1,0,-1,0,8,0,0,4,0,1427.29
0,5,5,0,1,5,2,16,38,2,-1,0,18,0,0,0,0,-1,0,11,4,0,12,0,1399.62
0,18,0,0,0,0,13,8,3,0,-1,0,0,0,0,0,0,-1,0,14,0,0,7,0,242.17
1,8,13,0,0,7,5,34,59,0,-1,0,24,0,0,0,0,-1,0,7,0,1,5,0,2241.55
0,13,0,0,0,0,13,0,1,0,-1,0,0,0,0,0,0,-1,0,21,0,0,23,0,236.85
0,1,13,4,2,14,6,27,85,2,-1,4,62,1,0,0,0,-1,1,9,4,1,13,0,2866.59
0,7,0,0,0,0,13,6,11,0,-1,0,0,0,0,0,0,-1,0,14,0,0,20,0,630.99
0,15,0,0,0,0,14,0,1,1,-1,0,0,0,0,0,0,-1,0,23,0,0,25,0,170.99
0,18,0,0,0,0,13,9,3,0,-1,0,0,0,0,0,0,-1,0,14,0,0,6,0,244.91
0,17,0,0,0,0,10,3,1,0,-1,0,0,0,0,0,0,-1,0,17,0,0,12,0,320.45
14,3,17,4,5,16,4,29,88,1,-1,0,50,1,0,1,0,-1,0,8,5,2,11,0,2805.0
0,12,0,0,0,1,5,5,7,0,-1,0,0,0,0,0,0,-1,0,15,1,0,12,0,1594.4
0,6,0,0,0,0,8,8,6,0,-1,0,0,0,0,0,0,-1,0,14,0,0,18,0,783.69
7,7,60,16,6,13,8,30,161,7,-1,8,59,2,2,5,8,-1,4,3,10,38,5,0,5237.47
0,15,0,0,0,0,22,3,0,0,-1,0,0,0,0,0,0,-1,0,18,0,0,26,0,625.7
0,8,7,0,0,2,4,34,40,0,-1,0,19,0,0,0,0,-1,1,9,1,0,7,0,2313.76
12,7,13,45,53,13,9,19,175,17,-1,6,55,7,3,9,24,-1,11,1,18,33,7,14,8160.32
0,10,1,0,0,0,4,33,22,0,-1,0,5,0,0,0,0,-1,0,10,1,0,7,0,1672.87
0,14,0,0,0,0,13,0,1,0,-1,0,0,0,0,0,0,-1,0,22,0,0,24,0,185.64
0,12,0,0,0,0,19,3,1,0,-1,0,0,0,0,0,0,-1,0,16,0,0,24,0,584.2
1,2,7,0,2,4,5,24,75,2,-1,0,54,1,0,0,0,-1,0,10,2,0,13,0,1362.85
0,16,0,0,0,0,10,4,1,0,-1,0,0,0,0,0,0,-1,0,16,0,0,10,0,318.76
0,10,0,0,0,0,3,9,12,0,-1,0,1,0,0,0,0,-1,0,15,0,0,14,0,463.89
0,17,0,0,0,0,20,5,1,0,-1,0,1,0,0,0,0,-1,0,9,0,0,11,0,567.43
4,8,73,8,3,12,9,30,155,9,-1,4,52,2,1,8,4,-1,3,3,10,21,5,0,4090.02
19,4,65,4,3,49,4,36,142,3,-1,0,31,1,2,0,4,-1,0,6,4,9,8,2,2843.28
1,4,0,0,0,1,11,19,30,0,-1,0,5,0,0,0,0,-1,0,10,0,0,16,0,645.37
0,6,0,0,0,0,13,12,12,0,-1,0,2,0,0,0,0,-1,0,12,1,0,19,0,1690.42
0,10,0,0,1,0,2,14,19,2,-1,0,0,1,1,0,0,-1,0,13,3,0,11,0,1657.68
38,2,36,12,4,24,7,23,178,9,-1,4,34,3,15,15,8,-1,6,5,27,54,10,2,3647.53
0,15,0,0,0,0,9,3,1,0,-1,0,0,0,0,0,0,-1,0,21,0,0,19,0,929.73
0,9,0,0,0,0,4,11,6,0,-1,0,0,0,0,0,0,-1,0,15,0,0,15,0,392.5
0,18,0,0,0,0,11,1,1,0,-1,0,0,0,0,0,0,-1,0,18,0,0,13,0,264.09
0,9,0,0,0,0,2,15,16,0,-1,0,1,0,0,0,0,-1,0,14,3,0,13,0,498.16
2,8,68,12,5,12,9,29,157,8,-1,8,53,1,1,7,4,-1,6,3,11,29,5,0,4806.69
1,12,3,0,0,0,14,12,27,0,-1,0,3,0,0,1,0,-1,0,3,0,0,8,0,934.99
0,14,0,0,0,0,10,2,0,0,-1,0,0,0,0,0,0,-1,0,21,0,0,21,0,94.95
0,13,0,0,0,0,11,1,1,0,-1,0,0,0,0,0,0,-1,0,21,0,0,22,0,192.22
0,16,0,0,0,0,9,5,2,0,-1,0,0,0,0,0,0,-1,0,16,0,0,11,0,330.65
21,3,68,16,6,18,6,29,180,10,-1,0,32,1,28,9,0,-1,3,6,4,30,10,4,3129.69
0,16,0,0,0,0,10,10,3,0,-1,0,0,0,0,0,0,-1,0,14,0,0,7,0,299.89
0,9,0,0,1,0,16,5,4,1,-1,0,0,0,0,0,0,-1,0,14,0,0,21,0,771.84
0,15,0,0,0,0,11,15,9,0,-1,0,0,0,0,0,0,-1,0,10,0,0,2,0,471.17
0,20,0,0,0,0,13,0,0,0,-1,0,0,0,0,0,0,-1,0,19,0,0,13,0,211.14
0,12,0,0,0,0,5,5,3,0,-1,0,0,0,0,0,0,-1,0,17,0,0,16,0,1011.42
0,12,0,0,1,1,5,16,5,0,-1,0,0,0,0,0,0,-1,0,14,0,0,10,0,1657.68
0,5,0,0,1,0,4,15,29,0,-1,0,8,0,0,0,0,-1,0,12,0,0,14,0,1362.47
0,20,0,0,0,0,21,2,0,0,-1,0,0,0,0,0,0,-1,0,11,0,0,12,0,421.17
6,6,9,0,3,7,2,33,61,0,-1,0,55,2,0,1,0,-1,0,9,3,3,9,0,2605.45
0,16,0,0,0,0,11,2,0,0,-1,0,0,0,0,0,0,-1,0,22,0,0,21,0,89.93
0,20,0,0,0,0,13,0,1,0,-1,0,0,0,0,0,0,-1,0,23,0,0,19,0,167.61
0,5,0,0,0,1,13,12,17,0,-1,0,2,0,0,0,0,-1,0,11,1,0,18,0,638.61
0,15,0,0,0,0,8,2,1,0,-1,0,0,0,0,0,0,-1,0,18,0,0,15,0,1015.57
0,13,0,0,0,0,9,2,0,0,-1,0,0,0,0,0,0,-1,0,20,0,0,20,0,94.64
1,2,1,0,0,0,9,25,54,0,-1,0,18,0,0,1,0,-1,0,9,0,0,15,0,1373.8
17,6,10,20,14,45,8,22,184,11,-1,9,42,2,2,6,20,-1,8,3,62,24,7,14,5719.07
0,8,1,0,3,1,1,17,25,0,-1,0,4,0,0,0,0,-1,0,12,2,0,12,0,1823.77
0,17,0,0,0,0,18,5,3,0,-1,0,0,0,0,0,0,-1,0,9,0,0,8,0,306.88
0,5,0,0,0,0,9,11,15,0,-1,0,0,0,0,0,0,-1,0,13,0,0,18,0,966.31
0,14,0,0,0,0,18,0,1,0,-1,0,0,0,0,0,0,-1,0,21,0,0,27,0,204.46
1,13,1,0,0,0,15,13,14,0,-1,0,0,0,0,0,0,-1,0,5,0,1,8,0,825.67
0,8,0,0,0,0,16,4,5,0,-1,0,1,0,0,0,0,-1,0,11,1,0,18,0,231.92
0,9,17,0,0,1,7,38,69,2,-1,0,19,0,0,0,0,-1,0,6,0,0,3,0,1796.37
11,5,10,205,28,41,9,15,174,13,-1,10,44,33,7,2,73,-1,14,3,12,18,9,26,10041.79
44,5,7,29,21,31,7,27,184,11,-1,10,30,0,6,3,31,-1,5,3,63,26,8,28,4740.04
2,5,12,0,0,1,12,16,61,1,-1,0,12,0,0,0,0,-1,0,7,0,0,14,0,506.86
0,12,0,0,0,0,17,0,2,0,-1,0,0,0,0,0,0,-1,0,20,0,0,26,0,237.41
0,11,0,0,0,0,6,4,3,0,-1,0,0,0,0,0,0,-1,0,17,0,0,16,0,208.87
0,11,1,0,0,0,7,35,16,0,-1,0,4,0,0,0,0,-1,0,9,0,0,4,0,711.76
0,4,0,0,0,0,10,17,24,0,-1,0,2,0,0,0,0,-1,0,12,0,0,17,0,1099.05
0,14,0,0,0,0,12,15,16,0,-1,0,0,0,0,0,0,-1,0,9,0,0,1,0,516.84
1,9,1,0,2,0,1,18,24,0,-1,0,4,0,0,0,0,-1,0,12,2,0,11,0,1965.15
0,16,0,0,0,0,9,4,1,0,-1,0,0,0,0,0,0,-1,0,17,0,0,12,0,1382.42
0,14,0,0,0,0,8,24,6,0,-1,0,0,0,0,0,0,-1,0,12,0,0,5,0,293.98
13,6,9,90,55,13,9,19,176,14,-1,18,57,11,6,12,24,-1,15,1,15,27,8,14,8146.84
33,1,73,8,5,31,6,29,132,3,-1,0,34,1,4,2,0,-1,1,7,5,9,11,0,3224.52
1,13,1,0,0,0,15,13,14,0,-1,0,0,0,0,0,0,-1,0,5,0,1,8,0,893.77
30,3,38,26,17,33,8,21,174,7,-1,0,40,2,1,4,8,-1,5,4,48,41,10,2,5092.97
0,15,0,0,0,0,11,17,8,0,-1,0,0,0,0,0,0,-1,0,11,0,0,3,0,257.8
6,6,10,0,3,9,2,33,64,0,-1,0,58,2,0,1,0,-1,0,8,3,2,9,0,2594.04
45,4,5,52,18,29,7,26,190,14,-1,18,29,1,8,3,13,-1,4,3,64,33,8,23,4282.87
0,14,0,0,0,0,8,24,6,0,-1,0,0,0,0,0,0,-1,0,12,0,0,5,0,691.29
0,17,0,0,0,0,20,4,1,0,-1,0,1,0,0,0,0,-1,0,9,0,0,12,0,459.31
0,15,0,0,0,0,10,23,4,0,-1,0,0,0,0,0,0,-1,0,12,0,0,5,0,698.22
0,15,2,0,0,0,16,13,15,0,-1,0,1,0,0,0,0,-1,0,6,0,0,7,0,530.54
0,13,0,0,0,0,7,19,5,0,-1,0,1,0,0,0,0,-1,0,13,0,0,8,0,268.45
7,0,55,0,4,36,7,27,127,6,-1,4,46,0,0,0,4,-1,1,7,4,2,12,0,3365.31
0,11,1,0,0,0,6,34,16,1,-1,0,2,0,0,0,0,-1,0,10,0,0,5,0,701.86
0,17,0,0,0,0,14,12,12,0,-1,0,0,0,0,0,0,-1,0,11,0,0,4,0,240.4
0,8,0,0,0,0,15,9,9,0,-1,0,1,0,0,0,0,-1,0,13,1,0,20,0,631.34
0,13,0,0,0,0,12,0,1,0,-1,0,0,0,0,0,0,-1,0,21,0,0,23,0,269.29
0,17,0,0,0,0,9,0,2,0,-1,0,0,0,0,0,0,-1,0,19,0,0,14,0,200.2
3,8,51,32,13,11,10,17,148,10,-1,1,37,7,3,7,0,-1,3,0,45,33,7,1,2913.18
0,14,0,0,0,0,21,3,1,0,-1,0,0,0,0,0,0,-1,0,18,0,0,26,0,537.23
0,9,1,0,0,0,5,35,22,0,-1,0,8,0,0,0,0,-1,0,9,1,1,6,0,1717.36
0,17,0,0,0,0,11,4,1,0,-1,0,0,0,0,0,0,-1,0,16,0,0,9,0,619.35
0,9,0,0,0,0,14,2,5,0,-1,0,0,0,0,0,0,-1,0,17,0,0,22,0,299.9
3,8,82,4,2,11,8,31,136,1,-1,0,39,0,0,0,0,-1,2,4,6,14,4,0,2719.42
0,6,0,0,0,0,11,6,11,2,-1,0,0,0,0,0,0,-1,0,14,0,0,19,0,1065.73
0,9,18,0,0,1,7,38,73,2,-1,0,21,0,0,0,0,-1,0,6,0,0,3,0,1833.68
0,13,0,0,0,0,8,22,5,0,-1,0,0,0,0,0,0,-1,0,12,0,0,6,0,565.17
0,7,0,0,0,0,12,5,7,1,-1,0,0,0,0,0,0,-1,0,15,0,0,21,0,961.94
0,15,0,0,0,0,11,17,9,0,-1,0,0,0,0,0,0,-1,0,10,0,0,3,0,520.29
0,4,0,0,0,1,11,15,22,0,-1,0,2,0,0,0,0,-1,0,11,0,0,17,0,1064.44
0,13,1,0,0,0,14,16,24,0,-1,0,1,0,0,0,0,-1,0,5,0,1,6,0,635.8
0,8,0,0,0,0,2,15,19,0,-1,0,2,0,0,0,0,-1,0,13,3,0,13,0,452.93
0,13,0,0,0,0,11,1,1,0,-1,0,0,0,0,0,0,-1,0,20,0,0,22,0,202.62
1,8,9,0,0,3,5,34,57,0,-1,0,23,0,0,0,0,-1,0,8,0,0,6,0,2503.57
0,17,0,0,0,0,11,6,1,0,-1,0,0,0,0,0,0,-1,0,15,0,0,8,0,110.1
0,15,0,0,0,0,13,15,14,0,-1,0,0,0,0,0,0,-1,0,9,0,0,2,0,429.29
0,8,8,0,0,4,5,35,41,0,-1,0,18,0,0,0,0,-1,0,8,0,1,6,0,1987.29
0,11,0,0,0,0,9,2,0,0,-1,0,0,0,0,0,0,-1,0,19,0,0,20,0,197.5
21,5,80,8,2,51,5,31,170,3,-1,4,32,1,3,2,0,-1,1,6,3,18,8,1,3231.03
2,4,67,12,10,11,10,20,137,7,-1,4,67,0,1,0,0,-1,4,4,50,24,12,0,3908.49
14,6,9,87,52,17,9,23,186,12,-1,9,62,5,8,14,24,-1,12,2,25,20,7,30,5727.52
13,3,16,0,5,14,4,29,86,1,-1,0,53,1,1,1,0,-1,0,8,5,2,11,0,2860.13
0,4,3,0,1,1,4,20,38,0,-1,0,20,0,0,0,0,-1,1,11,2,0,13,0,2257.77
0,15,0,0,0,0,13,0,1,0,-1,0,0,0,0,0,0,-1,0,23,0,0,25,0,165.41
0,14,0,0,0,0,11,17,12,0,-1,0,1,0,0,0,0,-1,0,10,0,0,2,0,1159.17
0,7,0,0,0,0,2,16,24,0,-1,0,7,0,0,0,0,-1,0,13,2,0,13,0,586.47
0,13,1,0,0,0,16,13,14,0,-1,0,0,0,1,0,0,-1,0,4,0,1,9,0,785.18
0,6,0,0,0,1,13,12,14,0,-1,0,2,0,0,0,0,-1,0,11,1,0,18,0,614.83
18,5,6,79,34,42,8,22,182,20,-1,31,40,4,6,9,16,-1,9,2,46,18,7,20,6907.6
9,5,7,189,45,44,9,15,181,24,-1,45,40,22,10,6,55,-1,16,2,8,18,9,32,5609.18
0,16,0,0,0,0,11,1,0,0,-1,0,0,0,0,0,0,-1,0,22,0,0,22,0,187.42
11,3,42,4,6,40,4,35,114,5,-1,0,32,1,10,1,0,-1,3,7,4,3,10,1,2569.95
0,11,0,0,0,0,4,8,7,0,-1,0,1,0,0,0,0,-1,0,15,0,0,14,0,1384.77
8,4,28,89,51,30,9,17,170,12,-1,7,60,6,3,2,14,-1,3,3,10,41,10,3,4659.89
0,6,0,0,0,0,3,13,23,0,-1,0,6,0,0,0,0,-1,0,12,0,0,14,0,514.78
1,10,0,0,2,0,3,13,18,0,-1,0,0,0,0,0,0,-1,0,13,2,0,12,0,463.29
0,15,0,0,0,0,14,0,1,0,-1,0,0,0,0,0,0,-1,0,23,0,0,25,0,215.06
0,17,0,0,0,0,12,6,2,0,-1,0,0,0,0,0,0,-1,0,15,0,0,8,0,231.12
0,1,2,0,0,0,7,28,51,0,-1,0,33,0,0,0,0,-1,0,10,2,0,14,0,1277.1
0,11,0,0,1,1,5,22,11,0,-1,0,0,0,0,0,0,-1,0,13,0,0,9,0,1595.95
22,2,59,0,2,35,4,33,133,0,-1,0,27,1,11,1,8,-1,0,7,8,5,10,0,3061.93
0,15,0,0,0,0,8,2,2,0,-1,0,0,0,0,0,0,-1,0,18,0,0,13,0,154.63
0,14,0,0,0,0,12,0,1,0,-1,0,0,0,0,0,0,-1,0,21,0,0,23,0,203.54
0,12,0,0,0,0,6,23,9,1,-1,0,1,0,0,0,0,-1,0,13,0,0,8,0,384.46
4,5,7,4,1,6,1,28,65,3,-1,0,43,1,0,1,0,-1,0,9,6,0,11,0,2331.28
0,20,0,0,0,0,20,0,0,0,-1,0,0,0,0,0,0,-1,0,11,0,0,10,0,363.76
0,10,1,0,0,0,6,34,17,0,-1,0,5,0,0,0,0,-1,0,9,0,0,5,0,710.56
1,13,1,0,0,0,15,13,15,0,-1,0,0,0,0,0,0,-1,0,4,0,1,8,0,825.46
0,14,0,0,0,0,10,21,12,1,-1,0,1,0,0,0,0,-1,0,10,0,0,2,0,1137.01
0,16,0,0,0,0,10,2,0,0,-1,0,0,0,0,0,0,-1,0,22,0,0,21,0,91.74
0,12,1,0,0,0,14,16,29,0,-1,0,2,0,0,0,0,-1,0,4,0,2,7,0,962.19
2,9,78,0,2,6,9,25,123,1,-1,4,29,2,0,1,0,-1,0,3,3,11,4,0,2457.49
0,7,0,0,0,0,2,17,23,1,-1,0,6,0,0,0,0,-1,0,13,3,0,13,0,1759.35
0,17,0,0,0,0,10,0,1,0,-1,0,0,0,0,0,0,-1,0,19,0,0,14,0,1265.13
0,10,0,0,0,0,8,2,0,0,-1,0,0,0,0,0,0,-1,0,18,0,0,19,0,204.9
0,5,0,0,0,0,8,10,15,0,-1,0,0,0,0,0,0,-1,0,13,0,0,17,0,1085.45
0,3,0,0,0,1,9,23,33,0,-1,0,6,0,0,0,0,-1,0,10,0,0,16,0,1217.47
5,7,38,16,26,12,11,14,146,5,-1,0,37,5,3,3,12,-1,6,0,40,47,8,2,7282.63
0,11,10,0,0,0,12,15,64,1,-1,0,6,0,0,0,0,-1,0,4,1,1,4,0,1533.28
1,1,3,0,0,2,8,25,57,1,-1,0,24,0,0,2,0,-1,1,9,0,0,14,0,1222.01
0,13,1,0,0,0,17,13,12,0,-1,0,0,0,0,0,0,-1,0,5,0,0,10,0,795.49
1,3,0,0,0,1,10,21,38,0,-1,0,5,0,0,1,0,-1,0,10,0,0,16,0,1186.8
0,11,1,0,0,0,5,29,14,0,-1,0,1,0,0,0,0,-1,0,11,0,0,7,0,1638.75
15,6,18,52,23,13,9,25,182,22,-1,16,61,3,6,17,20,-1,14,2,48,32,7,11,7518.33
0,17,0,0,0,0,10,4,1,0,-1,0,0,0,0,0,0,-1,0,16,0,0,10,0,358.97
0,5,0,0,0,0,6,13,18,0,-1,0,1,0,0,0,0,-1,0,13,1,0,16,0,813.25
4,4,8,0,4,11,2,34,77,5,-1,0,58,0,4,2,4,-1,0,9,4,4,10,0,2381.14
0,10,1,0,0,0,4,33,21,0,-1,0,3,0,0,0,0,-1,0,10,1,0,7,0,1654.81
0,9,0,0,3,1,2,18,19,2,-1,0,0,0,0,0,0,-1,0,13,0,0,12,0,527.03
0,21,0,0,0,0,22,1,0,0,-1,0,0,0,0,0,0,-1,0,13,0,0,12,0,351.9
10,5,7,184,51,44,9,16,180,24,-1,39,41,14,10,5,59,-1,14,3,11,18,9,32,7559.18
0,18,0,0,0,0,11,0,1,0,-1,0,0,0,0,0,0,-1,0,21,0,0,17,0,171.78
4,3,69,8,7,11,10,21,134,1,-1,0,66,0,0,0,0,-1,1,5,33,16,12,0,2034.02
0,17,0,0,0,0,10,0,1,0,-1,0,0,0,0,0,0,-1,0,20,0,0,16,0,153.25
0,17,0,0,0,0,13,12,3,0,-1,0,0,0,0,0,0,-1,0,13,0,0,6,0,221.46
0,7,0,0,0,0,13,6,10,0,-1,0,0,0,0,0,0,-1,0,14,0,0,20,0,551.91
0,7,0,0,0,1,14,9,12,0,-1,0,1,1,0,0,0,-1,0,11,0,0,18,0,1660.78
0,7,0,0,0,0,14,7,12,1,-1,0,0,0,0,0,0,-1,0,14,0,0,20,0,556.45
0,8,0,0,0,0,5,12,2,0,-1,0,0,0,0,0,0,-1,0,15,0,0,16,0,791.13
0,6,0,0,0,0,12,7,11,0,-1,0,0,0,0,0,0,-1,0,14,0,0,19,0,1057.11
1,8,66,0,1,11,8,29,111,1,-1,0,29,0,0,1,0,-1,0,5,2,4,4,0,2394.36
0,14,0,0,0,0,11,17,9,0,-1,0,0,0,0,0,0,-1,0,10,0,0,3,0,525.21
2,2,12,0,2,18,4,26,80,2,-1,4,54,2,1,1,0,-1,0,9,3,1,12,0,2916.96
0,16,0,0,0,0,11,8,3,0,-1,0,0,0,0,0,0,-1,0,14,0,0,7,0,219.8
20,5,4,128,63,42,8,21,183,14,-1,40,39,10,4,6,50,-1,12,3,10,14,8,32,7937.64
1,11,0,0,0,0,4,16,9,0,-1,0,0,1,0,0,0,-1,0,13,1,0,10,0,1546.1
0,14,0,0,0,0,9,20,5,0,-1,0,0,0,0,0,0,-1,0,13,0,0,6,0,737.12
0,13,0,0,0,0,6,4,5,0,-1,0,1,0,0,0,0,-1,0,17,0,0,15,0,1006.71
0,16,0,0,0,0,9,2,1,0,-1,0,0,0,0,0,0,-1,0,18,0,0,12,0,1144.76
0,8,0,0,0,0,13,3,7,1,-1,0,0,0,0,0,0,-1,0,16,0,0,21,0,229.11
1,9,73,0,2,5,10,21,112,3,-1,4,25,1,0,1,0,-1,1,2,8,12,5,0,991.72
0,8,0,0,0,0,8,2,0,0,-1,0,0,0,0,0,0,-1,0,16,0,0,18,0,793.03
0,14,0,0,0,0,7,4,6,0,-1,4,1,0,0,0,0,-1,0,17,0,0,14,0,1086.09
2,4,65,8,0,5,11,18,95,5,-1,0,40,0,0,0,0,-1,0,6,7,8,13,0,2771.5
0,16,0,0,0,0,9,5,2,0,-1,0,0,0,0,0,0,-1,0,15,0,0,9,0,377.53
0,5,0,0,0,0,10,8,11,1,-1,0,0,0,0,0,0,-1,0,13,0,0,18,0,821.16
1,8,9,0,0,4,5,34,52,1,-1,0,15,0,0,0,0,-1,0,7,0,1,5,0,2553.13
0,14,0,0,0,0,8,3,1,0,-1,0,0,0,0,0,0,-1,0,19,0,0,17,0,985.74
0,12,0,0,1,1,5,11,7,0,-1,0,0,0,0,0,0,-1,0,14,0,0,11,0,468.08
0,7,0,0,1,0,1,17,24,1,-1,0,7,0,0,0,0,-1,0,12,2,0,13,0,1626.63
0,6,0,0,0,0,7,8,2,0,-1,0,0,0,0,0,0,-1,0,14,0,0,17,0,826.45
0,1,5,0,1,1,6,28,57,1,-1,0,46,0,0,0,0,-1,0,10,3,0,14,0,2757.62
0,13,1,0,0,0,14,15,28,0,-1,0,0,0,0,0,0,-1,0,6,0,0,4,0,465.18
0,5,0,0,0,1,12,13,20,0,-1,0,2,0,0,0,0,-1,0,11,0,0,17,0,1176.15
0,10,0,0,0,0,17,5,3,0,-1,0,0,0,0,0,0,-1,0,14,1,0,21,0,222.36
23,5,8,103,54,33,8,20,184,20,-1,24,44,5,8,6,26,-1,15,2,24,15,8,20,8056.86
0,13,0,0,0,0,10,2,0,0,-1,0,0,0,0,0,0,-1,0,20,0,0,21,0,120.66
0,7,0,0,0,0,4,12,17,0,-1,0,0,0,0,0,0,-1,0,14,0,0,15,0,538.27
0,19,0,0,0,0,20,1,0,0,-1,0,0,0,0,0,0,-1,0,11,0,0,10,0,446.29
0,18,0,0,0,0,13,0,0,0,-1,0,0,0,0,0,0,-1,0,24,0,0,23,0,114.64
0,17,0,0,0,0,19,6,1,0,-1,0,1,0,0,0,0,-1,0,9,0,0,10,0,458.27
1,8,79,4,4,12,9,28,133,8,-1,4,28,0,1,0,0,-1,2,3,6,16,4,0,2759.83
0,12,6,0,0,0,14,16,45,1,-1,0,6,0,0,0,0,-1,0,3,0,1,7,0,1029.01
16,1,73,8,5,44,6,29,137,3,-1,0,35,0,2,3,0,-1,2,7,5,9,11,0,4170.51
1,12,0,0,1,0,4,5,7,0,-1,0,0,0,0,0,0,-1,0,15,1,0,12,0,1062.64
0,13,1,0,0,1,16,13,14,0,-1,0,0,0,0,0,0,-1,0,5,0,1,8,0,785.96
1,4,4,0,0,1,12,16,38,1,-1,0,7,0,1,0,0,-1,0,8,0,0,15,0,1078.36
0,13,0,0,0,0,12,0,1,0,-1,0,0,0,0,0,0,-1,0,21,0,0,24,0,197.32
0,8,1,0,1,1,1,19,28,0,-1,0,5,2,0,0,0,-1,0,12,2,0,11,0,1853.87
0,11,0,0,0,0,5,6,3,0,-1,0,0,0,0,0,0,-1,0,17,0,0,16,0,189.98
0,19,0,0,0,0,21,3,0,0,-1,0,0,0,0,0,0,-1,0,11,0,0,12,0,545.57
0,8,0,0,0,0,15,5,5,0,-1,0,1,0,0,0,0,-1,0,10,1,0,18,0,240.72
40,4,23,16,3,36,6,26,190,11,-1,0,23,0,14,5,4,-1,4,4,23,42,8,4,3591.77
0,14,0,0,0,0,9,24,8,0,-1,0,0,0,0,0,0,-1,0,11,0,0,5,0,266.61
0,9,1,0,1,0,4,33,31,0,-1,0,8,0,0,0,0,-1,0,10,0,1,7,0,1866.79
0,17,0,0,0,0,17,1,7,1,-1,0,0,0,0,0,0,-1,0,10,0,0,6,0,451.12
0,13,0,0,0,0,6,15,5,0,-1,0,1,0,0,0,0,-1,0,14,1,0,9,0,409.55
0,18,0,0,0,0,14,0,0,0,-1,0,0,0,0,0,0,-1,0,25,0,0,24,0,86.16
0,9,0,0,0,1,3,11,14,0,-1,0,0,0,0,0,0,-1,0,14,3,0,13,0,448.71
0,6,0,0,0,0,11,7,11,2,-1,0,0,0,0,0,0,-1,0,14,0,0,19,0,794.36
0,11,0,0,0,0,6,5,1,0,-1,0,0,0,0,0,0,-1,0,17,0,0,17,0,230.46
0,12,0,0,0,1,9,34,17,0,-1,0,1,0,0,0,0,-1,0,8,0,0,2,0,536.93
0,12,0,0,0,0,11,1,1,0,-1,0,0,0,0,0,0,-1,0,20,0,0,22,0,194.42
42,4,11,60,16,23,7,24,194,9,-1,21,32,0,13,3,0,-1,5,4,58,30,9,13,4608.82
33,4,13,38,6,33,7,26,192,11,-1,22,22,2,23,4,4,-1,2,4,59,46,9,8,4708.59
0,16,0,0,0,0,14,11,14,0,-1,0,0,0,0,0,0,-1,0,10,0,0,3,0,226.61
2,1,72,8,3,11,8,24,120,3,-1,0,69,0,4,1,0,-1,1,7,1,3,12,0,2380.29
0,16,1,0,0,0,17,9,9,0,-1,0,0,0,0,0,0,-1,0,8,0,0,7,0,490.15
0,16,0,0,0,0,13,12,9,0,-1,0,0,0,0,0,0,-1,0,11,0,0,3,0,282.51
1,12,0,0,1,0,4,8,7,0,-1,0,0,0,0,0,0,-1,0,14,1,0,11,0,1149.36
0,15,0,0,0,0,8,5,4,1,-1,0,0,0,0,0,0,-1,0,15,0,0,10,0,1174.96
0,14,0,0,0,0,21,3,1,0,-1,0,0,0,0,0,0,-1,0,19,0,0,26,0,714.08
0,5,0,0,0,0,7,13,12,0,-1,0,1,0,0,0,0,-1,0,13,0,0,16,0,940.84
11,4,27,89,54,35,9,17,174,16,-1,6,53,5,3,2,14,-1,5,4,10,41,10,3,7525.9
0,15,0,0,0,0,8,1,2,0,-1,0,0,0,0,0,0,-1,0,18,0,0,15,0,161.62
0,4,0,0,0,0,10,17,25,1,-1,0,2,0,0,0,0,-1,0,12,0,0,17,0,1138.12
0,15,0,0,0,0,7,3,4,0,-1,0,1,0,0,0,0,-1,0,17,0,0,13,0,1206.83
0,6,0,0,0,0,10,5,10,0,-1,0,0,0,0,0,0,-1,0,14,0,0,19,0,706.4
0,16,0,0,0,0,11,7,3,0,-1,0,0,0,0,0,0,-1,0,14,0,0,7,0,218.82
0,15,0,0,0,0,13,0,1,0,-1,0,0,0,0,0,0,-1,0,23,0,0,24,0,188.17
1,6,12,0,3,14,3,39,72,1,-1,0,62,0,0,0,0,-1,2,8,3,2,8,0,2423.07
0,13,0,0,0,0,9,27,12,0,-1,0,1,0,0,0,0,-1,0,11,0,0,4,0,1251.93
0,16,0,0,0,0,11,1,0,0,-1,0,0,0,0,0,0,-1,0,22,0,0,22,0,192.44
0,12,0,0,0,0,12,0,1,0,-1,0,0,0,0,0,0,-1,0,20,0,0,23,0,140.7
0,13,0,0,0,0,13,0,1,0,-1,0,0,0,0,0,0,-1,0,21,0,0,24,0,168.05
0,14,0,0,0,0,10,2,0,0,-1,0,0,0,0,0,0,-1,0,21,0,0,21,0,92.57
0,10,0,0,0,0,6,5,1,0,-1,0,0,0,0,0,0,-1,0,17,0,0,17,0,471.51
2,8,72,8,3,12,9,30,150,9,-1,8,46,1,1,4,4,-1,4,3,11,19,5,0,3842.18
1,2,7,0,3,4,5,24,71,1,-1,0,47,0,0,0,0,-1,0,10,1,0,13,0,2615.98
0,16,0,0,0,0,9,7,2,0,-1,0,0,0,0,0,0,-1,0,14,0,0,8,0,255.12
0,10,37,4,2,1,11,18,96,1,-1,0,17,0,0,0,0,-1,0,3,1,1,4,0,2836.7
0,7,5,0,1,0,0,20,38,3,-1,0,19,2,0,0,0,-1,0,11,4,0,11,0,2155.17
18,3,15,4,3,13,4,27,96,2,-1,0,50,1,1,1,0,-1,1,8,7,5,11,0,2807.26
0,9,0,0,0,0,13,2,5,0,-1,0,0,0,0,0,0,-1,0,17,0,0,22,0,234.02
0,10,5,0,0,2,6,36,27,1,-1,0,9,0,0,0,0,-1,1,8,0,0,4,0,1527.43
3,8,14,0,0,5,5,34,67,0,-1,0,25,0,0,0,0,-1,0,7,0,1,5,0,2893.02
0,8,0,0,0,0,15,6,8,0,-1,0,2,0,0,0,0,-1,0,10,1,0,18,0,182.25
0,2,4,0,2,1,5,25,54,1,-1,0,37,0,0,0,0,-1,0,10,2,0,14,0,2444.45
0,6,0,0,0,0,3,13,23,0,-1,0,6,0,0,0,0,-1,0,12,1,0,14,0,553.5
0,8,1,0,3,1,2,30,35,0,-1,0,10,0,0,0,0,-1,0,11,1,1,9,0,1844.74
0,8,0,0,0,0,4,13,11,0,-1,0,0,0,0,0,0,-1,0,15,0,0,15,0,454.28
0,10,0,0,0,1,3,9,14,0,-1,0,0,0,0,0,0,-1,0,14,2,0,13,0,517.97
0,6,0,0,0,0,11,7,11,1,-1,0,0,0,0,0,0,-1,0,14,0,0,19,0,735.57
0,16,0,0,0,0,12,1,0,0,-1,0,0,0,0,0,0,-1,0,23,0,0,23,0,145.1
0,7,5,0,1,2,2,40,52,3,-1,0,28,0,0,0,0,-1,0,9,7,0,8,0,2131.97
1,4,7,0,3,5,2,24,49,3,-1,0,30,0,0,1,0,-1,1,10,4,0,12,0,2572.84
0,9,0,0,0,0,16,4,3,0,-1,0,0,0,0,0,0,-1,0,15,0,0,22,0,564.29
0,12,0,0,0,0,10,1,1,0,-1,0,0,0,0,0,0,-1,0,20,0,0,21,0,201.29
0,3,0,0,0,0,9,20,29,1,-1,0,2,0,0,0,0,-1,0,11,0,0,16,0,1086.19
19,6,8,84,38,37,8,21,183,22,-1,19,45,3,5,9,16,-1,14,2,42,17,7,24,5652.59
0,12,0,0,0,0,17,0,2,0,-1,0,0,0,0,0,0,-1,0,20,0,0,25,0,233.49
0,16,0,0,0,0,9,3,1,0,-1,0,0,0,0,0,0,-1,0,21,0,0,19,0,97.22
5,7,24,20,45,14,10,15,156,7,-1,0,43,6,4,6,12,-1,4,0,24,46,8,3,5414.03
0,12,0,0,0,0,6,25,14,0,-1,0,1,0,0,0,0,-1,0,11,0,0,6,0,250.01
0,13,0,0,0,0,6,14,5,1,-1,0,1,0,0,0,0,-1,0,14,1,0,10,0,410.68
5,4,8,0,4,11,3,26,74,2,-1,0,52,0,1,2,0,-1,0,9,6,1,11,0,2661.76
8,6,83,8,0,17,6,30,164,2,-1,0,77,0,3,3,4,-1,2,5,4,17,6,1,3443.5
1,5,0,0,0,1,12,13,19,0,-1,0,1,0,0,0,0,-1,0,10,0,0,17,0,1164.51
0,10,0,0,1,1,3,10,14,0,-1,0,0,0,0,0,0,-1,0,14,3,0,12,0,444.95
0,12,0,0,0,0,6,23,5,0,-1,0,1,0,0,0,0,-1,0,13,0,0,8,0,320.46
0,10,0,0,0,0,4,10,12,0,-1,0,1,0,0,0,0,-1,0,15,0,0,14,0,426.31
0,13,0,0,0,0,11,24,20,0,-1,0,1,0,0,0,0,-1,0,8,0,0,0,0,2191.04
0,12,0,0,0,0,6,25,9,1,-1,0,1,0,0,0,0,-1,0,12,0,0,8,0,473.55
4,9,74,0,8,5,10,19,128,4,-1,4,26,1,0,2,0,-1,1,1,12,22,6,1,2869.55
0,6,0,0,0,1,13,12,14,1,-1,0,2,0,0,0,0,-1,0,11,1,0,18,0,637.89
1,3,0,0,0,2,10,21,47,1,-1,0,7,0,0,1,0,-1,0,9,0,0,15,0,1130.11
5,1,75,8,4,40,7,26,133,3,-1,4,45,0,3,3,0,-1,2,7,6,5,12,0,3339.92
0,7,7,0,3,7,2,36,59,3,-1,0,37,0,0,0,0,-1,0,9,5,1,8,0,925.25
0,13,0,0,0,0,6,4,8,0,-1,0,1,0,0,0,0,-1,0,16,1,0,13,0,349.92
3,8,40,0,0,7,6,36,96,1,-1,0,43,0,1,0,0,-1,0,6,0,5,5,0,2956.54
0,10,0,0,0,0,15,1,4,0,-1,0,0,0,0,0,0,-1,0,18,0,0,24,0,711.07
0,11,0,0,0,0,18,3,1,0,-1,0,0,0,0,0,0,-1,0,15,0,0,22,0,645.88
0,12,0,0,0,0,7,5,0,0,-1,0,0,0,0,0,0,-1,0,18,0,0,18,0,198.17
0,15,0,0,0,0,9,12,4,0,-1,0,0,0,0,0,0,-1,0,14,0,0,7,0,283.38
0,15,0,0,0,0,13,0,1,0,-1,0,0,0,0,0,0,-1,0,23,0,0,24,0,183.81
0,9,0,0,0,0,16,5,3,1,-1,0,0,0,0,0,0,-1,0,14,1,0,21,0,1788.98
0,15,0,0,0,0,14,0,1,0,-1,0,0,0,0,0,0,-1,0,23,0,0,25,0,185.83
0,18,0,0,0,0,12,4,1,0,-1,0,0,0,0,0,0,-1,0,16,0,0,9,0,190.4
0,13,0,0,0,0,9,28,12,0,-1,0,1,0,0,0,0,-1,0,11,0,0,4,0,282.65
1,6,0,0,0,0,13,9,16,0,-1,0,3,0,0,0,0,-1,0,9,0,0,16,0,250.91
28,5,26,12,3,46,6,26,184,4,-1,4,35,0,2,4,4,-1,3,4,18,50,7,6,3988.32
6,5,11,0,3,9,2,33,64,1,-1,0,60,1,0,2,0,-1,0,8,4,2,9,0,2487.15
4,7,48,0,0,8,5,36,103,2,-1,0,73,0,3,2,0,-1,1,6,4,6,6,0,2923.13
0,14,1,0,0,0,14,14,27,0,-1,0,0,0,0,0,0,-1,0,6,0,1,4,0,583.42
0,13,0,0,0,0,8,3,0,0,-1,0,0,0,0,0,0,-1,0,19,0,0,18,0,186.57
0,12,0,0,0,0,7,30,7,0,-1,0,1,0,0,0,0,-1,0,10,0,0,4,0,664.56
0,16,0,0,0,0,12,12,3,1,-1,0,0,0,0,0,0,-1,0,13,0,0,5,0,252.64
1,4,7,0,3,5,2,24,48,4,-1,0,30,0,0,1,0,-1,1,10,3,0,12,0,1432.6
0,8,0,0,1,0,15,8,8,0,-1,0,1,0,0,0,0,-1,0,13,0,0,20,0,1719.52
0,12,0,0,0,0,8,30,11,0,-1,0,1,0,0,0,0,-1,0,10,0,0,4,0,683.8
0,9,0,0,0,0,3,13,14,0,-1,0,1,0,0,0,0,-1,0,14,0,0,14,0,406.0
1,4,7,0,2,5,3,22,42,3,-1,0,28,0,0,0,0,-1,1,10,4,0,12,0,1443.86
0,6,0,0,0,0,3,13,23,0,-1,0,6,0,0,0,0,-1,0,12,1,0,14,0,945.93
0,11,0,0,0,0,15,0,2,0,-1,0,0,0,0,0,0,-1,0,20,0,0,24,0,206.77
0,7,0,0,0,0,2,16,23,1,-1,0,6,0,0,0,0,-1,0,13,2,0,13,0,534.3
0,10,0,0,0,0,7,5,1,0,-1,0,0,0,0,0,0,-1,0,17,0,0,18,0,202.74
0,4,0,0,0,0,10,17,24,0,-1,0,2,0,0,0,0,-1,0,12,0,0,17,0,867.94
0,6,0,0,0,0,8,7,6,0,-1,0,0,0,0,0,0,-1,0,14,0,0,18,0,740.83
38,5,74,4,1,43,5,32,181,6,-1,0,27,1,1,6,4,-1,3,5,5,27,8,0,3190.74
0,14,0,0,0,0,10,24,4,0,-1,0,0,0,0,0,0,-1,0,12,0,0,4,0,239.79
5,1,21,0,1,22,5,27,94,6,-1,0,54,1,0,2,0,-1,1,8,4,1,12,0,2869.38
0,11,0,0,0,0,8,3,0,0,-1,0,0,0,0,0,0,-1,0,18,0,0,19,0,179.75
0,15,0,0,0,0,19,4,1,0,-1,0,1,0,0,0,0,-1,0,8,0,0,13,0,516.99
0,13,0,0,0,0,6,4,7,0,-1,0,1,0,0,0,0,-1,0,17,0,0,14,0,727.0
0,15,0,0,0,0,15,0,1,0,-1,0,0,0,0,0,0,-1,0,23,0,0,26,0,130.81
0,17,0,0,0,0,19,5,1,0,-1,0,1,0,0,0,0,-1,0,9,0,0,10,0,452.83
0,15,0,0,0,0,9,19,5,0,-1,0,0,0,0,0,0,-1,0,13,0,0,6,0,731.66
0,7,1,0,1,0,0,18,30,0,-1,0,9,2,0,0,0,-1,0,12,2,0,11,0,2190.73
0,2,1,0,1,1,6,25,47,0,-1,0,26,0,0,0,0,-1,0,10,2,0,14,0,1206.92
0,16,0,0,0,0,14,12,13,0,-1,0,0,0,0,0,0,-1,0,11,0,0,3,0,285.22
0,13,0,0,0,0,6,18,5,0,-1,0,1,0,0,0,0,-1,0,13,0,0,9,0,360.59
1,11,0,0,0,0,4,16,10,0,-1,0,0,1,0,0,0,-1,0,13,1,0,10,0,1491.28
0,15,0,0,0,0,22,3,0,0,-1,0,0,0,0,0,0,-1,0,18,0,0,26,0,541.28
0,17,0,0,0,0,18,3,7,0,-1,0,0,0,0,0,0,-1,0,9,0,0,8,0,367.99
0,7,9,0,3,6,2,36,52,1,-1,0,33,0,0,0,0,-1,2,9,4,1,8,1,2575.36
37,5,26,12,3,40,6,26,186,3,-1,4,32,0,2,2,4,-1,3,4,18,49,7,4,3447.43
0,7,0,0,0,0,14,10,12,0,-1,0,1,0,0,0,0,-1,0,13,1,0,19,0,1875.82
0,14,2,0,0,1,17,13,11,0,-1,0,0,0,0,0,0,-1,0,6,0,0,9,0,575.98
0,19,0,0,0,0,14,4,2,0,-1,0,0,0,0,0,0,-1,0,16,0,0,8,0,64.23
0,5,0,0,0,0,7,14,19,0,-1,0,1,0,0,0,0,-1,0,13,0,0,17,0,962.24
0,14,0,0,0,0,10,24,12,0,-1,0,1,0,0,0,0,-1,0,10,0,0,3,0,298.29
0,17,0,0,0,0,11,3,1,0,-1,0,0,0,0,0,0,-1,0,16,0,0,10,0,223.58
0,7,0,0,0,0,12,4,7,0,-1,0,0,0,0,0,0,-1,0,15,0,0,21,0,192.28
0,11,0,0,0,0,15,1,3,0,-1,0,0,0,0,0,0,-1,0,19,0,0,24,0,946.45
0,5,0,0,0,0,6,15,19,0,-1,0,2,0,0,0,0,-1,0,12,1,0,15,0,985.62
0,20,0,0,0,0,21,2,0,0,-1,0,0,0,0,0,0,-1,0,11,0,0,12,0,399.52
0,13,0,0,0,0,8,24,7,0,-1,0,0,0,0,0,0,-1,0,11,0,0,5,0,588.1
0,14,0,0,0,0,12,1,1,0,-1,0,0,0,0,0,0,-1,0,22,0,0,23,0,203.37
0,12,0,0,0,1,9,29,17,0,-1,0,1,0,0,0,0,-1,0,8,0,0,2,0,623.92
0,9,0,0,0,0,7,3,0,0,-1,0,0,0,0,0,0,-1,0,16,0,0,18,0,728.35
0,4,0,0,0,0,6,19,27,0,-1,0,2,0,0,0,0,-1,0,12,1,0,15,0,1043.15
0,13,0,0,0,0,21,2,1,0,-1,0,0,0,0,0,0,-1,0,16,0,0,24,0,171.86
0,8,3,0,0,0,2,34,43,3,-1,0,17,1,0,0,0,-1,0,9,5,0,8,0,1915.0
5,2,70,0,2,6,9,21,114,0,-1,0,68,0,1,3,0,-1,0,6,3,2,13,0,2426.32
0,4,0,0,0,0,7,19,29,0,-1,0,1,0,0,0,0,-1,0,12,1,0,16,0,1315.36
43,4,6,77,43,30,8,23,194,11,-1,23,28,4,7,5,12,-1,10,3,32,31,9,23,4415.86
3,2,46,0,0,5,9,22,102,1,-1,0,58,0,1,2,0,-1,0,7,3,0,13,0,1428.8
0,7,0,0,0,1,14,8,11,0,-1,0,2,0,0,0,0,-1,0,9,1,0,17,0,1694.3
0,14,0,0,0,0,9,26,8,0,-1,0,0,0,0,0,0,-1,0,11,0,0,5,0,246.25
0,19,0,0,0,0,16,7,2,0,-1,0,0,0,0,0,0,-1,0,14,0,0,6,0,199.32
0,7,10,0,0,4,3,34,49,3,-1,0,31,0,0,0,0,-1,1,8,4,1,7,1,2359.92
15,7,25,32,16,12,9,27,175,17,-1,5,59,4,2,12,12,-1,10,2,44,38,6,5,4995.01
0,11,0,0,0,0,18,4,2,1,-1,0,0,0,0,0,0,-1,0,15,0,0,22,0,561.73
0,16,1,0,0,0,17,11,9,0,-1,0,1,0,0,0,0,-1,0,8,0,0,7,0,536.95
0,2,2,0,2,1,6,25,54,0,-1,0,29,0,0,0,0,-1,0,10,2,0,14,0,1225.82
0,6,0,0,1,1,13,10,13,1,-1,0,2,0,0,0,0,-1,0,11,0,0,18,0,1787.88
1,11,0,0,0,0,3,18,15,1,-1,0,0,1,0,0,0,-1,0,13,2,0,10,0,1581.19
0,2,0,0,0,1,9,26,46,0,-1,0,10,0,0,0,0,-1,0,10,0,0,15,0,1317.02
5,9,76,0,9,4,11,19,126,3,-1,0,24,0,0,1,0,-1,1,1,12,22,6,1,2315.43
6,7,49,0,0,5,5,36,100,4,-1,0,72,0,0,1,0,-1,1,6,0,7,6,0,3067.91
0,16,0,0,0,0,11,16,3,0,-1,0,0,0,0,0,0,-1,0,13,0,0,6,0,229.17
0,14,0,0,0,0,7,6,4,0,-1,0,1,0,0,0,0,-1,0,16,0,0,11,0,379.8
1,9,61,0,1,8,8,31,107,0,-1,0,26,0,0,1,0,-1,0,5,2,3,4,0,2334.76
0,6,0,0,0,0,12,8,11,0,-1,0,0,0,0,0,0,-1,0,13,0,0,19,0,638.65
0,17,0,0,0,0,12,1,0,0,-1,0,0,0,0,0,0,-1,0,23,0,0,23,0,113.12
0,12,0,0,0,0,6,23,9,1,-1,0,1,0,0,0,0,-1,0,13,1,0,8,0,1542.48
1,15,0,0,0,0,18,6,1,0,-1,0,0,0,0,0,0,-1,0,7,0,0,11,0,465.92
0,16,0,0,0,0,11,10,3,0,-1,0,0,0,0,0,0,-1,0,14,0,0,6,0,221.76
1,15,1,0,0,0,18,7,3,0,-1,0,0,0,0,0,0,-1,0,7,0,0,11,0,682.03
0,4,0,0,0,0,8,17,26,1,-1,0,1,0,0,0,0,-1,0,12,0,0,16,0,1098.98
0,4,0,0,1,0,5,18,30,0,-1,0,8,0,0,0,0,-1,0,12,0,0,15,0,1106.09
0,5,0,0,0,0,4,14,20,0,-1,0,5,0,0,0,0,-1,0,13,1,0,15,0,895.33
0,15,0,0,0,0,10,23,4,0,-1,0,0,0,0,0,0,-1,0,12,0,0,5,0,201.03
2,8,77,0,1,9,8,31,124,0,-1,0,36,0,0,0,0,-1,0,4,3,12,4,0,2673.99
0,9,0,0,0,0,3,11,14,0,-1,0,1,0,0,0,0,-1,0,14,0,0,14,0,411.5
0,15,2,0,0,0,16,12,10,0,-1,0,1,0,0,0,0,-1,0,7,0,0,7,0,711.5
6,4,54,12,31,9,10,17,153,3,-1,0,69,3,0,0,8,-1,1,4,33,37,11,2,2612.32
13,6,76,4,1,49,5,29,172,1,-1,0,41,0,4,2,4,-1,1,5,5,29,7,1,3395.53
0,17,0,0,0,0,9,0,2,0,-1,0,0,0,0,0,0,-1,0,19,0,0,14,0,177.65
0,10,0,0,0,0,4,9,8,0,-1,0,1,0,0,0,0,-1,0,15,0,0,15,0,342.46
2,9,76,0,2,7,9,31,122,2,-1,0,30,1,0,2,0,-1,1,3,4,12,4,0,3379.76
0,19,0,0,0,0,22,2,0,0,-1,0,0,0,0,0,0,-1,0,11,0,0,13,0,543.09
0,5,0,0,0,2,12,12,19,0,-1,0,0,0,1,0,0,-1,0,9,1,0,16,0,1929.24
0,19,0,0,0,0,13,4,2,0,-1,0,0,0,0,0,0,-1,0,16,0,0,9,0,229.67
0,8,6,0,1,2,3,35,44,4,-1,0,24,0,0,0,0,-1,1,9,2,0,7,0,2171.41
0,7,0,0,0,1,14,7,9,0,-1,0,2,0,0,0,0,-1,0,10,1,0,17,0,204.75
14,6,17,64,22,22,8,25,181,20,-1,11,59,2,5,15,8,-1,16,2,51,24,7,13,5289.57
0,15,0,0,0,0,10,2,0,0,-1,0,0,0,0,0,0,-1,0,22,0,0,21,0,116.2
7,7,86,0,0,12,6,33,132,0,-1,0,73,0,1,1,0,-1,0,5,1,6,5,0,3282.96
0,10,37,4,2,1,11,18,95,1,-1,0,15,0,0,0,0,-1,0,3,1,0,4,0,2761.91
0,15,0,0,0,0,11,15,8,0,-1,0,0,0,0,0,0,-1,0,11,0,0,3,0,254.98
0,11,0,0,0,0,15,1,2,0,-1,0,0,0,0,0,0,-1,0,19,0,0,24,0,230.67
0,4,0,0,0,0,8,13,23,0,-1,0,0,0,0,1,0,-1,0,12,0,0,17,0,1006.27
17,6,8,84,50,30,8,21,183,17,-1,5,49,6,8,11,28,-1,14,2,27,19,7,32,5704.31
0,16,0,0,0,0,10,2,0,0,-1,0,0,0,0,0,0,-1,0,22,0,0,20,0,91.28
0,11,0,0,0,1,4,6,7,0,-1,0,0,0,0,0,0,-1,0,15,2,0,12,0,1158.51
0,3,3,0,1,2,5,24,47,0,-1,0,27,1,0,0,0,-1,0,10,2,0,14,0,1206.0
1,8,11,0,0,7,5,34,58,0,-1,0,19,0,0,0,0,-1,0,7,0,1,5,0,955.53
0,0,12,0,0,6,7,26,74,6,-1,8,61,0,0,1,0,-1,1,8,3,0,14,0,2764.66
0,17,0,0,0,0,18,6,2,0,-1,0,1,0,0,0,0,-1,0,8,0,0,8,0,366.18
37,4,48,12,3,28,6,26,190,12,-1,0,26,1,17,3,8,-1,1,5,12,39,8,4,3760.59
1,2,9,0,0,5,9,24,66,1,-1,0,28,0,0,1,0,-1,0,8,0,0,14,0,1229.98
42,5,6,48,16,36,7,27,184,9,-1,17,29,0,6,7,4,-1,2,3,65,37,8,14,4090.53
0,15,0,0,0,0,13,0,1,0,-1,0,0,0,0,0,0,-1,0,23,0,0,24,0,192.62
0,12,0,0,0,0,8,3,0,0,-1,0,0,0,0,0,0,-1,0,19,0,0,19,0,228.34
0,19,0,0,0,0,12,0,1,0,-1,0,0,0,0,0,0,-1,0,20,0,0,14,0,1118.99
0,14,0,0,0,0,9,3,0,0,-1,0,0,0,0,0,0,-1,0,20,0,0,20,0,98.99
0,14,0,0,0,0,7,3,3,0,-1,0,0,0,0,0,0,-1,0,18,0,0,16,0,1252.21
0,10,0,0,1,1,3,10,14,2,-1,0,0,0,0,0,0,-1,0,14,2,0,12,0,422.72
0,15,0,0,0,0,8,5,2,0,-1,0,0,0,0,0,0,-1,0,17,0,0,12,0,1280.28
0,15,0,0,0,0,9,2,1,0,-1,0,0,0,0,0,0,-1,0,20,0,0,18,0,986.45
0,11,0,0,1,1,4,20,11,0,-1,0,0,0,0,0,0,-1,0,13,0,0,9,0,1604.39
0,18,0,0,0,0,14,10,3,0,-1,0,0,0,0,0,0,-1,0,13,0,0,5,0,210.98
0,7,0,0,0,0,7,7,2,0,-1,0,0,0,0,0,0,-1,0,15,0,0,18,0,816.1
0,13,0,0,0,0,6,5,6,0,-1,0,1,0,0,0,0,-1,0,17,0,0,15,0,1302.13
0,8,1,0,1,1,1,19,27,1,-1,0,4,2,0,0,0,-1,0,12,3,0,11,0,1747.27
0,16,0,0,0,0,10,5,1,0,-1,0,0,0,0,0,0,-1,0,15,0,0,9,0,246.8
0,19,0,0,0,0,12,0,1,0,-1,0,0,0,0,0,0,-1,0,22,0,0,18,0,144.31
0,12,0,0,0,0,16,0,2,0,-1,0,0,0,0,0,0,-1,0,20,0,0,25,0,232.26
10,6,10,152,27,14,10,12,176,9,-1,22,62,30,6,2,72,-1,16,2,4,23,9,19,8908.29
0,7,0,0,0,0,3,13,20,0,-1,0,1,0,0,0,0,-1,0,13,0,0,14,0,1112.71
2,9,56,0,1,4,9,33,109,2,-1,0,25,0,0,1,0,-1,0,4,4,6,4,0,2528.74
0,10,34,0,2,2,12,17,86,0,-1,0,18,0,0,2,0,-1,2,2,2,1,5,0,1210.89
0,15,0,0,0,0,22,3,0,0,-1,0,0,0,0,0,0,-1,0,20,0,0,27,0,530.76
0,19,0,0,0,0,14,5,2,0,-1,0,0,0,0,0,0,-1,0,15,0,0,7,0,230.19
1,11,0,0,0,0,8,38,30,0,-1,0,5,0,0,1,0,-1,0,7,0,0,2,0,1432.31
0,17,0,0,0,0,10,0,1,0,-1,0,0,0,0,0,0,-1,0,20,0,0,16,0,150.54
1,7,9,0,4,8,2,39,61,3,-1,0,45,0,0,0,0,-1,0,9,4,1,8,1,2070.98
5,0,30,0,0,5,8,25,100,4,-1,4,64,0,0,0,0,-1,0,8,5,0,13,0,2948.13
11,4,10,124,52,51,8,17,182,19,-1,28,34,9,8,3,56,-1,16,3,16,20,9,28,8584.07
0,10,0,0,0,0,5,7,4,0,-1,0,0,0,0,0,0,-1,0,16,0,0,16,0,379.07
21,5,6,112,39,38,8,21,184,17,-1,35,41,5,8,9,16,-1,13,2,39,16,8,20,5594.19
0,8,0,0,0,0,3,14,19,0,-1,0,1,0,0,0,0,-1,0,14,1,0,14,0,442.87
0,17,0,0,0,0,10,0,1,0,-1,0,0,0,0,0,0,-1,0,19,0,0,14,0,169.77
0,11,0,0,0,0,13,0,1,0,-1,0,0,0,0,0,0,-1,0,19,0,0,23,0,146.84
0,11,1,0,0,0,5,30,15,0,-1,0,2,0,0,0,0,-1,0,11,0,0,7,0,1640.2
0,12,0,0,0,0,7,3,0,0,-1,0,0,0,0,0,0,-1,0,18,0,0,18,0,227.56
0,10,27,0,1,2,12,16,84,1,-1,0,12,0,0,2,0,-1,0,3,2,1,5,0,1633.58
0,9,0,0,1,0,16,5,4,1,-1,0,0,0,0,0,0,-1,0,13,0,0,21,0,776.73
21,3,56,4,5,34,4,33,130,0,-1,0,30,0,9,0,4,-1,1,7,5,4,10,0,2780.86
0,15,0,0,0,0,10,18,4,0,-1,0,0,0,0,0,0,-1,0,13,0,0,6,0,228.1
0,13,1,0,0,0,13,15,29,0,-1,0,1,0,0,0,0,-1,0,5,0,0,4,0,627.06
1,8,1,0,3,0,1,20,28,1,-1,0,6,1,0,0,0,-1,0,12,2,0,10,0,1740.85
0,17,0,0,0,0,13,11,3,1,-1,0,0,0,0,0,0,-1,0,13,0,0,5,0,225.97
0,15,0,0,0,0,10,14,4,0,-1,0,0,0,0,0,0,-1,0,13,0,0,6,0,224.7
0,16,0,0,0,0,13,12,12,0,-1,0,0,0,0,0,0,-1,0,11,0,0,3,0,186.49
0,16,0,0,0,0,10,1,1,0,-1,0,0,0,0,0,0,-1,0,21,0,0,19,0,789.75
0,15,0,0,0,0,22,3,0,0,-1,0,0,0,0,0,0,-1,0,19,0,0,26,0,540.99
16,6,13,53,38,14,9,19,181,16,-1,18,57,9,3,15,32,-1,7,1,34,28,7,18,7754.57
0,18,0,0,0,0,11,0,1,0,-1,0,0,0,0,0,0,-1,0,19,0,0,14,0,155.52
0,10,0,0,0,0,17,4,3,1,-1,0,0,0,0,0,0,-1,0,14,1,0,22,0,597.3
0,14,0,0,0,0,11,16,11,0,-1,0,1,0,0,0,0,-1,0,10,0,0,2,0,481.32
0,10,0,0,1,0,17,5,3,0,-1,0,0,0,0,0,0,-1,0,13,0,0,21,0,176.76
0,9,0,0,0,0,7,3,0,0,-1,0,0,0,0,0,0,-1,0,17,0,0,18,0,738.19
0,17,0,0,0,0,11,6,1,0,-1,0,0,0,0,0,0,-1,0,15,0,0,8,0,648.29
0,8,1,0,2,1,1,18,29,0,-1,0,7,1,0,0,0,-1,0,12,2,0,11,0,1822.85
14,4,49,0,7,41,4,36,120,3,-1,0,31,0,8,1,0,-1,0,7,3,3,9,2,2651.66
0,11,0,0,1,1,5,20,11,0,-1,0,0,0,0,0,0,-1,0,13,0,0,9,0,1590.08
0,7,0,0,0,0,2,16,22,0,-1,0,6,0,0,0,0,-1,0,13,2,0,13,0,1300.45
0,15,0,0,0,0,12,11,7,0,-1,0,0,0,0,0,0,-1,0,11,0,0,3,0,234.38
0,12,0,0,0,0,6,28,14,0,-1,0,1,0,0,0,0,-1,0,11,0,0,6,0,711.67
0,7,5,0,2,3,2,36,49,0,-1,0,27,0,0,0,0,-1,0,9,7,0,8,0,2304.63
0,15,0,0,0,0,14,0,1,0,-1,0,0,0,0,0,0,-1,0,23,0,0,25,0,186.36
0,15,0,0,0,0,8,1,2,0,-1,0,0,0,0,0,0,-1,0,18,0,0,14,0,846.92
0,7,0,0,0,0,13,8,13,0,-1,0,0,0,0,0,0,-1,0,14,0,0,20,0,596.99
0,7,2,0,1,0,0,19,34,0,-1,0,15,2,0,0,0,-1,0,11,3,0,11,0,2036.61
0,11,8,0,0,1,14,16,47,2,-1,0,6,0,0,1,0,-1,0,3,0,1,7,1,1029.15
0,6,0,0,0,0,10,5,10,0,-1,0,0,0,0,0,0,-1,0,14,0,0,19,0,917.15
1,14,2,0,0,0,16,13,12,0,-1,0,0,0,0,0,0,-1,0,6,0,0,9,0,831.22
0,16,0,0,0,0,12,12,3,1,-1,0,0,0,0,0,0,-1,0,12,0,0,5,0,240.43
29,3,26,37,37,35,8,20,187,7,-1,6,39,3,4,3,14,-1,1,4,31,31,10,5,4154.61
7,7,84,0,0,10,6,34,130,1,-1,0,71,0,1,0,0,-1,0,5,2,5,5,0,2590.16
0,14,0,0,0,0,9,3,0,0,-1,0,0,0,0,0,0,-1,0,20,0,0,20,0,120.76
0,9,6,0,0,2,6,36,38,1,-1,0,12,0,0,0,0,-1,0,8,0,1,5,0,1968.97
0,12,0,0,1,1,5,12,7,0,-1,0,0,0,0,0,0,-1,0,14,0,0,10,0,403.02
0,15,0,0,0,0,15,0,1,0,-1,0,0,0,0,0,0,-1,0,23,0,0,26,0,130.32
2,4,71,12,8,8,10,20,135,4,-1,4,68,0,1,0,0,-1,3,4,48,15,12,0,2338.22
0,15,1,0,0,0,15,9,11,1,-1,0,0,0,0,0,0,-1,0,8,0,0,5,0,423.87
0,20,0,0,0,0,12,0,0,0,-1,0,0,0,0,0,0,-1,0,20,0,0,14,0,210.99
34,4,9,115,56,35,8,21,189,20,-1,33,32,8,7,6,16,-1,13,3,17,27,9,18,7511.93
0,19,0,0,0,0,18,1,6,0,-1,0,0,0,0,0,0,-1,0,11,0,0,8,0,404.05
0,7,0,0,2,0,1,17,29,1,-1,0,8,0,0,0,0,-1,0,12,2,0,12,0,516.2
13,6,10,168,22,16,9,13,175,15,-1,41,56,37,5,5,79,-1,23,2,5,17,9,23,8753.49
0,11,0,0,1,0,3,15,14,2,-1,0,0,0,1,0,0,-1,0,13,0,0,10,0,1486.62
0,18,0,0,0,0,11,0,1,0,-1,0,0,0,0,0,0,-1,0,21,0,0,17,0,150.96
19,5,4,105,57,47,8,21,184,12,-1,24,32,5,8,5,37,-1,11,3,21,17,8,26,5380.56
1,2,3,0,0,4,9,25,59,0,-1,0,19,0,0,1,0,-1,0,9,0,0,14,0,1248.9
0,10,3,0,0,2,6,36,25,0,-1,0,7,0,0,0,0,-1,0,8,0,0,5,0,794.67
0,12,0,0,0,0,13,0,1,0,-1,0,0,0,0,0,0,-1,0,21,0,0,24,0,151.14
0,10,0,0,0,0,13,0,2,0,-1,0,0,0,0,0,0,-1,0,19,0,0,23,0,152.05
0,14,0,0,0,0,13,0,1,0,-1,0,0,0,0,0,0,-1,0,22,0,0,24,0,207.45
0,12,0,0,0,0,5,6,6,0,-1,0,1,0,0,0,0,-1,0,17,0,0,15,0,1260.58
53,4,77,8,2,23,5,33,178,5,-1,0,27,0,4,3,4,-1,3,6,6,23,8,4,3787.92
0,10,0,0,0,0,6,7,3,0,-1,0,0,0,0,0,0,-1,0,16,0,0,17,0,240.7
0,9,81,0,0,4,12,13,112,0,-1,0,23,0,0,0,0,-1,0,1,19,8,9,0,1880.12
1,11,0,0,1,0,4,6,7,0,-1,0,0,0,0,0,0,-1,0,14,1,0,12,0,1392.62
0,13,0,0,0,0,7,21,5,0,-1,0,1,0,0,0,0,-1,0,13,0,0,8,0,324.18
0,15,0,0,0,0,13,0,1,0,-1,0,0,0,0,0,0,-1,0,23,0,0,25,0,191.7
1,10,56,0,3,3,11,20,98,2,-1,0,19,0,0,2,0,-1,0,2,3,6,5,0,1852.06
0,18,0,0,0,0,13,5,2,0,-1,0,0,0,0,0,0,-1,0,15,0,0,7,0,236.16
0,15,0,0,0,0,8,3,2,0,-1,0,0,0,0,0,0,-1,0,18,0,0,14,0,934.99
0,2,2,0,0,1,8,26,50,0,-1,0,15,0,0,0,0,-1,0,10,0,0,15,0,1216.71
0,16,0,0,0,0,18,6,1,0,-1,0,1,0,0,0,0,-1,0,8,0,0,9,0,387.78
0,17,0,0,0,0,11,1,1,0,-1,0,0,0,0,0,0,-1,0,22,0,0,20,0,103.62
0,8,1,0,0,0,3,35,40,0,-1,0,15,1,0,0,0,-1,0,10,2,1,8,0,1973.25
0,17,0,0,0,0,12,1,0,0,-1,0,0,0,0,0,0,-1,0,23,0,0,22,0,89.23
1,3,3,0,0,1,4,23,42,0,-1,0,22,1,0,0,0,-1,0,11,3,0,14,0,1303.96
0,12,0,0,0,0,7,30,12,0,-1,0,2,0,0,0,0,-1,0,10,0,0,4,0,685.29
0,14,0,0,0,0,9,2,0,0,-1,0,0,0,0,0,0,-1,0,20,0,0,20,0,202.8
0,15,0,0,0,0,9,7,2,0,-1,0,0,0,0,0,0,-1,0,15,0,0,8,0,400.53
0,10,21,0,0,2,10,20,86,1,-1,0,15,0,0,0,0,-1,0,4,2,1,3,0,2431.73
0,13,0,0,0,0,8,3,0,0,-1,0,0,0,0,0,0,-1,0,19,0,0,18,0,1248.16
0,2,2,0,1,0,6,27,51,0,-1,0,34,0,0,0,0,-1,0,10,2,0,14,0,1237.99
0,17,0,0,0,0,17,1,7,0,-1,0,0,0,0,0,0,-1,0,10,0,0,6,0,377.11
0,16,0,0,0,1,18,6,1,0,-1,0,0,0,0,0,0,-1,0,7,0,0,11,0,484.09
0,13,2,0,0,0,16,13,13,1,-1,0,0,0,1,0,0,-1,0,5,0,0,9,0,896.12
0,15,0,0,0,0,11,2,0,0,-1,0,0,0,0,0,0,-1,0,22,0,0,21,0,147.67
3,1,19,0,0,5,8,25,85,4,-1,8,61,0,0,0,0,-1,0,8,4,0,13,0,2854.71
0,14,0,0,0,0,10,23,10,0,-1,0,0,0,0,0,0,-1,0,11,0,0,4,0,304.07
1,2,4,0,0,4,9,25,59,1,-1,0,20,0,0,1,0,-1,1,9,0,0,14,0,1404.5
40,2,80,8,5,19,5,31,159,1,-1,0,30,1,13,3,0,-1,3,6,6,12,10,1,3301.68
0,12,2,0,0,0,13,15,36,0,-1,0,1,0,0,0,0,-1,0,5,0,0,4,0,708.89
0,8,0,0,0,0,4,13,12,0,-1,0,0,0,0,0,0,-1,0,14,0,0,15,0,953.39
1,12,0,0,1,0,4,8,7,0,-1,0,0,0,0,0,0,-1,0,14,1,0,11,0,1510.23
0,5,0,0,0,0,8,11,14,0,-1,0,0,0,0,0,0,-1,0,13,0,0,17,0,940.53
1,4,2,0,0,1,12,16,36,1,-1,0,7,0,1,0,0,-1,0,8,0,0,15,0,1157.23
0,1,7,0,0,5,8,25,73,3,-1,4,53,0,0,1,0,-1,1,9,1,0,14,0,1572.81
0,13,0,0,0,0,9,2,0,0,-1,0,0,0,0,0,0,-1,0,20,0,0,20,0,94.07
0,10,26,0,1,2,10,22,95,1,-1,0,16,0,0,0,0,-1,0,4,2,1,3,0,1899.58
0,8,0,0,0,0,6,9,2,0,-1,0,0,0,0,0,0,-1,0,15,0,0,17,0,727.77
0,7,0,0,0,0,4,13,16,0,-1,0,0,0,0,0,0,-1,0,14,0,0,15,0,806.55
0,15,0,0,0,0,12,15,16,0,-1,0,0,0,0,0,0,-1,0,9,0,0,1,0,535.93
0,7,0,0,0,0,4,11,17,0,-1,0,1,0,0,0,0,-1,0,14,0,0,15,0,893.6
0,4,0,0,0,2,10,18,28,4,-1,0,4,0,0,0,0,-1,0,10,0,0,16,0,850.17
0,14,0,0,0,0,10,2,0,0,-1,0,0,0,0,0,0,-1,0,21,0,0,21,0,94.2
9,7,84,0,0,7,6,33,130,1,-1,0,70,0,0,0,0,-1,0,5,2,5,5,0,3174.77
0,13,0,0,0,0,8,29,13,0,-1,0,1,0,0,0,0,-1,0,10,0,0,4,0,1225.73
1,9,61,0,1,8,8,33,112,0,-1,0,27,0,0,1,0,-1,0,4,2,6,4,0,2383.14
0,13,0,0,0,0,6,5,7,0,-1,0,1,0,0,0,0,-1,0,17,0,0,14,0,1046.51
0,11,0,0,0,0,19,2,1,0,-1,0,0,0,0,0,0,-1,0,14,0,0,22,0,184.77
0,18,0,0,0,0,12,4,1,0,-1,0,0,0,0,0,0,-1,0,16,0,0,9,0,245.59
18,5,27,0,3,47,7,24,182,8,-1,4,41,0,6,6,16,-1,1,4,14,60,7,2,3925.2
0,7,0,0,0,0,7,6,2,0,-1,0,0,0,0,0,0,-1,0,15,0,0,18,0,754.29
0,12,8,0,0,0,13,16,53,1,-1,0,7,0,0,1,0,-1,0,3,0,0,6,0,780.0
6,7,74,0,0,6,6,36,119,1,-1,0,69,0,1,0,0,-1,0,5,0,5,5,0,3190.0
0,13,0,0,0,0,10,28,19,0,-1,0,1,0,0,0,0,-1,0,8,0,0,1,0,616.18
0,9,0,0,0,0,3,12,14,0,-1,0,1,0,0,0,0,-1,0,14,0,0,14,0,335.27
0,16,0,0,0,0,12,13,3,0,-1,0,0,0,0,0,0,-1,0,13,0,0,6,0,180.76
0,13,0,0,0,0,8,3,0,0,-1,0,0,0,0,0,0,-1,0,19,0,0,19,0,225.62
0,17,0,0,0,0,9,0,2,0,-1,0,0,0,0,0,0,-1,0,19,0,0,15,0,175.14
21,2,61,0,3,37,5,31,133,0,-1,0,29,1,10,1,8,-1,1,7,8,5,10,0,3130.56
0,12,0,0,1,1,5,18,7,0,-1,0,0,0,0,0,0,-1,0,14,0,0,10,0,1181.4
0,15,0,0,0,0,8,2,1,0,-1,0,0,0,0,0,0,-1,0,19,0,0,16,0,1026.59
1,14,1,0,0,0,17,13,11,0,-1,0,0,0,0,0,0,-1,0,6,0,0,9,0,563.69
0,11,0,0,0,0,8,3,0,0,-1,0,0,0,0,0,0,-1,0,18,0,0,19,0,204.84
0,11,14,0,0,0,13,16,67,1,-1,0,8,0,0,1,0,-1,0,3,2,0,5,1,1721.44
0,5,0,0,0,0,8,11,15,0,-1,0,0,0,0,0,0,-1,0,13,0,0,17,0,1195.31
0,7,0,0,0,0,3,13,20,1,-1,0,1,0,0,0,0,-1,0,13,0,0,14,0,1143.88
0,13,0,0,0,0,6,5,6,0,-1,0,1,0,0,0,0,-1,0,17,0,0,14,0,1318.26
0,13,0,0,0,0,20,3,1,0,-1,0,0,0,0,0,0,-1,0,17,0,0,25,0,725.17
0,9,0,0,0,0,13,2,4,0,-1,0,0,0,0,0,0,-1,0,17,0,0,22,0,179.3
0,13,0,0,0,1,5,5,7,0,-1,0,0,0,0,0,0,-1,0,15,1,0,12,0,1584.75
1,14,2,0,0,0,16,13,13,0,-1,0,0,0,0,0,0,-1,0,5,0,0,9,0,585.38
8,7,39,20,17,12,10,22,159,13,-1,5,53,3,2,12,8,-1,5,1,39,44,6,7,5847.08
0,7,5,0,3,4,2,38,53,3,-1,0,27,0,0,0,0,-1,0,9,5,1,8,0,2407.88
39,2,77,0,4,19,5,33,151,2,-1,0,29,1,12,1,4,-1,4,6,7,8,10,0,3205.19
0,13,0,0,0,0,9,2,0,0,-1,0,0,0,0,0,0,-1,0,19,0,0,20,0,174.14
23,5,25,8,4,44,7,25,178,9,-1,4,40,0,5,6,8,-1,2,4,17,56,7,4,3879.15
0,8,0,0,0,0,4,14,15,0,-1,0,0,0,0,0,0,-1,0,14,0,0,15,0,536.29
0,18,0,0,0,0,19,3,2,0,-1,0,0,0,0,0,0,-1,0,9,0,0,8,0,457.48
0,6,0,0,0,0,9,6,6,0,-1,0,0,0,0,0,0,-1,0,15,0,0,18,0,758.32
0,7,0,0,0,0,5,12,12,0,-1,0,1,0,0,0,0,-1,0,14,0,0,15,0,815.82
0,16,0,0,0,0,11,1,0,0,-1,0,0,0,0,0,0,-1,0,22,0,0,22,0,96.68
0,11,1,0,0,1,7,36,20,1,-1,0,3,0,0,0,0,-1,0,9,0,0,4,0,767.23
0,20,0,0,0,0,21,2,0,0,-1,0,0,0,0,0,0,-1,0,11,0,0,12,0,388.43
0,18,0,0,0,0,12,4,1,0,-1,0,0,0,0,0,0,-1,0,16,0,0,9,0,627.17
35,1,72,20,2,25,7,25,161,10,-1,4,39,2,7,10,0,-1,5,6,7,24,11,1,4208.86
0,16,0,0,0,0,12,1,0,0,-1,0,0,0,0,0,0,-1,0,23,0,0,22,0,90.25
0,7,0,0,2,0,1,17,26,1,-1,0,7,0,0,0,0,-1,0,12,2,0,12,0,551.07
0,8,0,0,0,0,14,4,6,0,-1,0,0,0,0,0,0,-1,0,15,0,0,21,0,563.38
0,15,0,0,0,0,8,5,2,0,-1,0,0,0,0,0,0,-1,0,15,0,0,10,0,1182.42
1,9,0,0,3,0,2,17,19,2,-1,0,0,0,0,0,0,-1,0,13,1,0,12,0,1811.62
0,14,0,0,0,0,14,0,1,1,-1,0,0,0,0,0,0,-1,0,22,0,0,24,0,140.11
0,14,0,0,0,0,8,3,1,0,-1,0,0,0,0,0,0,-1,0,20,0,0,18,0,1235.64
0,14,0,0,0,0,9,3,0,0,-1,0,0,0,0,0,0,-1,0,20,0,0,20,0,92.86
0,17,0,0,0,0,10,0,1,0,-1,0,0,0,0,0,0,-1,0,19,0,0,14,0,150.52
0,16,0,0,0,0,10,2,1,0,-1,0,0,0,0,0,0,-1,0,21,0,0,20,0,104.95
0,12,0,0,0,0,9,2,0,0,-1,0,0,0,0,0,0,-1,0,19,0,0,20,0,197.66
0,11,12,0,0,1,10,21,66,2,-1,0,7,0,0,0,0,-1,0,5,2,1,2,0,2318.48
0,11,0,0,0,0,4,15,13,2,-1,0,0,0,1,0,0,-1,0,13,1,0,10,0,1508.07
0,6,0,0,0,0,3,12,19,0,-1,0,5,0,0,0,0,-1,0,13,0,0,14,0,980.04
0,5,0,0,0,0,10,10,15,2,-1,0,1,0,0,0,0,-1,0,12,0,0,18,0,827.74
0,18,0,0,0,0,11,0,1,0,-1,0,0,0,0,0,0,-1,0,19,0,0,14,0,1132.25
0,13,1,0,0,1,15,15,17,0,-1,0,0,0,0,0,0,-1,0,5,0,1,7,0,959.87
0,11,0,0,0,1,4,8,9,0,-1,0,0,0,0,0,0,-1,0,14,2,0,13,0,1184.2
0,13,0,0,0,0,13,0,1,0,-1,0,0,0,0,0,0,-1,0,21,0,0,24,0,223.1
1,11,1,0,0,0,7,39,27,1,-1,0,5,0,0,0,0,-1,1,8,0,0,3,0,1400.87
0,12,0,0,0,0,19,2,1,0,-1,0,0,0,0,0,0,-1,0,15,0,0,22,0,188.07
0,5,4,0,1,6,2,16,39,0,-1,0,16,0,0,1,0,-1,1,11,3,0,12,0,1393.09
0,11,22,0,0,0,13,15,56,6,-1,0,9,0,0,1,0,-1,0,3,0,1,7,0,1561.91
0,2,0,0,0,1,9,25,46,1,-1,0,10,0,0,0,0,-1,0,10,0,0,15,0,1375.94
0,3,0,0,0,1,9,23,35,4,-1,0,6,0,0,0,0,-1,0,10,0,0,16,0,1354.79
0,12,0,0,0,0,6,4,3,0,-1,0,0,0,0,0,0,-1,0,17,0,0,16,0,410.01
0,16,0,0,0,0,11,7,2,0,-1,0,0,0,0,0,0,-1,0,14,0,0,7,0,773.42
0,13,0,0,0,0,10,1,1,0,-1,0,0,0,0,0,0,-1,0,20,0,0,22,0,195.64
4,2,68,0,1,6,9,20,114,0,-1,0,63,0,1,3,0,-1,0,6,4,4,13,0,1960.33
5,2,71,0,3,8,8,22,116,1,-1,0,70,0,1,2,0,-1,1,7,1,3,13,0,1513.08
0,10,30,4,1,1,11,18,89,1,-1,0,15,0,0,1,0,-1,0,3,2,1,4,0,2134.07
2,3,64,8,1,8,10,20,111,2,-1,0,58,0,1,2,0,-1,0,6,4,4,13,0,2353.29
0,17,0,0,0,0,10,4,1,0,-1,0,0,0,0,0,0,-1,0,16,0,0,10,0,726.69
0,12,1,0,0,0,13,15,44,2,-1,0,2,0,0,0,0,-1,0,4,0,1,5,1,729.99
0,9,7,0,0,2,6,36,39,1,-1,0,9,0,0,0,0,-1,1,8,0,0,4,0,866.62
0,11,0,0,0,0,13,0,2,0,-1,0,0,0,0,0,0,-1,0,19,0,0,23,0,139.87
0,13,0,0,0,0,6,7,7,0,-1,0,1,0,0,0,0,-1,0,15,1,0,11,0,396.67
0,18,0,0,0,0,12,2,0,0,-1,0,0,0,0,0,0,-1,0,17,0,0,10,0,762.65
37,4,9,55,12,31,7,25,192,12,-1,22,27,2,16,1,4,-1,2,4,62,39,9,13,4858.0
20,6,8,74,34,41,8,22,183,17,-1,19,41,3,4,9,12,-1,12,2,45,17,7,19,6743.04
0,13,0,0,0,0,6,22,5,0,-1,0,1,0,0,0,0,-1,0,13,0,0,8,0,569.18
14,4,35,0,6,24,3,34,110,1,-1,0,44,0,8,0,0,-1,1,8,5,2,10,0,2929.95
0,15,0,0,0,0,7,7,4,1,-1,0,1,0,0,0,0,-1,0,16,0,0,11,0,1447.48
5,1,77,0,4,36,8,23,133,3,-1,0,46,0,3,2,8,-1,1,6,2,4,12,0,4299.17
0,11,0,0,0,0,5,6,3,0,-1,0,0,0,0,0,0,-1,0,16,0,0,16,0,1017.27
0,14,0,0,0,0,12,0,1,0,-1,0,0,0,0,0,0,-1,0,22,0,0,23,0,186.37
1,14,2,0,0,0,16,13,13,0,-1,0,0,0,0,0,0,-1,0,5,0,0,8,0,875.42
0,18,0,0,0,0,12,4,1,0,-1,0,0,0,0,0,0,-1,0,16,0,0,9,0,160.07
0,15,0,0,0,0,13,0,1,0,-1,0,0,0,0,0,0,-1,0,23,0,0,25,0,188.75
0,16,0,0,0,0,12,12,3,1,-1,0,0,0,0,0,0,-1,0,12,0,0,5,0,254.45
0,2,3,0,0,5,9,24,64,0,-1,0,13,0,1,1,0,-1,0,9,0,0,14,0,1390.29
0,14,0,0,0,0,9,2,0,0,-1,0,0,0,0,0,0,-1,0,20,0,0,20,0,92.96
0,10,29,0,1,2,12,17,85,1,-1,0,12,0,0,2,0,-1,0,3,2,1,5,0,1683.53
0,14,0,0,0,0,11,1,0,0,-1,0,0,0,0,0,0,-1,0,22,0,0,22,0,209.79
0,12,0,0,0,0,5,5,6,0,-1,0,1,0,0,0,0,-1,0,16,0,0,14,0,1043.71
0,6,0,0,0,0,5,13,10,0,-1,0,1,0,0,0,0,-1,0,14,0,0,16,0,794.06
0,10,42,0,0,1,13,15,69,0,-1,0,13,0,0,0,0,-1,0,2,1,1,9,0,1349.91
0,14,0,0,0,0,7,3,1,0,-1,0,0,0,0,0,0,-1,0,19,0,0,17,0,1097.78
39,3,32,8,8,23,7,25,192,15,-1,5,31,3,19,10,12,-1,5,5,38,48,10,5,3804.51
0,18,0,0,0,0,12,0,0,0,-1,0,0,0,0,0,0,-1,0,23,0,0,22,0,114.54
0,14,0,0,0,0,18,0,0,0,-1,0,0,0,0,0,0,-1,0,22,0,0,27,0,200.33
2,4,8,0,0,1,11,18,51,1,-1,0,9,0,0,0,0,-1,0,8,0,0,15,0,706.38
0,14,0,0,0,0,21,3,1,0,-1,0,0,0,0,0,0,-1,0,17,0,0,25,0,724.79
30,5,13,16,9,40,7,26,181,5,-1,1,37,0,6,3,8,-1,3,3,45,37,7,6,4385.81
0,6,3,0,1,0,1,18,32,1,-1,0,19,0,0,0,0,-1,0,11,3,0,12,0,1334.01
0,12,0,0,1,1,5,17,6,0,-1,0,0,0,0,0,0,-1,0,14,0,0,10,0,467.96
0,9,1,0,0,0,4,36,32,0,-1,0,12,0,0,0,0,-1,0,9,1,1,6,0,770.14
0,15,0,0,0,0,10,21,4,0,-1,0,0,0,0,0,0,-1,0,13,0,0,6,0,230.62
0,9,6,0,0,3,5,35,33,0,-1,0,13,0,0,0,0,-1,0,8,0,1,5,0,1927.47
1,6,0,0,0,0,14,9,11,0,-1,0,2,0,0,0,0,-1,0,9,1,0,17,0,1762.63
0,20,0,0,0,0,13,0,0,0,-1,0,0,0,0,0,0,-1,0,22,0,0,17,0,188.76
0,11,10,0,0,0,12,15,63,1,-1,0,6,0,0,0,0,-1,0,4,1,1,4,0,775.05
1,11,3,0,0,0,8,34,39,0,-1,0,9,0,0,1,0,-1,0,7,0,0,2,0,1595.27
1,10,49,0,2,1,10,21,104,5,-1,0,21,0,0,0,0,-1,0,3,2,2,4,0,2320.31
0,14,0,0,0,0,8,21,5,0,-1,0,0,0,0,0,0,-1,0,12,0,0,6,0,767.11
0,11,26,0,1,1,12,17,86,1,-1,0,13,0,0,2,0,-1,0,3,2,2,5,1,825.14
0,17,0,0,0,0,12,5,1,0,-1,0,0,0,0,0,0,-1,0,16,0,0,8,0,128.58
0,17,0,0,0,0,12,1,0,0,-1,0,0,0,0,0,0,-1,0,23,0,0,22,0,92.04
0,18,0,0,0,0,20,5,1,0,-1,0,1,0,0,0,0,-1,0,9,0,0,10,0,562.54
36,3,18,41,13,29,7,26,194,8,-1,9,30,0,18,3,4,-1,4,4,58,36,9,13,3959.65
9,6,21,16,6,38,7,24,175,11,-1,0,51,0,5,6,8,-1,6,3,29,53,6,7,3492.33
5,2,53,0,0,5,9,21,104,2,-1,0,57,0,0,2,0,-1,0,7,3,0,13,0,1434.0
0,11,0,0,0,1,4,6,6,0,-1,0,0,0,0,0,0,-1,0,15,1,0,13,0,1595.67
0,11,17,4,0,0,12,16,75,1,-1,0,9,0,0,0,0,-1,0,4,3,0,4,1,2575.64
6,4,8,4,1,11,2,29,61,2,-1,0,41,2,0,0,0,-1,1,9,8,1,11,0,2354.66
6,4,56,12,30,11,10,17,153,3,-1,0,67,3,1,0,8,-1,2,4,33,35,11,3,3987.93
0,11,0,0,0,0,4,8,7,0,-1,0,1,0,0,0,0,-1,0,16,0,0,15,0,435.93
0,14,1,0,0,0,14,15,25,0,-1,0,0,0,0,0,0,-1,0,6,0,1,5,0,575.45
0,17,0,0,0,0,20,5,1,0,-1,0,1,0,0,0,0,-1,0,9,0,0,11,0,520.04
1,3,7,0,3,7,4,24,71,4,-1,0,52,1,1,0,0,-1,0,10,3,1,12,0,2627.48
0,10,0,0,0,0,17,4,2,0,-1,0,0,0,0,0,0,-1,0,16,0,0,23,0,571.51
0,15,0,0,0,0,11,1,0,0,-1,0,0,0,0,0,0,-1,0,22,0,0,22,0,192.04
0,15,0,0,0,0,10,20,7,0,-1,0,0,0,0,0,0,-1,0,12,0,0,4,0,273.34
0,2,6,0,3,1,6,27,65,1,-1,0,51,0,0,0,0,-1,0,10,1,0,14,0,1284.33
0,11,1,0,0,0,6,32,15,0,-1,0,2,0,0,0,0,-1,0,10,0,0,6,0,702.73
0,11,0,0,0,0,6,5,3,0,-1,0,0,0,0,0,0,-1,0,17,0,0,17,0,324.35
0,18,0,0,0,0,10,0,2,0,-1,0,0,0,0,0,0,-1,0,20,0,0,15,0,195.8
10,5,14,86,19,14,10,11,166,15,-1,12,63,26,3,2,103,-1,7,2,13,36,9,12,4900.61
0,17,0,0,0,0,10,2,1,0,-1,0,0,0,0,0,0,-1,0,17,0,0,11,0,1241.43
0,19,0,0,0,0,13,1,0,0,-1,0,0,0,0,0,0,-1,0,17,0,0,10,0,78.49
0,12,0,0,0,0,19,3,1,0,-1,0,0,0,0,0,0,-1,0,16,0,0,24,0,585.82
0,15,0,0,0,0,11,20,8,0,-1,0,0,0,0,0,0,-1,0,11,0,0,4,0,259.5
0,16,0,0,0,0,9,0,2,0,-1,0,0,0,0,0,0,-1,0,19,0,0,15,0,839.07
0,11,0,0,0,0,11,0,1,0,-1,0,0,0,0,0,0,-1,0,19,0,0,22,0,152.44
0,13,0,0,0,0,21,2,1,0,-1,0,0,0,0,0,0,-1,0,16,0,0,24,0,168.15
16,6,59,8,1,41,6,27,179,2,-1,0,49,0,3,4,8,-1,0,4,5,46,7,4,4890.63
0,17,0,0,0,0,10,4,1,0,-1,0,0,0,0,0,0,-1,0,17,0,0,10,0,317.52
0,15,2,0,0,0,15,17,19,0,-1,0,0,0,0,0,0,-1,0,7,0,0,6,0,673.35
0,15,0,0,0,0,10,2,0,0,-1,0,0,0,0,0,0,-1,0,22,0,0,21,0,75.81
2,9,74,0,5,6,11,19,121,2,-1,0,21,0,0,1,0,-1,0,1,13,19,6,0,4960.66
0,12,0,0,0,0,17,0,2,0,-1,0,0,0,0,0,0,-1,0,20,0,0,26,0,204.15
0,12,0,0,1,1,5,12,7,0,-1,0,0,0,0,0,0,-1,0,14,0,0,10,0,459.47
14,6,11,140,37,9,10,15,174,18,-1,10,58,31,6,12,12,-1,19,1,9,22,8,18,5518.52
30,5,5,52,18,41,7,26,180,11,-1,17,31,0,7,6,8,-1,7,3,62,27,8,19,5141.8
0,11,1,0,0,0,5,31,14,0,-1,0,2,0,0,0,0,-1,0,11,0,0,6,0,744.29
20,3,49,4,6,36,4,35,120,5,-1,0,30,1,9,1,0,-1,2,7,4,2,10,3,2939.11
0,17,0,0,0,0,11,1,1,0,-1,0,0,0,0,0,0,-1,0,22,0,0,20,0,103.49
0,5,0,0,0,0,8,8,8,0,-1,0,0,0,0,0,0,-1,0,14,0,0,17,0,939.57
0,5,0,0,0,0,12,13,15,0,-1,0,2,0,0,0,0,-1,0,12,0,0,18,0,581.94
0,4,0,0,0,2,11,15,23,0,-1,0,1,0,0,1,0,-1,0,11,0,0,17,0,1066.51
0,16,1,0,0,0,15,7,10,0,-1,0,0,0,0,0,0,-1,0,8,0,0,5,0,438.94
0,19,0,0,0,0,11,0,1,0,-1,0,0,0,0,0,0,-1,0,21,0,0,16,0,149.87
0,13,0,0,0,0,13,0,1,0,-1,0,0,0,0,0,0,-1,0,21,0,0,24,0,194.83
1,9,2,0,1,0,2,23,28,0,-1,0,6,1,0,0,0,-1,0,11,3,0,9,0,1741.49
25,3,52,20,5,17,6,27,183,13,-1,4,34,1,27,10,0,-1,2,5,12,42,10,3,3789.96
1,6,0,0,0,0,14,9,15,1,-1,0,2,0,0,0,0,-1,0,10,1,0,17,0,1760.32
1,6,0,0,1,0,13,10,13,0,-1,0,2,0,0,0,0,-1,0,11,0,0,18,0,1926.29
12,5,80,4,2,62,5,32,170,4,-1,0,32,0,3,2,0,-1,1,6,4,17,7,0,3328.33
0,16,0,0,0,0,13,0,0,0,-1,0,0,0,0,0,0,-1,0,23,0,0,24,0,149.9
0,9,1,0,3,0,2,15,21,2,-1,0,0,0,1,0,0,-1,0,12,2,0,10,0,1539.24
0,19,0,0,0,0,21,2,0,0,-1,0,0,0,0,0,0,-1,0,11,0,0,11,0,337.51
1,7,14,0,2,9,3,35,70,3,-1,0,52,0,0,0,0,-1,1,8,2,1,7,0,2517.65
34,5,5,96,62,34,8,23,186,12,-1,29,34,9,4,2,49,-1,13,3,14,21,9,26,6140.12
0,6,0,0,0,0,4,12,19,0,-1,0,3,0,0,0,0,-1,0,13,0,0,14,0,878.79
0,1,8,0,1,1,7,28,69,4,-1,0,61,0,0,0,0,-1,0,9,3,0,14,0,2813.94
0,19,0,0,0,0,20,1,0,0,-1,0,0,0,0,0,0,-1,0,11,0,0,10,0,331.65
6,7,75,0,0,10,6,35,125,3,-1,0,74,0,1,1,0,-1,1,5,0,5,5,0,2581.88
1,9,63,0,2,4,11,20,105,3,-1,4,20,1,0,2,0,-1,0,2,7,10,5,0,2546.58
31,2,74,4,3,36,5,31,141,2,-1,0,27,1,3,2,4,-1,3,7,7,7,10,0,3278.31
1,9,75,0,3,5,12,14,118,1,-1,0,20,0,0,0,0,-1,0,1,11,8,8,0,2064.25
0,18,0,0,0,0,13,4,2,0,-1,0,0,0,0,0,0,-1,0,16,0,0,8,0,199.53
0,14,0,0,0,0,9,21,5,0,-1,0,0,0,0,0,0,-1,0,13,0,0,6,0,266.24
5,2,77,8,1,37,8,23,134,4,-1,0,48,2,2,2,0,-1,5,6,11,14,12,0,2209.22
0,6,0,0,0,0,2,17,27,1,-1,0,8,0,0,0,0,-1,0,12,3,0,13,0,1342.03
0,11,0,0,1,1,5,22,10,1,-1,0,0,0,0,0,0,-1,0,12,0,0,9,0,1556.19
0,10,0,0,0,0,6,5,1,0,-1,0,0,0,0,0,0,-1,0,17,0,0,17,0,237.87
0,15,0,0,0,0,19,4,1,0,-1,0,1,0,0,0,0,-1,0,8,0,0,13,0,579.63
0,18,0,0,0,0,15,9,3,0,-1,0,0,0,0,0,0,-1,0,12,0,0,5,0,207.42
0,9,0,0,0,0,16,5,4,1,-1,0,0,0,0,0,0,-1,0,14,1,0,21,0,1759.41
0,14,0,0,0,0,11,1,0,0,-1,0,0,0,0,0,0,-1,0,21,0,0,22,0,194.87
0,18,0,0,0,0,11,2,1,0,-1,0,0,0,0,0,0,-1,0,18,0,0,12,0,323.9
0,16,0,0,0,0,11,2,0,0,-1,0,0,0,0,0,0,-1,0,22,0,0,21,0,76.33
4,8,75,12,4,11,9,30,151,9,-1,4,50,1,1,6,0,-1,2,3,6,21,5,0,4681.84
0,14,0,0,0,0,8,3,0,0,-1,0,0,0,0,0,0,-1,0,20,0,0,19,0,94.7
0,12,0,0,0,0,10,1,1,0,-1,0,0,0,0,0,0,-1,0,19,0,0,21,0,197.91
0,16,0,0,0,0,18,8,4,0,-1,0,1,0,0,0,0,-1,0,8,0,0,8,0,480.89
1,9,58,0,2,2,10,23,111,0,-1,0,27,0,0,0,0,-1,0,3,3,7,4,0,2308.33
3,5,6,0,4,12,2,32,73,5,-1,0,56,0,4,2,4,-1,0,9,3,5,10,0,2365.85
3,8,77,0,0,10,7,32,125,0,-1,0,36,0,0,0,0,-1,0,5,2,7,4,0,2615.24
0,11,0,0,0,0,9,2,1,0,-1,0,0,0,0,0,0,-1,0,19,0,0,21,0,238.36
0,14,0,0,0,0,7,2,3,0,-1,0,0,0,0,0,0,-1,0,18,0,0,16,0,1192.0
0,11,0,0,0,0,6,5,3,0,-1,0,0,0,0,0,0,-1,0,17,0,0,17,0,236.66
1,9,73,0,5,6,11,18,116,2,-1,0,20,0,0,0,0,-1,2,1,11,13,7,0,4980.97
1,4,1,0,0,1,12,17,37,1,-1,0,7,0,0,0,0,-1,0,8,0,0,15,0,2242.59
0,13,1,0,0,0,13,15,35,1,-1,0,1,0,0,0,0,-1,1,5,0,0,3,0,1927.89
8,7,60,12,6,13,8,30,161,8,-1,4,61,1,1,4,12,-1,5,3,9,37,5,0,5258.53
0,5,0,0,0,0,7,11,10,0,-1,0,0,0,0,0,0,-1,0,13,0,0,17,0,872.75
0,7,0,0,0,0,14,8,12,0,-1,0,0,0,0,0,0,-1,0,14,0,0,20,0,562.87
0,9,0,0,2,1,2,13,19,2,-1,0,0,0,0,0,0,-1,0,13,2,0,12,0,1646.58
0,21,0,0,0,0,14,0,0,0,-1,0,0,0,0,0,0,-1,0,23,0,0,18,0,145.1
0,7,0,0,0,0,12,5,11,1,-1,0,0,0,0,0,0,-1,0,15,0,0,20,0,1078.16
0,15,0,0,0,0,11,1,0,0,-1,0,0,0,0,0,0,-1,0,22,0,0,22,0,185.61
0,13,0,0,0,0,8,3,0,0,-1,0,0,0,0,0,0,-1,0,19,0,0,18,0,1234.95
11,7,40,32,12,10,9,28,162,13,-1,0,57,1,2,10,4,-1,4,2,23,49,6,6,4341.11
1,7,10,0,3,6,3,38,55,1,-1,0,38,0,0,0,0,-1,2,8,4,1,8,1,2166.56
0,5,0,0,0,0,5,13,13,0,-1,0,1,0,0,0,0,-1,0,13,1,0,16,0,1018.0
0,15,0,0,0,0,8,2,1,0,-1,0,0,0,0,0,0,-1,0,19,0,0,17,0,911.16
0,6,0,0,0,0,12,12,12,0,-1,0,2,0,0,0,0,-1,0,13,0,0,19,0,692.34
0,16,0,0,0,0,11,7,2,0,-1,0,0,0,0,0,0,-1,0,14,0,0,7,0,670.7
40,4,5,87,49,30,8,24,186,8,-1,15,33,4,4,1,40,-1,10,3,32,21,8,26,4775.35
1,4,1,0,0,1,12,16,33,1,-1,0,7,0,1,0,0,-1,0,8,0,0,15,0,2063.87
0,11,0,0,0,0,18,3,1,0,-1,0,0,0,0,0,0,-1,0,16,0,0,23,0,548.69
46,2,79,4,5,16,6,31,167,2,-1,0,33,0,11,7,4,-1,3,6,5,15,10,1,3385.88
0,13,0,0,0,0,17,0,1,0,-1,0,0,0,0,0,0,-1,0,21,0,0,26,0,280.51
22,4,6,125,58,40,8,20,184,25,-1,47,35,8,9,6,54,-1,14,3,12,23,9,31,7407.9
11,5,11,159,44,40,9,14,176,17,-1,30,44,19,10,4,77,-1,14,3,13,16,9,31,9126.6
39,5,7,40,16,33,7,27,181,7,-1,16,33,0,8,6,8,-1,5,3,65,30,8,19,4892.33
0,18,0,0,0,0,18,1,6,0,-1,0,0,0,0,0,0,-1,0,10,0,0,7,0,315.25
8,5,14,0,2,14,2,32,73,0,-1,0,58,1,0,1,0,-1,1,8,4,3,9,0,2699.78
0,8,0,0,0,0,5,12,5,0,-1,0,0,0,0,0,0,-1,0,15,0,0,16,0,858.8
0,15,0,0,0,0,22,3,0,0,-1,0,0,0,0,0,0,-1,0,19,0,0,26,0,526.28
0,14,0,0,0,0,10,23,11,1,-1,0,0,0,0,0,0,-1,0,10,0,0,3,0,1154.1
0,4,0,0,0,0,7,15,23,0,-1,0,1,0,0,0,0,-1,0,12,1,0,16,0,1147.16
0,16,0,0,0,0,9,2,1,0,-1,0,0,0,0,0,0,-1,0,21,0,0,18,0,906.24
0,11,0,0,0,0,18,3,1,0,-1,0,0,0,0,0,0,-1,0,14,0,0,22,0,177.66
0,10,2,0,0,0,5,35,22,0,-1,0,8,0,0,0,0,-1,0,9,1,0,6,0,619.19
0,9,0,0,0,0,7,3,0,0,-1,0,0,0,0,0,0,-1,0,17,0,0,18,0,417.41
0,13,0,0,0,0,7,3,3,0,-1,0,0,0,0,0,0,-1,0,18,0,0,17,0,205.46
19,5,7,122,62,38,8,18,182,18,-1,42,43,13,3,8,60,-1,17,2,6,14,8,38,7959.82
0,7,0,0,0,0,12,6,11,0,-1,0,0,0,0,0,0,-1,0,14,0,0,20,0,701.48
0,6,0,0,0,0,10,5,10,0,-1,0,0,0,0,0,0,-1,0,14,0,0,19,0,758.76
0,5,0,0,0,0,10,7,10,0,-1,0,0,0,0,0,0,-1,0,14,0,0,18,0,1010.92
0,10,24,4,1,1,11,18,87,2,-1,0,14,0,0,0,0,-1,0,4,2,0,3,0,2125.34
10,5,17,124,17,12,10,14,165,17,-1,20,66,30,3,3,98,-1,10,2,13,29,10,17,8751.82
0,11,1,0,0,0,11,22,49,0,-1,0,3,0,0,0,0,-1,0,5,0,1,2,0,2190.31
0,19,0,0,0,0,12,0,0,0,-1,0,0,0,0,0,0,-1,0,20,0,0,14,0,1086.35
0,16,0,0,0,0,11,13,3,0,-1,0,0,0,0,0,0,-1,0,13,0,0,6,0,228.6
2,6,58,8,44,10,11,11,142,1,-1,0,55,0,1,1,0,-1,1,3,23,33,11,1,2595.18
0,8,0,0,0,0,15,8,8,0,-1,0,0,0,0,0,0,-1,0,14,1,0,20,0,631.89
0,8,0,0,0,0,4,14,11,0,-1,0,0,0,0,0,0,-1,0,14,0,0,15,0,950.32
26,5,9,25,11,46,7,26,180,10,-1,1,33,0,5,6,8,-1,4,3,63,32,7,17,6265.0
1,3,7,0,3,11,3,26,72,3,-1,0,55,1,1,1,0,-1,0,10,3,1,12,0,2686.71
0,9,0,0,0,0,6,10,2,0,-1,0,0,0,0,0,0,-1,0,16,0,0,17,0,429.35
0,11,0,0,0,0,14,1,3,0,-1,0,0,0,0,0,0,-1,0,19,0,0,24,0,289.96
0,15,0,0,0,0,8,5,2,0,-1,0,0,0,0,0,0,-1,0,16,0,0,10,0,1215.65
0,11,7,0,0,1,14,13,37,1,-1,0,6,0,0,0,0,-1,0,3,0,0,8,0,983.24
0,13,0,0,0,0,9,2,0,0,-1,0,0,0,0,0,0,-1,0,20,0,0,20,0,173.81
31,5,62,4,0,44,5,31,182,3,-1,0,32,1,5,4,0,-1,1,5,8,37,8,1,3600.64
0,6,0,0,0,0,11,5,11,1,-1,0,0,0,0,0,0,-1,0,14,0,0,20,0,1079.32
0,12,0,0,1,1,5,17,5,0,-1,0,0,0,0,0,0,-1,0,14,0,0,10,0,465.9
0,18,0,0,0,0,18,1,6,0,-1,0,0,0,0,0,0,-1,0,10,0,0,7,0,372.32
0,15,0,0,0,0,22,3,0,0,-1,0,0,0,0,0,0,-1,0,18,0,0,26,0,550.07
0,14,0,0,0,0,12,14,16,0,-1,0,0,0,0,0,0,-1,0,8,0,0,1,0,597.09
0,1,2,0,1,0,7,28,53,1,-1,0,44,0,0,0,0,-1,0,10,2,0,14,0,1337.83
0,15,0,0,0,0,9,18,5,0,-1,0,0,0,0,0,0,-1,0,13,0,0,7,0,857.24
0,13,0,0,0,0,20,3,1,0,-1,0,0,0,0,0,0,-1,0,16,0,0,24,0,717.03
1,8,77,4,4,12,9,28,132,8,-1,4,30,0,1,1,0,-1,3,3,6,17,4,0,2802.65
2,4,0,0,0,1,11,20,31,0,-1,0,4,0,0,1,0,-1,0,9,0,0,16,0,673.75
26,1,76,4,3,33,6,29,147,4,-1,0,39,1,3,9,0,-1,5,7,6,11,11,0,4289.01
0,8,0,0,0,0,13,3,7,1,-1,0,0,0,0,0,0,-1,0,16,0,0,21,0,229.66
0,13,0,0,0,0,20,3,1,0,-1,0,0,0,0,0,0,-1,0,17,0,0,24,0,714.62
0,11,0,0,0,0,13,0,1,0,-1,0,0,0,0,0,0,-1,0,20,0,0,23,0,142.09
0,13,1,0,0,0,13,15,28,0,-1,0,0,0,0,0,0,-1,1,6,0,0,4,0,1946.3
0,5,0,0,0,0,10,8,11,1,-1,0,0,0,0,0,0,-1,0,14,0,0,18,0,713.79
0,5,0,0,0,0,3,14,28,0,-1,0,9,0,0,0,0,-1,0,12,2,0,14,0,2266.59
0,13,0,0,0,0,8,25,7,0,-1,0,0,0,0,0,0,-1,0,12,0,0,5,0,692.53
1,9,67,0,4,5,12,18,114,4,-1,0,19,0,0,0,0,-1,2,1,12,12,7,0,1938.98
0,18,0,0,0,0,17,1,7,0,-1,0,0,0,0,0,0,-1,0,10,0,0,6,0,414.54
0,11,0,0,0,0,7,4,0,0,-1,0,0,0,0,0,0,-1,0,18,0,0,19,0,278.28
0,15,0,0,0,0,22,3,0,0,-1,0,0,0,0,0,0,-1,0,19,0,0,27,0,526.03
0,10,0,0,2,0,3,13,14,2,-1,0,0,0,1,0,0,-1,0,14,0,0,11,0,1458.6
0,17,0,0,0,0,9,0,2,0,-1,0,0,0,0,0,0,-1,0,19,0,0,14,0,415.35
0,12,1,0,0,0,11,18,28,1,-1,0,2,0,0,0,0,-1,0,6,0,0,1,0,2077.52
0,19,0,0,0,0,22,2,0,0,-1,0,0,0,0,0,0,-1,0,11,0,0,12,0,545.5
1,8,11,0,0,5,5,34,58,0,-1,0,22,0,0,0,0,-1,0,7,0,1,5,0,957.23
24,3,59,0,5,38,4,36,136,2,-1,0,30,1,3,0,0,-1,1,7,4,3,9,2,3050.06
0,15,0,0,0,0,12,1,0,0,-1,0,0,0,0,0,0,-1,0,22,0,0,23,0,183.9
1,9,1,0,2,0,1,17,21,0,-1,0,4,0,0,0,0,-1,0,12,2,0,11,0,1695.23
0,12,0,0,0,1,4,6,6,0,-1,0,0,0,0,0,0,-1,0,15,1,0,13,0,1241.03
0,14,0,0,0,0,8,12,3,0,-1,0,0,0,0,0,0,-1,0,14,0,0,8,0,364.31
0,11,0,0,0,0,5,5,3,0,-1,0,0,0,0,0,0,-1,0,17,0,0,16,0,1140.83
0,15,0,0,0,0,15,0,1,1,-1,0,0,0,0,0,0,-1,0,23,0,0,26,0,130.83
0,10,0,0,0,0,13,0,3,0,-1,0,0,0,0,0,0,-1,0,18,0,0,22,0,162.38
0,4,0,0,0,0,6,17,20,0,-1,0,2,0,0,0,0,-1,0,12,1,0,15,0,1057.6
0,13,1,0,0,1,15,15,19,0,-1,0,1,0,0,0,0,-1,0,4,0,1,7,0,893.75
41,2,78,8,6,19,6,31,162,1,-1,0,29,1,14,9,0,-1,3,6,5,17,10,0,3803.9
0,1,2,0,0,0,7,28,51,0,-1,0,41,0,0,0,0,-1,0,9,3,0,14,0,1298.03
0,12,0,0,0,0,6,3,2,0,-1,0,0,0,0,0,0,-1,0,18,0,0,17,0,209.41
4,6,20,0,3,17,3,40,81,0,-1,0,63,0,1,0,0,-1,2,7,4,2,8,1,2417.35
9,3,11,0,5,11,3,28,81,3,-1,0,57,0,2,0,0,-1,1,9,5,2,11,0,2801.93
0,7,3,0,1,0,0,20,35,3,-1,0,18,1,0,0,0,-1,0,11,4,0,11,0,1900.57
0,14,0,0,0,0,7,4,4,0,-1,0,1,0,0,0,0,-1,0,17,0,0,14,0,895.19
0,4,0,0,0,0,7,13,16,0,-1,0,1,0,0,0,0,-1,0,13,0,0,16,0,1100.69
1,11,0,0,0,0,4,12,7,0,-1,0,0,1,0,0,0,-1,0,14,1,0,11,0,1051.57
4,8,72,4,10,6,11,19,135,7,-1,0,25,3,0,0,0,-1,1,0,27,24,7,0,2642.56
0,14,0,0,0,0,8,3,1,0,-1,0,0,0,0,0,0,-1,0,20,0,0,18,0,1240.97
0,13,0,0,0,0,6,10,7,0,-1,0,1,0,0,0,0,-1,0,15,1,0,11,0,452.4
26,1,73,4,6,37,6,30,132,2,-1,0,34,1,1,4,0,-1,2,7,4,10,11,0,3250.72
9,3,11,0,5,11,3,29,78,3,-1,0,57,1,1,0,0,-1,0,9,4,2,11,0,2925.75
0,8,0,0,0,0,16,5,5,0,-1,0,1,0,0,0,0,-1,0,10,1,0,18,0,199.23
0,18,0,0,0,0,17,1,7,0,-1,0,0,0,0,0,0,-1,0,10,0,0,6,0,409.18
0,20,0,0,0,0,13,0,1,0,-1,0,0,0,0,0,0,-1,0,23,0,0,18,0,149.96
0,10,0,0,0,0,6,7,4,0,-1,0,0,0,0,0,0,-1,0,16,0,0,17,0,372.38
23,4,56,0,5,39,4,37,128,3,-1,0,26,1,8,2,0,-1,0,7,4,4,9,2,2882.92
0,13,0,0,0,0,6,13,5,1,-1,0,1,0,0,0,0,-1,0,15,1,0,10,0,382.95
0,9,0,0,0,0,16,4,3,0,-1,0,0,0,0,0,0,-1,0,15,0,0,22,0,1723.14
0,12,0,0,0,0,6,4,3,0,-1,0,0,0,0,0,0,-1,0,17,0,0,16,0,473.36
0,10,0,0,0,0,6,6,1,0,-1,0,0,0,0,0,0,-1,0,16,0,0,17,0,468.93
3,3,75,8,1,8,10,21,115,0,-1,0,61,0,1,1,4,-1,0,6,9,8,12,0,2578.26
0,8,0,0,0,0,3,14,13,0,-1,0,1,0,0,0,0,-1,0,14,0,0,14,0,474.51
0,11,0,0,0,0,7,5,0,0,-1,0,0,0,0,0,0,-1,0,18,0,0,18,0,186.9
1,5,0,0,0,0,13,12,18,1,-1,0,2,0,0,0,0,-1,0,10,1,0,17,0,616.6
0,19,0,0,0,0,14,7,2,0,-1,0,0,0,0,0,0,-1,0,14,0,0,6,0,253.29
0,13,0,0,0,0,8,3,0,0,-1,0,0,0,0,0,0,-1,0,19,0,0,18,0,179.79
0,16,0,0,0,0,8,1,2,0,-1,0,0,0,0,0,0,-1,0,18,0,0,14,0,1037.6
40,4,10,59,15,29,7,25,195,8,-1,22,28,1,14,0,0,-1,1,4,59,36,9,14,4903.12
0,12,0,0,0,1,5,22,10,1,-1,0,0,0,0,0,0,-1,0,13,1,0,9,0,608.4
0,10,0,0,0,0,5,8,5,0,-1,0,0,0,0,0,0,-1,0,16,0,0,15,0,480.71
0,17,0,0,0,0,18,5,1,0,-1,0,0,0,0,0,0,-1,0,9,0,0,9,0,293.11
0,3,0,0,0,1,10,20,31,1,-1,0,6,0,0,0,0,-1,0,10,0,0,16,0,861.45
0,7,0,0,0,0,14,7,12,1,-1,0,0,0,0,0,0,-1,0,14,0,0,20,0,556.2
0,4,0,0,0,0,10,17,25,3,-1,0,3,0,0,0,0,-1,0,11,0,0,17,0,1038.43
0,4,1,0,1,0,5,19,34,0,-1,0,9,0,0,0,0,-1,0,12,0,0,15,0,1263.55
0,10,25,0,0,2,10,21,91,1,-1,0,16,0,0,0,0,-1,0,4,3,1,3,0,2640.62
10,6,12,102,49,12,9,14,171,18,-1,11,56,18,8,14,12,-1,15,1,13,27,8,12,6349.79
0,6,5,0,2,4,0,21,38,5,-1,0,16,1,0,0,0,-1,0,11,4,0,11,0,2007.74
0,17,0,0,0,0,11,6,2,0,-1,0,0,0,0,0,0,-1,0,15,0,0,7,0,171.64
0,16,0,0,0,1,18,6,1,0,-1,0,0,0,0,0,0,-1,0,8,0,0,10,0,435.91
2,5,6,4,2,13,2,33,70,2,-1,0,54,2,4,1,0,-1,0,9,4,5,10,0,2284.46
2,9,75,4,9,6,11,15,127,5,-1,0,22,0,1,0,0,-1,1,0,23,22,7,0,2266.66
0,14,0,0,0,0,7,5,5,0,-1,0,1,0,0,0,0,-1,0,18,0,0,15,0,1083.41
0,18,0,0,0,0,13,10,3,1,-1,0,0,0,0,0,0,-1,0,14,0,0,6,0,215.24
0,15,0,0,0,0,11,1,0,0,-1,0,0,0,0,0,0,-1,0,22,0,0,22,0,213.77
0,5,1,0,1,1,4,15,30,0,-1,0,9,0,0,0,0,-1,1,12,0,0,14,0,2323.92
0,17,0,0,0,0,10,0,2,0,-1,0,0,0,0,0,0,-1,0,19,0,0,14,0,321.12
1,11,0,0,0,0,9,32,32,0,-1,0,1,0,0,0,0,-1,0,7,0,0,1,0,538.34
22,3,39,20,3,27,6,28,190,4,-1,0,24,1,26,2,4,-1,3,5,17,48,9,5,3982.92
0,5,0,0,0,1,12,13,19,0,-1,0,2,0,0,0,0,-1,0,11,0,0,17,0,1167.72
0,9,0,0,1,0,16,5,4,0,-1,0,1,0,0,0,0,-1,0,13,0,0,21,0,1763.8
0,17,0,0,0,0,9,0,2,0,-1,0,0,0,0,0,0,-1,0,19,0,0,15,0,161.64
1,9,58,0,2,2,10,24,109,3,-1,0,24,0,0,0,0,-1,0,4,3,1,3,0,2236.97
0,16,0,0,0,0,13,0,0,0,-1,0,0,0,0,0,0,-1,0,23,0,0,24,0,254.54
0,5,0,0,0,0,6,14,19,0,-1,0,1,0,0,0,0,-1,0,13,1,0,16,0,824.5
22,3,39,16,5,25,6,28,190,4,-1,0,28,1,16,6,8,-1,3,5,17,50,9,6,3434.24
0,18,0,0,0,0,12,2,0,0,-1,0,0,0,0,0,0,-1,0,17,0,0,10,0,106.54
0,15,0,0,0,0,22,2,0,0,-1,0,0,0,0,0,0,-1,0,18,0,0,25,0,725.73
0,8,9,0,0,4,4,32,45,1,-1,0,26,0,0,0,0,-1,2,8,2,0,6,0,1972.08
0,0,10,0,1,6,7,27,75,8,-1,4,62,0,0,0,0,-1,0,9,1,0,14,0,2912.45
0,11,0,0,0,0,5,7,6,0,-1,0,1,0,0,0,0,-1,0,16,0,0,15,0,405.68
0,7,0,0,0,0,2,16,23,1,-1,0,6,0,0,0,0,-1,0,13,2,0,13,0,1568.7
0,16,0,0,0,0,18,7,6,0,-1,0,1,0,0,0,0,-1,0,8,0,0,8,0,476.7
0,13,0,0,0,0,9,26,10,0,-1,0,0,0,0,0,0,-1,0,11,0,0,4,0,252.0
1,8,78,12,4,13,9,30,142,10,-1,4,36,0,1,3,0,-1,2,3,7,17,5,0,2705.21
0,18,0,0,0,0,10,0,2,0,-1,0,0,0,0,0,0,-1,0,19,0,0,15,0,176.79
0,10,0,0,0,0,5,9,5,0,-1,0,0,0,0,0,0,-1,0,16,0,0,15,0,392.89
0,9,6,0,0,2,6,36,32,2,-1,0,9,0,0,0,0,-1,1,8,0,0,4,0,1611.71
0,16,0,0,0,0,10,2,1,0,-1,0,0,0,0,0,0,-1,0,21,0,0,20,0,95.63
0,6,5,0,2,4,0,22,39,5,-1,0,16,1,0,0,0,-1,0,11,5,0,11,0,1886.23
0,20,0,0,0,0,13,0,0,0,-1,0,0,0,0,0,0,-1,0,20,1,0,13,0,253.7
0,7,2,0,2,1,0,24,34,0,-1,0,10,1,0,0,0,-1,0,11,3,0,10,0,1793.74
0,5,0,0,0,0,3,14,25,0,-1,0,6,0,0,0,0,-1,0,12,1,0,14,0,1232.44
0,16,0,0,0,0,12,11,7,0,-1,0,0,0,0,0,0,-1,0,11,0,0,3,0,282.92
0,16,0,0,0,0,10,1,1,0,-1,0,0,0,0,0,0,-1,0,21,0,0,19,0,91.67
0,7,0,0,0,0,3,12,20,0,-1,0,4,0,0,0,0,-1,0,13,0,0,14,0,503.93
0,13,0,0,0,0,14,0,1,0,-1,0,0,0,0,0,0,-1,0,21,0,0,25,0,138.73
1,9,7,0,0,3,6,33,57,2,-1,0,17,0,0,0,0,-1,0,7,0,1,5,0,2062.74
0,15,0,0,0,0,9,3,0,0,-1,0,0,0,0,0,0,-1,0,21,0,0,20,0,94.05
0,13,1,0,0,0,15,16,23,0,-1,0,1,0,0,0,0,-1,0,5,0,1,6,0,864.92
1,9,0,0,2,0,2,15,19,2,-1,0,0,0,0,0,0,-1,0,13,2,0,12,0,1617.29
0,15,0,0,0,0,8,5,3,1,-1,0,0,0,0,0,0,-1,0,16,0,0,11,0,394.63
0,16,0,0,0,0,12,12,3,1,-1,0,0,0,0,0,0,-1,0,13,0,0,5,0,284.08
0,19,0,0,0,0,14,5,2,0,-1,0,0,0,0,0,0,-1,0,15,0,0,7,0,203.54
0,15,0,0,0,0,14,0,1,1,-1,0,0,0,0,0,0,-1,0,23,0,0,25,0,196.61
0,12,0,0,1,1,5,11,7,0,-1,0,0,0,0,0,0,-1,0,14,0,0,11,0,1501.52
0,10,0,0,0,0,14,1,3,0,-1,0,0,0,0,0,0,-1,0,18,0,0,23,0,215.21
0,11,0,0,0,0,9,2,0,0,-1,0,0,0,0,0,0,-1,0,19,0,0,20,0,176.07
20,5,4,126,62,44,8,21,184,15,-1,40,37,10,5,6,46,-1,12,3,11,14,8,32,5762.3
0,10,0,0,0,0,17,4,2,0,-1,0,0,0,0,0,0,-1,0,14,1,0,21,0,206.39
0,12,0,0,0,0,9,2,0,0,-1,0,0,0,0,0,0,-1,0,19,0,0,20,0,92.92
1,14,1,0,0,0,18,8,4,1,-1,0,0,0,0,0,0,-1,0,6,0,0,10,0,561.97
12,4,14,4,6,9,3,33,88,1,-1,0,57,1,2,2,0,-1,0,8,4,4,10,0,2445.6
0,17,0,0,0,0,12,14,3,0,-1,0,0,0,0,0,0,-1,0,14,0,0,6,0,82.58
1,4,3,0,0,1,12,16,38,1,-1,0,7,0,1,0,0,-1,0,8,0,0,15,0,699.71
0,12,0,0,1,1,5,18,7,0,-1,0,0,0,0,0,0,-1,0,14,0,0,10,0,1208.66
0,13,1,0,0,1,15,15,17,0,-1,0,0,0,0,0,0,-1,0,5,0,1,7,0,835.67
0,12,0,0,0,1,9,29,18,0,-1,0,1,0,0,0,0,-1,0,8,0,0,1,0,543.46
1,6,0,0,0,0,14,9,10,0,-1,0,2,0,0,0,0,-1,0,9,1,0,17,0,218.5
0,9,0,0,0,0,6,9,2,0,-1,0,0,0,0,0,0,-1,0,16,0,0,17,0,423.5
0,12,0,0,0,0,7,25,8,0,-1,0,0,0,0,0,0,-1,0,11,0,0,6,0,598.66
0,16,0,0,0,0,12,11,7,0,-1,0,0,0,0,0,0,-1,0,11,0,0,3,0,285.05
0,11,0,0,0,0,15,1,4,0,-1,0,0,0,0,0,0,-1,0,18,0,0,24,0,912.5
9,7,44,20,16,11,9,24,158,13,-1,8,54,2,2,9,8,-1,6,1,28,42,6,7,3753.27
0,15,0,0,0,0,22,3,0,0,-1,0,0,0,0,0,0,-1,0,19,0,0,27,0,411.81
0,14,0,0,0,0,20,3,1,0,-1,0,0,0,0,0,0,-1,0,18,0,0,25,0,570.57
0,8,0,0,0,0,6,9,2,0,-1,0,0,0,0,0,0,-1,0,16,0,0,17,0,429.12
14,6,14,32,7,51,7,23,182,11,-1,4,36,0,7,7,4,-1,4,3,41,38,7,7,6534.0
0,9,1,0,1,1,3,30,24,0,-1,0,3,0,0,0,0,-1,0,11,4,0,8,0,1593.13
0,13,1,0,0,0,15,16,23,0,-1,0,1,0,0,0,0,-1,0,5,0,1,6,0,957.52
0,12,0,0,0,1,9,31,16,0,-1,0,1,0,0,0,0,-1,0,8,0,0,2,0,580.16
1,9,0,0,2,0,2,16,20,1,-1,0,0,1,0,0,0,-1,0,13,2,0,11,0,1664.97
1,10,0,0,1,0,3,11,14,0,-1,0,0,0,0,0,0,-1,0,14,2,0,12,0,1507.76
0,6,0,0,0,0,3,13,21,0,-1,0,6,0,0,0,0,-1,0,13,0,0,14,0,569.89
1,12,0,0,0,0,4,17,9,0,-1,0,0,1,0,0,0,-1,0,13,0,0,10,0,1244.86
0,16,1,0,0,0,17,11,6,0,-1,0,1,0,0,0,0,-1,0,7,0,0,8,0,532.45
0,14,0,0,0,0,7,3,4,0,-1,0,1,0,0,0,0,-1,0,17,0,0,13,0,431.04
0,10,0,0,0,0,3,10,12,0,-1,0,1,0,0,0,0,-1,0,15,0,0,14,0,398.29
0,6,0,0,0,0,2,16,27,1,-1,0,11,0,0,0,0,-1,0,12,3,0,13,0,1291.69
0,6,0,0,0,0,13,13,13,0,-1,0,2,0,0,0,0,-1,0,12,0,0,19,0,1847.87
0,18,0,0,0,0,11,3,1,0,-1,0,0,0,0,0,0,-1,0,17,0,0,10,0,636.43
0,5,0,0,0,1,12,13,18,0,-1,0,2,0,0,0,0,-1,0,11,0,0,18,0,631.81
0,15,0,0,0,0,10,2,0,0,-1,0,0,0,0,0,0,-1,0,21,0,0,20,0,105.17
0,9,0,0,0,0,14,3,6,0,-1,0,0,0,0,0,0,-1,0,16,0,0,22,0,858.03
1,9,73,0,3,7,10,20,115,1,-1,4,24,1,0,2,0,-1,1,2,9,17,5,0,2318.29
0,16,0,0,0,0,11,2,0,0,-1,0,0,0,0,0,0,-1,0,22,0,0,21,0,89.9
0,11,26,0,1,1,12,17,86,1,-1,0,13,0,0,2,0,-1,0,3,2,2,5,0,1700.48
0,19,0,0,0,0,12,0,1,0,-1,0,0,0,0,0,0,-1,0,21,0,0,16,0,192.89
0,9,0,0,3,1,1,18,19,2,-1,0,0,0,0,0,0,-1,0,13,0,0,12,0,1748.22
0,13,0,0,0,0,6,19,6,0,-1,0,1,0,0,0,0,-1,0,13,1,0,9,0,315.8
1,8,9,0,0,4,5,34,53,0,-1,0,19,0,0,0,0,-1,0,8,0,1,5,0,1571.7
0,12,0,0,0,0,19,2,1,0,-1,0,0,0,0,0,0,-1,0,15,0,0,23,0,201.01
0,14,0,0,0,0,21,2,1,0,-1,0,0,0,0,0,0,-1,0,16,0,0,24,0,171.37
0,11,0,0,0,0,19,2,1,0,-1,0,0,0,0,0,0,-1,0,14,0,0,22,0,179.77
0,13,0,0,0,0,12,0,1,0,-1,0,0,0,0,0,0,-1,0,21,0,0,23,0,194.38
0,12,0,0,0,0,12,0,1,0,-1,0,0,0,0,0,0,-1,0,20,0,0,22,0,194.79
0,17,0,0,0,0,18,5,6,0,-1,0,0,0,0,0,0,-1,0,9,0,0,8,0,311.26
0,12,0,0,0,0,6,23,9,0,-1,0,1,0,0,0,0,-1,0,12,0,0,7,0,579.1
0,17,0,0,0,0,13,10,3,1,-1,0,0,0,0,0,0,-1,0,14,0,0,6,0,189.72
0,9,0,0,0,0,3,11,14,0,-1,0,1,0,0,0,0,-1,0,14,0,0,14,0,414.94
1,14,1,0,0,0,18,8,4,1,-1,0,0,0,0,0,0,-1,0,6,0,0,11,0,620.12
1,8,2,0,3,0,1,24,28,0,-1,0,6,1,0,0,0,-1,0,11,1,0,9,0,1954.38
0,1,8,0,1,4,7,28,66,3,-1,0,56,0,0,0,0,-1,0,9,1,0,14,0,2822.14
0,4,1,0,1,0,5,19,32,0,-1,0,8,0,0,0,0,-1,0,12,0,0,15,0,1073.44
0,16,0,0,0,0,11,9,3,0,-1,0,0,0,0,0,0,-1,0,14,0,0,6,0,222.54
0,18,0,0,0,0,10,0,1,0,-1,0,0,0,0,0,0,-1,0,21,0,0,17,0,174.36
0,15,0,0,0,0,12,11,7,0,-1,0,0,0,0,0,0,-1,0,11,0,0,3,0,280.21
6,4,6,4,2,8,2,27,59,3,-1,0,37,0,0,1,0,-1,0,10,8,1,11,0,2562.01
7,8,75,12,4,12,8,29,156,6,-1,0,61,0,0,5,8,-1,4,3,8,21,5,0,3955.01
0,14,1,0,0,0,14,14,26,0,-1,0,0,0,0,0,0,-1,0,6,0,1,4,0,571.84
0,14,2,0,0,1,16,13,13,0,-1,0,0,0,0,0,0,-1,0,6,0,0,8,0,601.0
0,15,0,0,0,0,12,1,1,0,-1,0,0,0,0,0,0,-1,0,22,0,0,23,0,189.54
0,17,0,0,0,0,18,6,3,0,-1,0,0,0,0,0,0,-1,0,8,0,0,8,0,359.22
27,4,26,54,48,39,8,19,188,15,-1,5,35,5,4,1,15,-1,4,4,21,23,10,9,4162.71
0,16,0,0,0,0,14,0,1,0,-1,0,0,0,0,0,0,-1,0,24,0,0,25,0,189.26
0,13,0,0,0,0,9,3,0,0,-1,0,0,0,0,0,0,-1,0,19,0,0,20,0,94.66
0,14,0,0,0,0,12,0,1,0,-1,0,0,0,0,0,0,-1,0,21,0,0,23,0,229.65
9,6,16,46,49,11,10,14,170,14,-1,6,56,17,7,14,16,-1,7,1,12,26,8,11,5977.1
0,13,0,0,0,0,12,0,1,0,-1,0,0,0,0,0,0,-1,0,21,0,0,23,0,198.56
43,4,6,28,37,32,8,24,191,10,-1,7,27,4,5,3,38,-1,6,3,43,25,9,27,5461.66
0,11,0,0,0,1,8,36,20,0,-1,0,1,0,0,0,0,-1,0,9,0,0,3,0,1275.2
1,9,62,0,2,5,9,29,113,0,-1,0,27,0,0,0,0,-1,0,4,3,8,4,0,3234.74
1,2,1,0,0,0,9,25,49,1,-1,0,10,0,0,1,0,-1,0,9,0,0,15,0,1452.67
0,9,0,0,0,0,3,12,14,0,-1,0,1,0,0,0,0,-1,0,14,0,0,14,0,340.43
0,13,0,0,0,0,10,23,12,0,-1,0,1,0,0,0,0,-1,0,10,0,0,2,0,287.8
0,19,0,0,0,0,20,1,0,0,-1,0,0,0,0,0,0,-1,0,11,0,0,10,0,420.04
0,10,1,0,0,0,6,35,16,0,-1,0,5,0,0,0,0,-1,0,9,0,0,5,0,659.27
0,8,0,0,0,0,2,14,19,0,-1,0,1,0,0,0,0,-1,0,14,1,0,14,0,556.48
0,16,0,0,0,1,19,5,1,0,-1,0,0,0,0,0,0,-1,0,8,0,0,12,0,460.84
0,12,0,0,1,1,5,6,7,0,-1,0,0,0,0,0,0,-1,0,15,0,0,12,0,1115.89
0,15,0,0,0,1,18,6,1,0,-1,0,0,0,0,0,0,-1,0,7,0,0,10,0,532.91
0,3,0,0,0,1,9,21,31,4,-1,0,6,0,0,0,0,-1,0,11,0,0,16,0,1374.74
0,12,0,0,0,1,5,17,5,0,-1,0,0,0,0,0,0,-1,0,14,1,0,9,0,1668.57
0,7,0,0,1,0,15,8,9,0,-1,0,1,0,0,0,0,-1,0,12,0,0,19,0,1653.45
0,12,0,0,0,0,6,4,3,0,-1,0,0,0,0,0,0,-1,0,17,0,0,16,0,471.89
0,15,2,0,0,1,17,13,10,0,-1,0,0,0,0,0,0,-1,0,6,0,0,9,0,573.36
0,16,0,0,0,0,13,12,12,0,-1,0,0,0,0,0,0,-1,0,11,0,0,3,0,551.83
0,13,0,0,0,0,8,26,8,0,-1,0,0,0,0,0,0,-1,0,11,0,0,5,0,596.44
14,5,9,178,26,29,9,13,180,19,-1,41,50,39,4,6,75,-1,21,2,5,13,9,29,5779.15
0,10,13,0,0,1,7,38,61,1,-1,0,17,0,0,0,0,-1,0,6,0,0,3,0,1651.85
0,10,15,0,0,1,10,25,76,2,-1,0,13,0,0,0,0,-1,0,5,2,0,2,0,2381.64
6,2,67,0,1,4,9,21,113,2,-1,0,66,0,0,3,0,-1,0,7,2,2,13,0,1512.92
19,5,72,12,1,54,5,30,180,3,-1,0,36,0,1,2,0,-1,2,5,5,29,7,1,3598.04
0,15,0,0,0,0,11,15,8,0,-1,0,0,0,0,0,0,-1,0,11,0,0,3,0,282.68
1,6,0,0,0,0,13,9,15,0,-1,0,2,0,0,0,0,-1,0,9,0,0,16,0,1813.67
1,10,3,0,0,0,8,36,43,0,-1,0,10,0,0,1,0,-1,0,7,0,0,2,0,1530.67
1,9,68,0,2,5,10,21,112,3,-1,4,23,1,0,0,0,-1,1,3,2,9,4,0,2539.68
0,19,0,0,0,0,13,4,1,0,-1,0,0,0,0,0,0,-1,0,16,0,0,9,0,123.09
0,14,0,0,0,0,7,6,4,0,-1,0,1,0,0,0,0,-1,0,16,0,0,12,0,1190.96
7,6,23,24,6,27,8,24,179,9,-1,0,59,2,8,11,8,-1,8,3,31,51,6,7,6136.87
0,10,49,0,0,2,13,14,84,6,-1,0,14,0,0,0,0,-1,0,2,4,2,8,1,1947.19
0,6,78,4,11,9,11,10,120,4,-1,0,44,0,1,3,0,-1,2,4,47,20,11,1,2468.71
0,13,0,0,0,0,13,0,1,1,-1,0,0,0,0,0,0,-1,0,22,0,0,24,0,229.32
0,4,0,0,0,0,10,18,26,3,-1,0,3,0,0,0,0,-1,0,11,0,0,17,0,1195.37
7,2,70,8,1,47,8,22,153,10,-1,4,40,2,2,7,8,-1,5,6,10,24,11,0,4477.65
0,14,0,0,0,0,6,5,5,0,-1,0,1,0,0,0,0,-1,0,17,0,0,15,0,1005.16
0,14,0,0,0,0,6,4,8,0,-1,0,1,0,0,0,0,-1,0,16,0,0,13,0,345.42
0,14,0,0,0,0,21,2,1,0,-1,0,0,0,0,0,0,-1,0,16,0,0,24,0,591.57
0,5,0,0,0,0,6,14,19,0,-1,0,1,0,0,0,0,-1,0,13,1,0,16,0,1037.34
0,15,0,0,0,0,11,18,7,0,-1,0,0,0,0,0,0,-1,0,12,0,0,4,0,220.69
11,5,14,134,15,20,9,15,168,12,-1,20,57,34,3,3,104,-1,14,3,13,28,10,17,3050.11
6,7,76,0,0,6,6,36,118,1,-1,0,66,0,1,0,0,-1,0,5,1,5,5,0,3131.9
0,16,0,0,0,0,18,6,1,0,-1,0,1,0,0,0,0,-1,0,8,0,0,10,0,436.01
6,5,42,32,46,9,10,14,150,7,-1,0,65,7,1,0,8,-1,3,3,17,43,11,1,2633.98
0,12,3,0,0,1,14,12,28,0,-1,0,3,0,0,1,0,-1,0,3,0,0,8,0,849.0
0,19,0,0,0,0,12,0,0,0,-1,0,0,0,0,0,0,-1,0,19,0,0,13,0,261.53
47,2,78,4,5,16,6,31,158,2,-1,0,36,0,7,8,4,-1,3,6,5,11,11,0,3883.25
33,5,19,20,5,39,7,26,180,5,-1,0,38,0,2,4,4,-1,1,4,24,46,7,6,3295.08
0,13,0,0,0,0,10,29,19,0,-1,0,1,0,0,0,0,-1,0,8,0,0,1,0,585.52
7,2,71,8,1,47,8,23,153,10,-1,4,41,3,1,7,8,-1,4,6,9,22,11,0,4437.22
0,15,0,0,0,0,11,20,7,0,-1,0,0,0,0,0,0,-1,0,12,0,0,4,0,274.03
0,19,0,0,0,0,12,0,1,0,-1,0,0,0,0,0,0,-1,0,22,0,0,17,0,155.25
0,9,0,0,2,1,2,15,18,2,-1,0,0,0,0,0,0,-1,0,13,1,0,12,0,1659.54
0,7,0,0,0,0,5,11,7,0,-1,0,0,0,0,0,0,-1,0,14,0,0,16,0,883.21
3,9,75,0,8,5,11,19,126,2,-1,0,22,1,1,0,0,-1,1,1,14,21,7,0,4939.71
0,16,0,0,0,0,9,3,1,0,-1,0,0,0,0,0,0,-1,0,21,0,0,19,0,921.95
0,12,0,0,0,0,8,3,0,0,-1,0,0,0,0,0,0,-1,0,19,0,0,19,0,183.19
0,3,0,0,0,1,9,23,35,0,-1,0,6,0,0,0,0,-1,0,10,0,0,16,0,1197.57
0,6,0,0,0,0,7,9,7,0,-1,0,0,0,0,0,0,-1,0,14,0,0,17,0,840.92
0,3,0,0,0,0,7,20,29,0,-1,0,2,0,0,0,0,-1,0,12,1,0,15,0,1128.51
0,12,0,0,0,0,8,28,15,0,-1,0,2,0,0,0,0,-1,0,9,0,0,2,0,1170.28
6,8,75,16,3,10,8,30,160,9,-1,4,63,2,1,8,8,-1,3,3,7,21,5,0,5083.08
0,18,0,0,0,0,11,0,1,0,-1,0,0,0,0,0,0,-1,0,19,0,0,14,0,155.57
4,1,24,4,1,26,6,27,94,5,-1,4,53,2,0,2,0,-1,1,8,5,2,12,0,3004.08
0,17,0,0,0,0,11,9,3,0,-1,0,0,0,0,0,0,-1,0,14,0,0,7,0,175.88
1,2,1,0,0,0,9,24,54,1,-1,0,11,0,0,0,0,-1,0,9,0,0,15,0,1316.58
0,15,0,0,0,0,7,7,4,1,-1,0,1,0,0,0,0,-1,0,16,0,0,11,0,1195.69
0,13,0,0,0,0,6,15,5,0,-1,0,1,0,0,0,0,-1,0,14,1,0,9,0,415.45
1,10,0,0,2,0,3,14,18,0,-1,0,0,0,0,0,0,-1,0,14,2,0,12,0,438.7
0,7,0,0,0,1,14,8,12,0,-1,0,2,0,0,0,0,-1,0,10,1,0,17,0,1677.13
11,6,28,20,4,37,7,24,175,9,-1,0,52,0,1,7,12,-1,5,3,20,53,6,3,5393.8
0,9,1,0,1,0,3,34,39,0,-1,0,14,0,0,0,0,-1,0,10,0,1,7,0,1980.2
0,15,0,0,0,0,13,12,13,0,-1,0,0,0,0,0,0,-1,0,10,0,0,2,0,569.56
0,7,0,0,0,0,8,4,2,0,-1,0,0,0,0,0,0,-1,0,15,0,0,18,0,735.72
0,14,0,0,0,0,18,0,1,0,-1,0,0,0,0,0,0,-1,0,22,0,0,27,0,201.46
9,7,45,28,9,13,8,28,166,14,-1,4,59,0,2,10,8,-1,5,2,18,45,6,4,6054.61
1,3,0,0,0,0,10,23,41,3,-1,0,6,0,0,0,0,-1,0,10,0,0,16,0,1359.96
0,16,0,0,0,0,9,1,2,0,-1,0,0,0,0,0,0,-1,0,19,0,0,14,0,1174.83
0,18,0,0,0,0,13,4,2,0,-1,0,0,0,0,0,0,-1,0,16,0,0,8,0,202.82
0,13,0,0,0,0,8,3,0,0,-1,0,0,0,0,0,0,-1,0,19,0,0,19,0,190.21
0,10,0,0,0,0,3,11,12,0,-1,0,1,0,0,0,0,-1,0,15,0,0,14,0,395.27
0,10,2,0,0,0,5,34,19,0,-1,0,8,0,0,0,0,-1,0,9,0,0,5,0,1903.8
0,1,2,0,0,0,7,28,53,0,-1,0,44,0,0,0,0,-1,0,9,2,0,14,0,2574.37
0,11,0,0,0,1,4,8,6,0,-1,0,0,0,0,0,0,-1,0,15,0,0,13,0,433.97
0,16,0,0,0,0,8,1,2,0,-1,0,0,0,0,0,0,-1,0,18,0,0,15,0,181.68
0,16,0,0,0,0,9,6,2,0,-1,0,0,0,0,0,0,-1,0,15,0,0,8,0,328.83
0,10,0,0,0,0,6,5,3,0,-1,0,0,0,0,0,0,-1,0,17,0,0,17,0,197.74
0,16,0,0,0,0,12,11,7,0,-1,0,0,0,0,0,0,-1,0,11,0,0,3,0,280.06
0,6,11,0,0,2,13,11,35,0,-1,0,8,0,0,0,0,-1,0,7,0,0,14,0,1194.79
0,10,0,0,0,0,3,9,12,0,-1,0,1,0,0,0,0,-1,0,15,0,0,14,0,458.48
5,7,34,12,30,12,10,16,154,7,-1,1,43,7,4,7,20,-1,4,0,35,41,8,2,5342.23
0,7,3,0,4,1,1,31,40,0,-1,0,18,0,0,0,0,-1,0,10,4,1,10,0,1874.13
0,13,0,0,0,0,8,26,9,0,-1,0,0,0,0,0,0,-1,0,11,0,0,5,0,1152.72
0,6,0,0,0,0,12,14,15,0,-1,0,2,0,0,0,0,-1,0,12,0,0,19,0,603.92
0,7,0,0,1,0,1,17,24,1,-1,0,7,0,0,0,0,-1,0,12,2,0,13,0,1813.12
0,12,2,0,0,0,14,16,43,1,-1,0,3,0,0,0,0,-1,0,4,0,0,6,0,638.07
0,16,0,0,0,1,19,5,1,0,-1,0,0,0,0,0,0,-1,0,8,0,0,11,0,572.45
0,17,0,0,0,0,11,5,1,0,-1,0,0,0,0,0,0,-1,0,16,0,0,9,0,108.82
0,6,5,0,3,4,0,26,39,3,-1,0,19,1,0,0,0,-1,0,10,4,0,11,0,2181.47
3,9,73,0,6,5,11,19,122,1,-1,0,23,1,0,1,0,-1,0,1,11,18,6,0,2550.93
0,19,0,0,0,0,13,1,0,0,-1,0,0,0,0,0,0,-1,0,19,0,0,12,0,246.09
0,16,0,0,0,0,9,5,2,0,-1,0,0,0,0,0,0,-1,0,16,0,0,11,0,1150.62
0,8,0,0,0,0,4,11,11,0,-1,0,0,0,0,0,0,-1,0,15,0,0,15,0,451.61
0,15,0,0,0,0,23,2,0,0,-1,0,0,0,0,0,0,-1,0,19,0,0,26,0,424.11
0,10,48,0,2,2,11,17,92,1,-1,0,18,0,0,2,0,-1,0,2,3,2,5,0,1827.72
0,13,0,0,0,0,11,1,0,0,-1,0,0,0,0,0,0,-1,0,21,0,0,22,0,225.91
0,19,0,0,0,0,12,0,0,0,-1,0,0,0,0,0,0,-1,0,20,0,0,14,0,1084.59
0,10,0,0,0,1,4,9,10,0,-1,0,0,0,0,0,0,-1,0,15,1,0,13,0,1099.85
0,15,0,0,0,0,10,23,4,0,-1,0,0,0,0,0,0,-1,0,12,0,0,5,0,775.88
0,5,0,0,0,1,13,13,18,0,-1,0,2,0,0,0,0,-1,0,11,1,0,18,0,658.91
2,9,70,0,1,6,8,33,119,0,-1,0,31,0,0,1,0,-1,0,4,4,10,4,0,2526.89
0,14,0,0,0,0,8,20,5,0,-1,0,0,0,0,0,0,-1,0,12,0,0,6,0,682.48
10,7,70,12,2,11,7,25,155,7,-1,0,72,0,2,4,4,-1,5,4,7,29,5,0,5180.12
1,5,7,0,2,5,2,21,47,1,-1,0,28,0,0,2,0,-1,1,10,5,0,12,0,2350.63
0,16,0,0,0,1,18,6,1,0,-1,0,0,0,0,0,0,-1,0,7,0,0,11,0,512.95
0,12,0,0,0,0,9,31,15,0,-1,0,1,0,0,0,0,-1,0,9,0,0,2,0,515.67
0,18,0,0,0,0,20,5,1,0,-1,0,1,0,0,0,0,-1,0,9,0,0,11,0,475.45
0,18,0,0,0,0,12,2,0,0,-1,0,0,0,0,0,0,-1,0,17,0,0,10,0,112.98
0,14,0,0,0,0,6,6,5,0,-1,0,1,0,0,0,0,-1,0,16,1,0,12,0,394.32
0,14,0,0,0,0,10,21,12,0,-1,0,1,0,0,0,0,-1,0,10,0,0,2,0,490.32
0,7,3,0,0,1,2,39,47,0,-1,0,24,1,0,0,0,-1,0,10,8,0,8,0,2108.37
0,8,0,0,1,0,16,5,4,0,-1,0,1,0,0,0,0,-1,0,13,0,0,20,0,223.4
3,9,75,4,9,5,12,16,125,4,-1,0,23,0,0,0,0,-1,1,0,16,20,7,0,5440.0
0,16,0,0,0,0,10,10,3,0,-1,0,0,0,0,0,0,-1,0,14,0,0,8,0,788.16
7,5,11,203,12,34,9,13,171,15,-1,14,49,44,7,3,88,-1,14,2,12,17,9,18,6779.52
7,7,76,0,0,5,6,36,118,1,-1,0,66,0,1,0,0,-1,0,5,1,5,5,0,2605.69
0,7,0,0,0,0,14,10,11,0,-1,0,1,0,0,0,0,-1,0,13,1,0,20,0,1598.43
0,13,1,0,0,0,14,16,25,0,-1,0,1,0,0,0,0,-1,0,5,0,0,5,0,579.54
0,20,0,0,0,0,15,1,2,0,-1,0,0,0,0,0,0,-1,0,17,0,0,9,0,197.68
1,9,0,0,2,0,2,15,20,1,-1,0,0,1,0,0,0,-1,0,13,2,0,11,0,1649.18
0,13,0,0,0,0,12,0,1,0,-1,0,0,0,0,0,0,-1,0,21,0,0,23,0,228.18
0,14,0,0,0,0,9,3,0,0,-1,0,0,0,0,0,0,-1,0,20,0,0,19,0,179.0
0,10,55,0,2,3,11,18,90,1,-1,0,16,0,0,1,0,-1,2,2,5,3,5,0,942.13
9,7,61,4,6,11,8,28,161,5,-1,0,62,1,1,3,16,-1,3,3,8,36,5,0,4903.17
9,6,33,24,5,29,7,24,172,9,-1,0,61,0,2,6,4,-1,8,3,16,56,6,7,3628.03
0,16,0,0,0,0,8,5,2,0,-1,0,0,0,0,0,0,-1,0,16,0,0,11,0,268.68
1,4,2,0,0,1,12,16,36,1,-1,0,7,0,1,0,0,-1,0,8,0,0,15,0,697.56
0,13,0,0,0,0,9,28,12,0,-1,0,1,0,0,0,0,-1,0,10,0,0,3,0,227.23
0,13,0,0,0,0,8,3,0,0,-1,0,0,0,0,0,0,-1,0,19,0,0,19,0,120.74
0,15,0,0,0,0,15,0,1,0,-1,0,0,0,0,0,0,-1,0,23,0,0,26,0,185.57
16,5,7,126,57,36,9,18,181,21,-1,25,45,18,3,8,56,-1,20,2,5,15,8,37,4942.84
1,9,65,0,2,4,11,19,106,5,-1,0,20,0,0,1,0,-1,2,1,11,12,6,0,2033.25
2,4,60,4,0,2,11,18,89,3,-1,0,42,0,0,0,0,-1,0,6,7,8,13,0,2325.61
22,4,53,0,6,37,4,35,123,3,-1,0,29,1,7,1,0,-1,1,7,4,2,9,2,2782.2
0,19,0,0,0,0,12,0,0,0,-1,0,0,0,0,0,0,-1,0,20,0,0,14,0,149.22
0,3,0,0,0,1,10,19,30,1,-1,0,4,0,0,0,0,-1,0,11,0,0,16,0,1211.27
2,9,65,0,2,5,11,19,107,1,-1,0,18,0,0,1,0,-1,0,2,11,14,6,0,2293.16
0,8,3,0,3,1,1,33,40,0,-1,0,17,1,0,0,0,-1,0,10,3,1,9,0,2218.92
0,15,0,0,0,0,8,5,2,0,-1,0,0,0,0,0,0,-1,0,16,0,0,10,0,1211.86
0,16,0,0,0,0,10,4,1,0,-1,0,0,0,0,0,0,-1,0,16,0,0,10,0,317.12
0,11,1,0,0,0,7,38,19,0,-1,0,4,0,0,0,0,-1,0,9,0,0,4,0,760.18
0,17,0,0,0,0,11,6,3,0,-1,0,0,0,0,0,0,-1,0,14,0,0,7,0,211.17
0,16,0,0,0,0,13,12,14,0,-1,0,0,0,0,0,0,-1,0,10,0,0,2,0,464.67
33,5,65,4,0,42,5,32,184,3,-1,0,32,1,5,5,4,-1,1,5,6,34,8,0,3835.02
0,16,0,0,0,0,11,2,0,0,-1,0,0,0,0,0,0,-1,0,22,0,0,21,0,186.03
0,3,0,0,0,0,8,18,27,1,-1,0,2,0,0,0,0,-1,0,12,0,0,16,0,1133.46
45,1,75,0,6,21,6,29,147,3,-1,0,37,1,1,7,4,-1,1,7,4,10,11,0,3325.39
0,19,0,0,0,0,12,0,0,0,-1,0,0,0,0,0,0,-1,0,21,0,0,16,0,121.29
9,7,67,16,5,13,8,23,160,9,-1,0,67,0,2,4,4,-1,5,3,6,32,5,0,4500.66
0,4,0,0,0,0,7,13,16,0,-1,0,1,0,0,0,0,-1,0,13,0,0,16,0,1213.2
0,7,0,0,0,1,14,8,9,0,-1,0,2,0,0,0,0,-1,0,9,0,0,17,0,212.21
0,8,3,0,1,1,3,35,41,3,-1,0,23,0,0,0,0,-1,0,9,3,0,8,0,2032.44
0,16,0,0,0,0,11,13,3,0,-1,0,0,0,0,0,0,-1,0,13,0,0,6,0,213.52
15,6,61,8,1,40,6,27,177,2,-1,0,50,0,2,2,8,-1,0,4,5,45,6,5,3553.14
0,11,0,0,0,0,11,0,1,0,-1,0,0,0,0,0,0,-1,0,20,0,0,22,0,269.85
0,14,2,0,0,1,16,13,14,0,-1,0,0,0,0,0,0,-1,0,6,0,0,8,0,647.39
0,18,0,0,0,0,18,2,6,0,-1,0,0,0,0,0,0,-1,0,9,0,0,8,0,380.09
0,5,0,0,0,0,12,14,21,0,-1,0,3,0,0,0,0,-1,0,11,0,0,18,0,711.47
0,17,0,0,0,0,11,1,1,0,-1,0,0,0,0,0,0,-1,0,22,0,0,20,0,90.64
0,9,0,0,1,0,16,5,3,0,-1,0,1,0,0,0,0,-1,0,12,0,0,20,0,194.29
0,10,26,0,1,1,12,17,86,1,-1,0,13,0,0,1,0,-1,0,3,2,2,5,0,1722.31
0,5,0,0,0,0,6,13,17,0,-1,0,1,0,0,0,0,-1,0,13,0,0,16,0,975.03
15,5,7,152,42,28,9,16,178,14,-1,30,49,28,4,6,55,-1,26,2,6,13,8,32,8963.66
0,18,0,0,0,0,11,1,1,0,-1,0,0,0,0,0,0,-1,0,19,0,0,13,0,1256.45
0,14,0,0,0,0,12,0,1,0,-1,0,0,0,0,0,0,-1,0,22,0,0,24,0,195.92
0,14,0,0,0,0,7,3,3,0,-1,4,0,0,0,0,0,-1,0,18,0,0,16,0,1134.07
0,3,0,0,0,1,9,22,35,4,-1,0,6,0,0,0,0,-1,0,10,0,0,16,0,1229.57
0,18,0,0,0,0,11,0,1,0,-1,0,0,0,0,0,0,-1,0,20,0,0,14,0,1144.91
4,3,76,4,1,9,10,22,119,0,-1,0,60,0,0,1,4,-1,0,6,12,11,12,0,2326.89
0,18,0,0,0,0,20,5,1,0,-1,0,1,0,0,0,0,-1,0,9,0,0,11,0,565.75
0,9,0,0,0,0,7,3,0,0,-1,0,0,0,0,0,0,-1,0,17,0,0,18,0,712.56
0,19,0,0,0,0,12,0,0,0,-1,0,0,0,0,0,0,-1,0,20,0,0,15,0,1093.75
1,11,0,0,0,0,4,17,10,0,-1,0,0,1,0,0,0,-1,0,13,1,0,10,0,1553.05
0,18,0,0,0,0,12,0,0,0,-1,0,0,0,0,0,0,-1,0,23,0,0,22,0,89.86
0,11,0,0,0,0,19,2,1,0,-1,0,0,0,0,0,0,-1,0,14,0,0,22,0,216.59
0,17,0,0,0,0,19,6,1,0,-1,0,1,0,0,0,0,-1,0,9,0,0,10,0,448.53
0,3,0,0,0,0,7,22,29,0,-1,0,1,0,0,0,0,-1,0,12,0,0,16,0,1111.9
9,8,52,20,7,9,9,28,163,12,-1,4,60,1,1,7,4,-1,7,2,12,44,5,0,5456.2
2,8,77,0,0,11,7,31,127,1,-1,0,34,0,0,1,0,-1,0,5,2,7,4,0,2564.83
0,16,0,0,0,0,8,1,2,0,-1,0,0,0,0,0,0,-1,0,18,0,0,13,0,355.72
0,17,0,0,0,0,10,3,1,0,-1,0,0,0,0,0,0,-1,0,17,0,0,11,0,355.48
0,12,0,0,0,0,6,5,3,0,-1,0,0,0,0,0,0,-1,0,17,0,0,16,0,1163.74
0,22,0,0,0,0,23,1,0,0,-1,0,0,0,0,0,0,-1,0,13,0,0,14,0,323.53
0,17,0,0,0,0,19,5,1,0,-1,0,1,0,0,0,0,-1,0,9,0,0,11,0,561.75
0,3,0,0,0,0,9,18,28,1,-1,0,1,0,0,0,0,-1,0,11,0,0,17,0,1108.73
0,16,0,0,0,0,9,0,2,0,-1,0,0,0,0,0,0,-1,0,19,0,0,15,0,176.76
0,11,0,0,0,0,13,0,1,0,-1,0,0,0,0,0,0,-1,0,20,0,0,23,0,108.14
0,9,1,0,0,0,4,34,30,0,-1,0,8,0,0,0,0,-1,0,9,1,1,6,0,1789.73
0,15,0,0,0,0,7,3,4,0,-1,0,1,0,0,0,0,-1,0,17,0,0,13,0,379.78
0,13,0,0,0,0,15,0,1,0,-1,0,0,0,0,0,0,-1,0,21,0,0,25,0,134.61
0,21,0,0,0,0,13,0,0,0,-1,0,0,0,0,0,0,-1,0,23,0,0,18,0,189.49
0,16,0,0,0,0,12,12,3,0,-1,0,0,0,0,0,0,-1,0,13,0,0,5,0,265.75
0,2,2,0,0,0,6,25,49,0,-1,0,28,0,0,0,0,-1,0,10,3,0,14,0,2637.9
11,5,10,211,23,32,9,13,177,21,-1,32,50,40,8,6,87,-1,18,2,8,18,9,27,6705.67
0,17,0,0,0,0,11,6,1,0,-1,0,0,0,0,0,0,-1,0,15,0,0,8,0,636.44
50,2,43,12,5,24,7,23,174,6,-1,0,34,1,3,15,8,-1,6,5,23,51,10,2,4187.65
4,2,64,0,1,6,9,21,110,2,-1,0,60,0,1,2,0,-1,0,7,3,1,13,0,2333.53
1,8,11,0,0,6,5,34,61,0,-1,0,27,0,0,0,0,-1,0,7,0,0,6,0,2652.71
0,13,1,0,0,0,14,17,28,0,-1,0,0,0,0,0,0,-1,0,5,0,0,5,0,595.14
0,8,1,0,3,1,1,17,24,0,-1,0,4,0,0,0,0,-1,0,12,1,0,12,0,1827.95
0,6,0,0,0,0,7,10,3,0,-1,0,0,0,0,0,0,-1,0,14,0,0,17,0,841.14
0,19,0,0,0,0,11,0,0,0,-1,0,0,0,0,0,0,-1,0,20,0,0,15,0,146.41
0,14,0,0,0,0,9,3,0,0,-1,0,0,0,0,0,0,-1,0,20,0,0,19,0,1095.43
0,13,0,0,0,0,20,2,1,0,-1,0,0,0,0,0,0,-1,0,15,0,0,23,0,169.96
1,3,2,0,0,1,10,21,53,0,-1,0,11,0,1,0,0,-1,0,9,0,0,15,0,1226.54
0,12,0,0,0,0,19,2,1,0,-1,0,0,0,0,0,0,-1,0,14,0,0,22,0,188.9
0,10,0,0,0,0,4,7,4,0,-1,0,0,0,0,0,0,-1,0,16,0,0,15,0,402.78
0,19,0,0,0,0,14,4,2,0,-1,0,0,0,0,0,0,-1,0,16,0,0,8,0,160.47
0,19,0,0,0,0,11,0,0,0,-1,0,0,0,0,0,0,-1,0,20,0,0,15,0,172.79
0,19,0,0,0,0,14,4,2,0,-1,0,0,0,0,0,0,-1,0,16,0,0,8,0,167.47
0,13,0,0,0,0,6,15,5,1,-1,0,1,0,0,0,0,-1,0,14,1,0,10,0,464.81
0,15,0,0,0,0,9,10,2,0,-1,0,0,0,0,0,0,-1,0,15,0,0,8,0,431.94
0,16,0,0,0,0,12,1,0,0,-1,0,0,0,0,0,0,-1,0,23,0,0,23,0,89.65
0,2,0,0,0,0,8,22,38,0,-1,0,8,0,0,0,0,-1,0,10,0,0,15,0,1148.73
0,15,0,0,0,0,10,23,4,0,-1,0,0,0,0,0,0,-1,0,12,0,0,5,0,299.11
0,6,5,0,2,1,0,20,38,3,-1,0,19,1,0,0,0,-1,0,11,4,0,11,0,1963.73
0,16,0,0,0,0,14,0,1,0,-1,0,0,0,0,0,0,-1,0,24,0,0,25,0,147.22
0,14,0,0,0,0,21,3,1,0,-1,0,0,0,0,0,0,-1,0,18,0,0,25,0,710.07
7,7,26,20,6,22,8,25,176,14,-1,4,66,1,6,13,12,-1,6,3,24,57,6,3,4775.49
25,5,13,12,9,46,7,26,181,7,-1,1,37,0,5,2,8,-1,3,3,46,37,7,6,5994.3
0,15,0,0,0,0,8,2,1,0,-1,0,0,0,0,0,0,-1,0,19,0,0,17,0,1166.84
0,16,0,0,0,0,9,1,2,0,-1,0,0,0,0,0,0,-1,0,19,0,0,15,0,200.83
2,2,19,0,0,4,9,24,89,1,-1,0,46,0,1,1,0,-1,0,8,2,0,14,0,1937.8
0,13,0,0,0,0,7,24,7,0,-1,0,0,0,0,0,0,-1,0,12,0,0,6,0,357.56
0,14,1,0,0,0,15,15,20,0,-1,0,0,0,0,0,0,-1,0,6,0,1,5,0,652.25
5,2,63,12,4,45,8,22,143,1,-1,0,45,1,3,4,4,-1,0,5,18,34,11,0,2738.92
5,8,50,16,19,8,11,13,140,4,-1,0,25,6,2,0,4,-1,4,0,48,37,8,3,5437.27
0,12,0,0,0,0,6,21,6,0,-1,0,1,0,0,0,0,-1,0,13,1,0,9,0,323.67
0,16,0,0,0,0,10,8,2,0,-1,0,0,0,0,0,0,-1,0,15,0,0,8,0,543.74
0,7,0,0,0,0,4,13,17,0,-1,0,1,0,0,0,0,-1,0,14,0,0,15,0,956.6
0,11,14,0,0,0,12,16,67,1,-1,0,8,0,0,1,0,-1,0,3,2,0,5,1,1698.52
0,17,0,0,0,0,20,5,1,0,-1,0,1,0,0,0,0,-1,0,9,0,0,11,0,449.27
0,13,0,0,0,0,20,3,1,0,-1,0,0,0,0,0,0,-1,0,18,0,0,26,0,573.41
0,15,0,0,0,0,10,2,0,0,-1,0,0,0,0,0,0,-1,0,22,0,0,21,0,92.21
0,5,0,0,0,0,11,10,14,0,-1,0,1,0,0,0,0,-1,0,12,0,0,18,0,738.92
0,16,0,0,0,0,15,0,1,0,-1,0,0,0,0,0,0,-1,0,24,0,0,26,0,250.75
0,10,0,0,0,0,7,3,0,0,-1,0,0,0,0,0,0,-1,0,17,0,0,19,0,859.77
0,8,0,0,0,0,2,15,19,0,-1,0,1,0,0,0,0,-1,0,13,3,0,13,0,1495.04
0,9,7,0,0,4,6,36,44,0,-1,0,11,0,0,0,0,-1,0,7,0,1,5,0,1643.4
2,9,75,0,4,5,11,19,120,2,-1,0,21,1,0,1,0,-1,0,1,11,15,6,0,1946.64
0,15,1,0,0,0,15,12,15,1,-1,0,0,0,0,0,0,-1,0,8,0,0,5,0,413.51
0,18,0,0,0,0,15,9,2,0,-1,0,0,0,0,0,0,-1,0,13,0,0,5,0,261.33
0,15,0,0,0,0,9,10,2,0,-1,0,0,0,0,0,0,-1,0,14,0,0,8,0,344.39
0,17,0,0,0,0,10,0,1,0,-1,0,0,0,0,0,0,-1,0,20,0,0,16,0,807.63
0,10,38,4,2,1,11,18,96,1,-1,0,17,0,0,0,0,-1,0,3,2,0,4,0,881.66
0,18,0,0,0,0,18,0,4,0,-1,0,0,0,0,0,0,-1,0,10,0,0,8,0,294.63
0,13,1,0,0,0,13,15,28,1,-1,0,0,0,0,0,0,-1,1,6,0,0,4,0,544.1
0,6,0,0,0,0,6,13,9,0,-1,0,1,0,0,0,0,-1,0,14,0,0,16,0,862.61
0,19,0,0,0,0,12,0,1,0,-1,0,0,0,0,0,0,-1,0,22,0,0,17,0,156.55
0,11,0,0,0,0,4,9,9,0,-1,0,1,0,0,0,0,-1,0,15,1,0,13,0,1077.81
0,7,0,0,0,0,12,5,7,1,-1,0,0,0,0,0,0,-1,0,15,0,0,21,0,252.09
0,7,0,0,0,0,3,12,19,0,-1,0,1,0,0,0,0,-1,0,13,0,0,15,0,993.29
0,18,0,0,0,0,11,1,1,0,-1,0,0,0,0,0,0,-1,0,19,0,0,13,0,1250.23
0,6,5,0,3,4,1,26,39,6,-1,0,21,1,0,0,0,-1,0,10,2,0,11,0,2047.07
0,7,0,0,0,0,13,4,10,0,-1,0,0,0,0,0,0,-1,0,15,0,0,21,0,983.61
0,9,4,0,0,1,5,34,29,0,-1,0,11,0,0,0,0,-1,0,8,0,1,6,0,2481.29
16,5,68,4,4,50,4,33,144,2,-1,0,33,0,3,0,4,-1,0,6,2,11,8,0,2924.97
0,18,0,0,0,0,18,1,6,0,-1,0,0,0,0,0,0,-1,0,10,0,0,8,0,438.74
11,5,14,136,13,23,9,15,171,13,-1,20,55,39,3,2,106,-1,16,3,13,26,9,18,6245.05
0,3,0,0,0,1,9,22,34,0,-1,0,6,0,0,0,0,-1,0,10,0,0,16,0,1195.25
0,19,0,0,0,0,20,1,0,0,-1,0,0,0,0,0,0,-1,0,11,0,0,10,0,383.3
0,3,0,0,0,2,10,21,34,4,-1,0,5,0,0,1,0,-1,0,10,0,0,16,0,662.89
0,10,0,0,0,0,15,1,5,0,-1,0,0,0,0,0,0,-1,0,18,0,0,23,0,297.79
0,10,0,0,0,0,8,2,0,0,-1,0,0,0,0,0,0,-1,0,17,0,0,19,0,333.02
0,4,1,0,1,1,4,18,36,0,-1,0,12,0,0,0,0,-1,0,11,0,0,14,0,2160.07
0,11,25,0,0,1,13,12,57,2,-1,0,8,0,0,0,0,-1,0,2,0,0,8,1,1668.67
16,6,9,153,37,20,9,14,177,14,-1,38,53,33,2,5,56,-1,26,2,5,11,8,25,7157.99
0,8,0,0,0,0,12,2,7,1,-1,0,0,0,0,0,0,-1,0,16,0,0,21,0,277.58
0,5,0,0,0,0,7,14,17,0,-1,0,0,0,0,0,0,-1,0,13,0,0,17,0,999.06
0,7,9,0,1,4,3,37,49,1,-1,0,28,0,0,0,0,-1,2,9,3,1,8,1,2053.04
0,8,0,0,0,0,4,13,5,0,-1,0,0,0,0,0,0,-1,0,15,0,0,16,0,848.91
0,10,26,0,1,2,10,22,93,1,-1,0,16,0,0,0,0,-1,0,4,2,1,3,0,2675.16
0,15,1,0,0,0,15,12,11,0,-1,0,0,0,0,0,0,-1,0,7,0,0,5,0,526.47
5,1,76,0,3,46,7,25,139,3,-1,0,42,1,3,7,8,-1,3,6,5,8,12,0,2661.6
31,3,40,30,13,36,8,21,172,8,-1,4,36,1,1,2,8,-1,5,5,46,46,11,1,3760.67
0,10,1,0,0,0,4,32,22,0,-1,0,3,0,0,0,0,-1,0,10,1,0,7,0,1588.34
0,13,0,0,0,0,12,0,1,0,-1,0,0,0,0,0,0,-1,0,21,0,0,23,0,259.86
0,9,0,0,0,0,6,7,2,0,-1,0,0,0,0,0,0,-1,0,16,0,0,17,0,349.57
0,13,0,0,0,0,6,4,7,0,-1,0,1,0,0,0,0,-1,0,16,1,0,12,0,344.9
0,19,0,0,0,0,14,5,2,0,-1,0,0,0,0,0,0,-1,0,15,0,0,7,0,202.9
0,17,0,0,0,0,20,5,1,0,-1,0,1,0,0,0,0,-1,0,9,0,0,11,0,373.99
1,1,8,0,0,5,9,25,68,1,-1,0,42,0,0,1,0,-1,1,8,0,0,14,0,1573.65
0,5,0,0,0,0,11,12,15,0,-1,0,2,0,0,0,0,-1,0,12,0,0,18,0,984.86
8,5,11,169,12,25,9,13,169,20,-1,20,53,30,6,3,106,-1,15,2,12,21,9,17,11361.22
0,17,0,0,0,0,14,11,14,0,-1,0,0,0,0,0,0,-1,0,11,0,0,3,0,218.86
0,9,0,0,0,0,13,2,5,1,-1,0,0,0,0,0,0,-1,0,17,0,0,22,0,227.41
0,11,22,0,0,0,13,15,59,6,-1,0,9,0,0,1,0,-1,1,3,0,1,7,0,1675.32
0,13,0,0,0,0,13,0,1,0,-1,0,0,0,0,0,0,-1,0,21,0,0,24,0,231.57
0,13,0,0,0,0,13,0,1,0,-1,0,0,0,0,0,0,-1,0,21,0,0,24,0,187.91
0,10,0,0,0,0,6,5,2,0,-1,0,0,0,0,0,0,-1,0,17,0,0,17,0,463.48
0,20,0,0,0,0,12,0,1,0,-1,0,0,0,0,0,0,-1,0,22,0,0,17,0,119.14
0,14,0,0,0,0,11,19,14,0,-1,0,1,0,0,0,0,-1,0,9,0,0,1,0,1148.32
0,20,0,0,0,0,22,1,0,0,-1,0,0,0,0,0,0,-1,0,12,0,0,12,0,331.66
0,3,0,0,0,1,9,22,34,4,-1,0,6,0,0,0,0,-1,0,10,0,0,16,0,1362.01
0,13,0,0,0,0,7,21,5,0,-1,0,1,0,0,0,0,-1,0,13,0,0,8,0,280.37
0,18,0,0,0,0,18,1,6,0,-1,0,0,0,0,0,0,-1,0,10,0,0,8,0,419.54
10,5,11,171,18,16,9,12,177,20,-1,14,60,20,5,4,109,-1,14,2,9,22,9,17,9659.95
3,8,75,4,2,10,10,22,137,7,-1,4,30,2,1,2,0,-1,0,2,14,19,5,0,2361.53
15,3,14,4,4,15,4,29,92,0,-1,0,50,1,1,1,0,-1,0,8,6,5,11,0,2789.06
6,7,29,24,6,21,8,24,176,12,-1,0,68,1,6,14,8,-1,6,3,23,58,6,3,5917.54
2,8,48,0,0,8,7,39,100,0,-1,0,29,0,0,0,0,-1,0,5,1,4,4,0,2233.47
1,15,1,0,0,0,18,7,3,1,-1,0,0,0,0,0,0,-1,0,7,0,0,11,0,533.86
48,5,32,8,2,31,6,27,185,4,-1,4,30,0,4,4,4,-1,3,4,17,47,8,3,3844.14
0,13,0,0,0,0,6,5,6,0,-1,0,1,0,0,0,0,-1,0,17,0,0,15,0,1147.52
0,19,0,0,0,0,12,0,0,0,-1,0,0,0,0,0,0,-1,0,21,0,0,16,0,192.76
1,10,60,0,2,4,11,20,101,2,-1,0,18,1,0,2,0,-1,0,2,6,9,5,0,2493.97
0,12,0,0,0,0,11,1,1,0,-1,0,0,0,0,0,0,-1,0,20,0,0,22,0,231.75
20,5,48,16,1,50,6,28,182,5,-1,0,38,0,5,3,4,-1,4,4,6,51,7,4,4809.53
0,6,5,0,1,4,0,21,38,4,-1,0,16,2,0,0,0,-1,0,11,4,0,11,0,2146.82
0,12,0,0,0,0,16,0,2,0,-1,0,0,0,0,0,0,-1,0,20,0,0,25,0,208.34
0,19,0,0,0,0,19,0,2,0,-1,0,0,0,0,0,0,-1,0,11,0,0,8,0,422.5
0,16,0,0,0,0,14,0,1,0,-1,0,0,0,0,0,0,-1,0,24,0,0,25,0,189.35
0,21,0,0,0,0,13,0,0,0,-1,0,0,0,0,0,0,-1,0,23,0,0,18,0,189.15
0,13,0,0,0,0,9,28,12,0,-1,0,1,0,0,0,0,-1,0,10,0,0,3,0,281.61
0,6,0,0,0,0,10,5,11,0,-1,0,0,0,0,0,0,-1,0,14,0,0,19,0,951.11
0,9,0,0,0,0,17,5,3,0,-1,0,0,0,0,0,0,-1,0,12,1,0,20,0,227.06
0,7,0,0,0,0,13,10,13,0,-1,0,1,0,0,0,0,-1,0,13,0,0,20,0,567.31
0,6,0,0,0,1,13,13,15,0,-1,0,2,0,0,0,0,-1,0,11,1,0,18,0,618.21
0,13,0,0,0,0,10,24,12,0,-1,0,1,0,0,0,0,-1,0,10,0,0,2,0,1156.91
8,8,85,0,0,8,7,32,127,1,-1,0,61,0,0,0,0,-1,0,5,2,5,5,0,2589.65
0,3,1,0,1,1,5,23,37,1,-1,0,20,0,0,0,0,-1,0,11,2,0,14,0,1205.95
0,7,0,0,0,0,4,13,16,0,-1,0,0,0,0,0,0,-1,0,14,0,0,15,0,473.36
10,7,65,16,5,14,7,24,163,12,-1,0,71,0,2,6,4,-1,5,3,6,35,5,1,4522.95
0,9,0,0,1,0,16,5,4,1,-1,0,0,0,0,0,0,-1,0,14,0,0,21,0,787.7
0,15,0,0,0,0,8,6,4,0,-1,0,1,0,0,0,0,-1,0,16,0,0,12,0,1189.71
0,15,0,0,0,0,8,5,4,1,-1,0,0,0,0,0,0,-1,0,15,0,0,10,0,367.63
0,15,0,0,0,1,18,6,1,0,-1,0,0,0,0,0,0,-1,0,7,0,0,11,0,473.93
0,6,0,0,0,0,9,5,5,0,-1,0,0,0,0,0,0,-1,0,14,0,0,19,0,758.47
0,12,0,0,1,1,5,8,7,0,-1,0,0,0,0,0,0,-1,0,15,0,0,11,0,412.0
0,7,0,0,1,0,1,17,25,1,-1,0,8,0,0,0,0,-1,0,12,3,0,13,0,520.58
0,14,0,0,0,0,10,22,10,1,-1,0,0,0,0,0,0,-1,0,10,0,0,3,0,250.93
0,15,0,0,0,0,23,1,0,0,-1,0,0,0,0,0,0,-1,0,17,0,0,25,0,176.0
0,6,0,0,0,0,10,5,9,0,-1,0,0,0,0,0,0,-1,0,15,0,0,19,0,922.25
0,11,0,0,0,0,6,4,3,0,-1,0,0,0,0,0,0,-1,0,17,0,0,16,0,409.27
0,15,2,0,0,1,16,13,11,0,-1,0,0,0,0,0,0,-1,0,6,0,0,8,0,630.53
0,15,0,0,0,0,11,20,6,0,-1,0,0,0,0,0,0,-1,0,12,0,0,4,0,221.24
0,16,0,0,0,0,14,0,1,0,-1,0,0,0,0,0,0,-1,0,24,0,0,25,0,188.33
0,13,0,0,0,0,9,27,14,1,-1,0,1,0,0,0,0,-1,0,9,0,0,2,0,516.8
0,8,1,0,1,1,1,19,26,1,-1,0,4,2,0,0,0,-1,0,12,3,0,11,0,1747.38
3,8,11,0,0,4,4,33,63,0,-1,0,30,0,0,0,0,-1,0,7,1,1,6,0,2621.73
0,13,0,0,0,0,20,3,1,0,-1,0,0,0,0,0,0,-1,0,17,0,0,25,0,554.57
0,15,0,0,0,0,10,22,4,0,-1,0,0,0,0,0,0,-1,0,13,0,0,5,0,260.68
0,11,0,0,0,0,6,4,3,0,-1,0,0,0,0,0,0,-1,0,17,0,0,17,0,471.94
0,17,0,0,0,0,10,4,1,0,-1,0,0,0,0,0,0,-1,0,17,0,0,11,0,334.96
0,18,0,0,0,0,13,1,0,0,-1,0,0,0,0,0,0,-1,0,24,0,0,23,0,114.86
0,16,0,0,0,0,10,6,2,0,-1,0,0,0,0,0,0,-1,0,15,0,0,9,0,243.86
0,14,0,0,0,0,9,2,0,0,-1,0,0,0,0,0,0,-1,0,20,0,0,20,0,98.03
0,11,0,0,0,1,4,8,6,0,-1,0,0,0,0,0,0,-1,0,15,0,0,13,0,1278.08
0,15,0,0,0,0,8,2,1,0,-1,0,0,0,0,0,0,-1,0,20,0,0,17,0,1082.51
0,17,0,0,0,0,10,3,1,0,-1,0,0,0,0,0,0,-1,0,17,0,0,11,0,1263.43
0,8,0,0,0,0,15,8,8,0,-1,0,1,0,0,0,0,-1,0,14,1,0,20,0,1786.52
0,14,0,0,0,0,8,3,1,0,-1,0,0,0,0,0,0,-1,0,19,0,0,18,0,939.02
0,11,6,0,0,1,10,28,48,0,-1,0,6,0,0,0,0,-1,0,6,0,0,2,0,2165.79
0,16,0,0,0,1,19,5,1,0,-1,0,0,0,0,0,0,-1,0,8,0,0,12,0,476.36
0,14,0,0,0,0,7,8,4,0,-1,0,1,0,0,0,0,-1,0,15,0,0,10,0,321.07
0,18,0,0,0,0,11,0,1,0,-1,0,0,0,0,0,0,-1,0,23,0,0,21,0,88.83
0,17,0,0,0,0,11,4,1,0,-1,0,0,0,0,0,0,-1,0,16,0,0,9,0,110.45
0,6,0,0,0,0,1,17,28,2,-1,0,9,0,0,0,0,-1,0,12,3,0,13,0,1885.69
0,15,0,0,0,0,9,10,2,0,-1,0,0,0,0,0,0,-1,0,14,0,0,8,0,253.68
0,14,0,0,0,0,9,3,1,0,-1,0,0,0,0,0,0,-1,0,20,0,0,19,0,912.88
0,15,0,0,0,0,8,2,4,0,-1,0,0,0,0,0,0,-1,0,17,0,0,13,0,891.16
0,14,0,0,0,0,14,0,1,0,-1,0,0,0,0,0,0,-1,0,22,0,0,25,0,136.5
0,11,0,0,0,1,5,24,10,1,-1,0,0,0,0,0,0,-1,0,12,1,0,8,0,426.62
0,13,0,0,0,0,7,24,8,0,-1,0,0,0,0,0,0,-1,0,11,0,0,6,0,272.58
0,6,0,0,0,0,9,6,6,0,-1,0,0,0,0,0,0,-1,0,15,0,0,18,0,969.56
0,14,0,0,0,0,18,0,1,0,-1,0,0,0,0,0,0,-1,0,21,0,0,27,0,205.83
0,6,0,0,0,0,10,7,11,2,-1,0,0,0,0,0,0,-1,0,14,0,0,19,0,802.55
6,8,83,8,2,11,7,27,136,2,-1,0,58,0,0,1,0,-1,3,4,5,13,5,0,3023.71
0,9,0,0,1,1,2,12,16,0,-1,0,0,0,0,0,0,-1,0,13,2,0,12,0,1598.6
0,18,0,0,0,0,20,5,1,0,-1,0,1,0,0,0,0,-1,0,9,0,0,11,0,451.91
0,18,0,0,0,0,12,2,0,0,-1,0,0,0,0,0,0,-1,0,17,0,0,10,0,767.46
39,2,73,20,3,25,7,26,164,8,-1,8,36,2,6,12,0,-1,4,6,7,23,11,1,3994.09
2,7,13,0,0,7,3,34,66,3,-1,0,50,0,0,0,0,-1,0,8,4,1,7,1,2561.87
0,12,0,0,0,0,6,4,2,0,-1,0,0,0,0,0,0,-1,0,17,0,0,16,0,213.5
12,5,26,4,1,25,3,34,104,3,-1,4,50,1,2,1,0,-1,3,7,4,3,9,1,2614.7
0,13,1,0,0,1,15,15,17,0,-1,0,0,0,0,0,0,-1,0,4,0,1,7,0,852.13
0,15,2,0,0,0,16,13,14,0,-1,0,1,0,0,0,0,-1,0,7,0,0,8,0,564.56
0,8,0,0,0,0,13,3,7,1,-1,0,0,0,0,0,0,-1,0,16,0,0,21,0,307.89
0,12,0,0,0,0,19,3,1,0,-1,0,0,0,0,0,0,-1,0,16,0,0,23,0,611.58
14,7,18,48,35,13,9,21,181,13,-1,11,55,7,2,14,24,-1,8,1,33,33,7,12,8315.44
0,6,0,0,1,1,13,11,14,1,-1,0,2,0,0,0,0,-1,0,11,0,0,18,0,639.22
0,13,0,0,0,0,7,3,0,0,-1,0,0,0,0,0,0,-1,0,19,0,0,18,0,963.04
0,16,0,0,0,0,12,12,3,1,-1,0,0,0,0,0,0,-1,0,13,0,0,5,0,251.23
0,13,1,0,0,0,14,16,32,1,-1,0,2,0,0,0,0,-1,0,4,0,1,6,0,905.83
0,9,0,0,0,0,13,2,6,1,-1,0,0,0,0,0,0,-1,0,17,0,0,22,0,206.56
0,14,0,0,0,0,9,2,0,0,-1,0,0,0,0,0,0,-1,0,20,0,0,20,0,222.95
0,4,0,0,0,0,8,13,24,0,-1,0,1,0,0,1,0,-1,0,12,0,0,17,0,1089.11
0,13,0,0,0,0,9,3,0,0,-1,0,0,0,0,0,0,-1,0,19,0,0,19,0,93.51
1,5,45,0,0,2,11,17,81,2,-1,0,22,0,0,0,0,-1,0,6,1,2,13,0,2507.59
1,10,37,0,1,2,9,29,98,0,-1,0,20,0,0,0,0,-1,0,4,2,0,3,0,1773.75
0,6,0,0,0,0,3,14,22,0,-1,0,6,0,0,0,0,-1,0,13,0,0,14,0,575.42
0,16,0,0,0,0,12,12,3,1,-1,0,0,0,0,0,0,-1,0,13,0,0,5,0,286.34
2,9,66,0,1,6,8,33,114,0,-1,0,30,0,0,1,0,-1,0,4,4,8,4,0,2420.7
0,15,0,0,0,0,22,3,0,0,-1,0,0,0,0,0,0,-1,0,20,0,0,27,0,427.95
0,1,13,0,0,6,9,25,77,2,-1,0,47,0,1,2,0,-1,1,8,1,0,14,0,1858.78
0,5,0,0,0,0,5,15,25,0,-1,0,5,0,0,0,0,-1,0,12,1,0,15,0,1046.9
0,15,0,0,0,0,8,2,1,0,-1,0,0,0,0,0,0,-1,0,19,0,0,16,0,1022.68
0,16,0,0,0,0,9,3,1,0,-1,0,0,0,0,0,0,-1,0,17,0,0,12,0,1127.28
2,1,18,0,0,4,8,25,87,2,-1,4,63,0,0,1,0,-1,1,8,3,0,14,0,1560.83
0,18,0,0,0,0,21,4,1,0,-1,0,1,0,0,0,0,-1,0,10,0,0,12,0,556.3
0,11,0,0,0,0,6,5,2,0,-1,0,0,0,0,0,0,-1,0,18,0,0,17,0,228.74
0,15,0,0,0,0,10,2,0,0,-1,0,0,0,0,0,0,-1,0,21,0,0,21,0,116.26
0,15,0,0,0,0,8,2,1,0,-1,4,0,0,0,0,0,-1,0,18,0,0,15,0,1160.21
0,10,38,0,0,1,13,14,75,6,-1,0,14,0,0,1,0,-1,0,2,4,2,8,1,1388.24
37,3,55,8,3,21,6,28,191,5,-1,0,27,1,24,3,8,-1,2,5,7,41,9,1,3766.24
15,6,35,8,2,49,6,24,180,5,-1,4,42,0,6,8,12,-1,3,4,12,58,7,1,3728.84
0,13,0,0,0,0,6,5,8,0,-1,0,1,0,0,0,0,-1,0,16,1,0,13,0,284.37
0,13,0,0,0,0,21,2,1,0,-1,0,0,0,0,0,0,-1,0,16,0,0,24,0,167.85
0,17,0,0,0,0,19,6,1,0,-1,0,1,0,0,0,0,-1,0,9,0,0,10,0,458.69
0,11,0,0,0,1,4,8,7,0,-1,0,0,0,0,0,0,-1,0,15,1,0,13,0,1638.64
0,6,0,0,0,0,9,3,5,0,-1,0,0,0,0,0,0,-1,0,15,0,0,19,0,717.38
0,6,1,0,0,0,2,16,30,0,-1,0,17,0,0,0,0,-1,0,11,5,0,13,0,2387.06
1,9,60,0,1,7,8,32,112,0,-1,0,27,0,0,1,0,-1,0,4,2,3,4,0,2294.25
0,13,0,0,0,0,11,0,1,0,-1,0,0,0,0,0,0,-1,0,21,0,0,22,0,229.0
0,8,7,0,0,4,4,34,40,0,-1,0,17,0,0,0,0,-1,0,8,1,0,6,0,1926.45
0,6,0,0,0,0,3,14,23,1,-1,0,6,0,0,0,0,-1,0,13,0,0,14,0,971.32
1,8,76,0,1,13,8,31,124,0,-1,0,33,0,0,0,0,-1,0,4,3,12,4,0,2075.4
0,11,21,0,0,1,11,17,85,2,-1,0,13,0,0,0,4,-1,0,4,3,0,3,0,2027.81
23,4,19,102,54,42,8,18,184,24,-1,25,34,9,4,2,22,-1,5,3,14,22,10,22,4634.77
0,9,0,0,0,0,13,3,6,1,-1,0,0,0,0,0,0,-1,0,16,0,0,22,0,868.04
0,15,0,0,0,0,9,15,5,0,-1,0,0,0,0,0,0,-1,0,13,0,0,7,0,947.44
0,15,0,0,0,0,22,2,0,0,-1,0,0,0,0,0,0,-1,0,18,0,0,26,0,516.4
0,7,0,0,0,0,3,12,20,1,-1,0,4,0,0,0,0,-1,0,13,0,0,14,0,492.91
0,10,1,0,0,0,5,34,19,0,-1,0,6,0,0,0,0,-1,0,10,0,0,6,0,755.63
0,6,0,0,1,1,13,10,14,1,-1,0,2,0,0,0,0,-1,0,11,0,0,18,0,1934.55
0,12,0,0,0,0,7,3,0,0,-1,0,0,0,0,0,0,-1,0,18,0,0,18,0,179.13
0,15,0,0,0,0,8,5,2,0,-1,0,0,0,0,0,0,-1,0,16,0,0,10,0,349.38
3,4,12,0,0,0,11,18,63,3,-1,0,11,0,0,1,0,-1,0,7,0,0,14,0,2194.38
9,5,82,4,1,35,5,32,162,5,-1,0,54,0,5,3,0,-1,2,6,3,11,7,0,3356.48
0,15,0,0,0,0,9,9,2,0,-1,0,0,0,0,0,0,-1,0,14,0,0,8,0,915.79
0,16,0,0,0,0,13,12,9,0,-1,0,0,0,0,0,0,-1,0,11,0,0,3,0,284.4
1,9,67,0,1,9,8,31,112,0,-1,0,27,0,0,1,0,-1,0,4,2,5,4,0,2005.74
0,9,5,0,0,2,5,36,27,0,-1,0,9,0,0,0,0,-1,0,8,0,1,5,0,754.83
1,10,58,0,2,2,10,23,110,4,-1,0,24,0,0,0,0,-1,0,4,2,1,3,0,2215.41
0,15,0,0,0,0,8,3,1,0,-1,4,0,0,0,0,0,-1,0,18,0,0,15,0,1178.89
0,2,0,0,0,1,9,25,39,4,-1,0,7,0,0,0,0,-1,0,10,0,0,16,0,967.54
0,7,2,0,2,1,0,22,34,0,-1,0,10,0,0,0,0,-1,0,11,2,0,10,0,1877.16
35,1,79,12,2,24,7,27,152,10,-1,0,37,2,5,11,0,-1,6,6,6,14,11,0,4183.28
0,18,0,0,0,0,13,4,2,0,-1,0,0,0,0,0,0,-1,0,15,0,0,8,0,240.47
17,5,76,8,0,56,5,30,186,2,-1,0,33,1,5,3,0,-1,3,5,5,25,7,0,3310.72
0,10,0,0,0,0,3,9,12,0,-1,0,1,0,0,0,0,-1,0,15,1,0,14,0,450.79
1,10,29,0,0,1,9,29,90,0,-1,0,20,0,0,0,0,-1,0,5,2,0,3,0,1321.63
1,9,62,0,1,4,9,25,115,0,-1,0,26,1,0,1,0,-1,0,3,3,9,4,0,3145.5
0,13,0,0,0,0,13,0,1,0,-1,0,0,0,0,0,0,-1,0,21,0,0,24,0,262.36
1,9,70,0,1,5,10,22,119,3,-1,4,25,2,0,1,0,-1,1,3,2,11,4,0,2240.6
0,7,0,0,2,0,1,16,26,0,-1,0,6,0,0,0,0,-1,0,12,2,0,12,0,559.1
0,14,0,0,0,0,14,0,1,1,-1,0,0,0,0,0,0,-1,0,22,0,0,25,0,196.11
0,7,2,0,1,1,0,22,32,0,-1,0,10,0,0,0,0,-1,0,11,3,0,11,0,2033.77
0,9,0,0,0,0,16,3,3,0,-1,0,0,0,0,0,0,-1,0,15,0,0,22,0,590.45
1,9,77,0,4,6,12,18,117,2,-1,0,21,0,0,0,0,-1,0,1,12,12,7,0,2200.85
0,16,0,0,0,0,11,2,0,0,-1,0,0,0,0,0,0,-1,0,22,0,0,21,0,88.43
0,15,0,0,0,0,8,5,3,0,-1,0,0,0,0,0,0,-1,0,16,0,0,12,0,1285.71
1,9,1,0,2,0,2,16,21,1,-1,0,0,1,0,0,0,-1,0,13,2,0,11,0,1663.99
19,2,68,4,3,37,7,25,157,8,-1,0,43,2,4,8,12,-1,4,6,10,33,11,0,4192.92
5,0,39,0,0,5,8,25,104,4,-1,4,66,0,0,1,0,-1,1,8,6,1,13,0,2162.83
10,4,10,4,6,10,2,33,86,3,-1,0,57,1,1,2,0,-1,0,8,3,4,10,0,2572.59
0,13,0,0,0,0,20,2,1,0,-1,0,0,0,0,0,0,-1,0,16,0,0,24,0,168.94
11,5,11,197,20,22,9,12,175,19,-1,15,53,30,5,6,84,-1,14,2,7,20,9,20,6927.68
40,2,78,8,6,20,6,31,160,2,-1,0,31,1,14,9,0,-1,3,6,4,17,10,0,3248.95
0,17,0,0,0,0,11,1,0,0,-1,0,0,0,0,0,0,-1,0,23,0,0,22,0,89.92
1,6,14,0,3,13,3,38,72,2,-1,0,61,0,0,0,0,-1,3,8,3,0,8,0,2444.7
0,14,0,0,0,0,9,19,5,0,-1,0,0,0,0,0,0,-1,0,13,0,0,6,0,229.77
0,9,5,0,0,1,5,35,29,0,-1,0,14,0,0,0,0,-1,0,8,0,1,6,0,2006.17
0,5,0,0,0,2,12,12,26,0,-1,0,4,0,1,0,0,-1,0,8,0,0,15,0,1951.05
0,4,0,0,1,0,6,20,28,0,-1,0,2,0,0,0,0,-1,0,12,0,0,15,0,1042.35
20,3,50,12,4,22,6,27,183,14,-1,4,35,2,29,9,4,-1,2,5,13,44,10,2,2401.48
0,22,0,0,0,0,23,1,0,0,-1,0,0,0,0,0,0,-1,0,13,0,0,14,0,318.62
0,11,0,0,0,0,5,6,3,0,-1,0,0,0,0,0,0,-1,0,17,0,0,16,0,198.71
0,15,0,0,0,0,10,23,4,0,-1,0,0,0,0,0,0,-1,0,12,0,0,5,0,237.79
4,7,43,0,0,5,5,36,97,2,-1,0,75,0,3,2,0,-1,1,6,4,5,6,0,2877.95
8,7,46,12,5,18,8,28,168,10,-1,8,66,1,2,8,16,-1,8,3,16,47,6,1,5398.95
0,13,0,0,0,0,6,4,5,0,-1,0,1,0,0,0,0,-1,0,17,0,0,15,0,1012.06
0,10,58,0,2,5,11,18,95,1,-1,0,16,0,0,1,0,-1,2,2,7,4,6,0,1790.23
0,7,0,0,0,0,3,13,19,0,-1,0,0,0,0,0,0,-1,0,14,0,0,14,0,548.45
0,19,0,0,0,0,13,2,0,0,-1,0,0,0,0,0,0,-1,0,17,0,0,10,0,107.71
0,12,0,0,0,0,5,22,8,0,-1,0,1,0,0,0,0,-1,0,13,1,0,9,0,1539.05
0,18,0,0,0,0,21,4,1,0,-1,0,1,0,0,0,0,-1,0,10,0,0,12,0,558.84
0,11,0,0,0,0,5,7,6,0,-1,0,1,0,0,0,0,-1,0,16,0,0,14,0,1044.3
0,11,9,4,0,0,11,18,64,3,-1,0,7,0,0,0,0,-1,0,5,2,0,3,0,2279.06
42,3,20,38,20,21,7,24,195,9,-1,9,37,0,14,3,4,-1,6,4,51,30,9,11,3135.69
0,12,0,0,0,0,9,1,0,0,-1,0,0,0,0,0,0,-1,0,19,0,0,20,0,162.89
0,9,0,0,0,0,13,2,4,0,-1,0,0,0,0,0,0,-1,0,17,0,0,22,0,148.5
0,17,0,0,0,0,12,11,3,0,-1,0,0,0,0,0,0,-1,0,13,0,0,5,0,232.08
0,13,1,0,0,0,11,18,21,0,-1,0,1,0,0,0,0,-1,0,8,0,0,0,0,571.75
1,9,1,0,2,0,2,16,21,0,-1,0,0,0,0,0,0,-1,0,12,2,0,11,0,1684.71
0,17,0,0,0,0,10,5,1,0,-1,0,0,0,0,0,0,-1,0,16,0,0,9,0,649.5
0,14,0,0,0,0,7,11,4,0,-1,0,0,0,0,0,0,-1,0,14,0,0,9,0,260.31
0,16,0,0,0,0,18,6,1,0,-1,0,1,0,0,0,0,-1,0,8,0,0,9,0,465.84
0,8,0,0,0,0,14,3,6,0,-1,0,0,0,0,0,0,-1,0,16,0,0,22,0,241.3
39,3,19,38,17,24,7,25,195,9,-1,9,33,0,17,3,4,-1,6,4,55,32,9,12,3628.75
0,17,0,0,0,0,13,11,3,0,-1,0,0,0,0,0,0,-1,0,13,0,0,6,0,233.74
0,12,0,0,0,0,15,0,2,0,-1,0,0,0,0,0,0,-1,0,20,0,0,25,0,283.38
0,12,0,0,0,1,4,6,7,0,-1,0,0,0,0,0,0,-1,0,15,2,0,13,0,1170.09
0,15,2,0,0,0,16,13,14,0,-1,0,1,0,0,0,0,-1,0,7,0,0,8,0,820.76
20,2,59,0,3,35,4,32,129,0,-1,0,29,1,11,1,8,-1,0,7,8,5,10,0,2888.06
50,3,36,38,10,18,7,23,181,14,-1,4,41,3,4,4,0,-1,6,5,47,41,10,2,4929.43
0,10,1,0,1,0,3,15,19,0,-1,0,0,1,0,0,0,-1,0,13,2,0,10,0,1745.57
0,12,0,0,0,0,19,2,1,0,-1,0,0,0,0,0,0,-1,0,15,0,0,22,0,221.64
1,4,0,0,0,1,12,16,23,0,-1,0,2,0,0,1,0,-1,0,10,0,0,17,0,638.69
0,15,0,0,0,0,8,1,2,0,-1,0,0,0,0,0,0,-1,0,18,0,0,13,0,362.73
0,7,0,0,0,0,6,9,3,0,-1,0,0,0,0,0,0,-1,0,15,0,0,17,0,892.75
0,17,0,0,0,0,20,4,1,0,-1,0,1,0,0,0,0,-1,0,9,0,0,12,0,448.2
0,6,0,0,0,0,2,14,22,2,-1,0,6,0,0,0,0,-1,0,13,0,0,13,0,1852.84
0,11,10,0,0,0,14,16,49,2,-1,0,7,0,0,0,0,-1,0,3,0,1,7,1,1084.47
0,9,3,0,0,1,5,36,26,0,-1,0,10,0,0,0,0,-1,0,8,0,1,5,0,1877.41
0,14,0,0,0,0,8,11,3,0,-1,0,0,0,0,0,0,-1,0,14,0,0,8,0,290.2
3,9,74,0,6,4,12,18,123,2,-1,0,23,0,0,0,0,-1,1,0,12,22,7,0,5432.8
0,5,0,0,0,0,11,10,12,1,-1,0,1,0,0,0,0,-1,0,13,0,0,18,0,768.44
1,10,3,0,0,0,8,36,39,0,-1,0,8,0,0,1,0,-1,0,7,0,0,2,0,1479.99
0,15,0,0,0,0,8,5,2,0,-1,0,0,0,0,0,0,-1,0,15,0,0,10,0,327.35
0,14,0,0,0,0,7,6,4,0,-1,0,1,0,0,0,0,-1,0,16,0,0,12,0,1175.44
0,12,0,0,0,0,8,3,0,0,-1,0,0,0,0,0,0,-1,0,19,0,0,18,0,200.46
0,10,1,0,0,1,6,37,19,1,-1,0,7,0,0,0,0,-1,0,8,0,0,4,0,672.33
0,12,0,0,0,0,13,0,1,0,-1,0,0,0,0,0,0,-1,0,20,0,0,24,0,194.47
4,8,82,8,2,11,8,30,141,3,-1,0,53,0,0,2,0,-1,3,4,6,14,4,0,2929.61
0,9,0,0,0,0,13,2,5,0,-1,0,0,0,0,0,0,-1,0,17,0,0,22,0,876.84
0,5,0,0,0,0,10,9,16,2,-1,0,1,0,0,0,0,-1,0,13,0,0,18,0,759.13
0,10,0,0,0,0,16,4,3,0,-1,0,0,0,0,0,0,-1,0,15,0,0,22,0,1555.14
0,10,1,0,0,0,4,29,15,1,-1,0,1,0,0,0,0,-1,0,11,2,0,7,0,1664.69
0,20,0,0,0,0,20,0,0,0,-1,0,0,0,0,0,0,-1,0,12,0,0,10,0,335.38
50,3,26,18,19,22,8,22,191,7,-1,5,38,1,4,6,13,-1,1,4,50,36,10,4,4981.52
0,14,0,0,0,0,10,2,0,0,-1,0,0,0,0,0,0,-1,0,21,0,0,21,0,92.54
0,7,0,0,0,0,9,5,5,0,-1,0,0,0,0,0,0,-1,0,15,0,0,19,0,744.95
0,15,0,0,0,0,8,5,2,0,-1,0,0,0,0,0,0,-1,0,16,0,0,10,0,1215.63
17,6,7,87,54,14,9,18,182,12,-1,14,58,14,5,8,41,-1,12,2,12,20,8,24,6753.83
1,2,9,0,0,4,10,23,64,1,-1,0,12,0,0,1,0,-1,0,8,0,0,14,0,1246.76
0,17,0,0,0,0,10,2,1,0,-1,0,0,0,0,0,0,-1,0,17,0,0,11,0,192.82
10,6,11,94,26,14,10,11,172,8,-1,6,58,15,4,1,91,-1,4,2,9,37,9,11,8958.46
0,5,0,0,0,0,10,9,14,0,-1,0,0,0,0,0,0,-1,0,13,0,0,18,0,1082.15
0,15,0,0,0,0,8,5,4,0,-1,0,0,0,0,0,0,-1,0,16,0,0,11,0,1313.01
7,2,79,4,3,9,9,22,127,1,-1,0,69,0,1,3,0,-1,1,6,10,11,12,0,1966.35
0,13,0,0,0,0,11,1,1,0,-1,0,0,0,0,0,0,-1,0,21,0,0,22,0,220.07
0,11,0,0,0,0,4,8,6,0,-1,0,1,0,0,0,0,-1,0,15,0,0,14,0,1278.19
0,15,2,0,0,0,16,13,14,0,-1,0,1,0,0,0,0,-1,0,7,0,0,7,0,737.07
8,7,80,4,1,11,7,25,157,2,-1,0,74,0,2,3,0,-1,2,4,6,17,5,1,3467.63
0,12,0,0,0,0,6,25,10,0,-1,0,1,0,0,0,0,-1,0,12,0,0,7,0,337.53
1,9,44,0,1,2,9,29,99,0,-1,0,21,0,0,0,0,-1,0,4,2,0,3,0,1977.25
0,12,3,0,0,1,15,13,26,0,-1,0,1,0,0,0,0,-1,0,4,0,0,8,0,994.53
3,1,71,8,3,14,8,24,123,3,-1,0,66,0,4,2,0,-1,2,7,3,2,12,0,1866.7
1,9,7,0,0,3,5,35,43,1,-1,0,13,0,0,0,0,-1,0,7,0,1,5,0,883.97
4,1,61,4,2,9,8,24,115,7,-1,8,69,0,1,2,0,-1,1,7,4,1,13,0,2541.64
0,13,0,0,0,0,6,15,4,1,-1,0,1,0,0,0,0,-1,0,14,1,0,9,0,356.16
0,11,0,0,0,1,4,8,7,0,-1,0,0,0,0,0,0,-1,0,15,1,0,13,0,1647.42
0,3,0,0,0,0,7,25,30,0,-1,0,2,0,0,1,0,-1,0,11,1,0,15,0,1224.52
0,11,0,0,0,0,18,3,1,0,-1,0,0,0,0,0,0,-1,0,14,0,0,22,0,180.41
0,13,0,0,0,0,9,3,0,0,-1,0,0,0,0,0,0,-1,0,20,0,0,20,0,79.1
6,2,66,0,2,6,9,22,113,1,-1,0,67,0,0,3,0,-1,0,7,1,2,13,0,1514.04
0,7,0,0,0,0,13,6,11,0,-1,0,0,0,0,0,0,-1,0,14,0,0,20,0,565.53
0,19,0,0,0,0,13,2,0,0,-1,0,0,0,0,0,0,-1,0,17,0,0,10,0,101.98
1,1,10,0,3,7,5,24,81,4,-1,4,66,0,0,2,0,-1,0,9,1,1,13,0,2726.98
0,15,0,0,0,0,9,3,1,0,-1,0,0,0,0,0,0,-1,0,21,0,0,19,0,102.46
0,11,1,0,0,0,7,37,18,1,-1,0,2,0,0,0,0,-1,0,9,0,0,4,0,646.25
0,8,1,0,1,1,0,20,30,0,-1,0,9,1,0,0,0,-1,0,12,2,0,11,0,1978.31
12,4,19,122,49,47,9,17,180,18,-1,20,40,13,4,1,25,-1,11,3,15,21,10,19,4824.61
0,16,1,0,0,0,17,12,4,0,-1,0,1,0,0,0,0,-1,0,7,0,0,8,0,505.73
0,12,0,0,0,0,5,6,6,0,-1,0,1,0,0,0,0,-1,0,16,0,0,15,0,1200.8
0,7,3,0,3,1,1,29,41,0,-1,0,19,1,0,0,0,-1,0,10,4,1,10,0,2052.76
0,15,0,0,0,0,19,0,0,0,-1,0,0,0,0,0,0,-1,0,23,0,0,28,0,199.89
0,17,0,0,0,0,19,5,1,0,-1,0,1,0,0,0,0,-1,0,9,0,0,10,0,457.84
0,5,0,0,0,1,12,13,18,0,-1,0,2,0,0,0,0,-1,0,11,1,0,18,0,629.97
1,8,10,0,0,5,5,34,60,0,-1,0,27,0,0,0,0,-1,0,7,0,0,6,0,2635.25
0,15,0,0,0,0,8,2,1,0,-1,0,0,0,0,0,0,-1,0,20,0,0,17,0,972.13
2,3,0,0,0,1,11,20,36,0,-1,0,4,0,0,1,0,-1,0,9,0,0,16,0,1227.5
0,17,0,0,0,0,12,6,2,0,-1,0,0,0,0,0,0,-1,0,15,0,0,7,0,207.49
16,6,8,121,46,13,9,18,180,17,-1,19,59,25,5,10,29,-1,19,2,10,21,8,23,5509.8
0,14,0,0,0,0,7,8,4,0,-1,0,1,0,0,0,0,-1,0,15,0,0,11,0,445.69
0,12,0,0,1,1,5,12,7,0,-1,0,0,0,0,0,0,-1,0,14,0,0,10,0,425.92
6,6,59,0,1,16,4,36,118,4,-1,0,69,0,3,2,0,-1,1,6,3,9,7,0,3196.43
0,8,0,0,0,0,12,4,7,0,-1,0,0,0,0,0,0,-1,0,16,0,0,21,0,189.9
0,9,0,0,0,0,16,2,3,0,-1,0,0,0,0,0,0,-1,0,15,0,0,22,0,1560.41
0,13,0,0,0,0,8,3,0,0,-1,0,0,0,0,0,0,-1,0,20,0,0,19,0,99.39
0,9,0,0,0,0,4,12,6,0,-1,0,0,0,0,0,0,-1,0,15,0,0,15,0,402.43
0,17,0,0,0,0,13,12,7,0,-1,0,0,0,0,0,0,-1,0,12,0,0,4,0,273.88
1,9,1,0,3,0,2,22,22,0,-1,0,2,0,0,0,0,-1,0,11,2,0,9,0,1577.47
0,10,0,0,0,0,14,1,5,0,-1,0,0,0,0,0,0,-1,0,18,0,0,23,0,198.39
0,10,0,0,0,0,3,9,12,0,-1,0,1,0,0,0,0,-1,0,15,1,0,14,0,446.86
0,6,0,0,0,0,10,5,10,0,-1,0,0,0,0,0,0,-1,0,14,0,0,19,0,935.33
0,20,0,0,0,0,13,0,0,0,-1,0,0,0,0,0,0,-1,0,20,1,0,13,0,296.47
0,12,0,0,0,0,15,0,2,0,-1,0,0,0,0,0,0,-1,0,20,0,0,24,0,282.03
0,16,0,0,0,0,9,1,2,0,-1,0,0,0,0,0,0,-1,0,19,0,0,15,0,845.46
0,12,0,0,0,0,7,3,2,0,-1,0,0,0,0,0,0,-1,0,18,0,0,17,0,1256.91
0,18,0,0,0,0,13,0,0,0,-1,0,0,0,0,0,0,-1,0,24,0,0,23,0,113.69
0,14,0,0,0,0,13,0,1,0,-1,0,0,0,0,0,0,-1,0,22,0,0,24,0,189.9
0,10,0,0,0,0,13,1,4,0,-1,0,0,0,0,0,0,-1,0,18,0,0,22,0,179.34
0,12,0,0,0,0,5,5,7,0,-1,0,1,0,0,0,0,-1,0,16,0,0,14,0,994.03
0,7,0,0,1,1,14,7,8,0,-1,0,2,0,0,0,0,-1,0,10,0,0,18,0,178.62
0,9,1,0,1,0,2,16,21,3,-1,0,0,1,1,0,0,-1,0,12,3,0,11,0,1643.89
0,6,0,0,0,0,3,13,21,0,-1,0,6,0,0,0,0,-1,0,13,0,0,14,0,578.69
0,10,0,0,0,0,12,0,2,0,-1,0,0,0,0,0,0,-1,0,19,0,0,22,0,145.22
0,17,0,0,0,0,18,4,2,0,-1,0,0,0,0,0,0,-1,0,9,0,0,8,0,306.1
1,9,53,0,1,2,9,31,105,2,-1,0,24,0,0,0,0,-1,0,4,2,0,3,0,2590.06
0,11,0,0,0,1,8,36,17,0,-1,0,1,0,0,0,0,-1,0,9,0,0,3,0,681.8
0,6,0,0,0,1,13,13,16,0,-1,0,2,0,0,0,0,-1,0,11,1,0,18,0,1915.58
0,8,0,0,0,0,15,5,4,0,-1,0,0,0,0,0,0,-1,0,14,1,0,21,0,1815.79
0,8,0,0,0,0,15,6,4,0,-1,0,0,0,0,0,0,-1,0,14,1,0,21,0,607.77
0,13,1,0,0,0,15,16,22,0,-1,0,1,0,0,0,0,-1,0,5,0,1,6,0,802.75
0,10,29,0,1,1,12,17,87,1,-1,0,16,0,0,2,0,-1,0,3,2,2,5,0,1690.29
0,5,0,0,0,0,8,9,15,0,-1,0,0,0,0,0,0,-1,0,13,0,0,17,0,1089.34
0,8,3,0,0,0,2,35,43,2,-1,0,18,1,0,0,0,-1,0,10,5,0,8,0,1892.37
2,3,12,0,0,4,10,20,67,1,-1,0,14,0,0,0,0,-1,0,8,0,0,14,0,1242.91
0,5,0,0,0,0,10,8,12,1,-1,0,0,0,0,0,0,-1,0,13,0,0,18,0,746.44
16,6,9,141,44,16,9,16,179,19,-1,29,57,27,3,8,43,-1,28,2,5,14,8,23,6410.09
0,1,5,0,1,1,6,26,60,1,-1,0,47,0,0,0,0,-1,0,10,3,0,14,0,2460.65
0,13,0,0,0,0,8,26,8,0,-1,0,0,0,0,0,0,-1,0,11,0,0,5,0,657.43
10,5,65,4,3,37,4,34,135,5,-1,4,47,0,2,1,0,-1,2,6,2,8,7,1,2879.39
0,19,0,0,0,0,12,0,0,0,-1,0,0,0,0,0,0,-1,0,19,0,0,13,0,226.93
0,7,0,0,0,0,12,5,10,0,-1,0,0,0,0,0,0,-1,0,15,0,0,20,0,740.46
15,6,10,133,46,12,9,15,175,19,-1,23,60,25,6,9,29,-1,28,2,6,17,8,25,5443.97
0,7,0,0,0,0,13,10,11,0,-1,0,1,0,0,0,0,-1,0,13,0,0,19,0,1579.95
0,13,0,0,0,0,9,2,0,0,-1,0,0,0,0,0,0,-1,0,20,0,0,20,0,93.99
0,17,0,0,0,0,13,11,3,0,-1,0,0,0,0,0,0,-1,0,13,0,0,5,0,233.44
0,15,0,0,0,0,14,0,1,0,-1,0,0,0,0,0,0,-1,0,23,0,0,25,0,185.42
4,7,46,0,0,7,4,36,102,3,-1,0,74,0,3,2,0,-1,1,6,4,4,6,0,2862.87
0,11,0,0,0,0,8,2,0,0,-1,0,0,0,0,0,0,-1,0,18,0,0,19,0,209.18
0,7,0,0,1,1,14,10,11,0,-1,0,2,0,0,0,0,-1,0,11,0,0,18,0,1707.11
0,9,6,0,0,4,5,36,37,1,-1,0,10,0,0,0,0,-1,0,8,0,1,5,0,2442.32
0,17,0,0,0,0,18,2,7,0,-1,0,0,0,0,0,0,-1,0,9,0,0,7,0,359.83
29,3,22,12,9,27,7,25,194,11,-1,5,28,1,16,6,8,-1,3,4,43,51,9,5,4296.38
0,15,0,0,0,0,22,3,0,0,-1,0,0,0,0,0,0,-1,0,18,0,0,26,0,544.1
8,7,56,20,6,13,8,30,165,11,-1,8,60,1,1,5,4,-1,5,3,13,42,5,0,5402.91
0,15,1,0,0,0,16,10,9,0,-1,0,0,0,0,0,0,-1,0,8,0,0,5,0,479.11
0,13,0,0,0,0,12,0,1,0,-1,0,0,0,0,0,0,-1,0,21,0,0,23,0,193.72
0,4,0,0,0,0,7,19,27,0,-1,0,1,0,0,0,0,-1,0,12,0,0,16,0,1144.13
0,10,33,4,2,1,10,18,97,3,-1,0,15,0,0,0,0,-1,0,4,1,1,3,0,2154.75
0,12,0,0,0,1,9,32,15,0,-1,0,1,0,0,0,0,-1,0,8,0,0,2,0,546.33
0,10,2,0,0,2,6,36,25,2,-1,0,7,0,0,0,0,-1,1,8,0,0,4,0,1504.6
0,9,0,0,0,0,12,1,4,0,-1,0,0,0,0,0,0,-1,0,17,0,0,22,0,215.14
0,14,0,0,0,0,7,11,4,0,-1,0,0,0,0,0,0,-1,0,14,0,0,9,0,260.68
8,6,22,20,4,19,8,25,177,14,-1,4,67,4,6,15,16,-1,9,3,36,49,6,4,7189.41
0,17,0,0,0,0,12,13,3,0,-1,0,0,0,0,0,0,-1,0,14,0,0,6,0,181.87
0,14,0,0,0,0,11,15,9,0,-1,0,0,0,0,0,0,-1,0,10,0,0,2,0,1269.14
0,15,0,0,0,0,15,0,1,0,-1,0,0,0,0,0,0,-1,0,23,0,0,26,0,153.74
0,3,0,0,0,0,9,18,29,1,-1,0,2,0,0,0,0,-1,0,11,0,0,16,0,796.15
0,14,0,0,0,0,11,1,1,0,-1,0,0,0,0,0,0,-1,0,21,0,0,23,0,190.76
0,8,0,0,0,0,15,8,5,0,-1,0,0,0,0,0,0,-1,0,14,1,0,21,0,606.88
0,17,0,0,0,0,10,2,1,0,-1,0,0,0,0,0,0,-1,0,17,0,0,11,0,325.9
0,5,0,0,0,0,6,14,18,0,-1,0,1,0,0,0,0,-1,0,13,1,0,16,0,1002.93
0,10,1,0,0,0,5,35,18,0,-1,0,6,0,0,0,0,-1,0,10,0,0,6,0,1410.65
0,2,6,0,3,2,6,25,63,1,-1,0,46,0,0,0,0,-1,0,10,1,0,14,0,2588.07
0,6,0,0,0,0,12,7,11,0,-1,0,0,0,0,0,0,-1,0,14,0,0,19,0,1013.85
0,8,0,0,0,0,5,12,3,0,-1,0,0,0,0,0,0,-1,0,15,0,0,16,0,839.02
0,14,1,0,0,0,14,15,28,0,-1,0,0,0,0,0,0,-1,0,6,0,1,5,0,584.3
6,3,61,12,11,13,9,20,145,0,-1,0,67,0,0,0,0,-1,1,5,45,32,11,0,2519.54
0,4,0,0,1,0,5,20,29,0,-1,0,8,0,0,0,0,-1,0,12,0,0,15,0,1367.3
0,7,0,0,0,0,3,12,20,0,-1,0,4,0,0,0,0,-1,0,13,0,0,14,0,568.19
0,14,0,0,0,0,14,0,1,0,-1,0,0,0,0,0,0,-1,0,23,0,0,25,0,190.64
0,7,2,0,2,1,0,21,33,0,-1,0,11,0,0,0,0,-1,0,11,3,0,11,0,2084.42
0,5,0,0,0,0,11,14,16,0,-1,0,2,0,0,0,0,-1,0,12,0,0,18,0,1188.8
1,3,0,0,0,1,10,22,43,4,-1,0,5,0,0,2,0,-1,0,10,0,0,16,0,1334.33
0,15,1,0,0,0,15,8,16,5,-1,0,0,0,0,0,0,-1,0,8,0,0,4,0,458.72
0,12,0,0,0,0,12,0,1,0,-1,0,0,0,0,0,0,-1,0,20,0,0,23,0,268.14
0,8,0,0,0,0,6,8,3,0,-1,0,0,0,0,0,0,-1,0,15,0,0,17,0,735.72
0,9,0,0,0,0,14,2,5,1,-1,0,0,0,0,0,0,-1,0,17,0,0,23,0,296.94
0,14,0,0,0,0,12,0,1,0,-1,0,0,0,0,0,0,-1,0,22,0,0,24,0,193.54
0,13,1,0,0,1,15,13,16,0,-1,0,0,0,0,0,0,-1,0,5,0,1,7,0,666.85
0,13,0,0,0,0,20,2,1,0,-1,0,0,0,0,0,0,-1,0,16,0,0,23,0,215.49
3,8,56,12,11,10,11,18,141,6,-1,0,22,3,2,0,4,-1,1,0,48,30,7,2,5739.56
0,7,0,0,2,0,1,17,30,2,-1,0,8,0,0,0,0,-1,0,12,1,0,12,0,2029.95
0,14,0,0,0,0,11,18,18,4,-1,4,1,0,0,0,0,-1,0,8,0,0,0,0,537.65
0,12,0,0,0,0,6,22,6,0,-1,0,1,0,0,0,0,-1,0,13,0,0,8,0,579.38
36,2,46,12,3,23,7,23,180,8,-1,4,36,3,16,14,8,-1,4,5,20,48,10,1,3552.14
0,8,0,0,0,0,2,15,19,0,-1,0,1,0,0,0,0,-1,0,13,3,0,13,0,377.31
2,8,21,0,0,6,6,35,72,1,-1,0,23,0,0,0,0,-1,0,6,0,2,5,0,1754.81
0,18,0,0,0,0,14,10,3,0,-1,0,0,0,0,0,0,-1,0,14,0,0,6,0,196.89
3,8,41,0,0,5,6,37,97,1,-1,0,34,0,1,0,0,-1,0,6,0,4,5,0,2976.09
0,19,0,0,0,0,14,4,2,0,-1,0,0,0,0,0,0,-1,0,16,0,0,8,0,216.03
39,3,85,4,3,30,4,36,160,1,-1,0,28,1,3,2,0,-1,1,6,6,8,9,0,2953.58
0,13,0,0,0,0,7,3,2,0,-1,0,0,0,0,0,0,-1,0,18,0,0,17,0,228.74
0,17,0,0,0,0,12,12,3,1,-1,0,0,0,0,0,0,-1,0,13,0,0,5,0,260.27
0,16,0,0,0,0,10,4,2,0,-1,0,0,0,0,0,0,-1,0,16,0,0,9,0,339.31
35,1,74,0,6,30,6,29,137,3,-1,0,35,1,4,4,4,-1,1,7,4,9,11,0,3268.02
0,13,0,0,0,0,7,3,3,0,-1,0,0,0,0,0,0,-1,0,18,0,0,16,0,1112.38
1,3,0,0,0,1,11,21,35,0,-1,0,5,0,0,1,0,-1,0,10,0,0,16,0,674.01
4,8,72,4,9,6,11,19,135,7,-1,0,25,3,0,0,0,-1,1,0,29,24,7,0,2672.89
24,4,23,68,49,41,8,18,186,13,-1,19,34,9,4,2,24,-1,5,4,18,25,10,12,4556.54
0,15,0,0,0,0,10,24,5,0,-1,0,0,0,0,0,0,-1,0,12,0,0,4,0,247.55
0,20,0,0,0,0,22,1,0,0,-1,0,0,0,0,0,0,-1,0,12,0,0,12,0,330.31
0,15,1,0,0,0,14,12,16,2,-1,0,0,0,0,0,0,-1,0,7,0,0,4,0,487.96
0,11,17,0,0,0,12,16,68,2,-1,0,9,0,0,2,0,-1,0,3,2,0,5,1,1709.92
0,10,0,0,0,0,5,7,4,0,-1,0,0,0,0,0,0,-1,0,16,0,0,16,0,350.78
0,15,0,0,0,0,8,1,2,0,-1,0,0,0,0,0,0,-1,0,17,0,0,13,0,889.64
0,13,0,0,0,0,9,2,0,0,-1,0,0,0,0,0,0,-1,0,20,0,0,20,0,94.67
0,13,0,0,0,0,14,0,1,0,-1,0,0,0,0,0,0,-1,0,21,0,0,25,0,165.49
0,12,2,0,0,0,14,16,42,1,-1,0,3,0,0,0,0,-1,0,4,0,0,6,0,943.56
0,12,2,0,0,0,14,16,42,0,-1,0,3,0,0,0,0,-1,0,4,0,0,6,0,1381.25
0,17,0,0,0,0,12,1,0,0,-1,0,0,0,0,0,0,-1,0,23,0,0,22,0,103.29
0,15,1,0,0,0,15,14,12,0,-1,0,0,0,0,0,0,-1,0,7,0,0,5,0,528.34
0,14,0,0,0,0,15,0,1,0,-1,0,0,0,0,0,0,-1,0,22,0,0,26,0,138.22
0,2,2,0,2,1,6,26,53,0,-1,0,33,0,0,0,0,-1,0,10,2,0,14,0,1360.77
0,17,0,0,0,0,11,3,1,0,-1,0,0,0,0,0,0,-1,0,17,0,0,10,0,427.57
0,9,0,0,1,0,17,5,4,0,-1,0,0,0,0,0,0,-1,0,14,0,0,21,0,1658.51
0,16,0,0,0,0,9,1,2,0,-1,0,0,0,0,0,0,-1,0,18,0,0,14,0,356.5
1,12,3,0,0,0,15,12,23,0,-1,0,1,0,0,0,0,-1,0,4,0,0,8,0,833.71
0,5,0,0,0,0,6,13,18,0,-1,0,1,0,0,0,0,-1,0,13,1,0,16,0,1113.95
5,1,44,0,0,6,8,23,107,7,-1,8,66,0,0,2,0,-1,1,7,5,1,13,0,2293.81
0,10,0,0,0,0,7,4,0,0,-1,0,0,0,0,0,0,-1,0,17,0,0,19,0,180.91
0,13,0,0,0,0,11,1,1,0,-1,0,0,0,0,0,0,-1,0,21,0,0,22,0,199.71
0,8,0,0,0,0,12,4,7,0,-1,0,0,0,0,0,0,-1,0,16,0,0,21,0,193.64
0,13,0,0,0,0,7,25,7,0,-1,0,0,0,0,0,0,-1,0,12,0,0,6,0,595.75
0,8,0,0,0,0,13,3,7,0,-1,0,0,0,0,0,0,-1,0,16,0,0,21,0,230.5
0,15,2,0,0,0,15,15,18,0,-1,0,0,0,0,0,0,-1,0,7,0,0,5,0,537.18
2,9,14,0,0,4,6,37,71,3,-1,0,19,0,0,0,0,-1,0,6,0,0,4,0,1732.22
0,12,0,0,0,0,10,0,1,0,-1,0,0,0,0,0,0,-1,0,20,0,0,21,0,238.39
1,12,0,0,0,0,5,15,7,0,-1,0,0,1,0,0,0,-1,0,14,0,0,10,0,1500.56
0,7,0,0,0,0,12,6,11,0,-1,0,0,0,0,0,0,-1,0,14,0,0,20,0,1226.01
33,3,70,0,4,31,4,35,150,3,-1,0,28,1,2,0,0,-1,4,7,6,6,9,1,2964.09
2,5,48,0,0,0,11,15,81,2,-1,0,22,0,0,0,0,-1,0,6,1,2,13,0,2517.08
6,4,49,4,34,11,10,17,153,4,-1,0,67,4,1,0,16,-1,3,4,29,40,11,3,2730.68
0,17,0,0,0,0,10,2,1,0,-1,0,0,0,0,0,0,-1,0,17,0,0,12,0,258.41
0,18,0,0,0,0,11,0,1,0,-1,0,0,0,0,0,0,-1,0,19,0,0,13,0,1110.35
0,16,0,0,0,0,9,0,1,0,-1,0,0,0,0,0,0,-1,0,20,0,0,16,0,1134.79
0,9,55,0,0,1,13,13,79,0,-1,0,14,0,0,0,0,-1,0,2,3,1,9,0,1899.94
1,11,0,0,2,0,3,10,12,0,-1,0,0,0,0,0,0,-1,0,14,0,0,12,0,1204.51
0,15,0,0,0,0,8,1,1,0,-1,0,0,0,0,0,0,-1,0,19,0,0,16,0,1163.06
0,20,0,0,0,0,13,0,0,0,-1,0,0,0,0,0,0,-1,0,20,0,0,14,0,212.89
0,11,0,0,0,0,18,4,2,0,-1,0,0,0,0,0,0,-1,0,15,0,0,23,0,571.36
0,13,0,0,0,0,15,16,20,0,-1,0,1,0,0,0,0,-1,0,5,0,2,7,0,807.74
0,12,0,0,0,0,6,25,10,0,-1,0,1,0,0,0,0,-1,0,12,0,0,7,0,302.87
0,19,0,0,0,0,12,0,0,0,-1,0,0,0,0,0,0,-1,0,19,0,0,12,0,221.31
0,19,0,0,0,0,12,2,0,0,-1,0,0,0,0,0,0,-1,0,17,0,0,10,0,101.64
0,13,0,0,0,0,8,30,12,0,-1,0,1,0,0,0,0,-1,0,10,0,0,4,0,282.77
0,12,0,0,0,0,5,23,9,1,-1,0,1,0,0,0,0,-1,0,13,1,0,8,0,682.71
12,3,25,4,6,20,3,33,100,3,-1,0,49,0,6,1,0,-1,2,8,6,3,10,0,2759.44
0,7,0,0,0,0,13,10,12,0,-1,0,2,0,0,0,0,-1,0,12,1,0,19,0,1586.1
5,1,30,0,0,5,8,25,99,4,-1,8,63,0,0,0,0,-1,0,8,5,0,13,0,1350.61
8,5,10,181,17,26,9,13,171,20,-1,12,51,33,7,5,105,-1,13,2,10,22,9,18,10520.93
0,12,0,0,0,0,16,0,2,0,-1,0,0,0,0,0,0,-1,0,20,0,0,25,0,204.74
0,16,0,0,0,0,13,12,8,0,-1,0,0,0,0,0,0,-1,0,11,0,0,3,0,557.94
0,8,3,0,1,1,4,36,40,0,-1,0,18,0,0,0,0,-1,0,9,0,0,7,0,1869.21
0,10,0,0,0,1,3,9,14,0,-1,0,0,0,0,0,0,-1,0,14,2,0,13,0,529.93
0,16,0,0,0,0,9,1,1,0,-1,0,0,0,0,0,0,-1,0,18,0,0,13,0,864.3
4,9,71,0,3,4,10,20,126,3,-1,4,27,2,0,3,0,-1,1,2,16,19,5,0,2116.82
0,12,0,0,0,0,11,21,40,0,-1,0,3,0,0,0,0,-1,0,6,0,1,1,0,2051.18
0,16,1,0,0,0,16,3,9,1,-1,0,0,0,0,0,0,-1,0,9,0,0,5,0,390.87
11,6,12,115,24,13,10,11,175,7,-1,14,62,23,4,3,89,-1,11,2,6,23,9,17,8731.39
0,18,0,0,0,0,13,8,3,0,-1,0,0,0,0,0,0,-1,0,15,0,0,7,0,238.06
0,19,0,0,0,0,12,0,0,0,-1,0,0,0,0,0,0,-1,0,21,0,0,16,0,174.71
0,15,0,0,0,0,9,9,2,0,-1,0,0,0,0,0,0,-1,0,14,0,0,8,0,285.55
0,16,0,0,0,0,10,2,1,0,-1,0,0,0,0,0,0,-1,0,22,0,0,20,0,92.3
0,12,2,0,0,0,14,16,38,0,-1,0,5,0,0,0,0,-1,0,4,0,1,7,0,970.65
5,1,40,0,0,6,8,24,102,3,-1,4,63,0,0,2,0,-1,1,7,3,0,13,0,3014.97
0,15,0,0,0,0,8,2,1,0,-1,0,0,0,0,0,0,-1,0,19,0,0,16,0,1078.14
10,7,25,36,5,19,8,28,175,16,-1,8,65,4,1,10,4,-1,5,2,39,46,6,5,7210.89
25,5,65,8,0,49,5,30,182,2,-1,0,33,1,5,3,0,-1,3,5,7,35,7,1,3527.38
0,6,0,0,0,0,10,5,9,0,-1,0,0,0,0,0,0,-1,0,15,0,0,19,0,939.12
0,19,0,0,0,0,14,4,2,0,-1,0,0,0,0,0,0,-1,0,16,0,0,9,0,264.71
0,17,0,0,0,0,10,1,1,0,-1,0,0,0,0,0,0,-1,0,22,0,0,20,0,89.11
0,11,0,0,0,0,6,5,3,0,-1,0,0,0,0,0,0,-1,0,17,0,0,16,0,357.05
1,11,0,0,0,0,4,18,14,0,-1,0,0,1,0,0,0,-1,0,13,2,0,9,0,1491.73
5,8,50,0,0,5,6,38,106,0,-1,0,40,0,0,0,0,-1,0,6,0,5,4,0,3026.04
0,12,0,0,0,0,11,0,1,0,-1,0,0,0,0,0,0,-1,0,20,0,0,22,0,265.79
0,17,0,0,0,0,11,1,1,0,-1,0,0,0,0,0,0,-1,0,22,0,0,20,0,102.25
22,3,34,12,4,28,6,27,192,4,-1,0,23,1,20,2,8,-1,2,5,18,53,9,5,3471.7
0,6,0,0,0,0,12,6,11,0,-1,0,0,0,0,0,0,-1,0,14,0,0,20,0,585.86
0,12,0,0,0,0,9,2,0,0,-1,0,0,0,0,0,0,-1,0,19,0,0,20,0,161.17
0,6,2,0,3,0,1,18,33,2,-1,0,17,0,0,0,0,-1,0,11,1,0,12,0,1944.57
0,15,0,0,0,0,10,2,0,0,-1,0,0,0,0,0,0,-1,0,22,0,0,21,0,76.21
10,7,26,36,7,17,8,28,172,17,-1,8,65,4,2,11,4,-1,4,2,34,53,6,6,5821.63
0,17,0,0,0,0,19,6,1,0,-1,0,0,0,0,0,0,-1,0,9,0,0,9,0,362.6
0,13,0,0,0,0,6,15,5,0,-1,0,1,0,0,0,0,-1,0,14,1,0,9,0,341.58
0,16,0,0,0,0,9,2,1,0,-1,0,0,0,0,0,0,-1,0,21,0,0,18,0,1044.76
0,14,0,0,0,0,14,0,1,0,-1,0,0,0,0,0,0,-1,0,22,0,0,25,0,163.61
0,11,0,0,0,1,4,8,10,0,-1,0,0,0,0,0,0,-1,0,15,1,0,13,0,1651.21
0,18,0,0,0,0,13,5,2,0,-1,0,0,0,0,0,0,-1,0,15,0,0,8,0,202.74
0,17,0,0,0,0,10,5,1,0,-1,0,0,0,0,0,0,-1,0,15,0,0,9,0,109.01
0,10,23,0,0,2,10,22,92,0,-1,0,16,0,0,0,0,-1,0,4,2,1,3,0,2661.4
0,6,5,0,1,4,1,18,38,2,-1,0,16,0,0,0,0,-1,0,11,3,0,12,0,1433.23
0,11,0,0,0,0,12,0,1,0,-1,0,0,0,0,0,0,-1,0,19,0,0,22,0,141.1
1,12,0,0,0,0,4,12,7,0,-1,0,0,1,0,0,0,-1,0,14,1,0,11,0,426.35
0,13,1,0,0,0,13,15,35,1,-1,0,1,0,0,0,0,-1,1,5,0,0,3,0,2031.83
0,11,0,0,0,0,8,2,0,0,-1,0,0,0,0,0,0,-1,0,18,0,0,20,0,205.22
1,9,65,0,0,3,12,18,106,6,-1,0,17,0,0,0,0,-1,0,1,10,4,7,0,1916.87
0,1,10,0,1,7,6,29,77,2,-1,4,67,1,0,1,0,-1,0,9,4,1,13,0,2747.09
0,11,0,0,0,1,5,24,10,1,-1,0,0,0,0,0,0,-1,0,12,1,0,8,0,628.57
0,6,0,0,0,0,6,13,8,0,-1,0,0,0,0,0,0,-1,0,14,0,0,16,0,952.83
9,7,67,12,5,13,8,23,160,9,-1,0,67,0,2,4,4,-1,5,3,6,32,5,0,5254.24
0,8,0,0,0,0,15,6,4,0,-1,0,0,0,0,0,0,-1,0,14,1,0,21,0,1756.48
0,11,1,0,1,1,4,25,13,1,-1,0,0,0,0,0,0,-1,0,12,1,0,8,0,1586.36
0,15,2,0,0,0,16,14,12,0,-1,0,0,0,0,0,0,-1,0,7,0,0,6,0,526.55
5,2,62,12,5,51,8,22,152,3,-1,4,38,1,4,6,4,-1,1,5,19,38,11,0,4453.71
5,7,28,13,51,13,11,9,159,3,-1,0,46,9,1,1,0,-1,2,1,19,53,9,0,2734.46
0,19,0,0,0,0,19,0,2,0,-1,0,0,0,0,0,0,-1,0,11,0,0,9,0,389.74
0,6,0,0,0,0,4,13,20,0,-1,0,6,0,0,0,0,-1,0,13,1,0,14,0,1298.48
0,9,0,0,1,0,16,5,4,1,-1,0,0,0,0,0,0,-1,0,13,0,0,21,0,224.75
0,18,0,0,0,0,11,0,1,0,-1,0,0,0,0,0,0,-1,0,19,0,0,13,0,221.85
0,7,0,0,0,1,14,8,12,0,-1,0,2,0,0,0,0,-1,0,9,0,0,17,0,227.91
0,14,0,0,0,0,21,3,1,0,-1,0,0,0,0,0,0,-1,0,18,0,0,25,0,528.75
11,6,52,16,3,23,7,23,176,6,-1,0,67,0,2,5,4,-1,4,4,6,50,6,2,3580.59
15,6,9,86,46,13,9,20,182,14,-1,18,61,8,5,15,28,-1,8,2,27,24,7,21,7894.12
0,6,0,0,0,0,9,5,10,0,-1,0,0,0,0,0,0,-1,0,14,0,0,18,0,960.4
0,19,0,0,0,0,14,3,1,0,-1,0,0,0,0,0,0,-1,0,17,0,0,9,0,205.73
0,12,1,0,0,0,14,16,36,0,-1,0,2,0,0,0,0,-1,0,4,0,2,6,0,900.57
0,11,0,0,0,0,9,2,0,0,-1,0,0,0,0,0,0,-1,0,18,0,0,20,0,175.29
0,7,1,0,1,1,0,19,30,0,-1,0,9,1,0,0,0,-1,0,12,2,0,11,0,2186.81
0,5,0,0,0,1,12,13,19,0,-1,0,2,0,0,0,0,-1,0,11,0,0,17,0,676.88
0,18,0,0,0,0,10,0,1,0,-1,0,0,0,0,0,0,-1,0,19,0,0,14,0,1219.72
0,7,0,0,0,0,12,5,8,1,-1,0,0,0,0,0,0,-1,0,15,0,0,20,0,309.31
0,5,0,0,0,2,12,12,26,1,-1,0,2,0,1,0,0,-1,0,9,0,0,16,0,1098.67
1,6,0,0,1,0,13,10,14,0,-1,0,2,0,0,0,0,-1,0,11,0,0,18,0,1903.45
0,12,0,0,0,0,8,4,0,0,-1,0,0,0,0,0,0,-1,0,19,0,0,19,0,181.35
0,5,0,0,0,1,12,13,20,0,-1,0,2,0,0,0,0,-1,0,11,0,0,17,0,1161.65
0,14,1,0,0,0,14,14,27,0,-1,0,0,0,0,0,0,-1,0,6,0,1,4,0,437.88
7,8,55,12,12,11,10,21,148,9,-1,12,46,3,1,3,0,-1,3,1,12,36,6,1,5449.53
0,2,0,0,0,1,9,26,46,1,-1,0,9,0,0,0,0,-1,0,10,0,0,15,0,1361.93
0,16,0,0,0,0,11,12,3,0,-1,0,0,0,0,0,0,-1,0,13,0,0,5,0,284.36
0,17,0,0,0,0,13,12,7,0,-1,0,0,0,0,0,0,-1,0,12,0,0,4,0,540.86
1,9,67,0,2,5,10,21,114,3,-1,4,23,1,0,1,0,-1,1,3,2,11,4,0,990.65
0,18,0,0,0,0,20,4,1,0,-1,0,1,0,0,0,0,-1,0,9,0,0,11,0,476.84
0,8,1,0,2,1,1,19,27,0,-1,0,5,1,0,0,0,-1,0,12,2,0,11,0,1782.28
0,9,0,0,0,0,9,1,0,0,-1,0,0,0,0,0,0,-1,0,17,0,0,20,0,676.47
0,10,0,0,0,0,14,1,5,0,-1,0,0,0,0,0,0,-1,0,18,0,0,23,0,179.12
0,16,0,0,0,0,9,0,1,0,-1,0,0,0,0,0,0,-1,0,20,0,0,16,0,1137.24
0,21,0,0,0,0,13,0,1,0,-1,0,0,0,0,0,0,-1,0,23,0,0,18,0,147.24
2,8,49,0,0,7,7,37,100,0,-1,0,26,0,0,0,0,-1,0,5,1,3,4,0,2267.36
0,9,0,0,0,0,15,5,3,0,-1,0,0,0,0,0,0,-1,0,15,0,0,21,0,1510.11
0,7,0,0,0,0,6,11,5,0,-1,0,0,0,0,0,0,-1,0,14,0,0,16,0,799.77
0,10,0,0,0,0,17,4,3,0,-1,0,0,0,0,0,0,-1,0,15,0,0,22,0,1518.6
0,1,8,0,1,1,7,29,68,4,-1,0,61,0,0,0,0,-1,0,9,3,0,14,0,2741.63
0,10,0,0,0,0,4,8,7,0,-1,0,1,0,0,0,0,-1,0,15,0,0,14,0,443.7
1,7,10,0,3,6,3,37,56,1,-1,0,41,0,0,0,0,-1,2,8,4,1,8,1,2087.28
0,12,0,0,0,0,6,5,3,0,-1,0,0,0,0,0,0,-1,0,17,0,0,16,0,366.26
1,6,0,0,0,0,13,9,17,0,-1,0,3,0,0,0,0,-1,0,9,0,0,16,0,1801.49
0,4,0,0,0,0,7,17,28,0,-1,0,1,0,0,0,0,-1,0,12,0,0,16,0,1163.96
0,6,0,0,0,0,3,14,23,1,-1,0,6,0,0,0,0,-1,0,12,0,0,14,0,922.41
0,13,1,0,0,0,13,16,37,0,-1,0,1,0,0,0,0,-1,0,5,0,0,4,0,615.65
0,8,0,0,0,0,14,3,6,0,-1,0,0,0,0,0,0,-1,0,16,0,0,21,0,565.38
4,0,55,0,1,13,7,25,117,6,-1,8,70,0,0,1,0,-1,3,7,5,1,13,0,3010.06
0,19,0,0,0,0,21,3,0,0,-1,0,0,0,0,0,0,-1,0,11,0,0,12,0,543.2
9,7,67,12,5,13,8,23,160,11,-1,0,67,0,2,3,8,-1,5,3,6,32,5,0,5051.7
0,15,0,0,0,0,10,14,4,0,-1,0,0,0,0,0,0,-1,0,13,0,0,6,0,227.41
0,8,0,0,1,0,15,5,4,0,-1,0,1,0,0,0,0,-1,0,11,0,0,19,0,188.75
0,3,0,0,0,0,10,19,28,2,-1,0,2,0,0,0,0,-1,0,11,0,0,17,0,1069.0
0,9,0,0,0,0,4,10,5,0,-1,0,0,0,0,0,0,-1,0,15,0,0,15,0,395.8
29,1,73,8,6,38,5,30,130,2,-1,0,30,0,5,2,0,-1,2,7,4,9,11,1,3695.23
1,9,0,0,1,0,2,13,18,2,-1,0,0,0,0,0,0,-1,0,13,3,0,12,0,1628.42
0,15,0,0,0,0,7,4,1,0,-1,4,0,0,0,0,0,-1,0,18,0,0,15,0,1038.56
1,2,3,0,0,2,9,25,56,0,-1,0,21,0,0,1,0,-1,0,9,0,0,14,0,1367.15
0,11,0,0,0,0,12,0,1,0,-1,0,0,0,0,0,0,-1,0,19,0,0,23,0,142.1
0,13,0,0,0,0,10,2,0,0,-1,0,0,0,0,0,0,-1,0,20,0,0,21,0,93.87
22,2,55,8,3,41,5,30,119,1,-1,0,26,2,2,1,0,-1,2,7,6,5,11,1,3087.37
0,15,0,0,0,0,8,5,4,0,-1,0,1,0,0,0,0,-1,0,16,0,0,12,0,444.13
50,4,52,12,1,26,6,29,186,5,-1,0,28,1,6,5,0,-1,0,5,7,39,8,1,3746.37
0,16,0,0,0,0,9,1,2,0,-1,0,0,0,0,0,0,-1,0,19,0,0,15,0,1159.7
0,8,0,0,0,0,8,1,0,0,-1,0,0,0,0,0,0,-1,0,16,0,0,19,0,713.24
10,4,20,4,2,11,2,37,84,5,-1,0,58,4,1,1,0,-1,2,8,2,3,9,0,2505.78
14,6,17,44,13,19,8,26,180,20,-1,10,61,2,4,10,12,-1,14,2,55,38,7,4,4364.16
13,6,9,90,56,12,9,19,176,14,-1,19,58,9,6,12,24,-1,15,1,15,28,8,14,6475.12
14,4,35,4,6,25,3,34,110,1,-1,0,43,0,8,0,0,-1,2,8,5,2,10,0,2680.16
0,13,0,0,0,0,7,22,5,0,-1,0,1,0,0,0,0,-1,0,12,0,0,7,0,630.77
8,7,91,0,0,15,6,32,141,0,-1,0,74,0,1,1,0,-1,0,5,3,5,5,0,3473.97
0,18,0,0,0,0,12,3,0,0,-1,0,0,0,0,0,0,-1,0,16,0,0,9,0,781.37
0,16,0,0,0,0,11,12,3,0,-1,0,0,0,0,0,0,-1,0,12,0,0,5,0,267.95
0,10,0,0,0,0,5,7,4,0,-1,0,0,0,0,0,0,-1,0,16,0,0,17,0,361.99
0,11,1,0,0,0,7,30,12,1,-1,0,2,0,0,0,0,-1,0,10,0,0,5,0,684.8
0,17,0,0,0,0,13,11,3,0,-1,0,0,0,0,0,0,-1,0,14,0,0,6,0,238.76
0,6,0,0,0,0,12,7,11,0,-1,0,0,0,0,0,0,-1,0,14,0,0,20,0,713.02
0,14,0,0,0,0,10,2,0,0,-1,0,0,0,0,0,0,-1,0,21,0,0,21,0,90.93
0,16,0,0,0,0,10,5,1,0,-1,0,0,0,0,0,0,-1,0,15,0,0,9,0,242.62
0,6,0,0,0,0,10,5,10,0,-1,0,0,0,0,0,0,-1,0,14,0,0,19,0,986.56
0,9,20,0,0,2,7,38,77,1,-1,0,21,0,0,0,0,-1,0,6,0,0,3,0,1814.58
0,14,0,0,0,0,7,2,3,0,-1,0,0,0,0,0,0,-1,0,19,0,0,16,0,931.93
0,16,0,0,0,0,9,3,1,0,-1,0,0,0,0,0,0,-1,0,21,0,0,19,0,103.64
0,15,0,0,0,0,8,1,2,0,-1,0,0,0,0,0,0,-1,0,18,0,0,14,0,896.11
1,10,0,0,1,0,3,10,14,2,-1,0,0,0,0,0,0,-1,0,14,3,0,12,0,476.61
0,12,0,0,0,1,4,6,7,0,-1,0,0,0,0,0,0,-1,0,15,2,0,12,0,1497.81
0,16,0,0,0,0,10,16,4,0,-1,0,0,0,0,0,0,-1,0,13,0,0,6,0,930.56
0,18,0,0,0,0,13,4,2,0,-1,0,0,0,0,0,0,-1,0,15,0,0,8,0,238.77
0,14,0,0,0,0,9,3,0,0,-1,0,0,0,0,0,0,-1,0,21,0,0,20,0,77.15
0,6,0,0,0,0,13,10,13,0,-1,0,0,0,0,0,0,-1,0,13,0,0,19,0,582.65
0,9,56,0,0,1,13,13,82,0,-1,0,14,0,0,0,0,-1,0,2,4,1,9,0,1885.56
0,14,0,0,0,0,21,3,1,0,-1,0,0,0,0,0,0,-1,0,18,0,0,26,0,527.68
20,5,46,16,1,50,6,28,182,5,-1,0,37,0,6,3,4,-1,4,4,6,53,7,5,3567.12
0,3,0,0,0,1,10,19,32,1,-1,0,6,0,0,0,0,-1,0,11,0,0,16,0,867.17
0,12,0,0,0,0,5,5,6,0,-1,0,1,0,0,0,0,-1,0,16,0,0,14,0,1200.16
0,16,0,0,0,0,11,9,3,0,-1,0,0,0,0,0,0,-1,0,14,0,0,7,0,271.98
0,13,0,0,0,0,17,0,1,0,-1,0,0,0,0,0,0,-1,0,20,0,0,26,0,280.57
0,15,0,0,0,0,10,23,4,0,-1,0,0,0,0,0,0,-1,0,12,0,0,5,0,289.5
0,7,0,0,0,0,5,11,7,0,-1,0,0,0,0,0,0,-1,0,14,0,0,16,0,847.92
0,11,0,0,0,0,8,2,0,0,-1,0,0,0,0,0,0,-1,0,18,0,0,20,0,197.23
1,10,4,0,0,1,7,36,36,2,-1,0,8,0,0,1,0,-1,0,8,0,0,4,0,1444.41
0,12,0,0,0,0,5,23,9,1,-1,0,1,0,0,0,0,-1,0,13,1,0,8,0,685.77
0,14,1,0,0,0,15,14,23,0,-1,0,0,0,0,0,0,-1,0,7,0,1,5,0,576.32
0,17,0,0,0,0,10,4,1,0,-1,0,0,0,0,0,0,-1,0,16,0,0,10,0,420.89
0,18,0,0,0,0,12,0,0,0,-1,0,0,0,0,0,0,-1,0,24,0,0,22,0,90.49
0,4,0,0,0,0,7,16,27,0,-1,0,1,0,0,0,0,-1,0,13,0,0,16,0,1141.83
1,1,9,0,0,4,8,26,78,1,-1,4,54,0,0,1,0,-1,0,8,2,0,14,0,1520.87
0,7,5,0,4,6,2,32,48,0,-1,0,29,0,0,0,0,-1,0,9,4,1,9,0,1995.39
1,3,3,0,1,1,5,23,48,1,-1,0,28,1,0,0,0,-1,0,10,2,0,14,0,2417.3
0,11,1,0,0,0,5,26,12,0,-1,0,1,0,0,0,0,-1,0,12,1,0,8,0,686.46
0,12,0,0,0,0,7,30,9,0,-1,0,1,0,0,0,0,-1,0,10,0,0,4,0,1306.12
7,8,55,12,16,5,11,13,139,4,-1,0,25,4,0,0,0,-1,2,0,50,39,8,1,5541.25
1,2,0,0,0,1,9,24,48,3,-1,0,10,0,0,2,0,-1,0,9,0,0,15,0,1422.25
8,4,10,0,5,11,2,33,83,4,-1,0,58,0,1,2,4,-1,0,9,4,4,10,0,2451.71
5,0,42,0,0,5,8,24,110,4,-1,4,70,0,0,1,0,-1,1,8,6,1,13,0,3143.95
0,2,1,0,0,1,8,25,48,0,-1,0,11,0,0,0,0,-1,0,10,0,0,15,0,1310.72
0,17,0,0,0,0,10,1,1,0,-1,0,0,0,0,0,0,-1,0,22,0,0,19,0,771.86
0,15,0,0,0,0,12,1,0,0,-1,0,0,0,0,0,0,-1,0,22,0,0,22,0,185.75
0,19,0,0,0,0,13,4,1,0,-1,0,0,0,0,0,0,-1,0,16,0,0,9,0,211.36
0,13,0,0,0,0,6,5,6,0,-1,4,1,0,0,0,0,-1,0,17,0,0,14,0,1240.96
0,5,0,0,0,0,10,9,18,2,-1,0,1,0,0,0,0,-1,0,12,0,0,18,0,976.27
0,20,0,0,0,0,22,2,0,0,-1,0,0,0,0,0,0,-1,0,12,0,0,12,0,416.68
0,14,0,0,0,0,14,0,1,1,-1,0,0,0,0,0,0,-1,0,22,0,0,25,0,258.85
0,7,0,0,0,0,14,10,12,0,-1,0,1,0,0,0,0,-1,0,13,1,0,19,0,584.38
0,8,0,0,0,0,13,3,7,1,-1,0,0,0,0,0,0,-1,0,16,0,0,21,0,317.2
3,2,11,0,3,17,4,27,79,3,-1,0,54,2,1,2,0,-1,0,9,3,2,12,0,2683.53
0,12,4,0,0,0,13,16,52,0,-1,0,5,0,0,0,0,-1,0,4,0,1,5,1,1549.93
0,12,0,0,0,0,13,0,1,0,-1,0,0,0,0,0,0,-1,0,21,0,0,23,0,143.21
0,11,0,0,0,0,17,3,2,0,-1,0,0,0,0,0,0,-1,0,17,0,0,23,0,466.97
0,7,0,0,0,0,12,5,11,1,-1,0,0,0,0,0,0,-1,0,15,0,0,20,0,942.06
0,3,0,0,0,1,9,22,32,1,-1,0,6,0,0,0,0,-1,0,10,0,0,16,0,1359.78
0,15,0,0,0,0,8,1,2,0,-1,0,0,0,0,0,0,-1,0,18,0,0,15,0,834.79
0,6,0,0,1,1,14,10,12,1,-1,0,2,0,0,0,0,-1,0,11,0,0,18,0,1938.44
0,17,0,0,0,0,11,6,2,0,-1,0,0,0,0,0,0,-1,0,15,0,0,8,0,110.81
0,9,0,0,0,0,3,12,12,0,-1,0,1,0,0,0,0,-1,0,15,0,0,14,0,340.08
6,6,80,4,2,33,5,31,156,6,-1,0,56,0,6,3,0,-1,2,6,2,11,7,0,3263.16
37,3,28,22,12,30,7,24,194,9,-1,5,29,1,16,7,8,-1,7,4,52,42,10,5,5027.58
0,19,0,0,0,0,12,0,1,0,-1,0,0,0,0,0,0,-1,0,21,0,0,16,0,155.98
0,6,0,0,0,0,10,5,11,1,-1,0,0,0,0,0,0,-1,0,14,0,0,19,0,925.23
0,14,0,0,0,0,8,18,3,0,-1,0,0,0,0,0,0,-1,0,13,0,0,7,0,276.99
0,10,0,0,0,0,5,7,4,0,-1,0,0,0,0,0,0,-1,0,16,0,0,16,0,361.73
0,9,6,0,0,4,5,35,31,1,-1,0,12,0,0,0,0,-1,0,8,0,1,5,0,1549.48
0,10,52,0,0,3,13,16,89,7,-1,0,15,0,0,0,0,-1,0,1,5,2,7,1,1955.3
0,13,0,0,0,0,7,3,0,0,-1,0,0,0,0,0,0,-1,0,19,0,0,18,0,178.61
0,7,5,0,4,6,2,34,48,0,-1,0,29,0,0,0,0,-1,0,9,4,1,9,0,2183.69
0,9,1,0,1,1,3,30,23,0,-1,0,2,0,0,0,0,-1,0,11,2,0,8,0,1697.61
0,9,0,0,0,0,16,5,3,0,-1,0,1,0,0,0,0,-1,0,11,1,0,19,0,232.12
0,10,0,0,0,0,13,1,3,0,-1,0,0,0,0,0,0,-1,0,18,0,0,22,0,161.26
0,10,18,0,0,2,10,23,81,0,-1,0,13,0,0,0,0,-1,0,5,2,1,2,0,2617.12
0,15,2,0,0,1,17,13,10,0,-1,0,0,0,0,0,0,-1,0,6,0,0,8,0,572.13
0,10,1,0,0,1,6,36,22,1,-1,0,7,0,0,0,0,-1,1,8,0,0,4,0,813.1
0,17,0,0,0,0,11,5,1,0,-1,0,0,0,0,0,0,-1,0,15,0,0,8,0,647.95
0,9,0,0,0,0,13,2,5,1,-1,0,0,0,0,0,0,-1,0,17,0,0,22,0,292.64
2,4,8,0,0,0,11,18,47,1,-1,0,8,0,1,0,0,-1,0,8,0,0,15,0,2259.12
0,19,0,0,0,0,12,0,0,0,-1,0,0,0,0,0,0,-1,0,20,0,0,14,0,1139.8
0,20,0,0,0,0,13,0,0,0,-1,0,0,0,0,0,0,-1,0,20,1,0,14,0,210.82
0,9,0,0,0,0,5,10,5,0,-1,0,0,0,0,0,0,-1,0,15,0,0,16,0,375.26
0,14,2,0,0,1,16,13,13,0,-1,0,0,0,0,0,0,-1,0,6,0,0,8,0,845.86
0,19,0,0,0,0,16,9,3,0,-1,0,0,0,0,0,0,-1,0,13,0,0,5,0,204.32
0,17,0,0,0,0,14,11,8,0,-1,0,0,0,0,0,0,-1,0,12,0,0,4,0,246.75
0,9,0,0,0,0,16,4,3,0,-1,0,0,0,0,0,0,-1,0,15,0,0,22,0,579.42
0,12,2,0,0,0,14,16,40,0,-1,0,5,0,0,0,0,-1,0,4,0,1,6,0,1358.53
0,20,0,0,0,0,21,0,0,0,-1,0,0,0,0,0,0,-1,0,12,0,0,11,0,412.22
0,7,4,0,2,0,0,24,35,3,-1,0,18,0,0,0,0,-1,0,11,3,0,11,0,1890.38
0,15,0,0,0,0,9,18,5,0,-1,0,0,0,0,0,0,-1,0,13,0,0,7,0,731.96
0,12,0,0,1,1,5,6,7,0,-1,0,0,0,0,0,0,-1,0,15,0,0,12,0,1503.41
0,7,0,0,0,0,15,8,8,0,-1,0,1,1,0,0,0,-1,0,12,0,0,19,0,236.82
0,12,1,0,0,1,10,23,39,0,-1,0,2,0,0,0,0,-1,0,6,0,0,1,0,2378.39
0,6,0,0,0,0,9,5,6,0,-1,0,0,0,0,0,0,-1,0,15,0,0,18,0,762.83
0,18,0,0,0,0,11,2,0,0,-1,0,0,0,0,0,0,-1,0,17,0,0,10,0,757.05
0,17,0,0,0,0,11,1,0,0,-1,0,0,0,0,0,0,-1,0,23,0,0,21,0,63.31
6,8,69,4,11,8,10,19,139,7,-1,0,23,0,1,1,0,-1,1,1,17,22,6,1,5690.71
0,7,0,0,0,0,13,5,11,0,-1,0,0,0,0,0,0,-1,0,15,0,0,20,0,594.58
2,4,75,8,1,7,11,19,111,3,-1,4,52,0,0,0,0,-1,1,5,19,12,12,0,2419.88
0,4,0,0,1,0,5,16,27,0,-1,0,5,0,0,0,0,-1,0,12,0,0,15,0,1353.59
0,18,0,0,0,0,12,4,0,0,-1,0,0,0,0,0,0,-1,0,16,0,0,9,0,638.49
0,18,0,0,0,0,10,1,1,0,-1,0,0,0,0,0,0,-1,0,18,0,0,13,0,1346.32
0,8,0,0,0,0,4,13,16,0,-1,0,0,0,0,0,0,-1,0,14,0,0,15,0,533.63
0,11,0,0,0,1,5,24,10,1,-1,0,0,0,0,0,0,-1,0,12,1,0,8,0,648.01
0,12,0,0,0,0,10,1,0,0,-1,0,0,0,0,0,0,-1,0,20,0,0,21,0,190.62
0,15,0,0,0,0,14,0,1,0,-1,0,0,0,0,0,0,-1,0,23,0,0,25,0,144.47
9,3,40,4,6,38,4,35,113,5,-1,0,34,1,12,1,0,-1,3,7,4,4,10,1,2623.44
0,12,0,0,0,1,5,6,6,0,-1,0,0,0,0,0,0,-1,0,16,1,0,13,0,1153.96
0,12,0,0,1,1,5,11,7,0,-1,0,0,0,0,0,0,-1,0,14,0,0,11,0,410.85
0,14,0,0,0,0,6,4,7,0,-1,0,1,0,0,0,0,-1,0,17,0,0,14,0,910.76
0,15,0,0,0,0,7,7,4,0,-1,0,1,0,0,0,0,-1,0,16,0,0,12,0,1283.59
0,5,4,0,1,5,2,16,38,0,-1,0,17,0,0,1,0,-1,1,11,2,0,13,0,1395.53
0,14,0,0,0,0,7,4,3,0,-1,0,0,0,0,0,0,-1,0,18,0,0,15,0,941.2
0,9,0,0,1,0,16,5,3,0,-1,0,0,0,0,0,0,-1,0,13,0,0,20,0,227.94
1,2,1,0,0,0,9,25,50,1,-1,0,11,0,0,1,0,-1,0,9,0,0,15,0,1569.52
0,13,0,0,0,0,20,3,1,0,-1,0,0,0,0,0,0,-1,0,18,0,0,25,0,537.01
0,12,7,0,0,0,13,16,51,2,-1,0,6,0,0,1,0,-1,0,3,0,0,6,0,1034.18
0,11,0,0,0,0,11,0,1,0,-1,0,0,0,0,0,0,-1,0,19,0,0,22,0,198.79
0,9,0,0,0,1,3,12,14,0,-1,0,0,0,0,0,0,-1,0,14,3,0,13,0,445.48
0,14,0,0,0,0,8,16,3,0,-1,0,0,0,0,0,0,-1,0,13,0,0,8,0,281.07
0,10,0,0,0,0,13,1,4,0,-1,0,0,0,0,0,0,-1,0,18,0,0,22,0,151.08
0,12,0,0,0,0,5,20,6,0,-1,0,1,0,0,0,0,-1,0,13,1,0,9,0,1534.32
0,13,0,0,0,0,9,2,0,0,-1,0,0,0,0,0,0,-1,0,20,0,0,20,0,173.74
0,9,0,0,0,0,3,14,15,0,-1,0,1,0,0,0,0,-1,0,14,0,0,14,0,437.45
0,13,0,0,0,0,13,0,1,0,-1,0,0,0,0,0,0,-1,0,21,0,0,24,0,230.66
4,8,71,12,2,11,8,30,157,9,-1,4,60,2,2,6,8,-1,3,3,8,22,5,0,5087.05
1,1,12,0,0,5,8,25,83,2,-1,4,57,0,0,1,0,-1,0,8,1,0,14,0,1502.4
1,1,4,0,0,5,8,24,63,2,-1,0,43,0,0,1,0,-1,1,9,0,0,14,0,1383.81
13,7,19,48,31,13,9,21,178,12,-1,10,55,8,3,12,24,-1,11,1,36,38,7,10,5570.18
0,6,0,0,0,0,2,17,28,0,-1,0,9,0,0,0,0,-1,0,12,3,0,13,0,1885.34
0,19,0,0,0,0,13,1,0,0,-1,0,0,0,0,0,0,-1,0,17,0,0,10,0,108.61
0,2,3,0,0,4,9,24,63,0,-1,0,11,0,1,2,0,-1,0,8,0,0,15,0,1270.07
0,14,0,0,0,0,7,7,4,1,-1,0,1,0,0,0,0,-1,0,16,0,0,11,0,1191.82
0,13,0,0,0,0,9,3,0,0,-1,0,0,0,0,0,0,-1,0,20,0,0,20,0,219.99
0,15,0,0,0,0,8,2,1,0,-1,0,0,0,0,0,0,-1,0,19,0,0,16,0,1153.28
0,13,0,0,0,0,15,0,1,0,-1,0,0,0,0,0,0,-1,0,22,0,0,25,0,136.85
0,18,0,0,0,0,13,8,3,0,-1,0,0,0,0,0,0,-1,0,15,0,0,7,0,274.76
0,5,0,0,0,0,10,9,16,2,-1,0,1,0,0,0,0,-1,0,13,0,0,18,0,1041.3
0,18,0,0,0,0,19,0,4,0,-1,0,0,0,0,0,0,-1,0,10,0,0,8,0,360.04
0,16,0,0,0,0,11,2,0,0,-1,0,0,0,0,0,0,-1,0,22,0,0,21,0,104.52
0,7,4,0,4,6,2,33,48,0,-1,0,26,0,0,0,0,-1,0,9,5,1,9,0,2339.42
0,14,0,0,0,0,10,2,0,0,-1,0,0,0,0,0,0,-1,0,21,0,0,21,0,198.62
0,7,0,0,0,0,6,10,3,0,-1,0,0,0,0,0,0,-1,0,15,0,0,17,0,744.49
0,19,0,0,0,0,13,3,1,0,-1,0,0,0,0,0,0,-1,0,17,0,0,9,0,45.52
0,20,0,0,0,0,12,0,1,0,-1,0,0,0,0,0,0,-1,0,22,0,0,17,0,121.62
5,7,36,0,56,12,11,10,155,2,-1,0,43,1,1,0,0,-1,1,1,19,50,9,0,6510.21
0,12,1,0,0,1,15,13,22,0,-1,0,1,0,0,0,0,-1,0,4,0,0,8,0,856.5
0,17,0,0,0,0,10,0,1,0,-1,0,0,0,0,0,0,-1,0,19,0,0,14,0,1355.9
45,2,56,8,3,24,7,23,174,4,-1,0,37,3,5,10,8,-1,2,5,16,46,10,0,4363.12
0,11,15,0,0,0,12,16,69,2,-1,0,8,0,0,1,0,-1,0,3,2,1,5,1,835.18
0,15,2,0,0,0,17,13,13,0,-1,0,1,0,0,0,0,-1,0,7,0,0,8,0,549.81
0,7,6,0,1,1,3,36,48,1,-1,0,26,0,0,0,0,-1,1,9,4,1,8,0,1993.02
0,6,0,0,0,0,10,4,6,0,-1,0,0,0,0,0,0,-1,0,15,0,0,19,0,761.85
0,8,0,0,0,0,4,13,16,0,-1,0,0,0,0,0,0,-1,0,14,0,0,15,0,937.8
0,14,0,0,0,0,14,11,17,4,-1,0,0,0,0,0,0,-1,0,7,0,1,3,0,419.03
0,8,0,0,0,0,16,5,5,0,-1,0,1,0,0,0,0,-1,0,11,1,0,18,0,162.63
0,9,0,0,2,1,2,14,16,2,-1,0,0,0,0,0,0,-1,0,13,1,0,12,0,493.0
0,11,1,0,0,0,4,27,12,1,-1,0,1,0,0,0,0,-1,0,11,2,0,8,0,666.34
0,13,0,0,0,0,5,5,7,0,-1,0,1,0,0,0,0,-1,0,16,1,0,13,0,1434.43
0,16,0,0,0,0,15,0,1,0,-1,0,0,0,0,0,0,-1,0,24,0,0,26,0,190.63
0,6,0,0,0,0,13,11,12,0,-1,0,2,0,0,0,0,-1,0,12,1,0,19,0,584.93
0,7,0,0,0,0,14,10,11,0,-1,0,1,0,0,0,0,-1,0,13,0,0,20,0,1616.11
0,12,1,0,0,1,15,13,22,0,-1,0,1,0,0,0,0,-1,0,4,0,0,8,0,914.65
2,9,78,4,2,8,9,25,123,2,-1,4,27,1,0,0,0,-1,1,3,5,12,4,0,4686.67
0,15,0,0,0,0,7,7,4,0,-1,0,1,0,0,0,0,-1,0,16,0,0,11,0,376.39
0,7,0,0,0,0,15,7,5,0,-1,0,1,1,0,0,0,-1,0,11,0,0,18,0,207.73
0,16,0,0,0,0,11,1,0,0,-1,0,0,0,0,0,0,-1,0,23,0,0,22,0,117.3
0,5,0,0,0,0,7,12,13,0,-1,0,1,0,0,0,0,-1,0,13,0,0,17,0,1072.16
0,14,0,0,0,0,6,4,7,0,-1,0,1,0,0,0,0,-1,0,17,0,0,13,0,734.16
0,15,0,0,0,0,22,3,0,0,-1,0,0,0,0,0,0,-1,0,19,0,0,26,0,617.25
0,12,0,0,0,0,9,2,0,0,-1,0,0,0,0,0,0,-1,0,19,0,0,20,0,198.35
0,5,0,0,0,1,12,13,20,0,-1,0,2,0,0,0,0,-1,0,11,0,0,17,0,612.79
41,4,62,12,3,23,5,28,187,11,-1,0,25,1,23,4,8,-1,2,5,6,34,9,2,3528.45
0,12,2,0,0,0,13,16,43,1,-1,0,3,0,0,0,0,-1,0,4,0,1,6,0,1074.98
0,9,0,0,0,0,5,7,4,0,-1,0,0,0,0,0,0,-1,0,16,0,0,17,0,473.9
9,7,87,0,0,10,7,32,132,1,-1,0,66,0,0,0,0,-1,0,5,2,5,5,0,2677.12
0,14,1,0,0,0,14,15,28,0,-1,0,0,0,0,0,0,-1,0,6,0,1,4,0,673.2
0,8,0,0,0,0,13,3,6,1,-1,0,0,0,0,0,0,-1,0,16,0,0,22,0,305.23
0,18,0,0,0,0,12,2,0,0,-1,0,0,0,0,0,0,-1,0,17,0,0,10,0,716.87
0,13,0,0,0,0,6,5,7,0,-1,4,1,0,0,0,0,-1,0,17,0,0,14,0,1209.17
0,11,20,0,0,0,13,16,64,3,-1,0,9,0,0,1,0,-1,2,3,2,0,6,0,1582.47
33,2,74,12,5,18,6,30,169,5,-1,0,33,0,22,6,0,-1,3,6,6,21,10,1,4126.95
32,1,73,8,5,32,6,30,132,3,-1,0,34,1,4,2,0,-1,1,7,5,9,11,0,3693.83
0,19,0,0,0,0,12,0,0,0,-1,0,0,0,0,0,0,-1,0,20,0,0,14,0,52.93
0,8,3,0,1,0,3,35,41,3,-1,0,23,0,0,0,0,-1,0,9,3,0,8,0,2015.0
14,5,35,4,1,22,3,36,104,1,-1,4,51,1,2,2,0,-1,1,7,3,3,8,1,2899.64
39,2,80,4,4,19,5,32,161,2,-1,0,29,1,14,1,4,-1,4,6,7,12,10,1,3304.03
0,12,0,0,0,0,9,30,15,0,-1,0,1,0,0,0,0,-1,0,9,0,0,2,0,512.52
0,17,0,0,0,0,14,11,14,0,-1,0,0,0,0,0,0,-1,0,11,0,0,3,0,458.06
0,20,0,0,0,0,12,0,1,0,-1,0,0,0,0,0,0,-1,0,22,0,0,18,0,167.36
8,5,81,4,1,37,5,31,160,5,-1,0,53,0,5,3,0,-1,2,6,3,11,7,0,3317.55
0,16,0,0,0,0,11,15,3,0,-1,0,0,0,0,0,0,-1,0,12,0,0,5,0,285.65
2,9,78,4,2,6,9,25,123,2,-1,4,29,2,0,1,0,-1,1,3,4,11,4,0,4606.22
0,15,0,0,0,0,10,2,0,0,-1,0,0,0,0,0,0,-1,0,21,0,0,21,0,91.84
0,9,0,0,0,1,3,11,14,2,-1,0,0,0,0,0,0,-1,0,14,2,0,13,0,461.1
0,12,0,0,1,1,5,18,9,0,-1,0,0,0,0,0,0,-1,0,13,0,0,10,0,435.69
0,6,0,0,0,0,6,13,8,0,-1,0,0,0,0,0,0,-1,0,14,0,0,16,0,796.54
0,14,1,0,0,0,17,11,10,0,-1,0,0,0,1,0,0,-1,0,6,0,0,10,0,743.98
5,4,8,0,4,11,3,26,73,0,-1,0,52,0,1,2,0,-1,1,9,5,1,12,0,2601.42
0,11,0,0,0,1,8,38,23,0,-1,0,3,0,0,1,0,-1,0,8,0,0,3,0,565.98
0,3,1,0,2,1,5,26,48,1,-1,0,26,0,0,0,0,-1,0,10,2,0,14,0,1243.27
0,14,0,0,0,0,10,1,0,0,-1,0,0,0,0,0,0,-1,0,21,0,0,21,0,200.2
0,21,0,0,0,0,22,0,0,0,-1,0,0,0,0,0,0,-1,0,13,0,0,11,0,416.21
1,10,7,0,0,1,7,39,51,2,-1,0,12,0,0,1,0,-1,1,7,0,0,3,0,1522.83
5,1,68,0,3,8,8,24,116,1,-1,0,69,0,1,2,0,-1,1,7,1,3,13,0,2435.38
0,5,0,0,0,0,8,12,15,0,-1,0,0,0,0,0,0,-1,0,13,0,0,17,0,1011.91
10,5,82,4,1,42,5,30,164,5,-1,0,49,0,5,1,0,-1,2,5,3,11,7,0,1636.88
0,14,2,0,0,1,16,14,17,0,-1,0,0,0,0,0,0,-1,0,5,0,0,7,0,563.05
0,11,1,0,0,0,7,37,19,0,-1,0,4,0,0,0,0,-1,0,9,0,0,4,0,770.39
7,7,82,0,0,8,6,33,127,1,-1,0,73,0,1,0,0,-1,0,5,2,4,5,0,2697.0
32,2,58,12,3,23,7,27,180,10,-1,4,37,3,19,8,8,-1,5,5,15,42,10,0,4216.05
28,3,52,12,3,24,6,28,189,4,-1,0,24,1,23,4,8,-1,3,5,12,44,9,2,3375.91
0,11,0,0,0,0,5,5,3,0,-1,0,0,0,0,0,0,-1,0,17,0,0,16,0,364.14
0,16,0,0,0,0,10,6,1,0,-1,0,0,0,0,0,0,-1,0,15,0,0,8,0,676.16
0,19,0,0,0,0,20,2,0,0,-1,0,0,0,0,0,0,-1,0,11,0,0,10,0,436.82
0,17,0,0,0,0,11,5,1,0,-1,0,0,0,0,0,0,-1,0,16,0,0,9,0,204.15
0,6,0,0,0,0,9,5,9,0,-1,0,0,0,0,0,0,-1,0,14,0,0,18,0,905.51
0,11,0,0,1,1,4,22,12,0,-1,0,0,0,0,0,0,-1,0,12,0,0,9,0,1575.76
0,14,0,0,0,0,21,3,1,0,-1,0,0,0,0,0,0,-1,0,17,0,0,25,0,637.82
0,16,0,0,0,0,12,12,3,1,-1,0,0,0,0,0,0,-1,0,13,0,0,5,0,226.96
0,4,0,0,0,0,8,15,26,0,-1,0,1,0,0,1,0,-1,0,12,0,0,16,0,1169.03
0,8,0,0,0,0,12,3,7,0,-1,0,0,0,0,0,0,-1,0,16,0,0,21,0,192.6
0,18,0,0,0,0,13,10,3,1,-1,0,0,0,0,0,0,-1,0,14,0,0,6,0,212.6
4,4,55,20,14,30,9,19,157,3,-1,0,59,1,2,0,4,-1,0,4,51,39,11,1,2409.23
0,3,0,0,0,0,9,19,30,1,-1,0,1,0,0,0,0,-1,0,11,0,0,16,0,793.36
0,18,0,0,0,0,20,5,1,0,-1,0,1,0,0,0,0,-1,0,9,0,0,11,0,476.84
0,22,0,0,0,0,14,0,0,0,-1,0,0,0,0,0,0,-1,0,24,0,0,18,0,189.58
0,5,0,0,0,2,12,12,25,1,-1,0,2,0,1,0,0,-1,0,9,0,0,16,0,857.44
0,6,0,0,0,0,10,5,10,0,-1,0,0,0,0,0,0,-1,0,14,0,0,19,0,996.49
2,8,44,12,12,12,10,15,145,5,-1,0,37,3,3,3,12,-1,3,0,53,40,7,3,2320.93
0,16,0,0,0,0,9,1,2,0,-1,0,0,0,0,0,0,-1,0,19,0,0,14,0,1173.08
0,15,0,0,0,0,8,5,2,0,-1,0,0,0,0,0,0,-1,0,16,0,0,10,0,1176.03
0,15,0,0,0,0,11,17,8,0,-1,0,0,0,0,0,0,-1,0,11,0,0,3,0,234.35
0,13,0,0,0,0,11,1,1,0,-1,0,0,0,0,0,0,-1,0,21,0,0,23,0,198.37
0,10,1,0,0,1,6,36,19,1,-1,0,7,0,0,0,0,-1,1,8,0,0,4,0,1498.73
0,14,0,0,0,0,11,19,16,0,-1,0,1,0,0,0,0,-1,0,9,0,0,1,0,551.37
0,13,0,0,0,0,6,15,5,1,-1,0,1,0,0,0,0,-1,0,14,1,0,10,0,413.76
0,15,0,0,0,0,19,4,1,0,-1,0,1,0,0,0,0,-1,0,8,0,0,13,0,462.94
0,4,0,0,0,2,11,18,27,3,-1,0,2,0,0,1,0,-1,0,11,0,0,17,0,573.26
32,2,65,20,3,27,7,23,161,5,-1,4,42,1,4,12,4,-1,4,5,13,37,11,1,2043.06
0,10,0,0,0,0,7,5,1,0,-1,0,0,0,0,0,0,-1,0,17,0,0,18,0,470.99
0,15,2,0,0,1,16,13,11,0,-1,0,0,0,0,0,0,-1,0,6,0,0,8,0,627.34
0,18,0,0,0,0,15,10,3,0,-1,0,0,0,0,0,0,-1,0,13,0,0,5,0,204.01
0,10,36,0,0,0,14,14,57,0,-1,0,10,0,0,0,0,-1,0,2,0,1,10,0,1149.09
0,13,0,0,0,0,6,9,5,0,-1,0,1,0,0,0,0,-1,0,15,1,0,11,0,452.08
4,5,7,0,3,3,1,29,46,5,-1,0,27,0,0,0,0,-1,0,10,3,0,11,0,2228.63
0,3,0,0,0,0,7,24,34,0,-1,0,7,0,0,1,0,-1,0,11,2,0,15,0,1171.71
2,8,78,4,2,11,9,30,130,4,-1,0,31,1,0,2,0,-1,2,3,5,15,4,0,3017.34
0,1,2,0,1,0,7,28,53,0,-1,0,39,0,0,0,0,-1,0,10,2,0,14,0,1325.05
0,16,0,0,0,0,9,2,1,0,-1,0,0,0,0,0,0,-1,0,21,0,0,19,0,93.95
0,14,0,0,0,0,10,20,10,1,-1,0,0,0,0,0,0,-1,0,10,0,0,3,0,1218.23
0,14,0,0,0,0,9,23,5,0,-1,0,0,0,0,0,0,-1,0,12,0,0,5,0,786.54
1,15,1,0,0,0,17,13,10,0,-1,0,0,0,0,0,0,-1,0,6,0,0,9,0,610.28
0,8,0,0,0,0,13,2,7,1,-1,0,0,0,0,0,0,-1,0,16,0,0,22,0,217.23
0,20,0,0,0,0,13,0,0,0,-1,0,0,0,0,0,0,-1,0,19,0,0,13,0,170.54
0,11,0,0,0,0,15,1,3,0,-1,0,0,0,0,0,0,-1,0,19,0,0,24,0,218.29
0,14,0,0,0,0,13,0,1,0,-1,0,0,0,0,0,0,-1,0,22,0,0,24,0,207.81
0,8,0,0,0,0,15,6,4,0,-1,0,1,0,0,0,0,-1,0,12,0,0,20,0,196.08
0,16,0,0,0,0,12,11,7,0,-1,0,0,0,0,0,0,-1,0,12,0,0,4,0,218.43
0,11,0,0,0,0,19,3,1,0,-1,0,0,0,0,0,0,-1,0,16,0,0,23,0,731.9
11,7,25,32,15,14,9,27,165,11,-1,5,56,3,3,10,4,-1,9,2,37,52,6,5,4888.51
0,15,0,0,0,0,8,2,1,0,-1,0,0,0,0,0,0,-1,0,19,0,0,16,0,845.64
0,12,0,0,0,0,14,0,1,0,-1,0,0,0,0,0,0,-1,0,21,0,0,24,0,189.54
1,9,76,0,3,6,10,22,120,1,-1,0,28,1,1,2,0,-1,1,2,10,15,5,0,4728.3
0,13,0,0,0,0,7,3,3,0,-1,0,0,0,0,0,0,-1,0,18,0,0,17,0,990.9
0,10,48,0,2,3,10,22,105,4,-1,0,20,0,0,0,0,-1,0,4,2,1,3,0,2734.25
0,13,0,0,0,0,17,0,1,0,-1,0,0,0,0,0,0,-1,0,21,0,0,26,0,210.21
1,4,0,0,0,1,12,14,22,0,-1,0,2,0,0,1,0,-1,0,10,0,0,17,0,645.65
0,16,0,0,0,0,12,12,7,0,-1,0,0,0,0,0,0,-1,0,11,0,0,3,0,212.11
0,2,2,0,0,2,10,23,56,0,-1,0,10,0,1,1,0,-1,0,9,0,0,15,0,1225.18
0,11,1,0,0,1,4,26,11,0,-1,0,0,0,0,0,0,-1,0,12,2,0,8,0,686.8
0,10,2,0,0,2,6,35,24,0,-1,0,6,0,0,0,0,-1,0,8,0,0,5,0,1820.34
0,13,0,0,0,0,9,2,0,0,-1,0,0,0,0,0,0,-1,0,20,0,0,20,0,172.83
6,5,45,20,49,8,10,13,149,6,-1,0,66,4,1,0,8,-1,3,3,17,41,11,1,2692.09
1,9,1,0,2,0,1,16,21,1,-1,0,0,1,0,0,0,-1,0,12,2,0,11,0,1735.81
0,7,0,0,0,0,6,11,8,0,-1,0,0,0,0,0,0,-1,0,14,0,0,16,0,804.98
0,14,0,0,0,0,9,20,5,0,-1,0,0,0,0,0,0,-1,0,13,0,0,6,0,268.77
0,13,0,0,0,0,7,19,5,0,-1,0,1,0,0,0,0,-1,0,13,0,0,8,0,275.41
0,11,1,0,0,1,7,35,20,1,-1,0,3,0,0,0,0,-1,0,8,0,0,3,0,759.69
0,10,0,0,0,0,14,1,4,0,-1,0,0,0,0,0,0,-1,0,18,0,0,23,0,286.77
1,6,0,0,0,0,14,9,12,0,-1,0,2,0,0,0,0,-1,0,9,0,0,16,0,222.22
6,7,46,16,27,6,11,12,141,6,-1,0,29,5,1,0,0,-1,4,0,40,43,8,1,5655.37
0,14,0,0,0,0,7,13,4,1,-1,0,1,0,0,0,0,-1,0,14,0,0,10,0,353.95
0,18,0,0,0,0,12,0,0,0,-1,0,0,0,0,0,0,-1,0,23,0,0,22,0,89.82
0,14,0,0,0,0,9,24,6,0,-1,0,0,0,0,0,0,-1,0,12,0,0,5,0,306.67
0,19,0,0,0,0,12,1,0,0,-1,0,0,0,0,0,0,-1,0,19,0,0,12,0,218.7
1,9,70,0,3,4,9,26,120,1,-1,0,28,1,0,1,0,-1,0,3,1,10,4,0,4473.29
0,13,0,0,0,0,20,3,1,0,-1,0,0,0,0,0,0,-1,0,17,0,0,24,0,510.28
31,4,20,76,50,36,8,19,187,17,-1,26,37,7,5,2,10,-1,5,4,20,21,10,22,4402.05
0,10,0,0,1,0,3,14,15,0,-1,0,0,1,1,0,0,-1,0,13,0,0,11,0,1611.63
3,8,40,0,0,7,6,36,98,1,-1,0,43,0,1,0,0,-1,0,6,0,5,5,0,2960.15
0,6,0,0,0,0,13,12,13,0,-1,0,2,0,0,0,0,-1,0,12,0,0,19,0,1929.04
0,17,0,0,0,0,18,6,2,0,-1,0,0,0,0,0,0,-1,0,8,0,0,8,0,362.86
6,7,35,28,29,11,10,15,155,15,-1,1,46,4,2,7,16,-1,6,0,38,42,7,4,6115.08
29,2,74,4,4,31,5,31,143,1,-1,0,30,0,10,2,4,-1,2,7,8,7,10,0,2967.76
0,11,1,0,1,1,4,23,12,0,-1,0,0,0,0,0,0,-1,0,12,1,0,9,0,1517.15
0,13,0,0,0,0,8,27,9,0,-1,0,1,0,0,0,0,-1,0,11,0,0,4,0,662.19
21,4,56,0,6,38,4,37,123,4,-1,0,29,1,7,2,0,-1,0,7,3,2,9,2,2824.41
0,12,0,0,0,0,8,2,0,0,-1,0,0,0,0,0,0,-1,0,19,0,0,19,0,207.94
0,13,1,0,0,1,15,13,14,0,-1,0,0,0,0,0,0,-1,0,5,0,1,8,0,919.75
0,6,0,0,0,0,9,6,6,0,-1,0,0,0,0,0,0,-1,0,15,0,0,18,0,951.67
0,9,0,0,2,1,2,12,19,2,-1,0,0,0,0,0,0,-1,0,13,1,0,12,0,1700.51
1,14,1,0,0,0,18,8,3,1,-1,0,0,0,0,0,0,-1,0,6,0,0,11,0,623.35
0,17,0,0,0,0,18,5,5,0,-1,0,0,0,0,0,0,-1,0,9,0,0,8,0,400.57
0,16,0,0,0,0,10,4,2,0,-1,0,0,0,0,0,0,-1,0,15,0,0,9,0,384.39
0,6,0,0,0,0,10,5,10,0,-1,0,0,0,0,0,0,-1,0,14,0,0,19,0,915.24
0,17,0,0,0,0,10,3,1,0,-1,0,0,0,0,0,0,-1,0,17,0,0,11,0,234.0
0,6,0,0,0,0,1,18,31,1,-1,0,11,0,0,0,0,-1,0,12,4,0,12,0,578.63
0,19,0,0,0,0,11,0,1,0,-1,0,0,0,0,0,0,-1,0,20,0,0,14,0,156.51
10,3,44,24,16,39,9,19,165,6,-1,0,49,2,1,0,8,-1,3,4,49,48,11,1,4035.84
0,19,0,0,0,0,12,0,1,0,-1,0,0,0,0,0,0,-1,0,22,0,0,17,0,175.3
0,15,1,0,0,1,17,13,9,0,-1,0,0,0,0,0,0,-1,0,7,0,0,9,0,528.43
15,3,14,4,4,14,3,29,90,0,-1,0,51,1,1,0,0,-1,0,8,6,5,11,0,2866.59
0,18,0,0,0,0,14,5,2,0,-1,0,0,0,0,0,0,-1,0,15,0,0,7,0,216.83
0,9,0,0,0,0,7,3,0,0,-1,0,0,0,0,0,0,-1,0,17,0,0,18,0,351.94
0,14,0,0,0,0,17,0,1,0,-1,0,0,0,0,0,0,-1,0,22,0,0,27,0,251.03
0,13,0,0,0,0,11,0,1,0,-1,0,0,0,0,0,0,-1,0,21,0,0,23,0,270.56
0,10,1,0,1,0,4,33,26,0,-1,0,5,0,0,0,0,-1,0,10,0,0,7,0,1844.9
4,8,69,8,10,8,11,16,138,7,-1,0,21,3,1,0,0,-1,1,0,33,28,7,0,5472.12
1,12,1,0,0,0,15,13,21,0,-1,0,1,0,0,0,0,-1,0,4,0,1,8,0,822.82
0,12,0,0,0,0,9,2,0,0,-1,0,0,0,0,0,0,-1,0,19,0,0,20,0,179.35
0,16,0,0,0,0,23,3,0,0,-1,0,0,0,0,0,0,-1,0,20,0,0,28,0,153.8
2,5,8,0,0,1,12,13,39,0,-1,0,7,0,0,0,0,-1,0,7,0,0,15,0,2141.1
0,14,0,0,0,0,9,21,5,0,-1,0,0,0,0,0,0,-1,0,12,0,0,6,0,750.36
3,9,75,0,10,7,11,19,127,3,-1,0,19,0,1,0,0,-1,1,0,19,21,7,0,2346.33
0,4,0,0,0,0,10,14,23,0,-1,0,1,0,0,0,0,-1,0,12,0,0,17,0,1009.95
0,13,0,0,0,0,20,3,1,0,-1,0,0,0,0,0,0,-1,0,17,0,0,24,0,713.51
0,9,0,0,2,1,2,17,19,2,-1,0,0,0,0,0,0,-1,0,13,1,0,12,0,574.87
0,9,0,0,0,0,6,6,2,0,-1,0,0,0,0,0,0,-1,0,16,0,0,17,0,878.83
0,9,0,0,0,0,3,12,14,0,-1,0,1,0,0,0,0,-1,0,14,0,0,14,0,409.22
0,15,0,0,0,0,11,1,0,0,-1,0,0,0,0,0,0,-1,0,22,0,0,22,0,227.87
0,13,1,0,0,0,12,17,32,1,-1,0,2,0,0,0,0,-1,0,6,0,1,3,0,2194.71
0,13,1,0,0,0,14,16,23,0,-1,0,1,0,0,0,0,-1,0,5,0,1,6,0,689.58
0,13,0,0,0,0,17,0,1,0,-1,0,0,0,0,0,0,-1,0,21,0,0,26,0,285.86
0,15,0,0,0,0,11,15,8,0,-1,0,0,0,0,0,0,-1,0,11,0,0,3,0,224.69
10,5,22,0,2,20,3,35,96,5,-1,0,51,1,5,2,0,-1,2,8,3,4,9,0,2417.4
0,16,0,0,0,0,12,11,7,1,-1,0,0,0,0,0,0,-1,0,12,0,0,4,0,230.68
0,5,0,0,0,0,7,13,14,0,-1,0,0,0,0,0,0,-1,0,13,0,0,17,0,995.7
0,6,0,0,0,0,10,5,10,0,-1,0,0,0,0,0,0,-1,0,14,0,0,19,0,819.21
0,7,0,0,0,1,15,7,9,0,-1,0,2,0,0,0,0,-1,0,10,1,0,17,0,214.33
0,18,0,0,0,0,20,4,1,0,-1,0,1,0,0,0,0,-1,0,10,0,0,12,0,556.99
0,2,2,0,0,0,6,25,48,0,-1,0,26,0,0,0,0,-1,0,10,3,0,14,0,1314.65
14,6,64,4,1,41,6,27,177,2,-1,0,50,0,1,2,8,-1,0,5,5,42,7,4,3549.83
10,6,30,20,4,31,7,23,175,8,-1,0,59,0,1,6,8,-1,6,3,18,57,6,3,5093.74
0,16,0,0,0,0,18,7,4,0,-1,0,1,0,0,0,0,-1,0,8,0,0,8,0,489.63
0,16,0,0,0,0,9,4,1,0,-1,0,0,0,0,0,0,-1,0,17,0,0,12,0,1233.58
6,1,53,0,0,5,9,22,108,1,-1,0,67,0,0,2,0,-1,0,7,4,1,13,0,2292.72
10,7,30,16,17,12,9,23,162,11,-1,9,58,3,2,12,16,-1,5,1,45,47,6,8,4426.35
1,15,1,0,0,0,18,8,4,1,-1,0,0,0,0,0,0,-1,0,6,0,0,10,0,793.45
6,2,76,8,2,7,9,22,123,0,-1,0,64,0,0,2,0,-1,0,6,9,9,12,0,2043.31
2,1,71,8,3,13,8,24,119,6,-1,0,67,0,3,2,0,-1,2,7,3,2,12,0,3303.5
39,3,37,30,8,26,8,23,174,14,-1,8,38,2,3,4,0,-1,7,5,40,50,10,1,4320.26
0,10,0,0,0,0,15,1,5,0,-1,0,0,0,0,0,0,-1,0,18,0,0,23,0,972.1
1,12,1,0,0,0,15,13,21,0,-1,0,1,0,0,0,0,-1,0,4,0,0,8,0,888.18
0,9,0,0,0,0,5,8,4,0,-1,0,0,0,0,0,0,-1,0,16,0,0,17,0,351.52
0,5,0,0,0,0,12,12,16,0,-1,0,2,0,0,0,0,-1,0,12,0,0,18,0,612.56
0,10,0,0,0,0,6,5,3,0,-1,0,0,0,0,0,0,-1,0,17,0,0,17,0,191.86
0,11,1,0,0,0,5,25,11,0,-1,0,1,0,0,0,0,-1,0,12,1,0,8,0,1616.26
0,12,0,0,0,0,7,30,13,0,-1,0,2,0,0,0,0,-1,0,10,0,0,4,0,1259.02
0,17,0,0,0,0,19,6,1,0,-1,0,1,0,0,0,0,-1,0,9,0,0,10,0,450.15
0,13,0,0,0,0,8,21,7,0,-1,0,0,0,0,0,0,-1,0,12,0,0,6,0,285.62
0,15,0,0,0,0,11,19,7,0,-1,0,0,0,0,0,0,-1,0,12,0,0,4,0,296.7
0,16,0,0,0,0,13,12,11,0,-1,0,0,0,0,0,0,-1,0,11,0,0,3,0,279.63
0,6,0,0,0,0,12,12,13,0,-1,0,2,0,0,0,0,-1,0,13,0,0,19,0,582.53
0,15,0,0,0,0,9,3,1,0,-1,0,0,0,0,0,0,-1,0,20,0,0,18,0,117.93
0,16,0,0,0,0,9,7,2,0,-1,0,0,0,0,0,0,-1,0,15,0,0,8,0,254.43
47,2,48,8,3,23,7,23,174,5,-1,0,37,2,4,12,12,-1,5,5,17,51,10,0,3537.69
0,20,0,0,0,0,21,1,0,0,-1,0,0,0,0,0,0,-1,0,12,0,0,11,0,336.19
0,14,0,0,0,0,21,3,1,0,-1,0,0,0,0,0,0,-1,0,19,0,0,26,0,539.03
0,19,0,0,0,0,12,0,0,0,-1,0,0,0,0,0,0,-1,0,20,0,0,14,0,264.3
0,15,0,0,0,0,7,7,4,0,-1,0,1,0,0,0,0,-1,0,16,0,0,11,0,1285.43
0,17,0,0,0,0,18,5,1,0,-1,0,0,0,0,0,0,-1,0,9,0,0,8,0,365.91
1,12,0,0,1,0,4,8,7,0,-1,0,0,0,0,0,0,-1,0,14,1,0,11,0,1492.66
0,14,1,0,0,0,14,14,25,0,-1,0,0,0,0,0,0,-1,0,6,0,1,4,0,441.03
0,11,0,0,0,0,13,0,2,0,-1,0,0,0,0,0,0,-1,0,20,0,0,23,0,153.8
0,12,0,0,0,0,6,22,6,0,-1,0,1,0,0,0,0,-1,0,13,1,0,9,0,376.9
1,2,1,0,0,0,9,25,50,1,-1,0,11,0,0,1,0,-1,0,9,0,0,15,0,1415.31
0,18,0,0,0,0,17,1,7,0,-1,0,0,0,0,0,0,-1,0,10,0,0,7,0,386.63
0,13,0,0,0,0,11,1,1,0,-1,0,0,0,0,0,0,-1,0,21,0,0,22,0,206.54
0,17,0,0,0,0,16,1,7,1,-1,0,0,0,0,0,0,-1,0,9,0,0,5,0,404.71
0,12,0,0,0,0,14,0,1,0,-1,0,0,0,0,0,0,-1,0,20,0,0,24,0,165.86
0,10,0,0,0,0,7,4,0,0,-1,0,0,0,0,0,0,-1,0,17,0,0,19,0,181.26
3,7,33,0,0,7,5,33,89,3,-1,0,63,0,0,1,0,-1,0,6,0,6,5,0,3014.39
7,7,83,0,0,8,6,33,127,1,-1,0,71,0,1,0,0,-1,0,5,2,4,5,0,2640.61
0,7,0,0,0,0,3,13,19,0,-1,0,1,0,0,0,0,-1,0,13,0,0,14,0,567.22
1,9,79,4,3,11,9,28,132,7,-1,4,26,1,1,1,0,-1,3,3,6,16,4,0,3749.01
0,5,0,0,0,0,4,15,23,0,-1,0,6,0,0,0,0,-1,0,12,1,0,14,0,1327.27
5,5,6,4,3,12,2,32,65,1,-1,0,55,2,1,2,0,-1,0,9,4,5,10,0,2312.26
0,5,0,0,0,1,12,13,18,0,-1,0,2,0,0,0,0,-1,0,11,1,0,18,0,670.45
0,16,0,0,0,0,13,12,7,0,-1,0,0,0,0,0,0,-1,0,12,0,0,4,0,232.81
0,7,0,0,0,0,7,4,1,0,-1,0,0,0,0,0,0,-1,0,15,0,0,18,0,824.27
0,10,0,0,0,0,6,7,2,0,-1,0,0,0,0,0,0,-1,0,16,0,0,17,0,463.51
0,11,16,4,0,0,12,16,76,0,-1,0,9,0,0,0,0,-1,0,4,3,1,4,1,1595.81
10,7,26,36,9,19,8,28,173,17,-1,4,60,4,1,11,4,-1,4,2,36,49,6,6,7457.4
0,15,0,0,0,0,8,6,2,0,-1,0,0,0,0,0,0,-1,0,15,0,0,10,0,1195.23
0,9,1,0,0,0,4,33,26,0,-1,0,6,0,0,0,0,-1,0,10,1,1,7,0,1803.86
1,10,4,0,0,0,8,36,39,1,-1,0,10,0,0,1,0,-1,0,7,0,0,2,0,687.37
0,13,0,0,0,0,8,26,9,0,-1,0,0,0,0,0,0,-1,0,11,0,0,5,0,612.45
16,6,17,52,33,13,9,24,181,18,-1,16,59,5,4,16,20,-1,8,2,37,31,7,9,5565.26
0,16,1,0,0,0,16,4,9,0,-1,0,0,0,0,0,0,-1,0,8,0,0,6,0,424.4
2,9,78,0,2,7,9,30,126,2,-1,0,31,1,0,2,0,-1,2,3,5,14,4,0,2602.06
0,6,0,0,0,0,10,5,10,0,-1,0,0,0,0,0,0,-1,0,14,0,0,19,0,1028.05
0,13,0,0,0,0,9,27,12,0,-1,0,1,0,0,0,0,-1,0,10,0,0,3,0,1258.9
0,11,0,0,0,0,8,3,0,0,-1,0,0,0,0,0,0,-1,0,18,0,0,19,0,176.49
0,10,0,0,0,0,7,3,0,0,-1,0,0,0,0,0,0,-1,0,17,0,0,19,0,182.3
0,17,0,0,0,0,10,1,1,0,-1,0,0,0,0,0,0,-1,0,18,0,0,13,0,1348.13
0,14,0,0,0,0,14,13,19,0,-1,0,0,0,0,0,0,-1,0,7,0,1,4,0,429.32
0,15,0,0,0,0,14,0,1,0,-1,0,0,0,0,0,0,-1,0,23,0,0,26,0,188.6
1,9,0,0,1,0,2,15,20,0,-1,0,0,1,0,0,0,-1,0,13,2,0,12,0,500.83
0,13,0,0,0,0,7,3,0,0,-1,0,0,0,0,0,0,-1,0,19,0,0,18,0,175.43
9,7,39,28,11,13,9,28,163,15,-1,0,60,1,2,13,4,-1,5,2,25,49,6,7,5556.86
0,13,0,0,0,0,6,12,7,0,-1,0,1,0,0,0,0,-1,0,15,1,0,11,0,1348.16
0,10,2,0,0,0,5,33,19,0,-1,0,8,0,0,0,0,-1,0,9,0,0,5,0,677.94
1,9,7,0,0,1,6,36,47,3,-1,0,10,0,0,0,0,-1,1,7,0,0,4,0,902.22
0,14,0,0,0,0,7,6,4,0,-1,0,1,0,0,0,0,-1,0,16,0,0,11,0,377.94
0,13,0,0,0,0,7,3,2,0,-1,0,0,0,0,0,0,-1,0,18,0,0,17,0,1281.95
0,17,0,0,0,0,18,6,1,0,-1,0,1,0,0,0,0,-1,0,8,0,0,9,0,460.45
0,4,0,0,0,0,10,10,21,2,-1,0,1,0,0,0,0,-1,0,12,0,0,18,0,1062.9
0,11,1,0,0,0,5,26,13,1,-1,0,1,0,0,0,0,-1,0,11,0,0,7,0,686.98
0,17,0,0,0,0,19,6,1,0,-1,0,1,0,0,0,0,-1,0,8,0,0,10,0,400.74
1,11,0,0,0,0,9,32,31,0,-1,0,1,0,0,0,0,-1,0,7,0,0,1,0,605.18
0,10,0,0,0,0,17,5,3,0,-1,0,0,0,0,0,0,-1,0,15,1,0,22,0,613.38
0,9,0,0,0,0,4,10,5,0,-1,0,0,0,0,0,0,-1,0,15,0,0,15,0,394.64
0,17,0,0,0,0,18,5,7,0,-1,0,0,0,0,0,0,-1,0,8,0,0,8,0,361.22
0,16,1,0,0,0,16,6,10,0,-1,0,0,0,0,0,0,-1,0,8,0,0,5,0,425.73
0,7,3,0,0,1,2,39,47,0,-1,0,25,1,0,0,0,-1,0,10,8,0,8,0,1935.82
0,12,0,0,0,0,5,5,6,0,-1,0,1,0,0,0,0,-1,0,16,0,0,14,0,1352.23
0,19,0,0,0,0,13,2,0,0,-1,0,0,0,0,0,0,-1,0,18,0,0,11,0,107.91
0,10,0,0,0,0,4,9,10,0,-1,0,1,0,0,0,0,-1,0,15,1,0,13,0,1397.47
0,18,0,0,0,0,11,2,1,0,-1,0,0,0,0,0,0,-1,0,17,0,0,11,0,238.01
6,7,23,20,6,21,8,25,177,14,-1,0,66,2,8,14,16,-1,7,3,26,52,6,3,7099.8
0,14,2,0,0,0,16,13,16,0,-1,0,1,0,0,0,0,-1,0,6,0,0,7,0,698.16
0,15,0,0,0,0,9,3,1,0,-1,0,0,0,0,0,0,-1,0,21,0,0,19,0,927.59
0,13,0,0,0,0,13,0,1,0,-1,0,0,0,0,0,0,-1,0,21,0,0,24,0,134.33
4,6,16,0,2,18,3,38,77,0,-1,0,57,1,0,1,0,-1,2,8,4,2,8,1,2704.85
0,4,3,0,1,1,3,20,35,0,-1,0,20,0,0,0,0,-1,0,11,0,0,13,0,2382.23
0,9,0,0,0,0,6,5,2,0,-1,0,0,0,0,0,0,-1,0,16,0,0,17,0,401.73
0,9,1,0,1,0,2,16,21,3,-1,0,0,0,1,0,0,-1,0,12,3,0,11,0,1603.14
0,11,0,0,0,0,4,8,6,0,-1,0,1,0,0,0,0,-1,0,15,0,0,14,0,446.26
0,2,0,0,0,1,9,26,42,1,-1,0,8,0,0,0,0,-1,0,10,0,0,15,0,987.07
4,1,26,0,0,5,8,25,95,5,-1,4,62,0,0,0,0,-1,0,8,4,0,13,0,1371.75
0,15,0,0,0,0,10,3,1,0,-1,0,0,0,0,0,0,-1,0,21,0,0,19,0,896.62
0,15,0,0,0,0,8,2,1,0,-1,0,0,0,0,0,0,-1,0,19,0,0,16,0,1026.77
1,9,77,4,2,10,10,21,130,7,-1,0,26,2,1,2,0,-1,0,2,12,15,5,0,2168.2
0,6,0,0,0,0,11,6,11,1,-1,0,0,0,0,0,0,-1,0,14,0,0,20,0,701.32
0,12,0,0,0,0,10,1,1,0,-1,0,0,0,0,0,0,-1,0,20,0,0,21,0,199.84
0,10,0,0,0,0,17,5,3,1,-1,0,0,0,0,0,0,-1,0,15,1,0,22,0,562.41
0,16,0,0,0,1,19,5,1,0,-1,0,0,0,0,0,0,-1,0,8,0,0,11,0,573.15
1,12,0,0,0,0,4,15,7,0,-1,0,0,1,0,0,0,-1,0,14,1,0,10,0,386.18
0,19,0,0,0,0,14,3,1,0,-1,0,0,0,0,0,0,-1,0,17,0,0,9,0,115.81
0,18,0,0,0,0,20,4,1,0,-1,0,1,0,0,0,0,-1,0,10,0,0,12,0,444.5
0,9,0,0,0,0,13,2,5,0,-1,0,0,0,0,0,0,-1,0,17,0,0,22,0,174.89
0,14,0,0,0,0,10,2,0,0,-1,0,0,0,0,0,0,-1,0,20,0,0,21,0,90.82
0,3,0,0,0,1,10,23,34,0,-1,0,6,0,0,0,0,-1,0,10,0,0,16,0,1176.08
0,11,0,0,0,0,14,0,1,0,-1,0,0,0,0,0,0,-1,0,20,0,0,24,0,220.43
1,14,2,0,0,0,16,13,13,1,-1,0,0,0,0,0,0,-1,0,5,0,0,9,0,904.55
0,14,0,0,0,0,8,11,3,0,-1,0,0,0,0,0,0,-1,0,14,0,0,9,0,213.63
1,9,7,0,0,1,6,35,52,2,-1,0,11,0,0,0,0,-1,0,7,0,0,4,0,853.48
0,5,0,0,0,0,5,14,18,0,-1,0,2,0,0,0,0,-1,0,13,1,0,15,0,930.78
0,17,0,0,0,0,12,11,3,0,-1,0,0,0,0,0,0,-1,0,13,0,0,5,0,242.3
0,17,0,0,0,0,20,5,1,0,-1,0,1,0,0,0,0,-1,0,9,0,0,11,0,451.32
0,7,0,0,0,0,14,11,12,0,-1,0,1,0,0,0,0,-1,0,13,1,0,20,0,1861.38
0,12,0,0,0,1,9,29,16,0,-1,0,1,0,0,0,0,-1,0,8,0,0,1,0,1440.39
0,11,0,0,0,0,13,0,1,0,-1,0,0,0,0,0,0,-1,0,19,0,0,23,0,158.27
0,12,0,0,0,0,16,0,2,0,-1,0,0,0,0,0,0,-1,0,19,0,0,25,0,283.05
16,5,50,0,2,34,3,36,118,3,-1,0,39,1,3,2,4,-1,3,7,3,4,8,0,3100.18
0,18,0,0,0,0,11,2,1,0,-1,0,0,0,0,0,0,-1,0,18,0,0,12,0,232.38
0,18,0,0,0,0,11,0,1,0,-1,0,0,0,0,0,0,-1,0,21,0,0,17,0,150.61
0,11,0,0,0,0,14,0,2,0,-1,0,0,0,0,0,0,-1,0,19,0,0,23,0,197.32
0,11,1,0,0,0,6,32,16,1,-1,0,2,0,0,0,0,-1,0,10,0,0,5,0,682.79
0,15,0,0,0,0,23,2,0,0,-1,0,0,0,0,0,0,-1,0,19,0,0,26,0,413.55
0,12,0,0,0,0,6,5,2,0,-1,0,0,0,0,0,0,-1,0,17,0,0,16,0,1293.94
0,5,0,0,0,0,10,8,11,1,-1,0,0,0,0,0,0,-1,0,14,0,0,18,0,1032.75
0,6,0,0,0,0,11,10,12,1,-1,0,0,0,0,0,0,-1,0,13,0,0,19,0,750.28
0,15,0,0,0,0,21,3,0,0,-1,0,0,0,0,0,0,-1,0,20,0,0,27,0,696.44
0,3,0,0,0,1,10,20,31,1,-1,0,6,0,0,0,0,-1,0,10,0,0,16,0,1256.04
0,5,0,0,0,0,10,9,13,0,-1,0,1,0,0,0,0,-1,0,13,0,0,18,0,816.04
0,13,0,0,0,0,7,3,3,0,-1,0,0,0,0,0,0,-1,0,18,0,0,16,0,1068.66
0,9,1,0,0,0,4,34,30,0,-1,0,8,0,0,0,0,-1,0,9,1,1,6,0,742.82
0,8,0,0,0,0,5,13,5,0,-1,0,0,0,0,0,0,-1,0,15,0,0,16,0,850.11
0,16,0,0,0,0,9,1,2,0,-1,0,0,0,0,0,0,-1,0,19,0,0,14,0,1029.09
0,14,0,0,0,0,10,23,4,0,-1,0,0,0,0,0,0,-1,0,12,0,0,5,0,240.43
0,14,0,0,0,0,7,5,4,0,-1,0,1,0,0,0,0,-1,0,16,0,0,12,0,341.92
0,14,0,0,0,0,11,19,15,0,-1,0,1,0,0,0,0,-1,0,9,0,0,1,0,249.28
48,3,35,34,11,18,7,23,183,15,-1,4,41,3,6,6,4,-1,6,5,46,42,10,2,4473.86
0,7,0,0,0,0,3,15,19,1,-1,0,2,0,0,0,0,-1,0,13,0,0,14,0,1832.18
0,5,0,0,0,0,7,12,13,0,-1,0,1,0,0,0,0,-1,0,13,0,0,16,0,1006.17
0,15,0,0,0,0,9,3,1,0,-1,0,0,0,0,0,0,-1,0,20,0,0,18,0,1247.69
0,18,0,0,0,0,11,3,0,0,-1,0,0,0,0,0,0,-1,0,16,0,0,10,0,129.93
6,8,71,0,9,7,10,19,130,5,-1,4,26,1,0,2,0,-1,2,1,11,23,6,1,2853.91
0,14,0,0,0,0,7,4,3,0,-1,4,0,0,0,0,0,-1,0,18,0,0,15,0,1052.33
0,17,0,0,0,0,12,1,0,0,-1,0,0,0,0,0,0,-1,0,23,0,0,22,0,113.64
0,15,0,0,0,0,9,3,1,0,-1,0,0,0,0,0,0,-1,0,20,0,0,18,0,103.92
0,14,0,0,0,0,21,3,1,0,-1,0,0,0,0,0,0,-1,0,18,0,0,25,0,723.32
1,11,1,0,1,0,4,22,15,0,-1,0,0,0,0,0,0,-1,0,12,2,0,9,0,1542.32
0,1,2,0,0,3,8,25,53,1,-1,0,27,0,0,2,0,-1,1,9,1,0,14,0,1351.76
0,6,0,0,0,0,3,13,25,1,-1,0,6,0,0,0,0,-1,0,12,2,0,13,0,547.96
0,12,0,0,0,0,19,3,1,0,-1,0,0,0,0,0,0,-1,0,17,0,0,24,0,710.29
0,10,2,0,0,0,5,34,18,0,-1,0,8,0,0,0,0,-1,0,9,0,0,5,0,681.19
0,4,1,0,0,1,4,23,39,1,-1,0,21,1,0,0,0,-1,0,11,2,0,14,0,1283.41
0,12,0,0,0,0,19,2,1,0,-1,0,0,0,0,0,0,-1,0,15,0,0,23,0,213.12
0,15,0,0,0,0,22,3,0,0,-1,0,0,0,0,0,0,-1,0,20,0,0,27,0,513.71
0,16,0,0,0,0,9,6,2,0,-1,0,0,0,0,0,0,-1,0,15,0,0,9,0,385.88
0,8,2,0,1,1,0,21,31,0,-1,0,8,1,0,0,0,-1,0,11,2,0,11,0,1864.15
0,19,0,0,0,0,21,2,0,0,-1,0,0,0,0,0,0,-1,0,11,0,0,12,0,311.66
1,3,0,0,0,1,10,23,52,0,-1,0,9,0,1,0,0,-1,0,9,0,0,15,0,1261.16
1,5,0,0,0,1,12,13,24,0,-1,0,1,0,0,0,0,-1,0,10,0,0,17,0,1792.29
0,10,12,0,0,1,8,38,55,1,-1,0,13,0,1,0,0,-1,0,6,0,0,3,0,1680.34
0,8,0,0,0,0,15,5,4,0,-1,0,1,1,0,0,0,-1,0,11,0,0,19,0,197.66
0,9,0,0,0,0,7,3,0,0,-1,0,0,0,0,0,0,-1,0,17,0,0,18,0,203.49
0,10,0,0,0,0,13,0,2,0,-1,0,0,0,0,0,0,-1,0,19,0,0,23,0,179.42
0,4,0,0,0,0,6,18,21,0,-1,0,2,0,0,0,0,-1,0,12,1,0,15,0,890.46
1,2,1,0,0,0,9,25,53,1,-1,0,11,0,0,0,0,-1,0,9,0,0,15,0,1507.65
0,13,0,0,0,0,6,5,7,0,-1,0,1,0,0,0,0,-1,0,16,0,0,14,0,1009.91
37,3,78,8,3,18,5,29,174,11,-1,0,28,1,15,5,0,-1,3,6,8,21,10,2,3861.66
0,16,1,0,0,0,16,10,9,0,-1,0,0,0,0,0,0,-1,0,8,0,0,6,0,483.62
0,11,9,0,0,0,14,16,48,1,-1,0,6,0,0,0,0,-1,0,3,0,1,7,1,1540.4
2,4,15,4,0,0,11,18,70,3,-1,0,14,0,1,1,0,-1,0,7,0,0,14,0,759.61
0,8,1,0,2,1,1,17,25,0,-1,0,4,1,0,0,0,-1,0,12,2,0,11,0,565.84
0,5,0,0,0,0,4,15,23,0,-1,0,6,0,0,0,0,-1,0,12,1,0,14,0,891.81
11,4,26,93,54,35,9,17,175,16,-1,6,53,5,3,2,16,-1,6,4,10,42,10,3,4477.54
0,12,0,0,0,0,9,3,0,0,-1,0,0,0,0,0,0,-1,0,19,0,0,20,0,187.93
6,8,59,16,6,11,8,30,161,7,-1,8,61,2,2,6,8,-1,4,3,9,37,5,0,5124.92
9,7,81,8,1,12,7,26,158,2,-1,0,73,0,3,3,0,-1,2,4,5,20,5,3,3666.33
0,6,1,0,0,0,2,16,27,1,-1,0,12,0,0,0,0,-1,0,12,5,0,13,0,575.17
0,16,0,0,0,0,13,0,0,0,-1,0,0,0,0,0,0,-1,0,24,0,0,24,0,41.07
0,13,1,0,0,0,15,13,15,0,-1,0,0,0,1,0,0,-1,0,4,0,1,9,0,898.41
0,11,1,0,0,1,4,26,11,0,-1,0,0,0,0,0,0,-1,0,12,2,0,8,0,675.69
0,12,0,0,0,1,5,6,7,0,-1,0,0,0,0,0,0,-1,0,15,1,0,13,0,1085.01
0,8,0,0,0,0,15,5,5,0,-1,0,1,0,0,0,0,-1,0,11,1,0,18,0,196.95
0,8,1,0,0,1,2,34,36,0,-1,0,11,0,0,0,0,-1,0,10,4,1,9,0,1835.58
0,15,0,0,0,0,10,2,0,0,-1,0,0,0,0,0,0,-1,0,21,0,0,20,0,91.36
0,14,0,0,0,0,15,0,1,0,-1,0,0,0,0,0,0,-1,0,23,0,0,25,0,188.33
0,19,0,0,0,0,11,0,0,0,-1,0,0,0,0,0,0,-1,0,21,0,0,16,0,149.73
0,13,0,0,0,0,6,14,5,1,-1,0,1,0,0,0,0,-1,0,14,1,0,10,0,412.24
6,2,77,0,3,7,8,22,122,2,-1,0,73,0,2,1,0,-1,1,6,3,3,12,0,2522.07
3,6,32,0,2,10,4,35,90,1,-1,0,72,0,1,0,0,-1,2,7,2,3,7,1,2890.07
1,1,7,0,0,5,9,25,70,2,-1,0,46,0,0,1,0,-1,1,8,0,0,14,0,1491.6
0,7,0,0,0,0,14,6,12,1,-1,0,0,0,0,0,0,-1,0,14,0,0,21,0,558.88
0,19,0,0,0,0,12,0,1,0,-1,0,0,0,0,0,0,-1,0,21,0,0,17,0,164.84
0,14,0,0,0,0,7,7,4,1,-1,0,1,0,0,0,0,-1,0,15,0,0,11,0,1439.96
0,15,0,0,0,0,15,0,1,0,-1,0,0,0,0,0,0,-1,0,23,0,0,26,0,261.01
18,4,52,4,5,36,3,38,119,7,-1,4,37,1,2,3,0,-1,2,7,2,4,9,3,2740.01
0,14,0,0,0,0,10,22,10,1,-1,0,0,0,0,0,0,-1,0,11,0,0,3,0,253.37
0,5,0,0,0,0,11,12,14,0,-1,0,2,0,0,0,0,-1,0,12,0,0,18,0,742.6
0,19,0,0,0,0,12,0,1,0,-1,0,0,0,0,0,0,-1,0,22,0,0,17,0,154.54
0,4,0,0,0,0,6,16,18,0,-1,0,1,0,0,0,0,-1,0,12,1,0,16,0,898.18
0,2,1,0,0,0,7,26,39,0,-1,0,12,0,0,0,0,-1,0,10,1,0,15,0,1119.0
0,11,0,0,0,0,19,2,1,0,-1,0,0,0,0,0,0,-1,0,15,0,0,23,0,171.12
0,4,0,0,0,0,6,16,18,0,-1,0,1,0,0,0,0,-1,0,12,1,0,16,0,1025.0
0,19,0,0,0,0,19,0,2,0,-1,0,0,0,0,0,0,-1,0,11,0,0,9,0,397.89
0,5,0,0,0,2,12,12,25,1,-1,0,3,0,1,0,0,-1,0,8,0,0,16,0,1976.99
0,13,0,0,0,0,14,16,28,0,-1,0,2,0,0,0,0,-1,0,5,0,1,6,0,1407.48
0,15,0,0,0,0,10,23,4,0,-1,0,0,0,0,0,0,-1,0,12,0,0,5,0,237.92
4,6,22,0,3,17,3,38,83,0,-1,0,63,0,1,1,0,-1,1,7,4,2,8,1,2843.59
8,4,10,4,6,10,3,33,85,4,-1,0,56,1,4,2,0,-1,1,9,3,4,11,0,2734.26
0,19,0,0,0,0,13,3,1,0,-1,0,0,0,0,0,0,-1,0,17,0,0,9,0,180.23
0,6,0,0,0,0,11,8,11,1,-1,0,0,0,0,0,0,-1,0,13,0,0,19,0,745.93
0,15,0,0,0,0,12,0,1,0,-1,0,0,0,0,0,0,-1,0,22,0,0,24,0,184.84
2,6,11,0,3,10,2,38,68,0,-1,0,61,0,0,1,0,-1,0,8,4,2,8,1,2404.28
0,12,0,0,0,0,8,3,0,0,-1,0,0,0,0,0,0,-1,0,19,0,0,19,0,223.78
1,8,1,0,1,0,1,19,27,1,-1,0,4,2,0,0,0,-1,0,12,2,0,11,0,1726.73
1,9,63,0,2,5,11,19,105,0,-1,0,19,1,0,1,0,-1,0,2,8,10,5,0,1916.54
3,2,51,0,0,7,9,22,104,2,-1,0,56,0,1,3,0,-1,0,7,3,1,13,0,2319.32
1,10,0,0,2,0,3,13,18,0,-1,0,0,0,0,0,0,-1,0,14,1,0,12,0,1520.27
0,8,0,0,0,0,4,11,7,0,-1,0,0,0,0,0,0,-1,0,15,0,0,15,0,426.53
0,13,0,0,0,0,13,0,1,0,-1,0,0,0,0,0,0,-1,0,21,0,0,24,0,220.41
0,10,0,0,0,0,14,1,5,0,-1,0,0,0,0,0,0,-1,0,18,0,0,23,0,231.48
3,5,6,0,3,12,2,33,71,3,-1,0,56,1,4,2,4,-1,0,9,4,5,10,0,2436.13
0,2,4,0,2,1,5,25,55,1,-1,0,37,0,0,0,0,-1,0,10,2,0,14,0,1256.14
1,4,0,0,0,1,12,16,32,1,-1,0,6,0,0,0,0,-1,0,9,0,0,16,0,2038.7
0,10,0,0,0,0,12,0,1,0,-1,0,0,0,0,0,0,-1,0,19,0,0,22,0,142.11
0,7,0,0,0,0,13,7,13,0,-1,0,0,0,0,0,0,-1,0,14,0,0,20,0,606.16
0,13,0,0,0,0,12,0,1,0,-1,0,0,0,0,0,0,-1,0,21,0,0,23,0,264.65
0,16,0,0,0,0,23,3,0,0,-1,0,0,0,0,0,0,-1,0,20,0,0,27,0,420.5
0,16,0,0,0,0,8,1,2,0,-1,0,0,0,0,0,0,-1,0,18,0,0,13,0,161.76
0,9,0,0,0,0,4,11,5,0,-1,0,0,0,0,0,0,-1,0,15,0,0,15,0,390.04
0,18,0,0,0,0,11,2,1,0,-1,0,0,0,0,0,0,-1,0,18,0,0,12,0,215.52
1,14,1,0,0,0,17,8,5,1,-1,0,0,0,0,0,0,-1,0,6,0,0,10,0,814.97
0,12,0,0,1,1,5,10,7,0,-1,0,0,0,0,0,0,-1,0,14,0,0,11,0,1029.54
1,9,69,0,2,5,11,20,107,2,-1,4,22,1,0,2,0,-1,1,2,8,11,5,0,4863.78
0,7,0,0,0,0,2,17,27,1,-1,0,8,0,0,0,0,-1,0,12,3,0,13,0,1725.48
0,16,0,0,0,1,19,6,1,0,-1,0,0,0,0,0,0,-1,0,8,0,0,11,0,511.61
0,9,0,0,0,0,7,2,0,0,-1,0,0,0,0,0,0,-1,0,16,0,0,18,0,706.97
0,16,0,0,0,0,9,5,2,0,-1,0,0,0,0,0,0,-1,0,16,0,0,10,0,322.44
0,8,0,0,0,0,4,12,5,0,-1,0,0,0,0,0,0,-1,0,15,0,0,16,0,770.33
0,11,0,0,1,1,4,19,10,0,-1,0,0,0,0,0,0,-1,0,13,0,0,9,0,1551.65
0,11,0,0,0,0,12,0,1,0,-1,0,0,0,0,0,0,-1,0,20,0,0,22,0,200.82
0,18,0,0,0,0,10,0,1,0,-1,0,0,0,0,0,0,-1,0,20,0,0,15,0,192.84
0,17,0,0,0,0,10,4,1,0,-1,0,0,0,0,0,0,-1,0,16,0,0,10,0,361.59
0,13,0,0,0,0,9,2,0,0,-1,0,0,0,0,0,0,-1,0,20,0,0,20,0,93.91
0,16,0,0,0,0,9,1,1,0,-1,0,0,0,0,0,0,-1,0,18,0,0,13,0,330.97
0,15,0,0,0,0,13,0,1,0,-1,0,0,0,0,0,0,-1,0,23,0,0,24,0,146.05
0,13,0,0,0,0,7,16,5,0,-1,0,1,0,0,0,0,-1,0,14,0,0,9,0,245.4
0,10,0,0,0,0,6,5,1,0,-1,0,0,0,0,0,0,-1,0,17,0,0,17,0,209.87
0,12,0,0,0,0,19,2,1,0,-1,0,0,0,0,0,0,-1,0,15,0,0,23,0,200.36
1,1,17,0,0,5,8,26,83,4,-1,4,62,0,0,1,0,-1,0,8,2,0,14,0,1535.08
0,6,0,0,0,0,10,5,9,0,-1,0,0,0,0,0,0,-1,0,14,0,0,19,0,745.26
38,2,81,12,6,17,6,29,168,2,-1,0,33,0,19,8,0,-1,5,6,4,16,10,1,3875.67
0,18,0,0,0,0,11,2,1,0,-1,0,0,0,0,0,0,-1,0,18,0,0,12,0,229.78
1,6,6,0,3,6,1,28,43,5,-1,0,20,0,0,0,0,-1,0,10,3,0,11,0,2134.96
0,6,0,0,0,0,3,13,22,0,-1,0,6,0,0,0,0,-1,0,13,0,0,14,0,1275.01
5,9,72,0,8,5,10,20,127,4,-1,4,26,1,0,2,0,-1,1,1,12,23,6,0,2367.84
5,4,6,0,4,11,3,26,75,2,-1,0,53,0,1,2,0,-1,0,9,6,3,11,0,2679.83
0,16,0,0,0,0,13,12,7,0,-1,0,0,0,0,0,0,-1,0,11,0,0,3,0,496.94
0,8,0,0,0,0,2,16,21,1,-1,0,6,0,0,0,0,-1,0,13,2,0,13,0,525.67
0,10,12,0,0,1,8,38,57,1,-1,0,14,0,0,0,0,-1,0,6,0,0,3,0,1719.2
0,16,0,0,0,0,14,0,1,0,-1,0,0,0,0,0,0,-1,0,23,0,0,25,0,188.79
0,13,0,0,0,0,7,24,8,0,-1,0,0,0,0,0,0,-1,0,11,0,0,5,0,594.96
0,11,0,0,0,0,12,0,1,0,-1,0,0,0,0,0,0,-1,0,20,0,0,22,0,264.6
0,11,1,0,0,1,7,36,21,1,-1,0,3,0,0,0,0,-1,0,9,0,0,4,0,713.68
0,12,0,0,0,0,8,3,0,0,-1,0,0,0,0,0,0,-1,0,19,0,0,19,0,203.8
0,14,0,0,0,0,14,0,1,0,-1,0,0,0,0,0,0,-1,0,22,0,0,25,0,188.9
31,5,58,8,0,44,6,31,182,1,-1,0,33,1,5,3,0,-1,3,5,9,38,7,1,3365.54
0,16,0,0,0,0,11,12,3,0,-1,0,0,0,0,0,0,-1,0,13,0,0,6,0,224.89
0,14,1,0,0,0,17,11,10,1,-1,0,0,0,1,0,0,-1,0,6,0,0,10,0,610.9
0,14,0,0,0,0,11,1,0,0,-1,0,0,0,0,0,0,-1,0,21,0,0,22,0,262.25
0,11,0,0,0,0,11,0,1,0,-1,0,0,0,0,0,0,-1,0,19,0,0,22,0,197.48
0,16,0,0,0,0,11,12,3,0,-1,0,0,0,0,0,0,-1,0,13,0,0,5,0,282.7
0,4,1,0,1,1,5,21,35,1,-1,0,10,0,0,0,0,-1,0,11,1,0,14,0,1174.23
0,15,0,0,0,0,8,2,1,0,-1,0,0,0,0,0,0,-1,0,19,0,0,17,0,1102.9
0,14,0,0,0,0,10,23,10,0,-1,0,0,0,0,0,0,-1,0,11,0,0,3,0,300.98
0,11,0,0,0,0,16,1,4,0,-1,0,0,0,0,0,0,-1,0,18,0,0,24,0,801.74
0,6,0,0,0,0,13,10,15,0,-1,0,2,0,0,0,0,-1,0,13,0,0,19,0,622.63
0,10,1,0,0,1,6,37,22,1,-1,0,7,0,0,0,0,-1,1,8,0,0,4,0,1400.81
0,20,0,0,0,0,13,0,0,0,-1,0,0,0,0,0,0,-1,0,22,0,0,17,0,144.93
0,11,0,0,0,1,4,6,7,0,-1,0,0,0,0,0,0,-1,0,15,2,0,12,0,1488.24
0,18,0,0,0,0,11,0,1,0,-1,0,0,0,0,0,0,-1,0,20,0,0,16,0,172.79
0,11,0,0,0,0,15,1,2,0,-1,0,0,0,0,0,0,-1,0,19,0,0,24,0,292.72
1,6,10,0,4,9,2,38,65,1,-1,0,50,0,0,0,0,-1,0,8,3,1,8,1,2301.0
0,16,1,0,0,0,16,7,9,0,-1,0,0,0,0,0,0,-1,0,8,0,0,6,0,473.12
0,4,0,0,0,0,7,20,29,0,-1,0,2,0,0,0,0,-1,0,12,1,0,16,0,1049.88
0,14,0,0,0,0,7,9,4,0,-1,0,1,0,0,0,0,-1,0,15,0,0,10,0,1449.53
31,5,58,8,0,44,5,31,183,3,-1,0,32,1,6,3,0,-1,1,5,8,38,8,1,3569.64
0,21,0,0,0,0,13,0,0,0,-1,0,0,0,0,0,0,-1,0,23,0,0,18,0,144.63
0,9,5,0,0,1,5,35,26,0,-1,0,13,0,0,0,0,-1,0,8,0,1,5,0,2352.88
3,7,12,0,0,4,4,34,72,1,-1,0,40,0,0,0,0,-1,2,7,1,1,6,0,2157.1
38,2,58,16,3,25,7,26,177,8,-1,8,35,3,10,9,4,-1,5,5,15,43,10,0,4127.39
0,9,0,0,0,0,9,1,0,0,-1,0,0,0,0,0,0,-1,0,17,0,0,20,0,709.26
26,3,52,20,4,19,6,27,185,6,-1,0,31,2,13,10,0,-1,4,5,11,41,9,4,3565.32
1,15,1,0,0,0,17,13,10,1,-1,0,0,0,0,0,0,-1,0,6,0,0,10,0,605.91
0,9,0,0,0,0,15,5,3,0,-1,0,0,0,0,0,0,-1,0,14,0,0,21,0,593.09
0,18,0,0,0,0,13,5,2,0,-1,0,0,0,0,0,0,-1,0,15,0,0,8,0,201.35
0,12,0,0,0,0,5,5,6,0,-1,0,1,0,0,0,0,-1,0,16,0,0,14,0,1368.04
0,5,5,0,1,5,2,16,38,2,-1,0,18,0,0,0,0,-1,0,11,4,0,12,0,1343.97
0,17,0,0,0,0,16,1,7,0,-1,0,0,0,0,0,0,-1,0,9,0,0,5,0,407.76
0,6,0,0,0,0,3,13,26,0,-1,0,6,0,0,0,0,-1,0,12,1,0,14,0,1173.25
0,10,0,0,0,0,4,9,8,0,-1,0,1,0,0,0,0,-1,0,15,0,0,14,0,404.4
6,2,74,0,3,5,9,21,117,1,-1,0,70,0,1,3,0,-1,0,6,3,4,13,0,2428.1
4,1,75,8,4,40,7,25,134,2,-1,4,46,0,3,3,0,-1,2,7,5,4,12,0,3346.98
0,14,0,0,0,0,21,3,1,0,-1,0,0,0,0,0,0,-1,0,18,0,0,26,0,536.98
0,13,0,0,0,0,8,3,0,0,-1,0,0,0,0,0,0,-1,0,19,0,0,19,0,225.94
0,4,0,0,0,0,11,16,25,2,-1,0,3,0,0,0,0,-1,0,11,0,0,17,0,784.09
0,17,0,0,0,0,16,1,7,1,-1,0,0,0,0,0,0,-1,0,10,0,0,5,0,412.03
0,11,0,0,0,0,5,7,4,0,-1,0,0,0,0,0,0,-1,0,16,0,0,16,0,364.52
1,10,0,0,2,0,3,10,14,0,-1,0,0,0,0,0,0,-1,0,14,0,0,12,0,1179.7
0,6,0,0,0,0,3,13,23,0,-1,0,6,0,0,0,0,-1,0,12,1,0,14,0,1109.48
0,10,0,0,0,0,8,3,0,0,-1,0,0,0,0,0,0,-1,0,18,0,0,19,0,177.41
0,15,0,0,0,0,11,2,0,0,-1,0,0,0,0,0,0,-1,0,22,0,0,21,0,145.47
0,17,0,0,0,0,10,2,1,0,-1,0,0,0,0,0,0,-1,0,17,0,0,11,0,229.49
0,9,1,0,1,0,3,35,38,0,-1,0,16,0,0,0,0,-1,0,9,0,1,7,0,1909.92
0,9,0,0,1,0,16,5,4,0,-1,0,1,0,0,0,0,-1,0,13,0,0,20,0,1650.46
0,14,2,0,0,0,15,16,18,0,-1,0,1,0,0,0,0,-1,0,6,0,0,6,0,909.86
0,11,0,0,0,0,4,8,7,0,-1,0,1,0,0,0,0,-1,0,15,0,0,14,0,455.23
0,14,0,0,0,0,13,0,1,0,-1,0,0,0,0,0,0,-1,0,22,0,0,24,0,183.65
0,14,0,0,0,0,11,1,0,0,-1,0,0,0,0,0,0,-1,0,21,0,0,22,0,116.05
0,13,1,0,0,0,13,15,28,1,-1,0,0,0,0,0,0,-1,1,6,0,1,3,0,670.41
0,8,0,0,1,0,1,16,22,0,-1,0,6,0,0,0,0,-1,0,13,3,0,13,0,1770.31
0,8,0,0,0,0,14,4,9,0,-1,0,0,0,0,0,0,-1,0,15,0,0,21,0,558.57
3,8,81,8,2,9,8,31,136,3,-1,0,40,1,0,3,0,-1,2,3,5,16,4,0,4660.55
0,5,1,0,0,0,3,14,30,0,-1,0,14,0,0,0,0,-1,0,12,2,0,13,0,1256.95
7,6,82,12,0,17,6,30,164,3,-1,0,78,0,3,0,0,-1,2,5,6,18,6,2,3186.75
0,13,0,0,0,0,20,2,1,0,-1,0,0,0,0,0,0,-1,0,16,0,0,24,0,196.23
0,6,5,0,3,4,1,21,38,2,-1,0,16,0,0,0,0,-1,0,11,2,0,12,0,1998.98
0,20,0,0,0,0,13,0,1,0,-1,0,0,0,0,0,0,-1,0,22,0,0,18,0,142.68
0,13,1,0,0,0,14,15,25,0,-1,0,1,0,0,0,0,-1,0,5,0,0,5,0,811.19
0,15,0,0,0,0,13,0,1,0,-1,0,0,0,0,0,0,-1,0,23,0,0,24,0,190.19
0,15,0,0,0,0,12,1,0,0,-1,0,0,0,0,0,0,-1,0,23,0,0,23,0,188.9
0,16,0,0,0,0,9,1,2,0,-1,0,0,0,0,0,0,-1,0,19,0,0,14,0,368.72
0,7,0,0,0,0,6,10,3,0,-1,0,0,0,0,0,0,-1,0,15,0,0,17,0,832.41
3,4,74,16,7,8,10,20,128,7,-1,4,67,0,1,0,0,-1,3,5,34,11,12,0,2523.81
0,8,1,0,0,1,2,34,38,0,-1,0,11,0,0,0,0,-1,0,10,3,1,8,0,1757.06
0,5,0,0,0,0,3,15,28,0,-1,0,9,0,0,0,0,-1,1,12,1,0,14,0,1144.42
0,4,1,0,1,0,5,19,32,0,-1,0,9,0,0,0,0,-1,0,12,0,0,15,0,2089.49
1,4,40,0,0,3,11,17,80,3,-1,0,17,0,0,0,0,-1,0,6,0,0,13,0,2080.44
0,6,0,0,0,0,9,5,5,0,-1,0,0,0,0,0,0,-1,0,15,0,0,19,0,491.0
9,7,38,20,17,12,10,22,160,12,-1,9,53,3,2,12,8,-1,4,1,37,45,6,8,5233.51
0,12,0,0,0,1,4,6,6,0,-1,0,0,0,0,0,0,-1,0,15,2,0,13,0,1594.41
0,13,0,0,0,0,6,22,5,0,-1,0,1,0,0,0,0,-1,0,13,0,0,8,0,319.26
0,13,0,0,0,0,5,5,7,0,-1,0,1,0,0,0,0,-1,0,16,0,0,14,0,892.05
0,16,0,0,0,0,9,0,1,0,-1,0,0,0,0,0,0,-1,0,19,0,0,16,0,1009.58
0,6,0,0,0,0,13,10,15,0,-1,0,2,0,0,0,0,-1,0,13,0,0,19,0,1674.89
0,7,1,0,1,1,0,18,30,0,-1,0,8,1,0,0,0,-1,0,12,2,0,11,0,1854.69
18,6,7,94,60,13,9,20,184,9,-1,9,63,8,4,13,25,-1,11,2,15,20,8,23,5655.67
0,2,1,0,0,1,9,25,49,0,-1,0,11,0,0,0,0,-1,0,10,0,0,15,0,1469.75
9,7,36,32,9,17,8,28,169,16,-1,8,57,1,2,12,8,-1,4,2,24,51,6,6,7202.22
0,10,0,0,0,0,7,4,0,0,-1,0,0,0,0,0,0,-1,0,17,0,0,18,0,206.59
0,15,0,0,0,0,11,16,8,0,-1,0,0,0,0,0,0,-1,0,11,0,0,3,0,263.19
1,9,0,0,2,0,2,15,19,2,-1,0,0,0,0,0,0,-1,0,13,2,0,12,0,1665.93
0,11,0,0,0,1,4,6,7,0,-1,0,0,0,0,0,0,-1,0,15,2,0,13,0,1517.02
1,2,2,0,0,4,9,25,58,0,-1,0,14,0,0,1,0,-1,0,9,0,0,15,0,1476.18
1,11,0,0,0,0,4,15,13,2,-1,0,0,0,0,0,0,-1,0,13,1,0,10,0,1542.67
0,9,0,0,0,0,5,9,4,0,-1,0,0,0,0,0,0,-1,0,16,0,0,16,0,373.46
0,2,6,0,0,6,9,24,66,1,-1,0,30,0,1,2,0,-1,0,8,0,0,14,0,1277.89
11,4,38,4,6,32,3,35,113,2,-1,0,40,1,10,1,0,-1,0,7,4,2,10,0,2906.81
0,11,1,0,0,1,4,26,12,1,-1,0,0,0,0,0,0,-1,0,12,2,0,8,0,671.45
0,16,0,0,0,0,12,12,8,0,-1,0,0,0,0,0,0,-1,0,11,0,0,3,0,546.34
6,5,52,4,35,9,10,17,153,4,-1,0,69,3,0,0,16,-1,3,4,29,37,11,3,4051.15
0,6,0,0,0,0,2,18,25,1,-1,0,7,0,0,0,0,-1,0,12,3,0,13,0,567.67
1,10,0,0,1,0,3,10,14,2,-1,0,0,0,0,0,0,-1,0,14,2,0,12,0,428.14
0,4,0,0,0,1,11,18,26,3,-1,0,2,0,0,0,0,-1,0,11,0,0,17,0,793.83
0,7,0,0,0,0,5,11,4,0,-1,0,0,0,0,0,0,-1,0,15,0,0,16,0,927.12
0,8,2,0,4,1,1,25,34,0,-1,0,8,0,0,0,0,-1,0,11,2,0,10,0,1823.4
0,12,0,0,0,0,8,29,8,0,-1,0,1,0,0,0,0,-1,0,10,0,0,5,0,595.94
43,2,76,4,4,21,5,33,147,2,-1,0,30,1,9,3,4,-1,3,7,7,8,10,1,2816.67
0,6,0,0,0,0,3,13,23,0,-1,0,6,0,0,0,0,-1,0,13,0,0,14,0,948.81
0,17,0,0,0,0,10,4,1,0,-1,0,0,0,0,0,0,-1,0,17,0,0,11,0,237.86
0,4,0,0,0,0,8,19,26,1,-1,0,1,0,0,0,0,-1,0,12,0,0,16,0,1078.64
0,14,0,0,0,0,7,3,4,0,-1,0,1,0,0,0,0,-1,0,17,0,0,14,0,1102.27
0,7,0,0,2,0,1,17,30,2,-1,0,9,0,0,0,0,-1,0,12,1,0,12,0,1785.49
0,16,0,0,0,0,10,2,1,0,-1,0,0,0,0,0,0,-1,0,21,0,0,18,0,983.7
1,4,7,0,2,5,2,22,48,4,-1,0,29,0,0,1,0,-1,1,10,4,0,12,0,2356.31
0,7,8,0,4,7,2,38,60,3,-1,0,43,0,0,0,0,-1,0,9,4,1,8,0,2238.06
0,17,0,0,0,0,10,0,1,0,-1,0,0,0,0,0,0,-1,0,20,0,0,16,0,149.3
0,11,0,0,0,0,9,2,0,0,-1,0,0,0,0,0,0,-1,0,19,0,0,20,0,202.71
0,9,0,0,2,1,2,14,19,2,-1,0,0,0,0,0,0,-1,0,13,2,0,12,0,495.37
1,9,75,4,3,7,10,22,119,3,-1,0,26,1,1,2,0,-1,1,2,10,14,5,0,3529.91
0,7,2,0,2,0,0,20,35,0,-1,0,12,0,0,0,0,-1,0,11,3,0,11,0,2042.17
0,13,1,0,0,0,16,13,13,0,-1,0,0,0,1,0,0,-1,0,5,0,1,9,0,812.77
19,5,72,12,1,54,5,30,180,3,-1,0,36,0,1,2,0,-1,2,5,4,29,7,1,3410.72
0,13,0,0,0,0,11,0,1,0,-1,0,0,0,0,0,0,-1,0,21,0,0,23,0,194.74
0,9,0,0,0,0,17,5,3,0,-1,0,1,0,0,0,0,-1,0,12,1,0,20,0,227.51
0,5,0,0,0,0,7,10,8,0,-1,0,0,0,0,0,0,-1,0,14,0,0,17,0,783.93
1,10,59,0,1,4,12,18,100,5,-1,0,17,0,0,1,0,-1,0,1,9,7,6,0,1905.01
0,10,24,0,0,0,14,14,49,0,-1,0,9,0,0,0,0,-1,0,2,0,1,10,0,1739.51
0,12,0,0,1,1,5,18,7,0,-1,0,0,0,0,0,0,-1,0,14,0,0,10,0,475.34
0,17,0,0,0,0,10,3,1,0,-1,0,0,0,0,0,0,-1,0,17,0,0,11,0,57.54
0,9,0,0,0,0,14,2,5,0,-1,0,0,0,0,0,0,-1,0,17,0,0,22,0,208.61
0,4,1,0,1,1,4,15,32,0,-1,0,10,0,0,0,0,-1,1,12,0,0,14,0,1177.96
0,17,0,0,0,0,13,11,3,1,-1,0,0,0,0,0,0,-1,0,13,0,0,5,0,200.93
0,10,0,0,0,0,9,2,0,0,-1,0,0,0,0,0,0,-1,0,18,0,0,20,0,208.44
0,13,0,0,0,0,8,3,0,0,-1,0,0,0,0,0,0,-1,0,19,0,0,18,0,1234.47
0,16,0,0,0,0,11,7,2,0,-1,0,0,0,0,0,0,-1,0,14,0,0,7,0,205.83
0,10,41,0,1,3,9,26,104,4,-1,0,19,0,0,0,0,-1,0,4,3,0,3,0,2256.62
0,12,0,0,0,0,5,22,9,1,-1,0,1,0,0,0,0,-1,0,13,1,0,9,0,471.59
0,4,1,0,1,1,5,18,34,0,-1,0,8,0,0,0,0,-1,0,12,0,0,14,0,2264.87
0,15,0,0,0,0,9,18,5,0,-1,0,0,0,0,0,0,-1,0,13,0,0,7,0,762.9
0,8,0,0,0,0,5,12,2,0,-1,0,0,0,0,0,0,-1,0,15,0,0,17,0,437.27
0,17,0,0,0,0,10,3,1,0,-1,0,0,0,0,0,0,-1,0,17,0,0,11,0,346.46
0,17,0,0,0,0,11,4,1,0,-1,0,0,0,0,0,0,-1,0,16,0,0,9,0,745.93
0,5,0,0,0,0,4,15,27,0,-1,0,6,0,0,0,0,-1,0,12,1,0,15,0,887.54
0,9,0,0,0,0,3,13,14,0,-1,0,1,0,0,0,0,-1,0,14,0,0,14,0,442.86
0,4,0,0,0,0,11,14,22,0,-1,0,3,0,0,0,0,-1,0,11,0,0,17,0,859.19
0,9,13,0,0,1,7,38,64,2,-1,0,15,0,1,0,0,-1,0,6,0,0,3,0,1700.11
0,13,0,0,0,0,11,1,1,0,-1,0,0,0,0,0,0,-1,0,21,0,0,22,0,207.05
0,2,0,0,0,0,8,23,33,0,-1,0,6,0,0,0,0,-1,0,11,0,0,15,0,1073.23
0,13,0,0,0,0,7,18,5,0,-1,0,1,0,0,0,0,-1,0,14,0,0,9,0,269.0
1,9,77,4,3,9,9,24,124,6,-1,4,26,1,1,1,0,-1,1,3,9,15,5,0,4924.78
0,11,0,0,0,0,6,5,3,0,-1,0,0,0,0,0,0,-1,0,17,0,0,17,0,237.05
0,8,0,0,0,0,13,3,7,1,-1,0,0,0,0,0,0,-1,0,16,0,0,21,0,797.26
0,16,0,0,0,0,10,2,0,0,-1,0,0,0,0,0,0,-1,0,22,0,0,20,0,94.6
0,11,0,0,0,0,5,6,3,0,-1,0,0,0,0,0,0,-1,0,17,0,0,16,0,372.26
0,15,2,0,0,0,15,15,18,0,-1,0,0,0,0,0,0,-1,0,7,0,0,5,0,526.16
0,7,0,0,1,1,14,6,7,0,-1,0,2,0,0,0,0,-1,0,11,0,0,18,0,202.21
0,13,0,0,0,0,20,3,1,0,-1,0,0,0,0,0,0,-1,0,17,0,0,25,0,581.29
0,13,0,0,0,0,7,3,3,0,-1,0,0,0,0,0,0,-1,0,18,0,0,17,0,1132.56
0,13,0,0,0,0,11,23,21,4,-1,4,1,0,0,0,0,-1,0,8,0,0,0,0,1832.13
3,5,70,12,14,6,10,16,138,2,-1,4,69,0,0,3,8,-1,0,4,48,23,11,0,2533.57
0,12,0,0,0,0,5,6,3,0,-1,0,0,0,0,0,0,-1,0,17,0,0,16,0,387.88
0,12,0,0,0,0,6,4,2,0,-1,0,0,0,0,0,0,-1,0,17,0,0,16,0,1315.6
0,10,0,0,0,0,5,7,4,0,-1,0,0,0,0,0,0,-1,0,16,0,0,16,0,365.17
0,3,0,0,0,1,10,20,31,1,-1,0,6,0,0,0,0,-1,0,10,0,0,16,0,1150.42
0,6,0,0,0,0,4,12,16,0,-1,0,1,0,0,0,0,-1,0,13,0,0,15,0,895.61
0,4,0,0,0,0,10,16,25,0,-1,0,2,0,0,0,0,-1,0,12,0,0,17,0,1081.8
0,12,2,0,0,0,13,15,41,0,-1,0,2,0,0,0,0,-1,0,5,0,0,4,1,720.13
0,12,2,0,0,0,14,16,38,0,-1,0,5,0,0,0,0,-1,0,4,0,1,7,0,981.48
0,16,0,0,0,0,12,1,0,0,-1,0,0,0,0,0,0,-1,0,23,0,0,23,0,219.04
0,19,0,0,0,0,12,0,0,0,-1,0,0,0,0,0,0,-1,0,20,0,0,14,0,1224.09
47,5,49,16,1,32,6,28,183,5,-1,0,28,1,6,4,0,-1,0,5,10,42,8,1,3542.01
0,18,0,0,0,0,19,2,0,0,-1,0,0,0,0,0,0,-1,0,10,0,0,9,0,343.07
0,12,0,0,0,0,19,3,1,0,-1,0,0,0,0,0,0,-1,0,17,0,0,24,0,442.5
0,13,0,0,0,1,5,6,7,0,-1,0,0,0,0,0,0,-1,0,15,1,0,12,0,955.99
0,6,0,0,0,0,4,14,20,0,-1,0,5,0,0,0,0,-1,0,13,1,0,15,0,1079.48
0,11,0,0,0,0,13,0,1,0,-1,0,0,0,0,0,0,-1,0,19,0,0,23,0,144.33
0,7,8,0,3,3,2,38,51,3,-1,0,30,0,0,0,0,-1,0,9,5,1,8,0,2015.91
0,10,38,4,2,1,11,18,95,2,-1,0,15,0,0,0,0,-1,0,3,1,0,4,0,2744.67
0,10,0,0,0,1,3,9,13,2,-1,0,0,0,0,0,0,-1,0,14,1,0,13,0,470.17
0,14,2,0,0,1,16,14,17,0,-1,0,0,0,0,0,0,-1,0,5,0,0,7,0,736.76
0,16,0,0,0,0,13,12,12,0,-1,0,0,0,0,0,0,-1,0,11,0,0,3,0,553.09
0,14,0,0,0,0,9,20,5,0,-1,0,0,0,0,0,0,-1,0,12,0,0,6,0,236.08
0,17,0,0,0,0,10,2,1,0,-1,0,0,0,0,0,0,-1,0,17,0,0,12,0,1250.33
0,10,1,0,0,0,5,35,17,0,-1,0,5,0,0,0,0,-1,0,9,0,0,5,0,753.74
0,12,2,0,0,0,13,15,55,2,-1,0,3,0,0,0,0,-1,0,4,0,1,4,0,729.42
0,9,14,0,0,3,7,39,68,2,-1,0,19,0,1,0,0,-1,0,6,0,0,4,0,1710.46
0,13,0,0,0,0,10,24,13,1,-1,0,1,0,0,0,0,-1,0,9,0,0,2,0,1162.55
2,8,55,0,0,9,7,36,110,0,-1,0,29,0,0,0,0,-1,0,5,2,5,4,0,2440.52
0,13,0,0,0,0,6,22,5,0,-1,0,1,0,0,0,0,-1,0,13,0,0,8,0,421.33
1,9,61,0,2,3,9,30,107,2,-1,0,25,0,0,0,0,-1,0,4,2,0,3,0,2424.59
0,11,0,0,0,1,4,6,7,0,-1,0,0,0,0,0,0,-1,0,15,2,0,13,0,1642.39
0,6,1,0,0,2,13,10,19,0,-1,0,2,0,0,0,0,-1,0,8,0,0,15,0,1967.27
0,4,0,0,0,1,11,17,26,3,-1,0,2,0,0,0,0,-1,0,11,0,0,17,0,783.32
0,6,0,0,0,0,12,12,12,0,-1,0,2,0,0,0,0,-1,0,13,0,0,19,0,705.09
0,17,0,0,0,0,20,5,1,0,-1,0,1,0,0,0,0,-1,0,9,0,0,12,0,449.96
0,9,0,0,0,0,16,5,3,0,-1,0,0,0,0,0,0,-1,0,15,1,0,22,0,584.29
0,16,0,0,0,0,8,1,2,0,-1,0,0,0,0,0,0,-1,0,18,0,0,15,0,1009.18
0,12,0,0,1,1,4,5,7,0,-1,0,0,0,0,0,0,-1,0,15,1,0,12,0,1176.97
0,6,6,0,3,7,1,27,43,5,-1,0,20,0,0,0,0,-1,0,10,3,0,11,0,2321.66
0,11,22,0,0,1,12,17,86,0,-1,0,10,0,0,1,0,-1,0,3,3,1,4,1,833.9
0,17,0,0,0,0,11,4,0,0,-1,0,0,0,0,0,0,-1,0,16,0,0,9,0,726.43
0,20,0,0,0,0,13,0,0,0,-1,0,0,0,0,0,0,-1,0,19,0,0,12,0,253.56
0,13,0,0,0,0,10,28,16,0,-1,0,1,0,0,0,0,-1,0,9,0,0,1,0,627.29
0,8,0,0,0,0,6,7,2,0,-1,0,0,0,0,0,0,-1,0,15,0,0,17,0,722.33
0,13,0,0,0,0,7,3,3,0,-1,0,0,0,0,0,0,-1,0,18,0,0,17,0,184.37
0,19,0,0,0,0,13,5,2,0,-1,0,0,0,0,0,0,-1,0,16,0,0,8,0,182.72
0,11,0,0,0,0,9,2,0,0,-1,0,0,0,0,0,0,-1,0,19,0,0,20,0,202.21
12,4,28,0,4,20,3,37,104,2,-1,0,50,1,4,1,0,-1,1,8,4,3,9,0,2577.27
0,10,0,0,0,0,9,2,0,0,-1,0,0,0,0,0,0,-1,0,18,0,0,20,0,208.51
0,8,0,0,0,0,7,6,1,0,-1,0,0,0,0,0,0,-1,0,16,0,0,18,0,733.9
0,12,0,0,0,0,7,3,2,0,-1,0,0,0,0,0,0,-1,0,18,0,0,17,0,762.22
0,11,0,0,0,0,5,6,6,0,-1,0,1,0,0,0,0,-1,0,16,0,0,14,0,1068.53
9,7,44,16,7,14,8,29,164,14,-1,8,66,0,1,5,12,-1,7,3,16,49,6,2,4436.27
0,12,0,0,0,0,12,0,1,0,-1,0,0,0,0,0,0,-1,0,20,0,0,23,0,196.82
0,8,0,0,0,0,2,15,19,0,-1,0,1,0,0,0,0,-1,0,13,3,0,13,0,448.62
0,16,0,0,0,0,18,6,1,0,-1,0,1,0,0,0,0,-1,0,8,0,0,9,0,472.8
0,10,0,0,0,0,6,5,1,0,-1,0,0,0,0,0,0,-1,0,17,0,0,17,0,456.23
0,17,0,0,0,0,18,2,7,0,-1,0,0,0,0,0,0,-1,0,9,0,0,7,0,475.02
44,1,73,0,6,21,6,30,144,3,-1,0,35,1,4,5,4,-1,1,7,4,10,11,0,3239.41
0,14,0,0,0,0,11,16,11,0,-1,0,0,0,0,0,0,-1,0,10,0,0,2,0,1141.57
15,4,22,89,55,41,9,17,181,17,-1,19,44,8,2,1,14,-1,6,4,12,28,10,8,4126.11
1,4,7,0,3,5,2,23,47,3,-1,0,29,0,0,0,0,-1,1,10,3,0,12,0,2654.07
0,10,41,0,0,1,12,17,87,2,-1,0,16,0,0,0,0,-1,0,2,5,3,7,1,1807.37
0,10,0,0,0,0,14,1,5,1,-1,0,0,0,0,0,0,-1,0,18,0,0,23,0,870.19
0,12,0,0,0,0,11,1,1,0,-1,0,0,0,0,0,0,-1,0,20,0,0,22,0,202.88
0,13,0,0,0,0,6,5,7,0,-1,0,1,0,0,0,0,-1,0,16,0,0,13,0,967.56
0,18,0,0,0,0,11,0,1,0,-1,0,0,0,0,0,0,-1,0,19,0,0,14,0,174.18
0,4,0,0,0,0,10,17,25,0,-1,0,2,0,0,0,0,-1,0,11,0,0,17,0,806.2
0,19,0,0,0,0,13,3,1,0,-1,0,0,0,0,0,0,-1,0,16,0,0,9,0,80.5
1,3,0,0,0,1,10,21,37,0,-1,0,5,0,0,1,0,-1,0,10,0,0,16,0,1310.79
0,14,0,0,0,0,21,3,1,0,-1,0,0,0,0,0,0,-1,0,19,0,0,26,0,721.9
0,13,2,0,0,0,16,13,13,1,-1,0,0,0,1,0,0,-1,0,5,0,0,9,0,840.1
8,7,40,20,17,12,9,23,159,15,-1,9,54,2,3,12,8,-1,3,1,31,45,6,7,5642.03
0,5,0,0,0,0,12,12,17,0,-1,0,2,0,0,0,0,-1,0,12,0,0,18,0,613.69
0,7,0,0,0,0,13,8,13,0,-1,0,0,0,0,0,0,-1,0,14,0,0,20,0,571.47
0,10,38,0,2,2,10,22,101,4,-1,0,16,0,0,0,0,-1,0,4,2,1,3,0,2178.64
0,13,0,0,0,0,11,0,1,0,-1,0,0,0,0,0,0,-1,0,21,0,0,23,0,233.4
0,6,0,0,0,1,14,8,10,0,-1,0,2,0,0,0,0,-1,0,9,1,0,17,0,1714.66
0,18,0,0,0,0,19,3,1,0,-1,0,0,0,0,0,0,-1,0,10,0,0,9,0,372.42
36,1,81,12,2,23,6,28,152,11,-1,0,39,2,5,11,0,-1,6,6,6,13,11,0,4532.53
0,14,0,0,0,0,11,1,0,0,-1,0,0,0,0,0,0,-1,0,21,0,0,22,0,105.68
0,14,0,0,0,0,21,3,1,0,-1,0,0,0,0,0,0,-1,0,18,0,0,25,0,540.91
0,6,0,0,0,0,12,6,11,1,-1,0,0,0,0,0,0,-1,0,14,0,0,20,0,973.63
0,18,0,0,0,0,11,2,1,0,-1,0,0,0,0,0,0,-1,0,18,0,0,12,0,229.24
0,5,0,0,0,0,10,8,11,1,-1,0,0,0,0,0,0,-1,0,13,0,0,18,0,815.43
0,5,0,0,0,2,12,12,29,1,-1,0,4,0,0,0,0,-1,0,9,0,0,16,0,647.27
9,8,49,16,13,11,9,26,159,4,-1,0,55,2,1,11,0,-1,3,2,13,44,6,6,3570.33
0,15,1,0,0,0,15,11,16,4,-1,0,0,0,0,0,0,-1,0,7,0,0,4,0,413.67
0,16,0,0,0,0,11,9,3,0,-1,0,0,0,0,0,0,-1,0,14,0,0,7,0,808.02
0,15,0,0,0,0,11,19,4,0,-1,0,0,0,0,0,0,-1,0,13,0,0,5,0,283.34
0,19,0,0,0,0,12,0,1,0,-1,0,0,0,0,0,0,-1,0,21,0,0,16,0,120.03
0,15,2,0,0,0,16,12,11,0,-1,0,1,0,0,0,0,-1,0,7,0,0,7,0,647.41
0,4,0,0,0,0,10,10,21,2,-1,0,1,0,0,0,0,-1,0,12,0,0,18,0,781.92
0,4,0,0,0,0,6,14,18,0,-1,0,1,0,0,0,0,-1,0,13,1,0,16,0,901.98
0,18,0,0,0,0,13,0,0,0,-1,0,0,0,0,0,0,-1,0,24,0,0,23,0,113.61
0,19,0,0,0,0,13,4,1,0,-1,0,0,0,0,0,0,-1,0,16,0,0,9,0,105.23
0,14,0,0,0,0,10,2,0,0,-1,0,0,0,0,0,0,-1,0,21,0,0,21,0,91.61
0,6,0,0,0,0,12,10,12,0,-1,0,0,0,0,0,0,-1,0,13,0,0,19,0,579.42
0,14,0,0,0,0,11,22,12,1,-1,0,1,0,0,0,0,-1,0,9,0,0,1,0,310.58
0,13,0,0,0,0,9,2,0,0,-1,0,0,0,0,0,0,-1,0,20,0,0,20,0,93.81
2,8,51,0,0,8,7,36,103,0,-1,0,29,0,0,0,0,-1,0,5,1,5,4,0,3078.99
0,15,0,0,0,0,14,0,1,0,-1,0,0,0,0,0,0,-1,0,23,0,0,25,0,145.29
0,9,0,0,0,0,2,12,14,2,-1,0,1,0,0,0,0,-1,0,14,3,0,13,0,484.9
0,19,0,0,0,0,12,0,1,0,-1,0,0,0,0,0,0,-1,0,20,0,0,14,0,149.35
0,13,0,0,0,0,7,18,3,0,-1,0,0,0,0,0,0,-1,0,13,0,0,7,0,560.57
0,5,0,0,0,0,10,9,14,2,-1,0,0,0,0,0,0,-1,0,13,0,0,18,0,1009.8
0,17,0,0,0,0,17,4,7,0,-1,0,0,0,0,0,0,-1,0,9,0,0,7,0,359.32
0,14,1,0,0,0,17,8,6,1,-1,0,0,0,1,0,0,-1,0,6,0,0,10,0,615.94
0,17,0,0,0,0,11,6,1,0,-1,0,0,0,0,0,0,-1,0,15,0,0,8,0,665.3
0,14,0,0,0,0,7,3,3,0,-1,0,0,0,0,0,0,-1,0,18,0,0,16,0,959.21
2,3,6,0,0,7,3,24,60,3,-1,0,37,1,0,1,0,-1,0,10,6,1,12,0,2533.4
0,4,0,0,0,0,6,19,28,0,-1,0,2,0,0,0,0,-1,0,12,1,0,15,0,1193.08
0,5,5,0,1,5,2,16,38,2,-1,0,14,0,0,0,0,-1,0,11,4,0,12,0,2288.06
6,5,53,4,33,8,10,17,152,3,-1,0,70,3,0,0,16,-1,1,4,31,37,11,2,2588.41
0,21,0,0,0,0,23,1,0,0,-1,0,0,0,0,0,0,-1,0,13,0,0,14,0,417.99
0,12,0,0,0,0,11,21,30,0,-1,0,2,0,0,0,0,-1,0,6,0,1,1,0,1949.55
0,16,0,0,0,0,13,12,7,0,-1,0,0,0,0,0,0,-1,0,12,0,0,4,0,529.71
0,12,8,0,0,0,13,16,57,0,-1,0,7,0,0,1,0,-1,0,4,0,1,5,1,1460.04
2,8,47,0,0,7,7,39,97,0,-1,0,29,0,0,0,0,-1,0,5,0,4,4,0,2861.63
0,10,0,0,0,0,8,2,0,0,-1,0,0,0,0,0,0,-1,0,18,0,0,19,0,164.49
1,1,2,0,0,2,8,25,57,1,-1,0,22,0,0,2,0,-1,1,9,0,0,14,0,1325.64
1,11,0,0,0,0,9,32,28,0,-1,0,1,0,0,0,0,-1,0,7,0,0,1,0,1522.33
3,9,75,0,3,4,10,21,126,4,-1,0,27,1,1,2,0,-1,0,2,13,16,5,0,2240.16
0,7,5,0,1,4,0,27,39,4,-1,0,16,1,0,0,0,-1,0,11,5,0,11,0,1927.53
0,15,0,0,0,0,15,0,1,0,-1,0,0,0,0,0,0,-1,0,23,0,0,26,0,131.72
0,10,0,0,0,0,7,5,0,0,-1,0,0,0,0,0,0,-1,0,17,0,0,18,0,232.73
19,5,76,8,1,54,5,30,184,3,-1,0,35,0,1,2,0,-1,2,5,3,26,7,1,3344.78
0,13,0,0,0,0,12,0,1,0,-1,0,0,0,0,0,0,-1,0,21,0,0,23,0,192.37
38,2,57,20,3,25,7,23,168,4,-1,4,42,1,2,7,4,-1,5,5,18,46,11,1,2219.93
0,10,31,0,0,1,13,16,77,4,-1,0,11,0,0,1,0,-1,2,2,3,1,7,0,1735.5
0,5,0,0,0,1,12,12,17,1,-1,0,2,0,1,0,0,-1,0,9,1,0,16,0,1891.12
0,11,1,0,0,0,5,26,14,1,-1,0,1,0,0,0,0,-1,0,11,0,0,7,0,709.62
0,17,0,0,0,0,20,5,1,0,-1,0,1,0,0,0,0,-1,0,9,0,0,12,0,471.72
2,3,10,0,0,1,10,19,60,0,-1,0,10,0,1,0,0,-1,0,8,0,0,15,0,1246.17
0,12,0,0,0,0,6,25,11,1,-1,0,1,0,0,0,0,-1,0,12,0,0,7,0,661.14
1,5,7,0,2,5,2,22,48,1,-1,0,28,0,0,2,0,-1,1,10,4,0,12,0,2637.98
0,14,0,0,0,0,21,3,1,0,-1,0,0,0,0,0,0,-1,0,19,0,0,26,0,530.69
2,9,73,0,2,6,9,31,120,2,-1,0,29,1,0,2,0,-1,0,4,2,12,4,0,2457.31
21,4,55,0,6,38,4,36,123,4,-1,0,29,1,7,1,0,-1,0,7,3,2,9,2,2726.56
6,4,38,10,30,35,9,17,164,3,-1,1,57,7,1,0,16,-1,0,4,30,49,11,6,3962.42
21,1,78,12,2,36,7,26,154,10,-1,4,35,1,6,8,0,-1,4,6,8,18,11,0,3528.98
0,12,4,0,0,0,13,15,58,2,-1,0,4,0,0,0,0,-1,0,4,0,1,5,0,1522.11
0,12,0,0,0,0,12,0,1,0,-1,0,0,0,0,0,0,-1,0,21,0,0,23,0,192.45
6,0,58,4,2,24,7,27,128,5,-1,4,60,0,1,2,0,-1,2,7,6,2,12,0,3392.54
6,4,62,16,11,15,9,19,148,4,-1,0,66,1,0,0,0,-1,1,4,52,32,11,0,2515.19
0,11,0,0,0,0,5,24,10,0,-1,0,1,0,0,0,0,-1,0,12,1,0,8,0,617.01
0,8,3,0,1,0,3,35,41,3,-1,0,18,0,0,0,0,-1,0,9,0,0,7,0,1900.78
0,10,0,0,0,0,7,5,1,0,-1,0,0,0,0,0,0,-1,0,17,0,0,18,0,235.01
53,4,64,8,1,26,5,30,187,3,-1,0,26,0,4,3,8,-1,0,5,5,34,8,2,3609.53
1,5,0,0,0,1,12,13,21,0,-1,0,1,0,0,0,0,-1,0,10,1,0,17,0,1780.43
0,8,0,0,0,0,5,13,4,0,-1,0,0,0,0,0,0,-1,0,15,0,0,16,0,444.1
0,3,1,0,1,1,5,23,33,1,-1,0,9,0,0,0,0,-1,0,11,1,0,14,0,1249.92
0,7,0,0,0,0,3,12,21,1,-1,0,5,0,0,0,0,-1,0,13,0,0,14,0,571.34
0,18,0,0,0,0,12,2,0,0,-1,0,0,0,0,0,0,-1,0,17,0,0,11,0,303.56
0,17,0,0,0,0,13,1,0,0,-1,0,0,0,0,0,0,-1,0,24,0,0,24,0,254.7
0,12,0,0,0,0,6,4,3,0,-1,0,0,0,0,0,0,-1,0,17,0,0,16,0,1157.65
0,6,0,0,0,0,12,8,11,0,-1,0,0,0,0,0,0,-1,0,14,0,0,20,0,578.46
0,14,0,0,0,0,9,26,8,0,-1,0,0,0,0,0,0,-1,0,11,0,0,4,0,247.2
0,17,0,0,0,0,11,6,2,0,-1,0,0,0,0,0,0,-1,0,15,0,0,7,0,207.48
0,9,0,0,1,0,16,5,3,0,-1,0,1,0,0,0,0,-1,0,12,0,0,20,0,224.89
0,10,50,0,2,2,11,18,93,1,-1,0,18,0,0,1,0,-1,0,2,3,2,5,0,1701.48
0,5,5,0,1,5,2,16,38,2,-1,0,14,0,0,0,0,-1,0,11,4,0,12,0,2399.37
0,13,0,0,0,0,20,3,1,0,-1,0,0,0,0,0,0,-1,0,17,0,0,25,0,714.86
0,5,0,0,0,0,7,12,13,0,-1,0,1,0,0,0,0,-1,0,13,0,0,16,0,1048.29
0,13,0,0,0,0,11,1,1,0,-1,0,0,0,0,0,0,-1,0,21,0,0,22,0,190.3
0,12,0,0,0,0,9,2,0,0,-1,0,0,0,0,0,0,-1,0,19,0,0,20,0,185.46
0,12,1,0,0,0,12,18,35,1,-1,0,2,0,0,0,0,-1,1,6,0,0,3,0,2174.49
0,10,0,0,0,0,14,2,5,0,-1,0,0,0,0,0,0,-1,0,17,0,0,23,0,945.02
0,9,0,0,0,0,13,2,5,0,-1,0,0,0,0,0,0,-1,0,17,0,0,22,0,211.36
0,10,29,0,0,1,13,16,74,4,-1,0,11,0,0,1,0,-1,2,2,2,1,7,0,1710.73
0,1,2,0,0,1,8,26,50,0,-1,0,22,0,0,0,0,-1,0,9,0,0,15,0,1308.25
0,12,0,0,0,0,19,3,1,0,-1,0,0,0,0,0,0,-1,0,16,0,0,24,0,735.62
0,20,0,0,0,0,15,1,2,0,-1,0,0,0,0,0,0,-1,0,17,0,0,9,0,199.0
0,9,0,0,0,0,14,2,5,0,-1,0,0,0,0,0,0,-1,0,17,0,0,22,0,265.98
0,8,0,0,1,0,2,16,20,0,-1,0,5,0,0,0,0,-1,0,13,2,0,13,0,571.53
0,10,1,0,0,1,4,28,18,0,-1,0,0,0,0,0,0,-1,0,11,2,0,8,0,1584.08
33,5,83,0,1,43,5,32,175,6,-1,0,30,1,4,5,4,-1,3,5,5,18,8,0,3590.2
0,6,0,0,0,1,13,12,15,1,-1,0,2,0,0,0,0,-1,0,11,1,0,18,0,1838.43
0,13,0,0,0,0,15,0,1,0,-1,0,0,0,0,0,0,-1,0,22,0,0,25,0,135.32
0,11,0,0,0,0,4,9,7,0,-1,0,1,0,0,0,0,-1,0,15,0,0,14,0,1079.05
0,9,0,0,0,0,16,5,3,0,-1,0,0,0,0,0,0,-1,0,14,0,0,21,0,591.1
2,3,0,0,0,1,10,20,44,0,-1,0,6,0,0,2,0,-1,0,9,0,0,15,0,1249.03
0,18,0,0,0,0,13,5,2,0,-1,0,0,0,0,0,0,-1,0,15,0,0,7,0,204.69
0,17,0,0,0,0,18,2,7,0,-1,0,0,0,0,0,0,-1,0,9,0,0,7,0,355.73
0,16,0,0,0,0,8,4,1,0,-1,0,0,0,0,0,0,-1,0,17,0,0,12,0,424.09
0,18,0,0,0,0,17,1,7,0,-1,0,0,0,0,0,0,-1,0,10,0,0,6,0,394.89
0,2,9,0,0,6,9,24,66,1,-1,0,22,0,0,2,0,-1,0,8,0,0,14,0,1302.46
0,5,0,0,0,0,11,14,21,0,-1,0,3,0,0,0,0,-1,0,11,0,0,18,0,850.89
5,1,76,8,3,44,7,26,135,3,-1,0,42,1,3,4,0,-1,1,7,6,6,12,0,2702.21
0,15,0,0,0,0,19,0,0,0,-1,0,0,0,0,0,0,-1,0,23,0,0,28,0,201.11
0,13,0,0,0,0,12,0,1,0,-1,0,0,0,0,0,0,-1,0,21,0,0,23,0,267.43
0,19,0,0,0,0,13,2,1,0,-1,0,0,0,0,0,0,-1,0,17,0,0,9,0,112.4
0,12,0,0,0,0,5,19,6,0,-1,0,1,0,0,0,0,-1,0,13,1,0,9,0,413.71
45,4,46,8,1,30,6,28,194,9,-1,0,27,1,9,3,4,-1,0,5,16,40,8,2,4206.28
0,12,0,0,0,0,16,0,2,0,-1,0,0,0,0,0,0,-1,0,20,0,0,25,0,205.32
0,18,0,0,0,0,20,4,1,0,-1,0,1,0,0,0,0,-1,0,10,0,0,12,0,510.65
0,5,0,0,0,0,11,9,12,1,-1,0,0,0,0,0,0,-1,0,13,0,0,18,0,713.85
0,14,0,0,0,0,7,3,3,0,-1,0,0,0,0,0,0,-1,0,18,0,0,16,0,945.73
0,14,0,0,0,0,8,13,3,0,-1,0,0,0,0,0,0,-1,0,14,0,0,8,0,351.69
0,18,0,0,0,0,14,10,3,0,-1,0,0,0,0,0,0,-1,0,13,0,0,5,0,202.33
1,3,0,0,0,0,10,23,40,3,-1,0,6,0,0,0,0,-1,0,10,0,0,16,0,1341.42
0,7,0,0,0,0,13,10,13,0,-1,0,1,0,0,0,0,-1,0,13,0,0,20,0,568.08
0,14,0,0,0,0,8,2,1,0,-1,0,0,0,0,0,0,-1,0,19,0,0,17,0,1024.47
0,4,2,0,0,1,4,23,39,1,-1,0,21,1,0,0,0,-1,0,11,2,0,14,0,2437.67
0,9,0,0,0,0,3,13,14,0,-1,0,1,0,0,0,0,-1,0,15,0,0,14,0,416.37
0,12,0,0,0,0,9,2,0,0,-1,0,0,0,0,0,0,-1,0,19,0,0,21,0,201.73
0,15,0,0,0,0,23,1,0,0,-1,0,0,0,0,0,0,-1,0,17,0,0,25,0,193.53
0,11,0,0,0,0,5,24,10,0,-1,0,1,0,0,0,0,-1,0,12,1,0,8,0,445.42
0,13,0,0,0,0,8,26,9,0,-1,0,0,0,0,0,0,-1,0,11,0,0,5,0,1183.2
4,5,8,4,2,13,2,32,65,0,-1,0,56,3,2,2,0,-1,0,9,4,5,9,0,2464.71
1,9,0,0,1,0,2,16,20,1,-1,0,0,1,0,0,0,-1,0,13,3,0,11,0,1685.2
0,16,0,0,0,0,8,1,2,0,-1,0,0,0,0,0,0,-1,0,18,0,0,14,0,881.08
0,6,0,0,0,0,2,14,23,2,-1,0,6,0,0,0,0,-1,0,12,0,0,13,0,1305.99
0,5,0,0,0,1,12,13,19,0,-1,0,2,0,0,0,0,-1,0,11,1,0,18,0,1893.3
0,11,0,0,0,0,7,5,0,0,-1,0,0,0,0,0,0,-1,0,18,0,0,18,0,448.51
0,12,3,0,0,1,14,12,28,0,-1,0,3,0,0,1,0,-1,0,3,0,0,8,0,897.35
1,11,0,0,0,0,8,38,25,0,-1,0,4,0,0,1,0,-1,0,8,0,0,2,0,613.86
0,15,0,0,0,0,12,15,8,0,-1,0,0,0,0,0,0,-1,0,10,0,0,2,0,465.99
0,6,0,0,0,0,11,8,11,1,-1,0,0,0,0,0,0,-1,0,13,0,0,19,0,589.85
0,12,0,0,0,1,5,5,7,0,-1,0,0,0,0,0,0,-1,0,15,1,0,12,0,1142.07
1,13,1,0,0,0,16,13,13,0,-1,0,0,0,0,0,0,-1,0,5,0,1,9,0,804.61
10,6,32,24,4,35,7,23,175,10,-1,0,56,0,1,4,8,-1,3,3,14,58,6,2,5125.89
0,11,1,0,0,0,5,26,12,0,-1,0,1,0,0,0,0,-1,0,12,1,0,8,0,642.53
13,7,17,48,39,12,10,18,173,17,-1,6,55,9,1,8,24,-1,15,1,29,38,7,17,6366.91
0,15,0,0,0,0,21,3,0,0,-1,0,0,0,0,0,0,-1,0,20,0,0,27,0,530.61
0,18,0,0,0,0,13,4,2,0,-1,0,0,0,0,0,0,-1,0,16,0,0,8,0,229.51
5,8,53,20,15,11,10,17,147,10,-1,1,38,7,3,8,0,-1,3,1,30,29,6,3,2763.15
0,16,0,0,0,0,12,1,0,0,-1,0,0,0,0,0,0,-1,0,23,0,0,23,0,94.8
0,14,0,0,0,0,8,21,5,0,-1,0,0,0,0,0,0,-1,0,12,0,0,6,0,618.33
0,12,1,0,0,0,14,15,39,2,-1,0,3,0,0,0,0,-1,0,4,0,1,6,0,721.28
10,5,82,4,1,37,5,31,162,5,-1,0,53,0,5,2,0,-1,2,6,3,11,7,0,3422.11
0,14,1,0,0,0,14,15,26,0,-1,0,0,0,0,0,0,-1,0,6,0,1,4,0,434.07
30,5,65,4,0,46,5,31,185,3,-1,0,32,1,4,4,0,-1,2,5,7,34,8,0,3332.64
1,9,70,0,2,6,11,20,108,2,-1,4,21,1,0,2,0,-1,1,2,9,13,5,0,2296.06
41,3,78,8,4,17,5,30,177,13,-1,0,28,0,15,5,4,-1,3,6,7,21,9,3,3075.99
1,10,6,0,0,1,7,38,48,2,-1,0,12,0,0,1,0,-1,1,7,0,0,3,0,1536.12
1,9,75,0,5,6,11,19,118,3,-1,0,19,0,0,1,0,-1,0,1,11,13,6,0,2005.86
0,6,5,0,4,4,1,21,38,1,-1,0,16,0,0,0,0,-1,0,11,1,0,11,0,1990.41
0,11,1,0,0,1,7,35,22,0,-1,0,3,0,0,1,0,-1,0,8,0,0,3,0,1367.1
0,7,0,0,0,0,5,11,8,0,-1,0,0,0,0,0,0,-1,0,14,0,0,16,0,864.74
0,14,0,0,0,0,9,24,6,0,-1,0,0,0,0,0,0,-1,0,12,0,0,5,0,627.98
0,19,0,0,0,0,11,0,0,0,-1,0,0,0,0,0,0,-1,0,20,0,0,15,0,153.73
0,8,8,0,0,4,3,34,48,3,-1,0,26,0,0,0,0,-1,1,8,4,1,7,1,2022.23
0,5,0,0,0,0,4,15,23,0,-1,0,6,0,0,0,0,-1,0,12,1,0,14,0,1188.43
0,6,0,0,0,0,5,12,9,0,-1,0,1,0,0,0,0,-1,0,14,0,0,16,0,944.5
0,15,0,0,0,0,14,0,1,0,-1,0,0,0,0,0,0,-1,0,23,0,0,25,0,189.41
0,13,0,0,0,0,7,3,0,0,-1,0,0,0,0,0,0,-1,0,19,0,0,18,0,178.12
0,8,0,0,0,0,15,5,7,0,-1,0,1,0,0,0,0,-1,0,10,1,0,18,0,199.98
0,6,0,0,0,0,12,11,12,0,-1,0,1,0,0,0,0,-1,0,13,0,0,19,0,696.99
0,16,0,0,0,0,9,5,1,0,-1,0,0,0,0,0,0,-1,0,17,0,0,11,0,347.34
1,11,0,0,0,0,9,32,25,0,-1,0,1,0,0,0,0,-1,0,7,0,0,2,0,1478.83
0,17,0,0,0,0,10,3,1,0,-1,0,0,0,0,0,0,-1,0,17,0,0,11,0,266.95
13,4,19,4,6,15,3,35,90,2,-1,0,51,1,2,1,0,-1,1,8,4,3,10,0,2786.45
0,18,0,0,0,0,11,0,1,0,-1,0,0,0,0,0,0,-1,0,21,0,0,17,0,148.08
13,3,37,4,6,31,4,32,112,6,-1,0,38,1,9,1,0,-1,3,8,5,3,10,0,2939.86
35,3,72,8,5,20,6,29,177,13,-1,0,28,1,17,7,0,-1,3,6,6,26,10,3,3456.22
0,13,0,0,0,0,8,27,9,0,-1,0,0,0,0,0,0,-1,0,11,0,0,5,0,271.01
0,8,0,0,0,0,15,6,4,0,-1,0,1,1,0,0,0,-1,0,11,0,0,19,0,230.95
6,6,10,0,3,7,2,33,62,0,-1,0,59,2,0,1,0,-1,0,9,3,2,9,0,2587.49
0,11,8,0,0,1,14,16,48,2,-1,0,6,0,0,1,0,-1,0,3,0,1,7,1,993.14
0,15,0,0,0,0,9,3,1,0,-1,0,0,0,0,0,0,-1,0,21,0,0,19,0,1207.49
0,5,4,0,2,6,2,17,40,0,-1,0,17,0,0,1,0,-1,1,11,1,0,12,0,2373.93
0,9,0,0,0,0,4,11,7,0,-1,0,0,0,0,0,0,-1,0,15,0,0,15,0,395.38
1,6,0,0,0,0,14,9,15,0,-1,0,2,0,0,0,0,-1,0,10,1,0,17,0,1708.88
1,10,6,0,0,1,7,38,48,2,-1,0,11,0,0,1,0,-1,1,7,0,0,3,0,700.96
0,10,0,0,0,0,12,0,2,0,-1,0,0,0,0,0,0,-1,0,19,0,0,22,0,171.83
0,12,0,0,0,0,5,5,6,0,-1,0,1,0,0,0,0,-1,0,16,0,0,14,0,1339.14
0,11,0,0,0,0,6,5,3,0,-1,0,0,0,0,0,0,-1,0,17,0,0,17,0,407.2
5,1,58,0,1,6,8,25,110,0,-1,0,67,0,0,1,0,-1,1,7,3,1,13,0,1485.55
0,13,0,0,0,0,14,16,29,0,-1,0,2,0,0,0,0,-1,0,4,0,2,6,0,965.05
0,11,0,0,0,1,5,25,10,0,-1,0,0,0,0,0,0,-1,0,12,1,0,8,0,1514.68
0,13,1,0,0,0,13,15,27,0,-1,0,0,0,0,0,0,-1,0,6,0,1,3,0,598.21
6,3,75,4,3,9,9,21,129,1,-1,0,67,0,0,1,4,-1,1,6,12,12,12,0,2592.12
0,10,0,0,0,0,12,0,1,0,-1,0,0,0,0,0,0,-1,0,18,0,0,22,0,142.97
0,12,0,0,1,1,5,19,11,0,-1,0,0,0,0,0,0,-1,0,13,0,0,9,0,1554.23
0,6,0,0,0,0,11,6,11,1,-1,0,0,0,0,0,0,-1,0,14,0,0,19,0,722.45
11,7,67,20,4,13,7,24,162,12,-1,0,72,0,2,7,4,-1,3,4,6,33,5,3,3647.97
0,18,0,0,0,0,12,5,1,0,-1,0,0,0,0,0,0,-1,0,16,0,0,9,0,115.69
0,13,0,0,0,0,20,2,1,0,-1,0,0,0,0,0,0,-1,0,16,0,0,24,0,178.54
0,17,0,0,0,0,17,2,7,0,-1,0,0,0,0,0,0,-1,0,9,0,0,7,0,360.34
0,9,0,0,0,0,13,2,5,0,-1,0,0,0,0,0,0,-1,0,17,0,0,22,0,266.25
13,3,14,0,5,12,4,28,86,0,-1,0,54,1,1,0,0,-1,0,8,5,2,11,0,2755.16
0,16,0,0,0,0,11,14,3,0,-1,0,0,0,0,0,0,-1,0,13,0,0,6,0,219.35
0,10,0,0,2,0,3,15,19,2,-1,0,0,0,1,0,0,-1,0,13,1,0,11,0,1137.81
2,5,10,0,0,1,12,13,55,1,-1,0,11,0,0,0,0,-1,0,7,0,0,14,0,2238.45
0,18,0,0,0,0,20,4,1,0,-1,0,1,0,0,0,0,-1,0,10,0,0,11,0,464.77
0,11,18,0,0,1,11,17,83,0,-1,0,11,0,0,0,4,-1,0,4,3,0,4,0,2593.15
0,16,1,0,0,0,17,11,7,0,-1,0,1,0,0,0,0,-1,0,8,0,0,8,0,492.85
19,3,49,4,6,36,4,35,119,4,-1,0,30,1,10,1,0,-1,2,7,4,2,10,3,2558.94
2,8,52,0,0,9,7,36,101,0,-1,0,27,0,0,0,0,-1,0,5,2,4,4,0,2984.25
0,17,0,0,0,0,10,2,1,0,-1,0,0,0,0,0,0,-1,0,18,0,0,12,0,224.2
23,5,51,12,1,50,6,30,184,3,-1,0,36,0,5,3,0,-1,4,5,7,48,7,0,3725.67
0,15,2,0,0,0,16,14,18,0,-1,0,1,0,0,0,0,-1,0,6,0,0,7,0,700.25
0,12,0,0,0,0,14,0,1,0,-1,0,0,0,0,0,0,-1,0,21,0,0,24,0,138.79
0,4,0,0,0,0,8,17,25,0,-1,0,1,0,0,0,0,-1,0,12,0,0,16,0,1093.64
0,16,1,0,0,0,17,11,9,0,-1,0,1,0,0,0,0,-1,0,8,0,0,8,0,535.59
0,8,1,0,3,1,1,19,25,0,-1,0,4,0,0,0,0,-1,0,12,1,0,11,0,555.6
4,4,28,56,51,36,9,17,171,14,-1,0,56,6,4,1,13,-1,5,4,13,44,10,4,2999.39
7,1,79,4,2,46,8,24,142,7,-1,4,39,2,0,6,8,-1,3,6,6,14,12,0,2746.43
3,2,43,0,0,5,9,22,102,1,-1,0,57,0,1,3,0,-1,0,7,3,0,13,0,1440.16
1,13,1,0,0,0,16,13,13,0,-1,0,0,0,0,0,0,-1,0,5,0,1,9,0,777.68
0,11,0,0,0,0,14,0,2,0,-1,0,0,0,0,0,0,-1,0,20,0,0,24,0,111.88
19,3,15,4,4,12,4,29,101,1,-1,0,49,1,1,1,0,-1,1,8,7,5,11,0,2853.54
0,14,0,0,0,0,11,19,10,1,-1,0,0,0,0,0,0,-1,0,11,0,0,3,0,266.37
5,6,64,0,0,11,5,37,123,0,-1,0,73,0,1,0,0,-1,0,6,4,8,6,0,3171.03
0,14,0,0,0,0,10,2,0,0,-1,0,0,0,0,0,0,-1,0,21,0,0,21,0,193.02
0,3,0,0,0,0,9,20,29,1,-1,0,2,0,0,0,0,-1,0,11,0,0,16,0,1117.75
13,6,75,8,1,38,6,29,167,2,-1,0,53,0,2,2,4,-1,1,5,5,31,7,2,3498.98
0,6,0,0,0,0,11,7,11,1,-1,0,0,0,0,0,0,-1,0,14,0,0,19,0,1093.79
0,9,0,0,0,0,7,3,1,0,-1,0,0,0,0,0,0,-1,0,16,0,0,18,0,208.13
0,17,0,0,0,0,11,4,1,0,-1,0,0,0,0,0,0,-1,0,17,0,0,10,0,319.06
0,13,0,0,0,0,10,2,0,0,-1,0,0,0,0,0,0,-1,0,20,0,0,21,0,110.39
0,16,0,0,0,0,12,1,0,0,-1,0,0,0,0,0,0,-1,0,23,0,0,22,0,114.92
0,10,0,0,0,0,15,1,4,0,-1,0,0,0,0,0,0,-1,0,18,0,0,23,0,288.12
0,19,0,0,0,0,15,5,2,0,-1,0,0,0,0,0,0,-1,0,15,0,0,7,0,202.66
1,15,1,0,0,0,17,13,10,0,-1,0,0,0,0,0,0,-1,0,6,0,0,9,0,571.4
0,18,0,0,0,0,12,2,0,0,-1,0,0,0,0,0,0,-1,0,17,0,0,10,0,119.47
2,1,23,4,1,26,6,27,91,5,-1,4,53,1,0,2,0,-1,1,8,4,2,12,0,2907.65
0,16,1,0,0,0,16,6,10,0,-1,0,0,0,0,0,0,-1,0,8,0,0,5,0,465.95
0,16,0,0,0,0,12,11,7,0,-1,0,0,0,0,0,0,-1,0,12,0,0,4,0,216.96
0,13,0,0,0,0,8,3,0,0,-1,0,0,0,0,0,0,-1,0,19,0,0,18,0,176.9
0,12,0,0,0,0,5,6,6,0,-1,0,1,0,0,0,0,-1,0,16,0,0,15,0,844.65
0,13,0,0,0,0,9,24,12,1,-1,0,1,0,0,0,0,-1,0,9,0,0,2,0,269.7
0,1,4,0,1,1,7,29,62,3,-1,0,57,0,0,0,0,-1,0,9,2,0,14,0,1312.59
0,15,0,0,0,0,10,14,5,0,-1,0,0,0,0,0,0,-1,0,13,0,0,7,0,282.99
0,15,0,0,0,0,8,1,2,0,-1,0,0,0,0,0,0,-1,0,18,0,0,14,0,839.45
4,6,81,4,0,11,5,35,130,3,-1,0,77,0,3,0,0,-1,1,6,3,6,6,0,3202.34
0,13,0,0,0,0,6,5,7,0,-1,0,1,0,0,0,0,-1,0,16,0,0,14,0,851.14
0,13,0,0,0,0,9,3,0,0,-1,0,0,0,0,0,0,-1,0,20,0,0,19,0,177.65
0,17,0,0,0,0,10,0,1,0,-1,0,0,0,0,0,0,-1,0,19,0,0,14,0,172.08
0,15,0,0,0,0,14,0,1,1,-1,0,0,0,0,0,0,-1,0,23,0,0,25,0,138.89
0,4,0,0,0,0,10,17,25,1,-1,0,2,0,0,0,0,-1,0,11,0,0,17,0,1075.42
0,16,0,0,0,0,12,12,3,1,-1,0,0,0,0,0,0,-1,0,13,0,0,5,0,279.45
0,15,0,0,0,0,9,3,1,0,-1,0,0,0,0,0,0,-1,0,21,0,0,20,0,1033.73
0,15,0,0,0,0,12,12,9,0,-1,0,0,0,0,0,0,-1,0,10,0,0,2,0,562.76
5,5,48,20,47,9,10,14,145,7,-1,0,66,5,1,0,8,-1,3,3,18,39,11,1,3794.31
0,16,0,0,0,0,12,12,3,1,-1,0,0,0,0,0,0,-1,0,13,0,0,5,0,267.34
0,12,0,0,0,0,5,5,6,0,-1,0,1,0,0,0,0,-1,0,16,0,0,14,0,957.92
0,21,0,0,0,0,14,0,0,0,-1,0,0,0,0,0,0,-1,0,23,0,0,18,0,187.7
0,6,0,0,0,0,2,13,26,2,-1,0,8,0,0,0,0,-1,0,12,1,0,13,0,1827.12
0,12,0,0,0,1,9,32,14,0,-1,0,1,0,0,0,0,-1,0,8,0,0,2,0,1275.69
0,18,0,0,0,0,11,0,1,0,-1,0,0,0,0,0,0,-1,0,19,0,0,13,0,1107.11
0,14,0,0,0,0,8,18,3,0,-1,0,0,0,0,0,0,-1,0,13,0,0,8,0,577.12
0,14,0,0,0,0,9,25,7,0,-1,0,0,0,0,0,0,-1,0,11,0,0,4,0,254.92
0,10,0,0,0,0,4,9,7,0,-1,0,1,0,0,0,0,-1,0,15,0,0,15,0,447.86
0,9,0,0,0,0,4,10,5,0,-1,0,0,0,0,0,0,-1,0,15,0,0,15,0,394.45
0,8,0,0,0,0,15,7,4,0,-1,0,0,0,0,0,0,-1,0,14,1,0,21,0,1796.69
0,12,0,0,0,0,10,1,1,0,-1,0,0,0,0,0,0,-1,0,19,0,0,21,0,203.58
0,18,0,0,0,0,11,0,1,0,-1,0,0,0,0,0,0,-1,0,20,0,0,15,0,1129.95
3,9,72,0,6,6,11,19,124,3,-1,0,22,1,0,1,0,-1,0,1,14,23,6,0,2724.13
0,19,0,0,0,0,12,1,1,0,-1,0,0,0,0,0,0,-1,0,19,0,0,13,0,222.81
0,17,0,0,0,0,11,6,2,0,-1,0,0,0,0,0,0,-1,0,15,0,0,7,0,204.33
12,7,26,36,9,17,8,28,173,17,-1,4,59,4,0,11,4,-1,5,2,38,44,6,6,7633.19
1,7,9,0,3,8,2,40,57,3,-1,0,41,0,0,0,0,-1,0,9,5,1,8,1,2010.83
7,8,49,16,14,12,9,22,157,13,-1,12,48,2,1,7,4,-1,4,1,22,40,6,5,5384.02
0,5,0,0,0,0,11,14,21,0,-1,0,2,0,0,0,0,-1,0,12,0,0,18,0,1027.23
0,14,0,0,0,0,7,7,4,0,-1,0,1,0,0,0,0,-1,0,15,0,0,11,0,437.77
16,5,72,4,1,53,5,28,177,3,-1,0,39,0,3,1,4,-1,1,5,5,32,7,1,3881.24
15,6,17,56,19,22,8,25,182,18,-1,11,59,2,4,14,12,-1,18,2,53,24,7,11,4321.59
0,11,0,0,0,1,4,7,7,0,-1,0,0,0,0,0,0,-1,0,15,2,0,13,0,1479.28
5,1,78,4,2,45,8,24,140,6,-1,4,40,2,0,6,8,-1,3,6,6,14,12,0,4293.99
1,6,0,0,0,0,13,9,14,0,-1,0,2,0,0,0,0,-1,0,9,1,0,17,0,229.13
0,10,0,0,0,0,15,1,4,0,-1,0,0,0,0,0,0,-1,0,18,0,0,24,0,801.06
0,3,69,4,1,9,10,20,111,2,-1,0,60,0,1,2,4,-1,0,6,8,8,13,0,2390.07
0,14,2,0,0,1,16,13,10,0,-1,0,0,0,0,0,0,-1,0,6,0,0,8,0,576.9
0,10,0,0,0,0,12,0,1,0,-1,0,0,0,0,0,0,-1,0,19,0,0,22,0,153.46
0,11,25,0,0,0,12,18,78,2,-1,0,10,0,0,1,0,-1,0,3,2,0,5,1,1665.03
0,15,0,0,0,0,22,3,0,0,-1,0,0,0,0,0,0,-1,0,18,0,0,26,0,621.59
0,17,0,0,0,0,11,6,1,0,-1,0,0,0,0,0,0,-1,0,15,0,0,8,0,750.21
0,13,0,0,0,0,6,9,5,0,-1,0,1,0,0,0,0,-1,0,15,1,0,11,0,455.15
4,4,57,20,13,29,9,19,156,3,-1,0,56,1,2,0,4,-1,0,4,52,36,11,1,3774.08
0,12,0,0,0,0,13,0,1,0,-1,0,0,0,0,0,0,-1,0,20,0,0,24,0,140.03
0,5,0,0,0,0,12,14,19,0,-1,0,3,0,0,0,0,-1,0,11,0,0,18,0,802.88
0,14,0,0,0,0,14,0,1,0,-1,0,0,0,0,0,0,-1,0,22,0,0,25,0,193.61
0,17,0,0,0,0,10,0,1,0,-1,0,0,0,0,0,0,-1,0,19,0,0,14,0,322.95
0,15,0,0,0,1,18,5,1,0,-1,0,0,0,0,0,0,-1,0,7,0,0,11,0,578.49
0,2,2,0,0,1,8,26,50,0,-1,0,21,0,0,0,0,-1,0,9,0,0,15,0,1367.78
0,16,0,0,0,0,15,0,1,0,-1,0,0,0,0,0,0,-1,0,24,0,0,26,0,189.29
0,13,0,0,0,0,7,22,5,0,-1,0,1,0,0,0,0,-1,0,13,0,0,8,0,558.72
0,17,0,0,0,0,12,9,3,0,-1,0,0,0,0,0,0,-1,0,14,0,0,7,0,219.14
0,7,3,0,3,1,1,33,40,0,-1,0,19,1,0,0,0,-1,0,10,4,1,9,0,2212.14
14,6,37,20,4,25,7,23,176,9,-1,0,64,0,1,5,4,-1,2,4,10,61,6,3,2909.01
0,7,0,0,0,0,15,7,4,0,-1,0,1,1,0,0,0,-1,0,11,0,0,19,0,240.47
0,7,0,0,0,0,14,6,12,1,-1,0,0,0,0,0,0,-1,0,14,0,0,21,0,555.91
0,10,18,0,0,2,10,24,80,0,-1,0,14,0,0,0,0,-1,0,5,2,1,2,0,2418.59
0,19,0,0,0,0,12,0,1,0,-1,0,0,0,0,0,0,-1,0,19,0,0,13,0,1125.07
0,17,0,0,0,0,10,0,1,0,-1,0,0,0,0,0,0,-1,0,19,0,0,14,0,1163.16
0,14,0,0,0,0,21,3,1,0,-1,0,0,0,0,0,0,-1,0,18,0,0,26,0,535.43
0,4,0,0,0,0,9,14,24,2,-1,0,1,0,0,0,0,-1,0,12,0,0,17,0,1074.18
0,10,6,0,0,0,8,38,45,1,-1,0,11,0,1,1,0,-1,0,7,0,0,2,0,739.43
0,14,0,0,0,0,7,6,4,0,-1,0,1,0,0,0,0,-1,0,16,0,0,11,0,378.15
5,7,45,0,0,5,5,35,95,4,-1,0,72,0,0,1,0,-1,1,6,0,7,6,0,2951.98
0,9,0,0,0,0,16,5,3,0,-1,0,1,0,0,0,0,-1,0,12,1,0,20,0,184.83
0,16,0,0,0,0,13,13,14,0,-1,0,0,0,0,0,0,-1,0,10,0,0,2,0,220.55
0,17,0,0,0,0,10,4,1,0,-1,0,0,0,0,0,0,-1,0,16,0,0,10,0,860.23
0,19,0,0,0,0,12,2,0,0,-1,0,0,0,0,0,0,-1,0,18,0,0,11,0,302.77
0,19,0,0,0,0,11,0,1,0,-1,0,0,0,0,0,0,-1,0,20,0,0,14,0,148.79
0,14,0,0,0,0,22,2,0,0,-1,0,0,0,0,0,0,-1,0,17,0,0,25,0,535.46
0,14,2,0,0,0,16,16,18,0,-1,0,1,0,0,0,0,-1,0,6,0,0,7,0,717.32
29,3,43,22,11,35,8,23,168,13,-1,8,39,2,2,5,4,-1,6,5,39,48,11,1,2340.88
28,3,52,20,5,21,6,28,189,5,-1,0,28,0,19,6,4,-1,2,5,12,43,9,2,3616.63
0,14,0,0,0,0,18,0,1,0,-1,0,0,0,0,0,0,-1,0,21,0,0,27,0,207.77
0,14,0,0,0,0,11,17,10,1,-1,0,0,0,0,0,0,-1,0,10,0,0,3,0,289.01
0,14,0,0,0,0,9,22,5,0,-1,0,0,0,0,0,0,-1,0,12,0,0,5,0,751.02
0,15,0,0,0,0,8,5,2,0,-1,0,0,0,0,0,0,-1,0,16,0,0,10,0,1151.79
0,18,0,0,0,0,12,5,2,0,-1,0,0,0,0,0,0,-1,0,16,0,0,8,0,94.38
0,13,0,0,0,0,13,0,1,0,-1,0,0,0,0,0,0,-1,0,21,0,0,24,0,219.62
0,8,0,0,0,0,15,7,4,0,-1,0,1,1,0,0,0,-1,0,11,0,0,19,0,238.29
0,12,0,0,0,1,5,6,7,0,-1,0,0,0,0,0,0,-1,0,16,1,0,13,0,1410.99
1,11,0,0,0,0,9,32,29,0,-1,0,1,0,0,0,0,-1,0,7,0,0,1,0,604.37
0,7,0,0,0,0,9,3,5,0,-1,0,0,0,0,0,0,-1,0,15,0,0,19,0,727.3
0,15,2,0,0,0,16,13,16,0,-1,0,1,0,0,0,0,-1,0,6,0,0,7,0,539.97
0,18,0,0,0,0,13,9,3,0,-1,0,0,0,0,0,0,-1,0,14,0,0,6,0,227.02
0,21,0,0,0,0,14,0,0,0,-1,0,0,0,0,0,0,-1,0,23,0,0,18,0,187.55
0,6,3,0,3,0,1,18,35,1,-1,0,20,0,0,0,0,-1,0,11,2,0,12,0,1850.55
0,6,0,0,0,0,2,15,27,1,-1,0,9,0,0,0,0,-1,0,12,3,0,13,0,2030.3
1,12,3,0,0,0,14,12,27,0,-1,0,1,0,0,1,0,-1,0,4,0,0,8,0,877.09
0,15,0,0,0,0,8,3,1,0,-1,4,0,0,0,0,0,-1,0,18,0,0,15,0,1006.58
0,14,0,0,0,0,8,3,1,0,-1,0,0,0,0,0,0,-1,0,19,0,0,18,0,965.25
0,11,0,0,0,0,13,0,1,0,-1,0,0,0,0,0,0,-1,0,19,0,0,23,0,140.97
0,13,0,0,0,0,6,17,5,0,-1,0,1,0,0,0,0,-1,0,14,1,0,9,0,1657.97
0,20,0,0,0,0,13,0,1,0,-1,0,0,0,0,0,0,-1,0,23,0,0,18,0,146.59
1,15,0,0,0,0,18,6,1,0,-1,0,0,0,0,0,0,-1,0,7,0,0,11,0,599.22
0,3,0,0,0,0,10,19,29,4,-1,0,4,0,0,0,0,-1,0,11,0,0,17,0,1101.44
0,13,1,0,0,0,14,16,24,0,-1,0,1,0,0,0,0,-1,0,5,0,1,6,0,631.28
0,19,0,0,0,0,12,0,0,0,-1,0,0,0,0,0,0,-1,0,21,0,0,15,0,157.45
0,14,0,0,0,0,7,2,1,0,-1,0,0,0,0,0,0,-1,0,19,0,0,17,0,816.17
0,13,0,0,0,0,6,5,7,0,-1,0,1,0,0,0,0,-1,0,16,1,0,12,0,1262.02
0,19,0,0,0,0,12,2,0,0,-1,0,0,0,0,0,0,-1,0,19,0,0,12,0,256.99
1,10,0,0,2,0,3,10,14,0,-1,0,0,0,0,0,0,-1,0,14,0,0,12,0,417.46
1,3,6,0,3,7,4,24,71,4,-1,0,48,1,1,1,0,-1,0,10,3,1,12,0,2524.7
0,11,0,0,0,1,4,8,6,0,-1,0,0,0,0,0,0,-1,0,15,2,0,13,0,1497.75
0,13,0,0,0,0,12,0,1,0,-1,0,0,0,0,0,0,-1,0,21,0,0,23,0,190.7
0,12,4,0,0,0,13,16,50,1,-1,0,5,0,0,0,0,-1,0,4,0,0,6,0,1439.47
5,9,70,0,8,4,11,19,125,3,-1,0,22,1,0,1,0,-1,0,1,13,24,6,0,2211.83
0,12,0,0,0,0,16,0,2,0,-1,0,0,0,0,0,0,-1,0,20,0,0,25,0,208.29
0,13,0,0,0,0,6,14,5,1,-1,0,1,0,0,0,0,-1,0,14,1,0,10,0,392.76
0,10,4,0,0,2,6,35,27,2,-1,0,7,0,0,0,0,-1,1,8,0,0,4,0,834.99
0,9,0,0,0,0,3,13,13,0,-1,0,1,0,0,0,0,-1,0,15,0,0,14,0,417.01
0,15,0,0,0,0,11,16,8,0,-1,0,0,0,0,0,0,-1,0,10,0,0,2,0,253.63
0,4,0,0,0,0,10,16,25,0,-1,0,2,0,0,0,0,-1,0,11,0,0,17,0,628.18
0,11,0,0,0,1,4,8,10,0,-1,0,0,0,0,0,0,-1,0,15,2,0,13,0,1423.88
0,14,0,0,0,0,9,23,5,0,-1,0,0,0,0,0,0,-1,0,12,0,0,5,0,251.9
0,10,1,0,0,0,5,32,17,0,-1,0,2,0,0,0,0,-1,0,10,1,0,7,0,1810.67
0,13,0,0,0,0,6,16,5,0,-1,0,1,0,0,0,0,-1,0,14,1,0,9,0,421.42
0,19,0,0,0,0,12,0,1,0,-1,0,0,0,0,0,0,-1,0,22,0,0,18,0,149.39
9,6,22,28,6,28,8,22,176,10,-1,0,59,1,6,6,8,-1,9,3,35,49,6,7,6053.12
0,16,0,0,0,0,11,9,3,0,-1,0,0,0,0,0,0,-1,0,14,0,0,6,0,220.64
0,13,0,0,0,0,10,25,21,0,-1,0,1,0,0,0,0,-1,0,8,0,0,1,0,541.75
0,13,0,0,0,0,7,21,5,0,-1,0,1,0,0,0,0,-1,0,13,0,0,7,0,349.53
0,16,0,0,0,0,10,10,3,0,-1,0,0,0,0,0,0,-1,0,14,0,0,6,0,252.14
0,19,0,0,0,0,13,3,1,0,-1,0,0,0,0,0,0,-1,0,17,0,0,9,0,197.49
0,14,0,0,0,0,13,0,1,0,-1,0,0,0,0,0,0,-1,0,22,0,0,24,0,220.33
8,4,27,44,48,42,9,17,176,15,-1,0,48,6,3,1,14,-1,5,4,16,42,10,7,4414.29
0,18,0,0,0,0,13,10,3,1,-1,0,0,0,0,0,0,-1,0,14,0,0,6,0,275.26
0,12,0,0,0,0,5,5,6,0,-1,0,1,0,0,0,0,-1,0,16,0,0,14,0,1327.86
24,3,70,8,6,17,6,29,179,13,-1,0,32,1,25,9,0,-1,3,6,4,30,10,3,3430.08
1,4,0,0,0,1,12,16,28,0,-1,0,4,0,1,0,0,-1,0,9,0,0,16,0,666.31
0,18,0,0,0,0,11,2,1,0,-1,0,0,0,0,0,0,-1,0,18,0,0,12,0,312.76
41,4,81,12,2,35,5,32,176,7,-1,4,29,0,3,3,4,-1,3,6,6,20,8,3,3203.39
0,2,4,0,0,6,9,24,64,1,-1,0,21,0,1,1,0,-1,0,8,0,0,14,0,1266.33
0,15,0,0,0,0,9,12,5,0,-1,0,0,0,0,0,0,-1,0,14,0,0,7,0,299.05
0,9,1,0,2,0,2,16,22,1,-1,0,0,0,1,0,0,-1,0,12,2,0,10,0,1696.22
0,12,0,0,0,0,6,23,7,0,-1,0,1,0,0,0,0,-1,0,12,0,0,8,0,638.61
10,7,61,20,6,14,7,24,166,13,-1,0,71,0,2,6,4,-1,6,3,6,38,6,2,3191.56
0,16,1,0,0,0,17,11,9,0,-1,0,1,0,0,0,0,-1,0,7,0,0,8,0,555.38
0,19,0,0,0,0,12,0,1,0,-1,0,0,0,0,0,0,-1,0,22,0,0,18,0,168.81
5,1,75,8,3,47,7,26,136,3,-1,0,41,1,3,4,0,-1,2,7,6,8,12,0,3963.98
0,8,0,0,0,0,12,2,7,1,-1,0,0,0,0,0,0,-1,0,16,0,0,21,0,273.52
1,10,0,0,1,0,3,10,15,2,-1,0,0,0,0,0,0,-1,0,14,3,0,12,0,474.21
0,19,0,0,0,0,13,3,1,0,-1,0,0,0,0,0,0,-1,0,16,0,0,9,0,195.36
2,4,61,8,0,5,11,18,93,5,-1,0,39,0,0,0,0,-1,0,6,7,8,13,0,2727.83
0,15,0,0,0,0,10,19,5,0,-1,0,0,0,0,0,0,-1,0,13,0,0,6,0,343.09
0,14,0,0,0,0,12,1,1,0,-1,0,0,0,0,0,0,-1,0,21,0,0,23,0,191.81
0,11,0,0,0,1,8,36,18,0,-1,0,1,0,0,1,0,-1,0,8,0,0,3,0,568.1
0,12,0,0,0,0,6,25,13,0,-1,0,1,0,0,0,0,-1,0,11,0,0,7,0,675.62
0,16,0,0,0,0,11,2,0,0,-1,0,0,0,0,0,0,-1,0,22,0,0,21,0,89.3
0,12,0,0,0,1,9,33,16,0,-1,0,1,0,0,0,0,-1,0,8,0,0,2,0,530.27
0,15,0,0,0,1,19,5,1,0,-1,0,0,0,0,0,0,-1,0,7,0,0,12,0,594.82
0,3,0,0,0,0,9,18,27,0,-1,0,1,0,0,0,0,-1,0,11,0,0,17,0,1114.96
0,17,0,0,0,0,19,5,1,0,-1,0,1,0,0,0,0,-1,0,9,0,0,11,0,518.56
0,10,0,0,1,0,3,14,17,0,-1,0,0,1,0,0,0,-1,0,13,1,0,11,0,1261.24
3,2,47,0,0,6,9,22,103,1,-1,0,57,0,1,2,0,-1,0,7,3,0,13,0,1453.66
2,4,61,8,0,5,11,18,91,5,-1,0,39,0,0,0,0,-1,0,6,7,8,13,0,883.7
10,6,35,20,4,28,7,23,175,10,-1,0,63,0,1,5,4,-1,4,4,10,60,6,3,4881.58
0,14,0,0,0,0,9,3,0,0,-1,0,0,0,0,0,0,-1,0,20,0,0,19,0,969.73
0,1,5,0,1,1,7,29,62,3,-1,0,58,0,0,0,0,-1,0,9,3,0,14,0,2694.85
0,9,0,0,0,0,16,6,4,0,-1,0,0,0,0,0,0,-1,0,14,1,0,21,0,1520.61
0,15,0,0,0,0,8,5,2,0,-1,0,0,0,0,0,0,-1,0,16,0,0,10,0,1075.65
0,7,0,0,0,0,8,3,1,0,-1,0,0,0,0,0,0,-1,0,15,0,0,18,0,724.89
1,4,73,4,0,7,10,19,115,5,-1,0,59,0,1,1,4,-1,0,6,11,8,13,0,2350.79
0,9,0,0,0,0,5,10,5,0,-1,0,0,0,0,0,0,-1,0,15,0,0,16,0,368.88
0,13,0,0,0,0,6,7,5,0,-1,0,1,0,0,0,0,-1,0,15,1,0,11,0,406.33
0,7,0,0,0,1,14,8,9,0,-1,0,2,0,0,0,0,-1,0,9,0,0,17,0,257.96
0,12,8,0,0,0,13,16,53,1,-1,0,6,0,0,1,0,-1,0,3,0,0,6,0,743.71
0,13,0,0,0,0,6,22,5,0,-1,0,1,0,0,0,0,-1,0,13,0,0,8,0,325.34
0,12,0,0,0,0,6,21,6,0,-1,0,1,0,0,0,0,-1,0,13,1,0,9,0,354.08
0,15,0,0,0,0,11,1,0,0,-1,0,0,0,0,0,0,-1,0,22,0,0,22,0,196.27
0,14,0,0,0,0,11,1,0,0,-1,0,0,0,0,0,0,-1,0,21,0,0,22,0,193.99
0,17,0,0,0,0,13,10,3,1,-1,0,0,0,0,0,0,-1,0,13,0,0,5,0,260.42
29,3,67,12,4,17,6,30,179,10,-1,0,29,0,25,7,4,-1,2,6,7,32,9,1,3715.32
0,10,0,0,0,0,12,0,2,0,-1,0,0,0,0,0,0,-1,0,18,0,0,22,0,144.72
0,13,0,0,0,0,9,27,12,0,-1,0,1,0,0,0,0,-1,0,10,0,0,3,0,1171.53
0,18,0,0,0,0,12,2,0,0,-1,0,0,0,0,0,0,-1,0,17,0,0,9,0,105.43
0,18,0,0,0,0,10,0,1,0,-1,0,0,0,0,0,0,-1,0,20,0,0,16,0,164.33
0,13,1,0,0,0,13,15,28,1,-1,0,0,0,0,0,0,-1,1,6,0,0,3,0,472.71
0,12,1,0,0,0,11,20,30,0,-1,0,2,0,0,0,0,-1,0,6,0,0,1,0,2247.94
0,14,0,0,0,0,11,17,9,0,-1,0,0,0,0,0,0,-1,0,10,0,0,3,0,264.15
0,17,0,0,0,0,12,9,3,0,-1,0,0,0,0,0,0,-1,0,14,0,0,7,0,218.3
0,16,0,0,0,0,9,1,2,0,-1,0,0,0,0,0,0,-1,0,18,0,0,14,0,158.08
0,18,0,0,0,0,12,2,0,0,-1,0,0,0,0,0,0,-1,0,17,0,0,11,0,853.02
0,15,1,0,0,0,15,12,16,0,-1,0,0,0,0,0,0,-1,0,7,0,0,4,0,648.04
0,13,1,0,0,0,16,13,13,1,-1,0,0,0,1,0,0,-1,0,5,0,1,9,0,868.35
0,9,0,0,1,0,16,5,3,0,-1,0,1,0,0,0,0,-1,0,12,0,0,20,0,187.13
0,16,0,0,0,0,11,9,3,0,-1,0,0,0,0,0,0,-1,0,14,0,0,7,0,270.0
4,4,5,0,2,11,2,32,69,3,-1,0,52,1,3,0,4,-1,1,9,7,4,11,0,2692.52
0,10,0,0,0,0,18,4,2,0,-1,0,0,0,0,0,0,-1,0,14,1,0,22,0,216.05
0,11,0,0,0,0,15,1,2,0,-1,0,0,0,0,0,0,-1,0,19,0,0,24,0,252.09
0,7,0,0,0,0,2,16,22,1,-1,0,7,0,0,0,0,-1,0,13,3,0,13,0,1885.21
0,6,0,0,0,0,9,5,5,0,-1,0,0,0,0,0,0,-1,0,15,0,0,19,0,762.84
6,3,73,8,6,10,9,20,134,0,-1,0,66,0,0,0,0,-1,1,5,29,15,12,0,2269.83
37,3,76,12,4,22,5,34,151,2,-1,0,31,1,8,1,0,-1,2,7,8,6,10,3,2957.27
0,13,1,0,0,1,15,13,15,0,-1,0,0,0,0,0,0,-1,0,5,0,1,8,0,927.65
0,13,0,0,0,0,7,3,3,0,-1,0,0,0,0,0,0,-1,0,18,0,0,17,0,978.3
0,16,0,0,0,0,9,3,1,0,-1,0,0,0,0,0,0,-1,0,17,0,0,12,0,1135.78
0,18,0,0,0,0,18,1,7,0,-1,0,0,0,0,0,0,-1,0,10,0,0,7,0,381.87
1,6,0,0,0,0,14,9,15,0,-1,0,2,0,0,0,0,-1,0,10,1,0,17,0,222.05
0,17,0,0,0,0,11,4,0,0,-1,0,0,0,0,0,0,-1,0,16,0,0,9,0,743.89
1,12,3,0,0,0,15,12,24,0,-1,0,1,0,0,0,0,-1,0,4,0,0,8,0,867.55
0,13,0,0,0,0,20,2,1,0,-1,0,0,0,0,0,0,-1,0,16,0,0,24,0,167.52
0,15,0,0,0,0,10,22,4,0,-1,0,0,0,0,0,0,-1,0,12,0,0,5,0,219.55
0,10,0,0,0,0,4,8,7,0,-1,0,1,0,0,0,0,-1,0,16,0,0,15,0,1198.87
0,13,0,0,0,0,6,7,5,0,-1,0,1,0,0,0,0,-1,0,15,1,0,11,0,360.72
0,13,0,0,0,0,14,0,1,0,-1,0,0,0,0,0,0,-1,0,21,0,0,24,0,186.97
0,14,0,0,0,0,8,3,1,0,-1,0,0,0,0,0,0,-1,0,19,0,0,18,0,906.7
0,5,4,0,1,4,2,16,35,1,-1,0,14,0,0,0,0,-1,0,11,4,0,13,0,2167.49
0,8,0,0,0,0,5,14,4,0,-1,0,0,0,0,0,0,-1,0,15,0,0,16,0,834.74
0,4,0,0,0,0,10,19,27,3,-1,0,3,0,0,0,0,-1,0,11,0,0,17,0,1117.48
0,13,1,0,0,0,12,16,22,1,-1,0,1,0,0,0,0,-1,0,7,0,0,1,0,1128.26
0,15,0,0,0,0,8,2,2,0,-1,0,0,0,0,0,0,-1,0,17,0,0,13,0,330.86
5,2,68,4,3,32,8,22,142,1,-1,0,52,1,3,2,4,-1,1,5,16,30,12,0,2166.49
0,8,0,0,0,0,13,3,6,1,-1,0,0,0,0,0,0,-1,0,16,0,0,22,0,872.94
0,15,0,0,0,0,12,12,9,0,-1,0,0,0,0,0,0,-1,0,11,0,0,3,0,555.32
2,9,13,0,0,2,6,37,68,3,-1,0,20,0,0,0,0,-1,0,7,0,0,4,0,1663.04
0,6,0,0,0,0,12,11,13,0,-1,0,1,0,0,0,0,-1,0,13,0,0,19,0,574.21
4,1,76,4,3,45,7,25,136,2,-1,0,42,1,3,3,4,-1,1,7,6,6,12,0,2701.32
4,8,85,0,1,12,7,30,134,1,-1,0,54,0,0,1,0,-1,0,4,3,9,4,0,2559.34
0,11,1,0,0,0,6,32,16,0,-1,0,3,0,0,0,0,-1,0,10,0,0,6,0,680.4
0,17,0,0,0,0,18,5,2,0,-1,0,0,0,0,0,0,-1,0,9,0,0,9,0,456.38
0,11,19,4,0,1,12,17,86,0,-1,0,10,0,0,1,0,-1,0,3,3,1,4,1,863.23
7,6,29,4,1,16,3,35,103,2,-1,4,63,2,1,1,0,-1,0,7,4,3,8,1,2552.21
0,19,0,0,0,0,20,1,0,0,-1,0,0,0,0,0,0,-1,0,11,0,0,10,0,422.85
0,14,0,0,0,0,9,20,5,0,-1,0,0,0,0,0,0,-1,0,13,0,0,6,0,269.36
0,14,0,0,0,0,7,5,5,0,-1,0,1,0,0,0,0,-1,0,18,0,0,15,0,934.95
0,16,0,0,0,0,11,7,3,0,-1,0,0,0,0,0,0,-1,0,14,0,0,7,0,218.47
0,16,0,0,0,0,9,0,1,0,-1,0,0,0,0,0,0,-1,0,19,0,0,16,0,1020.4
7,6,21,0,1,15,3,35,82,0,-1,0,60,3,0,1,0,-1,2,8,4,2,8,0,2821.21
0,5,5,0,1,5,2,16,38,2,-1,0,18,0,0,0,0,-1,0,11,4,0,12,0,2219.02
2,3,75,4,1,9,10,20,116,4,-1,0,58,0,1,1,4,-1,0,6,11,9,12,0,2302.94
0,5,0,0,0,0,8,9,8,0,-1,0,0,0,0,0,0,-1,0,13,0,0,17,0,950.43
0,17,0,0,0,0,19,5,1,0,-1,0,1,0,0,0,0,-1,0,9,0,0,11,0,563.25
2,3,13,4,0,1,10,19,74,3,-1,0,15,0,1,1,0,-1,0,7,0,0,14,0,1277.67
0,14,0,0,0,0,12,1,1,0,-1,0,0,0,0,0,0,-1,0,22,0,0,23,0,190.89
0,15,0,0,0,0,8,2,1,0,-1,0,0,0,0,0,0,-1,0,17,0,0,12,0,383.75
0,18,0,0,0,0,10,0,1,0,-1,0,0,0,0,0,0,-1,0,19,0,0,14,0,1363.35
0,12,0,0,0,0,11,0,1,0,-1,0,0,0,0,0,0,-1,0,20,0,0,22,0,207.34
0,6,0,0,0,0,9,4,6,0,-1,0,0,0,0,0,0,-1,0,14,0,0,19,0,744.13
0,15,0,0,0,0,9,13,5,0,-1,0,0,0,0,0,0,-1,0,14,0,0,7,0,304.64
0,11,0,0,0,0,4,8,7,0,-1,0,1,0,0,0,0,-1,0,16,0,0,15,0,452.79
0,14,0,0,0,0,11,18,10,1,-1,0,1,0,0,0,0,-1,0,10,0,0,2,0,1124.3
0,13,0,0,0,0,7,3,1,0,-1,0,0,0,0,0,0,-1,0,19,0,0,17,0,1029.12
0,13,0,0,0,0,10,2,0,0,-1,0,0,0,0,0,0,-1,0,20,0,0,21,0,93.95
0,5,1,0,0,1,2,14,33,1,-1,0,16,0,0,0,0,-1,1,11,3,0,13,0,2404.8
0,14,2,0,0,0,16,15,18,0,-1,0,1,0,0,0,0,-1,0,6,0,0,6,0,526.08
0,11,0,0,0,0,9,2,0,0,-1,0,0,0,0,0,0,-1,0,19,0,0,21,0,203.43
0,14,0,0,0,0,14,0,1,1,-1,0,0,0,0,0,0,-1,0,22,0,0,25,0,152.73
0,18,0,0,0,0,11,0,1,0,-1,0,0,0,0,0,0,-1,0,21,0,0,18,0,164.47
0,2,0,0,0,0,8,21,35,0,-1,0,7,0,0,0,0,-1,0,10,0,0,15,0,1095.51
0,20,0,0,0,0,21,2,0,0,-1,0,0,0,0,0,0,-1,0,11,0,0,12,0,305.77
0,12,0,0,0,0,6,25,12,0,-1,0,1,0,0,0,0,-1,0,12,0,0,7,0,600.26
36,2,65,16,4,26,7,24,162,3,-1,4,38,0,5,12,4,-1,3,6,13,36,11,1,2060.46
0,17,0,0,0,0,13,11,3,1,-1,0,0,0,0,0,0,-1,0,13,0,0,5,0,262.96
7,6,40,0,2,7,4,36,97,2,-1,0,75,0,1,0,0,-1,1,7,2,5,7,0,2945.52
2,2,50,0,0,6,9,21,104,1,-1,0,56,0,1,1,0,-1,0,7,3,0,13,0,2427.18
9,2,71,4,3,26,9,20,140,1,-1,0,55,1,0,1,4,-1,2,5,16,24,12,0,2017.97
0,19,0,0,0,0,21,2,0,0,-1,0,0,0,0,0,0,-1,0,11,0,0,11,0,426.98
0,16,0,0,0,0,11,16,4,0,-1,0,0,0,0,0,0,-1,0,13,0,0,5,0,225.92
0,14,2,0,0,1,16,13,11,0,-1,0,0,0,0,0,0,-1,0,6,0,0,8,0,621.21
3,9,75,0,10,7,11,19,127,3,-1,0,19,0,1,0,0,-1,1,0,18,21,7,0,2478.83
38,4,54,8,2,21,6,28,191,7,-1,0,27,1,22,3,8,-1,2,5,8,41,9,1,3299.54
1,11,0,0,0,0,4,10,10,2,-1,0,0,1,0,0,0,-1,0,14,1,0,11,0,1070.8
0,10,6,0,0,0,8,38,50,1,-1,0,11,0,1,0,0,-1,0,6,0,0,2,0,1567.73
0,4,0,0,0,1,10,18,28,4,-1,0,3,0,0,0,0,-1,0,11,0,0,17,0,1316.89
0,7,0,0,1,1,14,10,12,0,-1,0,2,0,0,0,0,-1,0,10,0,0,18,0,213.63
0,14,0,0,0,0,9,3,0,0,-1,0,0,0,0,0,0,-1,0,20,0,0,20,0,95.43
0,14,1,0,0,0,14,14,23,0,-1,0,0,0,0,0,0,-1,0,6,0,1,4,0,569.94
0,18,0,0,0,0,11,1,1,0,-1,0,0,0,0,0,0,-1,0,19,0,0,13,0,1132.75
0,7,0,0,0,0,4,11,12,0,-1,0,0,0,0,0,0,-1,0,14,0,0,15,0,853.7
45,4,47,12,1,30,6,28,194,5,-1,0,26,1,9,4,4,-1,0,5,14,41,8,2,4169.2
0,13,0,0,0,0,13,0,1,0,-1,0,0,0,0,0,0,-1,0,21,0,0,24,0,176.29
0,13,0,0,0,0,9,27,12,0,-1,0,1,0,0,0,0,-1,0,10,0,0,3,0,292.18
0,0,13,0,2,7,7,29,80,1,-1,0,65,0,0,0,0,-1,0,9,4,0,13,0,1516.09
0,13,0,0,0,0,12,0,1,0,-1,0,0,0,0,0,0,-1,0,21,0,0,23,0,213.56
0,5,5,0,2,5,1,18,39,1,-1,0,18,0,0,0,0,-1,0,11,4,0,12,0,1396.17
0,15,0,0,0,0,12,15,12,0,-1,0,0,0,0,0,0,-1,0,10,0,0,2,0,480.88
1,11,0,0,0,0,4,15,13,1,-1,0,0,0,0,0,0,-1,0,13,1,0,10,0,1510.6
7,4,30,24,37,43,9,18,168,7,-1,1,46,7,3,1,16,-1,4,4,27,44,10,7,4181.66
0,15,0,0,0,0,9,3,1,0,-1,0,0,0,0,0,0,-1,0,20,0,0,19,0,102.49
0,11,0,0,0,1,4,6,6,0,-1,0,0,0,0,0,0,-1,0,15,1,0,13,0,1360.26
0,19,0,0,0,0,11,0,1,0,-1,0,0,0,0,0,0,-1,0,20,0,0,14,0,157.68
1,3,3,0,0,1,5,23,46,1,-1,0,26,0,0,0,0,-1,0,10,3,0,14,0,2326.72
0,18,0,0,0,0,11,1,1,0,-1,0,0,0,0,0,0,-1,0,18,0,0,13,0,1253.08
4,1,75,8,4,33,7,24,129,2,-1,4,51,0,4,4,0,-1,2,7,3,2,12,0,3311.15
0,19,0,0,0,0,18,1,6,0,-1,0,0,0,0,0,0,-1,0,11,0,0,8,0,441.58
0,5,0,0,0,0,6,13,17,0,-1,0,1,0,0,0,0,-1,0,13,1,0,16,0,1041.56
0,19,0,0,0,0,14,5,2,0,-1,0,0,0,0,0,0,-1,0,16,0,0,8,0,194.64
0,11,0,0,0,0,13,0,1,0,-1,0,0,0,0,0,0,-1,0,20,0,0,23,0,109.95
0,11,0,0,0,0,4,9,7,0,-1,0,1,0,0,0,0,-1,0,15,0,0,14,0,1385.28
0,3,0,0,0,0,9,20,31,1,-1,0,4,0,0,0,0,-1,0,11,0,0,16,0,1103.57
0,13,0,0,0,0,6,10,5,1,-1,0,1,0,0,0,0,-1,0,15,1,0,10,0,396.27
0,6,0,0,0,0,8,9,8,0,-1,0,0,0,0,0,0,-1,0,14,0,0,17,0,778.57
0,16,0,0,0,0,10,15,4,0,-1,0,0,0,0,0,0,-1,0,13,0,0,6,0,927.95
5,7,18,28,52,14,10,16,168,11,-1,1,53,9,4,10,16,-1,2,1,15,41,8,9,5725.91
0,11,0,0,0,0,18,3,2,0,-1,0,0,0,0,0,0,-1,0,16,0,0,23,0,734.14
0,18,0,0,0,0,12,6,1,0,-1,0,0,0,0,0,0,-1,0,16,0,0,8,0,114.33
0,14,0,0,0,0,7,3,4,0,-1,0,1,0,0,0,0,-1,0,17,0,0,13,0,1221.12
0,18,0,0,0,0,11,0,1,0,-1,0,0,0,0,0,0,-1,0,21,0,0,17,0,118.18
0,19,0,0,0,0,13,0,0,0,-1,0,0,0,0,0,0,-1,0,19,0,0,12,0,221.42
0,15,0,0,0,0,9,19,4,0,-1,0,0,0,0,0,0,-1,0,13,0,0,6,0,234.38
0,13,0,0,0,0,8,25,7,0,-1,0,0,0,0,0,0,-1,0,11,0,0,5,0,694.09
23,5,29,12,3,44,6,27,183,6,-1,4,41,0,5,6,4,-1,2,4,17,56,7,5,3280.16
1,15,0,0,0,0,18,6,1,0,-1,0,0,0,0,0,0,-1,0,7,0,0,11,0,598.05
0,12,0,0,0,0,10,29,20,0,-1,0,1,0,0,0,0,-1,0,8,0,0,1,0,581.22
0,4,0,0,0,0,9,13,23,1,-1,0,1,0,0,0,0,-1,0,12,0,0,17,0,1102.79
0,11,0,0,0,0,8,2,0,0,-1,0,0,0,0,0,0,-1,0,18,0,0,19,0,206.89
0,8,0,0,0,0,3,14,19,0,-1,0,1,0,0,0,0,-1,0,14,1,0,14,0,549.22
0,5,0,0,0,0,11,14,22,0,-1,0,2,0,0,0,0,-1,0,12,0,0,18,0,783.15
17,6,34,8,3,47,6,24,181,5,-1,4,42,0,6,8,12,-1,3,4,13,56,7,1,3682.48
0,18,0,0,0,0,12,6,3,0,-1,0,0,0,0,0,0,-1,0,15,0,0,7,0,267.48
0,10,0,0,0,1,3,9,12,1,-1,0,0,0,0,0,0,-1,0,15,1,0,13,0,1399.78
0,16,0,0,0,0,11,15,3,0,-1,0,0,0,0,0,0,-1,0,12,0,0,4,0,277.73
0,15,0,0,0,0,11,2,0,0,-1,0,0,0,0,0,0,-1,0,22,0,0,21,0,148.8
0,12,0,0,0,0,7,29,11,0,-1,0,1,0,0,0,0,-1,0,10,0,0,5,0,730.35
0,8,9,0,0,4,3,34,48,3,-1,0,28,0,0,0,0,-1,1,8,4,1,7,1,2339.26
1,9,1,0,2,0,1,17,23,0,-1,0,4,0,0,0,0,-1,0,12,2,0,11,0,1729.96
0,15,0,0,0,0,8,2,1,0,-1,0,0,0,0,0,0,-1,0,19,0,0,17,0,1029.02
0,14,0,0,0,0,13,0,1,1,-1,0,0,0,0,0,0,-1,0,22,0,0,24,0,259.28
0,19,0,0,0,0,12,2,0,0,-1,0,0,0,0,0,0,-1,0,18,0,0,12,0,299.99
0,19,0,0,0,0,12,0,1,0,-1,0,0,0,0,0,0,-1,0,22,0,0,17,0,175.81
0,11,0,0,0,0,9,1,1,0,-1,0,0,0,0,0,0,-1,0,18,0,0,20,0,201.81
3,9,72,0,3,5,11,19,122,1,-1,4,25,2,0,1,0,-1,1,1,13,19,6,0,2333.35
0,6,0,0,0,0,2,15,27,1,-1,0,9,0,0,0,0,-1,0,12,3,0,13,0,1301.04
0,17,0,0,0,0,12,12,3,1,-1,0,0,0,0,0,0,-1,0,13,0,0,5,0,287.57
0,9,0,0,0,0,2,13,15,0,-1,0,1,0,0,0,0,-1,0,14,3,0,13,0,432.78
0,12,0,0,0,0,5,5,7,0,-1,0,1,0,0,0,0,-1,0,16,0,0,14,0,1357.41
1,9,1,0,1,0,3,29,21,0,-1,0,1,0,0,0,0,-1,0,11,2,0,9,0,1794.32
24,3,54,20,6,19,6,28,181,8,-1,0,32,1,19,9,0,-1,2,5,11,40,9,4,3196.34
0,9,0,0,0,0,14,2,5,0,-1,0,0,0,0,0,0,-1,0,17,0,0,23,0,977.05
0,11,0,0,0,0,5,7,6,0,-1,0,1,0,0,0,0,-1,0,16,0,0,15,0,1338.1
0,9,0,0,0,0,13,2,4,0,-1,0,0,0,0,0,0,-1,0,17,0,0,22,0,295.66
1,2,1,0,0,0,9,27,50,0,-1,0,17,0,0,1,0,-1,0,9,0,0,15,0,1288.3
0,15,0,0,0,0,8,1,1,0,-1,0,0,0,0,0,0,-1,0,19,0,0,16,0,1023.97
0,4,0,0,0,0,11,17,26,3,-1,0,3,0,0,0,0,-1,0,11,0,0,17,0,803.11
0,10,0,0,0,0,7,4,1,0,-1,0,0,0,0,0,0,-1,0,17,0,0,18,0,396.72
0,13,0,0,0,0,20,3,1,0,-1,0,0,0,0,0,0,-1,0,17,0,0,25,0,573.57
0,15,2,0,0,0,16,12,10,0,-1,0,1,0,0,0,0,-1,0,7,0,0,7,0,702.45
0,13,1,0,0,0,16,13,13,1,-1,0,0,0,0,0,0,-1,0,5,0,0,9,0,877.71
0,15,0,0,0,0,7,3,4,0,-1,0,1,0,0,0,0,-1,0,17,0,0,13,0,1191.23
0,17,0,0,0,0,12,1,0,0,-1,0,0,0,0,0,0,-1,0,23,0,0,22,0,90.23
0,18,0,0,0,0,11,0,1,0,-1,0,0,0,0,0,0,-1,0,20,0,0,15,0,146.8
1,6,0,0,0,0,13,11,15,0,-1,0,2,0,0,0,0,-1,0,10,1,0,17,0,1869.08
0,9,1,0,1,0,4,35,36,0,-1,0,16,0,0,0,0,-1,0,9,0,1,7,0,1975.27
0,6,0,0,0,0,9,8,6,0,-1,0,0,0,0,0,0,-1,0,14,0,0,18,0,847.49
0,14,0,0,0,0,13,0,1,0,-1,0,0,0,0,0,0,-1,0,22,0,0,24,0,224.51
0,5,0,0,0,0,10,5,10,0,-1,0,0,0,0,0,0,-1,0,14,0,0,18,0,912.94
0,9,0,0,1,0,16,5,4,1,-1,0,0,0,0,0,0,-1,0,13,0,0,21,0,676.04
0,14,0,0,0,0,10,22,10,1,-1,0,0,0,0,0,0,-1,0,11,0,0,3,0,273.81
0,5,0,0,0,2,12,13,19,0,-1,0,1,0,0,0,0,-1,0,10,0,0,17,0,1166.52
0,12,0,0,0,1,5,5,7,0,-1,0,0,0,0,0,0,-1,0,15,1,0,13,0,1417.3
0,11,0,0,0,0,19,3,1,0,-1,0,0,0,0,0,0,-1,0,16,0,0,23,0,739.82
2,5,8,0,0,1,12,13,41,0,-1,0,7,0,0,0,0,-1,0,7,0,0,15,0,699.74
1,9,1,0,2,0,1,16,21,0,-1,0,4,0,0,0,0,-1,0,12,2,0,11,0,1767.9
0,6,0,0,0,0,13,10,13,0,-1,0,2,0,0,0,0,-1,0,13,0,0,19,0,640.03
0,18,0,0,0,0,11,3,1,0,-1,0,0,0,0,0,0,-1,0,17,0,0,10,0,875.96
0,20,0,0,0,0,22,2,0,0,-1,0,0,0,0,0,0,-1,0,11,0,0,12,0,282.68
0,15,0,0,0,0,10,2,0,0,-1,0,0,0,0,0,0,-1,0,21,0,0,21,0,105.55
0,21,0,0,0,0,22,0,0,0,-1,0,0,0,0,0,0,-1,0,13,0,0,11,0,416.62
0,14,0,0,0,0,7,7,4,0,-1,0,1,0,0,0,0,-1,0,15,0,0,11,0,1324.63
0,13,0,0,0,0,9,26,12,0,-1,0,1,0,0,0,0,-1,0,11,0,0,4,0,1195.18
0,15,0,0,0,0,12,12,10,0,-1,0,0,0,0,0,0,-1,0,10,0,0,2,0,258.41
0,12,0,0,1,1,5,12,7,0,-1,0,0,0,0,0,0,-1,0,14,0,0,10,0,1505.74
0,4,0,0,0,2,11,19,28,4,-1,0,4,0,0,1,0,-1,0,10,0,0,16,0,673.14
1,4,72,0,8,7,10,17,134,3,-1,0,65,0,1,3,12,-1,1,4,46,12,12,0,2432.5
0,16,0,0,0,0,11,9,3,0,-1,0,0,0,0,0,0,-1,0,14,0,0,7,0,249.13
0,15,0,0,0,0,15,0,1,0,-1,0,0,0,0,0,0,-1,0,24,0,0,26,0,119.11
0,17,0,0,0,0,13,11,7,0,-1,0,0,0,0,0,0,-1,0,12,0,0,4,0,266.42
0,19,0,0,0,0,13,3,1,0,-1,0,0,0,0,0,0,-1,0,17,0,0,9,0,162.27
0,16,0,0,0,0,14,12,14,0,-1,0,0,0,0,0,0,-1,0,10,0,0,3,0,432.21
0,13,0,0,0,0,8,3,0,0,-1,0,0,0,0,0,0,-1,0,19,0,0,19,0,106.9
0,18,0,0,0,0,11,0,1,0,-1,0,0,0,0,0,0,-1,0,19,0,0,14,0,1113.93
1,11,0,0,0,0,8,38,30,0,-1,0,5,0,0,1,0,-1,0,7,0,0,2,0,629.45
0,14,0,0,0,0,10,24,12,0,-1,0,1,0,0,0,0,-1,0,10,0,0,3,0,297.45
0,12,1,0,0,1,14,16,27,0,-1,0,1,0,0,0,0,-1,0,4,0,1,7,0,986.89
0,20,0,0,0,0,22,1,0,0,-1,0,0,0,0,0,0,-1,0,12,0,0,12,0,339.0
6,4,6,4,3,11,2,28,72,3,-1,0,55,0,0,1,0,-1,0,9,7,3,11,0,2364.48
0,7,0,0,0,0,12,5,7,0,-1,0,0,0,0,0,0,-1,0,15,0,0,20,0,1045.72
0,17,0,0,0,0,10,2,1,0,-1,0,0,0,0,0,0,-1,0,18,0,0,12,0,233.28
15,2,31,4,1,30,4,28,106,3,-1,0,37,2,4,1,0,-1,1,8,6,5,11,1,2976.13
6,2,72,16,1,44,8,23,147,7,-1,4,41,3,2,5,0,-1,4,6,10,18,12,0,2258.86
0,18,0,0,0,0,11,0,1,0,-1,0,0,0,0,0,0,-1,0,19,0,0,14,0,157.28
0,13,1,0,0,0,16,13,13,1,-1,0,0,0,1,0,0,-1,0,5,0,1,9,0,781.65
0,14,0,0,0,0,11,19,10,1,-1,0,1,0,0,0,0,-1,0,10,0,0,2,0,547.59
0,7,0,0,1,0,14,10,9,0,-1,0,2,0,0,0,0,-1,0,12,0,0,19,0,1712.01
28,3,27,16,5,27,7,26,195,13,-1,5,29,1,16,9,8,-1,3,5,37,47,9,6,4315.3
0,13,0,0,0,0,20,2,1,0,-1,0,0,0,0,0,0,-1,0,15,0,0,23,0,176.24
0,8,0,0,0,0,8,3,0,0,-1,0,0,0,0,0,0,-1,0,16,0,0,18,0,801.98
0,7,0,0,0,0,6,9,3,0,-1,0,0,0,0,0,0,-1,0,15,0,0,17,0,835.3
0,16,0,0,0,0,9,1,1,0,-1,0,0,0,0,0,0,-1,0,18,0,0,13,0,161.3
0,12,0,0,0,0,6,4,3,0,-1,0,0,0,0,0,0,-1,0,17,0,0,16,0,409.83
0,14,0,0,0,0,11,1,0,0,-1,0,0,0,0,0,0,-1,0,21,0,0,22,0,191.99
0,12,4,0,0,0,12,15,56,0,-1,0,4,0,0,0,0,-1,0,4,0,0,4,0,755.53
20,5,27,0,4,47,7,25,180,7,-1,4,40,0,6,6,16,-1,2,4,14,60,7,3,4170.46
1,4,35,4,0,3,11,17,76,3,-1,0,15,0,0,0,0,-1,0,6,0,0,14,0,818.7
0,14,0,0,0,0,10,2,0,0,-1,0,0,0,0,0,0,-1,0,20,0,0,21,0,97.68
0,13,1,0,0,0,13,15,28,1,-1,0,0,0,0,0,0,-1,1,6,0,0,4,0,646.69
0,18,0,0,0,0,11,0,1,0,-1,0,0,0,0,0,0,-1,0,19,0,0,13,0,1107.9
0,19,0,0,0,0,12,0,0,0,-1,0,0,0,0,0,0,-1,0,20,0,0,15,0,174.23
0,15,2,0,0,0,16,17,19,0,-1,0,1,0,0,0,0,-1,0,7,0,0,6,0,539.67
0,9,1,0,1,1,3,31,28,0,-1,0,4,0,0,0,0,-1,0,11,1,0,8,0,1818.77
0,12,0,0,0,1,5,5,7,0,-1,0,0,0,0,0,0,-1,0,15,1,0,12,0,400.57
0,6,0,0,0,0,9,6,6,0,-1,0,0,0,0,0,0,-1,0,14,0,0,18,0,982.36
0,7,0,0,0,0,3,13,19,0,-1,0,1,0,0,0,0,-1,0,13,0,0,14,0,1718.49
0,9,7,0,0,2,6,36,42,1,-1,0,11,0,0,0,0,-1,1,7,0,0,4,0,1621.66
0,12,0,0,0,0,6,3,2,0,-1,0,0,0,0,0,0,-1,0,18,0,0,17,0,230.24
0,12,0,0,0,0,7,3,2,0,-1,0,0,0,0,0,0,-1,0,18,0,0,17,0,230.09
0,11,1,0,0,1,4,25,11,1,-1,0,0,0,0,0,0,-1,0,12,2,0,8,0,713.69
0,12,0,0,0,0,16,0,2,0,-1,0,0,0,0,0,0,-1,0,20,0,0,25,0,209.05
0,13,0,0,0,0,7,3,2,0,-1,0,0,0,0,0,0,-1,0,18,0,0,17,0,1261.65
0,18,0,0,0,0,11,0,1,0,-1,0,0,0,0,0,0,-1,0,19,0,0,14,0,1214.81
0,11,0,0,0,0,5,5,3,0,-1,0,0,0,0,0,0,-1,0,17,0,0,16,0,370.7
0,8,0,0,0,0,3,13,17,0,-1,0,0,0,0,0,0,-1,0,14,0,0,15,0,496.89
21,3,65,12,6,18,6,27,182,13,-1,0,33,1,27,10,0,-1,4,5,6,33,10,4,4238.56
0,13,0,0,0,0,8,28,12,0,-1,0,1,0,0,0,0,-1,0,11,0,0,4,0,287.38
0,9,0,0,0,0,13,2,7,1,-1,0,0,0,0,0,0,-1,0,17,0,0,22,0,264.91
0,15,0,0,0,0,9,20,5,0,-1,0,0,0,0,0,0,-1,0,13,0,0,6,0,242.89
0,9,0,0,1,0,16,5,4,0,-1,0,1,0,0,0,0,-1,0,13,0,0,21,0,1685.25
0,12,0,0,0,0,16,0,2,0,-1,0,0,0,0,0,0,-1,0,20,0,0,25,0,221.13
0,8,0,0,0,0,13,3,7,0,-1,0,0,0,0,0,0,-1,0,16,0,0,21,0,871.6
0,12,0,0,1,1,5,18,6,0,-1,0,0,0,0,0,0,-1,0,13,0,0,9,0,425.8
0,7,0,0,0,1,14,7,9,0,-1,0,2,0,0,0,0,-1,0,9,0,0,17,0,203.22
0,10,2,0,0,2,6,37,27,2,-1,0,7,0,0,1,0,-1,1,8,0,0,4,0,1422.69
0,13,0,0,0,0,14,0,1,0,-1,0,0,0,0,0,0,-1,0,21,0,0,24,0,187.72
0,12,0,0,0,0,19,3,1,0,-1,0,0,0,0,0,0,-1,0,16,0,0,24,0,583.39
0,3,0,0,0,0,9,17,27,0,-1,0,1,0,0,0,0,-1,0,11,0,0,17,0,1306.33
0,12,0,0,0,0,19,3,1,0,-1,0,0,0,0,0,0,-1,0,16,0,0,23,0,738.42
0,19,0,0,0,0,13,2,0,0,-1,0,0,0,0,0,0,-1,0,17,0,0,10,0,107.55
1,2,8,0,3,18,4,24,76,0,-1,0,53,1,1,1,0,-1,0,9,2,1,12,0,2716.5
0,8,0,0,0,0,3,14,17,0,-1,0,1,0,0,0,0,-1,0,14,0,0,14,0,486.02
1,11,0,0,1,0,4,10,7,0,-1,0,0,0,0,0,0,-1,0,14,1,0,11,0,1062.93
3,4,75,16,7,8,10,20,128,7,-1,4,65,0,1,0,0,-1,3,5,33,10,12,0,2223.95
0,5,0,0,0,0,10,7,10,0,-1,0,0,0,0,0,0,-1,0,14,0,0,18,0,934.43
0,11,0,0,0,0,18,3,1,0,-1,0,0,0,0,0,0,-1,0,15,0,0,22,0,219.62
0,15,0,0,0,0,9,3,1,0,-1,0,0,0,0,0,0,-1,0,20,0,0,18,0,965.8
39,2,59,20,3,23,7,23,167,4,-1,4,42,1,3,9,4,-1,4,5,16,44,11,1,2127.14
0,9,0,0,0,0,7,3,0,0,-1,0,0,0,0,0,0,-1,0,16,0,0,18,0,337.63
0,14,0,0,0,0,9,25,6,0,-1,0,0,0,0,0,0,-1,0,12,0,0,5,0,794.73
0,7,0,0,2,0,1,17,27,1,-1,0,7,0,0,0,0,-1,0,12,2,0,12,0,1721.99
27,1,76,8,1,31,6,27,151,6,-1,0,39,2,4,9,0,-1,5,6,7,11,11,0,3383.88
1,6,62,8,37,11,11,10,132,1,-1,0,50,0,1,1,0,-1,1,3,30,30,11,1,2567.29
1,2,1,0,0,0,9,25,54,1,-1,0,12,0,0,0,0,-1,0,9,0,0,15,0,1486.9
0,11,0,0,0,1,8,35,22,0,-1,0,3,0,0,1,0,-1,0,8,0,0,3,0,1353.91
0,12,0,0,0,0,6,19,6,0,-1,0,1,0,0,0,0,-1,0,13,1,0,9,0,1555.59
0,15,2,0,0,0,16,12,10,0,-1,0,1,0,0,0,0,-1,0,7,0,0,7,0,566.06
0,12,9,0,0,0,13,16,58,0,-1,0,7,0,0,1,0,-1,0,4,0,1,5,1,1528.61
0,16,0,0,0,0,10,7,2,0,-1,0,0,0,0,0,0,-1,0,15,0,0,8,0,676.88
0,15,0,0,0,0,14,0,1,0,-1,0,0,0,0,0,0,-1,0,23,0,0,25,0,194.12
0,14,0,0,0,0,9,2,0,0,-1,0,0,0,0,0,0,-1,0,20,0,0,20,0,120.87
0,13,0,0,0,0,10,27,21,0,-1,0,1,0,0,0,0,-1,0,8,0,0,1,0,522.82
0,16,0,0,0,0,11,2,0,0,-1,0,0,0,0,0,0,-1,0,22,0,0,21,0,95.07
1,1,10,0,3,8,6,26,80,5,-1,4,64,1,0,1,0,-1,0,9,1,1,13,0,2799.7
0,14,0,0,0,0,7,4,3,0,-1,4,0,0,0,0,0,-1,0,18,0,0,15,0,970.2
0,15,1,0,0,0,15,10,16,5,-1,0,0,0,0,0,0,-1,0,8,0,0,4,0,448.41
0,4,0,0,0,0,9,14,25,2,-1,0,1,0,0,0,0,-1,0,12,0,0,17,0,1161.75
0,9,0,0,0,0,4,10,5,0,-1,0,0,0,0,0,0,-1,0,15,0,0,15,0,390.14
0,13,0,0,0,0,15,16,24,0,-1,0,1,0,0,0,0,-1,0,5,0,2,7,0,820.95
0,10,0,0,0,0,18,4,2,0,-1,0,0,0,0,0,0,-1,0,14,1,0,22,0,685.55
0,12,0,0,0,0,5,5,6,0,-1,0,1,0,0,0,0,-1,0,16,0,0,14,0,1338.11
0,17,0,0,0,0,14,11,3,1,-1,0,0,0,0,0,0,-1,0,13,0,0,5,0,259.8
0,5,0,0,0,0,12,12,15,0,-1,0,2,0,0,0,0,-1,0,13,0,0,18,0,829.65
0,11,0,0,0,0,13,0,1,0,-1,0,0,0,0,0,0,-1,0,20,0,0,23,0,150.5
0,11,19,0,0,1,12,17,83,0,-1,0,8,0,0,1,0,-1,0,3,3,1,4,1,834.4
0,7,0,0,0,0,13,5,10,0,-1,0,0,0,0,0,0,-1,0,15,0,0,20,0,611.74
10,5,22,0,2,18,3,35,92,5,-1,0,52,1,5,2,0,-1,2,8,3,4,9,0,2461.58
0,17,0,0,0,0,13,10,3,0,-1,0,0,0,0,0,0,-1,0,14,0,0,6,0,264.86
0,16,0,0,0,0,12,12,3,1,-1,0,0,0,0,0,0,-1,0,13,0,0,5,0,227.62
0,15,0,0,0,0,11,16,9,0,-1,0,0,0,0,0,0,-1,0,10,0,0,3,0,574.67
0,7,0,0,1,0,14,11,11,0,-1,0,1,0,0,0,0,-1,0,12,0,0,19,0,1626.69
0,16,1,0,0,0,17,11,9,0,-1,0,1,0,0,0,0,-1,0,7,0,0,7,0,543.85
0,13,0,0,0,0,7,20,5,0,-1,0,1,0,0,0,0,-1,0,13,0,0,8,0,622.3
0,7,3,0,3,1,1,31,41,0,-1,0,19,1,0,0,0,-1,0,10,4,1,10,0,1922.2
0,9,0,0,0,0,7,3,0,0,-1,0,0,0,0,0,0,-1,0,17,0,0,18,0,336.65
2,8,31,0,0,7,6,36,75,2,-1,0,24,0,0,0,0,-1,0,6,0,3,4,0,2911.71
0,17,0,0,0,0,10,0,1,0,-1,0,0,0,0,0,0,-1,0,19,0,0,13,0,1279.12
0,14,0,0,0,0,7,2,1,0,-1,0,0,0,0,0,0,-1,0,18,0,0,16,0,1159.23
0,18,0,0,0,0,15,9,2,0,-1,0,0,0,0,0,0,-1,0,13,0,0,5,0,261.22
0,6,0,0,0,0,7,12,8,0,-1,0,0,0,0,0,0,-1,0,14,0,0,17,0,915.5
0,8,0,0,0,0,4,12,5,0,-1,0,0,0,0,0,0,-1,0,15,0,0,15,0,422.21
0,19,0,0,0,0,16,6,2,0,-1,0,0,0,0,0,0,-1,0,14,0,0,6,0,192.27
0,22,0,0,0,0,24,1,0,0,-1,0,0,0,0,0,0,-1,0,13,0,0,14,0,326.23
0,15,0,0,0,0,10,19,5,0,-1,0,0,0,0,0,0,-1,0,13,0,0,6,0,266.79
0,10,51,0,2,2,11,18,95,2,-1,0,18,0,0,1,0,-1,0,3,3,2,5,0,1791.92
0,2,2,0,0,0,7,28,49,0,-1,0,27,0,0,0,0,-1,0,10,3,0,14,0,2509.63
0,13,0,0,0,0,7,3,3,0,-1,0,0,0,0,0,0,-1,0,18,0,0,16,0,979.94
11,4,22,4,6,16,3,35,91,2,-1,0,50,1,3,0,0,-1,2,8,3,2,10,0,2596.99
0,13,0,0,0,0,9,2,0,0,-1,0,0,0,0,0,0,-1,0,20,0,0,20,0,98.27
0,10,40,0,2,1,11,18,94,0,-1,0,17,0,0,1,0,-1,0,3,1,2,4,0,2797.47
0,13,0,0,0,0,7,18,3,0,-1,0,0,0,0,0,0,-1,0,13,0,0,7,0,561.28
0,16,0,0,0,0,9,1,2,0,-1,0,0,0,0,0,0,-1,0,18,0,0,14,0,324.23
0,13,0,0,0,0,6,15,4,0,-1,0,1,0,0,0,0,-1,0,14,0,0,9,0,453.04
0,16,0,0,0,0,11,8,3,0,-1,0,0,0,0,0,0,-1,0,14,0,0,7,0,920.4
0,12,0,0,0,0,9,29,15,0,-1,0,1,0,0,0,0,-1,0,8,0,0,1,0,571.94
0,6,0,0,0,0,11,6,11,1,-1,0,0,0,0,0,0,-1,0,14,0,0,20,0,1221.15
18,5,38,12,1,45,6,25,181,4,-1,0,41,0,8,6,8,-1,2,4,13,60,7,5,5054.04
0,18,0,0,0,0,12,0,0,0,-1,0,0,0,0,0,0,-1,0,23,0,0,21,0,101.83
0,12,0,0,0,1,5,6,7,0,-1,0,0,0,0,0,0,-1,0,16,1,0,13,0,1441.05
0,15,0,0,0,0,10,21,8,0,-1,0,0,0,0,0,0,-1,0,11,0,0,4,0,298.41
0,17,0,0,0,0,18,6,2,0,-1,0,0,0,0,0,0,-1,0,9,0,0,9,0,449.3
0,14,0,0,0,0,12,0,1,0,-1,0,0,0,0,0,0,-1,0,22,0,0,24,0,190.72
0,19,0,0,0,0,19,0,2,0,-1,0,0,0,0,0,0,-1,0,11,0,0,9,0,405.78
3,9,74,0,4,4,11,19,122,3,-1,0,21,1,0,1,0,-1,0,1,12,16,6,0,1954.92
0,5,0,0,0,0,4,15,26,0,-1,0,6,0,0,0,0,-1,0,12,1,0,14,0,1108.33
2,5,8,0,0,1,12,15,50,0,-1,0,8,0,0,0,0,-1,0,7,0,0,15,0,731.93
0,18,0,0,0,0,14,8,3,0,-1,0,0,0,0,0,0,-1,0,14,0,0,6,0,273.4
0,16,0,0,0,0,14,0,1,0,-1,0,0,0,0,0,0,-1,0,24,0,0,25,0,184.94
0,8,3,0,1,0,3,35,41,2,-1,0,18,0,0,0,0,-1,0,9,0,0,7,0,1892.28
21,3,33,16,5,27,7,26,187,17,-1,4,30,1,21,9,8,-1,4,5,21,58,10,5,3808.61
0,13,0,0,0,0,8,22,8,0,-1,0,0,0,0,0,0,-1,0,12,0,0,6,0,586.3
0,14,0,0,0,0,15,0,1,0,-1,0,0,0,0,0,0,-1,0,23,0,0,26,0,187.94
0,16,1,0,0,0,16,8,9,1,-1,0,0,0,0,0,0,-1,0,8,0,0,5,0,442.63
0,18,0,0,0,0,15,11,7,0,-1,0,0,0,0,0,0,-1,0,12,0,0,5,0,205.63
0,12,2,0,0,0,13,16,48,2,-1,0,5,0,0,0,0,-1,0,4,0,0,6,0,1529.95
1,5,2,0,0,2,12,12,30,0,-1,0,6,0,0,0,0,-1,0,8,0,0,15,0,1978.09
0,13,0,0,0,0,15,16,23,0,-1,0,1,0,0,0,0,-1,0,5,0,2,6,0,645.58
0,5,0,0,0,0,11,12,15,0,-1,0,2,0,0,0,0,-1,0,12,0,0,18,0,990.9
0,6,0,0,0,0,13,12,13,0,-1,0,2,0,0,0,0,-1,0,12,1,0,18,0,1717.82
0,15,0,0,0,0,8,2,1,0,-1,0,0,0,0,0,0,-1,0,19,0,0,17,0,1216.56
0,18,0,0,0,0,12,2,0,0,-1,0,0,0,0,0,0,-1,0,17,0,0,10,0,731.41
0,13,0,0,0,0,6,5,6,0,-1,0,1,0,0,0,0,-1,0,17,0,0,15,0,1124.82
1,8,41,0,0,7,7,37,98,0,-1,0,21,0,1,0,0,-1,0,5,1,3,4,0,2924.31
0,18,0,0,0,0,12,6,1,0,-1,0,0,0,0,0,0,-1,0,16,0,0,8,0,202.69
0,11,10,4,0,0,11,19,65,3,-1,0,8,0,0,0,0,-1,0,5,2,1,2,0,2534.15
0,14,0,0,0,0,21,3,1,0,-1,0,0,0,0,0,0,-1,0,18,0,0,26,0,530.02
0,13,0,0,0,0,6,22,5,0,-1,0,1,0,0,0,0,-1,0,13,0,0,8,0,363.69
0,13,0,0,0,0,6,4,7,0,-1,0,1,0,0,0,0,-1,0,16,1,0,13,0,344.49
0,12,3,4,0,0,11,20,52,0,-1,0,3,0,0,0,0,-1,0,5,0,0,2,0,2438.49
12,7,26,40,15,13,9,27,169,13,-1,4,56,3,3,10,4,-1,9,2,37,48,6,5,5771.91
0,15,2,0,0,0,16,13,16,0,-1,0,1,0,0,0,0,-1,0,6,0,0,7,0,533.54
2,9,73,0,3,7,9,31,118,2,-1,0,29,0,0,1,0,-1,0,4,2,12,4,0,3363.64
9,6,49,4,4,15,4,35,108,1,-1,4,67,0,0,0,0,-1,1,7,1,6,7,1,3184.28
0,13,0,0,0,0,10,1,0,0,-1,0,0,0,0,0,0,-1,0,20,0,0,21,0,196.47
34,3,36,30,13,32,8,22,178,9,-1,8,37,3,3,5,4,-1,6,5,46,46,10,1,2857.88
0,18,0,0,0,0,11,0,1,0,-1,0,0,0,0,0,0,-1,0,20,0,0,14,0,1128.36
0,13,0,0,0,0,8,26,8,0,-1,0,0,0,0,0,0,-1,0,11,0,0,5,0,708.18
0,5,0,0,0,0,8,8,8,0,-1,0,0,0,0,0,0,-1,0,14,0,0,18,0,979.25
8,7,75,8,3,13,8,28,155,7,-1,0,61,0,0,5,8,-1,3,3,8,21,5,0,3209.66
0,20,0,0,0,0,12,0,1,0,-1,0,0,0,0,0,0,-1,0,22,0,0,17,0,144.89
0,15,0,0,0,0,15,0,1,0,-1,0,0,0,0,0,0,-1,0,23,0,0,26,0,129.85
0,12,0,0,0,0,19,3,2,0,-1,0,0,0,0,0,0,-1,0,17,0,0,24,0,732.56
0,7,0,0,1,1,15,6,7,0,-1,0,2,0,0,0,0,-1,0,11,0,0,18,0,195.08
0,17,0,0,0,0,14,12,7,0,-1,0,0,0,0,0,0,-1,0,12,0,0,4,0,213.91
0,9,0,0,0,0,15,5,4,0,-1,0,0,0,0,0,0,-1,0,15,0,0,21,0,584.86
0,19,0,0,0,0,13,4,2,0,-1,0,0,0,0,0,0,-1,0,16,0,0,8,0,179.96
0,8,0,0,0,0,6,10,2,0,-1,0,0,0,0,0,0,-1,0,15,0,0,17,0,819.5
5,8,64,4,4,9,9,25,147,2,-1,8,43,4,0,3,4,-1,1,2,13,30,5,0,5303.8
0,18,0,0,0,0,13,5,2,0,-1,0,0,0,0,0,0,-1,0,15,0,0,8,0,200.09
0,15,2,0,0,1,16,13,10,0,-1,0,0,0,0,0,0,-1,0,6,0,0,8,0,572.29
0,13,0,0,0,0,9,28,12,0,-1,0,1,0,0,0,0,-1,0,10,0,0,4,0,641.86
0,5,0,0,0,0,11,8,11,1,-1,0,0,0,0,0,0,-1,0,13,0,0,18,0,960.63
0,17,0,0,0,0,17,2,7,0,-1,0,0,0,0,0,0,-1,0,9,0,0,6,0,408.85
0,10,0,0,0,0,5,7,4,0,-1,0,0,0,0,0,0,-1,0,16,0,0,16,0,377.41
0,20,0,0,0,0,21,2,0,0,-1,0,0,0,0,0,0,-1,0,11,0,0,12,0,437.87
0,10,1,0,0,1,4,27,17,1,-1,0,0,0,0,0,0,-1,0,11,2,0,8,0,1761.8
0,15,0,0,0,0,8,2,1,0,-1,0,0,0,0,0,0,-1,0,19,0,0,17,0,781.25
0,9,0,0,0,0,16,4,3,0,-1,0,1,0,0,0,0,-1,0,11,1,0,19,0,234.21
0,12,0,0,0,0,9,2,0,0,-1,0,0,0,0,0,0,-1,0,20,0,0,20,0,214.15
0,13,0,0,0,0,7,4,3,0,-1,0,0,0,0,0,0,-1,0,18,0,0,16,0,1278.87
0,9,5,0,0,1,4,34,39,0,-1,0,18,0,0,0,0,-1,0,8,1,1,6,0,1951.76
0,9,0,0,0,0,4,12,12,0,-1,0,1,0,0,0,0,-1,0,15,0,0,15,0,402.7
0,14,2,0,0,0,16,16,18,0,-1,0,1,0,0,0,0,-1,0,6,0,0,7,0,684.57
0,10,35,0,0,1,13,16,75,7,-1,0,11,0,0,1,0,-1,0,2,4,0,7,1,1857.94
0,16,0,0,0,0,9,0,2,0,-1,0,0,0,0,0,0,-1,0,19,0,0,15,0,200.1
0,5,0,0,0,0,11,9,13,1,-1,0,1,0,0,0,0,-1,0,13,0,0,18,0,708.22
8,5,42,4,2,19,3,35,113,3,-1,4,64,2,0,0,0,-1,1,7,3,4,8,1,3137.68
0,11,0,0,1,0,3,14,14,0,-1,0,0,0,1,0,0,-1,0,13,0,0,11,0,1519.71
39,2,81,4,4,19,5,32,160,2,-1,0,29,1,14,1,4,-1,4,6,7,12,10,1,3280.07
6,2,65,0,1,5,9,22,110,2,-1,0,62,0,0,2,0,-1,0,7,2,1,13,0,1543.81
0,13,0,0,0,0,8,24,8,0,-1,0,0,0,0,0,0,-1,0,11,0,0,5,0,581.4
0,8,0,0,0,0,16,6,3,0,-1,0,1,1,0,0,0,-1,0,12,0,0,20,0,181.48
0,15,0,0,0,0,22,3,0,0,-1,0,0,0,0,0,0,-1,0,20,0,0,27,0,520.3
0,21,0,0,0,0,14,0,0,0,-1,0,0,0,0,0,0,-1,0,23,0,0,18,0,189.85
0,5,0,0,0,1,13,13,17,0,-1,0,2,0,0,0,0,-1,0,11,1,0,18,0,1848.06
39,5,30,12,2,38,6,26,184,4,-1,4,32,0,3,2,4,-1,3,4,15,48,7,4,3842.08
0,12,0,0,0,0,6,28,14,0,-1,0,1,0,0,0,0,-1,0,11,0,0,6,0,686.23
0,14,0,0,0,0,21,3,1,0,-1,0,0,0,0,0,0,-1,0,18,0,0,26,0,530.78
0,17,0,0,0,0,14,11,3,0,-1,0,0,0,0,0,0,-1,0,13,0,0,5,0,261.25
0,18,0,0,0,0,11,0,1,0,-1,0,0,0,0,0,0,-1,0,19,0,0,14,0,172.32
0,11,14,0,0,0,13,16,58,2,-1,0,9,0,0,1,0,-1,0,3,0,0,6,1,1112.45
0,12,0,0,0,1,5,19,6,0,-1,0,0,0,0,0,0,-1,0,13,1,0,9,0,1518.12
0,5,0,0,0,0,7,13,14,0,-1,0,0,0,0,0,0,-1,0,13,0,0,17,0,974.27
0,14,0,0,0,0,9,2,0,0,-1,0,0,0,0,0,0,-1,0,20,0,0,20,0,100.13
0,20,0,0,0,0,14,0,0,0,-1,0,0,0,0,0,0,-1,0,20,1,0,13,0,249.94
0,10,0,0,0,0,7,5,1,0,-1,0,0,0,0,0,0,-1,0,17,0,0,18,0,415.81
0,5,76,20,14,10,11,13,126,7,-1,4,57,0,0,3,0,-1,2,4,47,18,11,1,2546.11
0,19,0,0,0,0,12,0,1,0,-1,0,0,0,0,0,0,-1,0,22,0,0,17,0,154.73
0,10,0,0,1,0,17,5,3,0,-1,0,0,0,0,0,0,-1,0,13,0,0,21,0,176.17
0,14,0,0,0,0,8,3,1,0,-1,0,0,0,0,0,0,-1,0,19,0,0,18,0,942.81
0,13,0,0,0,0,14,0,1,0,-1,0,0,0,0,0,0,-1,0,21,0,0,24,0,189.06
0,8,0,0,0,0,14,3,6,0,-1,0,0,0,0,0,0,-1,0,16,0,0,22,0,775.74
0,18,0,0,0,0,13,8,3,0,-1,0,0,0,0,0,0,-1,0,15,0,0,7,0,239.34
0,6,0,0,0,0,2,13,26,2,-1,0,8,0,0,0,0,-1,0,12,3,0,13,0,566.34
0,16,1,0,0,0,16,3,7,1,-1,0,0,0,0,0,0,-1,0,9,0,0,5,0,396.03
0,11,0,0,0,0,7,5,0,0,-1,0,0,0,0,0,0,-1,0,17,0,0,18,0,168.75
0,14,0,0,0,0,21,2,1,0,-1,0,0,0,0,0,0,-1,0,16,0,0,24,0,180.27
1,9,65,0,2,5,9,29,112,2,-1,0,27,0,0,1,0,-1,0,4,3,8,4,0,2611.61
5,3,76,4,2,9,10,21,121,1,-1,0,60,0,0,0,4,-1,0,5,13,12,12,0,2460.87
0,19,0,0,0,0,16,7,2,0,-1,0,0,0,0,0,0,-1,0,14,0,0,6,0,203.85
0,9,0,0,0,0,4,11,6,0,-1,0,0,0,0,0,0,-1,0,15,0,0,15,0,493.53
0,2,1,0,0,0,7,25,40,0,-1,0,16,0,0,0,0,-1,0,11,2,0,15,0,1288.01
0,14,0,0,0,0,11,1,0,0,-1,0,0,0,0,0,0,-1,0,21,0,0,22,0,81.64
0,14,0,0,0,0,7,12,4,0,-1,0,1,0,0,0,0,-1,0,15,0,0,10,0,1227.12
0,12,4,0,0,0,13,16,55,1,-1,0,5,0,0,0,0,-1,0,4,0,1,5,1,1486.23
0,18,0,0,0,0,12,0,0,0,-1,0,0,0,0,0,0,-1,0,23,0,0,22,0,89.55
0,9,0,0,1,0,17,5,3,0,-1,0,1,0,0,0,0,-1,0,12,0,0,20,0,190.8
0,4,1,0,1,0,5,19,31,0,-1,0,9,0,0,0,0,-1,0,12,0,0,15,0,2437.53
0,12,0,0,0,0,20,2,1,0,-1,0,0,0,0,0,0,-1,0,16,0,0,23,0,581.9
0,16,0,0,0,0,15,0,1,0,-1,0,0,0,0,0,0,-1,0,24,0,0,26,0,132.13
0,9,1,0,1,0,2,16,21,3,-1,0,0,1,1,0,0,-1,0,12,3,0,10,0,1707.71
1,4,7,0,3,5,2,22,44,3,-1,0,29,0,0,0,0,-1,1,10,2,0,12,0,1563.89
1,15,1,0,0,0,18,7,3,0,-1,0,0,0,0,0,0,-1,0,7,0,0,10,0,485.28
0,14,0,0,0,0,11,22,19,0,-1,0,1,0,0,0,0,-1,0,9,0,0,1,0,553.52
0,17,0,0,0,0,17,5,9,0,-1,0,0,0,0,0,0,-1,0,8,0,0,8,0,314.05
0,14,0,0,0,0,7,14,5,0,-1,0,0,0,0,0,0,-1,0,14,0,0,8,0,225.71
0,12,2,0,0,0,14,16,43,0,-1,0,6,0,0,0,0,-1,0,3,0,1,7,0,1449.41
0,14,0,0,0,0,9,3,0,0,-1,0,0,0,0,0,0,-1,0,20,0,0,20,0,171.57
0,4,0,0,0,0,10,9,22,2,-1,0,1,0,0,0,0,-1,0,12,0,0,18,0,1039.95
0,17,0,0,0,0,10,0,1,0,-1,0,0,0,0,0,0,-1,0,19,0,0,14,0,319.13
1,9,55,0,1,2,9,31,105,2,-1,0,25,0,0,0,0,-1,0,4,2,0,3,0,2572.45
0,13,0,0,1,1,5,7,7,0,-1,0,0,0,0,0,0,-1,0,15,0,0,12,0,1318.25
0,7,2,0,1,0,0,19,33,0,-1,0,12,2,0,0,0,-1,0,11,3,0,11,0,2059.26
0,8,0,0,0,0,6,8,2,0,-1,0,0,0,0,0,0,-1,0,16,0,0,17,0,794.9
0,17,0,0,0,0,13,10,3,1,-1,0,0,0,0,0,0,-1,0,14,0,0,6,0,213.21
0,14,0,0,0,0,9,23,5,0,-1,0,0,0,0,0,0,-1,0,12,0,0,5,0,639.15
0,12,0,0,0,1,9,32,15,0,-1,0,1,0,0,0,0,-1,0,8,0,0,2,0,518.86
0,10,0,0,0,0,7,4,0,0,-1,0,0,0,0,0,0,-1,0,17,0,0,18,0,397.24
0,14,0,0,0,0,6,9,5,1,-1,0,1,0,0,0,0,-1,0,15,1,0,11,0,410.13
0,6,0,0,0,0,13,12,12,0,-1,0,2,0,0,0,0,-1,0,12,1,0,19,0,1657.16
1,5,0,0,0,1,12,13,22,0,-1,0,2,0,0,0,0,-1,0,10,0,0,16,0,652.61
0,16,0,0,0,0,9,0,2,0,-1,0,0,0,0,0,0,-1,0,19,0,0,15,0,129.95
0,11,0,0,0,0,11,0,1,0,-1,0,0,0,0,0,0,-1,0,19,0,0,22,0,138.78
0,4,0,0,0,0,9,14,25,2,-1,0,1,0,0,0,0,-1,0,12,0,0,17,0,1161.48
0,10,1,0,0,0,5,36,18,0,-1,0,6,0,0,0,0,-1,0,10,1,0,6,0,592.15
0,7,2,0,1,0,0,19,32,0,-1,0,10,2,0,0,0,-1,0,12,2,0,11,0,1956.86
0,10,54,0,2,3,11,18,92,1,-1,0,17,0,0,1,0,-1,0,2,5,3,5,0,2031.81
2,4,3,0,0,0,11,18,51,0,-1,0,9,0,1,0,0,-1,0,8,0,0,15,0,1124.38
0,7,0,0,1,0,14,10,9,0,-1,0,2,0,0,0,0,-1,0,12,0,0,19,0,1734.81
0,17,0,0,0,0,10,4,1,0,-1,0,0,0,0,0,0,-1,0,16,0,0,10,0,367.19
0,3,0,0,0,0,9,21,30,0,-1,0,7,0,0,0,0,-1,0,11,0,0,16,0,1161.77
0,7,0,0,0,0,3,12,20,0,-1,0,1,0,0,0,0,-1,0,13,0,0,14,0,909.1
0,8,1,0,1,1,0,20,29,0,-1,0,6,1,0,0,0,-1,0,12,2,0,11,0,2005.32
0,11,8,0,0,1,14,16,47,2,-1,0,6,0,0,1,0,-1,0,3,0,1,7,1,1038.58
0,13,0,0,0,0,9,2,0,0,-1,0,0,0,0,0,0,-1,0,20,0,0,20,0,93.27
0,12,0,0,1,1,5,6,7,0,-1,0,0,0,0,0,0,-1,0,15,0,0,12,0,1302.5
0,14,0,0,0,0,14,0,1,1,-1,0,0,0,0,0,0,-1,0,22,0,0,25,0,162.46
0,11,1,0,0,0,5,26,12,0,-1,0,1,0,0,0,0,-1,0,12,2,0,8,0,636.0
0,8,0,0,1,0,15,7,4,0,-1,0,1,0,0,0,0,-1,0,13,0,0,20,0,1805.68
0,18,0,0,0,0,20,4,1,0,-1,0,0,0,0,0,0,-1,0,10,0,0,11,0,379.88
2,2,37,0,0,5,9,22,100,1,-1,0,53,0,1,2,0,-1,0,7,3,0,14,0,2106.59
8,6,85,12,0,16,6,30,163,3,-1,0,79,0,2,1,0,-1,2,5,6,15,6,1,2883.95
0,17,0,0,0,0,11,1,0,0,-1,0,0,0,0,0,0,-1,0,23,0,0,21,0,88.65
0,18,0,0,0,0,11,2,1,0,-1,0,0,0,0,0,0,-1,0,18,0,0,12,0,231.98
0,15,1,0,0,0,15,10,14,1,-1,0,0,0,0,0,0,-1,0,8,0,0,5,0,523.96
0,12,5,0,0,1,14,16,44,1,-1,0,5,0,0,1,0,-1,0,3,0,1,7,1,1030.45
0,12,0,0,0,0,5,6,5,0,-1,0,1,0,0,0,0,-1,0,16,0,0,13,0,1486.21
0,10,0,0,0,0,12,0,2,0,-1,0,0,0,0,0,0,-1,0,19,0,0,22,0,154.01
5,4,9,0,5,14,2,33,84,4,-1,0,58,0,1,2,4,-1,1,9,3,4,10,0,2590.24
0,18,0,0,0,0,12,4,1,0,-1,0,0,0,0,0,0,-1,0,16,0,0,9,0,160.84
1,9,59,0,1,3,9,32,106,2,-1,0,25,0,0,0,0,-1,0,4,3,0,3,0,2345.16
0,9,0,0,0,0,8,1,0,0,-1,0,0,0,0,0,0,-1,0,17,0,0,19,0,704.91
0,17,0,0,0,0,10,3,1,0,-1,0,0,0,0,0,0,-1,0,17,0,0,11,0,1142.25
2,3,13,0,0,2,10,20,78,2,-1,0,17,0,1,2,0,-1,0,7,0,0,14,0,1823.89
0,16,0,0,0,0,12,11,6,1,-1,0,0,0,0,0,0,-1,0,12,0,0,4,0,206.0
0,13,0,0,0,0,9,28,13,0,-1,0,1,0,0,0,0,-1,0,10,0,0,4,0,639.89
1,8,9,0,0,5,5,34,53,1,-1,0,19,0,0,0,0,-1,0,7,0,1,5,0,1576.24
0,10,0,0,0,0,14,1,3,0,-1,0,0,0,0,0,0,-1,0,18,0,0,23,0,144.16
0,16,0,0,0,0,14,11,14,0,-1,0,0,0,0,0,0,-1,0,11,0,0,3,0,230.45
0,6,0,0,0,0,11,7,11,2,-1,0,0,0,0,0,0,-1,0,14,0,0,19,0,979.11
0,15,0,0,0,0,12,1,0,0,-1,0,0,0,0,0,0,-1,0,23,0,0,24,0,191.74
0,12,0,0,0,1,4,6,6,0,-1,0,0,0,0,0,0,-1,0,15,1,0,13,0,1169.97
0,13,0,0,0,0,6,3,3,0,-1,0,0,0,0,0,0,-1,0,18,0,0,16,0,972.43
40,3,68,12,3,20,5,29,185,11,-1,0,26,1,23,6,8,-1,2,6,6,31,9,2,3507.81
1,3,6,0,2,8,3,24,67,2,-1,0,41,1,1,1,0,-1,0,10,4,1,12,0,2521.48
1,10,5,0,0,1,7,38,38,2,-1,0,8,0,0,0,0,-1,0,7,0,0,3,0,1609.65
0,4,0,0,1,0,5,15,29,0,-1,0,7,0,0,0,0,-1,0,12,0,0,15,0,959.29
0,17,0,0,0,0,9,0,1,0,-1,0,0,0,0,0,0,-1,0,20,0,0,16,0,808.93
5,6,56,0,46,8,11,8,137,1,-1,0,49,0,0,0,0,-1,0,3,25,38,10,1,2530.54
0,3,1,0,1,0,6,22,33,0,-1,0,5,0,0,0,0,-1,0,11,1,0,15,0,1105.64
0,12,0,0,0,0,7,30,11,0,-1,0,1,0,0,0,0,-1,0,10,0,0,5,0,675.58
0,17,0,0,0,0,12,11,3,0,-1,0,0,0,0,0,0,-1,0,13,0,0,5,0,206.7
0,21,0,0,0,0,23,1,0,0,-1,0,0,0,0,0,0,-1,0,13,0,0,13,0,325.32
1,3,1,0,0,1,10,20,52,0,-1,0,10,0,1,1,0,-1,0,9,0,0,15,0,1188.28
0,13,0,0,0,0,10,23,12,1,-1,0,1,0,0,0,0,-1,0,9,0,0,2,0,1122.85
0,13,0,0,0,0,6,4,8,0,-1,0,1,0,0,0,0,-1,0,16,1,0,13,0,347.21
0,11,14,0,0,0,11,17,68,1,-1,0,8,0,0,0,4,-1,0,4,2,0,3,0,786.6
0,16,0,0,0,0,8,0,1,0,-1,0,0,0,0,0,0,-1,0,19,0,0,15,0,1026.46
0,15,0,0,0,0,8,3,3,0,-1,0,0,0,0,0,0,-1,0,17,0,0,13,0,378.2
0,8,0,0,0,0,12,2,5,0,-1,0,0,0,0,0,0,-1,0,17,0,0,21,0,159.03
44,2,77,4,6,19,6,33,161,1,-1,0,33,0,9,9,4,-1,5,6,4,14,10,1,3881.94
0,17,0,0,0,0,19,5,1,0,-1,0,1,0,0,0,0,-1,0,9,0,0,11,0,562.67
2,5,7,0,1,5,1,26,46,3,-1,0,23,1,0,0,0,-1,0,10,5,0,11,0,2485.19
1,8,12,0,0,4,6,34,59,2,-1,0,20,0,0,0,0,-1,0,7,0,1,5,0,1642.14
0,15,0,0,0,0,10,22,5,0,-1,0,0,0,0,0,0,-1,0,12,0,0,5,0,768.95
0,11,4,0,0,1,15,14,27,0,-1,0,2,0,0,0,0,-1,0,3,0,1,10,0,824.77
0,6,0,0,0,0,11,8,11,1,-1,0,0,0,0,0,0,-1,0,13,0,0,19,0,1268.77
0,11,0,0,0,0,18,4,2,0,-1,0,0,0,0,0,0,-1,0,15,0,0,23,0,569.08
0,13,0,0,0,0,10,23,12,0,-1,0,1,0,0,0,0,-1,0,9,0,0,2,0,1141.44
0,16,0,0,0,0,11,2,0,0,-1,0,0,0,0,0,0,-1,0,22,0,0,21,0,105.22
0,10,0,0,0,0,12,0,2,0,-1,0,0,0,0,0,0,-1,0,19,0,0,22,0,148.5
0,12,0,0,1,1,5,6,7,0,-1,0,0,0,0,0,0,-1,0,15,0,0,12,0,1159.79
10,7,31,32,17,12,9,25,161,11,-1,5,57,1,2,7,8,-1,4,2,31,50,6,7,4875.46
0,17,0,0,0,0,19,6,1,0,-1,0,1,0,0,0,0,-1,0,9,0,0,10,0,461.42
0,12,3,0,0,0,13,16,49,1,-1,0,5,0,0,0,0,-1,0,4,0,0,6,0,1548.61
0,15,0,0,0,0,9,3,1,0,-1,0,0,0,0,0,0,-1,0,20,0,0,18,0,96.1
0,6,0,0,0,0,13,10,12,0,-1,0,2,0,0,0,0,-1,0,12,0,0,19,0,1851.86
0,5,0,0,0,0,8,8,8,0,-1,0,0,0,0,0,0,-1,0,14,0,0,17,0,765.17
0,18,0,0,0,0,11,0,1,0,-1,0,0,0,0,0,0,-1,0,19,0,0,14,0,169.53
0,7,0,0,0,0,14,7,12,1,-1,0,0,0,0,0,0,-1,0,14,0,0,20,0,554.32
1,8,41,0,0,7,7,38,95,0,-1,0,23,0,1,0,0,-1,0,5,0,3,4,0,1857.36
0,15,0,0,0,0,8,5,4,0,-1,0,1,0,0,0,0,-1,0,17,0,0,12,0,429.17
0,8,0,0,0,0,4,13,11,0,-1,0,0,0,0,0,0,-1,0,14,0,0,15,0,776.48
0,10,0,0,0,0,3,9,12,0,-1,0,1,0,0,0,0,-1,0,15,1,0,14,0,1431.85
0,16,1,0,0,0,16,3,7,1,-1,0,0,0,0,0,0,-1,0,9,0,0,5,0,372.51
6,7,76,0,0,8,6,34,125,1,-1,0,75,0,1,0,0,-1,0,5,1,4,5,0,2589.3
2,5,5,0,0,1,12,13,38,0,-1,0,7,0,0,0,0,-1,0,8,0,0,15,0,2031.22
0,7,0,0,0,0,12,5,10,1,-1,0,0,0,0,0,0,-1,0,15,0,0,20,0,290.12
0,17,0,0,0,0,16,1,7,0,-1,0,0,0,0,0,0,-1,0,9,0,0,6,0,396.54
0,2,1,0,0,0,7,26,39,0,-1,0,14,0,0,0,0,-1,0,11,2,0,15,0,1283.64
0,16,0,0,0,0,9,0,1,0,-1,0,0,0,0,0,0,-1,0,20,0,0,16,0,198.08
0,10,1,0,0,1,6,37,18,1,-1,0,7,0,0,0,0,-1,0,8,0,0,4,0,1266.1
0,16,0,0,0,0,10,5,2,0,-1,0,0,0,0,0,0,-1,0,15,0,0,8,0,246.94
0,12,0,0,0,0,11,0,1,0,-1,0,0,0,0,0,0,-1,0,20,0,0,22,0,232.38
0,16,0,0,0,0,11,2,0,0,-1,0,0,0,0,0,0,-1,0,22,0,0,21,0,76.07
0,12,0,0,0,0,5,5,6,0,-1,0,1,0,0,0,0,-1,0,16,0,0,14,0,1141.29
0,13,0,0,0,0,18,0,1,0,-1,0,0,0,0,0,0,-1,0,21,0,0,27,0,204.18
0,10,0,0,0,0,8,2,0,0,-1,0,0,0,0,0,0,-1,0,17,0,0,19,0,184.15
0,17,0,0,0,0,9,0,1,0,-1,0,0,0,0,0,0,-1,0,20,0,0,16,0,797.1
0,19,0,0,0,0,14,5,2,0,-1,0,0,0,0,0,0,-1,0,16,0,0,8,0,183.91
0,14,0,0,0,0,7,2,3,0,-1,0,0,0,0,0,0,-1,0,19,0,0,16,0,1249.41
1,11,0,0,1,0,4,6,7,0,-1,0,0,0,0,0,0,-1,0,15,1,0,12,0,1486.43
0,10,0,0,0,0,5,7,4,0,-1,0,0,0,0,0,0,-1,0,16,0,0,16,0,355.92
0,3,0,0,0,0,9,19,27,0,-1,0,2,0,0,0,0,-1,0,11,0,0,17,0,816.96
0,13,0,0,0,0,6,14,4,1,-1,0,1,0,0,0,0,-1,0,14,0,0,10,0,361.33
0,20,0,0,0,0,13,0,0,0,-1,0,0,0,0,0,0,-1,0,19,0,0,12,0,291.31
0,7,0,0,1,1,14,9,11,0,-1,0,2,0,0,0,0,-1,0,11,0,0,18,0,207.69
0,9,1,0,1,1,3,30,24,0,-1,0,2,0,0,0,0,-1,0,11,2,0,8,0,1737.27
0,14,0,0,0,0,9,3,0,0,-1,0,0,0,0,0,0,-1,0,20,0,0,20,0,110.74
38,3,55,8,3,21,6,28,190,7,-1,0,27,1,22,4,8,-1,2,5,6,40,9,1,3715.88
0,12,2,0,0,0,14,15,43,2,-1,0,3,0,0,0,0,-1,0,4,0,1,6,0,1348.16
0,11,0,0,0,1,9,32,24,0,-1,0,1,0,0,0,0,-1,0,7,0,0,2,0,1478.81
2,4,11,0,0,1,11,17,59,0,-1,0,12,0,0,0,0,-1,0,7,0,0,14,0,1244.61
0,10,0,0,0,0,8,2,0,0,-1,0,0,0,0,0,0,-1,0,17,0,0,19,0,689.75
0,15,0,0,0,0,9,15,5,0,-1,0,0,0,0,0,0,-1,0,13,0,0,7,0,339.25
0,5,0,0,0,0,7,12,17,0,-1,0,1,0,0,0,0,-1,0,13,0,0,16,0,825.23
0,15,0,0,0,0,12,1,0,0,-1,0,0,0,0,0,0,-1,0,23,0,0,23,0,189.27
0,13,0,0,0,0,6,5,7,0,-1,0,1,0,0,0,0,-1,0,16,1,0,12,0,356.96
0,8,0,0,0,0,6,7,3,0,-1,0,0,0,0,0,0,-1,0,15,0,0,17,0,761.77
0,14,0,0,0,0,12,1,1,0,-1,0,0,0,0,0,0,-1,0,22,0,0,23,0,190.75
0,5,1,0,1,1,4,15,29,0,-1,0,9,0,0,0,0,-1,1,12,0,0,14,0,1158.67
0,6,0,0,0,0,13,12,13,0,-1,0,2,0,0,0,0,-1,0,12,1,0,19,0,1710.04
0,9,0,0,0,0,4,13,10,0,-1,0,1,0,0,0,0,-1,0,15,0,0,15,0,399.86
0,1,2,0,0,0,7,28,50,0,-1,0,26,0,0,0,0,-1,0,10,2,0,14,0,1277.18
0,17,0,0,0,0,18,2,7,0,-1,0,0,0,0,0,0,-1,0,9,0,0,7,0,364.14
0,16,0,0,0,1,19,5,1,0,-1,0,0,0,0,0,0,-1,0,8,0,0,12,0,452.44
0,13,1,0,0,1,16,13,14,0,-1,0,0,0,0,0,0,-1,0,5,0,1,8,0,875.97
5,4,68,12,20,7,10,17,141,1,-1,4,69,0,0,1,8,-1,1,4,43,23,11,0,2329.77
0,15,0,0,0,0,8,4,4,0,-1,0,0,0,0,0,0,-1,0,17,0,0,12,0,430.48
0,14,0,0,0,0,7,3,4,0,-1,0,1,0,0,0,0,-1,0,17,0,0,13,0,386.32
3,7,19,0,0,5,5,34,81,1,-1,0,50,0,1,0,0,-1,0,7,1,1,6,0,2777.4
0,14,0,0,0,0,20,3,1,0,-1,0,0,0,0,0,0,-1,0,19,0,0,26,0,640.83
0,14,0,0,0,0,7,11,4,0,-1,0,1,0,0,0,0,-1,0,15,0,0,10,0,1218.28
0,13,0,0,0,0,7,22,5,0,-1,0,0,0,0,0,0,-1,0,12,0,0,7,0,296.82
0,13,0,0,0,0,14,16,27,0,-1,0,1,0,0,0,0,-1,0,5,0,1,6,0,873.55
0,8,0,0,1,0,15,4,5,0,-1,0,1,0,0,0,0,-1,0,11,0,0,18,0,189.59
0,9,5,0,0,1,5,35,30,0,-1,0,15,0,0,0,0,-1,0,8,0,1,5,0,2399.84
4,7,42,0,0,5,5,36,96,2,-1,0,75,0,3,1,0,-1,1,6,3,5,6,0,2976.33
0,14,0,0,0,0,7,4,6,0,-1,0,1,0,0,0,0,-1,0,17,0,0,13,0,358.91
0,10,0,0,0,0,4,9,8,0,-1,0,1,0,0,0,0,-1,0,15,0,0,15,0,450.55
0,16,1,0,0,0,15,8,14,0,-1,0,0,0,0,0,0,-1,0,8,0,0,5,0,423.11
0,12,0,0,0,0,6,25,9,1,-1,0,1,0,0,0,0,-1,0,12,0,0,8,0,389.32
0,10,1,0,0,0,5,34,17,0,-1,0,5,0,0,0,0,-1,0,10,0,0,6,0,773.39
0,16,0,0,0,0,10,11,3,0,-1,0,0,0,0,0,0,-1,0,14,0,0,7,0,776.56
9,5,80,8,2,54,5,31,162,5,-1,4,37,0,5,2,0,-1,1,6,3,13,7,1,2921.8
0,17,0,0,0,0,13,11,3,2,-1,0,0,0,0,0,0,-1,0,13,0,0,5,0,259.69
0,21,0,0,0,0,22,0,0,0,-1,0,0,0,0,0,0,-1,0,13,0,0,12,0,326.18
0,18,0,0,0,0,11,2,1,0,-1,0,0,0,0,0,0,-1,0,18,0,0,12,0,233.03
0,2,2,0,2,1,6,26,53,0,-1,0,34,0,0,0,0,-1,0,10,2,0,14,0,1358.89
0,15,0,0,0,0,22,3,0,0,-1,0,0,0,0,0,0,-1,0,20,0,0,27,0,421.62
0,15,0,0,0,0,11,1,0,0,-1,0,0,0,0,0,0,-1,0,22,0,0,22,0,92.39
0,7,0,0,0,0,6,10,3,0,-1,0,0,0,0,0,0,-1,0,15,0,0,17,0,753.87
0,4,1,0,1,1,4,20,36,1,-1,0,20,0,0,0,0,-1,1,11,2,0,14,0,2260.9
0,11,0,0,0,0,9,1,1,0,-1,0,0,0,0,0,0,-1,0,18,0,0,20,0,199.17
0,12,0,0,0,0,6,25,8,0,-1,0,1,0,0,0,0,-1,0,12,0,0,7,0,445.43
0,13,0,0,0,0,9,27,15,1,-1,0,1,0,0,0,0,-1,0,9,0,0,2,0,520.79
0,7,0,0,0,0,5,11,4,0,-1,0,0,0,0,0,0,-1,0,15,0,0,16,0,840.55
0,3,1,0,1,1,5,23,39,1,-1,0,20,0,0,0,0,-1,0,11,2,0,14,0,2308.69
1,15,1,0,0,0,18,7,3,1,-1,0,0,0,0,0,0,-1,0,7,0,0,10,0,641.53
0,6,0,0,0,0,13,10,12,0,-1,0,2,0,0,0,0,-1,0,12,1,0,19,0,1632.48
0,9,1,0,1,0,3,33,38,0,-1,0,11,0,0,0,0,-1,0,10,1,1,8,0,1917.85
0,4,68,4,0,9,10,19,112,5,-1,0,56,0,1,1,4,-1,0,6,8,8,13,0,2368.24
28,3,43,22,11,36,8,23,168,13,-1,8,39,2,2,5,4,-1,6,5,37,48,11,0,4769.21
2,9,68,0,2,5,11,19,107,0,-1,0,19,0,0,1,0,-1,0,2,11,14,6,0,2226.56
0,16,0,0,0,0,10,14,3,0,-1,0,0,0,0,0,0,-1,0,13,0,0,6,0,256.84
1,10,2,0,0,0,7,37,33,2,-1,0,7,0,0,0,0,-1,1,7,0,0,3,0,1384.91
0,4,0,0,0,0,11,16,27,3,-1,0,3,0,0,0,0,-1,0,11,0,0,17,0,803.75
0,17,0,0,0,0,14,11,7,0,-1,0,0,0,0,0,0,-1,0,12,0,0,4,0,210.24
0,15,0,0,0,0,10,20,5,0,-1,0,0,0,0,0,0,-1,0,13,0,0,6,0,304.98
35,1,77,4,1,24,6,28,152,7,-1,0,39,2,3,8,0,-1,6,6,7,11,11,0,3453.18
6,7,85,0,0,15,6,32,136,3,-1,0,72,0,2,3,0,-1,1,5,2,7,5,0,3360.14
0,17,0,0,0,0,12,9,3,0,-1,0,0,0,0,0,0,-1,0,14,0,0,6,0,222.42
1,10,0,0,1,0,3,10,15,2,-1,0,0,0,0,0,0,-1,0,14,3,0,12,0,447.97
1,11,1,0,0,0,8,36,38,0,-1,0,8,0,0,1,0,-1,0,7,0,0,2,0,702.31
0,17,0,0,0,0,11,5,1,0,-1,0,0,0,0,0,0,-1,0,15,0,0,8,0,639.31
0,14,0,0,0,0,7,2,1,0,-1,0,0,0,0,0,0,-1,0,19,0,0,16,0,950.46
0,9,0,0,0,0,4,11,5,0,-1,0,0,0,0,0,0,-1,0,15,0,0,16,0,442.11
0,11,0,0,0,0,8,35,16,0,-1,0,2,0,0,0,0,-1,0,9,0,0,3,0,1238.98
1,3,0,0,0,1,10,22,44,1,-1,0,5,0,0,2,0,-1,0,9,0,0,16,0,1492.12
0,12,0,0,0,0,13,0,1,0,-1,0,0,0,0,0,0,-1,0,20,0,0,24,0,194.88
0,5,1,0,1,1,3,15,30,0,-1,0,15,0,0,0,0,-1,1,12,0,0,14,0,2225.42
0,18,0,0,0,0,13,4,2,0,-1,0,0,0,0,0,0,-1,0,15,0,0,8,0,201.01
0,5,0,0,0,0,7,12,10,0,-1,0,0,0,0,0,0,-1,0,14,0,0,17,0,856.99
1,3,0,0,0,1,10,24,47,1,-1,0,9,0,0,1,0,-1,0,9,0,0,15,0,1386.18
0,9,0,0,0,0,4,11,5,0,-1,0,0,0,0,0,0,-1,0,15,0,0,16,0,825.26
0,13,1,0,0,0,13,17,27,0,-1,0,0,0,0,0,0,-1,0,6,0,1,3,0,1941.38
0,5,0,0,0,0,10,8,11,1,-1,0,0,0,0,0,0,-1,0,13,0,0,18,0,1089.03
0,19,0,0,0,0,18,1,6,0,-1,0,0,0,0,0,0,-1,0,11,0,0,8,0,442.66
4,1,74,8,4,40,7,25,133,3,-1,4,45,0,3,3,0,-1,2,7,5,4,12,0,4155.93
0,14,0,0,0,0,8,13,3,0,-1,0,0,0,0,0,0,-1,0,14,0,0,8,0,336.78
6,4,29,62,50,28,9,16,164,12,-1,1,55,5,4,2,4,-1,2,4,12,48,10,4,4254.93
0,16,0,0,0,0,11,8,2,0,-1,0,0,0,0,0,0,-1,0,14,0,0,7,0,210.91
1,15,0,0,0,0,18,5,1,0,-1,0,0,0,0,0,0,-1,0,7,0,0,11,0,592.82
0,17,0,0,0,0,10,0,1,0,-1,0,0,0,0,0,0,-1,0,20,0,0,16,0,894.85
0,11,0,0,0,0,18,3,2,0,-1,0,0,0,0,0,0,-1,0,16,0,0,23,0,564.62
0,13,1,0,0,0,11,21,21,0,-1,0,1,0,0,0,0,-1,0,8,0,0,0,0,2048.89
6,3,76,8,1,7,9,22,125,0,-1,0,63,0,0,1,0,-1,0,6,13,11,12,0,1896.02
0,14,0,0,0,0,10,2,0,0,-1,0,0,0,0,0,0,-1,0,21,0,0,21,0,91.89
0,13,0,0,0,0,6,15,4,1,-1,0,1,0,0,0,0,-1,0,14,1,0,10,0,410.3
0,11,17,0,0,0,13,16,53,3,-1,0,8,0,0,1,0,-1,0,3,0,1,7,0,1156.55
0,11,0,0,0,0,7,5,0,0,-1,0,0,0,0,0,0,-1,0,18,0,0,18,0,357.83
0,17,0,0,0,0,10,0,1,0,-1,0,0,0,0,0,0,-1,0,19,0,0,14,0,309.15
0,11,0,0,0,0,13,0,2,0,-1,0,0,0,0,0,0,-1,0,19,0,0,23,0,139.98
0,15,0,0,0,0,11,1,0,0,-1,0,0,0,0,0,0,-1,0,22,0,0,22,0,185.5
0,9,0,0,1,0,16,5,3,0,-1,0,1,0,0,0,0,-1,0,12,0,0,19,0,187.49
0,17,0,0,0,0,9,0,1,0,-1,0,0,0,0,0,0,-1,0,20,0,0,16,0,151.89
0,17,0,0,0,0,19,6,1,0,-1,0,1,0,0,0,0,-1,0,8,0,0,10,0,396.19
4,6,26,0,3,19,3,37,91,0,-1,0,62,0,1,0,0,-1,1,7,3,2,8,1,2900.38
0,12,0,0,1,1,5,17,7,0,-1,0,0,0,0,0,0,-1,0,14,0,0,10,0,1487.01
0,11,0,0,0,0,9,2,0,0,-1,0,0,0,0,0,0,-1,0,19,0,0,20,0,203.26
22,4,61,4,4,47,4,36,142,4,-1,0,30,1,1,0,4,-1,0,6,3,8,8,2,2917.11
0,14,0,0,0,0,11,18,18,0,-1,0,1,0,0,0,0,-1,0,9,0,0,1,0,550.23
0,14,0,0,0,0,7,2,2,0,-1,0,0,0,0,0,0,-1,0,18,0,0,16,0,1257.94
0,5,0,0,0,0,10,9,13,2,-1,0,1,0,0,0,0,-1,0,13,0,0,18,0,992.79
0,6,0,0,0,0,12,7,11,0,-1,0,0,0,0,0,0,-1,0,14,0,0,19,0,1164.66
0,11,10,0,0,1,14,12,38,0,-1,0,6,0,0,0,0,-1,0,3,0,0,8,0,1069.69
0,17,0,0,0,0,15,10,13,0,-1,0,0,0,0,0,0,-1,0,11,0,0,4,0,248.92
0,14,0,0,0,0,7,15,5,0,-1,0,1,0,0,0,0,-1,0,14,0,0,9,0,296.34
6,6,71,0,0,12,5,36,130,1,-1,0,75,0,1,0,0,-1,0,6,4,8,6,0,3268.54
0,19,0,0,0,0,13,4,1,0,-1,0,0,0,0,0,0,-1,0,16,0,0,9,0,226.38
1,13,1,0,0,0,16,13,14,0,-1,0,0,0,0,0,0,-1,0,5,0,1,8,0,751.54
0,8,0,0,1,0,16,6,3,0,-1,0,1,0,0,0,0,-1,0,12,0,0,19,0,192.39
0,15,0,0,0,0,14,0,1,0,-1,0,0,0,0,0,0,-1,0,23,0,0,25,0,230.38
0,6,0,0,0,0,11,7,11,1,-1,0,0,0,0,0,0,-1,0,14,0,0,19,0,1247.74
0,15,0,0,0,0,11,1,0,0,-1,0,0,0,0,0,0,-1,0,22,0,0,22,0,92.46
0,17,0,0,0,0,17,2,7,0,-1,0,0,0,0,0,0,-1,0,9,0,0,7,0,446.47
0,10,0,0,0,0,17,4,3,1,-1,0,0,0,0,0,0,-1,0,15,1,0,22,0,579.33
0,9,0,0,0,0,14,2,5,1,-1,0,0,0,0,0,0,-1,0,17,0,0,23,0,822.88
0,13,0,0,0,0,8,3,0,0,-1,0,0,0,0,0,0,-1,0,19,0,0,19,0,166.45
0,17,0,0,0,0,11,6,2,0,-1,0,0,0,0,0,0,-1,0,15,0,0,8,0,112.17
14,5,60,8,1,52,6,28,179,3,-1,0,42,0,3,2,8,-1,1,5,6,46,7,3,3414.92
1,8,2,0,3,0,2,25,27,0,-1,0,6,1,0,0,0,-1,0,11,1,0,9,0,1784.39
0,13,0,0,0,0,17,0,1,0,-1,0,0,0,0,0,0,-1,0,21,0,0,26,0,281.78
0,11,0,0,0,0,15,1,4,0,-1,0,0,0,0,0,0,-1,0,18,0,0,24,0,936.91
0,13,0,0,0,0,6,14,5,1,-1,0,1,0,0,0,0,-1,0,14,1,0,10,0,1514.69
0,16,1,0,0,0,16,6,9,0,-1,0,0,0,0,0,0,-1,0,8,0,0,6,0,460.78
0,9,0,0,0,0,6,8,3,0,-1,0,0,0,0,0,0,-1,0,16,0,0,17,0,475.21
0,11,0,0,0,0,17,3,2,0,-1,0,0,0,0,0,0,-1,0,16,0,0,23,0,569.64
0,16,0,0,0,0,10,5,1,0,-1,0,0,0,0,0,0,-1,0,17,0,0,11,0,1136.87
0,13,0,0,0,0,18,0,1,0,-1,0,0,0,0,0,0,-1,0,21,0,0,26,0,197.6
0,13,0,0,0,0,14,0,1,0,-1,0,0,0,0,0,0,-1,0,21,0,0,24,0,166.83
0,16,0,0,0,0,8,1,1,0,-1,0,0,0,0,0,0,-1,0,18,0,0,13,0,1162.62
0,15,0,0,0,0,14,0,1,1,-1,0,0,0,0,0,0,-1,0,23,0,0,25,0,177.89
0,11,0,0,0,1,3,8,10,0,-1,0,0,0,0,0,0,-1,0,15,2,0,13,0,504.05
0,9,0,0,0,0,13,2,6,0,-1,0,0,0,0,0,0,-1,0,17,0,0,22,0,765.04
0,13,0,0,0,0,8,28,12,0,-1,0,1,0,0,0,0,-1,0,10,0,0,4,0,663.1
3,3,75,4,1,9,10,21,118,0,-1,0,59,0,1,1,4,-1,0,6,12,11,12,0,2320.32
2,2,12,0,2,16,5,24,81,2,-1,0,58,1,0,2,0,-1,0,9,2,1,12,0,2764.7
0,12,0,0,0,0,9,2,0,0,-1,0,0,0,0,0,0,-1,0,19,0,0,20,0,214.26
0,12,2,0,0,0,12,16,48,0,-1,0,4,0,0,0,0,-1,0,5,0,0,3,1,729.88
0,16,0,0,0,0,14,12,14,0,-1,0,0,0,0,0,0,-1,0,11,0,0,3,0,436.59
0,12,0,0,0,1,8,35,14,0,-1,0,1,0,0,0,0,-1,0,8,0,0,2,0,512.69
0,9,0,0,0,0,15,5,3,0,-1,0,0,0,0,0,0,-1,0,14,0,0,21,0,609.22
1,2,15,0,0,5,9,24,79,0,-1,0,43,0,0,1,0,-1,0,8,1,0,14,0,1288.58
0,4,0,0,0,0,9,13,23,1,-1,0,1,0,0,0,0,-1,0,12,0,0,17,0,1101.68
39,3,80,12,4,18,5,29,174,10,-1,0,27,0,13,4,0,-1,3,6,8,19,10,2,3588.15
4,1,75,8,4,30,7,24,128,6,-1,4,54,0,4,3,0,-1,2,7,2,2,12,0,2644.11
1,11,3,0,0,0,8,35,39,0,-1,0,9,0,0,1,0,-1,0,7,0,0,2,0,714.45
0,11,0,0,0,0,11,0,1,0,-1,0,0,0,0,0,0,-1,0,19,0,0,22,0,203.28
0,17,0,0,0,0,10,1,1,0,-1,0,0,0,0,0,0,-1,0,21,0,0,19,0,263.33
0,13,0,0,0,0,9,28,12,0,-1,0,1,0,0,0,0,-1,0,10,0,0,4,0,617.87
0,14,0,0,0,0,13,0,1,0,-1,0,0,0,0,0,0,-1,0,22,0,0,24,0,236.88
1,3,1,0,0,1,11,19,53,1,-1,0,9,0,1,1,0,-1,0,9,0,0,15,0,1189.21
0,17,0,0,0,0,13,11,6,0,-1,0,0,0,0,0,0,-1,0,12,0,0,4,0,244.75
0,19,0,0,0,0,12,2,0,0,-1,0,0,0,0,0,0,-1,0,18,0,0,12,0,218.23
0,10,32,0,1,2,12,17,85,1,-1,0,14,0,0,2,0,-1,0,3,2,2,5,0,1534.64
41,3,81,4,3,20,5,32,172,5,-1,0,27,1,19,4,4,-1,0,6,9,18,9,2,3229.69
0,9,0,0,0,0,6,5,2,0,-1,0,0,0,0,0,0,-1,0,16,0,0,17,0,784.6
0,4,0,0,0,0,10,17,25,1,-1,0,2,0,0,0,0,-1,0,12,0,0,17,0,1242.7
0,15,0,0,0,0,14,0,1,0,-1,0,0,0,0,0,0,-1,0,23,0,0,25,0,171.98
0,12,0,0,0,1,4,6,7,0,-1,0,0,0,0,0,0,-1,0,15,2,0,12,0,1035.16
2,8,19,0,0,6,5,33,82,1,-1,0,46,0,1,0,0,-1,0,7,0,1,6,0,2782.54
0,19,0,0,0,0,14,4,2,0,-1,0,0,0,0,0,0,-1,0,16,0,0,8,0,164.38
0,7,0,0,0,0,12,5,10,0,-1,0,0,0,0,0,0,-1,0,15,0,0,20,0,968.88
0,11,0,0,0,0,18,3,2,0,-1,0,0,0,0,0,0,-1,0,17,0,0,24,0,551.92
0,6,0,0,0,0,10,5,10,0,-1,0,0,0,0,0,0,-1,0,14,0,0,19,0,762.73
15,3,30,4,6,26,3,32,109,6,-1,0,41,1,7,1,0,-1,3,8,5,3,10,0,2943.14
0,6,0,0,0,0,10,6,11,1,-1,0,0,0,0,0,0,-1,0,14,0,0,19,0,734.28
0,17,0,0,0,0,12,1,0,0,-1,0,0,0,0,0,0,-1,0,23,0,0,22,0,102.55
0,13,0,0,0,0,6,8,7,0,-1,0,1,0,0,0,0,-1,0,15,1,0,11,0,458.11
0,17,0,0,0,0,11,6,2,0,-1,0,0,0,0,0,0,-1,0,15,0,0,8,0,112.2
1,9,1,0,2,0,1,16,21,1,-1,0,0,1,0,0,0,-1,0,13,2,0,11,0,1709.3
0,2,0,0,0,0,8,21,32,0,-1,0,7,0,0,0,0,-1,0,11,0,0,15,0,1101.19
0,15,1,0,0,0,16,12,10,0,-1,0,0,0,0,0,0,-1,0,7,0,0,6,0,561.27
0,17,0,0,0,0,10,1,1,0,-1,0,0,0,0,0,0,-1,0,18,0,0,13,0,260.04
0,12,0,0,0,0,12,0,1,0,-1,0,0,0,0,0,0,-1,0,20,0,0,23,0,142.56
1,7,11,0,3,9,3,37,64,4,-1,0,52,0,0,0,0,-1,2,8,3,1,8,0,2450.38
46,2,77,16,4,21,6,26,162,10,-1,8,34,1,5,10,0,-1,4,6,7,20,11,1,3863.08
0,19,0,0,0,0,14,4,2,0,-1,0,0,0,0,0,0,-1,0,16,0,0,8,0,159.47
0,6,0,0,0,0,12,12,12,0,-1,0,1,0,0,0,0,-1,0,13,0,0,19,0,630.26
0,20,0,0,0,0,21,2,0,0,-1,0,0,0,0,0,0,-1,0,11,0,0,12,0,427.7
1,3,0,0,0,0,10,24,43,3,-1,0,8,0,0,0,0,-1,0,10,0,0,15,0,1340.35
0,16,0,0,0,0,10,7,2,0,-1,0,0,0,0,0,0,-1,0,15,0,0,8,0,659.0
0,17,0,0,0,0,11,4,0,0,-1,0,0,0,0,0,0,-1,0,16,0,0,9,0,105.62
0,11,10,0,0,1,14,16,50,2,-1,0,7,0,0,1,0,-1,0,3,0,1,7,1,1560.32
0,14,0,0,0,0,7,7,4,1,-1,0,1,0,0,0,0,-1,0,16,0,0,11,0,1216.64
0,11,1,0,0,0,5,29,15,0,-1,0,2,0,0,0,0,-1,0,11,1,0,7,0,1655.83
0,18,0,0,0,0,11,3,1,0,-1,0,0,0,0,0,0,-1,0,17,0,0,10,0,647.89
1,10,0,0,1,0,3,10,13,0,-1,0,0,0,0,0,0,-1,0,14,2,0,12,0,1536.19
30,4,25,43,44,38,8,20,188,15,-1,6,37,4,4,2,14,-1,2,4,27,24,10,7,4199.33
0,18,0,0,0,0,11,0,1,0,-1,0,0,0,0,0,0,-1,0,19,0,0,14,0,1106.83
0,7,6,0,1,1,2,38,50,1,-1,0,29,0,0,0,0,-1,1,9,5,1,8,0,2032.32
0,9,74,0,0,3,13,15,91,0,-1,0,18,0,0,0,0,-1,0,2,8,4,9,0,4842.5
0,10,1,0,0,0,4,31,22,0,-1,0,3,0,0,0,0,-1,0,10,1,0,7,0,1681.71
0,15,0,0,0,0,9,3,1,0,-1,0,0,0,0,0,0,-1,0,20,0,0,18,0,1233.67
0,5,5,0,2,6,1,24,40,1,-1,0,19,1,0,0,0,-1,0,10,4,0,11,0,2062.7
0,18,0,0,0,0,12,2,0,0,-1,0,0,0,0,0,0,-1,0,17,0,0,10,0,119.58
1,5,0,0,0,0,12,12,18,0,-1,0,2,0,0,0,0,-1,0,11,1,0,17,0,1957.33
0,10,0,0,0,0,17,4,3,0,-1,0,0,0,0,0,0,-1,0,15,0,0,22,0,571.97
0,16,0,0,0,0,10,8,1,0,-1,0,0,0,0,0,0,-1,0,14,0,0,8,0,217.15
0,17,0,0,0,0,13,1,0,0,-1,0,0,0,0,0,0,-1,0,24,0,0,23,0,88.71
0,19,0,0,0,0,21,3,0,0,-1,0,0,0,0,0,0,-1,0,11,0,0,12,0,543.98
0,15,0,0,0,0,12,12,7,0,-1,0,0,0,0,0,0,-1,0,10,0,0,2,0,518.45
0,15,0,0,0,0,13,0,1,0,-1,0,0,0,0,0,0,-1,0,23,0,0,24,0,194.15
0,16,0,0,0,0,18,8,4,0,-1,0,1,0,0,0,0,-1,0,8,0,0,8,0,469.42
7,3,12,0,3,17,4,27,82,1,-1,0,51,2,1,2,0,-1,0,9,5,2,11,0,2945.39
0,11,0,0,0,1,4,6,6,0,-1,0,0,0,0,0,0,-1,0,15,2,0,13,0,1089.9
0,19,0,0,0,0,12,0,1,0,-1,0,0,0,0,0,0,-1,0,22,0,0,18,0,150.05
0,6,0,0,0,0,9,6,6,0,-1,0,0,0,0,0,0,-1,0,14,0,0,18,0,952.68
0,3,0,0,0,0,9,21,30,0,-1,0,7,0,0,0,0,-1,0,11,0,0,16,0,1157.68
0,15,0,0,0,0,8,5,2,0,-1,0,0,0,0,0,0,-1,0,16,0,0,10,0,1151.66
2,3,12,0,0,2,10,19,75,2,-1,0,13,0,1,1,0,-1,0,8,0,0,14,0,1643.98
2,8,22,0,0,5,5,34,79,0,-1,0,38,0,1,0,0,-1,0,7,0,1,5,0,1823.91
0,11,0,0,0,1,4,8,6,0,-1,0,0,0,0,0,0,-1,0,15,0,0,13,0,1364.78
0,16,1,0,0,0,16,7,9,0,-1,0,0,0,0,0,0,-1,0,8,0,0,6,0,412.48
0,16,0,0,0,0,12,11,7,0,-1,0,0,0,0,0,0,-1,0,12,0,0,4,0,214.34
0,7,0,0,0,0,4,13,17,0,-1,0,0,0,0,0,0,-1,0,14,0,0,15,0,977.18
1,13,1,0,0,0,15,13,16,0,-1,0,0,0,0,0,0,-1,0,4,0,1,8,0,895.73
0,12,2,0,0,0,13,15,38,0,-1,0,1,0,0,0,0,-1,0,5,0,0,4,1,1957.37
0,19,0,0,0,0,14,4,2,0,-1,0,0,0,0,0,0,-1,0,16,0,0,8,0,159.47
5,8,63,0,9,5,11,13,139,3,-1,0,26,3,1,0,4,-1,2,0,54,35,8,0,5377.18
0,14,0,0,0,0,12,0,1,0,-1,0,0,0,0,0,0,-1,0,22,0,0,23,0,257.39
0,12,0,0,0,0,8,3,0,0,-1,0,0,0,0,0,0,-1,0,19,0,0,18,0,194.93
0,13,0,0,0,1,15,16,25,0,-1,0,1,0,0,0,0,-1,0,4,0,2,7,0,988.62
0,14,0,0,0,0,9,3,0,0,-1,0,0,0,0,0,0,-1,0,20,0,0,20,0,120.27
0,13,0,0,0,0,6,4,5,0,-1,0,1,0,0,0,0,-1,0,17,0,0,15,0,1025.82
0,16,0,0,0,0,10,8,1,0,-1,0,0,0,0,0,0,-1,0,14,0,0,7,0,822.2
0,19,0,0,0,0,12,1,1,0,-1,0,0,0,0,0,0,-1,0,19,0,0,13,0,1347.57
0,16,0,0,0,0,14,11,14,0,-1,0,0,0,0,0,0,-1,0,11,0,0,3,0,231.98
0,14,0,0,0,0,9,3,0,0,-1,0,0,0,0,0,0,-1,0,20,0,0,19,0,903.2
0,18,0,0,0,0,11,0,1,0,-1,0,0,0,0,0,0,-1,0,20,0,0,14,0,1157.84
0,19,0,0,0,0,21,2,0,0,-1,0,0,0,0,0,0,-1,0,11,0,0,11,0,427.08
0,16,0,0,0,0,12,12,3,1,-1,0,0,0,0,0,0,-1,0,12,0,0,4,0,247.41
0,19,0,0,0,0,12,2,0,0,-1,0,0,0,0,0,0,-1,0,18,0,0,12,0,216.08
13,7,17,56,36,13,9,19,175,14,-1,6,54,9,1,9,24,-1,14,1,31,38,7,17,6193.84
0,12,0,0,0,0,19,2,1,0,-1,0,0,0,0,0,0,-1,0,14,0,0,22,0,222.06
0,13,0,0,0,0,6,4,3,0,-1,0,0,0,0,0,0,-1,0,17,0,0,16,0,995.28
0,16,0,0,0,0,11,2,0,0,-1,0,0,0,0,0,0,-1,0,22,0,0,21,0,115.73
0,17,0,0,0,0,11,4,1,0,-1,0,0,0,0,0,0,-1,0,16,0,0,9,0,181.48
0,13,0,0,0,0,6,4,7,0,-1,0,1,0,0,0,0,-1,0,16,0,0,13,0,945.71
0,3,1,0,0,2,10,23,50,0,-1,0,9,0,1,1,0,-1,0,9,0,0,15,0,1287.16
0,18,0,0,0,0,12,4,1,0,-1,0,0,0,0,0,0,-1,0,16,0,0,9,0,100.61
0,19,0,0,0,0,14,5,2,0,-1,0,0,0,0,0,0,-1,0,15,0,0,7,0,201.62
0,12,0,0,0,0,12,0,1,0,-1,0,0,0,0,0,0,-1,0,20,0,0,23,0,210.19
0,13,0,0,0,0,7,18,5,0,-1,0,1,0,0,0,0,-1,0,13,0,0,8,0,266.65
0,12,0,0,0,0,5,5,6,0,-1,0,1,0,0,0,0,-1,0,16,0,0,14,0,1028.41
0,12,0,0,0,1,9,31,14,0,-1,0,1,0,0,0,0,-1,0,8,0,0,2,0,1049.67
0,10,1,0,0,0,5,35,18,0,-1,0,6,0,0,0,0,-1,0,10,0,0,6,0,1578.82
0,16,0,0,0,0,12,11,3,1,-1,0,0,0,0,0,0,-1,0,12,0,0,4,0,221.53
0,16,0,0,0,0,13,0,0,0,-1,0,0,0,0,0,0,-1,0,23,0,0,24,0,187.67
0,12,3,0,0,1,14,14,26,0,-1,0,1,0,0,0,0,-1,0,4,0,0,8,0,995.91
0,18,0,0,0,0,15,11,2,0,-1,0,0,0,0,0,0,-1,0,13,0,0,5,0,261.88
0,15,0,0,0,0,12,11,7,0,-1,0,0,0,0,0,0,-1,0,11,0,0,3,0,220.63
1,9,77,0,4,5,12,17,118,2,-1,0,21,0,0,0,0,-1,0,1,11,10,7,0,1985.27
0,15,0,0,0,0,11,16,8,0,-1,0,0,0,0,0,0,-1,0,11,0,0,3,0,505.23
0,7,0,0,0,0,9,5,5,0,-1,0,0,0,0,0,0,-1,0,15,0,0,19,0,723.16
0,13,1,0,0,0,14,17,29,0,-1,0,0,0,0,0,0,-1,0,5,0,0,5,0,587.94
0,17,0,0,0,0,20,5,1,0,-1,0,1,0,0,0,0,-1,0,9,0,0,11,0,476.06
0,17,0,0,0,0,10,4,1,0,-1,0,0,0,0,0,0,-1,0,16,0,0,10,0,260.56
0,2,2,0,0,0,7,28,48,0,-1,0,19,0,0,0,0,-1,0,10,3,0,15,0,1265.15
0,17,0,0,0,0,12,0,0,0,-1,0,0,0,0,0,0,-1,0,23,0,0,22,0,90.0
0,14,0,0,0,0,8,13,3,0,-1,0,0,0,0,0,0,-1,0,14,0,0,8,0,356.16
0,19,0,0,0,0,13,1,0,0,-1,0,0,0,0,0,0,-1,0,18,0,0,11,0,104.21
0,11,0,0,0,0,4,8,7,0,-1,0,1,0,0,0,0,-1,0,15,0,0,14,0,367.69
0,15,0,0,0,0,15,0,1,0,-1,0,0,0,0,0,0,-1,0,23,0,0,26,0,130.22
0,16,0,0,0,0,9,3,1,0,-1,0,0,0,0,0,0,-1,0,17,0,0,12,0,1193.94
7,6,19,0,2,14,3,35,78,0,-1,0,59,2,0,0,0,-1,2,8,3,2,8,1,2444.99
0,13,0,0,0,0,6,4,7,0,-1,0,1,0,0,0,0,-1,0,16,0,0,13,0,292.05
0,15,0,0,0,0,8,2,1,0,-1,0,0,0,0,0,0,-1,0,20,0,0,18,0,1242.02
0,12,0,0,0,0,9,29,13,0,-1,0,1,0,0,0,0,-1,0,9,0,0,3,0,1137.78
0,13,0,0,1,1,5,7,7,0,-1,0,0,0,0,0,0,-1,0,15,0,0,12,0,1202.17
5,6,57,0,0,9,5,37,112,1,-1,0,73,0,3,2,0,-1,1,6,4,7,6,0,3285.92
1,13,1,0,0,0,16,13,14,0,-1,0,0,0,0,0,0,-1,0,5,0,1,8,0,900.5
4,6,7,0,4,2,1,28,48,2,-1,0,26,0,0,0,0,-1,0,10,3,0,10,0,2150.26
0,16,0,0,0,0,10,12,3,0,-1,0,0,0,0,0,0,-1,0,14,0,0,6,0,244.58
0,13,0,0,0,0,10,2,0,0,-1,0,0,0,0,0,0,-1,0,20,0,0,21,0,110.42
0,7,2,0,1,0,0,19,32,0,-1,0,10,2,0,0,0,-1,0,12,2,0,11,0,2095.76
0,9,0,0,1,0,16,5,4,1,-1,0,0,0,0,0,0,-1,0,14,0,0,21,0,787.19
4,1,75,8,4,40,7,26,133,3,-1,4,45,0,3,3,0,-1,1,7,5,4,12,0,2621.75
0,21,0,0,0,0,22,0,0,0,-1,0,0,0,0,0,0,-1,0,13,0,0,12,0,309.14
0,7,0,0,1,1,14,8,12,0,-1,0,2,0,0,0,0,-1,0,10,0,0,18,0,206.82
0,8,0,0,0,0,13,2,7,1,-1,0,0,0,0,0,0,-1,0,16,0,0,21,0,272.99
0,11,0,0,0,1,4,8,7,0,-1,0,0,0,0,0,0,-1,0,15,1,0,13,0,1622.04
0,12,0,0,0,0,6,5,3,0,-1,0,0,0,0,0,0,-1,0,17,0,0,16,0,192.53
0,14,0,0,0,0,6,4,7,0,-1,0,1,0,0,0,0,-1,0,17,0,0,13,0,926.33
0,5,0,0,0,0,8,8,8,0,-1,0,0,0,0,0,0,-1,0,14,0,0,17,0,941.66
0,10,0,0,0,0,7,4,0,0,-1,0,0,0,0,0,0,-1,0,18,0,0,19,0,164.74
3,2,45,0,0,5,9,22,102,1,-1,0,58,0,1,2,0,-1,0,7,3,0,13,0,2200.44
0,14,0,0,0,0,9,3,0,0,-1,0,0,0,0,0,0,-1,0,20,0,0,20,0,109.86
0,17,0,0,0,0,15,10,13,0,-1,0,0,0,0,0,0,-1,0,11,0,0,4,0,246.89
0,16,0,0,0,0,9,1,2,0,-1,0,0,0,0,0,0,-1,0,18,0,0,14,0,172.3
0,18,0,0,0,0,11,0,1,0,-1,0,0,0,0,0,0,-1,0,20,0,0,15,0,148.3
0,6,72,8,27,9,11,10,127,1,-1,0,46,0,1,2,0,-1,1,3,36,22,11,1,2455.8
0,15,0,0,0,0,8,1,2,0,-1,0,0,0,0,0,0,-1,0,18,0,0,15,0,179.84
0,9,0,0,0,0,6,8,2,0,-1,0,0,0,0,0,0,-1,0,16,0,0,17,0,480.59
0,14,0,0,0,0,12,0,1,0,-1,0,0,0,0,0,0,-1,0,22,0,0,23,0,230.07
0,17,0,0,0,0,11,3,1,0,-1,0,0,0,0,0,0,-1,0,17,0,0,10,0,226.38
0,12,0,0,0,0,12,0,1,0,-1,0,0,0,0,0,0,-1,0,20,0,0,23,0,230.73
0,14,0,0,0,0,7,16,3,0,-1,0,0,0,0,0,0,-1,0,13,0,0,8,0,450.8
0,10,0,0,0,0,17,3,2,0,-1,0,0,0,0,0,0,-1,0,16,0,0,23,0,576.82
0,17,0,0,0,0,18,2,7,0,-1,0,0,0,0,0,0,-1,0,9,0,0,7,0,365.13
48,4,22,12,3,32,6,29,184,3,-1,4,23,0,9,8,0,-1,2,4,22,48,8,3,3865.21
5,2,14,0,2,19,5,27,87,4,-1,0,54,1,0,3,0,-1,0,9,1,0,12,0,2895.08
0,13,1,0,0,0,14,16,31,1,-1,0,2,0,0,0,0,-1,0,4,0,1,6,0,654.29
0,19,0,0,0,0,11,0,1,0,-1,0,0,0,0,0,0,-1,0,22,0,0,17,0,154.88
0,16,0,0,0,0,18,6,1,0,-1,0,1,0,0,0,0,-1,0,8,0,0,9,0,393.83
1,9,67,0,5,5,11,19,115,3,-1,0,19,0,0,1,0,-1,2,1,10,14,6,0,1996.92
0,11,20,0,0,0,12,17,79,1,-1,0,8,0,0,2,0,-1,0,3,3,1,5,1,1654.23
1,2,0,0,0,0,9,25,46,3,-1,0,8,0,0,0,0,-1,0,10,0,0,15,0,1337.69
0,14,0,0,0,0,9,24,8,0,-1,0,0,0,0,0,0,-1,0,12,0,0,5,0,259.56
0,13,0,0,0,0,7,3,1,0,-1,0,0,0,0,0,0,-1,0,19,0,0,17,0,146.01
0,19,0,0,0,0,19,0,2,0,-1,0,0,0,0,0,0,-1,0,11,0,0,9,0,355.35
0,16,0,0,0,0,9,5,1,0,-1,0,0,0,0,0,0,-1,0,17,0,0,12,0,1213.41
0,18,0,0,0,0,12,5,1,0,-1,0,0,0,0,0,0,-1,0,16,0,0,9,0,218.32
0,13,0,0,0,0,9,25,12,1,-1,0,1,0,0,0,0,-1,0,10,0,0,3,0,281.52
0,12,0,0,0,0,6,22,6,0,-1,0,1,0,0,0,0,-1,0,13,1,0,9,0,422.21
23,3,43,16,5,24,6,26,189,8,-1,4,28,1,17,9,4,-1,3,5,14,46,9,4,3952.6
0,10,1,0,0,0,4,33,20,0,-1,0,3,0,0,0,0,-1,0,10,1,0,7,0,1590.61
0,11,0,0,0,1,4,8,6,0,-1,0,0,0,0,0,0,-1,0,15,0,0,13,0,1272.26
0,8,7,0,1,4,3,35,44,1,-1,0,25,0,0,0,0,-1,2,8,3,1,7,0,2639.67
0,11,1,0,0,0,5,33,20,0,-1,0,3,0,0,0,0,-1,0,10,0,0,6,0,1703.54
0,19,0,0,0,0,16,8,2,0,-1,0,0,0,0,0,0,-1,0,13,0,0,6,0,194.63
0,13,0,0,0,0,17,0,1,0,-1,0,0,0,0,0,0,-1,0,21,0,0,26,0,285.99
0,14,0,0,0,0,8,20,5,0,-1,0,0,0,0,0,0,-1,0,12,0,0,6,0,257.18
0,10,38,4,2,1,10,17,96,3,-1,0,15,0,0,0,0,-1,0,4,2,0,4,0,2213.89
0,11,0,0,0,0,5,5,3,0,-1,0,0,0,0,0,0,-1,0,17,0,0,16,0,401.86
0,11,0,0,0,0,15,1,3,0,-1,0,0,0,0,0,0,-1,0,19,0,0,24,0,230.65
0,10,3,0,0,0,8,35,44,0,-1,0,11,0,1,0,0,-1,0,7,0,0,2,0,1645.88
0,19,0,0,0,0,12,0,0,0,-1,0,0,0,0,0,0,-1,0,20,0,0,14,0,225.45
0,19,0,0,0,0,16,8,2,0,-1,0,0,0,0,0,0,-1,0,14,0,0,6,0,194.08
0,8,1,0,2,1,1,17,26,0,-1,0,5,1,0,0,0,-1,0,12,2,0,11,0,1761.77
0,7,41,0,0,1,13,7,53,0,-1,0,14,0,0,0,0,-1,0,5,0,1,13,0,1982.15
0,20,0,0,0,0,13,0,1,0,-1,0,0,0,0,0,0,-1,0,22,0,0,18,0,48.2
0,10,0,0,0,0,14,1,4,0,-1,0,0,0,0,0,0,-1,0,18,0,0,23,0,225.53
0,18,0,0,0,0,12,2,0,0,-1,0,0,0,0,0,0,-1,0,17,0,0,10,0,121.77
12,7,18,52,49,12,10,16,173,19,-1,6,54,10,0,11,20,-1,13,1,19,36,7,14,6245.6
1,12,1,0,0,0,15,13,19,0,-1,0,1,0,0,0,0,-1,0,4,0,1,9,0,956.05
0,19,0,0,0,0,19,0,2,0,-1,0,0,0,0,0,0,-1,0,10,0,0,8,0,363.81
0,17,0,0,0,0,12,1,0,0,-1,0,0,0,0,0,0,-1,0,24,0,0,23,0,88.78
1,11,0,0,0,0,9,30,32,0,-1,0,2,0,0,0,0,-1,0,7,0,0,1,0,1251.3
0,13,0,0,0,0,6,15,4,0,-1,0,1,0,0,0,0,-1,0,14,0,0,9,0,357.04
1,7,14,0,3,12,3,36,71,4,-1,0,51,0,0,0,0,-1,2,8,2,0,7,0,2519.1
0,17,0,0,0,0,10,0,1,0,-1,0,0,0,0,0,0,-1,0,20,0,0,16,0,152.14
0,5,0,0,0,2,12,14,28,1,-1,0,2,0,0,0,0,-1,0,9,0,0,16,0,664.81
0,10,0,0,0,0,6,5,3,0,-1,0,0,0,0,0,0,-1,0,17,0,0,17,0,99.63
0,11,0,0,0,0,18,4,1,0,-1,0,0,0,0,0,0,-1,0,15,0,0,23,0,661.8
0,15,2,0,0,0,17,12,9,0,-1,0,1,0,0,0,0,-1,0,7,0,0,8,0,516.13
0,3,0,0,0,0,8,18,29,1,-1,0,2,0,0,0,0,-1,0,12,0,0,16,0,1183.91
2,0,27,0,2,27,6,28,97,4,-1,4,55,1,0,1,4,-1,0,8,5,2,12,0,3027.24
0,4,0,0,0,0,10,17,24,0,-1,0,2,0,0,0,0,-1,0,12,0,0,17,0,1218.52
0,10,0,0,0,0,7,5,0,0,-1,0,0,0,0,0,0,-1,0,17,0,0,18,0,377.39
0,11,0,0,0,0,10,1,1,0,-1,0,0,0,0,0,0,-1,0,19,0,0,21,0,280.68
0,8,0,0,0,0,15,4,5,0,-1,0,1,0,0,0,0,-1,0,10,1,0,18,0,206.6
0,16,0,0,0,0,9,1,2,0,-1,0,0,0,0,0,0,-1,0,19,0,0,15,0,1029.14
0,9,49,0,0,1,13,15,79,0,-1,0,14,0,0,0,0,-1,0,2,4,1,9,0,1390.23
0,0,14,4,2,13,7,29,83,5,-1,8,65,0,0,2,0,-1,1,8,4,1,13,0,3149.53
0,11,17,0,0,0,13,16,55,5,-1,0,9,0,0,1,0,-1,0,3,0,1,7,0,1192.74
0,10,0,0,0,0,17,4,2,0,-1,0,0,0,0,0,0,-1,0,16,0,0,22,0,1625.73
0,14,0,0,0,0,6,4,7,0,-1,0,1,0,0,0,0,-1,0,17,0,0,13,0,912.76
0,12,0,0,0,0,8,3,0,0,-1,0,0,0,0,0,0,-1,0,19,0,0,20,0,179.55
0,12,0,0,0,1,4,6,6,0,-1,0,0,0,0,0,0,-1,0,15,1,0,13,0,1218.54
0,12,0,0,0,1,5,6,7,0,-1,0,0,0,0,0,0,-1,0,15,1,0,12,0,368.39
0,9,1,0,0,0,5,34,25,0,-1,0,9,0,0,0,0,-1,0,9,1,1,6,0,758.94
2,4,14,4,0,1,11,17,65,3,-1,0,12,0,0,0,0,-1,0,7,0,0,14,0,816.68
0,9,0,0,0,0,7,3,0,0,-1,0,0,0,0,0,0,-1,0,17,0,0,19,0,698.17
0,9,0,0,0,0,3,14,15,0,-1,0,1,0,0,0,0,-1,0,14,0,0,14,0,432.31
0,15,0,0,0,0,10,23,4,0,-1,0,0,0,0,0,0,-1,0,12,0,0,5,0,279.36
0,17,0,0,0,0,11,4,1,0,-1,0,0,0,0,0,0,-1,0,16,0,0,9,0,197.19
0,4,0,0,0,2,12,15,28,1,-1,0,4,0,0,0,0,-1,0,9,0,0,16,0,1920.51
0,15,0,0,0,0,9,3,1,0,-1,0,0,0,0,0,0,-1,0,20,0,0,18,0,101.83
0,17,0,0,0,0,11,6,3,0,-1,0,0,0,0,0,0,-1,0,14,0,0,7,0,214.72
0,19,0,0,0,0,12,0,0,0,-1,0,0,0,0,0,0,-1,0,20,0,0,14,0,60.45
0,3,0,0,0,2,10,21,34,0,-1,0,5,0,0,0,0,-1,0,10,0,0,16,0,1408.68
0,15,1,0,0,0,15,12,16,1,-1,0,0,0,0,0,0,-1,0,7,0,0,4,0,485.95
0,10,42,0,2,1,10,18,96,1,-1,0,17,0,0,0,0,-1,0,3,2,1,4,0,2424.01
2,5,7,0,2,4,2,22,49,2,-1,0,28,0,0,2,0,-1,1,10,6,0,12,0,2341.53
0,20,0,0,0,0,12,0,0,0,-1,0,0,0,0,0,0,-1,0,21,0,0,16,0,120.54
0,16,0,0,0,0,19,5,1,0,-1,0,1,0,0,0,0,-1,0,8,0,0,12,0,579.34
0,14,0,0,0,0,8,3,1,0,-1,0,0,0,0,0,0,-1,0,19,0,0,18,0,959.51
0,12,0,0,0,0,8,2,0,0,-1,0,0,0,0,0,0,-1,0,19,0,0,20,0,179.4
0,18,0,0,0,0,11,2,1,0,-1,0,0,0,0,0,0,-1,0,17,0,0,10,0,273.72
0,18,0,0,0,0,13,7,2,0,-1,0,0,0,0,0,0,-1,0,15,0,0,7,0,169.36
0,18,0,0,0,0,19,2,1,0,-1,0,0,0,0,0,0,-1,0,10,0,0,9,0,436.02
0,17,0,0,0,0,12,9,3,0,-1,0,0,0,0,0,0,-1,0,14,0,0,7,0,211.97
0,11,0,0,0,0,5,7,4,0,-1,0,0,0,0,0,0,-1,0,16,0,0,16,0,201.74
0,18,0,0,0,0,13,0,0,0,-1,0,0,0,0,0,0,-1,0,24,0,0,23,0,113.33
0,14,0,0,0,0,9,2,0,0,-1,0,0,0,0,0,0,-1,0,21,0,0,20,0,116.77
0,13,0,0,0,0,7,3,3,0,-1,0,0,0,0,0,0,-1,0,18,0,0,17,0,1281.15
0,18,0,0,0,0,11,0,1,0,-1,0,0,0,0,0,0,-1,0,20,0,0,14,0,173.11
0,7,0,0,0,0,11,5,7,1,-1,0,0,0,0,0,0,-1,0,15,0,0,20,0,746.23
0,13,0,0,0,0,6,4,7,0,-1,0,1,0,0,0,0,-1,0,16,0,0,13,0,351.84
0,15,0,0,0,0,8,2,1,0,-1,0,0,0,0,0,0,-1,0,19,0,0,17,0,899.37
0,19,0,0,0,0,12,0,0,0,-1,0,0,0,0,0,0,-1,0,20,0,0,14,0,173.26
0,7,0,0,0,0,7,10,3,0,-1,0,0,0,0,0,0,-1,0,15,0,0,17,0,748.92
0,13,0,0,0,0,6,5,5,0,-1,4,1,0,0,0,0,-1,0,17,0,0,15,0,1026.93
0,18,0,0,0,0,11,1,1,0,-1,0,0,0,0,0,0,-1,0,19,0,0,13,0,264.73
1,5,0,0,0,1,12,12,18,2,-1,0,1,0,0,0,0,-1,0,10,1,0,17,0,647.65
0,11,24,0,0,0,13,17,68,3,-1,0,10,0,0,0,0,-1,2,3,2,0,6,0,1677.42
0,10,0,0,0,0,12,0,2,0,-1,0,0,0,0,0,0,-1,0,18,0,0,22,0,146.63
0,15,2,0,0,0,17,13,14,0,-1,0,1,0,0,0,0,-1,0,7,0,0,8,0,669.17
0,13,0,0,1,1,5,6,7,0,-1,0,0,0,0,0,0,-1,0,15,0,0,12,0,1316.82
0,16,0,0,0,0,8,1,1,0,-1,0,0,0,0,0,0,-1,0,18,0,0,13,0,328.39
0,15,0,0,0,0,14,0,1,0,-1,0,0,0,0,0,0,-1,0,23,0,0,25,0,199.26
0,16,0,0,0,0,18,6,6,0,-1,0,1,0,0,0,0,-1,0,8,0,0,8,0,367.87
4,7,50,0,0,7,5,36,110,1,-1,0,74,0,3,2,0,-1,1,6,3,6,6,0,2944.28
2,1,12,0,2,12,5,25,86,5,-1,0,62,1,0,2,0,-1,0,9,2,1,12,0,2917.18
0,10,0,0,0,0,3,9,12,0,-1,0,1,0,0,0,0,-1,0,15,0,0,14,0,504.82
0,16,0,0,0,0,18,6,2,0,-1,0,1,0,0,0,0,-1,0,8,0,0,9,0,465.82
0,14,0,0,0,0,12,0,1,0,-1,0,0,0,0,0,0,-1,0,21,0,0,23,0,196.63
0,11,0,0,0,0,18,3,1,0,-1,0,0,0,0,0,0,-1,0,14,0,0,22,0,180.06
0,10,0,0,0,0,6,6,3,0,-1,0,0,0,0,0,0,-1,0,17,0,0,17,0,359.16
0,13,1,0,0,0,14,16,28,0,-1,0,1,0,0,0,0,-1,0,5,0,0,5,0,592.82
11,7,36,28,16,11,9,26,161,9,-1,0,57,1,2,11,8,-1,5,2,30,46,6,7,6807.12
0,5,4,0,0,2,2,15,35,1,-1,0,16,0,0,0,0,-1,0,11,4,0,13,0,2128.96
0,5,0,0,0,2,12,12,23,1,-1,0,1,0,1,0,0,-1,0,9,0,0,16,0,647.77
0,17,0,0,0,0,24,3,0,0,-1,0,0,0,0,0,0,-1,0,21,0,0,28,0,508.55
0,8,1,0,2,1,1,17,26,0,-1,0,5,1,0,0,0,-1,0,12,2,0,11,0,1839.97
0,15,0,0,0,1,18,6,2,0,-1,0,0,0,0,0,0,-1,0,7,0,0,10,0,591.7
0,20,0,0,0,0,21,2,0,0,-1,0,0,0,0,0,0,-1,0,11,0,0,11,0,341.14
1,14,2,0,0,0,16,13,13,0,-1,0,0,0,0,0,0,-1,0,5,0,0,8,0,848.18
17,4,54,0,4,46,4,38,129,7,-1,0,34,1,2,0,4,-1,2,7,3,4,9,2,2841.85
0,14,0,0,0,0,21,3,1,0,-1,0,0,0,0,0,0,-1,0,17,0,0,25,0,585.44
1,10,1,0,1,0,3,21,17,0,-1,0,0,0,0,0,0,-1,0,12,2,0,9,0,1516.59
0,5,0,0,0,0,12,12,16,0,-1,0,2,0,0,0,0,-1,0,12,0,0,18,0,659.17
0,17,0,0,0,0,10,0,2,0,-1,0,0,0,0,0,0,-1,0,19,0,0,14,0,198.67
0,13,1,0,0,0,13,15,35,0,-1,0,1,0,0,0,0,-1,0,5,0,0,4,0,174.47
0,16,0,0,0,0,10,6,2,0,-1,0,0,0,0,0,0,-1,0,15,0,0,8,0,252.7
0,14,0,0,0,0,8,16,3,0,-1,0,0,0,0,0,0,-1,0,13,0,0,8,0,281.88
0,9,0,0,0,0,3,11,14,2,-1,0,1,0,0,0,0,-1,0,14,2,0,13,0,473.71
0,15,0,0,0,0,12,15,9,0,-1,0,0,0,0,0,0,-1,0,10,0,0,2,0,250.89
0,17,0,0,0,0,10,2,1,0,-1,0,0,0,0,0,0,-1,0,18,0,0,12,0,265.64
0,15,1,0,0,0,15,12,11,1,-1,0,0,0,0,0,0,-1,0,8,0,0,5,0,411.63
0,5,1,0,1,1,4,15,32,0,-1,0,13,0,0,0,0,-1,1,12,0,0,14,0,1173.22
0,15,0,0,0,0,11,1,0,0,-1,0,0,0,0,0,0,-1,0,22,0,0,22,0,195.82
0,14,0,0,0,0,11,1,1,0,-1,0,0,0,0,0,0,-1,0,21,0,0,22,0,264.21
0,3,1,0,1,1,6,25,37,0,-1,0,12,0,0,0,0,-1,0,11,2,0,14,0,2203.94
0,10,0,0,0,0,6,7,4,0,-1,0,0,0,0,0,0,-1,0,16,0,0,17,0,238.67
1,10,57,0,2,2,10,23,109,3,-1,0,25,0,0,0,0,-1,0,3,3,2,4,0,2205.01
0,11,1,0,0,0,5,31,16,0,-1,0,2,0,0,0,0,-1,0,11,0,0,7,0,646.77
1,11,0,0,0,0,3,18,15,2,-1,0,0,0,0,0,0,-1,0,13,2,0,10,0,1706.13
0,2,0,0,0,0,8,24,33,0,-1,0,7,0,0,0,0,-1,0,11,0,0,15,0,1137.95
0,11,0,0,0,0,9,2,1,0,-1,0,0,0,0,0,0,-1,0,18,0,0,20,0,199.8
0,13,0,0,0,0,9,27,12,0,-1,0,1,0,0,0,0,-1,0,11,0,0,4,0,609.75
0,15,2,0,0,0,16,14,17,0,-1,0,1,0,0,0,0,-1,0,6,0,0,7,0,633.81
0,13,0,0,0,0,7,25,7,0,-1,0,0,0,0,0,0,-1,0,12,0,0,6,0,238.98
1,3,0,0,0,2,10,22,47,0,-1,0,8,0,0,1,0,-1,0,9,0,0,15,0,1258.08
0,19,0,0,0,0,12,0,0,0,-1,0,0,0,0,0,0,-1,0,20,0,0,15,0,173.01
0,12,0,0,1,1,5,19,5,0,-1,0,0,0,0,0,0,-1,0,13,0,0,9,0,1564.89
0,14,0,0,0,0,7,10,4,0,-1,0,1,0,0,0,0,-1,0,15,0,0,10,0,1281.63
0,10,47,0,1,2,12,17,90,3,-1,0,15,0,0,0,0,-1,0,2,4,3,6,1,1817.25
0,11,0,0,0,1,8,38,22,0,-1,0,3,0,0,1,0,-1,0,8,0,0,2,0,578.62
0,15,0,0,0,0,13,12,11,0,-1,0,0,0,0,0,0,-1,0,10,0,0,2,0,576.62
0,12,0,0,0,1,5,21,9,0,-1,0,0,0,0,0,0,-1,0,13,1,0,9,0,1543.67
0,12,3,0,0,0,13,16,49,1,-1,0,4,0,0,0,0,-1,0,4,0,0,6,0,716.16
1,8,2,0,4,0,1,25,30,0,-1,0,8,0,0,0,0,-1,0,11,2,0,10,0,1908.69
13,6,16,32,7,47,7,23,180,12,-1,4,40,0,6,7,4,-1,5,3,38,47,7,6,5430.25
0,11,1,0,0,0,6,35,16,0,-1,0,4,0,0,0,0,-1,0,9,0,0,5,0,650.1
0,12,0,0,0,0,11,0,1,0,-1,0,0,0,0,0,0,-1,0,20,0,0,22,0,230.89
0,8,0,0,0,0,13,4,7,0,-1,0,0,0,0,0,0,-1,0,15,0,0,21,0,800.48
0,16,0,0,0,0,10,6,3,0,-1,0,0,0,0,0,0,-1,0,15,0,0,8,0,669.72
0,11,26,0,0,1,13,17,74,3,-1,0,11,0,0,1,0,-1,0,2,2,2,6,1,1751.81
0,11,0,0,0,0,18,3,1,0,-1,0,0,0,0,0,0,-1,0,14,0,0,22,0,179.8
0,11,13,0,0,0,12,16,64,2,-1,0,6,0,0,0,0,-1,0,4,1,1,5,0,781.74
21,5,55,12,1,52,6,30,185,3,-1,0,36,0,5,3,0,-1,4,5,7,44,7,1,3680.63
0,11,0,0,0,1,4,8,7,0,-1,0,0,0,0,0,0,-1,0,15,2,0,13,0,397.42
0,11,0,0,0,0,16,1,3,0,-1,0,0,0,0,0,0,-1,0,18,0,0,24,0,791.45
0,15,0,0,0,0,13,0,1,0,-1,0,0,0,0,0,0,-1,0,23,0,0,24,0,188.04
0,7,0,0,0,0,13,8,12,0,-1,0,0,0,0,0,0,-1,0,14,0,0,20,0,555.38
0,15,0,0,0,0,14,0,1,0,-1,0,0,0,0,0,0,-1,0,23,0,0,25,0,193.13
0,17,0,0,0,0,18,5,6,0,-1,0,0,0,0,0,0,-1,0,9,0,0,8,0,473.3
0,10,0,0,0,0,6,5,3,0,-1,0,0,0,0,0,0,-1,0,17,0,0,17,0,469.88
0,17,0,0,0,0,13,11,3,2,-1,0,0,0,0,0,0,-1,0,13,0,0,5,0,262.08
0,4,0,0,0,0,8,14,24,0,-1,0,1,0,0,1,0,-1,0,12,0,0,17,0,1163.6
12,4,24,0,7,18,3,35,100,2,-1,0,53,0,2,1,0,-1,2,8,2,3,10,0,2868.75
0,13,0,0,0,0,9,28,15,1,-1,0,1,0,0,0,0,-1,0,9,0,0,2,0,517.76
0,19,0,0,0,0,12,0,1,0,-1,0,0,0,0,0,0,-1,0,22,0,0,18,0,142.55
0,13,0,0,0,1,6,14,5,0,-1,0,0,0,0,0,0,-1,0,14,1,0,10,0,463.51
0,14,0,0,0,0,7,4,6,0,-1,0,1,0,0,0,0,-1,0,17,0,0,13,0,339.33
0,14,0,0,0,0,10,25,11,0,-1,0,0,0,0,0,0,-1,0,11,0,0,4,0,301.21
0,17,0,0,0,0,12,6,2,0,-1,0,0,0,0,0,0,-1,0,15,0,0,8,0,233.46
0,7,0,0,0,0,6,9,3,0,-1,0,0,0,0,0,0,-1,0,15,0,0,17,0,822.55
0,11,1,0,0,0,5,26,12,0,-1,0,1,0,0,0,0,-1,0,11,2,0,8,0,1617.99
0,11,0,0,0,0,8,2,0,0,-1,0,0,0,0,0,0,-1,0,18,0,0,20,0,204.42
0,12,0,0,0,1,5,6,6,0,-1,0,0,0,0,0,0,-1,0,16,1,0,13,0,1036.07
0,5,0,0,0,0,4,15,27,0,-1,0,6,0,0,0,0,-1,0,12,1,0,15,0,1050.08
0,6,0,0,0,0,12,8,11,0,-1,0,0,0,0,0,0,-1,0,14,0,0,20,0,769.52
0,19,0,0,0,0,14,4,2,0,-1,0,0,0,0,0,0,-1,0,16,0,0,8,0,201.11
0,13,0,0,0,0,11,19,18,4,-1,4,1,0,0,0,0,-1,0,8,0,0,0,0,605.11
0,13,0,0,0,0,12,0,1,0,-1,0,0,0,0,0,0,-1,0,21,0,0,23,0,269.61
0,11,0,0,0,0,19,3,1,0,-1,0,0,0,0,0,0,-1,0,16,0,0,23,0,733.37
0,11,0,0,0,1,8,39,21,0,-1,0,3,0,0,1,0,-1,0,8,0,0,2,0,558.75
0,10,0,0,0,0,7,3,0,0,-1,0,0,0,0,0,0,-1,0,17,0,0,19,0,711.88
1,11,0,0,0,0,4,14,12,2,-1,0,0,0,0,0,0,-1,0,14,1,0,11,0,1458.52
0,15,0,0,0,0,11,20,8,0,-1,0,0,0,0,0,0,-1,0,11,0,0,4,0,272.53
5,2,61,12,5,46,8,22,144,1,-1,0,44,1,3,4,4,-1,0,5,22,37,11,0,2130.63
0,14,0,0,0,0,12,15,16,0,-1,0,0,0,0,0,0,-1,0,9,0,0,1,0,511.14
0,18,0,0,0,0,14,9,2,0,-1,0,0,0,0,0,0,-1,0,14,0,0,6,0,71.67
0,15,0,0,0,0,11,20,9,0,-1,0,0,0,0,0,0,-1,0,11,0,0,3,0,252.0
0,12,0,0,0,0,6,25,12,0,-1,0,1,0,0,0,0,-1,0,12,0,0,7,0,650.36
0,8,0,0,0,0,12,4,7,0,-1,0,0,0,0,0,0,-1,0,16,0,0,21,0,244.61
1,5,0,0,0,1,12,13,21,0,-1,0,1,0,0,0,0,-1,0,10,1,0,17,0,1854.69
11,1,26,0,2,31,5,29,100,3,-1,4,43,2,0,3,0,-1,0,8,3,5,12,0,3016.7
0,7,0,0,0,1,14,7,10,0,-1,0,2,0,0,0,0,-1,0,10,1,0,17,0,208.05
0,12,0,0,1,1,5,13,7,0,-1,0,0,0,0,0,0,-1,0,14,0,0,10,0,402.35
0,11,1,0,0,0,6,32,14,0,-1,0,3,0,0,0,0,-1,0,10,0,0,6,0,686.32
0,6,0,0,0,1,14,8,15,0,-1,0,3,0,0,0,0,-1,0,9,0,0,16,0,225.28
0,18,0,0,0,0,12,6,2,0,-1,0,0,0,0,0,0,-1,0,15,0,0,7,0,270.89
0,19,0,0,0,0,20,1,0,0,-1,0,0,0,0,0,0,-1,0,11,0,0,10,0,341.73
0,15,0,0,0,0,8,1,2,0,-1,0,0,0,0,0,0,-1,0,18,0,0,14,0,158.71
0,14,0,0,0,0,13,0,1,0,-1,0,0,0,0,0,0,-1,0,22,0,0,24,0,183.65
0,12,0,0,0,0,11,21,36,0,-1,0,2,0,0,0,0,-1,0,6,0,1,2,0,2142.15
0,13,0,0,0,0,13,0,1,0,-1,0,0,0,0,0,0,-1,0,21,0,0,24,0,228.5
10,4,19,4,4,11,3,37,87,3,-1,0,57,2,1,1,0,-1,2,8,3,4,10,0,2525.98
0,18,0,0,0,0,11,0,1,0,-1,0,0,0,0,0,0,-1,0,21,0,0,17,0,172.33
0,10,0,0,0,0,17,4,2,0,-1,0,0,0,0,0,0,-1,0,16,0,0,23,0,465.53
2,4,8,0,0,1,12,15,46,0,-1,0,7,0,0,0,0,-1,0,8,0,0,15,0,725.66
1,14,2,0,0,0,17,13,12,0,-1,0,0,0,0,0,0,-1,0,6,0,0,9,0,631.19
0,21,0,0,0,0,22,1,0,0,-1,0,0,0,0,0,0,-1,0,12,0,0,12,0,56.41
0,14,0,0,0,0,10,2,0,0,-1,0,0,0,0,0,0,-1,0,21,0,0,21,0,196.72
0,15,0,0,0,0,10,17,4,0,-1,0,0,0,0,0,0,-1,0,13,0,0,6,0,230.99
0,19,0,0,0,0,12,0,0,0,-1,0,0,0,0,0,0,-1,0,20,0,0,14,0,1103.41
0,9,0,0,0,0,9,1,0,0,-1,0,0,0,0,0,0,-1,0,17,0,0,20,0,671.62
0,7,0,0,0,0,3,13,19,0,-1,0,1,0,0,0,0,-1,0,13,0,0,14,0,1078.61
22,1,83,16,2,35,7,26,154,10,-1,4,38,2,5,8,0,-1,5,6,6,12,11,0,3395.48
0,5,0,0,0,0,11,10,14,1,-1,0,1,0,0,0,0,-1,0,13,0,0,18,0,765.11
0,11,14,0,0,0,12,16,67,1,-1,0,8,0,0,1,0,-1,0,3,2,0,5,1,1714.52
0,18,0,0,0,0,14,10,3,0,-1,0,0,0,0,0,0,-1,0,13,0,0,5,0,263.19
0,10,0,0,0,0,4,9,10,0,-1,0,1,0,0,0,0,-1,0,15,1,0,13,0,1089.62
0,14,0,0,0,0,7,5,6,0,-1,0,1,0,0,0,0,-1,0,17,0,0,14,0,934.62
0,11,0,0,0,0,13,0,1,0,-1,0,0,0,0,0,0,-1,0,19,0,0,23,0,165.84
0,14,0,0,0,0,7,11,4,0,-1,0,1,0,0,0,0,-1,0,15,0,0,10,0,1231.22
11,4,10,4,6,8,3,33,87,4,-1,0,58,1,1,2,0,-1,1,9,4,3,10,0,2593.39
0,6,0,0,0,0,9,5,6,0,-1,0,0,0,0,0,0,-1,0,14,0,0,18,0,769.18
0,20,0,0,0,0,22,1,0,0,-1,0,0,0,0,0,0,-1,0,12,0,0,12,0,417.35
0,15,0,0,0,0,9,21,5,0,-1,0,0,0,0,0,0,-1,0,12,0,0,6,0,256.77
2,8,51,0,0,9,7,36,101,0,-1,0,27,0,0,0,0,-1,0,5,2,5,4,0,1852.82
0,13,0,0,0,0,9,28,13,0,-1,0,1,0,0,0,0,-1,0,10,0,0,4,0,671.22
1,11,0,0,0,0,9,32,27,0,-1,0,1,0,0,0,0,-1,0,7,0,0,1,0,604.44
0,18,0,0,0,0,14,5,2,0,-1,0,0,0,0,0,0,-1,0,15,0,0,7,0,198.2
0,13,0,0,0,0,6,15,5,0,-1,0,1,0,0,0,0,-1,0,14,1,0,9,0,415.46
0,21,0,0,0,0,22,0,0,0,-1,0,0,0,0,0,0,-1,0,13,0,0,11,0,418.06
0,15,2,0,0,0,16,13,14,0,-1,0,1,0,0,0,0,-1,0,7,0,0,7,0,628.4
1,10,58,0,3,3,11,20,97,2,-1,0,19,0,0,2,0,-1,0,2,5,7,5,0,2083.34
0,10,0,0,0,0,14,1,5,1,-1,0,0,0,0,0,0,-1,0,18,0,0,23,0,225.11
0,9,0,0,0,1,2,12,14,0,-1,0,0,0,0,0,0,-1,0,14,3,0,13,0,449.78
1,2,20,0,0,5,9,23,88,1,-1,0,47,0,0,1,0,-1,0,8,2,0,14,0,1326.07
0,9,0,0,0,0,7,3,0,0,-1,0,0,0,0,0,0,-1,0,16,0,0,18,0,348.89
0,10,28,0,0,1,13,16,70,3,-1,0,11,0,0,1,0,-1,2,2,2,1,7,0,1713.99
0,2,2,0,0,2,10,23,55,0,-1,0,10,0,1,1,0,-1,0,9,0,0,15,0,1350.62
0,18,0,0,0,0,10,0,1,0,-1,0,0,0,0,0,0,-1,0,20,0,0,16,0,147.5
0,8,0,0,0,0,12,3,7,1,-1,0,0,0,0,0,0,-1,0,16,0,0,21,0,301.01
0,13,0,0,0,0,7,20,4,0,-1,0,0,0,0,0,0,-1,0,12,0,0,7,0,682.85
0,13,0,0,0,1,15,16,19,0,-1,0,1,0,0,0,0,-1,0,4,0,2,7,0,958.2
0,16,0,0,0,0,10,8,3,0,-1,0,0,0,0,0,0,-1,0,14,0,0,8,0,912.05
0,19,0,0,0,0,14,5,2,0,-1,0,0,0,0,0,0,-1,0,16,0,0,8,0,191.92
0,17,0,0,0,0,10,0,2,0,-1,0,0,0,0,0,0,-1,0,19,0,0,15,0,169.33
0,13,0,0,0,0,13,0,1,0,-1,0,0,0,0,0,0,-1,0,21,0,0,24,0,191.98
0,13,0,0,0,0,9,27,12,0,-1,0,1,0,0,0,0,-1,0,11,0,0,4,0,1240.08
0,13,0,0,0,0,9,2,0,0,-1,0,0,0,0,0,0,-1,0,19,0,0,20,0,97.3
0,11,14,0,0,1,14,16,52,2,-1,0,7,0,0,1,0,-1,0,3,0,1,7,1,1167.94
6,4,8,0,3,11,2,28,67,2,-1,0,46,0,0,1,0,-1,0,9,7,1,11,0,2532.52
1,3,0,0,0,1,10,22,42,3,-1,0,5,0,0,2,0,-1,0,10,0,0,16,0,1456.84
1,13,1,0,0,0,16,13,13,0,-1,0,0,0,0,0,0,-1,0,5,0,1,9,0,823.48
0,17,0,0,0,0,12,1,0,0,-1,0,0,0,0,0,0,-1,0,23,0,0,22,0,89.73
0,8,0,0,1,0,16,5,4,0,-1,0,1,0,0,0,0,-1,0,11,0,0,19,0,194.57
0,13,0,0,0,0,13,0,1,0,-1,0,0,0,0,0,0,-1,0,21,0,0,24,0,223.11
0,8,7,0,0,3,4,34,40,0,-1,0,18,0,0,0,0,-1,0,8,1,1,6,0,2495.14
0,17,0,0,0,0,12,12,3,0,-1,0,0,0,0,0,0,-1,0,13,0,0,5,0,265.93
6,3,46,16,18,34,9,18,159,3,-1,0,55,1,2,0,8,-1,0,4,47,49,11,3,4032.32
0,16,0,0,0,0,9,1,2,0,-1,0,0,0,0,0,0,-1,0,18,0,0,14,0,159.52
2,4,29,0,0,3,11,18,82,0,-1,0,22,0,0,0,4,-1,0,7,1,0,14,0,2485.66
0,7,0,0,0,1,15,6,8,0,-1,0,1,0,0,0,0,-1,0,10,1,0,18,0,175.28
0,15,0,0,0,0,8,2,2,0,-1,0,0,0,0,0,0,-1,0,18,0,0,14,0,1211.41
0,13,0,0,0,0,7,18,5,0,-1,0,1,0,0,0,0,-1,0,14,0,0,9,0,361.27
0,13,0,0,0,0,14,0,1,0,-1,0,0,0,0,0,0,-1,0,21,0,0,24,0,166.27
5,6,66,0,0,12,5,36,125,1,-1,0,73,0,1,0,0,-1,0,6,4,8,6,0,3197.45
0,16,0,0,0,0,13,12,12,0,-1,0,0,0,0,0,0,-1,0,11,0,0,3,0,561.88
0,3,74,4,1,10,10,20,114,2,-1,0,59,0,1,1,4,-1,0,6,9,8,13,0,1996.16
18,3,31,12,4,35,6,28,195,5,-1,0,20,1,16,4,8,-1,2,5,19,54,9,6,3951.82
0,17,0,0,0,0,16,2,7,0,-1,0,0,0,0,0,0,-1,0,9,0,0,6,0,419.63
0,13,1,0,0,0,12,17,23,1,-1,0,1,0,0,0,0,-1,0,7,0,0,1,0,1785.29
0,14,0,0,0,0,11,18,10,1,-1,0,1,0,0,0,0,-1,0,10,0,0,2,0,541.47
0,13,1,0,0,0,16,13,13,0,-1,0,0,0,1,0,0,-1,0,5,0,1,9,0,821.4
0,20,0,0,0,0,22,1,0,0,-1,0,0,0,0,0,0,-1,0,12,0,0,12,0,196.17
0,19,0,0,0,0,14,5,2,0,-1,0,0,0,0,0,0,-1,0,16,0,0,8,0,194.32
0,17,0,0,0,0,14,11,12,0,-1,0,0,0,0,0,0,-1,0,11,0,0,4,0,492.42
2,5,9,0,0,1,12,13,49,1,-1,0,8,0,0,0,0,-1,0,7,0,0,14,0,2092.52
5,1,77,0,2,35,8,23,132,3,-1,0,48,1,2,2,8,-1,3,6,7,12,12,0,2108.57
0,12,2,0,0,0,13,16,43,1,-1,0,3,0,0,0,0,-1,0,4,0,1,5,0,1366.62
0,5,0,0,0,0,11,10,13,1,-1,0,1,0,0,0,0,-1,0,13,0,0,18,0,1086.16
0,12,2,4,0,0,12,16,50,0,-1,0,4,0,0,0,0,-1,0,5,0,0,4,1,2141.44
0,17,0,0,0,0,12,0,1,0,-1,0,0,0,0,0,0,-1,0,23,0,0,21,0,88.86
0,10,0,0,0,0,18,4,2,0,-1,0,0,0,0,0,0,-1,0,14,1,0,21,0,176.57
0,5,0,0,0,2,12,14,30,1,-1,0,5,0,0,0,0,-1,0,9,0,0,16,0,692.11
0,5,0,0,0,2,12,12,30,1,-1,0,2,0,0,0,0,-1,0,9,0,0,16,0,667.65
6,6,11,0,3,12,2,34,66,0,-1,0,59,2,0,1,0,-1,0,8,3,2,9,0,2713.6
0,14,0,0,0,0,13,0,1,1,-1,0,0,0,0,0,0,-1,0,22,0,0,24,0,211.94
0,20,0,0,0,0,21,1,0,0,-1,0,0,0,0,0,0,-1,0,12,0,0,11,0,340.69
0,11,0,0,0,0,14,0,1,0,-1,0,0,0,0,0,0,-1,0,20,0,0,24,0,147.62
0,17,0,0,0,0,11,5,1,0,-1,0,0,0,0,0,0,-1,0,16,0,0,9,0,247.45
0,17,0,0,0,0,17,4,7,0,-1,0,0,0,0,0,0,-1,0,9,0,0,7,0,357.5
2,4,76,8,0,7,11,20,108,1,-1,4,50,0,0,0,0,-1,0,5,14,10,12,0,2401.99
0,13,1,0,0,0,14,15,27,0,-1,0,0,0,0,0,0,-1,0,6,0,0,5,0,565.63
1,0,24,0,2,19,6,28,93,5,-1,8,61,1,0,1,4,-1,0,8,5,2,12,0,3090.15
0,14,0,0,0,0,7,11,4,0,-1,0,1,0,0,0,0,-1,0,15,0,0,10,0,343.79
0,17,0,0,0,0,10,0,1,0,-1,0,0,0,0,0,0,-1,0,20,0,0,16,0,156.56
0,8,0,0,1,0,15,8,8,0,-1,0,1,0,0,0,0,-1,0,13,0,0,20,0,1758.98
21,3,57,4,3,35,4,33,134,0,-1,0,27,1,12,1,4,-1,0,7,7,5,10,0,3033.1
0,20,0,0,0,0,13,0,0,0,-1,0,0,0,0,0,0,-1,0,20,0,0,13,0,208.99
3,9,73,0,6,6,11,19,121,3,-1,0,22,1,0,1,0,-1,0,1,14,21,6,0,2480.19
0,13,0,0,0,0,9,25,9,0,-1,0,0,0,0,0,0,-1,0,11,0,0,5,0,270.12
0,16,0,0,0,0,10,7,1,0,-1,0,0,0,0,0,0,-1,0,15,0,0,8,0,167.46
0,13,0,0,0,0,20,2,1,0,-1,0,0,0,0,0,0,-1,0,16,0,0,24,0,209.56
0,13,0,0,0,0,20,3,1,0,-1,0,0,0,0,0,0,-1,0,17,0,0,24,0,566.46
0,11,0,0,0,0,13,0,2,0,-1,0,0,0,0,0,0,-1,0,19,0,0,23,0,128.68
0,11,0,0,0,1,8,38,20,0,-1,0,3,0,0,1,0,-1,0,8,0,0,3,0,1259.48
0,19,0,0,0,0,12,0,1,0,-1,0,0,0,0,0,0,-1,0,22,0,0,17,0,169.83
0,15,0,0,0,0,8,3,1,0,-1,0,0,0,0,0,0,-1,0,20,0,0,18,0,743.28
0,14,0,0,0,0,8,16,3,0,-1,0,0,0,0,0,0,-1,0,13,0,0,8,0,341.95
0,12,2,0,0,1,14,16,30,0,-1,0,3,0,0,0,0,-1,0,4,0,1,7,0,971.31
1,2,7,0,3,4,5,23,80,1,-1,0,62,1,0,1,0,-1,0,9,1,1,13,0,2659.49
0,14,0,0,0,0,9,2,0,0,-1,0,0,0,0,0,0,-1,0,20,0,0,20,0,94.06
0,6,0,0,0,0,13,10,14,0,-1,0,1,0,0,0,0,-1,0,13,0,0,19,0,569.68
13,6,53,8,3,24,7,24,176,3,-1,0,66,0,3,4,8,-1,4,4,6,50,6,3,3592.42
0,16,0,0,0,0,13,1,0,0,-1,0,0,0,0,0,0,-1,0,23,0,0,24,0,146.72
38,3,78,8,3,19,5,33,158,2,-1,0,27,1,14,2,0,-1,2,6,10,11,10,4,3106.44
0,6,0,0,0,0,4,13,19,0,-1,0,2,0,0,0,0,-1,0,13,1,0,15,0,875.56
1,8,10,0,0,4,4,33,59,0,-1,0,27,0,0,0,0,-1,0,8,0,0,6,0,2587.56
0,10,34,0,0,1,12,17,86,4,-1,0,16,0,0,1,0,-1,0,2,4,2,6,1,1884.24
0,13,0,0,0,0,20,2,1,0,-1,0,0,0,0,0,0,-1,0,15,0,0,23,0,172.36
0,13,0,0,0,0,7,25,6,0,-1,0,0,0,0,0,0,-1,0,12,0,0,6,0,283.26
0,7,0,0,0,0,6,9,3,0,-1,0,0,0,0,0,0,-1,0,15,0,0,17,0,741.2
0,8,0,0,0,0,7,4,1,0,-1,0,0,0,0,0,0,-1,0,16,0,0,18,0,694.69
0,5,0,0,0,2,12,14,23,0,-1,0,1,0,0,1,0,-1,0,10,0,0,17,0,1061.03
2,3,40,0,0,5,10,21,97,1,-1,0,50,0,1,2,0,-1,0,7,3,0,14,0,2158.61
0,11,11,0,0,0,13,16,50,1,-1,0,6,0,0,0,0,-1,0,3,0,1,6,1,1608.96
0,17,0,0,0,0,10,4,1,0,-1,0,0,0,0,0,0,-1,0,17,0,0,11,0,273.74
0,14,0,0,0,0,8,19,5,0,-1,0,0,0,0,0,0,-1,0,12,0,0,6,0,571.51
0,12,2,0,0,1,14,16,34,0,-1,0,4,0,0,0,0,-1,0,3,0,1,7,0,990.77
0,3,1,0,1,1,6,25,37,0,-1,0,12,0,0,0,0,-1,0,11,2,0,14,0,1126.76
0,10,5,0,0,2,6,36,26,1,-1,0,8,0,0,0,0,-1,0,8,0,0,5,0,837.43
3,8,15,0,0,5,5,33,76,0,-1,0,38,0,0,0,0,-1,0,7,0,1,6,0,2169.34
0,9,6,0,0,2,6,36,28,1,-1,0,9,0,0,0,0,-1,0,8,0,0,5,0,775.56
0,16,0,0,0,0,11,9,3,0,-1,0,0,0,0,0,0,-1,0,14,0,0,7,0,814.24
6,1,51,0,0,5,8,24,110,1,-1,0,67,0,0,1,0,-1,0,7,4,1,13,0,2338.21
0,8,1,0,3,1,1,17,24,0,-1,0,4,0,0,0,0,-1,0,12,1,0,12,0,1952.55
7,5,19,0,2,15,2,34,78,2,-1,0,58,1,1,0,0,-1,1,8,3,3,9,0,2967.94
0,8,0,0,0,0,6,9,3,0,-1,0,0,0,0,0,0,-1,0,15,0,0,17,0,757.11
0,12,0,0,0,1,9,30,17,0,-1,0,1,0,0,0,0,-1,0,8,0,0,2,0,577.91
0,8,9,0,0,4,4,33,45,2,-1,0,26,0,0,0,0,-1,2,8,2,0,6,0,1991.74
0,16,0,0,0,0,11,2,0,0,-1,0,0,0,0,0,0,-1,0,22,0,0,22,0,188.46
0,9,0,0,0,0,9,1,0,0,-1,0,0,0,0,0,0,-1,0,17,0,0,20,0,674.23
0,13,0,0,0,0,20,3,1,0,-1,0,0,0,0,0,0,-1,0,16,0,0,24,0,627.06
0,5,0,0,0,0,12,12,16,0,-1,0,2,0,0,0,0,-1,0,12,0,0,18,0,757.19
0,16,0,0,0,0,12,1,0,0,-1,0,0,0,0,0,0,-1,0,23,0,0,23,0,185.1
0,4,0,0,0,0,8,13,23,0,-1,0,0,0,0,1,0,-1,0,12,0,0,17,0,1092.93
0,18,0,0,0,0,13,9,3,0,-1,0,0,0,0,0,0,-1,0,14,0,0,7,0,273.51
0,11,14,0,0,1,10,26,71,2,-1,0,10,0,0,0,0,-1,0,5,1,0,2,0,2359.3
0,12,0,0,1,1,5,12,7,0,-1,0,0,0,0,0,0,-1,0,14,0,0,10,0,432.62
1,2,7,0,3,4,5,25,74,1,-1,0,63,1,0,1,0,-1,0,9,1,1,13,0,2607.88
0,18,0,0,0,0,12,0,0,0,-1,0,0,0,0,0,0,-1,0,24,0,0,22,0,90.4
0,10,48,0,0,2,13,16,86,9,-1,0,15,0,0,0,0,-1,2,2,5,2,7,1,1781.4
0,19,0,0,0,0,11,0,1,0,-1,0,0,0,0,0,0,-1,0,21,0,0,16,0,147.63
0,13,0,0,0,0,6,5,7,0,-1,4,1,0,0,0,0,-1,0,17,0,0,14,0,1052.31
1,10,60,0,3,4,11,20,100,2,-1,0,18,0,0,2,0,-1,0,2,6,7,5,0,1995.99
0,21,0,0,0,0,14,0,0,0,-1,0,0,0,0,0,0,-1,0,23,0,0,18,0,188.91
0,15,0,0,0,0,8,3,2,0,-1,0,0,0,0,0,0,-1,0,17,0,0,12,0,426.19
0,10,0,0,0,0,7,5,0,0,-1,0,0,0,0,0,0,-1,0,17,0,0,18,0,397.09
54,4,70,12,1,28,5,31,186,5,-1,0,23,0,3,2,4,-1,2,5,7,32,8,4,3523.48
0,10,0,0,0,0,4,9,5,0,-1,0,0,0,0,0,0,-1,0,16,0,0,15,0,436.39
0,10,37,0,0,1,12,17,84,2,-1,0,15,0,0,0,0,-1,1,2,5,3,7,0,1822.38
0,15,0,0,0,0,9,12,4,0,-1,0,0,0,0,0,0,-1,0,14,0,0,7,0,832.86
0,13,0,0,0,0,6,5,7,0,-1,4,1,0,0,0,0,-1,0,17,0,0,14,0,1061.26
0,12,0,0,0,0,6,26,11,0,-1,0,0,0,0,0,0,-1,0,11,0,0,6,0,593.56
0,17,0,0,0,0,12,9,3,0,-1,0,0,0,0,0,0,-1,0,14,0,0,6,0,221.86
1,5,0,0,0,1,12,14,23,0,-1,0,1,0,0,1,0,-1,0,10,0,0,17,0,1113.58
0,9,0,0,0,0,5,8,4,0,-1,0,0,0,0,0,0,-1,0,16,0,0,17,0,372.62
8,1,76,4,3,43,7,26,142,6,-1,0,42,1,3,6,4,-1,4,6,6,10,12,0,4311.8
0,13,0,0,0,0,6,5,7,0,-1,0,1,0,0,0,0,-1,0,17,0,0,14,0,943.54
0,16,0,0,0,0,12,1,0,0,-1,0,0,0,0,0,0,-1,0,23,0,0,22,0,102.8
0,13,0,0,0,0,9,27,12,1,-1,0,1,0,0,0,0,-1,0,10,0,0,3,0,259.38
0,15,0,0,0,0,11,1,0,0,-1,0,0,0,0,0,0,-1,0,22,0,0,22,0,183.75
31,3,36,38,15,36,8,22,178,8,-1,8,37,3,1,3,4,-1,4,4,49,43,10,2,3878.11
0,17,0,0,0,0,16,1,8,1,-1,0,0,0,0,0,0,-1,0,10,0,0,5,0,413.06
0,18,0,0,0,0,12,4,1,0,-1,0,0,0,0,0,0,-1,0,16,0,0,9,0,80.54
0,19,0,0,0,0,11,0,1,0,-1,0,0,0,0,0,0,-1,0,22,0,0,17,0,131.45
0,10,0,0,2,0,3,14,18,2,-1,0,0,0,1,0,0,-1,0,13,1,0,11,0,1406.85
0,15,0,0,0,0,12,14,16,0,-1,0,0,0,0,0,0,-1,0,9,0,0,1,0,609.12
0,8,8,0,0,4,4,34,48,4,-1,0,27,0,0,0,0,-1,1,8,4,1,7,0,1996.17
0,16,0,0,0,0,11,15,3,0,-1,0,0,0,0,0,0,-1,0,13,0,0,6,0,234.83
1,5,0,0,0,0,13,11,17,0,-1,0,2,0,0,0,0,-1,0,10,1,0,17,0,1768.59
2,4,0,0,0,1,11,19,35,0,-1,0,5,0,0,1,0,-1,0,9,0,0,16,0,680.89
0,13,0,0,0,0,11,1,1,0,-1,0,0,0,0,0,0,-1,0,21,0,0,22,0,193.78
0,13,0,0,0,0,7,3,0,0,-1,0,0,0,0,0,0,-1,0,18,0,0,18,0,958.13
12,3,14,0,8,16,3,34,92,3,-1,0,51,0,5,1,0,-1,0,8,3,3,10,0,2822.84
0,12,0,0,0,1,5,6,5,0,-1,0,0,0,0,0,0,-1,0,15,0,0,13,0,1231.69
0,15,0,0,0,0,8,1,2,0,-1,0,0,0,0,0,0,-1,0,18,0,0,13,0,172.19
0,17,0,0,0,0,18,3,6,0,-1,0,0,0,0,0,0,-1,0,9,0,0,8,0,400.13
0,16,0,0,0,0,8,1,2,0,-1,0,0,0,0,0,0,-1,0,18,0,0,13,0,866.69
0,17,0,0,0,0,13,11,6,1,-1,0,0,0,0,0,0,-1,0,12,0,0,4,0,242.28
0,10,0,0,0,0,5,7,4,0,-1,0,0,0,0,0,0,-1,0,16,0,0,16,0,349.52
0,9,0,0,0,0,6,8,4,0,-1,0,0,0,0,0,0,-1,0,16,0,0,17,0,356.42
0,11,0,0,0,0,5,5,3,0,-1,0,0,0,0,0,0,-1,0,17,0,0,16,0,1196.37
8,5,21,0,1,16,3,34,81,1,-1,0,58,2,0,1,0,-1,2,8,4,2,8,0,2757.87
0,9,0,0,0,0,5,10,4,0,-1,0,0,0,0,0,0,-1,0,15,0,0,16,0,365.32
1,12,0,0,1,0,4,6,7,0,-1,0,0,0,0,0,0,-1,0,15,1,0,12,0,1025.2
0,14,0,0,0,0,14,0,1,0,-1,0,0,0,0,0,0,-1,0,22,0,0,25,0,189.37
0,13,0,0,0,0,11,23,20,0,-1,0,1,0,0,0,0,-1,0,8,0,0,1,0,625.29
0,6,0,0,0,0,12,7,11,1,-1,0,0,0,0,0,0,-1,0,14,0,0,19,0,569.76
11,6,33,12,4,48,7,25,179,8,-1,4,46,0,3,2,8,-1,2,4,14,51,7,2,3152.39
0,11,12,0,0,1,10,23,65,2,-1,0,10,0,0,0,0,-1,0,5,2,1,2,0,2303.41
0,9,0,0,0,0,16,4,3,0,-1,0,0,0,0,0,0,-1,0,15,1,0,22,0,783.97
0,5,0,0,0,0,11,10,12,1,-1,0,0,0,0,0,0,-1,0,13,0,0,19,0,577.21
0,14,0,0,0,0,13,15,25,1,-1,0,0,0,0,0,0,-1,1,6,0,1,3,0,1938.74
0,13,0,0,0,0,20,3,1,0,-1,0,0,0,0,0,0,-1,0,17,0,0,24,0,721.1
0,14,0,0,0,0,12,1,1,0,-1,0,0,0,0,0,0,-1,0,22,0,0,23,0,190.29
0,15,0,0,0,0,9,3,1,0,-1,0,0,0,0,0,0,-1,0,20,0,0,19,0,906.7
0,12,0,0,0,0,7,3,2,0,-1,0,0,0,0,0,0,-1,0,18,0,0,17,0,232.17
0,14,0,0,0,0,10,23,12,0,-1,0,1,0,0,0,0,-1,0,10,0,0,2,0,263.73
0,19,0,0,0,0,12,0,1,0,-1,0,0,0,0,0,0,-1,0,21,0,0,17,0,194.85
0,15,0,0,0,0,22,3,0,0,-1,0,0,0,0,0,0,-1,0,19,0,0,27,0,536.54
0,12,0,0,1,1,5,11,7,0,-1,0,0,0,0,0,0,-1,0,14,0,0,11,0,1352.16
0,5,0,0,0,0,12,14,16,0,-1,0,3,0,0,0,0,-1,0,11,0,0,18,0,455.39
0,13,0,0,0,0,17,0,1,0,-1,0,0,0,0,0,0,-1,0,21,0,0,26,0,206.14
0,6,0,0,0,0,13,10,14,0,-1,0,1,0,0,0,0,-1,0,13,0,0,19,0,602.12
0,7,0,0,0,0,8,5,5,0,-1,0,0,0,0,0,0,-1,0,15,0,0,18,0,716.76
0,11,0,0,0,0,9,2,0,0,-1,0,0,0,0,0,0,-1,0,18,0,0,20,0,178.8
0,9,0,0,0,0,6,6,2,0,-1,0,0,0,0,0,0,-1,0,16,0,0,17,0,869.28
0,10,0,0,0,0,8,2,0,0,-1,0,0,0,0,0,0,-1,0,17,0,0,19,0,163.87
0,13,0,0,0,0,12,0,1,0,-1,0,0,0,0,0,0,-1,0,21,0,0,23,0,203.86
0,16,1,0,0,0,16,4,10,1,-1,0,0,0,0,0,0,-1,0,9,0,0,5,0,391.11
0,18,0,0,0,0,12,2,0,0,-1,0,0,0,0,0,0,-1,0,17,0,0,10,0,105.32
0,15,2,0,0,0,16,13,15,0,-1,0,1,0,0,0,0,-1,0,7,0,0,7,0,625.89
7,8,63,12,11,11,10,21,144,6,-1,12,38,2,1,3,0,-1,2,1,13,28,6,1,2843.28
3,8,77,0,0,10,7,32,125,1,-1,0,35,0,0,1,0,-1,0,5,2,7,4,0,3278.26
0,19,0,0,0,0,12,2,0,0,-1,0,0,0,0,0,0,-1,0,18,0,0,11,0,300.99
0,20,0,0,0,0,21,1,0,0,-1,0,0,0,0,0,0,-1,0,11,0,0,11,0,332.78
0,16,0,0,0,0,10,2,0,0,-1,0,0,0,0,0,0,-1,0,22,0,0,21,0,90.91
2,5,48,0,0,0,11,16,83,3,-1,0,25,0,0,0,0,-1,0,6,1,2,13,0,2240.46
0,10,0,0,0,0,17,4,3,0,-1,0,0,0,0,0,0,-1,0,14,1,0,22,0,754.21
0,15,0,0,0,0,10,22,4,0,-1,0,0,0,0,0,0,-1,0,12,0,0,5,0,289.08
0,5,0,0,0,0,5,15,21,0,-1,0,2,0,0,0,0,-1,0,12,1,0,15,0,1070.62
0,15,0,0,0,0,15,0,1,1,-1,0,0,0,0,0,0,-1,0,23,0,0,26,0,118.97
0,17,0,0,0,0,14,12,7,0,-1,0,0,0,0,0,0,-1,0,12,0,0,4,0,206.91
0,17,0,0,0,0,13,12,3,0,-1,0,0,0,0,0,0,-1,0,13,0,0,5,0,200.46
14,2,16,4,3,16,4,27,88,1,-1,0,51,2,1,2,0,-1,0,8,6,3,11,0,2816.18
0,10,1,0,0,0,5,32,16,0,-1,0,2,0,0,0,0,-1,0,11,1,0,7,0,1688.17
0,18,0,0,0,0,11,2,1,0,-1,0,0,0,0,0,0,-1,0,18,0,0,11,0,304.47
0,16,0,0,0,0,9,1,2,0,-1,0,0,0,0,0,0,-1,0,18,0,0,14,0,333.61
1,13,1,0,0,0,16,13,14,0,-1,0,0,0,0,0,0,-1,0,5,0,1,8,0,901.45
0,11,0,0,0,0,11,0,1,0,-1,0,0,0,0,0,0,-1,0,19,0,0,22,0,200.55
0,7,0,0,0,0,14,10,11,0,-1,0,1,0,0,0,0,-1,0,13,0,0,20,0,582.07
0,12,0,0,0,0,6,25,12,0,-1,0,1,0,0,0,0,-1,0,12,0,0,7,0,340.97
0,9,0,0,0,0,2,14,15,2,-1,0,1,0,0,0,0,-1,0,14,3,0,13,0,493.6
0,16,1,0,0,0,16,10,9,0,-1,0,0,0,0,0,0,-1,0,8,0,0,7,0,389.67
1,5,71,0,9,8,10,16,137,3,-1,0,67,0,0,3,12,-1,0,4,49,17,12,0,2386.66
0,18,0,0,0,0,13,4,1,0,-1,0,0,0,0,0,0,-1,0,16,0,0,9,0,202.36
5,1,65,0,2,5,8,24,113,0,-1,0,69,0,1,2,0,-1,1,7,2,1,13,0,2373.85
0,10,0,0,0,0,12,0,2,0,-1,0,0,0,0,0,0,-1,0,18,0,0,22,0,144.65
0,11,0,0,0,0,19,2,1,0,-1,0,0,0,0,0,0,-1,0,15,0,0,22,0,728.34
0,11,0,0,0,0,8,3,0,0,-1,0,0,0,0,0,0,-1,0,18,0,0,19,0,175.33
1,5,35,0,0,2,11,14,76,1,-1,0,16,0,0,0,0,-1,0,6,0,1,13,0,2191.88
3,2,40,0,0,5,9,23,102,1,-1,0,57,0,1,1,0,-1,0,7,3,0,13,0,1454.36
1,9,64,0,3,5,11,19,105,0,-1,0,19,0,0,1,0,-1,0,2,8,14,5,0,971.03
0,18,0,0,0,0,13,4,2,0,-1,0,0,0,0,0,0,-1,0,16,0,0,8,0,202.55
0,15,0,0,0,0,11,1,0,0,-1,0,0,0,0,0,0,-1,0,22,0,0,22,0,186.95
0,10,0,0,0,0,4,9,11,0,-1,0,1,0,0,0,0,-1,0,15,1,0,13,0,1432.91
17,5,54,0,2,35,4,35,119,4,-1,0,38,2,3,1,4,-1,3,7,3,4,8,0,3101.88
0,11,0,0,0,0,5,5,3,0,-1,0,0,0,0,0,0,-1,0,17,0,0,16,0,205.38
0,13,0,0,0,0,20,3,1,0,-1,0,0,0,0,0,0,-1,0,18,0,0,26,0,530.07
0,14,0,0,0,0,9,3,1,0,-1,0,0,0,0,0,0,-1,0,20,0,0,19,0,1022.23
0,6,0,0,0,0,4,13,21,0,-1,0,6,0,0,0,0,-1,0,13,1,0,14,0,950.79
0,10,58,0,2,5,11,19,97,1,-1,0,16,0,0,0,0,-1,0,2,7,7,5,0,2315.82
0,10,0,0,0,0,4,8,5,0,-1,0,0,0,0,0,0,-1,0,16,0,0,15,0,381.78
0,14,0,0,0,0,7,4,6,0,-1,0,1,0,0,0,0,-1,0,17,0,0,13,0,541.29
0,11,0,0,0,0,8,3,0,0,-1,0,0,0,0,0,0,-1,0,18,0,0,19,0,201.87
0,18,0,0,0,0,13,4,2,0,-1,0,0,0,0,0,0,-1,0,16,0,0,8,0,196.97
0,15,0,0,0,0,7,7,4,0,-1,0,1,0,0,0,0,-1,0,16,0,0,12,0,1177.1
0,15,0,0,0,0,13,0,1,0,-1,0,0,0,0,0,0,-1,0,23,0,0,24,0,190.36
0,18,0,0,0,0,11,2,1,0,-1,0,0,0,0,0,0,-1,0,18,0,0,12,0,223.98
0,11,0,0,0,0,15,1,4,0,-1,0,0,0,0,0,0,-1,0,19,0,0,24,0,957.57
0,11,0,0,0,0,6,5,1,0,-1,0,0,0,0,0,0,-1,0,17,0,0,17,0,373.56
0,10,32,0,2,2,10,22,99,1,-1,0,16,0,0,0,0,-1,0,4,1,1,3,0,2126.89
0,12,1,0,0,0,12,17,35,1,-1,0,2,0,0,0,0,-1,1,5,0,0,3,0,672.04
0,6,0,0,0,0,7,8,2,0,-1,0,0,0,0,0,0,-1,0,14,0,0,17,0,848.12
0,16,0,0,0,0,14,12,14,0,-1,0,0,0,0,0,0,-1,0,11,0,0,3,0,226.41
0,13,0,0,0,0,20,3,1,0,-1,0,0,0,0,0,0,-1,0,17,0,0,25,0,545.16
1,6,0,0,0,0,14,9,15,1,-1,0,2,0,0,0,0,-1,0,10,1,0,17,0,1719.31
0,7,0,0,1,1,14,9,13,0,-1,0,2,0,0,0,0,-1,0,10,0,0,18,0,1929.17
0,10,0,0,0,0,17,5,3,0,-1,0,0,0,0,0,0,-1,0,13,1,0,20,0,183.29
0,14,0,0,0,0,10,22,12,1,-1,0,1,0,0,0,0,-1,0,9,0,0,2,0,1121.91
0,8,0,0,0,0,12,3,7,0,-1,0,0,0,0,0,0,-1,0,16,0,0,21,0,716.16
0,11,0,0,0,1,8,38,18,0,-1,0,1,0,0,1,0,-1,0,8,0,0,3,0,1295.21
0,18,0,0,0,0,12,2,0,0,-1,0,0,0,0,0,0,-1,0,17,0,0,11,0,103.26
0,14,0,0,0,0,11,16,9,0,-1,0,0,0,0,0,0,-1,0,10,0,0,2,0,516.82
0,14,0,0,0,0,8,3,0,0,-1,0,0,0,0,0,0,-1,0,20,0,0,19,0,120.31
1,8,79,0,1,13,7,29,125,1,-1,0,33,0,0,1,0,-1,0,4,2,10,4,0,2045.37
0,17,0,0,0,0,11,5,1,0,-1,0,0,0,0,0,0,-1,0,15,0,0,8,0,256.73
0,12,0,0,0,0,9,3,0,0,-1,0,0,0,0,0,0,-1,0,19,0,0,20,0,161.39
0,11,13,0,0,0,11,16,68,2,-1,0,9,0,0,0,4,-1,0,4,2,0,3,0,2496.54
0,19,0,0,0,0,12,0,0,0,-1,0,0,0,0,0,0,-1,0,19,0,0,13,0,1104.72
6,4,9,4,4,13,3,31,84,6,-1,0,56,1,3,1,0,-1,1,9,5,4,11,0,2753.22
0,16,0,0,0,0,12,12,7,0,-1,0,0,0,0,0,0,-1,0,11,0,0,3,0,549.15
11,3,43,14,17,39,9,19,165,7,-1,1,48,3,0,0,16,-1,4,4,47,45,11,2,2608.12
0,13,1,0,0,0,16,13,13,0,-1,0,0,0,1,0,0,-1,0,5,0,1,9,0,893.7
0,9,52,0,1,3,9,28,101,3,-1,0,21,0,0,0,0,-1,0,4,3,0,3,0,2054.11
4,8,82,0,1,10,7,31,133,1,-1,0,38,0,0,1,0,-1,0,4,2,11,4,0,3503.88
0,17,0,0,0,0,12,11,3,0,-1,0,0,0,0,0,0,-1,0,14,0,0,6,0,272.86
0,14,0,0,0,0,21,3,1,0,-1,0,0,0,0,0,0,-1,0,17,0,0,25,0,721.82
3,5,60,16,31,9,11,12,139,7,-1,0,57,0,0,2,0,-1,3,3,36,30,11,1,2581.78
0,17,0,0,0,0,13,12,7,1,-1,0,0,0,0,0,0,-1,0,12,0,0,4,0,218.47
0,11,1,0,0,1,10,22,40,0,-1,0,2,0,0,0,0,-1,0,6,0,0,1,0,2366.79
0,19,0,0,0,0,12,0,0,0,-1,0,0,0,0,0,0,-1,0,20,0,0,14,0,67.46
0,8,0,0,0,0,15,6,4,0,-1,0,0,0,0,0,0,-1,0,14,1,0,21,0,768.16
0,16,0,0,0,0,15,0,1,0,-1,0,0,0,0,0,0,-1,0,24,0,0,26,0,192.29
0,17,0,0,0,0,12,11,3,0,-1,0,0,0,0,0,0,-1,0,13,0,0,5,0,210.46
1,11,0,0,0,0,3,9,12,0,-1,0,0,0,0,0,0,-1,0,14,2,0,12,0,1482.39
0,14,2,0,0,1,16,13,17,0,-1,0,0,0,0,0,0,-1,0,6,0,0,7,0,877.0
0,19,0,0,0,0,21,3,1,0,-1,0,0,0,0,0,0,-1,0,10,0,0,12,0,548.07
0,12,0,0,0,0,14,0,1,0,-1,0,0,0,0,0,0,-1,0,20,0,0,24,0,140.02
2,2,34,0,0,6,9,23,95,1,-1,0,56,0,1,1,0,-1,0,7,3,0,14,0,2105.29
0,11,1,0,0,1,10,24,41,0,-1,0,2,0,0,0,0,-1,0,6,0,0,1,0,2469.69
9,6,78,12,0,14,6,26,169,3,-1,0,79,0,3,1,0,-1,3,4,7,26,6,3,2968.87
0,14,0,0,0,0,7,4,5,0,-1,0,0,0,0,0,0,-1,0,18,0,0,15,0,1060.49
0,10,1,0,3,0,2,18,21,2,-1,0,0,0,1,0,0,-1,0,12,2,0,10,0,1714.72
0,11,0,0,0,0,15,1,4,0,-1,0,0,0,0,0,0,-1,0,19,0,0,24,0,1113.32
0,18,0,0,0,0,13,5,2,0,-1,0,0,0,0,0,0,-1,0,15,0,0,7,0,207.16
0,15,0,0,0,0,11,1,0,0,-1,0,0,0,0,0,0,-1,0,22,0,0,22,0,188.97
1,11,0,0,1,0,4,9,7,0,-1,0,0,0,0,0,0,-1,0,14,1,0,12,0,1440.27
4,5,7,4,1,4,1,25,52,5,-1,0,28,1,0,1,0,-1,0,10,6,0,11,0,2278.53
0,16,0,0,0,0,16,2,11,0,-1,0,0,0,0,0,0,-1,0,9,0,0,5,0,393.5
0,15,0,0,0,0,10,22,7,0,-1,0,0,0,0,0,0,-1,0,12,0,0,4,0,249.26
4,5,7,0,1,4,1,26,52,5,-1,0,28,1,0,1,0,-1,0,10,6,0,11,0,2265.43
0,15,0,0,0,0,9,8,2,0,-1,0,0,0,0,0,0,-1,0,14,0,0,8,0,922.29
25,3,51,20,4,19,6,27,184,8,-1,0,32,2,13,10,0,-1,3,5,12,43,9,5,3872.48
0,10,37,0,1,3,9,26,101,2,-1,0,19,0,0,0,0,-1,0,4,2,0,3,0,2363.86
0,16,0,0,0,0,15,0,1,0,-1,0,0,0,0,0,0,-1,0,24,0,0,26,0,124.2
0,14,0,0,0,0,19,0,0,0,-1,0,0,0,0,0,0,-1,0,22,0,0,28,0,199.3
0,15,0,0,0,0,9,3,1,0,-1,0,0,0,0,0,0,-1,0,21,0,0,19,0,902.32
1,12,0,0,1,0,5,11,7,0,-1,0,0,0,0,0,0,-1,0,14,0,0,11,0,1203.6
0,19,0,0,0,0,12,0,0,0,-1,0,0,0,0,0,0,-1,0,20,0,0,15,0,154.06
0,15,0,0,0,0,14,0,1,0,-1,0,0,0,0,0,0,-1,0,23,0,0,25,0,193.15
0,20,0,0,0,0,20,0,0,0,-1,0,0,0,0,0,0,-1,0,12,0,0,10,0,340.02
0,7,1,0,2,0,1,17,30,0,-1,0,9,0,0,0,0,-1,0,12,2,0,12,0,1724.61
0,5,0,0,0,0,10,8,10,0,-1,0,0,0,0,0,0,-1,0,14,0,0,18,0,943.81
0,12,0,0,0,0,17,0,2,0,-1,0,0,0,0,0,0,-1,0,20,0,0,25,0,210.76
0,10,32,0,0,0,14,15,55,0,-1,0,10,0,0,0,0,-1,0,2,0,1,9,0,1270.57
0,15,0,0,0,0,10,2,0,0,-1,0,0,0,0,0,0,-1,0,22,0,0,21,0,92.49
0,7,0,0,0,0,11,5,10,1,-1,0,0,0,0,0,0,-1,0,15,0,0,20,0,1193.32
0,10,0,0,0,0,8,2,0,0,-1,0,0,0,0,0,0,-1,0,18,0,0,19,0,147.16
0,13,1,0,0,1,15,13,17,0,-1,0,0,0,0,0,0,-1,0,5,0,1,7,0,837.13
0,19,0,0,0,0,21,3,1,0,-1,0,0,0,0,0,0,-1,0,10,0,0,12,0,548.97
0,8,0,0,2,0,1,15,23,0,-1,0,5,0,0,0,0,-1,0,13,1,0,12,0,544.62
0,13,0,0,0,0,11,0,1,0,-1,0,0,0,0,0,0,-1,0,21,0,0,23,0,235.46
0,12,0,0,0,0,8,3,0,0,-1,0,0,0,0,0,0,-1,0,19,0,0,19,0,225.74
0,13,1,0,0,1,15,14,22,0,-1,0,1,0,0,0,0,-1,0,4,0,0,8,0,900.97
0,20,0,0,0,0,13,0,0,0,-1,0,0,0,0,0,0,-1,0,20,1,0,13,0,210.03
0,19,0,0,0,0,13,2,0,0,-1,0,0,0,0,0,0,-1,0,17,0,0,10,0,107.08
0,18,0,0,0,0,11,2,1,0,-1,0,0,0,0,0,0,-1,0,18,0,0,12,0,226.47
0,20,0,0,0,0,13,0,0,0,-1,0,0,0,0,0,0,-1,0,22,0,0,17,0,188.21
0,12,6,0,0,0,13,16,58,0,-1,0,7,0,0,0,0,-1,0,4,0,1,5,1,794.8
0,6,0,0,0,0,4,13,20,0,-1,0,6,0,0,0,0,-1,0,13,1,0,14,0,1004.89
0,7,0,0,0,0,12,5,11,0,-1,0,0,0,0,0,0,-1,0,15,0,0,20,0,966.81
0,14,0,0,0,0,10,2,0,0,-1,0,0,0,0,0,0,-1,0,20,0,0,20,0,90.8
0,8,0,0,0,0,13,3,7,1,-1,0,0,0,0,0,0,-1,0,16,0,0,21,0,290.25
0,12,0,0,0,0,6,3,3,0,-1,0,0,0,0,0,0,-1,0,18,0,0,16,0,208.05
0,16,1,0,0,0,16,7,9,0,-1,0,0,0,0,0,0,-1,0,8,0,0,6,0,372.89
0,21,0,0,0,0,23,0,0,0,-1,0,0,0,0,0,0,-1,0,13,0,0,12,0,353.92
0,15,0,0,0,0,8,5,4,0,-1,0,0,0,0,0,0,-1,0,16,0,0,11,0,1445.72
19,2,49,8,2,45,5,31,114,2,-1,0,25,3,3,1,0,-1,3,7,6,6,11,1,3020.34
0,18,0,0,0,0,15,11,3,0,-1,0,0,0,0,0,0,-1,0,13,0,0,5,0,260.2
6,3,75,8,1,8,9,21,126,0,-1,0,64,0,0,1,0,-1,0,6,14,12,12,0,2475.89
0,14,0,0,0,0,11,19,10,1,-1,0,0,0,0,0,0,-1,0,10,0,0,3,0,288.57
0,13,0,0,0,0,8,25,8,0,-1,0,0,0,0,0,0,-1,0,12,0,0,5,0,254.93
0,13,0,0,0,0,6,4,5,0,-1,0,1,0,0,0,0,-1,0,17,0,0,15,0,1147.41
0,3,0,0,0,0,8,20,31,1,-1,0,2,0,0,1,0,-1,0,11,0,0,16,0,1061.64
0,12,0,0,0,0,12,0,1,0,-1,0,0,0,0,0,0,-1,0,21,0,0,23,0,143.28
1,3,0,0,0,2,10,22,46,1,-1,0,6,0,0,2,0,-1,0,9,0,0,15,0,1269.12
0,19,0,0,0,0,12,0,0,0,-1,0,0,0,0,0,0,-1,0,20,0,0,15,0,153.47
0,16,0,0,0,0,9,4,2,0,-1,0,0,0,0,0,0,-1,0,16,0,0,10,0,421.39
0,8,0,0,1,0,16,5,4,0,-1,0,1,0,0,0,0,-1,0,11,0,0,19,0,189.62
0,12,0,0,0,0,16,0,2,0,-1,0,0,0,0,0,0,-1,0,20,0,0,25,0,238.76
0,17,0,0,0,0,10,1,1,0,-1,0,0,0,0,0,0,-1,0,18,0,0,13,0,1261.1
0,14,0,0,0,0,7,9,4,0,-1,0,1,0,0,0,0,-1,0,15,0,0,10,0,1162.56
0,8,0,0,0,0,16,6,3,0,-1,0,1,1,0,0,0,-1,0,12,0,0,19,0,181.04
0,11,0,0,0,0,6,5,3,0,-1,0,0,0,0,0,0,-1,0,17,0,0,17,0,466.46
0,12,0,0,0,0,8,29,11,0,-1,0,1,0,0,0,0,-1,0,10,0,0,4,0,653.67
1,6,0,0,0,0,13,9,14,0,-1,0,2,0,0,0,0,-1,0,9,0,0,16,0,224.24
0,10,36,4,1,1,11,18,93,0,-1,0,15,0,0,0,0,-1,0,3,2,0,4,0,2146.89
6,3,50,12,14,33,9,18,158,4,-1,0,54,2,2,0,8,-1,1,4,50,46,11,1,3959.61
0,11,0,0,0,0,5,7,4,0,-1,0,0,0,0,0,0,-1,0,16,0,0,16,0,366.39
0,9,0,0,0,0,16,4,3,0,-1,0,0,0,0,0,0,-1,0,15,0,0,22,0,752.38
0,13,1,0,0,0,13,15,28,1,-1,0,0,0,0,0,0,-1,1,6,0,0,3,0,625.62
0,18,0,0,0,0,12,2,0,0,-1,0,0,0,0,0,0,-1,0,17,0,0,10,0,756.4
0,15,2,0,0,1,17,13,10,0,-1,0,0,0,0,0,0,-1,0,6,0,0,8,0,620.21
0,6,0,0,0,0,13,11,12,0,-1,0,0,0,0,0,0,-1,0,13,0,0,19,0,567.63
0,8,0,0,0,0,13,4,6,0,-1,0,0,0,0,0,0,-1,0,15,0,0,21,0,550.56
0,9,0,0,0,0,13,2,5,1,-1,0,0,0,0,0,0,-1,0,17,0,0,22,0,115.88
0,14,0,0,0,0,7,3,3,0,-1,4,0,0,0,0,0,-1,0,18,0,0,15,0,988.49
1,15,0,0,0,0,18,5,1,0,-1,0,0,0,0,0,0,-1,0,7,0,0,11,0,475.4
0,2,6,0,3,2,6,25,63,1,-1,0,45,0,0,0,0,-1,0,10,1,0,14,0,2543.57
0,7,0,0,0,0,6,9,3,0,-1,0,0,0,0,0,0,-1,0,15,0,0,17,0,742.14
0,22,0,0,0,0,14,0,0,0,-1,0,0,0,0,0,0,-1,0,24,0,0,18,0,187.64
0,16,0,0,0,0,15,0,1,0,-1,0,0,0,0,0,0,-1,0,24,0,0,27,0,149.16
0,16,0,0,0,0,15,0,1,0,-1,0,0,0,0,0,0,-1,0,24,0,0,26,0,129.51
0,12,0,0,0,0,7,26,7,0,-1,0,0,0,0,0,0,-1,0,11,0,0,5,0,659.6
0,17,0,0,0,0,10,0,2,0,-1,0,0,0,0,0,0,-1,0,20,0,0,15,0,174.67
0,13,0,0,1,1,5,6,7,0,-1,0,0,0,0,0,0,-1,0,15,0,0,12,0,1311.68
0,4,0,0,0,0,8,13,23,0,-1,0,0,0,0,1,0,-1,0,12,0,0,17,0,1019.45
0,17,0,0,0,0,18,5,6,0,-1,0,0,0,0,0,0,-1,0,9,0,0,8,0,310.99
0,13,0,0,0,0,20,3,1,0,-1,0,0,0,0,0,0,-1,0,17,0,0,25,0,588.3
0,2,6,0,0,5,9,24,63,1,-1,0,12,0,0,2,0,-1,0,8,0,0,14,0,1278.44
0,7,0,0,0,0,14,10,11,0,-1,0,1,0,0,0,0,-1,0,13,0,0,20,0,570.28
0,19,0,0,0,0,13,3,1,0,-1,0,0,0,0,0,0,-1,0,16,0,0,9,0,190.91
0,10,0,0,0,0,15,1,4,0,-1,0,0,0,0,0,0,-1,0,18,0,0,24,0,1119.86
1,10,7,0,0,1,6,36,49,2,-1,0,10,0,0,1,0,-1,0,7,0,0,4,0,862.33
0,6,0,0,0,0,6,13,10,0,-1,0,1,0,0,0,0,-1,0,13,0,0,16,0,821.06
0,19,0,0,0,0,12,0,0,0,-1,0,0,0,0,0,0,-1,0,19,0,0,13,0,231.41
0,18,0,0,0,0,15,9,3,0,-1,0,0,0,0,0,0,-1,0,13,0,0,5,0,204.57
0,14,0,0,0,0,9,3,0,0,-1,0,0,0,0,0,0,-1,0,20,0,0,20,0,221.59
0,8,0,0,0,0,7,5,1,0,-1,0,0,0,0,0,0,-1,0,16,0,0,18,0,787.62
0,17,0,0,0,0,20,5,1,0,-1,0,1,0,0,0,0,-1,0,9,0,0,12,0,496.89
0,13,0,0,0,0,9,27,12,1,-1,0,1,0,0,0,0,-1,0,10,0,0,3,0,1204.06
0,16,0,0,0,0,8,0,1,0,-1,0,0,0,0,0,0,-1,0,19,0,0,16,0,1039.56
14,5,78,8,3,54,4,30,159,4,-1,4,32,0,3,2,0,-1,1,6,2,11,8,1,3400.99
0,9,0,0,0,0,3,13,14,0,-1,0,1,0,0,0,0,-1,0,14,0,0,14,0,408.25
0,12,0,0,0,0,13,0,1,0,-1,0,0,0,0,0,0,-1,0,20,0,0,23,0,141.05
0,17,0,0,0,0,18,6,2,0,-1,0,0,0,0,0,0,-1,0,9,0,0,9,0,459.35
0,10,0,0,0,0,13,1,4,0,-1,0,0,0,0,0,0,-1,0,18,0,0,23,0,286.82
36,2,48,20,5,26,7,23,170,10,-1,4,43,2,3,6,4,-1,6,5,24,50,11,1,2400.52
1,3,7,0,2,7,4,23,66,2,-1,0,38,0,0,0,0,-1,0,10,3,0,13,0,2562.53
0,17,0,0,0,0,10,4,1,0,-1,0,0,0,0,0,0,-1,0,16,0,0,10,0,262.16
0,17,0,0,0,0,18,5,5,0,-1,0,0,0,0,0,0,-1,0,9,0,0,8,0,305.67
0,7,0,0,0,1,14,7,11,0,-1,0,2,0,0,0,0,-1,0,10,1,0,17,0,213.69
0,7,0,0,0,0,12,5,10,1,-1,0,0,0,0,0,0,-1,0,15,0,0,20,0,967.35
0,16,0,0,0,0,12,11,7,0,-1,0,0,0,0,0,0,-1,0,11,0,0,3,0,273.95
0,8,0,0,0,0,12,2,6,0,-1,0,0,0,0,0,0,-1,0,17,0,0,21,0,230.75
5,1,45,0,0,6,8,24,106,2,-1,0,65,0,0,2,0,-1,0,7,4,1,13,0,1423.88
0,19,0,0,0,0,21,3,0,0,-1,0,0,0,0,0,0,-1,0,11,0,0,13,0,507.9
4,4,68,4,13,10,10,18,142,5,-1,4,69,0,1,1,8,-1,2,4,50,25,11,0,2412.18
0,15,0,0,0,0,15,0,1,0,-1,0,0,0,0,0,0,-1,0,23,0,0,26,0,190.02
0,18,0,0,0,0,12,5,1,0,-1,0,0,0,0,0,0,-1,0,16,0,0,9,0,201.03
0,18,0,0,0,0,11,2,1,0,-1,0,0,0,0,0,0,-1,0,18,0,0,12,0,235.25
0,12,0,0,0,0,17,0,1,0,-1,0,0,0,0,0,0,-1,0,20,0,0,26,0,208.86
0,12,0,0,0,0,9,2,0,0,-1,0,0,0,0,0,0,-1,0,19,0,0,20,0,195.86
0,16,0,0,0,0,13,12,9,0,-1,0,0,0,0,0,0,-1,0,11,0,0,3,0,516.4
0,19,0,0,0,0,13,2,1,0,-1,0,0,0,0,0,0,-1,0,17,0,0,9,0,204.4
0,12,0,0,0,0,6,26,11,0,-1,0,1,0,0,0,0,-1,0,12,0,0,7,0,330.9
3,5,7,0,2,4,2,22,49,2,-1,0,28,0,0,2,0,-1,1,10,6,0,12,0,2192.81
0,10,0,0,0,0,15,1,5,0,-1,0,0,0,0,0,0,-1,0,18,0,0,23,0,1090.5
6,6,35,31,52,12,11,8,154,2,-1,0,55,7,0,0,0,-1,2,2,16,46,10,1,2657.97
8,7,83,12,0,14,6,28,163,3,-1,0,81,0,2,0,0,-1,3,4,6,17,6,3,3210.31
0,11,8,0,0,0,12,15,62,2,-1,0,6,0,0,0,0,-1,0,4,1,1,5,0,762.34
0,15,0,0,0,0,8,2,1,0,-1,0,0,0,0,0,0,-1,0,20,0,0,17,0,897.26
0,18,0,0,0,0,12,2,0,0,-1,0,0,0,0,0,0,-1,0,17,0,0,10,0,105.14
0,12,0,0,0,0,12,0,1,0,-1,0,0,0,0,0,0,-1,0,20,0,0,23,0,144.36
0,12,0,0,0,0,7,3,2,0,-1,0,0,0,0,0,0,-1,0,18,0,0,17,0,182.34
0,12,1,0,0,0,13,16,40,2,-1,0,3,0,0,0,0,-1,0,4,0,1,5,1,732.43
10,7,21,40,33,14,10,17,168,12,-1,5,55,10,2,6,28,-1,13,1,32,41,7,15,8287.91
0,10,1,0,1,1,3,29,21,0,-1,0,1,0,0,0,0,-1,0,11,2,0,8,0,1682.65
0,17,0,0,0,0,13,12,3,0,-1,0,0,0,0,0,0,-1,0,13,0,0,6,0,218.87
0,22,0,0,0,0,14,0,0,0,-1,0,0,0,0,0,0,-1,0,23,0,0,18,0,143.3
0,10,0,0,0,0,17,4,3,0,-1,0,0,0,0,0,0,-1,0,15,0,0,22,0,566.24
1,10,1,0,0,0,7,38,29,2,-1,0,6,0,0,0,0,-1,1,8,0,0,3,0,1417.27
0,10,0,0,0,0,13,1,4,0,-1,0,0,0,0,0,0,-1,0,18,0,0,23,0,222.02
0,13,0,0,0,0,6,5,7,0,-1,0,1,0,0,0,0,-1,0,16,1,0,12,0,450.58
25,2,47,8,8,36,8,23,170,11,-1,8,39,1,5,6,8,-1,5,5,32,51,11,0,2344.36
0,16,0,0,0,0,9,1,2,0,-1,0,0,0,0,0,0,-1,0,18,0,0,14,0,316.9
0,16,0,0,0,0,8,1,2,0,-1,0,0,0,0,0,0,-1,0,18,0,0,15,0,179.89
0,12,0,0,0,0,16,0,2,0,-1,0,0,0,0,0,0,-1,0,20,0,0,25,0,219.19
0,13,0,0,0,0,6,5,7,0,-1,0,1,0,0,0,0,-1,0,16,0,0,13,0,966.95
28,3,25,16,6,27,7,25,195,13,-1,5,29,1,15,8,8,-1,3,5,38,49,9,6,3628.64
19,3,38,12,4,26,7,26,185,16,-1,4,32,2,24,10,12,-1,3,5,20,53,10,3,4181.58
5,2,77,4,2,41,8,23,137,5,-1,0,44,2,2,4,8,-1,4,6,10,14,12,0,2537.57
0,14,0,0,0,0,11,16,10,0,-1,0,0,0,0,0,0,-1,0,10,0,0,2,0,1083.83
0,19,0,0,0,0,12,0,0,0,-1,0,0,0,0,0,0,-1,0,19,0,0,13,0,226.6
14,5,54,0,4,37,3,40,124,5,-1,0,39,1,2,2,4,-1,4,7,2,5,8,0,2930.48
0,16,0,0,0,0,13,12,12,0,-1,0,0,0,0,0,0,-1,0,11,0,0,3,0,186.64
2,2,39,0,0,5,9,22,102,2,-1,0,54,0,1,2,0,-1,0,7,3,0,13,0,2189.19
0,10,1,0,0,0,6,36,16,0,-1,0,5,0,0,0,0,-1,0,10,0,0,5,0,757.86
0,11,0,0,0,1,4,8,7,0,-1,0,0,0,0,0,0,-1,0,15,2,0,13,0,1445.36
0,10,0,0,0,0,13,1,4,0,-1,0,0,0,0,0,0,-1,0,18,0,0,23,0,144.67
0,7,2,0,1,1,0,21,30,0,-1,0,9,1,0,0,0,-1,0,11,2,0,11,0,2199.27
0,15,0,0,0,0,10,21,4,0,-1,0,0,0,0,0,0,-1,0,13,0,0,6,0,234.9
0,4,0,0,0,0,8,13,24,0,-1,0,0,0,0,1,0,-1,0,12,0,0,17,0,1103.58
0,3,1,0,0,1,5,23,39,1,-1,0,21,1,0,0,0,-1,0,11,2,0,14,0,2507.32
0,15,1,0,0,0,15,12,12,0,-1,0,0,0,0,0,0,-1,0,7,0,0,5,0,531.04
0,15,0,0,0,0,14,0,1,0,-1,0,0,0,0,0,0,-1,0,23,0,0,25,0,134.61
0,14,0,0,0,0,14,13,22,1,-1,0,0,0,0,0,0,-1,0,6,0,1,4,0,430.71
0,13,0,0,0,0,8,3,0,0,-1,0,0,0,0,0,0,-1,0,19,0,0,19,0,107.65
0,10,28,0,0,1,12,17,81,4,-1,0,11,0,0,1,0,-1,0,2,3,2,6,1,1762.74
0,6,0,0,0,0,11,6,11,1,-1,0,0,0,0,0,0,-1,0,14,0,0,19,0,1047.86
0,13,1,0,0,0,13,15,28,1,-1,0,0,0,0,0,0,-1,1,6,0,0,4,0,536.68
0,11,1,0,0,0,7,36,20,1,-1,0,2,0,0,0,0,-1,0,9,0,0,4,0,1399.05
0,6,0,0,0,0,8,8,6,0,-1,0,0,0,0,0,0,-1,0,14,0,0,18,0,756.48
0,9,0,0,0,0,4,11,6,0,-1,0,0,0,0,0,0,-1,0,15,0,0,15,0,399.46
0,15,2,0,0,0,17,12,6,0,-1,0,1,0,0,0,0,-1,0,7,0,0,8,0,513.18
0,17,0,0,0,0,10,2,1,0,-1,0,0,0,0,0,0,-1,0,18,0,0,12,0,224.32
0,10,0,0,0,0,6,6,2,0,-1,0,0,0,0,0,0,-1,0,16,0,0,17,0,471.69
0,18,0,0,0,0,10,0,1,0,-1,0,0,0,0,0,0,-1,0,20,0,0,16,0,150.05
0,18,0,0,0,0,13,0,0,0,-1,0,0,0,0,0,0,-1,0,24,0,0,23,0,90.25
0,16,0,0,0,0,11,13,3,0,-1,0,0,0,0,0,0,-1,0,13,0,0,5,0,286.21
6,1,44,0,0,3,9,22,104,1,-1,0,61,0,0,2,0,-1,0,7,3,0,13,0,1385.1
0,18,0,0,0,0,21,4,1,0,-1,0,1,0,0,0,0,-1,0,10,0,0,12,0,472.44
0,11,0,0,0,0,5,6,6,0,-1,0,1,0,0,0,0,-1,0,16,0,0,15,0,200.56
0,6,5,0,3,5,1,24,41,2,-1,0,19,1,0,0,0,-1,0,11,2,0,11,0,2011.1
0,17,0,0,0,0,20,5,1,0,-1,0,1,0,0,0,0,-1,0,9,0,0,12,0,521.9
0,11,0,0,0,0,7,5,0,0,-1,0,0,0,0,0,0,-1,0,18,0,0,18,0,178.91
0,21,0,0,0,0,23,1,0,0,-1,0,0,0,0,0,0,-1,0,13,0,0,13,0,342.52
0,20,0,0,0,0,22,1,0,0,-1,0,0,0,0,0,0,-1,0,12,0,0,12,0,331.24
0,17,0,0,0,0,12,10,3,0,-1,0,0,0,0,0,0,-1,0,14,0,0,6,0,252.81
0,18,0,0,0,0,12,0,0,0,-1,0,0,0,0,0,0,-1,0,24,0,0,22,0,88.41
0,19,0,0,0,0,12,0,0,0,-1,0,0,0,0,0,0,-1,0,20,0,0,14,0,1147.98
0,16,0,0,0,0,9,0,2,0,-1,0,0,0,0,0,0,-1,0,19,0,0,15,0,175.05
0,5,0,0,0,0,8,10,15,0,-1,0,0,0,0,0,0,-1,0,13,0,0,17,0,771.79
0,6,0,0,0,0,13,13,13,0,-1,0,2,0,0,0,0,-1,0,12,1,0,18,0,627.11
4,7,42,0,0,6,5,36,95,2,-1,0,73,0,2,1,0,-1,1,6,2,5,6,0,3015.54
0,8,0,0,0,0,5,10,4,0,-1,0,0,0,0,0,0,-1,0,15,0,0,16,0,491.05
0,8,7,0,0,4,3,33,44,4,-1,0,24,0,0,0,0,-1,2,8,3,0,7,0,2469.54
0,18,0,0,0,0,11,1,1,0,-1,0,0,0,0,0,0,-1,0,18,0,0,13,0,230.03
14,4,39,4,3,32,3,39,112,5,-1,4,42,2,3,3,0,-1,2,7,2,3,9,1,2592.92
0,1,9,0,2,3,6,29,69,3,-1,0,66,0,0,0,0,-1,0,9,2,0,13,0,2736.44
0,12,0,0,0,0,9,2,0,0,-1,0,0,0,0,0,0,-1,0,19,0,0,20,0,97.38
0,10,32,0,1,2,10,23,101,0,-1,0,20,0,0,0,0,-1,0,4,3,1,3,0,2624.13
0,13,0,0,0,1,5,6,7,0,-1,0,0,0,0,0,0,-1,0,15,1,0,12,0,406.94
0,9,0,0,1,1,2,15,16,2,-1,0,0,0,0,0,0,-1,0,13,2,0,13,0,533.62
0,6,0,0,0,0,10,5,8,0,-1,0,0,0,0,0,0,-1,0,14,0,0,19,0,914.94
0,15,0,0,0,0,8,3,2,0,-1,0,0,0,0,0,0,-1,0,17,0,0,12,0,1396.23
0,10,1,0,0,0,5,34,19,0,-1,0,6,0,0,0,0,-1,0,10,0,0,6,0,1742.7
0,7,2,0,2,1,0,24,34,0,-1,0,10,0,0,0,0,-1,0,11,3,0,10,0,1795.51
0,10,0,0,0,0,14,1,5,1,-1,0,0,0,0,0,0,-1,0,18,0,0,23,0,294.9
0,15,0,0,0,0,11,14,7,0,-1,0,0,0,0,0,0,-1,0,10,0,0,2,0,241.35
0,14,0,0,0,0,9,3,0,0,-1,0,0,0,0,0,0,-1,0,20,0,0,19,0,919.98
0,6,0,0,0,0,13,10,12,0,-1,0,2,0,0,0,0,-1,0,13,1,0,19,0,622.98
0,10,0,0,0,0,5,7,4,0,-1,0,0,0,0,0,0,-1,0,16,0,0,16,0,360.52
1,11,0,0,0,0,4,6,7,0,-1,0,0,0,0,0,0,-1,0,15,2,0,12,0,1516.72
0,15,1,0,0,0,15,12,16,0,-1,0,0,0,0,0,0,-1,0,7,0,0,5,0,487.39
1,2,6,0,2,1,5,24,67,2,-1,0,48,1,0,0,0,-1,0,10,1,0,13,0,1377.74
0,6,8,0,0,1,13,9,31,0,-1,0,5,0,0,0,0,-1,0,6,0,0,14,0,1935.35
0,15,0,0,0,0,11,20,8,0,-1,0,0,0,0,0,0,-1,0,12,0,0,4,0,270.7
0,14,2,0,0,1,16,13,12,0,-1,0,0,0,0,0,0,-1,0,6,0,0,8,0,578.74
0,18,0,0,0,0,21,4,1,0,-1,0,1,0,0,0,0,-1,0,10,0,0,12,0,568.33
0,12,2,0,0,0,12,16,41,0,-1,0,2,0,0,0,0,-1,1,5,0,0,3,0,670.0
5,2,66,8,3,32,8,21,142,0,-1,0,53,0,3,2,4,-1,1,5,18,32,12,0,2732.18
0,18,0,0,0,0,12,5,3,0,-1,0,0,0,0,0,0,-1,0,15,0,0,7,0,269.93
8,5,33,50,50,9,10,15,152,7,-1,0,69,9,1,0,8,-1,3,3,12,50,10,6,3985.79
1,10,1,0,0,0,7,37,30,1,-1,0,6,0,0,0,0,-1,1,8,0,0,3,0,1425.76
4,5,68,12,21,6,10,17,140,1,-1,4,68,0,0,1,8,-1,1,4,42,24,11,1,2561.66
0,14,0,0,0,0,21,2,1,0,-1,0,0,0,0,0,0,-1,0,16,0,0,24,0,585.5
1,4,0,0,0,1,11,19,34,0,-1,0,5,0,1,1,0,-1,0,9,0,0,16,0,1110.53
0,21,0,0,0,0,22,0,0,0,-1,0,0,0,0,0,0,-1,0,12,0,0,12,0,342.56
0,19,0,0,0,0,11,0,1,0,-1,0,0,0,0,0,0,-1,0,20,0,0,14,0,156.32
0,5,0,0,0,0,12,12,16,0,-1,0,2,0,0,0,0,-1,0,12,0,0,18,0,653.07
0,17,0,0,0,0,18,5,1,0,-1,0,0,0,0,0,0,-1,0,9,0,0,9,0,360.52
0,12,0,0,0,0,11,0,1,0,-1,0,0,0,0,0,0,-1,0,20,0,0,22,0,270.37
0,12,0,0,0,0,13,0,1,0,-1,0,0,0,0,0,0,-1,0,20,0,0,23,0,25.94
0,13,0,0,0,0,11,1,1,0,-1,0,0,0,0,0,0,-1,0,21,0,0,22,0,197.81
2,4,1,0,0,0,11,18,50,0,-1,0,9,0,1,0,0,-1,0,8,0,0,15,0,1174.6
0,18,0,0,0,0,11,0,1,0,-1,0,0,0,0,0,0,-1,0,21,0,0,17,0,149.71
23,2,64,12,5,23,6,29,181,13,-1,4,32,0,30,7,4,-1,2,5,12,35,10,1,4400.93
2,3,42,4,0,5,10,21,99,1,-1,0,52,0,1,1,0,-1,0,7,3,0,13,0,1414.13
0,9,0,0,0,0,6,6,2,0,-1,0,0,0,0,0,0,-1,0,16,0,0,17,0,461.25
0,12,3,0,0,0,14,16,47,1,-1,0,6,0,0,0,0,-1,0,4,0,0,6,0,961.82
0,11,11,0,0,0,13,16,52,2,-1,0,7,0,0,1,0,-1,0,3,0,0,6,0,1067.28
0,12,0,0,0,0,17,0,2,0,-1,0,0,0,0,0,0,-1,0,20,0,0,25,0,229.67
0,22,0,0,0,0,14,0,0,0,-1,0,0,0,0,0,0,-1,0,24,0,0,18,0,144.2
0,4,0,0,0,0,10,12,22,1,-1,0,1,0,0,0,0,-1,0,12,0,0,18,0,1136.51
0,20,0,0,0,0,20,0,0,0,-1,0,0,0,0,0,0,-1,0,12,0,0,10,0,339.06
0,4,0,0,0,0,11,16,25,3,-1,0,3,0,0,0,0,-1,0,11,0,0,17,0,776.71
0,15,0,0,0,0,22,3,0,0,-1,0,0,0,0,0,0,-1,0,19,0,0,27,0,419.75
0,6,0,0,0,1,13,13,13,0,-1,0,1,0,0,0,0,-1,0,11,1,0,18,0,1870.14
0,16,0,0,0,0,10,5,1,0,-1,0,0,0,0,0,0,-1,0,15,0,0,9,0,329.34
0,18,0,0,0,0,13,6,2,0,-1,0,0,0,0,0,0,-1,0,15,0,0,7,0,202.0
0,9,0,0,0,0,16,4,4,0,-1,0,0,0,0,0,0,-1,0,15,0,0,22,0,1530.34
2,5,47,0,0,0,11,14,80,3,-1,0,23,0,0,0,0,-1,0,6,1,2,13,0,2239.94
0,17,0,0,0,0,18,1,6,0,-1,0,0,0,0,0,0,-1,0,9,0,0,8,0,355.78
0,4,0,0,0,0,10,10,22,2,-1,0,1,0,0,0,0,-1,0,12,0,0,18,0,1049.61
1,10,6,0,0,1,7,38,48,2,-1,0,11,0,0,1,0,-1,1,7,0,0,3,0,1543.12
5,1,25,4,2,31,6,28,96,6,-1,4,48,2,0,3,0,-1,1,8,4,1,12,0,3010.85
0,4,0,0,0,0,8,14,23,1,-1,0,0,0,0,1,0,-1,0,12,0,0,17,0,1010.63
0,14,0,0,0,0,10,2,0,0,-1,0,0,0,0,0,0,-1,0,21,0,0,21,0,193.02
0,18,0,0,0,0,10,0,1,0,-1,0,0,0,0,0,0,-1,0,21,0,0,17,0,194.33
0,5,0,0,0,0,10,8,10,0,-1,0,0,0,0,0,0,-1,0,13,0,0,18,0,1007.2
1,13,1,0,0,0,15,13,15,0,-1,0,0,0,0,0,0,-1,0,4,0,1,8,0,838.6
1,6,0,0,0,0,14,9,15,0,-1,0,2,0,0,0,0,-1,0,10,1,0,17,0,1722.84
0,7,0,0,0,0,12,5,10,0,-1,0,0,0,0,0,0,-1,0,15,0,0,21,0,843.51
0,7,0,0,0,0,7,8,2,0,-1,0,0,0,0,0,0,-1,0,15,0,0,17,0,897.55
0,6,0,0,0,0,13,12,12,0,-1,0,2,0,0,0,0,-1,0,12,1,0,18,0,1646.88
0,5,0,0,0,0,6,13,13,0,-1,0,1,0,0,0,0,-1,0,13,0,0,16,0,970.9
0,12,0,0,0,0,5,5,6,0,-1,0,1,0,0,0,0,-1,0,16,0,0,14,0,1188.41
0,12,0,0,0,0,19,3,1,0,-1,0,0,0,0,0,0,-1,0,17,0,0,24,0,546.46
12,7,12,49,51,13,9,18,176,16,-1,10,55,11,3,9,24,-1,12,1,18,32,7,15,8192.74
0,13,0,0,0,0,7,4,3,0,-1,0,0,0,0,0,0,-1,0,18,0,0,16,0,1137.44
16,3,29,4,6,17,3,32,106,5,-1,0,47,1,6,1,0,-1,2,8,5,3,10,0,2836.88
1,10,1,0,3,0,3,20,20,0,-1,0,0,0,0,0,0,-1,0,12,2,0,9,0,1532.22
3,8,46,12,11,12,11,15,144,6,-1,0,35,3,2,3,12,-1,3,0,54,38,7,3,5896.1
0,11,0,0,0,0,18,3,1,0,-1,0,0,0,0,0,0,-1,0,15,0,0,22,0,639.7
0,4,0,0,0,0,11,16,25,0,-1,0,2,0,0,0,0,-1,0,12,0,0,17,0,856.89
0,9,0,0,0,0,5,10,2,0,-1,0,0,0,0,0,0,-1,0,16,0,0,17,0,407.82
0,19,0,0,0,0,16,9,2,0,-1,0,0,0,0,0,0,-1,0,13,0,0,6,0,202.84
0,6,0,0,1,1,13,11,12,0,-1,0,1,0,0,0,0,-1,0,12,0,0,18,0,1903.46
5,8,68,12,11,7,11,19,137,8,-1,0,24,3,0,0,0,-1,1,0,32,29,7,2,5517.86
0,15,0,0,0,0,15,0,1,1,-1,0,0,0,0,0,0,-1,0,23,0,0,26,0,164.04
1,3,3,0,0,1,4,23,46,1,-1,0,31,0,0,0,0,-1,0,10,3,0,13,0,2500.75
0,18,0,0,0,0,11,0,0,0,-1,0,0,0,0,0,0,-1,0,20,0,0,15,0,170.35
47,4,50,12,1,25,6,28,189,13,-1,0,26,1,12,4,8,-1,0,5,12,40,8,3,3959.01
1,9,1,0,1,0,2,15,21,1,-1,0,0,1,0,0,0,-1,0,13,3,0,11,0,1664.01
0,18,0,0,0,0,11,0,1,0,-1,0,0,0,0,0,0,-1,0,20,0,0,16,0,152.22
0,4,0,0,0,2,12,16,27,0,-1,0,4,0,1,0,0,-1,0,9,0,0,16,0,1126.71
0,7,0,0,0,0,13,10,13,0,-1,0,0,0,0,0,0,-1,0,13,0,0,20,0,577.14
0,5,0,0,0,1,13,12,17,1,-1,0,1,0,1,0,0,-1,0,9,1,0,17,0,1925.16
0,13,0,0,0,0,9,2,0,0,-1,0,0,0,0,0,0,-1,0,20,0,0,21,0,208.29
0,14,2,0,0,0,16,15,18,0,-1,0,1,0,0,0,0,-1,0,6,0,0,7,0,779.43
0,4,0,0,0,0,10,15,24,0,-1,0,2,0,0,0,0,-1,0,12,0,0,17,0,1123.75
9,3,11,0,5,13,4,29,78,3,-1,0,55,1,1,0,0,-1,0,9,4,2,11,0,2750.66
0,16,1,0,0,0,17,11,10,0,-1,0,0,0,0,0,0,-1,0,8,0,0,7,0,517.45
0,11,0,0,0,1,9,28,29,0,-1,0,1,0,0,0,0,-1,0,7,0,0,1,0,514.86
0,10,1,0,0,1,7,37,26,1,-1,0,7,0,0,1,0,-1,1,8,0,0,4,0,1444.17
0,20,0,0,0,0,12,0,0,0,-1,0,0,0,0,0,0,-1,0,20,0,0,15,0,1097.21
0,16,0,0,0,0,9,5,2,0,-1,0,0,0,0,0,0,-1,0,16,0,0,10,0,433.12
5,6,50,8,47,10,11,11,146,1,-1,0,54,0,0,1,0,-1,0,3,22,38,10,0,2605.44
0,10,1,0,0,1,4,28,18,0,-1,0,0,0,0,0,0,-1,0,11,3,0,8,0,1562.24
0,11,0,0,0,0,12,0,1,0,-1,0,0,0,0,0,0,-1,0,19,0,0,23,0,196.67
0,11,0,0,0,0,12,0,1,0,-1,0,0,0,0,0,0,-1,0,19,0,0,22,0,142.56
0,11,0,0,0,0,9,2,1,0,-1,0,0,0,0,0,0,-1,0,19,0,0,21,0,198.57
1,15,1,0,0,0,18,8,3,1,-1,0,0,0,0,0,0,-1,0,7,0,0,10,0,626.33
0,19,0,0,0,0,12,0,0,0,-1,0,0,0,0,0,0,-1,0,20,0,0,14,0,295.03
0,2,4,0,1,1,6,26,55,1,-1,0,44,0,0,0,0,-1,0,10,3,0,14,0,2502.83
0,13,0,0,0,0,6,5,7,0,-1,4,1,0,0,0,0,-1,0,17,0,0,14,0,908.49
0,18,0,0,0,0,21,4,1,0,-1,0,1,0,0,0,0,-1,0,10,0,0,12,0,564.09
0,17,0,0,0,0,11,0,1,0,-1,0,0,0,0,0,0,-1,0,23,0,0,21,0,88.78
0,1,8,0,1,7,6,28,72,3,-1,0,65,1,0,1,0,-1,0,9,2,1,13,0,2798.43
0,12,0,0,0,0,6,25,14,0,-1,0,1,0,0,0,0,-1,0,11,0,0,6,0,257.44
0,5,0,0,0,0,7,11,7,0,-1,0,0,0,0,0,0,-1,0,14,0,0,17,0,1042.47
0,16,0,0,0,0,8,1,2,0,-1,0,0,0,0,0,0,-1,0,18,0,0,15,0,160.31
0,5,0,0,0,1,12,14,21,0,-1,0,2,0,0,0,0,-1,0,11,0,0,17,0,608.7
0,13,0,0,0,0,8,25,8,0,-1,0,0,0,0,0,0,-1,0,11,0,0,5,0,656.36
0,15,0,0,0,0,8,2,1,0,-1,0,0,0,0,0,0,-1,0,19,0,0,16,0,1033.35
0,18,0,0,0,0,19,2,1,0,-1,0,0,0,0,0,0,-1,0,10,0,0,9,0,348.2
0,5,0,0,0,0,11,9,13,1,-1,0,1,0,0,0,0,-1,0,13,0,0,18,0,723.58
0,17,0,0,0,0,18,5,3,0,-1,0,0,0,0,0,0,-1,0,9,0,0,8,0,461.32
0,7,9,0,3,7,2,37,54,1,-1,0,37,0,0,0,0,-1,2,9,4,1,8,1,2530.49
0,16,0,0,0,0,10,9,2,0,-1,0,0,0,0,0,0,-1,0,14,0,0,8,0,279.38
0,14,0,0,0,0,7,3,4,0,-1,0,1,0,0,0,0,-1,0,17,0,0,13,0,377.31
2,4,15,4,0,1,11,18,71,3,-1,0,14,0,1,1,0,-1,0,7,0,0,14,0,1234.91
0,5,0,0,0,1,13,12,17,2,-1,0,1,0,1,0,0,-1,0,10,1,0,17,0,1865.11
0,12,0,0,0,0,17,0,3,0,-1,0,0,0,0,0,0,-1,0,19,0,0,25,0,213.93
0,2,0,0,0,1,9,25,42,0,-1,0,9,0,0,0,0,-1,0,10,0,0,15,0,1392.26
0,13,0,0,0,0,7,3,3,0,-1,0,0,0,0,0,0,-1,0,18,0,0,17,0,776.34
6,4,7,4,1,4,2,27,61,3,-1,0,38,1,0,0,0,-1,1,10,9,0,11,0,2236.72
0,16,0,0,0,1,18,8,4,0,-1,0,0,0,0,0,0,-1,0,7,0,0,9,0,598.64
0,13,0,0,0,0,9,28,13,0,-1,0,1,0,0,0,0,-1,0,9,0,0,3,0,1148.48
0,14,0,0,0,0,9,3,0,0,-1,0,0,0,0,0,0,-1,0,20,0,0,20,0,92.52
0,10,1,0,1,0,3,18,16,2,-1,0,0,1,1,0,0,-1,0,12,1,0,10,0,1633.94
0,11,13,0,0,1,10,22,66,2,-1,0,8,0,0,0,0,-1,0,5,2,1,2,0,2291.19
1,9,24,0,0,4,7,37,81,2,-1,0,20,0,1,0,0,-1,0,6,0,0,4,0,1864.47
0,5,0,0,0,1,12,13,20,0,-1,0,2,0,0,0,0,-1,0,11,0,0,17,0,1169.05
0,8,0,0,0,0,8,1,0,0,-1,0,0,0,0,0,0,-1,0,16,0,0,18,0,854.0
3,1,76,8,3,10,8,23,120,3,-1,0,71,0,4,0,0,-1,1,7,1,3,12,0,2513.2
0,10,0,0,0,0,8,2,0,0,-1,0,0,0,0,0,0,-1,0,17,0,0,19,0,324.05
0,6,0,0,0,0,11,5,11,1,-1,0,0,0,0,0,0,-1,0,14,0,0,19,0,254.92
0,11,0,0,0,0,6,5,3,0,-1,0,0,0,0,0,0,-1,0,17,0,0,17,0,239.97
2,5,72,12,18,7,11,15,131,1,-1,4,68,0,0,3,8,-1,0,4,43,21,11,1,2471.3
0,12,0,0,0,1,5,5,7,0,-1,0,0,0,0,0,0,-1,0,15,1,0,13,0,965.55
1,6,0,0,0,0,13,11,15,1,-1,0,2,0,0,0,0,-1,0,10,1,0,17,0,1864.09
0,12,0,0,0,0,13,0,1,0,-1,0,0,0,0,0,0,-1,0,21,0,0,24,0,237.08
0,19,0,0,0,0,12,0,0,0,-1,0,0,0,0,0,0,-1,0,20,0,0,15,0,171.37
0,16,0,0,0,0,10,11,3,0,-1,0,0,0,0,0,0,-1,0,14,0,0,7,0,245.48
0,11,0,0,0,1,8,36,18,0,-1,0,1,0,0,1,0,-1,0,8,0,0,3,0,567.38
0,12,6,0,0,0,13,16,51,2,-1,0,6,0,0,0,0,-1,0,3,0,0,6,0,1436.29
22,2,58,8,5,37,8,23,164,11,-1,4,39,2,6,7,8,-1,5,5,19,48,11,0,2198.08
0,17,0,0,0,0,12,6,2,0,-1,0,0,0,0,0,0,-1,0,15,0,0,8,0,237.04
0,17,0,0,0,0,12,12,3,0,-1,0,0,0,0,0,0,-1,0,14,0,0,6,0,235.65
0,7,0,0,0,0,4,12,17,0,-1,0,1,0,0,0,0,-1,0,14,0,0,15,0,884.34
0,18,0,0,0,0,10,0,1,0,-1,0,0,0,0,0,0,-1,0,21,0,0,17,0,173.66
0,1,10,0,2,5,6,29,77,1,-1,0,66,0,0,0,0,-1,0,9,2,0,13,0,2938.25
0,13,0,0,0,0,14,0,1,0,-1,0,0,0,0,0,0,-1,0,21,0,0,25,0,140.35
0,7,0,0,0,0,12,5,7,1,-1,0,0,0,0,0,0,-1,0,15,0,0,21,0,725.47
0,8,0,0,0,0,15,7,5,0,-1,0,1,0,0,0,0,-1,0,12,0,0,19,0,199.04
0,2,2,0,0,0,7,28,49,0,-1,0,27,0,0,0,0,-1,0,10,3,0,14,0,2269.99
0,15,0,0,0,0,11,2,0,0,-1,0,0,0,0,0,0,-1,0,22,0,0,22,0,220.4
0,15,2,0,0,0,16,13,14,0,-1,0,1,0,0,0,0,-1,0,6,0,0,8,0,620.95
0,19,0,0,0,0,19,1,6,0,-1,0,0,0,0,0,0,-1,0,11,0,0,8,0,442.22
0,16,0,0,0,0,17,5,9,0,-1,0,0,0,0,0,0,-1,0,8,0,0,7,0,475.54
0,12,0,0,0,0,5,6,3,0,-1,0,0,0,0,0,0,-1,0,17,0,0,16,0,1089.03
0,7,0,0,0,0,8,4,5,0,-1,0,0,0,0,0,0,-1,0,15,0,0,18,0,726.15
1,11,1,0,0,0,3,18,15,0,-1,0,0,1,0,0,0,-1,0,13,2,0,10,0,1572.93
0,13,0,0,0,0,12,0,1,0,-1,0,0,0,0,0,0,-1,0,21,0,0,23,0,258.25
0,15,0,0,0,0,22,2,0,0,-1,0,0,0,0,0,0,-1,0,18,0,0,26,0,631.84
0,14,0,0,0,0,10,23,12,0,-1,0,1,0,0,0,0,-1,0,11,0,0,3,0,254.3
0,16,0,0,0,0,13,12,12,0,-1,0,0,0,0,0,0,-1,0,11,0,0,3,0,281.05
0,15,0,0,0,0,11,1,0,0,-1,0,0,0,0,0,0,-1,0,22,0,0,22,0,189.56
0,18,0,0,0,0,20,4,1,0,-1,0,0,0,0,0,0,-1,0,10,0,0,11,0,443.07
0,15,0,0,0,1,19,5,1,0,-1,0,0,0,0,0,0,-1,0,7,0,0,12,0,601.29
0,11,0,0,0,0,10,2,1,0,-1,0,0,0,0,0,0,-1,0,19,0,0,21,0,232.29
0,15,0,0,0,0,11,1,0,0,-1,0,0,0,0,0,0,-1,0,22,0,0,22,0,201.59
0,11,0,0,0,0,4,8,6,0,-1,0,1,0,0,0,0,-1,0,15,0,0,14,0,454.29
0,5,0,0,0,0,11,8,11,1,-1,0,0,0,0,0,0,-1,0,13,0,0,19,0,750.34
1,11,0,0,0,0,4,18,14,0,-1,0,0,1,0,0,0,-1,0,13,2,0,10,0,1584.8
1,2,4,0,0,5,9,25,64,0,-1,0,19,0,0,1,0,-1,0,9,0,0,14,0,1326.08
0,5,0,0,0,0,12,12,16,0,-1,0,2,0,0,0,0,-1,0,12,0,0,18,0,785.77
0,9,0,0,0,0,4,10,5,0,-1,0,0,0,0,0,0,-1,0,15,0,0,16,0,394.24
0,9,0,0,0,0,6,10,2,0,-1,0,0,0,0,0,0,-1,0,16,0,0,17,0,815.78
0,14,0,0,0,0,8,13,3,0,-1,0,0,0,0,0,0,-1,0,14,0,0,8,0,444.1
0,8,0,0,0,0,13,3,6,0,-1,0,0,0,0,0,0,-1,0,16,0,0,21,0,579.39
0,18,0,0,0,0,19,0,2,0,-1,0,0,0,0,0,0,-1,0,10,0,0,9,0,302.71
0,15,0,0,0,0,23,3,0,0,-1,0,0,0,0,0,0,-1,0,19,0,0,27,0,536.06
0,8,8,0,0,4,4,34,44,1,-1,0,22,0,0,0,0,-1,1,8,1,0,6,0,2259.48
0,15,1,0,0,0,16,12,11,0,-1,0,1,0,0,0,0,-1,0,7,0,0,7,0,737.78
0,13,0,0,0,1,14,16,26,0,-1,0,1,0,0,0,0,-1,0,4,0,2,7,0,984.99
1,13,1,0,0,0,15,13,15,0,-1,0,0,0,0,0,0,-1,0,4,0,1,8,0,943.94
0,15,0,0,0,0,22,3,0,0,-1,0,0,0,0,0,0,-1,0,20,0,0,27,0,504.94
0,12,0,0,0,0,6,25,9,0,-1,0,1,0,0,0,0,-1,0,12,0,0,7,0,330.11
0,9,1,0,1,0,3,34,39,0,-1,0,14,0,0,0,0,-1,0,10,0,1,7,0,1976.49
0,10,0,0,0,0,17,4,2,0,-1,0,0,0,0,0,0,-1,0,16,0,0,23,0,570.49
1,12,0,0,1,0,5,9,7,0,-1,0,0,0,0,0,0,-1,0,14,0,0,11,0,419.71
0,11,0,0,0,0,14,0,1,0,-1,0,0,0,0,0,0,-1,0,20,0,0,24,0,196.0
0,13,0,0,0,0,6,5,7,0,-1,0,1,0,0,0,0,-1,0,16,1,0,12,0,1004.07
5,7,41,0,0,5,5,34,90,4,-1,0,71,0,0,1,0,-1,1,6,0,5,6,0,3153.76
0,5,0,0,0,0,8,9,7,0,-1,0,0,0,0,0,0,-1,0,14,0,0,18,0,1035.15
0,18,0,0,0,0,19,0,2,0,-1,0,0,0,0,0,0,-1,0,10,0,0,8,0,302.63
0,18,0,0,0,0,14,10,3,0,-1,0,0,0,0,0,0,-1,0,13,0,0,5,0,214.39
0,7,0,0,0,1,14,7,9,0,-1,0,2,0,0,0,0,-1,0,10,1,0,17,0,205.25
0,21,0,0,0,0,22,1,0,0,-1,0,0,0,0,0,0,-1,0,12,0,0,13,0,334.9
0,15,0,0,0,0,12,12,11,0,-1,0,0,0,0,0,0,-1,0,10,0,0,2,0,479.8
0,19,0,0,0,0,16,9,3,0,-1,0,0,0,0,0,0,-1,0,13,0,0,6,0,231.17
1,2,1,0,0,2,9,23,53,1,-1,0,9,0,0,1,0,-1,0,9,0,0,15,0,1297.55
0,15,0,0,0,0,8,1,1,0,-1,0,0,0,0,0,0,-1,0,19,0,0,15,0,1037.93
0,12,0,0,0,0,17,0,2,0,-1,0,0,0,0,0,0,-1,0,20,0,0,26,0,211.4
0,14,2,0,0,0,16,14,18,0,-1,0,1,0,0,0,0,-1,0,6,0,0,7,0,715.18
0,11,17,4,0,0,12,16,80,1,-1,0,9,0,0,0,0,-1,0,4,3,0,4,1,813.87
0,19,0,0,0,0,14,5,2,0,-1,0,0,0,0,0,0,-1,0,15,0,0,7,0,199.85
1,13,1,0,0,0,16,13,14,0,-1,0,0,0,0,0,0,-1,0,5,0,1,8,0,892.18
0,12,0,0,0,0,6,3,3,0,-1,0,0,0,0,0,0,-1,0,17,0,0,16,0,997.27
0,9,0,0,0,0,12,2,5,0,-1,0,0,0,0,0,0,-1,0,17,0,0,21,0,157.27
0,5,0,0,1,0,4,15,28,0,-1,0,7,0,0,0,0,-1,0,12,0,0,14,0,1139.46
0,18,0,0,0,0,11,0,1,0,-1,0,0,0,0,0,0,-1,0,19,0,0,13,0,1122.13
0,13,1,0,0,0,11,20,23,0,-1,0,1,0,0,0,0,-1,0,7,0,0,0,0,1888.28
0,20,0,0,0,0,15,1,2,0,-1,0,0,0,0,0,0,-1,0,17,0,0,9,0,200.41
0,13,0,0,0,0,10,1,0,0,-1,0,0,0,0,0,0,-1,0,20,0,0,21,0,199.19
0,13,0,0,0,0,13,0,1,0,-1,0,0,0,0,0,0,-1,0,21,0,0,24,0,259.38
0,11,0,0,0,0,14,0,2,0,-1,0,0,0,0,0,0,-1,0,19,0,0,23,0,288.93
0,14,0,0,0,0,18,0,1,0,-1,0,0,0,0,0,0,-1,0,21,0,0,27,0,199.6
0,2,2,0,0,3,10,23,57,0,-1,0,9,0,1,1,0,-1,0,9,0,0,15,0,1459.6
0,0,10,0,1,5,7,29,76,4,-1,0,64,0,0,0,0,-1,0,9,2,0,13,0,1547.3
0,16,0,0,0,0,10,4,1,0,-1,0,0,0,0,0,0,-1,0,17,0,0,11,0,355.92
1,4,7,0,3,5,2,23,46,3,-1,0,30,0,0,0,0,-1,1,10,3,0,12,0,2516.4
0,7,0,0,0,0,8,5,3,0,-1,0,0,0,0,0,0,-1,0,15,0,0,18,0,772.09
0,7,0,0,0,0,14,9,8,0,-1,0,1,0,0,0,0,-1,0,13,1,0,20,0,1872.04
0,18,0,0,0,0,15,9,3,0,-1,0,0,0,0,0,0,-1,0,13,0,0,5,0,200.36
0,19,0,0,0,0,13,3,1,0,-1,0,0,0,0,0,0,-1,0,17,0,0,9,0,104.2
0,15,2,0,0,1,17,13,10,0,-1,0,0,0,0,0,0,-1,0,7,0,0,9,0,534.1
0,10,1,0,1,1,3,28,21,0,-1,0,1,0,0,0,0,-1,0,11,2,0,8,0,1690.1
1,10,57,0,2,2,10,23,110,3,-1,0,25,0,0,0,0,-1,0,4,3,2,4,0,2222.95
0,16,0,0,0,0,9,0,1,0,-1,0,0,0,0,0,0,-1,0,20,0,0,16,0,1143.91
8,6,31,88,43,12,10,8,160,4,-1,8,63,24,0,0,0,-1,6,2,9,48,10,1,2836.82
0,14,0,0,0,0,21,3,1,0,-1,0,0,0,0,0,0,-1,0,19,0,0,26,0,723.81
0,5,0,0,0,0,12,14,19,0,-1,0,3,0,0,0,0,-1,0,11,0,0,18,0,638.55
0,14,0,0,0,0,7,11,4,1,-1,0,1,0,0,0,0,-1,0,15,0,0,10,0,400.48
0,15,0,0,0,0,11,2,0,0,-1,0,0,0,0,0,0,-1,0,22,0,0,22,0,262.75
0,5,0,0,0,0,4,15,27,0,-1,0,6,0,0,0,0,-1,0,12,1,0,15,0,1191.11
0,15,0,0,0,0,10,21,4,0,-1,0,0,0,0,0,0,-1,0,13,0,0,6,0,231.43
0,16,0,0,0,0,15,0,1,0,-1,0,0,0,0,0,0,-1,0,24,0,0,26,0,186.44
0,12,0,0,0,0,12,0,1,0,-1,0,0,0,0,0,0,-1,0,20,0,0,23,0,193.61
0,3,1,0,1,1,5,26,43,1,-1,0,23,0,0,0,0,-1,0,11,2,0,14,0,1093.02
0,8,0,0,0,0,2,14,19,0,-1,0,1,0,0,0,0,-1,0,13,3,0,13,0,540.57
0,6,0,0,0,0,4,13,19,0,-1,0,5,0,0,0,0,-1,0,13,0,0,14,0,908.78
1,4,0,0,0,1,11,18,32,0,-1,0,4,0,1,1,0,-1,0,9,0,0,16,0,1161.07
0,17,0,0,0,0,9,1,1,0,-1,0,0,0,0,0,0,-1,0,18,0,0,13,0,1156.3
0,18,0,0,0,0,20,3,1,0,-1,0,0,0,0,0,0,-1,0,10,0,0,11,0,437.59
0,17,0,0,0,0,9,0,1,0,-1,0,0,0,0,0,0,-1,0,20,0,0,16,0,195.19
0,6,0,0,0,0,3,13,27,1,-1,0,8,0,0,0,0,-1,0,12,2,0,13,0,1367.96
0,9,0,0,1,0,16,5,3,0,-1,0,1,0,0,0,0,-1,0,12,0,0,20,0,185.76
0,19,0,0,0,0,11,0,1,0,-1,0,0,0,0,0,0,-1,0,20,0,0,14,0,123.8
0,2,0,0,0,0,8,24,33,0,-1,0,6,0,0,0,0,-1,0,11,0,0,15,0,1094.92
0,10,0,0,0,0,4,10,12,0,-1,0,1,0,0,0,0,-1,0,15,0,0,14,0,405.04
0,4,0,0,0,0,8,14,24,0,-1,0,0,0,0,1,0,-1,0,12,0,0,17,0,1019.64
0,6,0,0,0,0,13,12,13,0,-1,0,2,0,0,0,0,-1,0,12,1,0,18,0,1723.27
0,12,0,0,0,0,6,3,3,0,-1,0,0,0,0,0,0,-1,0,18,0,0,16,0,231.23
0,10,0,0,0,0,13,1,3,0,-1,0,0,0,0,0,0,-1,0,18,0,0,22,0,164.8
0,10,0,0,0,0,5,7,4,0,-1,0,0,0,0,0,0,-1,0,16,0,0,16,0,433.88
0,11,1,0,0,0,5,30,14,0,-1,0,2,0,0,0,0,-1,0,11,0,0,7,0,1658.19
0,11,0,0,0,1,8,37,16,0,-1,0,1,0,0,0,0,-1,0,8,0,0,2,0,560.24
0,6,0,0,0,0,9,6,6,0,-1,0,0,0,0,0,0,-1,0,14,0,0,18,0,938.05
0,12,0,0,0,0,9,28,15,0,-1,0,1,0,0,0,0,-1,0,9,0,0,2,0,496.18
0,13,0,0,0,0,20,3,1,0,-1,0,0,0,0,0,0,-1,0,19,0,0,26,0,569.11
0,12,0,0,0,1,4,6,7,0,-1,0,0,0,0,0,0,-1,0,15,2,0,13,0,1150.73
0,11,1,0,0,0,6,32,13,0,-1,0,2,0,0,0,0,-1,0,10,0,0,6,0,701.01
5,4,49,28,23,24,9,19,156,6,-1,0,59,1,1,0,0,-1,2,4,42,45,11,3,3765.92
0,16,0,0,0,0,10,9,2,0,-1,0,0,0,0,0,0,-1,0,14,0,0,7,0,284.43
0,19,0,0,0,0,12,0,0,0,-1,0,0,0,0,0,0,-1,0,20,0,0,14,0,671.48
0,13,0,0,0,0,6,20,6,0,-1,0,1,0,0,0,0,-1,0,13,1,0,9,0,422.08
0,18,0,0,0,0,11,2,1,0,-1,0,0,0,0,0,0,-1,0,18,0,0,12,0,318.3
0,12,0,0,0,0,7,5,0,0,-1,0,0,0,0,0,0,-1,0,18,0,0,18,0,179.42
0,7,0,0,0,0,8,4,2,0,-1,0,0,0,0,0,0,-1,0,15,0,0,18,0,818.28
0,16,0,0,0,0,15,0,1,0,-1,0,0,0,0,0,0,-1,0,24,0,0,26,0,184.82
0,10,0,0,0,0,17,5,3,0,-1,0,0,0,0,0,0,-1,0,13,1,0,21,0,182.1
6,2,79,4,3,11,9,22,127,1,-1,0,69,0,1,3,0,-1,1,6,10,11,12,0,2540.99
39,4,80,4,1,38,5,32,176,7,-1,0,28,0,2,3,4,-1,3,6,5,21,8,0,3393.36
0,11,7,4,0,0,11,19,57,1,-1,0,4,0,0,0,0,-1,0,5,1,0,3,0,2336.2
0,15,0,0,0,0,10,21,5,0,-1,0,0,0,0,0,0,-1,0,12,0,0,4,0,272.82
0,18,0,0,0,0,12,0,1,0,-1,0,0,0,0,0,0,-1,0,23,0,0,21,0,89.45
0,13,0,0,0,0,18,0,1,0,-1,0,0,0,0,0,0,-1,0,21,0,0,27,0,208.35
0,13,0,0,0,0,8,3,0,0,-1,0,0,0,0,0,0,-1,0,20,0,0,19,0,108.7
0,19,0,0,0,0,12,2,0,0,-1,0,0,0,0,0,0,-1,0,18,0,0,12,0,262.37
0,20,0,0,0,0,13,0,0,0,-1,0,0,0,0,0,0,-1,0,23,0,0,18,0,145.03
0,15,0,0,0,0,12,1,0,0,-1,0,0,0,0,0,0,-1,0,22,0,0,23,0,186.52
0,11,0,0,0,0,4,8,7,0,-1,0,1,0,0,0,0,-1,0,16,0,0,15,0,451.67
0,18,0,0,0,0,12,5,2,0,-1,0,0,0,0,0,0,-1,0,15,0,0,8,0,231.24
0,18,0,0,0,0,14,10,3,0,-1,0,0,0,0,0,0,-1,0,13,0,0,5,0,201.58
0,22,0,0,0,0,14,0,0,0,-1,0,0,0,0,0,0,-1,0,24,0,0,19,0,138.48
0,8,0,0,0,0,3,13,15,0,-1,0,1,0,0,0,0,-1,0,14,0,0,14,0,480.94
0,17,0,0,0,0,13,11,7,0,-1,0,0,0,0,0,0,-1,0,12,0,0,4,0,243.74
0,13,0,0,0,0,15,16,25,0,-1,0,2,0,0,0,0,-1,0,4,0,2,7,0,945.34
0,6,0,0,0,0,5,13,12,0,-1,0,1,0,0,0,0,-1,0,13,0,0,16,0,827.76
0,12,0,0,0,0,11,0,1,0,-1,0,0,0,0,0,0,-1,0,20,0,0,22,0,199.81
0,14,0,0,0,0,18,0,1,0,-1,0,0,0,0,0,0,-1,0,21,0,0,27,0,202.85
0,12,0,0,0,0,7,34,16,1,-1,0,2,0,0,0,0,-1,0,9,0,0,4,0,1202.17
1,14,2,0,0,0,16,13,13,0,-1,0,0,0,0,0,0,-1,0,6,0,0,9,0,644.66
0,12,0,0,0,0,17,0,3,0,-1,0,0,0,0,0,0,-1,0,19,0,0,25,0,214.18
0,11,0,0,0,0,12,0,1,0,-1,0,0,0,0,0,0,-1,0,19,0,0,22,0,202.97
0,16,1,0,0,0,16,8,9,0,-1,0,0,0,0,0,0,-1,0,8,0,0,6,0,414.57
0,17,0,0,0,0,12,10,3,0,-1,0,0,0,0,0,0,-1,0,14,0,0,6,0,248.73
0,13,1,0,0,1,15,14,16,0,-1,0,0,0,0,0,0,-1,0,5,0,1,7,0,906.5
1,10,0,0,1,0,3,10,13,2,-1,0,0,0,0,0,0,-1,0,14,2,0,12,0,472.6
0,18,0,0,0,0,12,4,0,0,-1,0,0,0,0,0,0,-1,0,16,0,0,9,0,649.61
2,8,18,0,0,6,5,33,82,0,-1,0,46,0,1,0,0,-1,0,7,0,1,6,0,2778.07
0,13,0,0,0,0,10,1,0,0,-1,0,0,0,0,0,0,-1,0,21,0,0,22,0,233.57
0,10,0,0,0,0,6,7,4,0,-1,0,0,0,0,0,0,-1,0,16,0,0,17,0,233.79
2,8,25,0,0,7,5,33,83,2,-1,0,47,0,1,0,0,-1,0,6,0,5,5,0,1811.13
0,17,0,0,0,0,10,0,2,0,-1,0,0,0,0,0,0,-1,0,19,0,0,14,0,177.5
0,18,0,0,0,0,13,8,3,0,-1,0,0,0,0,0,0,-1,0,14,0,0,6,0,243.29
0,10,7,0,0,1,7,38,53,3,-1,0,12,0,1,1,0,-1,0,7,0,0,3,0,1669.17
0,9,6,0,0,2,6,36,41,3,-1,0,9,0,0,0,0,-1,1,8,0,0,4,0,873.01
0,15,2,0,0,0,16,13,15,0,-1,0,1,0,0,0,0,-1,0,6,0,0,7,0,452.28
0,8,0,0,0,0,4,14,11,0,-1,0,0,0,0,0,0,-1,0,14,0,0,15,0,527.29
0,16,0,0,0,0,13,0,0,0,-1,0,0,0,0,0,0,-1,0,23,0,0,24,0,189.06
0,4,0,0,0,0,8,16,25,1,-1,0,0,0,0,1,0,-1,0,12,0,0,17,0,1164.11
0,7,3,0,2,0,1,34,44,0,-1,0,26,1,0,0,0,-1,0,10,6,1,9,0,2126.55
0,17,0,0,0,0,11,1,0,0,-1,0,0,0,0,0,0,-1,0,23,0,0,22,0,90.26
0,18,0,0,0,0,21,4,1,0,-1,0,0,0,0,0,0,-1,0,10,0,0,13,0,442.04
0,16,0,0,0,0,11,8,2,0,-1,0,0,0,0,0,0,-1,0,14,0,0,7,0,213.5
0,4,0,0,0,0,10,12,24,1,-1,0,2,0,0,0,0,-1,0,12,0,0,18,0,791.09
6,7,37,0,0,6,4,35,93,4,-1,0,74,0,0,1,0,-1,1,7,4,3,6,0,2956.02
0,15,0,0,0,0,8,2,4,0,-1,0,0,0,0,0,0,-1,0,18,0,0,14,0,1185.37
30,4,20,49,46,37,8,20,188,13,-1,12,37,5,5,1,10,-1,4,4,24,24,10,12,4426.46
0,10,0,0,0,0,6,6,4,0,-1,0,0,0,0,0,0,-1,0,17,0,0,17,0,469.65
0,15,0,0,0,0,7,3,4,0,-1,0,1,0,0,0,0,-1,0,17,0,0,13,0,1053.85
0,12,0,0,0,0,6,4,2,0,-1,0,0,0,0,0,0,-1,0,17,0,0,16,0,994.87
0,18,0,0,0,0,11,0,1,0,-1,0,0,0,0,0,0,-1,0,20,0,0,14,0,156.18
0,12,2,0,0,0,13,15,38,0,-1,0,1,0,0,0,0,-1,0,5,0,0,4,1,630.77
0,18,0,0,0,0,20,3,0,0,-1,0,0,0,0,0,0,-1,0,10,0,0,11,0,445.82
0,17,0,0,0,0,12,6,2,0,-1,0,0,0,0,0,0,-1,0,15,0,0,8,0,270.45
0,12,0,0,0,0,6,29,12,0,-1,0,0,0,0,0,0,-1,0,11,0,0,6,0,671.66
0,9,0,0,0,0,16,4,3,0,-1,0,0,0,0,0,0,-1,0,14,1,0,21,0,1565.47
0,12,0,0,0,1,9,28,18,0,-1,0,1,0,0,0,0,-1,0,8,0,0,1,0,530.68
1,4,0,0,0,1,12,15,24,0,-1,0,3,0,0,1,0,-1,0,10,0,0,16,0,1144.82
0,7,1,0,2,0,1,18,30,0,-1,0,9,0,0,0,0,-1,0,12,3,0,12,0,1855.2
1,7,11,0,3,9,3,37,63,4,-1,0,51,0,0,0,0,-1,2,8,2,1,8,0,2011.27
0,15,0,0,0,0,9,12,5,0,-1,0,0,0,0,0,0,-1,0,14,0,0,7,0,303.61
0,13,0,0,0,0,8,3,0,0,-1,0,0,0,0,0,0,-1,0,19,0,0,19,0,201.2
0,15,0,0,0,0,11,2,0,0,-1,0,0,0,0,0,0,-1,0,22,0,0,21,0,197.03
0,19,0,0,0,0,21,3,0,0,-1,0,0,0,0,0,0,-1,0,11,0,0,12,0,545.98
0,17,0,0,0,0,12,1,0,0,-1,0,0,0,0,0,0,-1,0,23,0,0,22,0,91.09
4,5,6,4,2,11,1,29,67,3,-1,0,43,1,0,1,0,-1,0,9,5,1,10,0,2169.19
0,9,0,0,0,0,7,3,0,0,-1,0,0,0,0,0,0,-1,0,16,0,0,18,0,356.55
4,5,7,0,2,11,2,29,67,3,-1,0,44,1,0,1,4,-1,0,9,5,1,10,0,2170.08
0,6,0,0,0,0,5,13,11,0,-1,0,1,0,0,0,0,-1,0,13,0,0,16,0,706.53
0,15,1,0,0,0,15,13,10,0,-1,0,0,0,0,0,0,-1,0,7,0,0,5,0,416.29
0,11,1,0,1,1,4,23,15,0,-1,0,0,0,0,0,0,-1,0,12,2,0,9,0,1530.61
0,19,0,0,0,0,13,4,2,0,-1,0,0,0,0,0,0,-1,0,16,0,0,8,0,214.78
0,9,0,0,0,0,16,4,3,0,-1,0,0,0,0,0,0,-1,0,15,1,0,22,0,594.43
0,14,0,0,0,0,9,2,0,0,-1,0,0,0,0,0,0,-1,0,21,0,0,20,0,115.95
0,16,0,0,0,0,9,5,2,0,-1,0,0,0,0,0,0,-1,0,16,0,0,10,0,417.38
0,9,0,0,0,0,4,12,11,0,-1,0,1,0,0,0,0,-1,0,15,0,0,15,0,399.53
0,15,0,0,0,0,10,9,3,0,-1,0,0,0,0,0,0,-1,0,14,0,0,8,0,295.57
0,14,1,0,0,0,17,11,10,1,-1,0,0,0,1,0,0,-1,0,6,0,0,10,0,606.84
11,5,41,4,2,18,3,35,112,2,-1,4,60,2,1,1,0,-1,1,7,3,4,8,1,2975.15
0,6,0,0,1,1,14,10,12,1,-1,0,2,0,0,0,0,-1,0,11,0,0,18,0,1698.54
0,8,0,0,0,0,12,2,6,1,-1,0,0,0,0,0,0,-1,0,16,0,0,21,0,236.91
30,3,36,30,17,35,8,21,176,6,-1,0,39,2,1,5,4,-1,5,4,48,43,10,2,5030.22
1,14,1,0,0,0,17,12,10,1,-1,0,0,0,0,0,0,-1,0,6,0,0,10,0,517.23
0,20,0,0,0,0,15,1,2,0,-1,0,0,0,0,0,0,-1,0,17,0,0,9,0,195.72
0,16,0,0,0,0,15,0,1,0,-1,0,0,0,0,0,0,-1,0,24,0,0,26,0,184.71
0,14,0,0,0,0,9,2,0,0,-1,0,0,0,0,0,0,-1,0,20,0,0,20,0,120.84
1,9,2,0,1,0,2,27,27,0,-1,0,6,1,0,0,0,-1,0,11,3,0,9,0,1642.6
0,14,0,0,0,0,14,0,1,0,-1,0,0,0,0,0,0,-1,0,23,0,0,25,0,159.4
3,2,36,0,0,5,9,23,96,1,-1,0,56,0,1,2,0,-1,0,7,3,0,13,0,1413.29
0,11,0,0,0,0,6,5,1,0,-1,0,0,0,0,0,0,-1,0,17,0,0,17,0,378.26
0,14,0,0,0,0,13,0,1,1,-1,0,0,0,0,0,0,-1,0,22,0,0,24,0,188.66
0,12,0,0,0,0,16,0,2,0,-1,0,0,0,0,0,0,-1,0,20,0,0,25,0,284.13
1,5,0,0,0,1,12,13,23,0,-1,0,1,0,0,1,0,-1,0,10,0,0,17,0,625.38
0,3,1,0,1,1,5,23,39,1,-1,0,20,0,0,0,0,-1,0,11,2,0,14,0,2335.09
0,6,0,0,0,0,11,7,11,1,-1,0,0,0,0,0,0,-1,0,14,0,0,19,0,1007.26
0,13,0,0,0,0,11,0,1,0,-1,0,0,0,0,0,0,-1,0,20,0,0,22,0,200.58
0,17,0,0,0,0,11,0,1,0,-1,0,0,0,0,0,0,-1,0,23,0,0,21,0,89.05
0,20,0,0,0,0,13,1,0,0,-1,0,0,0,0,0,0,-1,0,18,0,0,11,0,30.05
1,5,0,0,0,1,12,13,23,0,-1,0,1,0,0,0,0,-1,0,10,0,0,17,0,631.5
0,13,0,0,0,0,9,25,12,1,-1,0,1,0,0,0,0,-1,0,10,0,0,2,0,275.77
0,16,0,0,0,0,13,11,7,0,-1,0,0,0,0,0,0,-1,0,12,0,0,4,0,278.72
0,12,1,0,0,0,11,22,38,0,-1,0,2,0,0,0,0,-1,0,6,0,0,1,0,1924.94
0,10,1,0,0,0,4,29,14,1,-1,0,1,0,0,0,0,-1,0,11,2,0,7,0,1527.43
6,2,65,16,2,50,8,22,151,9,-1,4,36,2,5,9,4,-1,4,5,15,36,11,0,2764.87
0,17,0,0,0,0,18,6,6,0,-1,0,0,0,0,0,0,-1,0,8,0,0,8,0,365.04
0,17,0,0,0,0,16,1,7,1,-1,0,0,0,0,0,0,-1,0,10,0,0,5,0,407.52
0,5,78,8,3,7,11,17,118,5,-1,0,54,0,1,2,4,-1,3,5,32,12,12,0,2489.82
0,16,1,0,0,0,16,8,9,0,-1,0,0,0,0,0,0,-1,0,8,0,0,6,0,552.77
0,5,0,0,0,0,7,11,10,0,-1,0,0,0,0,0,0,-1,0,13,0,0,17,0,831.66
38,3,67,8,3,21,5,29,180,12,-1,0,24,1,22,5,8,-1,1,6,7,30,9,2,2783.48
0,15,0,0,0,0,7,3,4,0,-1,0,0,0,0,0,0,-1,0,18,0,0,14,0,925.98
0,10,0,0,0,0,6,7,4,0,-1,0,0,0,0,0,0,-1,0,16,0,0,17,0,373.37
0,16,0,0,0,0,11,2,0,0,-1,0,0,0,0,0,0,-1,0,22,0,0,21,0,104.66
0,16,1,0,0,0,16,7,9,0,-1,0,0,0,0,0,0,-1,0,8,0,0,6,0,400.41
0,10,0,0,0,0,17,5,3,0,-1,0,0,0,0,0,0,-1,0,15,1,0,22,0,752.92
0,17,0,0,0,0,19,6,1,0,-1,0,1,0,0,0,0,-1,0,9,0,0,10,0,452.88
0,14,0,0,0,0,12,0,1,0,-1,0,0,0,0,0,0,-1,0,22,0,0,23,0,194.97
0,12,2,4,0,0,12,20,46,0,-1,0,3,0,0,0,0,-1,0,5,0,0,3,0,2178.2
0,13,0,0,0,0,20,3,1,0,-1,0,0,0,0,0,0,-1,0,17,0,0,24,0,526.2
0,14,2,0,0,0,16,14,17,0,-1,0,1,0,0,0,0,-1,0,6,0,0,7,0,644.02
0,13,0,0,0,0,6,5,6,0,-1,0,1,0,0,0,0,-1,0,17,0,0,14,0,983.56
0,6,0,0,0,0,8,8,7,0,-1,0,0,0,0,0,0,-1,0,14,0,0,17,0,751.18
0,7,3,0,2,1,1,34,42,0,-1,0,21,1,0,0,0,-1,0,10,5,1,9,0,2022.7
0,5,5,0,3,6,1,26,42,3,-1,0,19,1,0,0,0,-1,0,10,2,0,11,0,2077.86
0,9,5,0,0,1,5,35,33,0,-1,0,15,0,0,0,0,-1,0,8,0,1,6,0,1912.83
0,20,0,0,0,0,21,1,0,0,-1,0,0,0,0,0,0,-1,0,12,0,0,11,0,344.4
0,11,0,0,0,0,6,5,3,0,-1,0,0,0,0,0,0,-1,0,17,0,0,17,0,213.95
0,13,0,0,0,0,9,24,12,1,-1,0,1,0,0,0,0,-1,0,9,0,0,2,0,1141.37
0,16,0,0,0,0,11,12,3,0,-1,0,0,0,0,0,0,-1,0,12,0,0,4,0,243.99
0,14,0,0,0,0,10,1,0,0,-1,0,0,0,0,0,0,-1,0,21,0,0,21,0,225.03
0,15,0,0,0,0,22,3,0,0,-1,0,0,0,0,0,0,-1,0,18,0,0,26,0,709.41
3,8,13,0,0,5,5,33,69,0,-1,0,35,0,0,0,0,-1,0,7,0,1,6,0,2667.5
0,14,0,0,0,0,9,20,5,0,-1,0,0,0,0,0,0,-1,0,13,0,0,6,0,269.42
0,12,0,0,0,0,19,2,1,0,-1,0,0,0,0,0,0,-1,0,15,0,0,22,0,186.31
0,8,0,0,0,0,5,12,5,0,-1,0,0,0,0,0,0,-1,0,15,0,0,16,0,397.86
0,12,0,0,0,0,9,2,0,0,-1,0,0,0,0,0,0,-1,0,19,0,0,20,0,216.21
0,11,1,0,0,0,5,32,16,0,-1,0,2,0,0,0,0,-1,0,10,0,0,6,0,683.32
0,10,36,4,2,1,11,18,95,1,-1,0,15,0,0,0,0,-1,0,3,1,0,4,0,2210.55
0,14,2,0,0,0,16,14,18,0,-1,0,1,0,0,0,0,-1,0,6,0,0,7,0,673.05
0,6,0,0,0,1,13,12,12,0,-1,0,1,0,0,0,0,-1,0,12,1,0,18,0,580.52
0,10,0,0,0,0,4,9,5,0,-1,0,0,0,0,0,0,-1,0,16,0,0,15,0,384.56
0,14,0,0,0,0,9,21,5,0,-1,0,0,0,0,0,0,-1,0,12,0,0,6,0,567.38
0,15,2,0,0,0,16,13,14,0,-1,0,1,0,0,0,0,-1,0,6,0,0,8,0,825.67
1,9,7,0,0,1,6,36,49,2,-1,0,10,0,0,1,0,-1,0,7,0,0,4,0,1653.88
0,13,0,0,0,1,15,16,17,0,-1,0,1,0,0,0,0,-1,0,4,0,2,7,0,931.1
0,11,0,0,0,0,18,4,1,0,-1,0,0,0,0,0,0,-1,0,15,0,0,23,0,730.3
0,8,0,0,0,0,6,9,2,0,-1,0,0,0,0,0,0,-1,0,16,0,0,17,0,809.02
0,16,0,0,0,0,10,6,2,0,-1,0,0,0,0,0,0,-1,0,15,0,0,8,0,329.18
4,6,84,4,0,10,5,32,138,5,-1,0,78,0,4,2,0,-1,1,5,2,7,6,0,2770.72
0,13,0,0,0,0,6,4,3,0,-1,0,0,0,0,0,0,-1,0,17,0,0,16,0,1296.76
0,9,0,0,1,0,16,5,3,0,-1,0,1,0,0,0,0,-1,0,13,0,0,20,0,227.93
41,3,77,8,3,18,5,32,156,2,-1,0,29,1,11,2,4,-1,1,6,10,9,10,3,2995.92
0,14,0,0,0,0,9,3,0,0,-1,0,0,0,0,0,0,-1,0,20,0,0,19,0,193.3
0,13,0,0,0,0,15,0,1,0,-1,0,0,0,0,0,0,-1,0,21,0,0,25,0,188.92
0,12,0,0,0,0,8,3,0,0,-1,0,0,0,0,0,0,-1,0,19,0,0,19,0,177.25
13,2,24,0,1,31,5,30,96,2,-1,4,40,1,0,2,0,-1,0,8,4,5,11,0,3070.57
1,2,1,0,0,2,9,23,53,1,-1,0,9,0,0,1,0,-1,0,9,0,0,15,0,1288.76
0,15,0,0,0,0,8,2,1,0,-1,0,0,0,0,0,0,-1,0,19,0,0,17,0,1229.68
0,13,0,0,0,0,7,24,6,0,-1,0,0,0,0,0,0,-1,0,12,0,0,6,0,586.55
0,16,1,0,0,0,17,6,9,0,-1,0,0,0,0,0,0,-1,0,8,0,0,7,0,413.89
0,16,0,0,0,0,15,0,1,0,-1,0,0,0,0,0,0,-1,0,24,0,0,26,0,145.45
0,13,0,0,0,0,14,0,1,0,-1,0,0,0,0,0,0,-1,0,21,0,0,24,0,190.69
0,16,0,0,0,0,12,1,0,0,-1,0,0,0,0,0,0,-1,0,23,0,0,22,0,188.5
0,16,0,0,0,0,10,4,2,0,-1,0,0,0,0,0,0,-1,0,16,0,0,9,0,346.58
0,19,0,0,0,0,12,0,0,0,-1,0,0,0,0,0,0,-1,0,20,0,0,14,0,232.75
44,2,60,4,3,23,7,25,166,5,-1,4,36,2,5,12,8,-1,3,5,17,43,11,0,4295.93
0,17,0,0,0,0,10,1,1,0,-1,0,0,0,0,0,0,-1,0,22,0,0,19,0,767.86
0,11,0,0,0,0,7,5,0,0,-1,0,0,0,0,0,0,-1,0,18,0,0,18,0,161.74
4,5,7,0,4,4,1,29,50,4,-1,0,29,0,0,0,0,-1,0,10,3,0,11,0,2192.44
0,7,0,0,0,0,14,8,12,1,-1,0,0,0,0,0,0,-1,0,14,0,0,20,0,550.26
0,18,0,0,0,0,14,10,3,0,-1,0,0,0,0,0,0,-1,0,14,0,0,6,0,230.97
0,11,24,0,0,0,12,18,73,2,-1,0,10,0,0,1,0,-1,0,3,2,0,5,0,1672.23
0,18,0,0,0,0,12,2,0,0,-1,0,0,0,0,0,0,-1,0,17,0,0,10,0,96.43
0,9,0,0,0,1,3,11,14,0,-1,0,0,0,0,0,0,-1,0,14,3,0,13,0,442.82
0,7,0,0,0,0,14,8,12,0,-1,0,0,0,0,0,0,-1,0,14,0,0,20,0,549.11
0,18,0,0,0,0,21,4,1,0,-1,0,1,0,0,0,0,-1,0,10,0,0,12,0,549.82
0,14,0,0,0,0,10,2,0,0,-1,0,0,0,0,0,0,-1,0,21,0,0,21,0,193.7
0,12,0,0,0,0,12,0,1,0,-1,0,0,0,0,0,0,-1,0,21,0,0,23,0,146.09
0,14,0,0,0,0,10,2,0,0,-1,0,0,0,0,0,0,-1,0,21,0,0,21,0,199.17
0,15,0,0,0,0,8,2,1,0,-1,0,0,0,0,0,0,-1,0,19,0,0,16,0,1084.93
0,12,0,0,0,0,10,1,1,0,-1,0,0,0,0,0,0,-1,0,20,0,0,21,0,201.69
2,2,25,0,0,4,9,23,94,1,-1,0,55,0,1,1,0,-1,0,8,3,0,14,0,1370.25
0,8,0,0,0,0,6,9,2,0,-1,0,0,0,0,0,0,-1,0,15,0,0,17,0,722.69
0,14,0,0,0,0,9,24,6,0,-1,0,0,0,0,0,0,-1,0,12,0,0,5,0,602.72
0,15,0,0,0,0,8,1,2,0,-1,0,0,0,0,0,0,-1,0,18,0,0,13,0,333.23
0,14,0,0,0,0,10,22,10,0,-1,0,0,0,0,0,0,-1,0,11,0,0,3,0,287.75
0,8,0,0,0,0,15,6,3,0,-1,0,0,0,0,0,0,-1,0,14,1,0,21,0,1802.01
0,16,0,0,0,0,14,0,1,0,-1,0,0,0,0,0,0,-1,0,23,0,0,25,0,187.78
0,10,0,0,0,0,7,4,0,0,-1,0,0,0,0,0,0,-1,0,17,0,0,18,0,213.8
1,3,0,0,0,1,10,22,38,3,-1,0,5,0,0,0,0,-1,0,10,0,0,16,0,1292.66
0,12,0,0,0,1,8,35,16,0,-1,0,1,0,0,0,0,-1,0,8,0,0,2,0,1132.57
0,5,0,0,0,1,13,12,18,0,-1,0,1,0,1,0,0,-1,0,9,1,0,16,0,1935.15
0,11,1,0,0,0,5,29,14,0,-1,0,1,0,0,0,0,-1,0,11,0,0,7,0,1587.27
0,10,0,0,0,0,7,4,0,0,-1,0,0,0,0,0,0,-1,0,17,0,0,18,0,199.95
0,16,0,0,0,0,10,2,1,0,-1,0,0,0,0,0,0,-1,0,22,0,0,20,0,117.14
1,3,46,4,0,7,10,20,100,2,-1,0,47,0,0,1,0,-1,0,7,3,0,13,0,2189.89
0,17,0,0,0,0,12,1,0,0,-1,0,0,0,0,0,0,-1,0,23,0,0,22,0,114.41
0,5,3,0,1,1,3,14,36,0,-1,0,21,0,0,0,0,-1,1,11,2,0,13,0,2442.12
0,13,0,0,0,0,7,22,5,0,-1,0,1,0,0,0,0,-1,0,13,0,0,8,0,681.89
0,10,1,0,1,1,4,31,23,0,-1,0,2,0,0,0,0,-1,0,11,1,0,8,0,1688.04
0,14,0,0,0,0,8,3,0,0,-1,0,0,0,0,0,0,-1,0,20,0,0,19,0,93.61
0,12,0,0,0,0,12,0,1,0,-1,0,0,0,0,0,0,-1,0,20,0,0,23,0,165.77
5,4,9,0,5,14,2,33,83,4,-1,0,56,1,4,2,4,-1,1,9,3,4,10,0,2546.55
0,17,0,0,0,0,10,1,1,0,-1,0,0,0,0,0,0,-1,0,21,0,0,19,0,785.89
0,17,0,0,0,0,13,11,3,1,-1,0,0,0,0,0,0,-1,0,13,0,0,5,0,219.46
0,16,0,0,0,0,11,12,7,0,-1,0,0,0,0,0,0,-1,0,12,0,0,4,0,242.15
0,15,0,0,0,0,9,7,2,0,-1,0,0,0,0,0,0,-1,0,15,0,0,8,0,430.5
0,15,0,0,0,0,7,7,4,0,-1,0,1,0,0,0,0,-1,0,16,0,0,11,0,1184.93
0,12,0,0,0,0,7,26,12,0,-1,0,0,0,0,0,0,-1,0,11,0,0,6,0,637.69
0,7,2,0,2,1,0,22,33,0,-1,0,10,0,0,0,0,-1,0,11,2,0,11,0,2067.84
0,5,0,0,0,0,8,13,15,0,-1,0,0,0,0,0,0,-1,0,13,0,0,17,0,889.28
0,15,0,0,0,0,8,2,4,0,-1,0,0,0,0,0,0,-1,0,17,0,0,13,0,325.83
0,9,0,0,0,0,13,2,5,0,-1,0,0,0,0,0,0,-1,0,17,0,0,22,0,234.52
0,9,0,0,0,0,16,4,3,0,-1,0,1,0,0,0,0,-1,0,11,1,0,19,0,232.79
0,8,3,0,0,1,2,35,44,3,-1,0,23,1,0,0,0,-1,0,9,4,0,8,0,1939.73
0,14,0,0,0,0,10,23,9,0,-1,0,0,0,0,0,0,-1,0,11,0,0,4,0,272.94
0,13,0,0,0,0,14,15,28,0,-1,0,1,0,0,0,0,-1,0,5,0,1,5,0,642.6
0,16,0,0,0,0,13,12,14,0,-1,0,0,0,0,0,0,-1,0,10,0,0,3,0,451.34
6,2,66,0,2,6,9,22,113,1,-1,0,66,0,0,3,0,-1,0,7,2,2,13,0,2408.19
0,12,0,0,0,0,19,2,1,0,-1,0,0,0,0,0,0,-1,0,15,0,0,22,0,173.64
0,16,0,0,0,0,10,2,0,0,-1,0,0,0,0,0,0,-1,0,21,0,0,20,0,74.76
1,8,2,0,4,0,2,24,26,0,-1,0,6,0,0,0,0,-1,0,11,1,0,10,0,1778.32
0,16,0,0,0,0,9,0,2,0,-1,0,0,0,0,0,0,-1,0,19,0,0,15,0,150.72
0,5,0,0,0,0,7,11,7,0,-1,0,0,0,0,0,0,-1,0,13,0,0,17,0,1161.82
0,14,0,0,0,0,18,0,0,0,-1,0,0,0,0,0,0,-1,0,22,0,0,28,0,199.75
0,15,0,0,0,0,9,2,1,0,-1,0,0,0,0,0,0,-1,0,20,0,0,18,0,1049.19
35,2,67,20,4,26,7,23,162,4,-1,4,41,0,3,11,4,-1,3,6,13,37,11,1,4236.22
0,11,0,0,1,1,5,24,12,1,-1,0,0,0,0,0,0,-1,0,12,0,0,9,0,1495.91
0,8,0,0,0,0,3,14,19,0,-1,0,1,0,0,0,0,-1,0,14,0,0,14,0,495.09
0,17,0,0,0,0,10,4,1,0,-1,0,0,0,0,0,0,-1,0,17,0,0,10,0,321.46
0,7,0,0,0,0,12,5,11,0,-1,0,0,0,0,0,0,-1,0,15,0,0,20,0,967.8
0,0,10,0,0,5,7,26,72,6,-1,8,61,0,0,1,0,-1,1,9,3,0,14,0,3072.5
0,13,0,0,0,0,7,3,3,0,-1,0,0,0,0,0,0,-1,0,18,0,0,16,0,1281.31
0,5,0,0,0,0,10,9,14,1,-1,0,0,0,0,0,0,-1,0,13,0,0,18,0,834.3
0,13,0,0,0,0,11,0,1,0,-1,0,0,0,0,0,0,-1,0,21,0,0,22,0,237.0
0,5,5,0,1,6,1,25,42,0,-1,0,18,1,0,0,0,-1,0,10,5,0,11,0,2156.85
0,15,0,0,0,0,7,7,4,1,-1,0,1,0,0,0,0,-1,0,16,0,0,11,0,1185.89
0,11,0,0,0,0,18,3,1,0,-1,0,0,0,0,0,0,-1,0,15,0,0,22,0,677.22
0,19,0,0,0,0,14,1,0,0,-1,0,0,0,0,0,0,-1,0,17,0,0,10,0,78.89
32,2,49,16,5,27,8,23,170,10,-1,4,45,2,5,6,4,-1,6,5,25,52,11,1,2222.42
0,11,0,0,0,0,13,0,1,0,-1,0,0,0,0,0,0,-1,0,19,0,0,23,0,139.28
0,6,0,0,0,0,8,7,6,0,-1,0,0,0,0,0,0,-1,0,14,0,0,18,0,745.12
0,11,0,0,0,0,8,4,0,0,-1,0,0,0,0,0,0,-1,0,18,0,0,19,0,176.76
1,12,0,0,1,0,4,10,7,0,-1,0,0,0,0,0,0,-1,0,14,1,0,11,0,1572.07
0,13,0,0,0,0,7,3,3,0,-1,0,0,0,0,0,0,-1,0,18,0,0,17,0,183.56
1,2,6,0,3,1,5,25,65,1,-1,0,52,0,0,0,0,-1,0,10,1,0,13,0,2593.99
0,6,0,0,1,1,13,10,13,1,-1,0,2,0,0,0,0,-1,0,11,0,0,18,0,1806.13
0,5,0,0,0,0,7,12,15,0,-1,0,1,0,0,0,0,-1,0,13,0,0,16,0,1185.78
0,10,1,0,0,0,4,33,21,0,-1,0,6,0,0,0,0,-1,0,10,1,0,7,0,1697.87
0,12,0,0,0,0,5,6,6,0,-1,0,1,0,0,0,0,-1,0,17,0,0,15,0,1081.92
0,10,0,0,0,0,4,10,9,0,-1,0,1,0,0,0,0,-1,0,15,0,0,15,0,439.94
0,10,0,0,1,0,3,14,20,0,-1,0,0,1,0,0,0,-1,0,13,3,0,11,0,1559.46
0,16,1,0,0,0,16,3,7,1,-1,0,0,0,0,0,0,-1,0,9,0,0,5,0,368.57
0,15,0,0,0,0,11,1,0,0,-1,0,0,0,0,0,0,-1,0,22,0,0,22,0,195.74
0,12,0,0,0,0,9,2,0,0,-1,0,0,0,0,0,0,-1,0,20,0,0,20,0,224.55
0,13,0,0,0,0,12,0,1,0,-1,0,0,0,0,0,0,-1,0,21,0,0,23,0,234.16
0,7,0,0,1,1,14,7,8,0,-1,0,2,0,0,0,0,-1,0,10,0,0,18,0,178.33
0,5,0,0,0,1,12,13,18,0,-1,0,2,0,0,0,0,-1,0,11,1,0,18,0,625.83
0,17,0,0,0,0,19,6,1,0,-1,0,1,0,0,0,0,-1,0,9,0,0,9,0,389.38
0,2,2,0,0,3,10,23,61,0,-1,0,9,0,1,1,0,-1,0,9,0,0,15,0,1297.01
0,10,0,0,0,0,18,4,3,1,-1,0,0,0,0,0,0,-1,0,15,1,0,22,0,627.23
0,6,0,0,0,0,8,8,6,0,-1,0,0,0,0,0,0,-1,0,14,0,0,18,0,751.67
0,17,0,0,0,0,10,1,1,0,-1,0,0,0,0,0,0,-1,0,18,0,0,13,0,262.3
0,8,8,0,0,4,4,33,40,0,-1,0,17,0,0,0,0,-1,0,8,1,0,6,0,2445.2
0,11,0,0,0,0,5,7,6,0,-1,0,1,0,0,0,0,-1,0,16,0,0,15,0,431.18
0,20,0,0,0,0,13,0,0,0,-1,0,0,0,0,0,0,-1,0,19,0,0,12,0,216.03
0,2,1,0,0,0,7,27,40,0,-1,0,14,0,0,0,0,-1,0,10,2,0,15,0,1275.75
0,11,0,0,0,0,9,2,0,0,-1,0,0,0,0,0,0,-1,0,18,0,0,20,0,178.49
0,19,0,0,0,0,20,1,0,0,-1,0,0,0,0,0,0,-1,0,11,0,0,10,0,386.11
0,12,0,0,0,0,13,0,1,0,-1,0,0,0,0,0,0,-1,0,21,0,0,24,0,159.34
0,17,0,0,0,0,11,3,1,0,-1,0,0,0,0,0,0,-1,0,16,0,0,10,0,107.9
0,10,0,0,0,0,5,7,4,0,-1,0,0,0,0,0,0,-1,0,16,0,0,16,0,360.35
0,10,0,0,0,0,16,4,3,0,-1,0,0,0,0,0,0,-1,0,15,0,0,22,0,561.66
0,13,1,0,0,0,11,23,21,0,-1,0,1,0,0,0,0,-1,0,7,0,0,0,0,589.27
0,12,0,0,0,0,6,5,6,0,-1,0,1,0,0,0,0,-1,0,17,0,0,15,0,1143.77
1,4,73,0,8,7,10,17,134,3,-1,0,65,0,1,3,12,-1,1,4,47,12,12,0,2477.52
0,16,0,0,0,0,10,3,1,0,-1,0,0,0,0,0,0,-1,0,21,0,0,19,0,92.8
0,9,5,0,0,1,4,34,35,0,-1,0,15,0,0,0,0,-1,0,8,1,1,6,0,2578.71
0,18,0,0,0,0,19,5,1,0,-1,0,0,0,0,0,0,-1,0,9,0,0,9,0,453.24
0,12,0,0,0,1,8,35,13,0,-1,0,1,0,0,0,0,-1,0,8,0,0,2,0,502.08
0,15,0,0,0,0,15,0,1,0,-1,0,0,0,0,0,0,-1,0,23,0,0,26,0,158.71
0,17,0,0,0,0,18,5,1,0,-1,0,0,0,0,0,0,-1,0,9,0,0,8,0,357.19
2,4,75,8,1,7,10,20,111,3,-1,4,56,0,0,0,0,-1,0,5,16,12,12,0,2398.56
0,19,0,0,0,0,12,0,1,0,-1,0,0,0,0,0,0,-1,0,22,0,0,17,0,119.83
1,11,0,0,1,0,4,8,11,0,-1,0,0,0,0,0,0,-1,0,14,1,0,12,0,1011.59
0,16,0,0,0,0,11,2,0,0,-1,0,0,0,0,0,0,-1,0,22,0,0,21,0,92.0
0,15,1,0,0,0,15,12,10,0,-1,0,0,0,0,0,0,-1,0,7,0,0,5,0,567.86
0,15,0,0,0,0,22,3,0,0,-1,0,0,0,0,0,0,-1,0,19,0,0,26,0,539.32
0,4,1,0,1,1,5,21,38,1,-1,0,18,0,0,0,0,-1,0,11,1,0,14,0,2222.73
0,5,1,0,1,1,3,15,32,0,-1,0,16,0,0,0,0,-1,0,11,0,0,13,0,2368.19
6,7,70,0,0,5,6,36,120,1,-1,0,70,0,1,0,0,-1,0,5,0,6,5,0,3368.3
4,7,14,0,0,5,4,34,76,0,-1,0,52,0,0,0,0,-1,0,8,4,1,7,1,2692.75
0,6,0,0,0,0,10,6,11,1,-1,0,0,0,0,0,0,-1,0,14,0,0,19,0,737.3
3,8,52,20,11,11,10,17,143,6,-1,0,30,3,2,3,0,-1,3,0,51,32,7,2,2265.3
0,8,0,0,0,0,15,8,7,0,-1,0,1,0,0,0,0,-1,0,13,1,0,20,0,1792.8
0,12,0,0,0,0,7,3,0,0,-1,0,0,0,0,0,0,-1,0,18,0,0,18,0,201.23
0,18,0,0,0,0,13,4,2,0,-1,0,0,0,0,0,0,-1,0,15,0,0,8,0,199.15
0,14,0,0,0,0,11,19,17,0,-1,0,1,0,0,0,0,-1,0,9,0,0,1,0,562.39
0,20,0,0,0,0,21,1,0,0,-1,0,0,0,0,0,0,-1,0,12,0,0,11,0,444.88
0,13,0,0,0,0,6,5,5,0,-1,0,1,0,0,0,0,-1,0,17,0,0,15,0,1119.75
0,17,0,0,0,0,9,0,2,0,-1,0,0,0,0,0,0,-1,0,19,0,0,14,0,195.61
0,9,0,0,0,0,12,1,4,0,-1,0,0,0,0,0,0,-1,0,17,0,0,21,0,155.72
0,6,0,0,0,1,14,9,15,0,-1,0,2,0,0,0,0,-1,0,10,1,0,17,0,222.53
0,16,0,0,0,0,13,12,12,0,-1,0,0,0,0,0,0,-1,0,11,0,0,3,0,558.49
2,4,0,0,0,1,11,20,34,0,-1,0,4,0,0,1,0,-1,0,9,0,0,16,0,728.54
1,4,6,0,0,4,3,23,47,3,-1,0,27,1,0,1,0,-1,1,10,5,0,13,0,2475.74
0,8,9,0,0,4,4,33,47,1,-1,0,29,0,0,0,0,-1,2,8,3,1,6,0,2522.18
1,10,3,0,0,0,8,32,44,0,-1,0,10,0,0,0,0,-1,0,7,0,0,2,0,685.82
0,14,0,0,0,0,8,23,5,0,-1,0,0,0,0,0,0,-1,0,12,0,0,6,0,441.68
0,10,6,0,0,0,8,38,52,1,-1,0,11,0,1,0,0,-1,0,6,0,0,3,0,1671.95
1,4,6,0,1,5,3,22,43,3,-1,0,26,0,0,1,0,-1,1,10,5,0,13,0,2503.33
0,10,0,0,0,0,17,3,2,0,-1,0,0,0,0,0,0,-1,0,16,0,0,23,0,566.74
0,15,0,0,0,0,10,21,8,0,-1,0,0,0,0,0,0,-1,0,11,0,0,4,0,221.5
0,11,1,0,0,1,8,37,24,0,-1,0,4,0,0,0,0,-1,1,8,0,0,3,0,1414.69
0,7,0,0,0,0,12,5,10,1,-1,0,0,0,0,0,0,-1,0,15,0,0,20,0,281.43
0,14,0,0,0,0,14,0,1,0,-1,0,0,0,0,0,0,-1,0,22,0,0,25,0,162.13
1,1,13,0,1,13,6,28,85,6,-1,0,61,1,0,2,0,-1,0,9,3,1,13,0,2768.64
34,2,67,20,4,27,7,23,164,4,-1,4,42,0,3,11,4,-1,3,6,13,35,11,1,2082.64
0,14,0,0,0,0,14,13,18,1,-1,0,0,0,0,0,0,-1,0,7,0,1,4,0,428.71
0,9,0,0,0,0,7,3,0,0,-1,0,0,0,0,0,0,-1,0,17,0,0,19,0,344.26
4,7,17,0,1,8,3,34,81,1,-1,0,66,0,0,0,0,-1,2,7,3,0,7,0,2582.62
0,10,0,0,0,0,17,4,3,0,-1,0,0,0,0,0,0,-1,0,15,0,0,22,0,645.2
1,14,2,0,0,0,16,13,13,0,-1,0,0,0,0,0,0,-1,0,5,0,0,9,0,736.82
0,13,0,0,0,0,14,0,1,0,-1,0,0,0,0,0,0,-1,0,22,0,0,25,0,141.68
0,10,1,0,0,0,6,34,16,1,-1,0,5,0,0,0,0,-1,0,9,0,0,5,0,758.96
0,16,0,0,0,0,23,2,0,0,-1,0,0,0,0,0,0,-1,0,19,0,0,26,0,705.38
0,18,0,0,0,0,12,5,1,0,-1,0,0,0,0,0,0,-1,0,16,0,0,8,0,221.55
0,12,6,0,0,1,14,16,45,1,-1,0,5,0,0,0,0,-1,0,3,0,1,7,0,1570.89
0,21,0,0,0,0,14,0,0,0,-1,0,0,0,0,0,0,-1,0,23,0,0,18,0,190.6
0,15,0,0,0,0,22,3,0,0,-1,0,0,0,0,0,0,-1,0,19,0,0,26,0,695.58
0,2,0,0,0,0,8,24,37,0,-1,0,9,0,0,0,0,-1,0,11,1,0,15,0,1163.33
2,5,7,0,0,1,12,12,34,0,-1,0,7,0,0,0,0,-1,0,8,0,0,15,0,699.71
0,6,0,0,0,0,7,12,4,0,-1,0,0,0,0,0,0,-1,0,14,0,0,17,0,915.35
0,8,2,0,3,1,1,29,35,0,-1,0,8,1,0,0,0,-1,0,11,2,0,9,0,1696.46
0,8,0,0,0,0,15,5,7,1,-1,0,0,0,0,0,0,-1,0,15,0,0,21,0,561.32
0,15,0,0,0,0,22,3,0,0,-1,0,0,0,0,0,0,-1,0,20,0,0,27,0,514.27
0,4,0,0,0,0,7,19,27,0,-1,0,1,0,0,0,0,-1,0,12,0,0,16,0,1297.89
0,12,0,0,0,0,7,4,2,0,-1,0,0,0,0,0,0,-1,0,18,0,0,17,0,230.67
0,14,0,0,0,0,20,3,1,0,-1,0,0,0,0,0,0,-1,0,18,0,0,26,0,575.82
51,4,62,12,1,27,5,30,187,5,-1,0,25,0,6,4,4,-1,0,5,5,36,8,2,3193.3
0,14,0,0,0,0,9,3,0,0,-1,0,0,0,0,0,0,-1,0,20,0,0,19,0,119.86
0,11,10,0,0,0,13,16,49,1,-1,0,6,0,0,0,0,-1,0,3,0,1,7,1,1549.96
0,9,0,0,0,0,16,5,4,0,-1,0,0,0,0,0,0,-1,0,14,1,0,21,0,1763.85
0,11,0,0,0,0,5,7,4,0,-1,0,0,0,0,0,0,-1,0,16,0,0,16,0,193.27
0,15,0,0,0,0,10,2,0,0,-1,0,0,0,0,0,0,-1,0,21,0,0,21,0,214.5
0,12,2,0,0,0,13,15,40,0,-1,0,2,0,0,0,0,-1,0,5,0,0,4,1,661.29
0,12,0,0,0,0,19,3,1,0,-1,0,0,0,0,0,0,-1,0,16,0,0,24,0,729.62
39,5,62,8,0,38,5,32,183,3,-1,0,31,1,3,4,0,-1,1,5,7,36,8,0,3199.85
1,13,1,0,0,0,15,13,14,0,-1,0,0,0,0,0,0,-1,0,5,0,1,8,0,734.83
0,3,0,0,0,0,8,20,29,1,-1,0,2,0,0,0,0,-1,0,12,0,0,16,0,1126.02
0,17,0,0,0,0,14,11,8,0,-1,0,0,0,0,0,0,-1,0,12,0,0,4,0,205.67
0,15,0,0,0,0,14,0,1,0,-1,0,0,0,0,0,0,-1,0,23,0,0,25,0,163.76
0,10,0,0,0,1,3,9,12,2,-1,0,0,0,0,0,0,-1,0,14,2,0,13,0,413.32
1,11,0,0,1,0,4,10,10,0,-1,0,0,0,0,0,0,-1,0,14,1,0,12,0,1480.19
0,7,4,0,1,0,0,24,36,3,-1,0,19,1,0,0,0,-1,0,11,5,0,10,0,2054.83
5,6,54,0,0,7,5,36,113,1,-1,0,74,0,3,1,0,-1,1,6,4,7,6,0,3111.74
0,5,0,0,0,2,12,14,31,1,-1,0,6,0,0,0,0,-1,0,8,0,0,16,0,2053.81
0,16,0,0,0,0,19,5,1,0,-1,0,1,0,0,0,0,-1,0,8,0,0,12,0,479.75
0,11,0,0,0,0,9,2,1,0,-1,0,0,0,0,0,0,-1,0,19,0,0,21,0,196.9
0,11,0,0,0,0,15,1,2,0,-1,0,0,0,0,0,0,-1,0,19,0,0,24,0,167.31
36,4,79,12,3,29,4,35,165,8,-1,4,30,1,9,2,0,-1,1,6,5,16,9,1,3124.34
42,4,59,12,2,23,5,29,186,10,-1,0,25,0,20,4,8,-1,1,5,7,36,8,1,3491.15
0,14,0,0,0,0,8,13,3,0,-1,0,0,0,0,0,0,-1,0,14,0,0,8,0,258.83
0,11,1,0,0,0,5,30,14,0,-1,0,1,0,0,0,0,-1,0,11,0,0,6,0,711.39
0,8,0,0,0,0,2,14,19,0,-1,0,1,0,0,0,0,-1,0,13,3,0,13,0,445.51
0,21,0,0,0,0,14,0,0,0,-1,0,0,0,0,0,0,-1,0,23,0,0,18,0,188.28
0,7,0,0,1,0,14,9,9,0,-1,0,1,0,0,0,0,-1,0,12,0,0,19,0,1607.28
2,8,27,0,0,7,5,34,89,2,-1,0,47,0,1,0,0,-1,0,6,0,6,5,0,1805.94
38,3,82,8,4,17,5,32,169,4,-1,0,30,0,20,3,0,-1,2,6,9,13,9,5,3357.17
3,8,36,0,0,6,6,34,88,0,-1,0,40,0,1,0,0,-1,0,6,0,5,5,0,1815.03
0,16,0,0,0,0,18,8,4,0,-1,0,1,0,0,0,0,-1,0,8,0,0,8,0,487.73
0,15,0,0,0,0,10,13,4,0,-1,0,0,0,0,0,0,-1,0,14,0,0,7,0,722.58
0,13,0,0,0,0,8,21,6,0,-1,0,0,0,0,0,0,-1,0,12,0,0,6,0,598.27
0,7,0,0,0,1,14,7,8,0,-1,0,2,0,0,0,0,-1,0,10,1,0,17,0,206.59
0,19,0,0,0,0,21,3,0,0,-1,0,0,0,0,0,0,-1,0,10,0,0,11,0,445.14
0,8,1,0,2,1,2,34,37,0,-1,0,11,0,0,0,0,-1,0,10,2,1,9,0,1853.16
12,7,12,41,50,13,9,18,175,16,-1,6,55,9,3,8,28,-1,11,1,19,34,7,16,6212.91
0,15,0,0,0,0,11,21,8,0,-1,0,0,0,0,0,0,-1,0,11,0,0,3,0,287.55
0,16,0,0,0,0,19,6,1,0,-1,0,1,0,0,0,0,-1,0,8,0,0,10,0,580.71
0,11,0,0,0,1,8,38,18,0,-1,0,1,0,0,0,0,-1,0,8,0,0,3,0,591.28
0,6,0,0,0,0,9,4,6,0,-1,0,0,0,0,0,0,-1,0,15,0,0,19,0,756.21
0,11,17,4,0,0,12,16,76,1,-1,0,9,0,0,0,0,-1,0,4,3,0,4,1,2508.8
0,4,0,0,0,0,9,14,21,1,-1,0,1,0,0,0,0,-1,0,12,0,0,17,0,983.27
0,9,1,0,0,0,4,34,28,0,-1,0,7,0,0,0,0,-1,0,9,1,1,6,0,1784.45
0,14,0,0,0,0,8,3,1,0,-1,0,0,0,0,0,0,-1,0,20,0,0,18,0,994.2
0,13,0,0,0,0,12,0,1,0,-1,0,0,0,0,0,0,-1,0,21,0,0,23,0,262.63
0,10,0,0,0,0,8,2,0,0,-1,0,0,0,0,0,0,-1,0,18,0,0,19,0,166.19
0,12,0,0,0,0,6,4,2,0,-1,0,0,0,0,0,0,-1,0,17,0,0,16,0,237.03
0,12,0,0,0,0,13,0,1,0,-1,0,0,0,0,0,0,-1,0,20,0,0,23,0,161.1
0,8,0,0,1,0,16,5,4,0,-1,0,1,0,0,0,0,-1,0,11,0,0,19,0,190.72
0,17,0,0,0,0,12,1,0,0,-1,0,0,0,0,0,0,-1,0,23,0,0,23,0,114.07
0,4,1,0,1,1,4,20,37,1,-1,0,20,0,0,0,0,-1,1,11,2,0,14,0,1352.5
0,11,21,0,0,0,12,17,70,2,-1,0,10,0,0,1,0,-1,0,3,2,0,5,1,1649.33
0,9,0,0,0,0,13,2,4,0,-1,0,0,0,0,0,0,-1,0,17,0,0,22,0,226.77
0,17,0,0,0,0,12,0,0,0,-1,0,0,0,0,0,0,-1,0,23,0,0,21,0,92.75
0,6,0,0,0,0,7,10,7,0,-1,0,0,0,0,0,0,-1,0,14,0,0,17,0,848.96
0,15,0,0,0,0,8,2,2,0,-1,0,0,0,0,0,0,-1,0,18,0,0,14,0,902.19
0,18,0,0,0,0,11,2,1,0,-1,0,0,0,0,0,0,-1,0,17,0,0,11,0,222.65
0,8,0,0,0,0,12,3,7,0,-1,0,0,0,0,0,0,-1,0,16,0,0,21,0,235.69
0,17,0,0,0,0,9,0,2,0,-1,0,0,0,0,0,0,-1,0,19,0,0,14,0,176.99
0,22,0,0,0,0,24,1,0,0,-1,0,0,0,0,0,0,-1,0,13,0,0,14,0,319.98
0,8,0,0,0,0,8,2,1,0,-1,0,0,0,0,0,0,-1,0,16,0,0,18,0,872.88
0,7,0,0,0,0,6,12,8,0,-1,0,0,0,0,0,0,-1,0,14,0,0,16,0,795.37
0,6,2,0,0,2,13,10,21,0,-1,0,3,0,0,0,0,-1,0,7,0,0,15,0,292.52
22,1,64,4,6,40,6,30,122,3,-1,0,32,0,0,3,0,-1,1,7,4,7,11,0,3048.7
0,10,0,0,0,0,4,8,7,0,-1,0,1,0,0,0,0,-1,0,15,0,0,14,0,502.82
0,6,0,0,0,0,7,9,7,0,-1,0,0,0,0,0,0,-1,0,14,0,0,17,0,922.09
0,7,0,0,0,0,7,5,2,0,-1,0,0,0,0,0,0,-1,0,15,0,0,18,0,906.07
0,13,0,0,0,0,6,5,7,0,-1,4,1,0,0,0,0,-1,0,17,0,0,14,0,1298.86
0,10,0,0,0,0,6,5,1,0,-1,0,0,0,0,0,0,-1,0,17,0,0,17,0,469.61
0,10,1,0,0,0,4,32,18,0,-1,0,2,0,0,0,0,-1,0,11,1,0,7,0,683.24
1,14,2,0,0,0,17,13,12,0,-1,0,0,0,0,0,0,-1,0,6,0,0,9,0,773.81
0,12,2,0,0,1,14,16,30,0,-1,0,3,0,0,0,0,-1,0,4,0,1,7,0,1012.27
0,15,1,0,0,0,16,13,11,0,-1,0,0,0,0,0,0,-1,0,7,0,0,6,0,521.08
0,16,1,0,0,0,16,3,9,0,-1,0,0,0,0,0,0,-1,0,9,0,0,6,0,393.3
0,9,6,0,0,2,6,36,27,0,-1,0,8,0,0,0,0,-1,0,8,0,0,5,0,1866.63
0,19,0,0,0,0,20,1,0,0,-1,0,0,0,0,0,0,-1,0,11,0,0,10,0,435.24
0,10,0,0,0,0,6,7,4,0,-1,0,0,0,0,0,0,-1,0,16,0,0,17,0,483.73
0,18,0,0,0,0,19,3,1,0,-1,0,0,0,0,0,0,-1,0,10,0,0,9,0,384.95
0,12,0,0,0,0,17,0,3,0,-1,0,0,0,0,0,0,-1,0,19,0,0,25,0,245.16
0,5,0,0,0,0,3,14,30,0,-1,0,10,0,0,0,0,-1,1,12,1,0,14,0,1247.25
44,1,80,4,3,21,6,27,154,8,-1,0,39,0,1,9,4,-1,6,6,7,14,11,1,3949.56
21,3,46,20,11,41,8,20,164,7,-1,4,39,1,0,3,4,-1,3,5,39,51,11,0,2257.26
55,4,64,8,0,26,5,31,187,3,-1,0,26,0,2,3,8,-1,0,5,6,35,8,1,3245.75
0,19,0,0,0,0,12,0,0,0,-1,0,0,0,0,0,0,-1,0,20,0,0,14,0,225.51
0,11,1,0,0,1,7,35,21,0,-1,0,3,0,0,1,0,-1,0,8,0,0,3,0,781.27
0,18,0,0,0,0,12,2,0,0,-1,0,0,0,0,0,0,-1,0,18,0,0,11,0,306.21
0,15,0,0,0,0,11,1,0,0,-1,0,0,0,0,0,0,-1,0,22,0,0,22,0,195.06
0,20,0,0,0,0,13,0,0,0,-1,0,0,0,0,0,0,-1,0,19,0,0,12,0,217.95
0,9,0,0,0,0,4,11,10,0,-1,0,0,0,0,0,0,-1,0,15,0,0,15,0,393.9
0,19,0,0,0,0,12,0,0,0,-1,0,0,0,0,0,0,-1,0,20,0,0,14,0,267.57
0,18,0,0,0,0,11,0,1,0,-1,0,0,0,0,0,0,-1,0,21,0,0,17,0,171.79
0,11,0,0,0,0,14,1,3,0,-1,0,0,0,0,0,0,-1,0,19,0,0,24,0,254.16
4,5,7,4,1,5,1,27,64,4,-1,0,43,1,0,1,0,-1,0,10,6,0,11,0,2322.97
0,12,0,0,0,0,19,3,1,0,-1,0,0,0,0,0,0,-1,0,17,0,0,24,0,436.17
0,7,30,0,0,1,13,7,50,0,-1,0,11,0,0,0,0,-1,0,5,0,1,13,0,1966.74
0,14,0,0,0,0,10,1,0,0,-1,0,0,0,0,0,0,-1,0,21,0,0,21,0,260.6
0,12,0,0,0,0,7,3,0,0,-1,0,0,0,0,0,0,-1,0,18,0,0,18,0,176.49
0,17,0,0,0,0,16,1,7,0,-1,0,0,0,0,0,0,-1,0,9,0,0,5,0,416.36
1,14,1,0,0,0,17,8,4,1,-1,0,0,0,0,0,0,-1,0,6,0,0,11,0,604.54
0,15,0,0,0,0,14,0,1,0,-1,0,0,0,0,0,0,-1,0,23,0,0,25,0,190.57
0,14,2,0,0,1,16,13,12,0,-1,0,0,0,0,0,0,-1,0,6,0,0,8,0,853.42
0,13,0,0,0,0,6,5,6,0,-1,0,1,0,0,0,0,-1,0,17,0,0,14,0,1035.16
0,14,0,0,0,0,7,5,6,0,-1,0,1,0,0,0,0,-1,0,17,0,0,14,0,924.46
0,11,0,0,0,0,4,8,6,0,-1,0,1,0,0,0,0,-1,0,16,0,0,14,0,1235.7
0,19,0,0,0,0,14,4,2,0,-1,0,0,0,0,0,0,-1,0,16,0,0,8,0,185.36
0,9,0,0,0,0,2,13,16,0,-1,0,1,0,0,0,0,-1,0,14,3,0,13,0,448.44
0,9,1,0,0,0,4,35,33,0,-1,0,13,0,0,0,0,-1,0,9,1,1,7,0,1822.85
0,13,0,0,0,0,6,19,6,0,-1,0,1,0,0,0,0,-1,0,13,1,0,9,0,419.73
0,8,5,0,0,2,4,35,40,0,-1,0,17,0,0,0,0,-1,0,9,1,0,7,0,1937.48
0,9,1,0,0,0,4,36,29,0,-1,0,11,0,0,0,0,-1,0,9,1,1,6,0,1698.74
0,13,0,0,0,0,20,2,1,0,-1,0,0,0,0,0,0,-1,0,16,0,0,24,0,170.58
11,4,22,0,2,17,3,36,91,4,-1,0,52,4,4,0,0,-1,2,8,3,4,9,0,2587.75
0,15,0,0,0,0,22,3,0,0,-1,0,0,0,0,0,0,-1,0,19,0,0,26,0,532.85
0,14,0,0,0,0,7,4,6,0,-1,0,1,0,0,0,0,-1,0,17,0,0,13,0,443.89
0,11,0,0,0,0,7,4,0,0,-1,0,0,0,0,0,0,-1,0,18,0,0,19,0,181.01
1,4,0,0,0,1,12,17,32,1,-1,0,6,0,0,0,0,-1,0,9,0,0,15,0,685.72
9,5,21,0,2,14,3,34,88,5,-1,0,55,1,5,2,0,-1,1,8,3,3,9,0,2344.08
0,10,2,0,0,1,6,35,18,1,-1,0,7,0,0,0,0,-1,0,8,0,0,5,0,1796.7
10,6,81,8,0,17,6,29,167,1,-1,0,77,0,1,2,4,-1,1,5,5,22,6,2,3442.93
2,3,49,8,0,7,10,20,103,2,-1,0,53,0,0,1,0,-1,0,7,3,1,13,0,2244.01
27,2,54,8,5,32,8,23,169,11,-1,4,41,2,5,7,8,-1,6,5,25,47,11,0,2235.35
0,14,0,0,0,0,21,3,1,0,-1,0,0,0,0,0,0,-1,0,19,0,0,26,0,531.12
0,19,0,0,0,0,12,0,0,0,-1,0,0,0,0,0,0,-1,0,20,0,0,14,0,227.88
0,13,0,0,0,0,15,17,21,0,-1,0,1,0,0,0,0,-1,0,5,0,2,7,0,826.07
0,13,0,0,0,0,8,27,8,0,-1,0,0,0,0,0,0,-1,0,11,0,0,5,0,657.23
14,4,53,0,4,38,4,40,124,5,-1,0,39,1,2,2,4,-1,4,7,2,5,9,0,2936.51
0,14,0,0,0,0,20,3,1,0,-1,0,0,0,0,0,0,-1,0,19,0,0,26,0,638.87
0,12,0,0,0,0,9,3,0,0,-1,0,0,0,0,0,0,-1,0,19,0,0,20,0,214.29
0,12,0,0,0,0,20,2,1,0,-1,0,0,0,0,0,0,-1,0,15,0,0,23,0,214.81
0,10,0,0,0,0,16,4,3,0,-1,0,0,0,0,0,0,-1,0,15,0,0,22,0,562.86
0,15,0,0,0,0,13,0,1,0,-1,0,0,0,0,0,0,-1,0,22,0,0,24,0,183.76
0,15,0,0,0,0,7,5,4,0,-1,0,1,0,0,0,0,-1,0,17,0,0,12,0,338.34
0,12,1,0,0,0,11,22,39,0,-1,0,3,0,0,0,0,-1,0,6,0,0,1,0,2095.22
4,6,89,4,0,15,6,32,146,4,-1,0,77,0,6,4,0,-1,2,5,2,8,6,0,2738.12
0,12,0,0,0,0,5,6,5,0,-1,0,1,0,0,0,0,-1,0,17,0,0,15,0,1195.52
0,18,0,0,0,0,11,0,1,0,-1,0,0,0,0,0,0,-1,0,21,0,0,17,0,150.15
0,19,0,0,0,0,20,0,0,0,-1,0,0,0,0,0,0,-1,0,11,0,0,10,0,374.7
2,7,24,0,0,6,5,33,85,2,-1,0,51,0,1,0,0,-1,0,7,0,2,6,0,2960.48
0,8,0,0,0,0,7,4,1,0,-1,0,0,0,0,0,0,-1,0,16,0,0,18,0,714.24
0,22,0,0,0,0,24,1,0,0,-1,0,0,0,0,0,0,-1,0,13,0,0,14,0,327.91
0,14,0,0,0,0,21,3,1,0,-1,0,0,0,0,0,0,-1,0,18,0,0,26,0,630.54
0,18,0,0,0,0,11,0,1,0,-1,0,0,0,0,0,0,-1,0,19,0,0,13,0,265.12
0,13,0,0,0,0,11,1,1,0,-1,0,0,0,0,0,0,-1,0,20,0,0,22,0,233.88
0,3,0,0,0,0,9,19,27,1,-1,0,1,0,0,0,0,-1,0,11,0,0,16,0,1192.11
0,18,0,0,0,0,12,2,0,0,-1,0,0,0,0,0,0,-1,0,17,0,0,10,0,104.54
0,10,0,0,0,0,5,7,4,0,-1,0,0,0,0,0,0,-1,0,16,0,0,16,0,294.87
0,6,5,0,3,4,0,25,39,7,-1,0,20,1,0,0,0,-1,0,11,2,0,11,0,2179.72
0,13,0,0,0,0,20,3,1,0,-1,0,0,0,0,0,0,-1,0,17,0,0,25,0,725.26
51,4,56,12,1,21,5,30,186,4,-1,0,30,0,6,3,4,-1,0,5,6,37,8,2,3567.62
0,15,0,0,0,0,8,10,2,0,-1,0,0,0,0,0,0,-1,0,14,0,0,9,0,342.05
0,7,0,0,0,0,12,5,10,1,-1,0,0,0,0,0,0,-1,0,15,0,0,20,0,261.38
0,13,0,0,0,0,7,3,2,0,-1,0,0,0,0,0,0,-1,0,18,0,0,17,0,232.68
0,21,0,0,0,0,22,1,0,0,-1,0,0,0,0,0,0,-1,0,12,0,0,12,0,281.15
0,10,0,0,0,0,7,4,0,0,-1,0,0,0,0,0,0,-1,0,17,0,0,19,0,182.79
0,16,0,0,0,0,11,2,0,0,-1,0,0,0,0,0,0,-1,0,22,0,0,21,0,91.74
0,8,0,0,0,0,12,3,7,1,-1,0,0,0,0,0,0,-1,0,16,0,0,21,0,909.15
0,15,2,0,0,0,16,13,16,0,-1,0,1,0,0,0,0,-1,0,7,0,0,7,0,826.01
0,7,0,0,0,1,14,7,8,0,-1,0,2,0,0,0,0,-1,0,10,1,0,17,0,208.35
6,6,43,4,1,18,3,36,103,2,-1,4,67,2,0,0,0,-1,0,7,3,4,8,1,2914.79
0,13,1,0,0,0,11,17,24,3,-1,0,1,0,0,0,0,-1,0,7,0,0,1,0,1809.75
0,12,0,0,0,0,17,0,2,0,-1,0,0,0,0,0,0,-1,0,20,0,0,25,0,209.59
5,8,51,0,0,6,6,38,104,1,-1,0,48,0,1,0,0,-1,0,6,0,6,5,0,1907.64
0,5,0,0,0,0,5,13,16,0,-1,0,1,0,0,0,0,-1,0,13,1,0,15,0,861.15
0,18,0,0,0,0,11,1,1,0,-1,0,0,0,0,0,0,-1,0,19,0,0,13,0,1107.87
0,11,1,0,0,0,6,35,16,0,-1,0,4,0,0,0,0,-1,0,9,0,0,5,0,691.41
0,13,0,0,0,0,21,2,1,0,-1,0,0,0,0,0,0,-1,0,16,0,0,24,0,214.89
0,16,0,0,0,0,13,12,14,0,-1,0,0,0,0,0,0,-1,0,10,0,0,3,0,451.58
0,15,1,0,0,0,15,12,16,0,-1,0,0,0,0,0,0,-1,0,7,0,0,5,0,629.02
1,9,0,0,0,0,2,14,19,1,-1,0,0,1,0,0,0,-1,0,13,3,0,11,0,1598.91
0,10,0,0,0,0,15,1,3,0,-1,0,0,0,0,0,0,-1,0,18,0,0,23,0,167.98
0,9,0,0,0,0,15,5,3,0,-1,0,0,0,0,0,0,-1,0,14,0,0,21,0,1513.72
38,3,58,8,3,24,5,28,187,6,-1,0,23,1,21,4,8,-1,2,5,5,38,9,1,3620.61
0,19,0,0,0,0,20,0,1,0,-1,0,0,0,0,0,0,-1,0,11,0,0,9,0,390.42
6,3,60,8,9,25,9,20,141,2,-1,0,60,1,1,0,4,-1,3,5,31,31,12,0,2167.68
0,11,0,0,0,0,5,6,3,0,-1,0,0,0,0,0,0,-1,0,17,0,0,16,0,191.79
0,8,0,0,1,0,15,8,4,0,-1,0,1,0,0,0,0,-1,0,13,0,0,20,0,1770.33
0,9,0,0,0,0,9,1,0,0,-1,0,0,0,0,0,0,-1,0,17,0,0,20,0,696.45
14,1,76,8,5,45,6,29,135,2,-1,0,33,0,2,2,0,-1,2,7,5,6,12,0,3166.66
1,3,0,0,0,2,10,23,47,1,-1,0,9,0,0,1,0,-1,0,9,0,0,15,0,1273.28
0,9,0,0,0,0,5,10,4,0,-1,0,0,0,0,0,0,-1,0,16,0,0,16,0,369.23
0,13,1,0,0,0,11,20,20,0,-1,0,1,0,0,0,0,-1,0,8,0,0,0,0,1965.39
11,5,66,4,3,43,4,31,142,5,-1,4,41,0,3,1,0,-1,2,6,3,11,7,1,3443.5
6,6,39,0,3,17,4,35,97,0,-1,0,66,0,0,0,0,-1,1,7,2,4,7,1,3012.98
0,14,0,0,0,0,7,3,4,0,-1,0,1,0,0,0,0,-1,0,17,0,0,13,0,1077.86
0,9,0,0,0,0,6,8,2,0,-1,0,0,0,0,0,0,-1,0,16,0,0,17,0,367.71
4,2,12,0,2,17,4,27,81,2,-1,4,53,3,1,2,0,-1,0,9,2,0,12,0,2771.67
0,13,0,0,0,0,10,1,0,0,-1,0,0,0,0,0,0,-1,0,21,0,0,22,0,191.35
0,14,0,0,0,0,7,2,1,0,-1,4,0,0,0,0,0,-1,0,18,0,0,16,0,896.98
0,16,0,0,0,0,13,12,12,0,-1,0,0,0,0,0,0,-1,0,10,0,0,3,0,474.52
0,6,0,0,0,0,9,8,6,0,-1,0,0,0,0,0,0,-1,0,14,0,0,18,0,841.74
1,15,0,0,0,0,18,6,2,0,-1,0,0,0,0,0,0,-1,0,7,0,0,11,0,595.57
0,10,0,0,0,0,13,1,3,0,-1,0,0,0,0,0,0,-1,0,18,0,0,22,0,163.88
0,18,0,0,0,0,13,5,1,0,-1,0,0,0,0,0,0,-1,0,16,0,0,8,0,200.71
1,9,15,0,0,3,7,38,68,1,-1,0,19,0,1,0,0,-1,0,6,0,0,4,0,1666.92
0,9,0,0,0,0,13,1,4,0,-1,0,0,0,0,0,0,-1,0,18,0,0,22,0,200.75
0,9,1,0,0,0,4,35,28,0,-1,0,8,0,0,0,0,-1,0,9,1,1,6,0,1802.58
0,19,0,0,0,0,12,0,1,0,-1,0,0,0,0,0,0,-1,0,19,0,0,13,0,251.39
0,12,0,0,0,0,8,33,12,0,-1,0,2,0,0,0,0,-1,0,9,0,0,3,0,1190.01
0,13,0,0,0,0,6,5,5,0,-1,4,1,0,0,0,0,-1,0,17,0,0,15,0,962.79
0,14,0,0,0,0,7,3,3,0,-1,4,0,0,0,0,0,-1,0,18,0,0,15,0,1045.84
33,1,73,16,3,27,7,25,161,6,-1,8,40,2,5,11,0,-1,3,6,9,24,11,1,4176.84
0,21,0,0,0,0,22,0,0,0,-1,0,0,0,0,0,0,-1,0,13,0,0,12,0,407.64
0,18,0,0,0,0,12,2,1,0,-1,0,0,0,0,0,0,-1,0,18,0,0,11,0,304.23
0,13,1,0,0,0,14,16,26,0,-1,0,0,0,0,0,0,-1,0,5,0,0,5,0,671.71
0,18,0,0,0,0,12,0,0,0,-1,0,0,0,0,0,0,-1,0,24,0,0,22,0,89.92
0,11,0,0,0,0,11,0,1,0,-1,0,0,0,0,0,0,-1,0,19,0,0,22,0,200.27
0,14,0,0,0,0,7,5,6,0,-1,4,1,0,0,0,0,-1,0,17,0,0,14,0,1231.41
0,6,0,0,0,0,5,12,12,0,-1,0,1,0,0,0,0,-1,0,14,0,0,15,0,821.59
0,8,0,0,1,0,15,8,4,0,-1,0,1,0,0,0,0,-1,0,13,0,0,20,0,1714.59
0,17,0,0,0,0,11,8,3,0,-1,0,0,0,0,0,0,-1,0,14,0,0,7,0,173.5
0,12,1,0,0,0,12,18,38,0,-1,0,2,0,0,0,0,-1,1,5,0,0,3,0,2097.78
0,6,0,0,0,0,9,7,6,0,-1,0,0,0,0,0,0,-1,0,14,0,0,18,0,784.0
0,10,49,0,2,2,10,21,104,5,-1,0,20,0,0,0,0,-1,0,3,2,1,4,0,2281.24
39,4,78,8,3,35,4,35,165,3,-1,4,28,1,3,1,0,-1,0,6,5,18,8,3,3035.5
0,9,0,0,0,0,2,15,16,0,-1,0,1,0,0,0,0,-1,0,14,3,0,13,0,493.36
0,15,0,0,0,0,10,13,4,0,-1,0,0,0,0,0,0,-1,0,14,0,0,7,0,719.02
9,5,19,0,1,12,2,33,82,4,-1,0,57,3,5,2,0,-1,1,8,4,4,9,0,2434.93
0,17,0,0,0,0,14,12,10,0,-1,0,0,0,0,0,0,-1,0,11,0,0,4,0,274.04
0,17,0,0,0,0,17,5,8,0,-1,0,0,0,0,0,0,-1,0,9,0,0,7,0,398.58
0,15,0,0,0,0,8,8,2,0,-1,0,0,0,0,0,0,-1,0,15,0,0,9,0,270.58
0,19,0,0,0,0,13,1,0,0,-1,0,0,0,0,0,0,-1,0,17,0,0,10,0,109.87
0,20,0,0,0,0,20,0,0,0,-1,0,0,0,0,0,0,-1,0,12,0,0,10,0,335.11
0,19,0,0,0,0,13,2,1,0,-1,0,0,0,0,0,0,-1,0,17,0,0,9,0,126.21
1,8,12,0,0,7,5,33,61,0,-1,0,26,0,0,0,0,-1,0,7,0,0,6,0,2133.54
0,16,0,0,0,0,9,2,1,0,-1,0,0,0,0,0,0,-1,0,21,0,0,18,0,766.87
0,9,0,0,0,0,16,4,3,0,-1,0,0,0,0,0,0,-1,0,15,0,0,22,0,575.89
0,10,0,0,0,0,14,1,5,0,-1,0,0,0,0,0,0,-1,0,18,0,0,23,0,235.33
0,13,0,0,0,0,20,3,1,0,-1,0,0,0,0,0,0,-1,0,18,0,0,25,0,527.74
0,12,0,0,0,1,5,6,7,0,-1,0,0,0,0,0,0,-1,0,16,1,0,13,0,993.08
1,9,1,0,3,0,3,28,21,0,-1,0,1,0,0,0,0,-1,0,11,2,0,9,0,1548.8
0,6,0,0,0,0,13,10,13,0,-1,0,2,0,0,0,0,-1,0,13,0,0,19,0,1869.57
0,12,0,0,0,1,4,6,7,0,-1,0,0,0,0,0,0,-1,0,15,2,0,12,0,1476.33
0,8,1,0,0,1,3,34,39,0,-1,0,11,1,0,0,0,-1,0,10,3,1,8,0,1832.77
1,5,0,0,0,1,13,12,19,0,-1,0,1,0,0,0,0,-1,0,9,0,0,16,0,2036.86
2,3,0,0,0,1,10,20,47,0,-1,0,6,0,0,1,0,-1,0,9,0,0,15,0,1168.39
0,6,0,0,0,0,10,7,11,1,-1,0,0,0,0,0,0,-1,0,14,0,0,19,0,730.4
0,5,0,0,0,0,12,14,16,0,-1,0,2,0,0,0,0,-1,0,12,0,0,18,0,607.94
0,13,0,0,0,0,10,23,12,0,-1,0,1,0,0,0,0,-1,0,10,0,0,2,0,270.19
6,2,70,8,1,47,8,22,151,9,-1,4,39,3,2,8,8,-1,6,6,10,23,11,0,1928.85
1,4,3,0,0,1,4,23,42,1,-1,0,23,1,0,0,0,-1,1,11,3,0,13,0,2436.65
0,17,0,0,0,0,11,7,1,0,-1,0,0,0,0,0,0,-1,0,15,0,0,8,0,883.01
0,13,0,0,0,0,9,3,0,0,-1,0,0,0,0,0,0,-1,0,20,0,0,20,0,170.38
0,7,0,0,1,0,1,17,31,2,-1,0,9,0,0,0,0,-1,0,12,2,0,12,0,1733.91
0,19,0,0,0,0,12,0,0,0,-1,0,0,0,0,0,0,-1,0,19,0,0,13,0,231.08
0,10,33,0,0,1,12,17,85,2,-1,0,14,0,0,0,0,-1,0,2,5,3,7,1,1776.69
0,19,0,0,0,0,12,0,0,0,-1,0,0,0,0,0,0,-1,0,20,0,0,15,0,153.63
0,8,0,0,0,0,16,6,3,0,-1,0,1,1,0,0,0,-1,0,12,0,0,20,0,186.86
0,9,0,0,0,0,8,1,0,0,-1,0,0,0,0,0,0,-1,0,17,0,0,19,0,715.12
0,14,0,0,0,0,11,1,0,0,-1,0,0,0,0,0,0,-1,0,22,0,0,22,0,193.19
0,19,0,0,0,0,14,3,2,0,-1,0,0,0,0,0,0,-1,0,16,0,0,8,0,259.79
1,3,3,0,0,1,4,23,42,0,-1,0,24,1,0,0,0,-1,0,11,3,0,14,0,2376.82
0,17,0,0,0,0,18,6,2,0,-1,0,0,0,0,0,0,-1,0,9,0,0,9,0,355.2
0,16,0,0,0,0,13,1,0,0,-1,0,0,0,0,0,0,-1,0,23,0,0,23,0,262.23
0,18,0,0,0,0,13,0,0,0,-1,0,0,0,0,0,0,-1,0,24,0,0,23,0,88.46
0,9,0,0,0,0,16,5,3,0,-1,0,1,0,0,0,0,-1,0,12,1,0,19,0,183.12
0,11,0,0,0,0,13,0,2,0,-1,0,0,0,0,0,0,-1,0,19,0,0,23,0,174.67
0,14,0,0,0,0,8,2,1,0,-1,0,0,0,0,0,0,-1,0,19,0,0,17,0,1225.22
0,2,12,0,0,6,9,24,68,1,-1,0,41,0,1,2,0,-1,0,8,0,0,14,0,1300.61
0,10,0,0,0,0,17,4,3,0,-1,0,0,0,0,0,0,-1,0,15,0,0,22,0,639.93
1,10,62,0,2,4,11,19,99,2,-1,0,16,0,0,1,0,-1,2,2,9,6,6,0,1892.18
0,15,0,0,0,0,12,1,0,0,-1,0,0,0,0,0,0,-1,0,23,0,0,23,0,185.99
0,19,0,0,0,0,12,1,1,0,-1,0,0,0,0,0,0,-1,0,19,0,0,13,0,254.79
0,14,0,0,0,0,21,3,1,0,-1,0,0,0,0,0,0,-1,0,18,0,0,26,0,529.75
0,19,0,0,0,0,12,0,0,0,-1,0,0,0,0,0,0,-1,0,20,0,0,14,0,1331.56
0,17,0,0,0,0,18,5,6,0,-1,0,0,0,0,0,0,-1,0,9,0,0,8,0,305.74
0,5,0,0,0,0,9,10,15,0,-1,0,0,0,0,0,0,-1,0,13,0,0,17,0,1015.81
0,14,0,0,0,0,9,3,0,0,-1,0,0,0,0,0,0,-1,0,20,0,0,19,0,94.84
0,11,10,0,0,0,10,20,65,2,-1,0,8,0,0,0,0,-1,0,5,2,1,2,0,2321.36
0,19,0,0,0,0,14,3,1,0,-1,0,0,0,0,0,0,-1,0,17,0,0,9,0,114.2
0,16,0,0,0,0,10,1,1,0,-1,0,0,0,0,0,0,-1,0,21,0,0,19,0,767.08
1,8,1,0,3,0,1,19,26,0,-1,0,6,1,0,0,0,-1,0,12,1,0,10,0,1696.87
0,20,0,0,0,0,13,0,1,0,-1,0,0,0,0,0,0,-1,0,23,0,0,19,0,167.02
42,3,83,8,2,18,5,33,170,6,-1,0,29,1,17,3,4,-1,1,6,10,13,9,5,3126.81
6,3,11,0,4,14,4,27,79,2,-1,0,54,1,1,1,0,-1,0,9,3,2,12,0,2875.23
0,19,0,0,0,0,21,3,1,0,-1,0,0,0,0,0,0,-1,0,10,0,0,12,0,499.68
0,14,0,0,0,0,14,0,1,0,-1,0,0,0,0,0,0,-1,0,22,0,0,25,0,136.34
0,16,0,0,0,0,10,2,1,0,-1,0,0,0,0,0,0,-1,0,21,0,0,19,0,915.52
2,4,0,0,0,1,11,19,37,0,-1,0,5,0,0,2,0,-1,0,9,0,0,16,0,696.35
0,12,0,0,0,1,9,29,14,0,-1,0,1,0,0,0,0,-1,0,8,0,0,2,0,1309.34
0,17,0,0,0,0,10,4,1,0,-1,0,0,0,0,0,0,-1,0,17,0,0,11,0,324.17
0,8,0,0,0,0,14,4,7,1,-1,0,0,0,0,0,0,-1,0,15,0,0,21,0,555.06
0,15,0,0,0,0,10,15,4,0,-1,0,0,0,0,0,0,-1,0,13,0,0,7,0,814.62
0,9,5,0,0,2,5,35,29,0,-1,0,12,0,0,0,0,-1,0,8,0,1,5,0,1724.57
0,16,0,0,0,0,12,1,0,0,-1,0,0,0,0,0,0,-1,0,23,0,0,24,0,146.25
0,12,0,0,0,0,8,3,0,0,-1,0,0,0,0,0,0,-1,0,19,0,0,19,0,189.41
0,12,0,0,0,0,7,3,2,0,-1,0,0,0,0,0,0,-1,0,18,0,0,17,0,191.28
7,5,36,4,1,18,3,34,105,2,-1,4,65,2,1,1,0,-1,0,7,4,3,8,1,2671.05
0,2,2,0,0,0,7,28,50,0,-1,0,20,0,0,0,0,-1,0,10,1,0,15,0,1285.13
0,6,0,0,0,0,7,9,3,0,-1,0,0,0,0,0,0,-1,0,14,0,0,17,0,843.98
0,5,0,0,0,2,12,12,26,1,-1,0,2,0,0,0,0,-1,0,9,0,0,16,0,1077.8
0,20,0,0,0,0,13,0,1,0,-1,0,0,0,0,0,0,-1,0,23,0,0,18,0,148.4
0,7,0,0,0,0,7,10,4,0,-1,0,0,0,0,0,0,-1,0,15,0,0,17,0,755.36
15,5,56,0,3,36,4,34,123,5,-1,0,40,1,1,1,4,-1,3,7,2,6,8,0,3245.58
6,5,9,0,3,9,2,33,65,1,-1,0,59,1,0,2,0,-1,0,9,4,2,9,0,2277.06
0,20,0,0,0,0,13,0,0,0,-1,0,0,0,0,0,0,-1,0,22,0,0,17,0,145.75
0,9,0,0,0,0,16,4,3,0,-1,0,0,0,0,0,0,-1,0,15,0,0,22,0,571.11
1,4,7,0,3,6,3,25,52,3,-1,0,33,0,0,0,0,-1,1,10,4,0,12,0,2634.19
0,15,0,0,0,0,9,3,1,0,-1,0,0,0,0,0,0,-1,0,20,0,0,19,0,87.26
7,7,94,4,0,15,6,31,153,3,-1,0,79,0,2,1,0,-1,3,5,4,6,6,0,3413.08
0,18,0,0,0,0,13,5,1,0,-1,0,0,0,0,0,0,-1,0,16,0,0,9,0,112.49
0,16,0,0,0,0,8,0,1,0,-1,0,0,0,0,0,0,-1,0,19,0,0,15,0,1023.92
0,14,2,0,0,1,16,13,15,0,-1,0,0,0,0,0,0,-1,0,6,0,0,7,0,587.72
0,18,0,0,0,0,15,9,2,0,-1,0,0,0,0,0,0,-1,0,13,0,0,5,0,262.97
0,13,0,0,0,0,13,0,1,0,-1,0,0,0,0,0,0,-1,0,21,0,0,24,0,156.73
0,5,1,0,0,0,3,14,28,0,-1,0,11,0,0,0,0,-1,1,12,2,0,13,0,2228.92
8,1,23,4,3,31,5,27,97,3,-1,4,46,2,0,3,0,-1,1,8,3,3,12,0,2977.66
0,12,2,0,0,0,12,16,44,0,-1,0,3,0,0,0,0,-1,0,5,0,0,3,1,693.25
0,10,1,0,0,0,4,34,21,0,-1,0,6,0,0,0,0,-1,0,10,1,0,7,0,1672.31
0,8,0,0,0,0,13,3,7,0,-1,0,0,0,0,0,0,-1,0,16,0,0,21,0,242.6
0,9,0,0,0,0,7,3,0,0,-1,0,0,0,0,0,0,-1,0,16,0,0,18,0,716.5
0,17,0,0,0,0,12,0,0,0,-1,0,0,0,0,0,0,-1,0,23,0,0,22,0,88.74
0,7,39,0,0,1,13,5,52,0,-1,0,12,0,0,0,0,-1,0,5,0,1,13,0,1998.88
0,9,0,0,0,0,5,10,5,0,-1,0,0,0,0,0,0,-1,0,15,0,0,16,0,378.65
0,15,0,0,0,0,9,9,2,0,-1,0,0,0,0,0,0,-1,0,14,0,0,8,0,275.62
0,13,0,0,0,0,10,1,0,0,-1,0,0,0,0,0,0,-1,0,20,0,0,21,0,204.86
0,12,6,0,0,0,13,16,50,2,-1,0,6,0,0,0,0,-1,0,3,0,0,6,0,1537.96
0,11,1,0,0,0,6,30,14,0,-1,0,1,0,0,0,0,-1,0,11,0,0,6,0,621.76
0,18,0,0,0,0,17,1,7,0,-1,0,0,0,0,0,0,-1,0,10,0,0,6,0,378.95
0,7,0,0,0,0,14,10,11,0,-1,0,1,0,0,0,0,-1,0,13,1,0,20,0,1580.08
0,6,0,0,0,0,12,11,13,0,-1,0,2,0,0,0,0,-1,0,13,0,0,19,0,621.95
0,10,0,0,0,0,7,5,1,0,-1,0,0,0,0,0,0,-1,0,17,0,0,18,0,200.89
0,19,0,0,0,0,13,1,0,0,-1,0,0,0,0,0,0,-1,0,17,0,0,10,0,103.88
0,15,2,0,0,1,17,13,10,0,-1,0,0,0,0,0,0,-1,0,6,0,0,8,0,632.7
0,11,0,0,1,1,4,21,12,0,-1,0,0,0,0,0,0,-1,0,13,0,0,9,0,1589.36
0,13,0,0,0,1,5,6,7,0,-1,0,0,0,0,0,0,-1,0,15,1,0,12,0,358.38
0,12,0,0,0,0,7,29,11,0,-1,0,1,0,0,0,0,-1,0,10,0,0,5,0,625.24
1,12,0,0,1,0,4,6,7,0,-1,0,0,0,0,0,0,-1,0,15,1,0,12,0,1072.29
0,15,0,0,0,0,13,0,1,0,-1,0,0,0,0,0,0,-1,0,23,0,0,25,0,185.79
0,13,0,0,0,0,12,17,21,1,-1,0,1,0,0,0,0,-1,1,6,0,1,2,0,2076.8
0,7,6,0,1,2,3,36,46,1,-1,0,27,0,0,0,0,-1,1,9,3,1,7,0,2419.92
0,18,0,0,0,0,11,0,1,0,-1,0,0,0,0,0,0,-1,0,20,0,0,15,0,146.79
0,20,0,0,0,0,12,0,1,0,-1,0,0,0,0,0,0,-1,0,22,0,0,18,0,170.28
0,9,0,0,1,0,16,5,4,1,-1,0,0,0,0,0,0,-1,0,13,0,0,21,0,1674.37
0,19,0,0,0,0,12,0,0,0,-1,0,0,0,0,0,0,-1,0,20,0,0,14,0,266.06
0,15,0,0,0,0,8,4,4,0,-1,0,1,0,0,0,0,-1,0,17,0,0,12,0,434.88
0,19,0,0,0,0,13,4,2,0,-1,0,0,0,0,0,0,-1,0,16,0,0,8,0,180.46
0,13,1,0,0,0,11,23,21,1,-1,0,1,0,0,0,0,-1,0,8,0,0,0,0,624.79
0,16,0,0,0,0,9,3,1,0,-1,0,0,0,0,0,0,-1,0,21,0,0,19,0,96.49
0,9,0,0,0,0,3,13,15,0,-1,0,1,0,0,0,0,-1,0,14,2,0,13,0,457.77
0,14,0,0,0,0,20,3,1,0,-1,0,0,0,0,0,0,-1,0,19,0,0,26,0,651.23
0,17,0,0,0,0,12,7,3,0,-1,0,0,0,0,0,0,-1,0,14,0,0,7,0,212.3
0,12,0,0,0,0,12,0,1,0,-1,0,0,0,0,0,0,-1,0,20,0,0,23,0,142.61
0,11,0,0,0,0,11,0,1,0,-1,0,0,0,0,0,0,-1,0,19,0,0,22,0,197.15
0,11,0,0,0,0,11,0,1,0,-1,0,0,0,0,0,0,-1,0,19,0,0,22,0,194.3
0,13,0,0,0,0,6,9,5,1,-1,0,1,0,0,0,0,-1,0,15,1,0,11,0,346.46
0,8,0,0,0,0,5,12,2,0,-1,0,0,0,0,0,0,-1,0,15,0,0,16,0,813.42
0,8,0,0,2,0,1,15,25,0,-1,0,6,0,0,0,0,-1,0,13,2,0,12,0,1759.34
0,17,0,0,0,0,14,10,14,0,-1,0,0,0,0,0,0,-1,0,11,0,0,3,0,237.62
0,12,0,0,0,0,8,3,0,0,-1,0,0,0,0,0,0,-1,0,19,0,0,18,0,179.02
0,17,0,0,0,0,10,0,2,0,-1,0,0,0,0,0,0,-1,0,20,0,0,15,0,152.35
10,3,47,20,13,49,8,19,166,5,-1,0,40,0,1,3,8,-1,3,5,47,52,11,1,5103.99
0,14,0,0,0,0,20,3,1,0,-1,0,0,0,0,0,0,-1,0,19,0,0,26,0,634.8
0,19,0,0,0,0,16,6,2,0,-1,0,0,0,0,0,0,-1,0,14,0,0,6,0,194.22
0,14,0,0,0,0,6,6,5,0,-1,0,1,0,0,0,0,-1,0,15,1,0,11,0,446.73
0,16,0,0,0,0,11,2,1,0,-1,0,0,0,0,0,0,-1,0,22,0,0,20,0,91.55
0,18,0,0,0,0,12,0,0,0,-1,0,0,0,0,0,0,-1,0,24,0,0,22,0,89.18
0,18,0,0,0,0,14,10,3,0,-1,0,0,0,0,0,0,-1,0,14,0,0,6,0,201.96
0,11,13,0,0,1,10,23,70,1,-1,0,12,0,0,0,0,-1,0,5,2,1,2,0,2360.42
0,10,1,0,0,0,4,32,18,0,-1,0,3,0,0,0,0,-1,0,10,1,0,7,0,1598.07
0,19,0,0,0,0,14,3,1,0,-1,0,0,0,0,0,0,-1,0,17,0,0,9,0,209.94
0,20,0,0,0,0,12,0,0,0,-1,0,0,0,0,0,0,-1,0,20,0,0,14,0,211.27
8,5,21,0,1,16,3,35,82,1,-1,0,58,2,0,1,0,-1,1,8,4,3,8,0,2461.67
0,15,0,0,0,0,8,5,2,0,-1,0,0,0,0,0,0,-1,0,17,0,0,12,0,384.03
0,12,0,0,0,0,8,3,0,0,-1,0,0,0,0,0,0,-1,0,19,0,0,19,0,100.74
0,9,1,0,1,0,4,36,36,0,-1,0,16,0,0,0,0,-1,0,9,0,1,7,0,1819.42
0,14,0,0,0,0,11,1,0,0,-1,0,0,0,0,0,0,-1,0,21,0,0,21,0,91.76
8,5,14,0,2,13,2,31,70,0,-1,0,58,1,0,1,0,-1,0,8,4,2,9,0,2589.39
0,7,0,0,0,0,12,5,11,1,-1,0,0,0,0,0,0,-1,0,15,0,0,20,0,1072.46
4,8,46,0,0,6,6,36,101,0,-1,0,56,0,1,0,0,-1,0,6,0,6,5,0,1898.59
0,10,0,0,0,0,7,5,1,0,-1,0,0,0,0,0,0,-1,0,17,0,0,18,0,232.84
0,18,0,0,0,0,10,0,1,0,-1,0,0,0,0,0,0,-1,0,20,0,0,15,0,149.4
0,10,26,0,0,1,13,14,61,3,-1,0,10,0,0,1,0,-1,0,2,0,0,8,1,1191.41
7,5,16,0,2,14,2,34,72,2,-1,0,58,1,1,0,0,-1,0,8,3,3,9,0,2676.51
0,16,0,0,0,0,9,0,2,0,-1,0,0,0,0,0,0,-1,0,19,0,0,15,0,176.37
0,12,0,0,0,0,6,4,2,0,-1,0,0,0,0,0,0,-1,0,17,0,0,16,0,1283.99
0,17,0,0,0,0,14,12,7,0,-1,0,0,0,0,0,0,-1,0,12,0,0,4,0,227.22
0,6,0,0,0,0,11,7,11,1,-1,0,0,0,0,0,0,-1,0,14,0,0,19,0,979.68
0,15,0,0,0,0,12,1,0,0,-1,0,0,0,0,0,0,-1,0,23,0,0,24,0,191.74
0,18,0,0,0,0,11,1,1,0,-1,0,0,0,0,0,0,-1,0,19,0,0,13,0,219.66
0,11,0,0,0,0,5,7,4,0,-1,0,0,0,0,0,0,-1,0,16,0,0,16,0,361.81
0,12,2,0,0,1,14,16,34,0,-1,0,4,0,0,0,0,-1,0,3,0,1,7,0,966.35
0,16,1,0,0,0,16,11,10,0,-1,0,0,0,0,0,0,-1,0,7,0,0,7,0,483.36
0,16,0,0,0,0,10,4,1,0,-1,0,0,0,0,0,0,-1,0,16,0,0,10,0,416.79
0,15,2,0,0,0,17,13,11,0,-1,0,1,0,0,0,0,-1,0,7,0,0,8,0,656.38
0,13,0,0,0,0,21,2,1,0,-1,0,0,0,0,0,0,-1,0,16,0,0,24,0,174.8
0,13,0,0,0,0,13,0,1,0,-1,0,0,0,0,0,0,-1,0,21,0,0,24,0,137.38
0,3,0,0,0,1,10,21,33,0,-1,0,6,0,0,0,0,-1,0,10,0,0,16,0,1294.53
0,7,0,0,0,0,9,5,5,0,-1,0,0,0,0,0,0,-1,0,15,0,0,19,0,722.95
2,3,1,0,0,0,10,19,54,1,-1,0,10,0,1,1,0,-1,0,8,0,0,15,0,1197.76
4,8,72,4,9,5,11,16,138,6,-1,0,23,3,1,0,0,-1,1,0,34,26,7,0,2141.65
0,7,0,0,0,0,13,9,13,0,-1,0,0,0,0,0,0,-1,0,14,0,0,20,0,586.53
0,8,0,0,0,0,4,13,6,0,-1,0,0,0,0,0,0,-1,0,14,0,0,15,0,849.72
0,5,0,0,0,0,11,14,17,0,-1,0,2,0,0,0,0,-1,0,12,0,0,18,0,833.22
0,13,0,0,0,0,11,1,1,0,-1,0,0,0,0,0,0,-1,0,20,0,0,22,0,150.94
0,19,0,0,0,0,14,4,2,0,-1,0,0,0,0,0,0,-1,0,16,0,0,8,0,197.41
0,15,0,0,0,0,10,2,0,0,-1,0,0,0,0,0,0,-1,0,21,0,0,21,0,104.88
0,12,0,0,0,0,9,29,15,0,-1,0,1,0,0,0,0,-1,0,8,0,0,2,0,1205.1
0,17,0,0,0,0,14,11,13,0,-1,0,0,0,0,0,0,-1,0,11,0,0,4,0,220.97
0,20,0,0,0,0,22,1,0,0,-1,0,0,0,0,0,0,-1,0,12,0,0,12,0,336.99
0,14,0,0,0,0,7,14,4,0,-1,0,1,0,0,0,0,-1,0,14,0,0,9,0,357.84
2,2,21,0,0,4,9,24,92,1,-1,0,50,0,1,1,0,-1,0,8,2,0,14,0,1949.19
4,7,34,0,0,5,5,34,91,4,-1,0,69,0,1,1,0,-1,0,6,0,5,6,0,2952.15
0,20,0,0,0,0,15,4,2,0,-1,0,0,0,0,0,0,-1,0,16,0,0,8,0,210.95
1,11,0,0,1,0,4,10,7,0,-1,0,0,0,0,0,0,-1,0,14,1,0,11,0,1046.76
0,14,0,0,0,0,13,0,1,0,-1,0,0,0,0,0,0,-1,0,22,0,0,24,0,231.82
0,11,0,0,0,0,19,2,1,0,-1,0,0,0,0,0,0,-1,0,14,0,0,22,0,219.91
0,8,0,0,0,0,5,11,3,0,-1,0,0,0,0,0,0,-1,0,15,0,0,16,0,907.89
0,7,0,0,1,1,14,7,7,0,-1,0,2,0,0,0,0,-1,0,10,0,0,18,0,180.45
0,9,0,0,0,0,7,3,0,0,-1,0,0,0,0,0,0,-1,0,16,0,0,18,0,348.36
5,2,71,20,0,40,8,23,145,4,-1,0,46,3,2,3,0,-1,4,6,11,20,12,0,2849.35
0,14,0,0,0,0,14,0,1,0,-1,0,0,0,0,0,0,-1,0,22,0,0,25,0,137.64
0,12,0,0,1,1,5,6,7,0,-1,0,0,0,0,0,0,-1,0,15,0,0,12,0,459.94
0,5,1,0,0,0,3,14,28,0,-1,0,11,0,0,0,0,-1,0,12,2,0,13,0,2276.19
0,7,0,0,0,0,13,8,12,0,-1,0,0,0,0,0,0,-1,0,14,0,0,20,0,587.95
0,16,0,0,0,0,23,2,0,0,-1,0,0,0,0,0,0,-1,0,19,0,0,27,0,700.74
0,2,4,0,2,1,5,25,50,1,-1,0,31,0,0,0,0,-1,0,10,2,0,14,0,2363.06
0,19,0,0,0,0,12,0,0,0,-1,0,0,0,0,0,0,-1,0,20,0,0,14,0,291.22
0,15,0,0,0,0,9,10,2,0,-1,0,0,0,0,0,0,-1,0,14,0,0,8,0,441.41
0,5,0,0,0,0,9,11,12,0,-1,0,0,0,0,0,0,-1,0,13,0,0,18,0,980.06
0,9,0,0,0,0,7,3,0,0,-1,0,0,0,0,0,0,-1,0,16,0,0,18,0,353.37
0,11,0,0,0,0,4,7,6,0,-1,0,1,0,0,0,0,-1,0,16,0,0,14,0,1382.73
0,14,2,0,0,1,17,13,10,0,-1,0,0,0,0,0,0,-1,0,6,0,0,9,0,577.3
0,17,0,0,0,0,17,1,7,0,-1,0,0,0,0,0,0,-1,0,10,0,0,6,0,408.95
0,9,0,0,0,0,9,1,0,0,-1,0,0,0,0,0,0,-1,0,17,0,0,19,0,707.03
1,6,14,0,3,12,3,38,67,2,-1,0,57,0,0,0,0,-1,3,8,3,0,8,0,2472.69
0,13,0,0,0,0,14,0,1,0,-1,0,0,0,0,0,0,-1,0,21,0,0,25,0,161.42
0,19,0,0,0,0,12,2,0,0,-1,0,0,0,0,0,0,-1,0,17,0,0,10,0,620.61
0,12,0,0,0,0,9,2,0,0,-1,0,0,0,0,0,0,-1,0,20,0,0,20,0,267.47
0,18,0,0,0,0,13,9,3,0,-1,0,0,0,0,0,0,-1,0,14,0,0,6,0,276.71
0,12,0,0,0,0,9,3,0,0,-1,0,0,0,0,0,0,-1,0,19,0,0,20,0,160.04
2,8,37,0,0,7,6,36,87,2,-1,0,24,0,0,0,0,-1,0,6,0,3,4,0,1853.16
0,7,0,0,0,0,13,4,10,0,-1,0,0,0,0,0,0,-1,0,15,0,0,21,0,536.98
0,16,0,0,0,0,12,1,0,0,-1,0,0,0,0,0,0,-1,0,23,0,0,23,0,184.19
0,12,0,0,0,0,12,0,1,0,-1,0,0,0,0,0,0,-1,0,20,0,0,23,0,142.58
1,9,21,0,0,4,7,37,78,2,-1,0,20,0,1,0,0,-1,0,6,0,0,4,0,1763.33
0,10,0,0,0,0,8,2,0,0,-1,0,0,0,0,0,0,-1,0,18,0,0,20,0,206.32
1,15,0,0,0,0,18,6,1,0,-1,0,0,0,0,0,0,-1,0,7,0,0,11,0,581.18
0,8,0,0,0,0,3,13,13,0,-1,0,0,0,0,0,0,-1,0,14,0,0,15,0,540.38
0,16,0,0,0,0,14,0,1,0,-1,0,0,0,0,0,0,-1,0,23,0,0,25,0,188.73
0,15,0,0,0,0,13,0,1,0,-1,0,0,0,0,0,0,-1,0,23,0,0,24,0,191.82
0,15,0,0,0,0,9,7,2,0,-1,0,0,0,0,0,0,-1,0,15,0,0,9,0,256.49
0,2,6,0,0,6,9,24,65,1,-1,0,30,0,1,2,0,-1,0,8,0,0,14,0,1274.83
0,12,1,0,0,0,13,15,44,2,-1,0,2,0,0,0,0,-1,0,4,0,1,4,1,1377.67
3,3,10,0,0,1,10,19,61,0,-1,0,11,0,0,1,0,-1,0,8,0,0,14,0,1649.4
0,18,0,0,0,0,20,5,1,0,-1,0,1,0,0,0,0,-1,0,9,0,0,11,0,469.38
0,15,1,0,0,0,15,13,10,0,-1,0,0,0,0,0,0,-1,0,7,0,0,6,0,556.56
0,7,0,0,0,0,14,6,12,1,-1,0,0,0,0,0,0,-1,0,14,0,0,21,0,550.86
0,18,0,0,0,0,18,1,2,0,-1,0,0,0,0,0,0,-1,0,10,0,0,8,0,375.97
0,12,0,0,0,0,16,0,3,0,-1,0,0,0,0,0,0,-1,0,19,0,0,25,0,251.01
0,16,0,0,0,0,10,7,2,0,-1,0,0,0,0,0,0,-1,0,15,0,0,8,0,671.59
1,9,68,0,2,4,12,19,104,6,-1,0,19,0,0,1,0,-1,2,1,10,8,6,0,1937.55
1,4,4,0,1,5,3,20,40,3,-1,0,24,0,0,0,0,-1,1,10,5,0,12,0,1404.62
0,19,0,0,0,0,13,1,0,0,-1,0,0,0,0,0,0,-1,0,17,0,0,10,0,103.18
0,12,0,0,0,0,11,0,1,0,-1,0,0,0,0,0,0,-1,0,20,0,0,22,0,156.5
0,16,0,0,0,0,12,13,3,0,-1,0,0,0,0,0,0,-1,0,13,0,0,6,0,181.7
4,6,12,0,2,15,3,39,68,0,-1,0,59,1,0,1,0,-1,2,8,4,2,8,1,2250.57
0,13,1,0,0,0,13,15,28,0,-1,0,0,0,0,0,0,-1,0,5,0,0,4,0,596.56
0,16,0,0,0,0,10,10,4,0,-1,0,0,0,0,0,0,-1,0,14,0,0,7,0,817.42
0,7,0,0,0,0,8,5,2,0,-1,0,0,0,0,0,0,-1,0,15,0,0,18,0,821.2
0,13,0,0,1,1,5,8,7,0,-1,0,0,0,0,0,0,-1,0,15,0,0,11,0,459.53
0,15,0,0,0,0,11,12,7,0,-1,0,0,0,0,0,0,-1,0,11,0,0,3,0,223.81
0,19,0,0,0,0,12,0,1,0,-1,0,0,0,0,0,0,-1,0,22,0,0,18,0,167.44
0,4,1,0,1,1,4,18,33,0,-1,0,19,0,0,0,0,-1,0,11,0,0,13,0,1313.09
0,14,0,0,0,0,18,0,1,0,-1,0,0,0,0,0,0,-1,0,22,0,0,27,0,198.02
0,15,0,0,0,0,9,7,2,0,-1,0,0,0,0,0,0,-1,0,15,0,0,9,0,328.34
0,9,0,0,0,0,6,8,4,0,-1,0,0,0,0,0,0,-1,0,16,0,0,17,0,349.69
5,6,45,0,51,10,11,8,145,1,-1,0,54,0,0,0,0,-1,0,3,23,43,10,1,2500.24
0,15,0,0,0,0,9,3,0,0,-1,0,0,0,0,0,0,-1,0,21,0,0,19,0,1052.03
0,16,0,0,0,0,10,8,1,0,-1,0,0,0,0,0,0,-1,0,14,0,0,7,0,251.09
0,18,0,0,0,0,12,6,1,0,-1,0,0,0,0,0,0,-1,0,16,0,0,8,0,210.42
0,12,0,0,0,0,7,30,12,0,-1,0,2,0,0,0,0,-1,0,10,0,0,4,0,676.07
0,17,0,0,0,0,19,6,2,0,-1,0,0,0,0,0,0,-1,0,9,0,0,9,0,461.23
0,15,0,0,0,0,9,19,5,0,-1,0,0,0,0,0,0,-1,0,13,0,0,7,0,270.71
0,12,0,0,0,0,10,1,1,0,-1,0,0,0,0,0,0,-1,0,20,0,0,21,0,202.25
0,16,0,0,0,0,9,4,1,0,-1,0,0,0,0,0,0,-1,0,17,0,0,12,0,1157.3
0,19,0,0,0,0,21,3,0,0,-1,0,0,0,0,0,0,-1,0,10,0,0,11,0,432.05
0,16,0,0,0,0,16,0,1,0,-1,0,0,0,0,0,0,-1,0,24,0,0,27,0,140.01
0,10,0,0,0,0,4,9,7,0,-1,0,1,0,0,0,0,-1,0,15,0,0,15,0,1133.44
0,10,8,0,0,1,8,38,55,1,-1,0,12,0,1,0,0,-1,0,6,0,0,3,0,1707.69
0,11,0,0,0,0,13,0,1,0,-1,0,0,0,0,0,0,-1,0,20,0,0,23,0,148.77
0,11,0,0,0,0,5,5,3,0,-1,0,0,0,0,0,0,-1,0,17,0,0,16,0,1004.72
0,7,0,0,0,0,6,9,3,0,-1,0,0,0,0,0,0,-1,0,15,0,0,17,0,752.29
0,10,7,0,0,1,7,38,52,3,-1,0,12,0,1,1,0,-1,0,7,0,0,3,0,1697.52
7,6,11,0,2,11,2,36,68,0,-1,0,61,2,0,0,0,-1,1,8,4,2,8,0,2736.45
0,15,0,0,0,0,11,19,8,0,-1,0,0,0,0,0,0,-1,0,12,0,0,4,0,283.45
0,18,0,0,0,0,11,2,1,0,-1,0,0,0,0,0,0,-1,0,17,0,0,11,0,241.44
1,10,56,0,3,1,10,20,107,1,-1,0,22,0,0,0,0,-1,0,3,2,3,4,0,2435.74
0,2,1,0,0,0,7,27,41,0,-1,0,14,0,0,0,0,-1,0,10,2,0,15,0,1293.46
0,12,0,0,0,0,7,3,2,0,-1,0,0,0,0,0,0,-1,0,18,0,0,17,0,182.23
8,5,24,4,1,20,3,36,99,1,-1,4,57,1,2,2,0,-1,1,7,3,3,8,1,2853.27
0,12,0,0,0,0,14,0,1,0,-1,0,0,0,0,0,0,-1,0,21,0,0,24,0,159.82
0,11,0,0,0,1,4,7,7,0,-1,0,0,0,0,0,0,-1,0,15,2,0,13,0,1095.76
0,15,0,0,0,0,12,11,7,0,-1,0,0,0,0,0,0,-1,0,11,0,0,3,0,284.14
0,10,0,0,0,0,13,1,4,0,-1,0,0,0,0,0,0,-1,0,18,0,0,22,0,150.98
0,7,0,0,0,0,13,5,11,0,-1,0,0,0,0,0,0,-1,0,15,0,0,21,0,528.26
0,13,0,0,0,0,20,2,1,0,-1,0,0,0,0,0,0,-1,0,16,0,0,24,0,215.99
0,13,0,0,0,0,13,0,1,0,-1,0,0,0,0,0,0,-1,0,21,0,0,24,0,165.0
4,6,88,4,0,15,6,32,142,5,-1,0,75,0,6,3,0,-1,1,5,2,7,6,0,3371.58
10,5,21,0,2,13,3,35,88,6,-1,0,56,3,5,2,0,-1,2,8,3,4,9,0,2473.57
0,14,0,0,0,0,8,18,3,0,-1,0,0,0,0,0,0,-1,0,13,0,0,7,0,312.48
0,7,0,0,0,0,13,8,12,0,-1,0,0,0,0,0,0,-1,0,14,0,0,20,0,608.4
0,13,0,0,0,0,7,19,3,0,-1,0,0,0,0,0,0,-1,0,13,0,0,7,0,276.26
0,13,0,0,0,0,9,26,12,0,-1,0,1,0,0,0,0,-1,0,11,0,0,4,0,251.98
0,11,0,0,0,0,4,8,7,0,-1,0,1,0,0,0,0,-1,0,16,0,0,14,0,502.42
0,13,0,0,0,0,20,2,1,0,-1,0,0,0,0,0,0,-1,0,16,0,0,23,0,171.71
4,8,71,0,11,9,10,19,133,7,-1,0,23,0,1,1,0,-1,1,1,12,19,6,1,2587.1
0,11,0,0,1,1,4,21,12,0,-1,0,0,0,0,0,0,-1,0,13,0,0,9,0,1581.85
0,6,0,0,0,0,5,12,12,0,-1,0,1,0,0,0,0,-1,0,14,0,0,15,0,933.89
14,5,80,4,2,57,5,32,169,4,-1,0,34,0,3,2,0,-1,1,6,4,16,7,1,2980.21
0,13,0,0,0,0,20,3,1,0,-1,0,0,0,0,0,0,-1,0,17,0,0,24,0,724.49
0,11,0,0,0,0,15,0,2,0,-1,0,0,0,0,0,0,-1,0,19,0,0,24,0,215.87
0,2,4,0,2,1,5,25,56,1,-1,0,37,0,0,0,0,-1,0,10,2,0,14,0,1361.15
0,3,0,0,0,1,10,21,33,0,-1,0,6,0,0,0,0,-1,0,10,0,0,16,0,1277.97
0,6,77,4,10,8,11,10,120,3,-1,0,41,0,1,2,0,-1,2,4,47,21,11,0,2467.31
0,11,0,0,0,1,8,36,18,0,-1,0,1,0,0,1,0,-1,0,8,0,0,3,0,574.43
0,12,0,0,1,1,4,5,7,0,-1,0,0,0,0,0,0,-1,0,15,1,0,12,0,1071.15
1,4,7,0,3,5,2,23,46,3,-1,0,29,0,0,1,0,-1,1,10,3,0,12,0,2383.86
0,15,2,0,0,0,16,13,14,0,-1,0,1,0,0,0,0,-1,0,7,0,0,8,0,629.46
0,10,0,0,0,0,7,4,0,0,-1,0,0,0,0,0,0,-1,0,17,0,0,19,0,180.6
0,11,0,0,0,0,15,0,2,0,-1,0,0,0,0,0,0,-1,0,19,0,0,25,0,283.76
0,11,0,0,0,0,7,5,0,0,-1,0,0,0,0,0,0,-1,0,18,0,0,18,0,146.64
0,13,0,0,0,0,13,0,1,0,-1,0,0,0,0,0,0,-1,0,21,0,0,23,0,234.8
0,7,1,0,1,0,1,19,29,0,-1,0,9,1,0,0,0,-1,0,12,2,0,12,0,1873.69
0,11,23,0,1,1,12,17,87,0,-1,0,11,0,0,1,0,-1,0,3,2,1,4,1,1696.16
0,13,0,0,0,0,9,26,15,1,-1,0,1,0,0,0,0,-1,0,9,0,0,2,0,1192.95
0,4,3,0,0,2,4,23,41,1,-1,0,20,1,0,0,0,-1,1,11,3,0,13,0,1468.69
17,2,35,0,2,32,4,30,110,2,-1,0,34,1,3,1,4,-1,1,8,7,5,11,1,2899.91
0,13,0,0,0,0,9,3,0,0,-1,0,0,0,0,0,0,-1,0,20,0,0,20,0,93.11
0,14,0,0,0,0,11,1,0,0,-1,0,0,0,0,0,0,-1,0,21,0,0,22,0,202.31
0,16,0,0,0,0,11,16,3,0,-1,0,0,0,0,0,0,-1,0,13,0,0,5,0,182.99
0,19,0,0,0,0,12,0,0,0,-1,0,0,0,0,0,0,-1,0,19,0,0,13,0,221.29
0,9,1,0,2,0,2,17,21,0,-1,0,0,0,1,0,0,-1,0,12,2,0,11,0,1712.87
0,16,0,0,0,0,23,3,0,0,-1,0,0,0,0,0,0,-1,0,19,0,0,27,0,528.13
0,10,52,0,2,4,12,18,92,5,-1,0,17,0,0,3,0,-1,1,2,6,4,6,0,1851.14
0,11,0,0,0,0,11,0,1,0,-1,0,0,0,0,0,0,-1,0,19,0,0,22,0,141.88
0,16,0,0,0,0,10,12,3,0,-1,0,0,0,0,0,0,-1,0,14,0,0,7,0,693.94
0,21,0,0,0,0,14,0,0,0,-1,0,0,0,0,0,0,-1,0,23,0,0,17,0,190.41
0,16,0,0,0,0,10,1,1,0,-1,0,0,0,0,0,0,-1,0,22,0,0,19,0,104.72
0,6,0,0,0,0,4,13,20,0,-1,0,6,0,0,0,0,-1,0,13,1,0,14,0,1155.83
0,19,0,0,0,0,16,8,2,0,-1,0,0,0,0,0,0,-1,0,14,0,0,6,0,192.71
0,13,0,0,0,0,20,2,1,0,-1,0,0,0,0,0,0,-1,0,16,0,0,24,0,180.78
0,7,0,0,0,0,13,6,12,0,-1,0,0,0,0,0,0,-1,0,14,0,0,20,0,563.29
0,16,0,0,0,0,9,5,2,0,-1,0,0,0,0,0,0,-1,0,16,0,0,11,0,1127.62
0,8,0,0,0,0,5,12,3,0,-1,0,0,0,0,0,0,-1,0,15,0,0,16,0,825.86
0,9,5,0,0,1,5,35,27,0,-1,0,10,0,0,0,0,-1,0,8,0,1,5,0,1843.84
0,13,0,0,0,0,20,3,1,0,-1,0,0,0,0,0,0,-1,0,17,0,0,25,0,714.84
0,17,0,0,0,0,16,2,7,0,-1,0,0,0,0,0,0,-1,0,9,0,0,5,0,458.07
8,7,93,4,0,15,6,30,152,2,-1,0,79,0,2,1,0,-1,1,5,5,6,6,0,3454.98
0,21,0,0,0,0,23,0,0,0,-1,0,0,0,0,0,0,-1,0,13,0,0,12,0,408.03
0,15,0,0,0,0,9,6,2,0,-1,0,0,0,0,0,0,-1,0,15,0,0,9,0,333.64
0,8,0,0,0,0,6,6,3,0,-1,0,0,0,0,0,0,-1,0,15,0,0,17,0,732.46
0,13,0,0,0,0,8,3,0,0,-1,0,0,0,0,0,0,-1,0,20,0,0,19,0,93.53
0,11,0,0,0,0,18,4,2,0,-1,0,0,0,0,0,0,-1,0,13,1,0,21,0,179.38
0,10,0,0,0,0,4,8,8,0,-1,0,1,0,0,0,0,-1,0,15,0,0,14,0,1133.89
0,14,0,0,0,0,8,3,1,0,-1,0,0,0,0,0,0,-1,0,20,0,0,18,0,1243.93
0,18,0,0,0,0,11,0,1,0,-1,0,0,0,0,0,0,-1,0,19,0,0,13,0,1101.89
0,10,1,0,0,1,6,37,22,1,-1,0,7,0,0,0,0,-1,1,8,0,0,4,0,754.58
0,8,0,0,0,0,15,6,8,0,-1,0,2,0,0,0,0,-1,0,10,1,0,17,0,196.01
0,9,63,0,0,3,13,15,87,0,-1,0,16,0,0,0,0,-1,0,2,6,4,9,0,1386.32
0,3,2,0,0,2,10,23,57,0,-1,0,11,0,1,0,0,-1,0,9,0,0,15,0,1223.79
0,15,0,0,0,0,12,15,14,0,-1,0,0,0,0,0,0,-1,0,10,0,0,2,0,463.74
0,15,0,0,0,0,11,19,8,0,-1,0,0,0,0,0,0,-1,0,11,0,0,4,0,251.59
0,22,0,0,0,0,15,0,0,0,-1,0,0,0,0,0,0,-1,0,24,0,0,18,0,190.24
0,14,0,0,0,0,8,3,1,0,-1,0,0,0,0,0,0,-1,0,20,0,0,18,0,910.23
0,9,0,0,1,0,16,5,3,0,-1,0,1,0,0,0,0,-1,0,12,0,0,20,0,184.13
0,11,12,0,0,1,10,20,66,1,-1,0,7,0,0,0,0,-1,0,5,2,1,2,0,2336.63
0,13,0,0,0,0,9,2,0,0,-1,0,0,0,0,0,0,-1,0,20,0,0,20,0,242.47
0,18,0,0,0,0,15,10,3,0,-1,0,0,0,0,0,0,-1,0,12,0,0,5,0,208.3
0,20,0,0,0,0,15,3,2,0,-1,0,0,0,0,0,0,-1,0,16,0,0,8,0,195.5
0,8,0,0,0,0,15,8,7,0,-1,0,0,0,0,0,0,-1,0,14,1,0,21,0,1703.67
0,9,0,0,0,0,5,10,2,0,-1,0,0,0,0,0,0,-1,0,16,0,0,17,0,372.31
4,8,87,0,1,12,7,28,134,1,-1,0,53,0,0,1,0,-1,0,4,4,10,4,0,2712.05
6,6,10,0,3,11,2,33,68,0,-1,0,58,2,0,1,0,-1,0,8,3,2,9,0,2720.24
0,7,0,0,0,0,4,12,17,0,-1,0,1,0,0,0,0,-1,0,14,0,0,15,0,906.76
0,18,0,0,0,0,10,0,1,0,-1,0,0,0,0,0,0,-1,0,20,0,0,15,0,156.92
0,16,0,0,0,0,9,5,2,0,-1,0,0,0,0,0,0,-1,0,16,0,0,11,0,321.71
0,13,0,0,0,0,6,8,5,0,-1,0,1,0,0,0,0,-1,0,15,1,0,11,0,447.41
0,6,0,0,0,0,13,11,12,0,-1,0,2,0,0,0,0,-1,0,12,1,0,19,0,568.43
0,13,0,0,0,0,7,25,7,0,-1,0,0,0,0,0,0,-1,0,12,0,0,6,0,262.75
0,12,0,0,0,0,8,31,13,0,-1,0,1,0,0,0,0,-1,0,10,0,0,4,0,1348.11
2,3,0,0,0,1,11,19,45,0,-1,0,6,0,0,2,0,-1,0,9,0,0,15,0,1227.65
0,6,0,0,0,0,12,13,13,0,-1,0,2,0,0,0,0,-1,0,12,0,0,18,0,650.97
0,11,0,0,0,0,5,7,7,0,-1,0,1,0,0,0,0,-1,0,16,0,0,15,0,1221.35
0,9,0,0,0,0,4,12,12,0,-1,0,1,0,0,0,0,-1,0,15,0,0,15,0,462.67
0,14,0,0,0,0,13,0,1,0,-1,0,0,0,0,0,0,-1,0,22,0,0,24,0,187.3
39,3,37,34,10,26,8,23,177,14,-1,8,38,2,3,5,0,-1,7,5,41,50,10,1,3782.74
0,10,0,0,0,0,5,7,4,0,-1,0,0,0,0,0,0,-1,0,16,0,0,16,0,375.59
0,8,0,0,0,0,16,5,3,0,-1,0,1,1,0,0,0,-1,0,12,0,0,20,0,160.92
1,10,1,0,1,0,3,19,17,0,-1,0,0,0,0,0,0,-1,0,12,2,0,9,0,1734.1
0,9,0,0,0,0,12,2,4,0,-1,0,0,0,0,0,0,-1,0,17,0,0,22,0,276.39
0,9,0,0,0,0,7,4,1,0,-1,0,0,0,0,0,0,-1,0,16,0,0,18,0,236.8
0,12,0,0,0,0,8,30,7,0,-1,0,1,0,0,0,0,-1,0,10,0,0,4,0,662.92
0,16,1,0,0,0,17,12,7,0,-1,0,1,0,0,0,0,-1,0,7,0,0,8,0,546.93
0,11,0,0,0,0,13,0,2,0,-1,0,0,0,0,0,0,-1,0,20,0,0,23,0,142.38
2,3,6,0,0,7,3,24,61,2,-1,0,40,1,0,1,0,-1,0,10,6,1,12,0,2582.11
0,17,0,0,0,0,10,2,1,0,-1,0,0,0,0,0,0,-1,0,18,0,0,12,0,1150.49
0,18,0,0,0,0,15,11,3,0,-1,0,0,0,0,0,0,-1,0,13,0,0,5,0,264.7
0,16,0,0,0,0,11,1,0,0,-1,0,0,0,0,0,0,-1,0,23,0,0,22,0,88.49
0,18,0,0,0,0,13,5,2,0,-1,0,0,0,0,0,0,-1,0,16,0,0,8,0,130.38
0,13,0,0,0,0,14,0,1,0,-1,0,0,0,0,0,0,-1,0,21,0,0,25,0,136.95
0,12,0,0,0,0,19,3,2,0,-1,0,0,0,0,0,0,-1,0,16,0,0,24,0,740.05
0,14,0,0,0,0,11,18,18,4,-1,4,1,0,0,0,0,-1,0,8,0,0,0,0,542.0
0,15,0,0,0,0,15,0,1,0,-1,0,0,0,0,0,0,-1,0,23,0,0,26,0,131.4
0,10,0,0,0,0,6,5,1,0,-1,0,0,0,0,0,0,-1,0,17,0,0,17,0,239.68
0,17,0,0,0,0,12,0,0,0,-1,0,0,0,0,0,0,-1,0,23,0,0,22,0,91.69
0,17,0,0,0,0,17,1,7,1,-1,0,0,0,0,0,0,-1,0,10,0,0,6,0,454.29
0,17,0,0,0,0,13,10,3,1,-1,0,0,0,0,0,0,-1,0,14,0,0,6,0,265.26
1,13,1,0,0,0,15,13,15,0,-1,0,0,0,0,0,0,-1,0,5,0,1,8,0,816.82
0,9,0,0,0,0,4,12,12,0,-1,0,1,0,0,0,0,-1,0,15,0,0,15,0,390.89
0,9,0,0,0,0,6,5,2,0,-1,0,0,0,0,0,0,-1,0,16,0,0,17,0,799.21
0,22,0,0,0,0,23,1,0,0,-1,0,0,0,0,0,0,-1,0,13,0,0,14,0,409.99
0,14,0,0,0,0,10,1,0,0,-1,0,0,0,0,0,0,-1,0,21,0,0,21,0,105.44
0,9,0,0,0,0,3,12,12,0,-1,0,1,0,0,0,0,-1,0,15,0,0,14,0,395.97
0,16,0,0,0,0,12,1,0,0,-1,0,0,0,0,0,0,-1,0,22,0,0,22,0,189.87
0,12,4,0,0,1,14,16,45,1,-1,0,5,0,0,0,0,-1,0,3,0,1,7,0,1558.25
0,8,0,0,0,0,15,6,4,0,-1,0,1,1,0,0,0,-1,0,11,0,0,19,0,235.48
0,14,1,0,0,0,15,13,19,0,-1,0,0,0,0,0,0,-1,0,7,0,1,5,0,644.58
0,9,5,0,0,3,5,35,33,0,-1,0,13,0,0,0,0,-1,0,8,0,1,6,0,1955.36
0,14,0,0,0,0,6,4,7,0,-1,0,1,0,0,0,0,-1,0,16,0,0,12,0,387.94
0,9,0,0,0,0,6,4,1,0,-1,0,0,0,0,0,0,-1,0,16,0,0,18,0,233.91
0,16,0,0,0,0,12,12,7,0,-1,0,0,0,0,0,0,-1,0,12,0,0,4,0,229.83
0,16,1,0,0,0,16,6,10,0,-1,0,0,0,0,0,0,-1,0,8,0,0,5,0,467.39
0,16,0,0,0,0,18,6,2,0,-1,0,1,0,0,0,0,-1,0,8,0,0,9,0,471.43
0,15,0,0,0,0,11,1,0,0,-1,0,0,0,0,0,0,-1,0,22,0,0,22,0,92.11
0,8,0,0,0,0,4,13,16,0,-1,0,0,0,0,0,0,-1,0,14,0,0,15,0,538.43
0,6,0,0,0,1,13,12,15,1,-1,0,2,0,0,0,0,-1,0,11,1,0,18,0,1824.65
0,18,0,0,0,0,13,4,2,0,-1,0,0,0,0,0,0,-1,0,16,0,0,8,0,201.08
0,18,0,0,0,0,18,1,7,0,-1,0,0,0,0,0,0,-1,0,10,0,0,7,0,359.46
0,7,0,0,0,0,4,12,19,0,-1,0,1,0,0,0,0,-1,0,13,0,0,15,0,996.37
0,12,0,0,0,0,14,0,1,0,-1,0,0,0,0,0,0,-1,0,21,0,0,24,0,194.79
0,14,0,0,0,0,7,5,4,0,-1,0,1,0,0,0,0,-1,0,16,0,0,12,0,342.32
0,14,0,0,0,0,7,11,4,0,-1,0,1,0,0,0,0,-1,0,14,0,0,9,0,350.84
1,7,14,0,1,8,3,34,71,3,-1,0,51,0,0,0,0,-1,0,8,3,1,7,0,2587.76
0,14,0,0,0,0,21,2,0,0,-1,0,0,0,0,0,0,-1,0,17,0,0,25,0,162.83
0,7,0,0,0,0,7,10,4,0,-1,0,0,0,0,0,0,-1,0,15,0,0,17,0,749.03
0,18,0,0,0,0,19,4,1,0,-1,0,0,0,0,0,0,-1,0,9,0,0,9,0,346.34
0,17,0,0,0,0,12,1,0,0,-1,0,0,0,0,0,0,-1,0,23,0,0,23,0,89.28
0,17,0,0,0,0,12,6,1,0,-1,0,0,0,0,0,0,-1,0,15,0,0,8,0,233.71
0,12,0,0,0,0,7,3,0,0,-1,0,0,0,0,0,0,-1,0,18,0,0,18,0,179.79
0,13,0,0,0,0,15,16,21,0,-1,0,1,0,0,0,0,-1,0,5,0,2,6,0,954.25
6,3,68,12,7,11,9,20,135,0,-1,0,66,0,0,0,0,-1,1,5,34,20,12,0,2246.68
0,11,0,0,0,0,12,0,2,0,-1,0,0,0,0,0,0,-1,0,19,0,0,23,0,197.48
0,16,0,0,0,0,11,16,3,0,-1,0,0,0,0,0,0,-1,0,13,0,0,5,0,226.54
0,16,1,0,0,0,17,12,9,0,-1,0,1,0,0,0,0,-1,0,7,0,0,7,0,482.7
0,8,0,0,0,0,12,3,7,1,-1,0,0,0,0,0,0,-1,0,16,0,0,21,0,298.34
0,12,0,0,0,0,14,0,2,0,-1,0,0,0,0,0,0,-1,0,20,0,0,24,0,139.96
0,10,0,0,0,0,13,0,2,0,-1,0,0,0,0,0,0,-1,0,19,0,0,23,0,147.69
0,10,2,0,0,0,5,34,19,0,-1,0,8,0,0,0,0,-1,0,9,0,0,5,0,788.53
1,3,0,0,0,1,10,22,43,4,-1,0,5,0,0,2,0,-1,0,10,0,0,16,0,1475.63
1,9,68,0,3,6,11,19,117,2,-1,0,18,0,0,1,0,-1,2,1,11,14,6,0,2021.34
0,11,0,0,0,0,18,4,2,0,-1,0,0,0,0,0,0,-1,0,16,0,0,23,0,577.81
0,15,0,0,0,0,10,2,0,0,-1,0,0,0,0,0,0,-1,0,21,0,0,20,0,92.5
0,19,0,0,0,0,13,2,0,0,-1,0,0,0,0,0,0,-1,0,17,0,0,10,0,102.89
0,8,1,0,0,1,2,34,38,0,-1,0,11,0,0,0,0,-1,0,10,3,1,8,0,1762.17
0,11,21,0,0,1,11,17,85,2,-1,0,13,0,0,0,4,-1,0,4,3,0,3,0,2046.4
0,11,0,0,0,0,18,3,1,0,-1,0,0,0,0,0,0,-1,0,16,0,0,23,0,733.57
0,9,0,0,1,0,16,5,4,1,-1,0,0,0,0,0,0,-1,0,14,0,0,21,0,1681.08
0,10,1,0,0,0,6,36,18,1,-1,0,8,0,0,0,0,-1,0,9,0,0,4,0,733.34
18,5,76,4,3,52,4,36,152,3,-1,0,29,1,3,0,4,-1,0,6,3,11,8,2,2920.01
0,12,0,0,0,1,9,31,16,0,-1,0,1,0,0,0,0,-1,0,8,0,0,2,0,1274.88
0,13,0,0,0,0,9,28,12,0,-1,0,1,0,0,0,0,-1,0,10,0,0,3,0,227.02
0,13,0,0,0,0,7,3,3,0,-1,0,0,0,0,0,0,-1,0,18,0,0,17,0,972.15
0,3,0,0,0,0,6,22,31,0,-1,0,2,0,0,0,0,-1,0,12,1,0,15,0,1201.26
0,9,0,0,0,0,13,2,4,0,-1,0,0,0,0,0,0,-1,0,17,0,0,22,0,294.83
0,9,0,0,1,0,16,5,4,1,-1,0,0,0,0,0,0,-1,0,14,0,0,21,0,1646.74
0,15,0,0,0,0,9,5,2,0,-1,0,0,0,0,0,0,-1,0,16,0,0,11,0,1142.26
0,8,0,0,0,0,6,9,3,0,-1,0,0,0,0,0,0,-1,0,15,0,0,17,0,756.02
0,6,0,0,0,1,14,8,15,0,-1,0,3,0,0,0,0,-1,0,9,0,0,16,0,225.69
0,15,0,0,0,0,10,2,0,0,-1,0,0,0,0,0,0,-1,0,21,0,0,20,0,91.95
0,6,0,0,0,0,3,13,26,0,-1,0,7,0,0,0,0,-1,0,12,2,0,13,0,1246.85
0,7,0,0,0,0,4,12,15,0,-1,0,1,0,0,0,0,-1,0,13,0,0,15,0,884.05
0,18,0,0,0,0,11,0,1,0,-1,0,0,0,0,0,0,-1,0,19,0,0,13,0,1121.17
0,10,0,0,0,0,6,7,4,0,-1,0,0,0,0,0,0,-1,0,17,0,0,17,0,350.75
0,4,0,0,0,0,7,15,27,0,-1,0,1,0,0,0,0,-1,0,12,0,0,16,0,1180.99
0,18,0,0,0,0,12,2,1,0,-1,0,0,0,0,0,0,-1,0,17,0,0,9,0,107.72
0,14,0,0,0,0,8,17,4,0,-1,0,0,0,0,0,0,-1,0,13,0,0,7,0,310.23
0,21,0,0,0,0,14,0,0,0,-1,0,0,0,0,0,0,-1,0,23,0,0,18,0,190.35
0,19,0,0,0,0,13,2,1,0,-1,0,0,0,0,0,0,-1,0,17,0,0,9,0,126.7
0,21,0,0,0,0,14,0,0,0,-1,0,0,0,0,0,0,-1,0,23,0,0,17,0,188.98
0,12,0,0,0,0,19,2,1,0,-1,0,0,0,0,0,0,-1,0,14,0,0,22,0,189.38
0,8,0,0,1,0,16,5,3,0,-1,0,1,0,0,0,0,-1,0,12,0,0,19,0,194.01
0,19,0,0,0,0,21,2,0,0,-1,0,0,0,0,0,0,-1,0,11,0,0,11,0,333.33
0,14,0,0,0,0,9,3,0,0,-1,0,0,0,0,0,0,-1,0,21,0,0,20,0,65.66
0,15,0,0,0,0,12,12,9,0,-1,0,0,0,0,0,0,-1,0,11,0,0,3,0,548.05
0,7,0,0,0,0,7,6,2,0,-1,0,0,0,0,0,0,-1,0,15,0,0,18,0,819.14
0,14,0,0,0,0,14,0,1,1,-1,0,0,0,0,0,0,-1,0,22,0,0,25,0,161.29
0,6,0,0,0,0,5,13,9,0,-1,0,1,0,0,0,0,-1,0,13,0,0,15,0,947.79
0,15,0,0,0,0,9,13,5,0,-1,0,0,0,0,0,0,-1,0,14,0,0,7,0,281.09
0,5,0,0,0,0,11,14,17,0,-1,0,2,0,0,0,0,-1,0,12,0,0,18,0,597.7
4,6,53,8,46,10,11,10,144,1,-1,0,55,0,0,1,0,-1,0,3,23,36,10,1,2619.99
0,3,0,0,0,0,7,20,29,1,-1,0,1,0,0,0,0,-1,0,12,0,0,16,0,1118.96
0,7,0,0,0,0,14,11,12,0,-1,0,1,0,0,0,0,-1,0,13,1,0,19,0,625.81
2,2,12,0,2,19,5,25,84,4,-1,0,56,1,0,2,0,-1,0,9,2,1,12,0,2771.22
0,13,0,0,0,0,11,24,19,0,-1,0,1,0,0,0,0,-1,0,9,0,0,1,0,611.99
0,18,0,0,0,0,12,0,1,0,-1,0,0,0,0,0,0,-1,0,23,0,0,21,0,88.92
0,4,0,0,0,0,7,16,22,0,-1,0,1,0,0,0,0,-1,0,13,0,0,16,0,1122.51
1,5,0,0,0,1,12,12,19,1,-1,0,1,0,0,0,0,-1,0,10,1,0,17,0,664.5
28,2,76,12,6,20,6,29,173,8,-1,0,33,0,27,8,0,-1,2,6,5,22,10,1,4071.94
0,16,0,0,0,0,11,13,3,0,-1,0,0,0,0,0,0,-1,0,13,0,0,5,0,287.23
0,18,0,0,0,0,13,10,3,1,-1,0,0,0,0,0,0,-1,0,14,0,0,6,0,215.95
0,14,0,0,0,0,7,3,1,0,-1,0,0,0,0,0,0,-1,0,19,0,0,17,0,1077.6
0,16,0,0,0,0,10,8,1,0,-1,0,0,0,0,0,0,-1,0,14,0,0,7,0,220.5
0,4,1,0,1,1,4,20,36,0,-1,0,20,0,0,0,0,-1,1,11,1,0,14,0,2281.47
0,19,0,0,0,0,20,1,0,0,-1,0,0,0,0,0,0,-1,0,11,0,0,10,0,331.61
0,13,0,0,0,0,8,3,0,0,-1,0,0,0,0,0,0,-1,0,19,0,0,19,0,170.5
0,11,8,0,0,0,14,16,48,1,-1,0,6,0,0,0,0,-1,0,3,0,1,7,1,1532.78
0,14,0,0,0,0,14,13,18,0,-1,0,0,0,0,0,0,-1,0,7,0,1,4,0,408.73
0,10,0,0,0,0,17,4,2,0,-1,0,0,0,0,0,0,-1,0,13,1,0,21,0,176.08
0,12,0,0,0,0,5,6,6,0,-1,0,1,0,0,0,0,-1,0,16,0,0,14,0,1350.64
0,14,0,0,0,0,11,1,1,0,-1,0,0,0,0,0,0,-1,0,21,0,0,22,0,224.47
0,18,0,0,0,0,19,1,1,0,-1,0,0,0,0,0,0,-1,0,10,0,0,9,0,342.35
0,16,0,0,0,0,14,0,1,0,-1,0,0,0,0,0,0,-1,0,24,0,0,25,0,199.96
0,14,1,0,0,0,17,13,12,0,-1,0,0,0,1,0,0,-1,0,6,0,0,10,0,718.02
0,2,4,0,2,1,6,27,55,1,-1,0,41,0,0,0,0,-1,0,10,2,0,14,0,2580.87
0,7,0,0,0,0,13,10,11,0,-1,0,1,0,0,0,0,-1,0,13,0,0,19,0,1622.72
0,13,0,0,0,0,9,2,0,0,-1,0,0,0,0,0,0,-1,0,20,0,0,20,0,99.98
0,11,0,0,0,0,18,3,2,0,-1,0,0,0,0,0,0,-1,0,17,0,0,24,0,554.25
0,8,0,0,0,0,15,8,4,0,-1,0,0,0,0,0,0,-1,0,14,1,0,21,0,592.64
0,20,0,0,0,0,12,0,1,0,-1,0,0,0,0,0,0,-1,0,22,0,0,18,0,189.13
0,12,0,0,0,0,16,0,2,0,-1,0,0,0,0,0,0,-1,0,19,0,0,25,0,36.83
0,22,0,0,0,0,15,0,0,0,-1,0,0,0,0,0,0,-1,0,24,0,0,19,0,140.23
0,12,2,0,0,1,15,14,26,0,-1,0,1,0,0,0,0,-1,0,4,0,0,7,0,985.0
0,6,0,0,0,0,5,12,9,0,-1,0,1,0,0,0,0,-1,0,14,0,0,16,0,940.14
0,3,1,0,1,1,5,22,35,1,-1,0,14,0,0,0,0,-1,0,11,2,0,14,0,1145.21
0,16,0,0,0,0,11,2,1,0,-1,0,0,0,0,0,0,-1,0,22,0,0,20,0,116.03
0,14,1,0,0,1,16,13,15,0,-1,0,0,0,0,0,0,-1,0,5,0,1,8,0,651.62
0,18,0,0,0,0,21,3,1,0,-1,0,0,0,0,0,0,-1,0,10,0,0,12,0,550.37
0,9,0,0,0,0,13,1,4,0,-1,0,0,0,0,0,0,-1,0,18,0,0,22,0,155.76
1,5,0,0,0,1,12,12,19,1,-1,0,1,0,0,0,0,-1,0,10,1,0,17,0,675.46
0,15,0,0,0,0,12,14,13,0,-1,0,0,0,0,0,0,-1,0,10,0,0,2,0,414.37
0,14,0,0,0,0,8,3,1,0,-1,0,0,0,0,0,0,-1,0,19,0,0,18,0,944.23
0,1,15,4,2,15,6,27,86,7,-1,4,63,1,0,0,0,-1,1,8,4,1,13,0,2887.38
0,16,0,0,0,0,12,11,7,1,-1,0,0,0,0,0,0,-1,0,12,0,0,4,0,216.17
0,19,0,0,0,0,13,2,0,0,-1,0,0,0,0,0,0,-1,0,17,0,0,10,0,101.29
0,20,0,0,0,0,13,0,0,0,-1,0,0,0,0,0,0,-1,0,21,0,0,15,0,1025.55
4,7,39,12,23,12,10,15,147,7,-1,0,38,5,3,5,12,-1,4,0,44,43,7,2,2349.19
0,16,0,0,0,0,23,2,0,0,-1,0,0,0,0,0,0,-1,0,19,0,0,27,0,417.21
1,4,7,0,1,5,3,25,50,3,-1,0,33,0,0,0,0,-1,2,10,6,0,12,0,2634.0
0,10,0,0,1,0,17,5,3,0,-1,0,0,0,0,0,0,-1,0,14,0,0,21,0,208.44
0,11,12,4,0,0,11,18,70,3,-1,0,9,0,0,0,0,-1,0,4,2,0,3,0,2087.08
0,16,0,0,0,0,15,0,1,0,-1,0,0,0,0,0,0,-1,0,24,0,0,26,0,189.72
0,8,0,0,0,0,13,4,9,0,-1,0,0,0,0,0,0,-1,0,15,0,0,21,0,560.39
0,8,2,0,4,1,1,25,34,0,-1,0,8,0,0,0,0,-1,0,11,2,0,10,0,1790.18
0,18,0,0,0,0,11,1,1,0,-1,0,0,0,0,0,0,-1,0,18,0,0,13,0,1355.9
0,10,0,0,0,0,14,1,3,0,-1,0,0,0,0,0,0,-1,0,18,0,0,23,0,168.26
0,11,0,0,0,0,9,2,1,0,-1,0,0,0,0,0,0,-1,0,19,0,0,20,0,197.98
1,9,64,0,2,6,11,19,109,2,-1,0,18,0,0,1,0,-1,2,1,12,14,6,0,1995.61
6,1,38,0,0,3,9,22,97,2,-1,0,62,0,0,3,0,-1,0,7,3,0,13,0,1997.4
0,12,0,0,0,0,7,27,7,0,-1,0,0,0,0,0,0,-1,0,11,0,0,5,0,651.34
6,5,7,4,1,12,2,28,64,3,-1,0,40,2,0,0,0,-1,1,9,7,1,11,0,2323.29
0,14,1,0,0,0,14,12,16,3,-1,0,0,0,0,0,0,-1,0,7,0,0,4,0,433.42
0,17,0,0,0,0,20,5,1,0,-1,0,1,0,0,0,0,-1,0,9,0,0,12,0,514.27
0,9,0,0,0,0,12,1,4,0,-1,0,0,0,0,0,0,-1,0,17,0,0,22,0,216.22
1,5,74,0,8,7,11,16,132,3,-1,0,58,0,0,3,12,-1,0,4,46,12,12,0,2437.23
0,20,0,0,0,0,22,2,0,0,-1,0,0,0,0,0,0,-1,0,12,0,0,12,0,421.92
0,15,0,0,0,0,8,2,1,0,-1,0,0,0,0,0,0,-1,0,20,0,0,17,0,1035.49
0,14,0,0,0,0,10,1,0,0,-1,0,0,0,0,0,0,-1,0,21,0,0,21,0,104.6
0,6,5,0,3,4,0,27,41,2,-1,0,20,1,0,0,0,-1,0,10,5,0,10,0,2151.9
0,11,0,0,0,0,8,3,0,0,-1,0,0,0,0,0,0,-1,0,18,0,0,19,0,207.41
0,10,0,0,0,0,15,1,4,0,-1,0,0,0,0,0,0,-1,0,18,0,0,24,0,926.85
0,22,0,0,0,0,23,1,0,0,-1,0,0,0,0,0,0,-1,0,13,0,0,13,0,316.31
0,19,0,0,0,0,12,0,0,0,-1,0,0,0,0,0,0,-1,0,19,0,0,13,0,235.43
0,14,0,0,0,0,7,5,4,0,-1,0,1,0,0,0,0,-1,0,16,0,0,12,0,337.37
0,11,0,0,0,0,6,5,3,0,-1,0,0,0,0,0,0,-1,0,17,0,0,16,0,199.08
0,14,0,0,0,0,7,3,6,0,-1,0,1,0,0,0,0,-1,0,17,0,0,13,0,392.78
0,12,0,0,0,0,19,2,1,0,-1,0,0,0,0,0,0,-1,0,15,0,0,22,0,169.94
0,8,0,0,0,0,13,3,7,0,-1,0,0,0,0,0,0,-1,0,16,0,0,21,0,893.92
0,12,0,0,0,0,5,6,5,0,-1,0,1,0,0,0,0,-1,0,16,0,0,14,0,1190.81
0,16,0,0,0,0,9,4,1,0,-1,0,0,0,0,0,0,-1,0,17,0,0,12,0,1130.8
0,13,0,0,0,0,18,0,1,0,-1,0,0,0,0,0,0,-1,0,21,0,0,26,0,209.91
0,12,3,0,0,0,14,16,47,1,-1,0,6,0,0,0,0,-1,0,4,0,0,6,0,1456.24
0,11,25,0,0,2,13,14,60,2,-1,0,7,0,0,0,0,-1,0,2,0,0,8,1,1611.34
0,12,0,0,0,0,13,0,1,0,-1,0,0,0,0,0,0,-1,0,20,0,0,24,0,166.07
0,10,29,0,0,1,12,17,84,6,-1,0,14,0,0,2,0,-1,0,2,3,1,6,0,1734.49
0,18,0,0,0,0,12,6,2,0,-1,0,0,0,0,0,0,-1,0,15,0,0,7,0,268.83
0,14,0,0,0,0,21,3,1,0,-1,0,0,0,0,0,0,-1,0,18,0,0,26,0,531.75
0,13,0,0,0,0,13,0,1,0,-1,0,0,0,0,0,0,-1,0,21,0,0,24,0,222.2
0,14,0,0,0,0,7,4,4,0,-1,0,1,0,0,0,0,-1,0,17,0,0,13,0,1238.1
0,17,0,0,0,0,10,2,1,0,-1,0,0,0,0,0,0,-1,0,18,0,0,12,0,229.73
0,16,0,0,0,0,12,1,0,0,-1,0,0,0,0,0,0,-1,0,23,0,0,22,0,189.55
0,14,0,0,0,0,7,11,4,0,-1,0,0,0,0,0,0,-1,0,14,0,0,9,0,261.38
0,17,0,0,0,0,14,12,7,0,-1,0,0,0,0,0,0,-1,0,12,0,0,4,0,237.53
8,1,21,0,1,32,5,28,97,2,-1,0,43,2,0,2,0,-1,0,8,3,4,12,0,2905.53
0,15,0,0,0,0,9,9,2,0,-1,0,0,0,0,0,0,-1,0,14,0,0,8,0,255.57
0,19,0,0,0,0,14,3,2,0,-1,0,0,0,0,0,0,-1,0,16,0,0,8,0,262.76
0,15,0,0,0,0,11,2,0,0,-1,0,0,0,0,0,0,-1,0,22,0,0,21,0,194.36
0,9,1,0,1,0,4,35,33,0,-1,0,11,0,0,0,0,-1,0,9,0,1,7,0,1843.24
0,13,0,0,0,0,10,21,12,0,-1,0,1,0,0,0,0,-1,0,9,0,0,2,0,1132.78
0,11,0,0,0,0,9,1,1,0,-1,0,0,0,0,0,0,-1,0,18,0,0,20,0,203.53
37,3,79,4,3,19,5,32,158,3,-1,0,27,1,17,1,4,-1,3,6,10,11,10,4,3125.59
0,16,0,0,0,0,11,1,0,0,-1,0,0,0,0,0,0,-1,0,22,0,0,22,0,95.9
0,18,0,0,0,0,11,2,1,0,-1,0,0,0,0,0,0,-1,0,18,0,0,12,0,231.18
0,13,0,0,0,0,16,0,2,0,-1,0,0,0,0,0,0,-1,0,21,0,0,26,0,210.95
1,4,4,0,2,5,3,20,39,1,-1,0,21,0,0,0,0,-1,1,10,3,0,12,0,1289.39
0,12,0,0,0,0,6,4,2,0,-1,0,0,0,0,0,0,-1,0,18,0,0,17,0,211.72
0,18,0,0,0,0,11,1,1,0,-1,0,0,0,0,0,0,-1,0,19,0,0,13,0,300.37
0,5,5,0,2,6,2,20,46,1,-1,0,18,0,0,1,0,-1,0,10,4,0,12,0,2527.55
0,13,0,0,0,0,21,3,1,0,-1,0,0,0,0,0,0,-1,0,17,0,0,25,0,184.94
0,15,0,0,0,0,10,2,0,0,-1,0,0,0,0,0,0,-1,0,22,0,0,21,0,75.62
0,11,0,0,0,0,8,2,0,0,-1,0,0,0,0,0,0,-1,0,18,0,0,19,0,207.52
0,9,0,0,0,0,5,10,4,0,-1,0,0,0,0,0,0,-1,0,15,0,0,16,0,387.71
0,16,0,0,0,0,10,10,3,0,-1,0,0,0,0,0,0,-1,0,14,0,0,7,0,242.88
0,11,0,0,0,0,15,1,4,0,-1,0,0,0,0,0,0,-1,0,18,0,0,24,0,918.72
1,2,7,0,3,4,5,24,71,1,-1,0,47,0,0,0,0,-1,0,10,1,0,13,0,2641.72
0,17,0,0,0,0,11,6,1,0,-1,0,0,0,0,0,0,-1,0,15,0,0,8,0,662.55
0,7,0,0,0,0,14,11,12,0,-1,0,1,0,0,0,0,-1,0,13,1,0,20,0,1863.9
1,10,59,0,2,4,12,18,98,6,-1,0,17,0,0,2,0,-1,1,2,8,7,6,0,1895.82
0,21,0,0,0,0,23,1,0,0,-1,0,0,0,0,0,0,-1,0,13,0,0,13,0,414.02
0,17,0,0,0,0,13,11,3,1,-1,0,0,0,0,0,0,-1,0,13,0,0,5,0,264.07
0,10,0,0,0,0,4,9,5,0,-1,0,0,0,0,0,0,-1,0,16,0,0,15,0,493.55
0,9,0,0,1,0,16,5,4,1,-1,0,0,0,0,0,0,-1,0,14,0,0,21,0,772.8
0,15,0,0,0,0,8,3,1,0,-1,4,0,0,0,0,0,-1,0,18,0,0,15,0,922.28
0,8,0,0,0,0,5,12,2,0,-1,0,0,0,0,0,0,-1,0,15,0,0,16,0,366.04
0,12,0,0,0,0,6,24,9,0,-1,0,1,0,0,0,0,-1,0,12,0,0,7,0,596.82
0,18,0,0,0,0,13,10,3,1,-1,0,0,0,0,0,0,-1,0,14,0,0,6,0,264.97
0,15,0,0,0,0,9,10,2,0,-1,0,0,0,0,0,0,-1,0,14,0,0,8,0,256.83
0,19,0,0,0,0,12,0,1,0,-1,0,0,0,0,0,0,-1,0,22,0,0,18,0,188.51
0,16,0,0,0,1,19,5,1,0,-1,0,0,0,0,0,0,-1,0,8,0,0,12,0,466.24
0,16,0,0,0,0,12,12,7,0,-1,0,0,0,0,0,0,-1,0,11,0,0,3,0,281.81
0,8,0,0,0,0,7,4,0,0,-1,0,0,0,0,0,0,-1,0,16,0,0,18,0,766.05
4,5,15,0,1,14,2,35,73,2,-1,0,58,3,4,2,0,-1,0,8,4,4,9,0,2769.93
1,1,10,0,3,8,5,25,81,5,-1,4,64,1,0,2,0,-1,0,9,1,1,13,0,2686.82
0,14,0,0,0,0,8,3,1,0,-1,0,0,0,0,0,0,-1,0,19,0,0,18,0,946.78
4,7,43,0,0,5,5,36,97,2,-1,0,75,0,3,1,0,-1,1,6,3,5,6,0,3022.13
0,10,40,0,2,3,10,22,102,5,-1,0,16,0,0,0,0,-1,0,4,2,1,3,0,2045.1
0,9,1,0,1,0,3,34,39,0,-1,0,14,0,0,0,0,-1,0,10,0,1,7,0,1997.84
0,13,1,0,0,0,11,15,23,3,-1,4,1,0,0,0,0,-1,0,7,0,0,0,0,1898.56
0,10,1,0,0,1,4,28,18,0,-1,0,0,0,0,0,0,-1,0,11,2,0,8,0,1545.2
0,5,0,0,0,0,5,15,20,0,-1,0,2,0,0,0,0,-1,0,12,1,0,15,0,883.34
0,12,0,0,0,0,7,32,12,1,-1,0,2,0,0,0,0,-1,0,10,0,0,5,0,728.43
0,2,1,0,0,0,7,27,39,0,-1,0,14,0,0,0,0,-1,0,10,2,0,15,0,1272.64
0,5,1,0,1,1,4,15,32,0,-1,0,15,0,0,0,0,-1,1,11,0,0,14,0,1175.57
0,15,0,0,0,0,11,16,7,0,-1,0,0,0,0,0,0,-1,0,12,0,0,4,0,273.74
0,9,1,0,2,0,2,17,22,3,-1,0,0,1,1,0,0,-1,0,12,2,0,10,0,1689.21
0,18,0,0,0,0,12,4,0,0,-1,0,0,0,0,0,0,-1,0,16,0,0,9,0,114.77
0,15,0,0,0,0,10,2,0,0,-1,0,0,0,0,0,0,-1,0,21,0,0,20,0,92.46
1,14,2,0,0,0,16,13,12,0,-1,0,0,0,0,0,0,-1,0,6,0,0,8,0,832.09
0,12,0,0,0,0,19,2,1,0,-1,0,0,0,0,0,0,-1,0,15,0,0,23,0,210.32
1,4,6,0,1,5,3,23,51,3,-1,0,34,0,0,0,0,-1,1,10,6,0,12,0,2547.74
0,3,0,0,0,0,8,18,28,1,-1,0,2,0,0,1,0,-1,0,11,0,0,16,0,1182.51
0,16,1,0,0,0,16,4,9,0,-1,0,0,0,0,0,0,-1,0,8,0,0,6,0,424.61
0,5,75,8,7,8,11,13,122,4,-1,0,52,0,0,1,4,-1,2,4,47,16,12,0,2484.91
0,15,0,0,0,0,8,8,2,0,-1,0,0,0,0,0,0,-1,0,15,0,0,9,0,357.28
1,2,11,0,0,5,9,24,69,1,-1,0,34,0,0,2,0,-1,0,8,0,0,14,0,1358.01
0,15,0,0,0,0,14,0,1,0,-1,0,0,0,0,0,0,-1,0,23,0,0,25,0,232.0
0,3,0,0,0,0,8,18,26,1,-1,0,2,0,0,0,0,-1,0,12,0,0,16,0,1118.02
0,14,0,0,0,0,8,17,3,0,-1,0,0,0,0,0,0,-1,0,13,0,0,7,0,278.85
0,18,0,0,0,0,12,0,0,0,-1,0,0,0,0,0,0,-1,0,24,0,0,22,0,88.94
0,10,0,0,0,1,3,11,14,0,-1,0,0,0,0,0,0,-1,0,14,2,0,13,0,469.25
0,13,0,0,0,0,7,3,2,0,-1,0,0,0,0,0,0,-1,0,18,0,0,17,0,233.11
0,21,0,0,0,0,22,0,0,0,-1,0,0,0,0,0,0,-1,0,13,0,0,12,0,409.23
0,11,8,4,0,0,11,18,59,1,-1,0,5,0,0,0,0,-1,0,5,1,0,3,0,2338.88
1,9,67,0,3,4,12,18,114,6,-1,0,19,0,0,0,0,-1,0,1,9,8,7,0,1829.55
0,18,0,0,0,0,12,0,0,0,-1,0,0,0,0,0,0,-1,0,24,0,0,23,0,113.09
0,9,0,0,0,0,5,9,4,0,-1,0,0,0,0,0,0,-1,0,16,0,0,16,0,386.8
0,15,0,0,0,0,12,12,11,0,-1,0,0,0,0,0,0,-1,0,10,0,0,2,0,488.88
0,9,1,0,0,0,5,34,25,0,-1,0,9,0,0,0,0,-1,0,9,0,1,6,0,769.56
0,10,1,0,0,0,5,34,16,1,-1,0,5,0,0,0,0,-1,0,9,0,0,5,0,759.18
0,11,0,0,0,0,15,1,2,0,-1,0,0,0,0,0,0,-1,0,19,0,0,24,0,215.3
0,16,1,0,0,0,16,5,9,1,-1,0,0,0,0,0,0,-1,0,8,0,0,5,0,464.55
0,12,0,0,0,0,16,0,2,0,-1,0,0,0,0,0,0,-1,0,21,0,0,25,0,282.21
4,7,84,4,0,11,5,34,132,4,-1,0,76,0,6,1,0,-1,1,5,2,5,6,0,3301.11
0,13,0,0,0,0,17,0,1,0,-1,0,0,0,0,0,0,-1,0,21,0,0,26,0,204.77
0,12,2,0,0,0,14,16,36,0,-1,0,3,0,0,0,0,-1,0,4,0,1,6,0,958.0
10,5,75,4,3,43,4,32,153,5,-1,4,44,0,4,1,0,-1,1,6,2,11,7,1,3355.83
0,5,0,0,0,0,7,12,16,0,-1,0,1,0,0,0,0,-1,0,13,0,0,16,0,1105.59
0,11,0,0,0,0,15,1,2,0,-1,0,0,0,0,0,0,-1,0,19,0,0,24,0,216.57
0,14,0,0,0,0,10,23,10,0,-1,0,0,0,0,0,0,-1,0,11,0,0,3,0,306.89
0,7,0,0,0,0,5,11,9,0,-1,0,0,0,0,0,0,-1,0,14,0,0,16,0,934.12
0,20,0,0,0,0,22,1,0,0,-1,0,0,0,0,0,0,-1,0,12,0,0,12,0,330.44
0,13,0,0,0,0,7,21,5,0,-1,0,0,0,0,0,0,-1,0,12,0,0,7,0,326.92
0,5,0,0,0,0,5,15,19,0,-1,0,2,0,0,0,0,-1,0,13,1,0,15,0,1025.97
0,15,0,0,0,0,12,1,0,0,-1,0,0,0,0,0,0,-1,0,22,0,0,23,0,227.89
0,9,0,0,0,1,2,15,16,2,-1,0,0,0,0,0,0,-1,0,13,3,0,13,0,486.9
0,13,0,0,0,0,6,4,8,0,-1,0,1,0,0,0,0,-1,0,16,1,0,13,0,345.94
0,15,0,0,0,0,22,3,0,0,-1,0,0,0,0,0,0,-1,0,19,0,0,27,0,426.27
0,22,0,0,0,0,14,0,0,0,-1,0,0,0,0,0,0,-1,0,24,0,0,19,0,157.34
0,12,0,0,1,1,5,6,7,0,-1,0,0,0,0,0,0,-1,0,15,0,0,12,0,464.61
0,19,0,0,0,0,19,1,6,0,-1,0,0,0,0,0,0,-1,0,11,0,0,8,0,444.02
0,9,0,0,0,0,7,4,1,0,-1,0,0,0,0,0,0,-1,0,17,0,0,18,0,235.14
0,17,0,0,0,0,14,12,7,0,-1,0,0,0,0,0,0,-1,0,12,0,0,4,0,238.63
0,12,0,0,0,0,6,5,5,0,-1,0,1,0,0,0,0,-1,0,17,0,0,15,0,1055.79
0,9,4,0,0,2,5,36,27,0,-1,0,8,0,0,0,0,-1,0,8,0,0,5,0,1782.92
0,16,0,0,0,0,13,12,12,0,-1,0,0,0,0,0,0,-1,0,11,0,0,3,0,285.03
0,14,0,0,0,0,21,3,1,0,-1,0,0,0,0,0,0,-1,0,19,0,0,26,0,708.55
0,12,0,0,0,0,10,1,1,0,-1,0,0,0,0,0,0,-1,0,19,0,0,21,0,201.98
0,11,0,0,0,0,15,1,3,0,-1,0,0,0,0,0,0,-1,0,19,0,0,24,0,166.59
0,18,0,0,0,0,14,9,3,0,-1,0,0,0,0,0,0,-1,0,14,0,0,6,0,179.25
0,11,7,0,0,1,14,13,36,1,-1,0,6,0,0,0,0,-1,0,3,0,0,8,0,1020.58
9,6,81,12,0,14,6,29,164,3,-1,0,80,0,2,0,0,-1,3,4,6,19,6,3,3133.88
0,12,0,0,0,0,6,25,12,0,-1,0,1,0,0,0,0,-1,0,12,0,0,7,0,335.35
5,2,64,8,4,32,9,20,141,0,-1,0,53,0,3,2,4,-1,1,5,18,33,12,0,2749.78
0,14,0,0,0,0,7,14,5,0,-1,0,1,0,0,0,0,-1,0,14,0,0,8,0,301.84
0,8,0,0,1,0,15,9,4,0,-1,0,1,0,0,0,0,-1,0,13,0,0,20,0,1684.74
0,13,0,0,0,0,5,5,7,0,-1,0,1,0,0,0,0,-1,0,16,0,0,14,0,1351.98
4,6,21,0,1,18,3,35,78,0,-1,0,59,2,0,1,0,-1,2,8,4,2,8,1,2643.55
0,8,9,0,0,4,4,32,45,1,-1,0,26,0,0,0,0,-1,2,8,2,0,6,0,1988.6
8,6,87,4,0,17,6,30,159,3,-1,0,75,0,3,4,4,-1,2,5,3,13,6,0,2788.71
0,15,0,0,0,0,11,18,8,0,-1,0,0,0,0,0,0,-1,0,11,0,0,3,0,247.44
12,0,62,0,5,44,6,32,130,2,-1,4,33,0,0,0,4,-1,0,7,3,5,12,0,3356.67
4,5,57,12,45,8,11,12,146,2,-1,0,58,0,1,1,0,-1,1,3,22,33,11,0,2501.88
10,7,23,40,34,13,10,15,167,17,-1,5,52,9,2,7,24,-1,11,1,31,40,7,11,6251.15
0,17,0,0,0,0,12,7,3,0,-1,0,0,0,0,0,0,-1,0,14,0,0,7,0,215.69
0,12,0,0,0,0,6,5,2,0,-1,0,0,0,0,0,0,-1,0,17,0,0,16,0,238.62
0,6,8,0,0,1,13,10,28,0,-1,0,5,0,0,0,0,-1,0,7,0,0,14,0,2037.63
4,5,7,0,1,4,2,25,54,4,-1,0,32,1,0,1,0,-1,1,10,7,0,11,0,2204.9
0,10,1,0,0,0,5,34,18,1,-1,0,8,0,0,0,0,-1,0,9,0,0,5,0,790.32
7,0,56,0,4,40,7,27,129,5,-1,4,42,0,0,0,4,-1,0,7,4,2,12,0,3370.74
9,6,30,103,40,12,10,7,165,5,-1,8,61,27,0,1,0,-1,8,2,9,46,10,1,2740.94
2,5,69,4,0,2,11,16,90,4,-1,4,39,0,0,1,0,-1,0,5,10,8,13,0,2328.71
0,10,0,0,0,0,14,1,4,0,-1,0,0,0,0,0,0,-1,0,18,0,0,23,0,220.34
0,14,0,0,0,0,9,3,0,0,-1,0,0,0,0,0,0,-1,0,21,0,0,20,0,220.33
0,11,9,4,0,0,12,16,63,0,-1,0,6,0,0,0,0,-1,0,4,1,0,4,1,2321.62
0,13,0,0,0,0,12,0,1,0,-1,0,0,0,0,0,0,-1,0,21,0,0,23,0,205.87
0,15,0,0,0,0,12,1,0,0,-1,0,0,0,0,0,0,-1,0,23,0,0,23,0,188.69
17,2,19,4,3,18,4,27,93,1,-1,0,47,1,2,2,0,-1,0,8,3,4,11,0,2884.55
0,12,0,0,0,0,9,3,0,0,-1,0,0,0,0,0,0,-1,0,19,0,0,20,0,179.43
0,11,0,0,0,0,4,8,7,0,-1,0,1,0,0,0,0,-1,0,16,0,0,15,0,1373.45
0,17,0,0,0,0,19,6,1,0,-1,0,1,0,0,0,0,-1,0,9,0,0,9,0,364.26
0,20,0,0,0,0,21,1,0,0,-1,0,0,0,0,0,0,-1,0,11,0,0,11,0,333.32
0,19,0,0,0,0,13,4,2,0,-1,0,0,0,0,0,0,-1,0,16,0,0,8,0,200.86
0,15,0,0,0,0,23,3,0,0,-1,0,0,0,0,0,0,-1,0,20,0,0,27,0,513.83
0,9,0,0,0,0,7,3,1,0,-1,0,0,0,0,0,0,-1,0,16,0,0,18,0,410.3
1,3,0,0,0,1,10,22,44,4,-1,0,6,0,0,1,0,-1,0,9,0,0,16,0,1487.54
0,5,0,0,0,0,11,8,11,1,-1,0,0,0,0,0,0,-1,0,13,0,0,18,0,701.34
0,20,0,0,0,0,13,0,0,0,-1,0,0,0,0,0,0,-1,0,19,0,0,12,0,247.49
0,10,0,0,0,0,7,4,0,0,-1,0,0,0,0,0,0,-1,0,17,0,0,18,0,356.16
0,15,0,0,0,0,12,12,9,0,-1,0,0,0,0,0,0,-1,0,10,0,0,2,0,478.56
0,16,0,0,0,0,17,9,4,0,-1,0,1,0,0,0,0,-1,0,8,0,0,8,0,500.06
0,16,0,0,0,0,13,12,9,0,-1,0,0,0,0,0,0,-1,0,11,0,0,3,0,509.68
3,3,9,0,0,0,11,18,55,0,-1,0,9,0,0,0,0,-1,0,8,0,0,15,0,1218.19
1,14,2,0,0,0,16,13,12,1,-1,0,0,0,0,0,0,-1,0,5,0,0,9,0,841.99
0,18,0,0,0,0,11,0,1,0,-1,0,0,0,0,0,0,-1,0,19,0,0,14,0,1111.7
0,11,0,0,0,0,13,0,2,0,-1,0,0,0,0,0,0,-1,0,19,0,0,23,0,128.8
0,16,0,0,0,0,14,12,12,0,-1,0,0,0,0,0,0,-1,0,11,0,0,3,0,447.74
0,20,0,0,0,0,13,0,0,0,-1,0,0,0,0,0,0,-1,0,22,0,0,17,0,145.61
0,15,0,0,0,0,13,0,1,0,-1,0,0,0,0,0,0,-1,0,23,0,0,24,0,172.29
0,15,2,0,0,0,17,12,10,0,-1,0,1,0,0,0,0,-1,0,7,0,0,7,0,514.67
0,15,0,0,0,0,9,2,1,0,-1,0,0,0,0,0,0,-1,0,20,0,0,18,0,1139.91
0,15,0,0,0,0,10,2,0,0,-1,0,0,0,0,0,0,-1,0,21,0,0,20,0,76.52
0,20,0,0,0,0,21,1,0,0,-1,0,0,0,0,0,0,-1,0,11,0,0,11,0,441.26
0,13,0,0,0,0,13,0,1,0,-1,0,0,0,0,0,0,-1,0,22,0,0,24,0,195.78
0,11,0,0,0,0,11,0,1,0,-1,0,0,0,0,0,0,-1,0,19,0,0,22,0,192.85
0,18,0,0,0,0,13,10,3,0,-1,0,0,0,0,0,0,-1,0,14,0,0,6,0,214.36
5,3,69,8,1,5,9,20,114,0,-1,0,63,0,1,2,0,-1,0,6,5,4,13,0,1811.18
0,11,0,0,0,0,8,2,0,0,-1,0,0,0,0,0,0,-1,0,18,0,0,20,0,176.52
1,2,10,0,0,5,9,24,67,0,-1,0,28,0,0,1,0,-1,0,8,0,0,14,0,1277.61
12,6,85,4,1,30,6,31,165,3,-1,0,59,0,4,3,4,-1,2,5,5,19,7,1,3432.78
0,15,0,0,0,0,10,13,5,0,-1,0,0,0,0,0,0,-1,0,14,0,0,7,0,720.34
1,1,16,0,0,5,9,25,84,3,-1,0,51,0,0,2,0,-1,1,8,1,0,14,0,1405.82
0,15,0,0,0,0,9,3,1,0,-1,0,0,0,0,0,0,-1,0,20,0,0,19,0,920.75
0,15,1,0,0,0,15,12,15,0,-1,0,0,0,0,0,0,-1,0,7,0,0,5,0,627.33
46,4,69,8,3,23,5,31,184,7,-1,0,24,0,15,4,8,-1,2,6,7,30,9,3,3195.2
0,15,0,0,0,0,9,3,1,0,-1,0,0,0,0,0,0,-1,0,20,0,0,18,0,120.46
0,12,0,0,0,0,9,3,0,0,-1,0,0,0,0,0,0,-1,0,19,0,0,20,0,280.05
0,13,0,0,0,0,6,5,6,0,-1,4,1,0,0,0,0,-1,0,17,0,0,14,0,1168.59
0,10,0,0,0,0,7,3,0,0,-1,0,0,0,0,0,0,-1,0,17,0,0,19,0,394.52
0,9,0,0,0,0,2,14,15,0,-1,0,1,0,0,0,0,-1,0,14,3,0,13,0,423.1
1,5,0,0,0,1,12,12,19,1,-1,0,1,0,0,0,0,-1,0,10,1,0,17,0,1983.98
0,20,0,0,0,0,21,1,0,0,-1,0,0,0,0,0,0,-1,0,12,0,0,11,0,329.49
0,11,0,0,0,0,13,0,2,0,-1,0,0,0,0,0,0,-1,0,19,0,0,23,0,129.04
0,17,0,0,0,0,20,4,1,0,-1,0,1,0,0,0,0,-1,0,9,0,0,12,0,463.22
0,16,0,0,0,0,18,6,5,0,-1,0,1,0,0,0,0,-1,0,8,0,0,8,0,363.92
0,18,0,0,0,0,20,3,1,0,-1,0,0,0,0,0,0,-1,0,10,0,0,11,0,546.13
0,11,1,0,0,1,7,36,20,1,-1,0,3,0,0,0,0,-1,0,9,0,0,4,0,761.6
16,4,52,4,5,41,4,38,122,5,-1,4,30,1,7,2,0,-1,0,7,4,3,9,2,2730.11
0,9,1,0,0,1,5,34,25,0,-1,0,9,0,0,0,0,-1,0,9,0,1,5,0,720.2
0,14,0,0,0,0,21,3,1,0,-1,0,0,0,0,0,0,-1,0,19,0,0,26,0,533.0
0,15,0,0,0,0,9,8,2,0,-1,0,0,0,0,0,0,-1,0,15,0,0,8,0,397.69
0,18,0,0,0,0,16,9,3,0,-1,0,0,0,0,0,0,-1,0,13,0,0,5,0,200.78
0,6,0,0,0,0,7,10,3,0,-1,0,0,0,0,0,0,-1,0,14,0,0,17,0,825.28
0,18,0,0,0,0,18,4,1,0,-1,0,0,0,0,0,0,-1,0,9,0,0,8,0,380.84
0,8,3,0,3,1,1,34,40,0,-1,0,15,1,0,0,0,-1,0,10,3,1,9,0,2021.52
0,19,0,0,0,0,20,0,0,0,-1,0,0,0,0,0,0,-1,0,11,0,0,10,0,354.45
0,15,0,0,0,0,8,2,1,0,-1,0,0,0,0,0,0,-1,0,19,0,0,17,0,929.8
1,2,6,0,2,4,5,24,73,2,-1,4,62,1,0,0,0,-1,0,9,2,1,13,0,2700.51
0,18,0,0,0,0,19,1,4,0,-1,0,0,0,0,0,0,-1,0,10,0,0,8,0,390.88
0,15,0,0,0,0,8,2,1,0,-1,0,0,0,0,0,0,-1,0,19,0,0,16,0,907.67
0,7,0,0,0,1,14,7,11,0,-1,0,2,0,0,0,0,-1,0,10,1,0,17,0,204.91
0,19,0,0,0,0,11,0,0,0,-1,0,0,0,0,0,0,-1,0,20,0,0,15,0,149.0
0,12,0,0,0,0,19,3,1,0,-1,0,0,0,0,0,0,-1,0,16,0,0,24,0,729.57
0,7,0,0,0,0,14,10,11,0,-1,0,1,0,0,0,0,-1,0,13,1,0,20,0,571.98
0,14,0,0,0,0,12,0,1,0,-1,0,0,0,0,0,0,-1,0,22,0,0,23,0,260.4
0,13,0,0,0,0,6,5,6,0,-1,4,1,0,0,0,0,-1,0,17,0,0,14,0,1093.83
0,15,0,0,0,0,19,0,0,0,-1,0,0,0,0,0,0,-1,0,23,0,0,28,0,201.59
