address_line_2,h_id,n_seven_eleven_5km,n_gas_station_5km,n_cafe_5km,n_gas_station_in_3km_to_5km,near_Olympic_Stadium_in_km,n_secondary_school_5km,near_Phsar_Tmey_in_km,n_cafe_in_3km_to_5km,near_Phsar_Chas_in_km,near_Vattanac_Tower_in_km,n_pre_school_5km,near_Wat_Phnom_in_km,n_primary_school_in_3km_to_5km,price_per_m2
0,755,1.0,0.0,0.0,0,19.059818632160745,0.0,17.992776467053787,0,16.943040182190135,16.949180847442598,0.0,16.901875171659427,0,271.00190168459926
26,588,1.0,7.0,3.0,5,14.8886742046366,2.0,15.82728093054865,0,16.944827396367184,15.882345350128404,0.0,17.291292515976714,0,577.242913812665
1,417,37.0,156.0,183.0,71,2.1579762817712944,78.0,1.1049785021117238,92,2.053186303249448,0.9177968060016516,100.0,1.0072102091163486,33,2409.5322368567404
59,554,-0.0,3.0,2.0,0,19.133050532442024,-0.0,19.95845861669156,0,19.8943446118533,18.92288941855032,0.0,19.98810182688449,0,40.24729854340354
17,172,4.0,27.0,22.0,18,8.014716513398302,10.0,9.096618891660151,16,9.96436576138572,9.978900502561288,1.0,10.095654690199847,2,449.29156019989
19,383,27.0,85.0,129.0,46,2.946992099499324,51.0,3.92728052935249,58,3.9475933258063023,3.940589020450593,59.0,3.707903572333032,24,2174.726464042468
24,640,10.0,71.0,40.0,37,6.991295369158241,14.0,7.796593015982044,24,8.951017605440565,7.71451976654997,10.0,8.0389629474047,21,1891.7580543266608
49,421,38.0,163.0,194.0,74,1.0515707160311754,84.0,0.8489205276509803,95,1.9393242153818289,0.9806044406025004,104.0,1.0481201182971756,39,3871.4744837272488
17,171,4.0,25.0,19.0,17,9.052978443712288,10.0,9.965752331821957,13,9.8238997315317,9.96595867915888,0.0,10.203592589236486,2,471.4408408787411
68,216,4.0,16.0,8.0,9,10.03646296241434,1.0,11.949496569695343,4,11.851013236244476,12.179026144405723,0.0,12.022684087114268,4,232.8659717574867
62,98,3.0,8.0,4.0,8,13.99721511649522,0.0,15.029625273395258,2,15.967623199243372,16.058223690991678,-0.0,16.026108035666123,0,93.9510433102973
83,403,37.0,175.0,184.0,87,1.1214630648230244,82.0,3.089345920671249,103,3.183367603258358,3.025201431769883,98.0,3.0011198780973745,40,2172.807034423224
78,442,20.0,107.0,94.0,65,3.865754239469376,39.0,4.892859511013802,78,5.946517616521947,5.9126122715685865,52.0,5.909206589998443,39,2475.423354581319
86,685,19.0,119.0,80.0,73,5.132581278380348,30.0,5.977823077651594,54,7.041535651872674,6.086960866419283,43.0,5.900016294088879,40,1972.986532309574
51,421,37.0,166.0,191.0,69,0.034105911621294,84.0,1.2134371739754992,75,1.9397239418428247,0.9303012192218626,103.0,2.027397056500785,38,2887.4753581936006
28,692,0.0,7.0,0.0,5,13.9386732437721,2.0,13.927480608742632,1,12.964849942831554,14.025214047851646,0.0,14.014512353291607,0,396.18636384109806
79,302,8.0,26.0,21.0,14,9.149330623818466,6.0,8.104215087031735,15,8.00298821046612,7.748257651750539,8.0,8.060144930568722,2,528.8172393767045
45,290,17.0,93.0,73.0,62,6.018853381735378,32.0,5.185050399975213,50,6.131176353374706,5.128452630063886,43.0,5.183535515400011,29,2653.468454413439
48,430,33.0,112.0,147.0,66,2.835987757762958,61.0,3.977019527959968,76,3.780435533183544,3.929112518259773,66.0,3.972623969548666,35,3253.728580629919
68,219,3.0,14.0,4.0,13,11.157158702721317,2.0,12.11222631734524,5,13.237552066795796,12.16753758795359,2.0,13.057547976727964,2,189.3089393958798
71,318,25.0,130.0,144.0,62,2.95779244881362,63.0,2.915154249860633,74,3.2029704781850072,2.1665460176261973,65.0,1.8934388263376687,33,504.17603821686936
94,402,34.0,166.0,178.0,74,0.1479797157231201,77.0,1.9051976160129844,61,3.0093888425257385,2.0400889593363054,95.0,1.8870212464937337,35,6036.9426561879545
29,299,13.0,86.0,52.0,59,6.02127445974939,24.0,6.018832559991522,35,7.008438921593279,5.98748310727993,40.0,6.029766769536878,24,1104.801340540415
68,216,4.0,16.0,8.0,11,9.952463923979716,3.0,11.954632989903685,4,11.993105510469428,12.109623317370376,0.0,12.11436690387437,3,294.84909063383014
26,613,1.0,7.0,2.0,3,14.999300419464442,-0.0,17.019951833151975,1,17.9625043504791,16.940547047146968,0.0,16.927092315824506,0,73.71731652544334
42,404,37.0,165.0,189.0,78,0.0,83.0,0.0,66,0.8952824867092479,0.9774625531202944,97.0,1.0281874306794885,36,3723.160904513372
9,259,1.0,3.0,1.0,3,16.971686493207805,1.0,19.17689834264584,1,20.03044608987004,19.101164039558228,0.0,18.97217035826071,0,105.95673907665947
89,433,34.0,133.0,167.0,67,1.9339484564860645,68.0,2.9969952933590625,79,2.895605154149659,3.0898962522647326,81.0,2.8775720513172667,38,3404.553475058529
68,190,5.0,27.0,13.0,16,9.19567816235754,3.0,11.010726041545562,8,10.784257638580108,10.878699336096789,-0.0,10.960146624480116,8,555.3240171667647
68,221,5.0,22.0,8.0,16,9.19230116428892,2.0,10.824854018206269,7,11.965508399289536,11.021566717755094,3.0,12.08165111864703,5,528.6127837621431
17,225,10.0,57.0,39.0,40,6.226831631728095,17.0,6.96535146936874,29,8.062004568663419,8.018672802803808,13.0,8.191664405160424,15,635.0363950035053
0,754,1.0,0.0,-0.0,0,18.94034035722112,0.0,17.746019613598754,0,17.1208876346236,17.817470634172945,-0.0,16.862255547514277,0,207.02096966751057
25,636,1.0,0.0,0.0,2,15.02190284554078,1.0,15.940374950467104,0,16.813749671563574,15.778746090038709,-0.0,17.08113339227088,0,476.8691302415822
63,354,5.0,2.0,5.0,3,11.967912510423764,2.0,10.94871524557619,2,10.947673432345718,11.007773474643695,0.0,10.930144622591966,0,1505.946081275345
79,33,8.0,21.0,11.0,9,11.06075380622089,4.0,10.094981901805529,5,10.222365988396923,9.934328750379503,3.0,9.210573381928848,1,410.74421435330174
83,427,38.0,177.0,180.0,80,1.866644029415303,80.0,3.087565863598784,107,2.9553047615143777,2.0285563438282352,101.0,2.9943260853938973,42,2809.946605449663
79,32,6.0,25.0,11.0,10,9.882453800637355,3.0,10.0368285482992,4,10.058908972339516,8.805925259148351,5.0,9.050434495026035,1,377.7291744590564
9,633,1.0,3.0,2.0,1,17.921116233260182,0.0,19.035517046906627,0,20.05494921546684,19.039149335697847,0.0,20.256535916342067,0,124.41518503853098
73,5,1.0,2.0,-0.0,2,17.122673948027618,0.0,16.14344944683372,1,16.137441018044516,16.188066422423645,2.0,16.016933714796227,0,91.55094144804367
27,764,3.0,0.0,0.0,0,14.05773889114003,0.0,12.918701550704476,1,11.803177289662036,12.001246659541644,1.0,11.931157696639843,0,82.5119423320303
27,358,6.0,5.0,4.0,3,9.977339459823868,2.0,9.008669728639044,3,8.000267572617197,9.095054372850036,1.0,7.968081959606587,1,153.0699491027336
59,571,-0.0,3.0,-0.0,0,16.931241109181347,0.0,17.880474898941483,0,18.886626868630124,18.11291062575668,0.0,18.085369401712462,0,300.9354566420699
58,51,0.0,1.0,1.0,1,15.944674914515286,0.0,15.871931328142503,1,17.090145524294936,16.098669706204344,-0.0,15.859513437594543,0,168.39153169800795
91,431,32.0,129.0,153.0,70,2.0143285211340523,66.0,2.943929520519859,86,3.966908435475735,4.143441831059355,73.0,3.9728585668095127,43,4360.102007241376
67,718,-0.0,2.0,0.0,2,13.992790857009885,4.0,14.102314583738934,0,13.788239551308608,13.972687012342153,1.0,14.01727608698353,0,163.4080890872443
87,402,36.0,166.0,180.0,75,0.0,79.0,2.018726128568121,62,3.102080394462752,1.8132969464891744,97.0,2.1786276217010263,32,4018.99384739372
21,326,12.0,73.0,51.0,51,5.993399334968857,28.0,5.741306952740702,36,5.967295200469764,5.0407760703761415,37.0,4.927480530265155,18,1399.5948147935546
76,78,2.0,2.0,4.0,2,12.872266044819092,1.0,13.981168253847084,1,14.959633591789675,13.82407856385386,0.0,14.902346043014472,0,87.06151851306667
2,429,37.0,175.0,182.0,80,2.119222570691768,81.0,1.884246084421911,104,2.784506911117815,2.029073242631441,101.0,2.9435693836087182,42,4004.708766593208
93,397,8.0,27.0,46.0,16,5.9216853117925785,13.0,5.958240264270827,35,6.034723687477164,6.895510605352625,18.0,7.027439985251399,9,1178.5114108134396
32,536,3.0,21.0,4.0,15,11.183880712608158,0.0,11.925180880783836,3,12.121472511120777,10.843631472782995,2.0,11.985006377169428,4,483.920497776366
23,222,9.0,57.0,37.0,36,6.039089535299975,17.0,7.182274661200219,32,8.052022643833517,8.105037741828149,16.0,8.07406899545311,20,2092.0988591310297
27,356,6.0,12.0,13.0,10,9.006078815860473,7.0,8.065805940417574,12,6.821777587243863,7.083621607318789,5.0,6.9086892118231855,2,200.9230597817736
11,434,30.0,99.0,132.0,59,3.035231822223473,58.0,3.962211680753368,74,4.049030074481117,4.168404540391893,66.0,4.930117839582395,35,2330.663205961808
4,444,34.0,142.0,172.0,90,2.186090142326659,76.0,0.7563223827664319,62,0.6910845971866797,0.9716322136870132,92.0,2.073217619833533,37,5110.46453056374
22,282,22.0,76.0,120.0,48,4.072336076844192,54.0,1.87644192573208,83,2.10268082352637,1.910880712190818,60.0,2.195449916605832,29,2621.4992838317485
70,101,2.0,5.0,0.0,2,14.00004333716657,0.0,15.032861825310157,1,15.84797267938174,16.034519669655367,0.0,15.996655234300553,0,128.44014192042584
56,447,36.0,141.0,176.0,92,2.036600446945433,73.0,0.9355942105012534,74,0.0623537552210827,1.0779399235222988,92.0,1.0715832629084994,36,8386.08244375809
21,300,11.0,47.0,34.0,26,8.120151896113724,13.0,6.837110025410676,23,7.928732516319996,7.096087698034552,15.0,7.208572494562717,3,1314.3754966780025
63,334,8.0,16.0,11.0,15,11.074214650909218,2.0,9.991393601962432,8,10.026111493795735,9.094282889043496,2.0,9.061325937025297,2,1438.721416768842
83,411,38.0,178.0,187.0,97,2.103700229038453,79.0,2.794761336083752,120,3.960062776239154,2.9693649865112004,98.0,3.8773090855954537,43,3051.176646984808
64,26,2.0,3.0,4.0,2,16.01957297053153,1.0,15.073137688775336,3,14.8325778487114,15.117025980359356,0.0,15.04850814013952,0,681.6225174456448
43,501,0.0,0.0,0.0,0,20.075266564730526,0.0,20.761718658804416,0,21.93778610444469,21.139804330258663,0.0,22.09385200737139,0,29.9350459689791
2,426,27.0,161.0,143.0,90,3.085966789289031,68.0,2.9249903322342847,83,3.8764610744958015,3.0086000383128684,72.0,3.84625506342664,44,1533.862224114455
73,0,0.0,1.0,2.0,0,19.994546433038312,-0.0,19.084944662593625,0,19.222289273549222,19.072547225903467,0.0,19.03978533191029,0,31.24242724684041
45,686,27.0,175.0,154.0,100,2.9649136613565483,59.0,4.02974696860462,103,4.876689604365181,3.947599782026148,69.0,4.089323895550675,35,2864.685759001108
18,444,34.0,141.0,175.0,77,0.938366096412318,76.0,1.0858152868268969,64,0.9027677582158348,2.1517437009644613,93.0,1.944660447859652,39,5585.803745949132
60,258,1.0,2.0,1.0,1,16.99771487646336,0.0,18.00594692193725,1,19.19782293750027,17.994739175912507,0.0,18.852947727049045,0,701.0926127716243
64,35,5.0,15.0,12.0,11,11.935614313175789,0.0,11.95210729070354,6,12.078619189891938,11.14320686999216,2.0,11.057576922898637,0,795.7061360142085
24,681,18.0,112.0,82.0,65,4.895836305355109,29.0,6.06533572095235,54,6.996903223030339,6.083893072594677,41.0,6.0704696680426204,35,2181.444136438288
66,345,8.0,29.0,17.0,14,9.920478968342792,6.0,8.935085857655785,10,8.97177201675235,7.961155207897773,7.0,8.157227567663456,3,648.7849660851914
25,487,3.0,8.0,5.0,8,14.134052252914184,1.0,15.06882099598508,3,15.95207116021674,15.169005816194922,0.0,16.17908014583978,0,840.3038579573525
72,140,0.0,1.0,0.0,0,16.177308563100073,1.0,17.076652127277804,0,17.82439770108635,17.18960270168145,0.0,18.00759259421783,0,106.62258373316855
28,712,4.0,14.0,15.0,9,9.090232856775948,4.0,9.004773730297034,12,8.93064313938889,9.11080173552747,4.0,9.127550328691992,2,657.3826760394217
63,270,20.0,86.0,94.0,62,5.102041724561844,42.0,3.004907559446828,71,3.104901665748916,2.866232080911502,44.0,2.859781281725103,27,1984.264091662384
82,496,3.0,12.0,4.0,10,12.055479066757544,3.0,12.90773973510712,4,13.928344485302892,12.806366030531226,0.0,12.944330419694582,4,268.60293902641723
67,702,1.0,15.0,8.0,11,10.943367456201488,5.0,12.017370101731109,5,11.956244016612663,12.078023164810114,-0.0,12.181221994610684,0,116.03448627664912
28,716,3.0,11.0,12.0,10,9.992750581996226,6.0,9.909147370978648,13,9.940190526148372,9.81689322723181,2.0,10.153027212244014,0,392.37825649896286
59,556,0.0,1.0,2.0,0,19.02631295679835,-0.0,19.764897912006823,0,20.03372117964739,19.01617073615409,0.0,19.99371430227367,0,173.0236027913862
32,37,4.0,16.0,6.0,11,11.033562861325027,1.0,10.85541206634823,2,12.037163801197108,10.695776676800826,2.0,11.101413769029024,0,246.1909830059463
82,592,4.0,25.0,12.0,12,11.058324808966118,3.0,12.078639769437638,8,12.985724993718028,11.94318186080381,-0.0,12.079273411504904,5,253.25492000617365
28,700,2.0,13.0,9.0,11,9.832438675673032,6.0,11.04054921192161,4,11.078690118529996,10.881161676210066,2.0,10.80466080979261,0,371.4080774086775
64,13,5.0,18.0,10.0,9,13.0450444127956,2.0,11.941708881250872,5,11.947024370593176,11.824370019296024,-0.0,12.005560729266218,0,582.8279118387788
76,148,2.0,8.0,4.0,5,11.91831973453858,0.0,14.172893814274277,4,13.90128190275826,14.20711909597822,0.0,13.956856065303649,1,110.14947610852508
61,735,2.0,8.0,1.0,3,10.170034314397178,2.0,9.932415798583571,2,8.975162568333376,9.765803450388104,1.0,10.084850222407502,0,170.04789999980838
83,405,37.0,176.0,195.0,76,1.0057548024416447,82.0,1.1459149609672372,85,1.911315775863251,1.0726448566733355,104.0,1.9456484302039696,38,3010.133585535112
75,452,1.0,3.0,0.0,4,15.07373013665607,1.0,16.012124432771213,0,17.234707559886264,15.73511628610362,0.0,15.935679672990632,0,73.41553189215468
87,402,35.0,167.0,179.0,75,0.1969038094060304,80.0,0.9264141904429948,54,2.0197675716144468,2.2188352372825983,94.0,1.9731937265029893,32,5851.949962522688
58,49,-0.0,-0.0,1.0,0,18.113407040979308,0.0,17.920399441098667,0,19.118884962997008,18.19730482621506,0.0,17.963891006623218,0,202.666210609872
46,422,33.0,128.0,169.0,71,1.8587993717171336,74.0,0.9130565631584434,82,0.0761423010112792,0.0350209072068845,93.0,0.0,30,4459.31234981301
81,430,34.0,130.0,163.0,70,2.171082534079926,63.0,2.896494066239286,83,2.9338876013985167,3.183479189059958,70.0,3.854024174523497,32,5341.992451269346
24,640,12.0,81.0,47.0,39,5.86619813629364,19.0,7.060178069747916,26,7.94385199728344,7.164062565552461,12.0,8.164610507725662,25,2262.8748257290035
75,451,2.0,10.0,3.0,10,13.982582063195498,1.0,14.837596355434233,2,15.91986200963702,14.900483596392476,0.0,15.052240302899904,0,115.39077915829895
54,445,36.0,144.0,179.0,74,0.9642991377390068,77.0,0.0,61,1.1778946883257309,0.9348040517887616,97.0,1.0250506088803308,39,6676.383531401938
31,114,1.0,1.0,0.0,0,14.130314275842537,0.0,15.907940352742033,0,16.09636289385613,15.902736435425249,-0.0,15.92280328168743,0,150.481353860955
84,429,37.0,165.0,195.0,75,0.9817413096409756,84.0,1.1508904937245856,91,1.9833571666016576,0.9471902042954892,104.0,2.17303129111598,39,3093.5673394566784
26,634,1.0,1.0,5.0,1,17.092195734063544,0.0,17.879870755014284,0,19.14454184603305,18.11588644073384,0.0,19.054145344676314,0,132.42603180870805
67,688,1.0,1.0,0.0,1,15.79595629364942,3.0,16.031628672384027,0,15.026262986935455,16.022160146851178,-0.0,15.867983529705484,0,42.84822061929303
81,444,35.0,144.0,183.0,81,0.88192482341167,77.0,1.1629961042833106,67,1.0433220211463363,0.9317797194577024,95.0,2.076074354656074,33,5135.897995446066
60,262,1.0,4.0,-0.0,3,17.067343396014945,1.0,19.07925017660197,1,19.86042820674633,18.87229846675246,0.0,19.03363131466307,0,523.909394877757
29,539,3.0,19.0,8.0,17,9.896112270211994,1.0,9.975324643054542,7,11.052057204903118,9.897093051121852,0.0,9.975091340144688,1,554.5316886729343
81,381,28.0,85.0,136.0,58,2.935765044858353,54.0,3.091591591987141,80,2.808409549891063,4.031126356956235,59.0,3.0617525111581223,23,6437.729329220513
13,164,20.0,85.0,108.0,52,4.137709489155786,41.0,5.021398979547064,75,6.081673996527013,6.095584895025501,55.0,5.788256240066899,28,2519.60206915407
9,240,0.0,2.0,0.0,0,21.02548546366385,0.0,22.8382622930426,0,24.223621081316548,23.108488146526955,0.0,22.85635430464825,0,112.64749483450406
12,150,10.0,50.0,52.0,41,5.951926967793655,19.0,6.813826807275908,39,7.10477574177412,7.122951364526991,21.0,8.04927552244964,16,2118.0735378507115
74,652,6.0,37.0,15.0,23,9.960471889102244,6.0,10.937542085702397,10,12.046144921119618,11.05486605206784,2.0,10.876312955911317,11,347.5996340907857
18,444,35.0,142.0,173.0,91,0.9771889498361146,74.0,0.869640287992606,64,1.045745863615337,1.0575821664959608,91.0,0.9454773159614442,36,4552.842245812338
86,428,38.0,183.0,183.0,103,2.05598420036371,78.0,2.9316144753361955,118,4.251970263188302,2.8905703548193578,97.0,3.9437213600660046,43,1853.5189646423007
32,523,1.0,3.0,1.0,2,13.0591603946039,-0.0,12.758660898100109,0,14.034122447257692,12.812567929931925,1.0,12.88524850135608,0,260.23597948228377
61,732,-0.0,4.0,2.0,3,9.80848739882287,2.0,9.945215398579752,0,9.253573561008515,9.952321578110702,1.0,10.104984217216389,0,204.1321497978713
42,445,38.0,147.0,181.0,70,0.8555376775542163,77.0,1.029618701942314,60,0.9292378398737656,1.0826823872042293,92.0,1.089041655898874,41,3778.7737303219455
69,121,2.0,9.0,1.0,6,13.055652222725778,1.0,13.79960169114277,1,15.069570227038934,14.167661492637428,1.0,15.073185284449066,3,183.1561135093024
42,445,37.0,154.0,185.0,68,0.1365865089863985,76.0,1.035334191518345,54,2.124087905268859,1.0406850942686547,94.0,1.933516529078718,40,3477.090451794733
81,436,32.0,110.0,149.0,59,2.940793800806823,59.0,3.130063065637214,69,3.134520906614416,3.096213613417542,66.0,3.768539285020074,31,2910.9366812889007
43,512,0.0,-0.0,0.0,0,17.93734201254533,1.0,19.048309121607826,0,18.89128630194732,17.87825214762353,-0.0,18.99797442564156,0,88.28158897258056
78,442,22.0,105.0,99.0,65,3.8803947263540106,38.0,5.266724959469549,81,6.045588710460762,5.75039057522898,53.0,6.069654489555883,42,2627.5767913416826
81,381,28.0,92.0,142.0,59,3.071600130556127,59.0,3.275870668486786,75,1.8908354622677328,2.847867685545342,63.0,3.00524269611949,28,4963.364894882309
14,449,36.0,146.0,181.0,83,1.1102233457626642,75.0,2.126197977326852,74,1.837813995614464,1.8761509871723,90.0,1.9490456327615755,36,4818.342533218768
23,213,4.0,24.0,12.0,16,9.051961716591007,3.0,11.068622217182629,10,11.140059116824776,11.030891959596277,1.0,10.889925125342032,3,1139.7857645228817
24,640,10.0,69.0,38.0,35,6.943899988219244,13.0,8.320727766209945,22,8.997128310018505,7.919716449289555,8.0,7.9976119400034,23,2293.51163679626
15,593,4.0,19.0,8.0,9,12.016111513561288,2.0,12.87791060809737,2,14.045695802345524,13.013787458210718,-0.0,12.614402646008124,3,1195.2015702411093
93,388,4.0,13.0,12.0,8,8.11216760558921,4.0,8.235119203890463,10,7.013451243760087,8.131350950693642,4.0,8.07186330430899,1,473.34337738970345
52,285,35.0,130.0,174.0,84,1.9742348855220213,75.0,0.934912533037563,81,0.0,1.2661260815890274,90.0,0.9312443448623268,39,8483.417897910858
64,34,4.0,16.0,9.0,11,10.945385735598435,2.0,11.194233268998826,5,11.095763647793282,10.95939249981288,0.0,11.038145905532026,0,330.32300223005046
29,296,8.0,45.0,32.0,42,8.911401756634117,9.0,8.98365625150306,25,8.905425057931442,8.234599366252242,10.0,8.82507037430433,6,1171.176814861612
48,431,33.0,140.0,167.0,75,1.990489278116253,69.0,3.069491872186834,90,3.902033644060668,3.0427019805993023,86.0,3.951879420256645,41,2838.065380610444
88,316,33.0,151.0,168.0,66,2.020837818517824,75.0,1.893438704987974,86,1.9109813735046268,2.1347918492536704,91.0,2.005766280528407,41,1771.4682824004456
24,649,8.0,45.0,23.0,31,9.151142202969544,6.0,10.123368771554512,14,11.004167737450665,10.120593887115891,6.0,11.097025386631849,13,908.5571682295866
75,474,0.0,5.0,1.0,2,15.999685721698487,-0.0,17.200683581558543,0,17.82871333310844,17.14541641901438,0.0,17.042978885102517,0,138.93629690323164
67,689,0.0,0.0,0.0,1,15.062814828562637,3.0,14.937071503352383,0,15.140440229129837,16.046185814333867,1.0,15.021754700541134,0,126.86525134063037
0,755,1.0,-0.0,0.0,0,18.94851192782963,-0.0,17.976196593973405,0,16.90525839810528,17.053442292521662,0.0,17.27709452626909,0,134.98097326411994
44,608,4.0,19.0,7.0,10,11.076594043545056,3.0,13.075680711957784,3,13.942796931745212,12.97097028167533,-0.0,12.907141515878012,7,355.1565296157327
25,462,1.0,2.0,3.0,1,16.15160042807858,1.0,16.978237669186896,1,18.148914000145066,17.030804330761413,0.0,18.004768738896914,0,672.9164928985999
82,495,5.0,25.0,15.0,16,10.951295694695329,2.0,11.839010885209456,10,13.275964717364095,12.0400712623522,-0.0,11.90418310414604,6,252.4933051455467
59,577,-0.0,5.0,3.0,4,16.02506257265003,1.0,16.17771033056732,1,16.904143621416818,16.12605578739392,-0.0,16.063394291685327,0,187.3295284158773
81,378,26.0,74.0,122.0,51,3.941065422840585,45.0,4.023369929833247,76,3.9967264791221697,3.826826078187435,54.0,3.9593782323722646,23,4731.123062911585
78,200,20.0,114.0,90.0,76,4.0386414647315405,38.0,4.865507323174325,67,5.9232915225016045,6.046417880549234,46.0,6.059578862999968,39,3611.1873563151753
74,465,1.0,5.0,0.0,1,14.090847901414934,-0.0,14.116684991580824,0,15.050856508010735,13.910900826952252,1.0,14.994307958633833,0,93.48938867331056
17,86,4.0,15.0,8.0,8,11.216088286389208,3.0,12.339679754412655,6,11.757206151877844,11.8712433046862,0.0,12.973395737123298,0,410.76561537785176
1,417,37.0,161.0,194.0,75,0.9451722761501172,82.0,0.844690059102847,98,2.0536061576215845,0.9913574107588796,102.0,0.9322919350876976,32,3745.762194796545
37,384,26.0,66.0,112.0,46,3.997196443773336,44.0,3.991026940260024,80,4.13137068578288,5.046308828101851,51.0,5.091615577917995,24,2151.131316606992
75,466,1.0,4.0,0.0,2,14.091577660047088,0.0,14.005042518376287,0,14.915871895985706,13.880107048924078,0.0,14.038717682060032,0,84.7329640975465
32,525,3.0,9.0,6.0,8,12.233189041939342,1.0,11.97322701947246,4,12.174267393944316,11.12044030240273,0.0,11.083040045578247,0,172.1451327234987
76,69,3.0,7.0,4.0,4,11.909645255605698,0.0,12.950218372910635,0,14.064284692593615,13.896364826571366,0.0,14.081723017972278,0,243.25392701475832
74,468,3.0,11.0,3.0,6,13.148233579569052,1.0,14.048682216921163,2,14.03570055595178,13.201286664621673,1.0,13.997120895132188,0,244.35455555099173
17,154,4.0,32.0,18.0,19,7.196021016813161,6.0,8.808620784503043,7,9.250908410733684,8.972043647985918,1.0,9.090316897195615,10,349.47339812948326
57,123,4.0,16.0,6.0,11,11.111477526584183,1.0,13.040478387361018,3,13.927631276434832,13.001091433585202,0.0,12.85308974038969,2,242.4834876069685
57,131,1.0,2.0,0.0,2,15.131682965944114,1.0,15.845580328638048,1,16.98923335613946,15.883744282205948,-0.0,17.012632241314435,0,55.28369472215118
82,491,4.0,20.0,4.0,15,10.974642556817985,3.0,11.956029707525524,4,13.114889558383714,11.924647735846367,0.0,13.2239327376099,6,265.9200876058865
77,421,38.0,166.0,194.0,76,0.9655479299982314,83.0,1.071804547404394,93,1.993511410771331,0.910196465054172,103.0,1.947868373200392,36,3066.95133020794
86,685,19.0,128.0,86.0,83,5.225115727542487,34.0,5.858555117910585,59,6.149666057257409,5.064475965282834,47.0,6.218088134075982,41,2099.675582801075
78,197,19.0,113.0,77.0,76,4.7524228453285655,31.0,6.011694478388446,57,7.056798477010655,5.970704995089026,31.0,6.952385265101689,41,3144.081790843148
70,101,2.0,5.0,5.0,2,13.98528409156747,0.0,15.15989828745233,1,15.860246812717865,16.132131543866237,0.0,16.162549218409247,0,206.6010265058828
29,309,7.0,28.0,22.0,15,10.0660473425943,4.0,8.814641625423105,14,9.055301463226613,8.911023896038369,4.0,9.189125072100037,1,818.659278515294
43,474,-0.0,0.0,2.0,2,16.95569898427332,-0.0,17.085926170767635,0,17.954167987648088,17.08958857197012,0.0,18.029274112567407,0,67.72383693103141
75,457,3.0,13.0,2.0,12,12.793783139440364,2.0,13.986698956915166,4,15.048806931884,14.040232297988226,0.0,13.999164928431536,2,157.20408332670732
26,634,1.0,6.0,-0.0,3,16.933288425357894,2.0,17.80237087260992,0,18.99324150100101,18.210534362472178,0.0,18.907609802347743,0,359.6418853437935
9,252,1.0,3.0,2.0,1,19.03301904308216,1.0,20.193062929804963,1,20.94077310153361,20.154894261562674,1.0,21.180566804048777,0,84.30220274129115
58,14,2.0,5.0,1.0,3,13.912272144003758,0.0,13.944995205339964,2,13.92081446161926,14.105690772648472,1.0,14.071818328663143,0,123.1409169944442
29,308,5.0,36.0,25.0,22,8.956359872711554,6.0,8.985554139575783,20,9.144929316083507,8.06126497056313,8.0,9.106234136514692,1,1487.2830342695918
62,87,3.0,10.0,8.0,5,11.22690523948997,2.0,11.966912912883712,4,13.054745351696878,11.94010494323855,1.0,12.833275070535858,0,188.6633666495669
9,237,1.0,2.0,2.0,3,17.970833393566686,-0.0,20.104423251394703,1,21.03536538549895,20.06706672230232,0.0,20.004382650129585,0,114.51004078322218
59,557,0.0,1.0,2.0,1,18.06361490375449,-0.0,18.899195164443043,0,19.04695809908188,17.96467002721017,0.0,18.912310184199576,0,279.1356221886348
28,731,-0.0,4.0,0.0,2,12.815770729451172,4.0,12.181939933828208,1,12.01288529445809,13.119664587432226,1.0,12.164162098959888,0,142.54798015768262
9,239,0.0,2.0,1.0,2,18.02000929143448,1.0,19.18950994664671,0,19.86443807091408,19.20009430664805,-0.0,20.059829002833773,0,144.78842945003004
91,431,32.0,140.0,166.0,70,2.045994776450327,70.0,3.086474215192327,89,4.155545334914377,3.1281823432180387,86.0,3.8957655518098737,42,3203.854650306333
44,616,3.0,13.0,2.0,7,13.061555343428775,2.0,14.023087308025527,3,14.980155812051969,15.005580719140488,0.0,15.143055652176772,3,291.66129754085125
45,657,8.0,72.0,40.0,51,6.851789970856007,12.0,7.953134429535748,30,7.963864332543064,7.028329522942326,16.0,7.91477455836911,14,2753.44007756398
63,369,8.0,25.0,16.0,23,8.08438903766276,11.0,7.041680828614475,14,6.989273893524976,6.914004353924574,8.0,5.919830144836041,2,2549.9002798021065
78,439,33.0,146.0,171.0,73,1.9362906599499177,68.0,3.023450938441478,102,4.096930647887156,3.999980096400217,86.0,4.139333589191916,44,3216.241791886826
94,404,35.0,163.0,185.0,62,0.0,83.0,1.026843074138063,57,2.085125829394476,0.9811329379668342,101.0,2.093216647186088,32,3479.922138984744
76,144,4.0,13.0,4.0,13,11.045722514231292,2.0,12.963364344806534,4,14.14327718351496,13.166740357324777,-0.0,14.191501553709054,2,179.09534756755176
57,131,1.0,5.0,2.0,1,13.879624959936349,-0.0,16.189008774431336,1,15.805222806991372,16.057800638218996,-0.0,15.99557069170693,0,142.80289690620742
87,406,33.0,151.0,177.0,66,0.9667767555999732,75.0,2.045814000958448,76,3.0376873105912727,2.972302921102951,94.0,3.02812985744378,35,4825.66477604976
59,572,-0.0,3.0,0.0,0,17.941664006080032,0.0,19.005244461879748,0,19.78000284478134,18.87919173885374,1.0,19.108848349917515,0,128.85680345140543
77,285,33.0,108.0,160.0,71,3.051211390536514,69.0,0.9831051495638004,81,0.0,1.1106665845391366,83.0,1.0035130205035832,39,3142.941970109483
91,430,35.0,129.0,166.0,71,2.024478510286424,66.0,2.993038557246533,82,3.0866202314506768,3.067484178920642,73.0,3.537079947193057,35,4261.305184309539
69,125,2.0,8.0,0.0,8,13.006361458435396,-0.0,13.879094644048555,2,14.906257231101057,15.04071115141774,1.0,15.000605179811563,2,74.03342430855433
72,145,4.0,16.0,5.0,13,11.00051812259917,1.0,13.060355982999916,5,13.942528534311595,12.98378932588949,0.0,13.981100364725515,2,530.2477852653938
24,649,9.0,57.0,30.0,36,8.15939132855525,8.0,9.15578293415643,18,9.803128457648,9.088880346097676,6.0,10.111330099868606,14,2037.5979984218395
82,496,3.0,16.0,4.0,10,12.197804057673505,3.0,13.142171219440948,3,14.057574901225278,12.965694392219808,0.0,12.954253901538188,4,241.70655640571584
62,69,3.0,7.0,6.0,4,13.013070022040736,0.0,14.01049536218357,1,14.809854929925049,14.207871328769798,0.0,15.05181199327673,0,65.29603848422998
73,35,5.0,19.0,9.0,10,10.93935331184337,4.0,11.082613667218508,6,11.022359882202352,10.93865779052386,1.0,10.788018906268718,0,225.9098243172209
32,526,-0.0,3.0,1.0,2,14.079670898215008,0.0,14.18400776247728,0,14.092153904481204,14.006909292222923,-0.0,14.026124087851738,0,267.3900368510567
74,649,8.0,51.0,26.0,30,9.05149853374388,8.0,10.117734870855742,13,11.227271761078676,9.875628268573712,4.0,9.792476034091468,13,404.2428858915435
34,530,7.0,42.0,29.0,31,8.893775850873435,9.0,9.154275552244544,23,10.02998600373909,9.08244086062333,7.0,9.086876573905611,13,1113.8716009762752
17,86,3.0,14.0,9.0,9,10.178662124766037,2.0,11.145943795189188,2,12.119451620658538,11.992300922555598,1.0,12.047141402831986,0,202.63208823525963
10,433,36.0,147.0,180.0,75,1.0909847760041125,73.0,2.011608232289658,69,1.912316514801937,1.8626050457571208,91.0,1.969157518074528,35,3187.286536439108
24,641,9.0,58.0,31.0,35,7.956226684693465,8.0,8.840391965622668,19,10.168694141664728,9.053409826607872,9.0,10.078976467312277,13,1710.4678345697714
75,565,1.0,4.0,1.0,3,15.012076002952249,0.0,16.1707786875873,0,17.173124818349994,15.85605920588291,-0.0,15.854599697112274,0,61.41906311627288
25,639,3.0,12.0,3.0,10,15.176459577364486,4.0,16.00375207860828,4,17.181063928592998,15.9538011811998,0.0,16.102373096645277,1,714.7309560885285
59,550,0.0,0.0,2.0,1,17.86258992116885,1.0,19.074105755693832,1,19.094741949291784,17.916016398302688,0.0,19.096468052562216,0,141.33382980607274
37,177,7.0,32.0,42.0,20,7.0857938552437485,15.0,6.865514762763358,31,6.818722665589764,8.048756484822281,10.0,7.934572813270152,6,1501.8125112570012
76,92,5.0,19.0,10.0,14,10.072246579495475,3.0,11.030406960782464,8,12.18657415182546,11.01103833828,1.0,11.858578799283938,4,174.89648877627386
5,449,38.0,147.0,183.0,78,0.986680827748109,76.0,1.0494938572137509,66,2.1374678550962374,2.0115106817061714,95.0,2.0476707263603657,39,3507.6145050833334
44,582,4.0,18.0,6.0,10,11.926189560833947,3.0,12.836455287607112,4,13.853592741268296,12.879034113571231,0.0,13.99338862843308,4,456.9132412111053
40,420,35.0,153.0,183.0,77,1.2033236606465991,78.0,0.0,60,1.0322753446723865,0.0847650254717181,97.0,1.1577152554294037,30,6615.402809617676
21,328,12.0,56.0,49.0,39,7.009900496222245,22.0,6.103369852447689,32,5.9426646975693735,5.8714252292779365,27.0,6.074835245726091,11,1281.3458265237243
70,81,2.0,6.0,3.0,3,12.903081067271817,0.0,13.945000201021866,1,15.050744333065696,14.754666651644971,2.0,15.14851433527312,0,167.03232267813635
72,147,1.0,3.0,2.0,4,12.878424939795936,-0.0,14.024105095123891,1,14.940964677611635,15.13275838119425,0.0,14.793152693535198,1,491.2027251191497
33,255,-0.0,1.0,-0.0,2,17.99845032894291,2.0,18.881477577279835,0,20.198943417009755,18.924884254207235,-0.0,19.93963219007235,0,171.50893838896124
62,83,5.0,18.0,11.0,14,9.034636336392127,3.0,10.783652126124522,11,10.751966099112934,11.136301592136563,1.0,11.071557374568332,1,310.877627515098
14,450,32.0,111.0,151.0,74,3.0576419074770413,65.0,2.335192226637455,70,2.1607154308798577,1.8483259221136648,73.0,2.0054830442532525,34,4244.56819974182
86,427,38.0,175.0,191.0,81,0.9672112921798914,84.0,1.9614956805689072,97,3.156646655715712,2.019563561068382,100.0,3.114160271916605,43,3439.355904072596
92,431,32.0,140.0,167.0,68,2.023615152508718,70.0,3.168942392829612,88,3.98000119580024,3.048263859341445,86.0,3.952554787681915,41,4836.17345028452
81,444,34.0,140.0,175.0,79,1.938107781417964,74.0,0.8744214546266584,59,1.1316635001482953,2.0325155056943247,91.0,2.137730811487468,37,4790.149656405743
79,31,9.0,25.0,24.0,12,9.733415372255145,4.0,8.763268051739631,14,8.828740440122077,9.01887355574435,5.0,9.135638394719091,1,693.9288786609866
26,635,2.0,3.0,4.0,2,15.949882088222488,1.0,16.958373371729696,0,17.965285577858793,17.05387489766343,-0.0,17.97933915312936,0,266.6655891674085
15,592,5.0,22.0,11.0,10,11.114065160548256,3.0,11.91724689160069,7,12.82930684586982,12.084307669067618,0.0,13.114322503046363,6,1480.6038634563051
75,452,1.0,5.0,3.0,4,14.89444835488578,0.0,16.08218817405472,0,16.890562451547904,16.10183853103472,-0.0,16.14277310842487,0,171.49590109663168
8,407,34.0,159.0,178.0,78,1.0718738373421228,73.0,2.957248566083983,93,3.92263915033868,3.0960921148208613,90.0,4.056017206258685,38,2374.590885419444
7,420,35.0,159.0,189.0,73,0.0,82.0,0.0104515277786009,67,1.1109458852893264,0.1462944061187225,100.0,1.1567866845810526,33,4808.745491374735
66,27,6.0,21.0,13.0,9,10.959675883534164,3.0,10.038047792261102,5,9.856735565271189,9.994280803753677,4.0,10.034399659823896,1,247.48865885732
27,361,8.0,12.0,16.0,10,9.106375941364025,7.0,8.00969959595546,12,6.7380092205786175,6.9316532833526745,7.0,7.14338867968949,3,160.19433931575622
2,429,38.0,177.0,187.0,79,1.8508229864782648,82.0,2.0035944683541875,106,3.066239802401157,1.936310895587148,100.0,3.1419404843284258,41,1718.1373260303135
25,603,3.0,14.0,6.0,12,13.878447507984664,3.0,14.955455854708568,6,15.929216244771412,14.8525563504464,1.0,14.749214268338978,2,1528.1434465962632
92,406,34.0,150.0,181.0,79,1.160268406352075,74.0,1.7895207409616245,85,2.905050383140448,2.878639432832216,90.0,2.981059896509249,38,5326.176563624576
78,407,36.0,174.0,184.0,85,0.9822057692360044,77.0,3.0079342495633945,101,3.863573417175045,2.796815689902659,92.0,3.05211204723848,40,3779.891779551573
81,434,32.0,113.0,145.0,67,2.9053106357659897,59.0,3.7766197073636896,74,4.09655193085225,4.223330842522433,67.0,4.003477616828189,35,3849.7242917270382
59,565,1.0,4.0,2.0,1,14.789194368550069,-0.0,14.987540124218237,0,16.318310634526494,14.965613048089,0.0,16.212371728436494,0,179.875017216795
15,676,11.0,58.0,33.0,31,7.942102741290968,11.0,8.961431671168128,17,10.00792294175565,9.014771837425648,6.0,9.930434381828611,24,2177.553472853286
25,627,1.0,-0.0,3.0,1,16.831505547355615,1.0,17.890720822601395,1,18.977296370984487,18.123585031547755,0.0,18.94196106044813,0,127.31112351915148
70,78,1.0,6.0,3.0,1,12.975457703595904,0.0,13.95406305653279,2,14.891937326981024,14.942370428235202,0.0,14.973778570090174,0,107.66247992333074
4,432,33.0,126.0,160.0,73,1.962497526339596,63.0,2.9083811055603808,77,3.011645654082597,3.0187544540740867,69.0,2.8450353687877,27,5491.919719624882
63,340,9.0,19.0,13.0,13,11.032974456485883,3.0,9.880771910164544,12,10.072967847159031,8.96676597172085,2.0,8.845330839228408,2,1206.2239673589406
78,409,32.0,172.0,167.0,109,3.009920823059011,72.0,3.933300152373143,120,4.954318042733444,3.990249258664015,88.0,3.98141991658808,47,3249.7738547542785
26,598,3.0,14.0,5.0,12,14.21071389548186,3.0,14.889845854491623,6,15.9842301906179,15.082162720326012,-0.0,14.916342556796584,2,511.50655140584473
74,480,4.0,22.0,12.0,16,12.03698895397184,3.0,12.951161437555738,6,14.046009900397143,12.920061860577905,0.0,12.965451769908764,5,131.37571414669327
82,496,3.0,15.0,5.0,11,12.109146668720372,2.0,12.889339445821966,4,13.98884374018668,12.9866233196958,-0.0,13.862350650233513,2,311.16345352625206
7,420,35.0,155.0,181.0,78,0.8424586732151209,77.0,0.0,58,0.922292384778044,0.0,96.0,1.1647042318091971,32,3690.274548125221
64,10,3.0,7.0,6.0,5,14.933963231692806,1.0,13.85449874027566,3,14.180564990030485,14.120273082170506,0.0,13.981854578128477,0,486.532882180148
37,400,14.0,42.0,56.0,30,5.923323787695849,20.0,7.126229214238741,45,6.994031130168248,6.893054542386732,25.0,6.989484001356941,7,1531.4948366774397
78,410,19.0,144.0,100.0,92,4.060288585045549,36.0,4.95771916401763,65,5.932944458799857,5.103610479178611,52.0,6.171724082124491,44,2823.065587087219
27,766,3.0,0.0,1.0,0,13.753913448797505,0.0,12.95914181913482,1,12.159750877512725,12.995719898112924,0.0,12.174186557129527,0,35.57897635259999
9,240,0.0,0.0,1.0,0,21.022453389939667,1.0,22.02995447620116,0,22.96610393007859,23.058342995856226,0.0,22.974646971979265,0,33.85448965358578
15,205,7.0,42.0,20.0,27,8.056110014275196,10.0,9.135264458339307,15,9.967372092751118,9.099456975967948,5.0,10.23035201327074,13,1060.1599697339411
29,295,11.0,62.0,38.0,46,7.104531725595286,16.0,6.92679997662688,22,7.845434331515762,7.211970132913466,25.0,6.982013162022955,11,1414.009698535949
62,93,3.0,11.0,7.0,8,11.132191479365082,1.0,12.913807867216626,3,12.978601537313969,12.891565727125975,0.0,13.05536672729711,0,212.0530711660184
15,674,8.0,40.0,20.0,28,8.991185372906578,8.0,9.948349725973928,13,10.925262564910048,10.13043309484745,4.0,11.018759791222612,16,1035.6394507083426
26,613,3.0,10.0,2.0,8,14.95357122334978,1.0,15.97013569008272,3,16.935557558412945,15.957235596364717,0.0,17.006529119136122,0,246.82583308971897
45,423,32.0,171.0,162.0,94,3.041323808388236,72.0,3.1389663501364704,92,4.0038660668417,3.037078968285013,81.0,2.939055827448574,47,2586.038032882661
60,616,3.0,10.0,4.0,8,12.888971727259738,0.0,14.78354898462974,3,15.824723927730613,14.809784069557166,-0.0,15.111549528507588,2,968.9287963529816
83,415,35.0,156.0,172.0,88,1.87349652988288,71.0,3.033862226129788,112,4.041539818283191,3.997271041632808,94.0,4.061469623752117,44,3604.880162045769
71,318,24.0,115.0,128.0,52,4.024408756111617,60.0,3.069335715514656,68,3.1656796065988493,2.0430258216884423,62.0,2.028808007902592,31,1548.7294640540497
2,317,30.0,153.0,162.0,73,2.9607271538209106,71.0,2.99185552946638,95,2.8598701098069457,1.67490760734339,76.0,3.073835292825353,42,3085.627215128796
58,57,0.0,3.0,4.0,1,17.00852170349919,1.0,17.0619850257109,1,16.924538675777605,16.150615935979495,1.0,15.822770654623184,0,119.05242651765388
43,626,1.0,0.0,2.0,1,17.018061331399974,1.0,17.778785971614337,1,18.10209653872229,18.136542661809017,-0.0,18.2547899754397,0,85.83361916524164
57,609,3.0,13.0,4.0,6,12.112913707296611,0.0,13.849633518506916,2,13.847030131324177,13.849283142012204,-0.0,13.816080579325284,2,227.9469407202736
74,649,8.0,47.0,24.0,30,8.979591178727972,5.0,9.664788904510134,12,11.092819356046288,10.14757232013401,4.0,11.076947180560705,13,544.6858600243364
16,379,31.0,107.0,147.0,63,2.879703761440412,63.0,3.1472436325517106,61,2.988496172747923,2.809025193987514,66.0,2.911701208400998,24,1582.7296003465317
25,637,1.0,3.0,0.0,2,15.925289051399371,1.0,17.080853932463928,0,17.984368866933874,17.20526753690926,-0.0,17.742748745497547,0,636.0813564726885
77,416,37.0,154.0,191.0,73,1.3226785829735748,81.0,0.2769158173515558,82,0.92993695993231,0.1770677763418953,100.0,1.0674351629270793,34,3347.034818710336
15,673,9.0,56.0,32.0,36,8.091141997396306,9.0,9.002518828094816,19,10.149485998345876,8.896315578879953,6.0,10.11896368149528,22,1824.30404285416
73,21,1.0,5.0,4.0,2,14.88522336310912,-0.0,14.850021098668597,1,14.99865529884588,14.85962613250672,1.0,14.776231405302656,0,54.63559830552942
44,622,4.0,23.0,6.0,13,10.857707296480626,3.0,11.866070197005351,2,12.850278312577212,11.975831900672254,0.0,12.904420947391532,8,233.31221544542885
59,558,0.0,3.0,1.0,1,18.94529053909117,0.0,18.740903423277835,0,20.04733981107239,19.07519719169992,0.0,19.09740229922059,0,189.2903160064997
0,752,3.0,0.0,1.0,0,15.888532866438432,1.0,15.03683400066942,0,13.802955445393827,13.99945402811636,1.0,13.835678825191804,0,585.0777473417963
20,300,11.0,36.0,29.0,22,7.856783611432333,10.0,7.65938394709433,23,7.885379735618163,7.038867843485461,11.0,6.848803932485226,3,1197.9099254977064
64,9,4.0,11.0,4.0,6,14.197350494031609,1.0,12.892746626958877,3,13.102428572927971,12.86032220193112,0.0,13.089905112707612,0,568.2096258100239
81,432,35.0,131.0,166.0,66,1.858728725179028,67.0,1.9820347349133505,66,1.9168057967548768,2.804439778901352,80.0,2.9615788476029645,34,4719.304720965267
26,585,3.0,14.0,2.0,12,13.884844006539414,3.0,15.732526514448406,4,16.962876188869846,15.9534057656499,-0.0,16.042433701326,1,640.9759788427929
0,754,2.0,1.0,0.0,0,18.81105527082196,1.0,17.021367690356303,0,17.02316007902653,17.006675633551602,0.0,16.96353145356668,0,393.279586481177
68,211,6.0,31.0,21.0,17,7.067197702529149,7.0,7.929597919851133,16,9.025965202598286,8.936107186723225,7.0,8.999060601541974,14,910.121637544831
32,529,7.0,30.0,18.0,28,8.840108724503052,7.0,9.053638599870698,16,9.933380612699247,9.016186632017517,6.0,8.886778453618422,5,1139.9775203734794
59,561,0.0,4.0,0.0,2,19.88826027302812,0.0,20.023919783639467,1,20.964487415502493,19.80852069910788,-0.0,19.850225305155043,0,150.47147710841662
81,161,26.0,88.0,117.0,47,3.8864408116936966,47.0,4.052454552999784,56,3.816820791883352,5.097561923687522,57.0,4.931727120743547,23,5566.916035080177
57,611,3.0,17.0,6.0,9,10.998273129571707,3.0,13.001195923642026,3,13.903740662986884,13.038957223600915,-0.0,12.914901722514186,2,456.021634142127
67,693,0.0,6.0,5.0,3,11.136358835979747,5.0,10.890692945400732,5,11.065007546767209,11.92466872377808,-0.0,12.14076858204248,0,103.33707310204188
62,103,3.0,15.0,8.0,7,10.928898309250425,1.0,11.953214821422224,4,13.283353330235542,13.048888739697714,1.0,13.034391481948706,0,322.49022157825493
86,427,38.0,177.0,191.0,90,1.9633572598794764,83.0,2.140139948549205,109,3.143709293290076,1.821472300335798,103.0,3.0299877571054257,43,1622.4496474516754
5,449,35.0,136.0,182.0,71,2.077197123366328,73.0,1.9700780562561824,73,1.933845442419522,1.985760098346764,84.0,2.8742601251508666,36,5050.900514461976
60,258,1.0,5.0,2.0,1,16.11799539930723,2.0,17.965780356950372,1,18.906498254835043,17.989020724379554,1.0,18.78932776465193,0,732.7029783765706
2,417,36.0,158.0,183.0,73,1.9836440476726325,79.0,0.6780616064458377,96,1.8804357136941936,0.8881890776990674,101.0,1.7612922218938096,37,3940.111419075221
37,395,9.0,35.0,49.0,21,5.8193563452087576,16.0,6.044099026538803,37,5.94007838689349,7.040162020987175,27.0,6.980654376390351,10,2272.2365022175163
59,59,0.0,0.0,0.0,1,15.959678183824847,1.0,15.82781135721609,0,16.965920229665013,16.175094630924068,0.0,15.945261424835405,0,232.63847866582347
76,83,5.0,15.0,11.0,10,9.959157745862752,4.0,11.183057281854266,7,12.150418501553771,12.06264562264828,1.0,12.164118503642284,1,199.29803797974893
24,676,10.0,56.0,29.0,35,8.05369168371516,11.0,8.963876560862557,16,10.052465075353815,8.995923964885895,5.0,10.26302890293536,18,2803.011791319402
78,438,27.0,136.0,133.0,84,2.890586941016394,60.0,4.15156693735356,91,5.129126160030518,5.053765490648335,70.0,5.0696022051940846,40,3214.000578416563
62,100,2.0,5.0,1.0,2,14.07199221678936,0.0,16.07877068533528,0,16.131078853585144,16.072491010959705,0.0,15.955540433572695,0,152.2775805664485
63,336,5.0,6.0,1.0,6,11.105441370581136,3.0,9.802408740386094,2,10.162585483863031,9.959878202233751,-0.0,10.101175465408316,2,1303.5317327785358
44,584,4.0,20.0,8.0,11,11.85133800524164,3.0,13.00801645321704,4,14.003114082234086,12.986201782829603,1.0,14.25539551994331,5,432.0809048892956
59,509,0.0,0.0,1.0,0,18.115923618207592,-0.0,18.91794516044933,0,20.13716716632992,19.038133149853152,0.0,19.00304192464576,0,146.04135417233215
21,300,10.0,34.0,26.0,19,8.916250578233875,8.0,7.876037038285845,19,7.994769335902901,8.112699788215414,9.0,7.876772560289233,2,1307.9961633660455
9,633,1.0,3.0,2.0,1,18.094398099102506,1.0,19.13532663797044,0,20.28787042425792,19.0237094100436,0.0,19.93174739320874,0,200.27554571274632
89,433,35.0,147.0,179.0,71,1.070048969281593,73.0,2.014472044963193,68,1.8850356578450416,1.881776000093516,91.0,1.8865525783083243,36,4735.927983216575
49,421,39.0,160.0,195.0,82,1.096573463188713,81.0,0.907787531227123,79,1.078271628746941,0.0305327948740684,102.0,1.0724812193415385,34,3628.786440571062
2,425,29.0,161.0,161.0,92,2.782905652670932,74.0,3.0620064260664144,98,3.0444539202165206,2.0951594290384365,80.0,3.118682441070049,46,4678.035642493327
74,651,8.0,40.0,21.0,22,10.114659213758577,7.0,10.802638615393027,10,11.98298014345403,10.929831566771728,5.0,11.174488456448278,15,579.8698871425408
82,484,4.0,22.0,13.0,15,10.915144636530693,4.0,11.75967548114875,10,13.026679808750474,12.02043956974253,0.0,13.155705183794574,4,480.2661755756188
90,408,35.0,145.0,182.0,67,0.0233291988024056,77.0,1.1743109703235506,58,2.1866824675394074,2.0588264780093883,91.0,1.9303721597450507,39,4714.635049448125
29,32,6.0,22.0,10.0,7,9.961776453275078,3.0,9.816802981446374,3,10.07502533242923,9.83505053781064,5.0,9.970013128242906,1,368.4997075848226
25,593,4.0,23.0,11.0,9,10.850158347954428,2.0,12.087849228201518,4,12.905734700069452,12.310067305129182,0.0,13.053616127726723,5,936.8332012180692
58,60,-0.0,2.0,4.0,0,16.015328852165926,1.0,17.155445774274725,0,16.914470690771868,16.1556006227555,2.0,16.71842791286279,0,98.18642405947284
24,681,15.0,95.0,64.0,57,5.902690500184091,25.0,6.862615082656426,41,8.01948201138396,7.022024093687148,32.0,6.977464848756926,27,2955.5166397315743
75,487,2.0,8.0,3.0,8,14.052168766930174,1.0,15.17662700749642,2,16.07936444042408,14.945097419346066,1.0,16.140982751852643,0,173.91036395086604
59,56,1.0,1.0,1.0,0,17.921812038612483,-0.0,18.06582014068768,0,17.96002260619455,17.27428479020343,0.0,18.072847037404177,0,220.87074714370772
24,680,19.0,122.0,87.0,73,5.023283515446309,30.0,6.022073732187526,59,7.069183318909924,6.048747506407175,43.0,6.217299553550419,40,2147.0103857873582
22,283,23.0,81.0,122.0,51,4.027091579146456,54.0,1.866842271611605,77,1.966288427717123,2.00805337893339,56.0,2.007037180261423,28,2658.451259676711
54,447,36.0,144.0,180.0,91,1.0629770488185266,76.0,0.0270813433371625,71,0.0,0.7976365860572294,91.0,1.2187664679691577,35,6877.673615920406
26,586,1.0,4.0,0.0,3,16.008487778388474,1.0,16.84972210826402,0,17.979078118484143,18.06411931773446,1.0,17.939621110614198,0,122.11236887663796
45,314,24.0,144.0,133.0,87,3.83406288635353,57.0,3.94299058838987,84,4.228005888404205,3.0524292775056674,60.0,4.070316491611858,47,3196.194070027631
63,363,9.0,25.0,19.0,24,7.934158832495145,7.0,6.965093435843103,16,6.844102299714748,6.940852993220096,8.0,7.033398806783495,2,1878.730348193352
27,765,2.0,0.0,2.0,0,13.949082023511046,0.0,12.0244486943168,0,11.88368062817873,12.19635121540154,1.0,11.953402727345702,0,44.27961477060674
70,80,1.0,3.0,-0.0,1,14.039139231011772,0.0,16.046342818441893,1,16.99911278299369,15.769652826332887,0.0,17.092705489584603,0,67.21933825703316
18,447,36.0,135.0,169.0,86,2.007802778872,74.0,1.019461248777723,75,0.0122592168353807,0.9683058363861868,93.0,0.0,36,3747.9885520553175
15,597,7.0,34.0,19.0,20,9.97156873995668,3.0,11.004465580417982,14,12.187271810792366,10.773045302535936,0.0,11.94312549308288,10,1179.552254323822
20,304,12.0,57.0,45.0,39,6.949643491820585,18.0,5.988069330407207,32,6.029800370189864,5.869289215068028,19.0,6.05478033547386,6,1279.032243729769
32,534,2.0,16.0,4.0,14,10.866131762337009,0.0,11.032415841493933,3,12.093181424968348,10.927463493134304,2.0,12.014982598146569,1,489.2020920638994
24,671,14.0,81.0,48.0,64,5.968972233729322,14.0,8.101236465029857,35,9.0986681435361,7.887221935286881,11.0,8.166198025765357,32,2699.849514075553
1,313,22.0,127.0,127.0,70,4.290795999646557,57.0,3.011061064834504,83,3.9195257551992784,2.946660445934961,60.0,2.9848542365934314,30,3305.534246833916
76,77,2.0,5.0,2.0,2,12.738786572486806,0.0,14.004630396062732,1,14.746457967311644,14.884917346600645,0.0,15.140718235850738,0,127.46635760731584
4,445,36.0,148.0,185.0,80,0.9275686311104484,77.0,1.115704896232465,65,1.0591754992127864,1.0648780187306264,92.0,0.8331569498692325,37,5408.061964946693
67,726,1.0,4.0,5.0,5,13.00473677160648,3.0,13.882328071632086,5,13.916104323409108,13.882402285708167,1.0,13.82918677736498,0,286.8650728706044
42,420,36.0,162.0,183.0,81,0.0962688778141988,79.0,0.0381993448462936,56,1.1103852779842829,0.8925385343100598,97.0,0.9794486505470024,35,6010.786892580287
59,570,0.0,-0.0,0.0,0,18.94976290236648,0.0,18.96483849618828,0,19.89511755006596,19.14432413736071,0.0,19.16958184795533,0,133.67785758764347
59,563,-0.0,0.0,1.0,2,16.955494946296213,0.0,16.847979369694997,1,18.003721521663184,16.966185023780408,0.0,18.02574187039897,0,32.61049089721062
62,86,2.0,14.0,6.0,7,11.026110521627066,3.0,12.015115893528408,4,12.134913417390988,12.248421724964205,1.0,13.016772997097815,0,225.79370840423687
2,417,33.0,157.0,171.0,73,2.1024033232240416,75.0,2.100754696713784,90,2.0079379564897377,2.1666913113056734,100.0,1.9501113513140909,42,3914.290221471909
81,448,33.0,126.0,172.0,71,2.0420595753319506,76.0,1.9958162155353367,68,1.77906053718831,1.813969628647548,85.0,2.1216575405327087,34,3799.173867702325
71,331,11.0,72.0,69.0,55,6.108912609229314,34.0,5.150654034820575,53,5.055395181387681,4.78359534293338,35.0,4.087356842001274,12,1202.8033774973617
73,24,2.0,2.0,0.0,2,16.79863970902089,0.0,15.984449270606598,1,15.981381027731796,15.927219367539973,1.0,15.867930616050051,0,251.0795559456758
28,731,-0.0,3.0,0.0,2,12.04210907279561,4.0,11.783231069531393,1,11.965971911899944,12.74784433967744,0.0,12.080916971135734,0,248.0895610357333
14,449,36.0,133.0,178.0,73,2.015651495586525,78.0,1.701924322744571,73,2.068570627622783,1.858076667563543,87.0,1.99487187205026,40,3957.7133982362666
4,449,37.0,149.0,181.0,83,1.0783029162808204,77.0,0.8401509460919743,67,0.8563703246836658,0.8730536310089242,94.0,2.0715051171924355,36,5713.687925431281
58,50,-0.0,1.0,2.0,1,14.969400216105372,0.0,14.83116028579798,2,16.17295868821402,15.03412824622192,2.0,15.099071893417005,0,88.70128874514339
66,275,8.0,39.0,42.0,26,6.083426028312311,23.0,5.011687677614554,32,5.021277789554254,4.884146398274371,18.0,4.017528249111144,5,727.9590132092206
45,299,12.0,77.0,47.0,51,6.816730269030403,19.0,7.028862370647153,30,6.947065565699335,6.000592056276278,35.0,7.1347152437916375,20,3159.0324816932257
7,447,35.0,142.0,170.0,74,1.1697120201988134,77.0,0.2531169781786569,67,0.0419446416786542,0.0,94.0,0.0261136557404957,30,4563.332078440323
28,697,-0.0,6.0,-0.0,3,13.144321827209158,3.0,12.974593245984316,1,13.005853182586367,13.103153113734104,2.0,12.898256172296271,0,90.883333429681
59,569,0.0,1.0,0.0,0,18.905322483601893,0.0,19.772698230792,0,21.250532069316705,20.199435961707103,0.0,19.84267316939291,0,66.98320422157235
62,73,3.0,8.0,0.0,4,13.064233877927856,0.0,13.95917837721657,1,14.852709399270532,14.825931918502716,0.0,15.200370258796704,0,234.4045218565162
28,693,-0.0,6.0,3.0,3,12.02743756424433,5.0,12.298912176638234,3,12.157267065578022,12.047475978625876,0.0,12.12686728722009,0,105.00557014139692
82,482,4.0,18.0,7.0,10,11.931260721794196,4.0,12.97642977374531,4,13.971578785307925,12.959837169158687,0.0,14.192722974001528,2,247.1144985955894
15,204,11.0,60.0,35.0,47,7.265614596700603,10.0,8.830811309728757,26,9.898432371262311,8.72560090944683,8.0,8.973431653344635,27,2546.4003702449504
54,447,35.0,144.0,180.0,86,1.0329285187761688,78.0,0.0772590568428883,71,0.0162740422413099,1.1316362095420036,97.0,0.9830924592137048,38,11953.036814440036
43,458,-0.0,1.0,0.0,1,16.038509169052393,1.0,17.066352370332304,0,17.944389270736142,16.811507673552953,1.0,16.965755344846393,0,87.26762747271978
84,427,38.0,178.0,186.0,92,2.003656872186728,77.0,3.1814664056559936,115,3.86464246990755,2.817897763700785,99.0,2.8371714115249462,40,2597.147831480181
77,418,30.0,119.0,156.0,60,3.009509106299052,67.0,1.0183131021746457,79,1.0330305390483188,1.0675774582204247,86.0,0.2103155842325743,32,2528.1002444386654
64,13,5.0,14.0,11.0,7,12.835331013059864,1.0,12.121329885548668,5,11.98170919313818,12.114604811089722,1.0,11.87322024549279,0,685.5418072242982
33,115,1.0,2.0,1.0,2,17.12839321599899,1.0,17.813466157915084,1,19.005003264548225,19.08553250065072,0.0,19.22833244265782,0,136.4223262667199
9,240,0.0,0.0,0.0,0,20.9409371760297,0.0,22.056244399552824,0,22.977667171571245,22.094240786309133,-0.0,23.030776820405823,0,42.44758500024706
12,151,12.0,56.0,52.0,50,6.084704481587535,19.0,7.082826337750403,39,8.126142112748802,8.060259846745673,19.0,8.054960097228133,15,2652.866223128702
28,696,2.0,13.0,8.0,9,9.84700304629529,6.0,10.101910374998354,9,9.970475870154877,11.024440804546284,1.0,11.097123431945349,0,346.7913991351397
26,579,4.0,15.0,5.0,14,12.88175468451959,4.0,14.978702082640512,7,16.10817753289396,15.129652481741214,0.0,15.08420656308106,3,573.3207656630728
17,225,13.0,59.0,44.0,40,5.968363942145862,19.0,6.929182080656569,39,7.920021000366555,6.8416358584613866,19.0,8.062493907416561,21,826.5647378855994
25,478,4.0,18.0,6.0,12,13.077119156088749,4.0,13.798777330604688,5,13.842141027784038,14.000805215437422,-0.0,14.10987492160318,3,949.2606503245624
59,559,0.0,1.0,0.0,0,18.11200225123669,0.0,18.131562187138684,0,19.103333524721144,17.958865206464186,0.0,17.848789299143213,0,61.13867122361999
6,404,36.0,163.0,184.0,83,0.0054990917624708,77.0,0.0624331555272991,56,1.0495598006086997,1.0122326186111217,97.0,1.0354619931683948,38,4140.0972681933545
78,437,28.0,148.0,140.0,90,3.34227716171112,60.0,3.9691223205323785,97,4.912194404290532,3.926114256556549,76.0,5.19808766280462,43,3996.6354045857433
59,575,-0.0,1.0,2.0,1,16.84642149799132,-0.0,18.13928398304021,0,18.123356072281663,17.080842731796324,0.0,18.185140692811977,0,175.374615457443
3,408,35.0,149.0,182.0,72,0.9245998189041578,76.0,0.7964243244904308,64,2.1687745710182744,2.213275943147055,91.0,1.977456682520872,37,4403.663654668482
43,626,1.0,2.0,1.0,1,16.883291397953705,1.0,18.19892425574851,1,18.88945391179622,18.09934819245229,1.0,17.82615881187614,0,62.54773633147644
37,384,20.0,44.0,81.0,30,5.048695586482733,34.0,4.949428995866066,57,5.06597122536678,5.08020758888454,42.0,5.019844486696555,20,2548.9019912512726
59,553,0.0,1.0,1.0,0,19.06079226118536,0.0,18.93002420627078,0,20.172480339870496,18.899459093425985,1.0,18.91789244921281,0,177.1726992626716
64,28,6.0,20.0,10.0,10,10.984614771409886,3.0,10.929394918898764,6,10.991908477918368,10.050163419535089,2.0,9.969787033917129,0,882.8506359873244
28,692,1.0,2.0,0.0,3,14.110893518638024,3.0,13.867963781244995,0,13.854124509708278,14.190695545133108,-0.0,13.997775715618891,0,244.6674340935737
74,493,5.0,21.0,3.0,15,10.858813418616489,0.0,12.09960872742913,4,13.105006600600912,11.79982389703727,1.0,12.015850012033788,5,340.0595779224361
9,235,0.0,0.0,0.0,0,20.01738256591693,0.0,20.93692891670744,0,22.018119081603,21.092720204535954,0.0,22.044921478306023,0,140.25474901747043
8,403,37.0,174.0,183.0,81,1.163022150943854,81.0,1.95432914168044,74,3.019841033785353,1.8879021196401136,100.0,2.953676703382928,34,3771.449999910728
75,466,2.0,7.0,1.0,3,12.993979433757836,-0.0,14.015808719358304,1,14.011885542939794,12.935274941436711,0.0,13.929195586945031,0,152.4100546067159
80,135,1.0,1.0,2.0,2,15.098872216625406,0.0,15.938841316890638,1,16.977009363388863,16.944492678595935,1.0,17.02802434323951,0,168.4453805939321
30,292,18.0,94.0,73.0,57,5.917299759683448,29.0,5.044479407792236,48,4.973134758159887,4.918996489086381,39.0,4.876697864777638,20,1583.6986567063054
22,280,29.0,89.0,144.0,62,2.9622051149644504,61.0,2.019987957557656,92,0.9592939991773828,2.0170326806666328,71.0,1.1787168713199976,32,3055.673232396955
51,405,38.0,175.0,194.0,81,0.8273811338005458,85.0,1.985773412024512,95,3.3698929955952,1.9411158869457392,103.0,2.006639540600723,44,2833.912299042969
77,416,37.0,154.0,188.0,71,1.0760890133497951,82.0,0.0,80,1.0544908667078572,0.0,101.0,0.9980800361371024,35,2545.3997199170312
77,416,37.0,152.0,190.0,72,1.0042304095256145,82.0,0.0,80,0.9871019936364912,0.1407290523737067,101.0,0.9451470734679414,31,3600.2783508568864
28,693,0.0,6.0,2.0,4,10.918805694412557,4.0,11.070933586912862,3,10.917070211915693,11.927093881719316,1.0,12.024748951771125,0,134.78259808539477
58,48,-0.0,2.0,1.0,0,18.98181499704588,1.0,18.96795105430628,0,19.914811634133205,18.88165540934236,1.0,19.01374940437009,0,72.42212879628708
15,607,5.0,25.0,6.0,14,9.910024265695968,3.0,11.87686918592806,4,13.267562434581766,11.99715204947951,0.0,12.981246960829573,9,1525.9810550334691
44,613,1.0,9.0,3.0,7,15.047244314448736,1.0,15.825825074255324,1,17.04147955979685,15.933018223901508,0.0,17.083048908936618,0,254.8984996194666
31,112,-0.0,1.0,2.0,0,15.085503411727103,-0.0,15.70551463907515,0,17.124397635080715,16.016020168446776,-0.0,17.02639652908922,0,75.1649791909886
80,80,1.0,4.0,2.0,1,15.028893321663576,-0.0,16.204474445581297,1,16.873518488885345,16.926220773286776,1.0,16.910582670611873,0,121.03328003427352
54,447,36.0,139.0,175.0,93,1.885930417216668,77.0,0.8282540282925013,77,0.0,0.942724455767118,93.0,1.096903791429496,35,2681.499317721818
45,426,28.0,157.0,145.0,86,3.0429508646008623,63.0,2.895127279032392,86,4.05163476066182,3.035892942631997,70.0,2.797479078490151,43,2556.3769077092606
1,313,23.0,135.0,130.0,75,3.99484707139656,56.0,3.050963366814761,89,3.911718507874797,3.0205227254151765,59.0,2.9468448179222486,34,4129.327654389297
89,402,36.0,170.0,183.0,76,0.0,80.0,1.9689019004552804,69,3.2349465133246547,1.7571802591736574,97.0,2.791826897880281,32,2950.478505760864
24,642,13.0,90.0,62.0,49,5.908682412282362,18.0,6.9468101836837794,37,7.921636347255304,6.880975020578741,25.0,6.86472173389043,26,1614.8021096962798
88,272,28.0,114.0,142.0,72,3.058603990003529,61.0,2.080876503788832,84,1.033797976058716,2.04674430085192,74.0,0.8988652466398401,36,1675.93883740171
24,671,13.0,78.0,45.0,59,7.1234850476864295,11.0,7.97591464668399,32,8.932687674805242,8.228587389281634,9.0,9.0664053802216,30,3046.3886260424383
74,494,3.0,12.0,4.0,9,11.965909554662908,2.0,12.987029752517628,4,13.849144899023134,13.012299412158155,-0.0,13.240101767950089,0,87.37005277492963
7,447,36.0,137.0,175.0,90,1.833295715653084,73.0,0.9322816171687376,75,0.0,0.9673010583788344,93.0,0.8941701016732512,37,3631.886971425936
15,675,10.0,59.0,35.0,31,7.841179549240536,10.0,8.766293759988132,16,10.219199768992024,9.075679842987356,6.0,8.938099285509704,21,2382.4592280637125
82,455,3.0,12.0,3.0,12,14.132864989919677,1.0,15.05060479972678,3,15.993114264164063,15.05930138419268,0.0,15.093649798677308,2,365.45753588086166
63,361,7.0,11.0,12.0,10,9.035544200064614,8.0,7.166672454247737,8,6.997231244806085,6.868238336704378,6.0,6.937851416119965,3,1117.0812093857123
81,381,29.0,100.0,142.0,69,3.0437359736197536,61.0,3.179189250567937,63,1.9443860759700733,2.9107396120803446,63.0,2.7943855797935138,27,3304.050209394598
72,90,3.0,13.0,4.0,13,11.232960977617193,0.0,13.111504165247355,5,13.018257952529456,12.997254703423128,1.0,12.995278927787494,1,650.7997065397566
52,447,36.0,144.0,180.0,93,2.121468970878375,74.0,1.0173146844815464,73,0.0,1.0359860488954733,93.0,0.9447907494879116,35,8129.730291994051
69,114,1.0,3.0,0.0,3,14.15943267896406,1.0,14.754814566356476,1,15.708578591975192,14.938474451040037,1.0,15.963936781433809,0,97.25336048949542
15,621,5.0,22.0,10.0,15,10.34242160996451,1.0,11.94679653847748,6,12.82428975601012,11.985620260578854,0.0,12.13901714687504,8,1363.5619714874013
33,257,0.0,2.0,3.0,2,18.165189708900336,0.0,19.931478060682185,0,19.92980035779255,19.85948188346377,1.0,20.26986110517428,0,158.85816013005362
78,195,10.0,79.0,45.0,64,6.000416534497655,20.0,6.824670520177051,34,7.984285290812928,7.102548278787556,15.0,7.873804121555903,36,2794.1062048478543
41,445,38.0,148.0,182.0,81,1.0677762318744757,77.0,1.1495720838694077,63,0.9838955508507892,1.121918951426064,93.0,1.0664303064957543,39,4947.392479637485
50,405,37.0,167.0,188.0,73,0.0,83.0,1.9561580512787224,76,2.8531763061910307,1.818119376897388,99.0,2.193687933457759,34,3715.95572419209
52,285,34.0,116.0,166.0,62,1.880235087699463,76.0,0.9226163809712736,85,0.0,0.8926931435716412,89.0,0.1170971726507076,37,5409.879267264516
43,504,0.0,0.0,1.0,1,20.0888226875861,-0.0,20.983350406131503,0,21.99891137457816,20.96949292126352,1.0,20.8274083562942,0,80.72612940778981
44,613,2.0,8.0,3.0,4,14.859321933684155,2.0,15.867286597881924,1,16.82507583695122,15.866421086150412,-0.0,17.06804332472237,0,292.636389793853
49,404,35.0,159.0,184.0,60,0.0,80.0,0.8606727970366307,56,1.995051097167128,0.8411569211346753,99.0,1.953146679779579,33,3208.9402080395985
60,255,0.0,2.0,-0.0,2,16.974028520463918,1.0,19.23964991812046,0,19.78478201195277,18.79989919845485,1.0,20.30192037270076,0,1048.4949645099591
79,301,9.0,33.0,24.0,16,9.108459092853462,6.0,8.107115098653138,17,7.97496317102726,8.207684356979934,7.0,8.127788772111758,3,641.4068778151238
11,431,32.0,121.0,154.0,65,2.0905353423926085,63.0,4.009859450656882,85,4.127129884293916,3.917901365599792,71.0,4.000120991335836,34,762.8871467268601
18,446,36.0,135.0,173.0,86,1.9752602444186456,74.0,0.9639695733243784,77,0.0337008556264148,0.8748866678757643,93.0,0.9836654688625708,39,5312.836309298752
89,408,37.0,154.0,185.0,70,0.0,77.0,0.9096405043747255,54,1.960927690700883,0.9962731248422942,93.0,1.8419415369703869,40,5517.099091564062
26,245,2.0,5.0,2.0,5,16.13957926367237,1.0,17.038619003892343,2,18.15286634110396,17.141896561917353,1.0,17.98610432837234,0,276.4409090314587
63,352,5.0,0.0,4.0,0,12.91740694284852,1.0,11.859783679285515,1,12.099517366708106,12.10418496492566,1.0,11.741275875829912,0,1224.288322580521
76,90,5.0,16.0,8.0,13,11.092268006629697,2.0,12.071804957948626,4,12.967654536790524,11.964609443158436,1.0,13.19908283555139,1,141.2408078343018
25,463,1.0,2.0,1.0,2,16.96068061687812,0.0,17.96973540968123,1,18.04894466464845,17.25430401059985,1.0,17.958334913048883,0,74.95733761595739
4,432,35.0,131.0,167.0,66,2.13012977449624,68.0,2.09270638398522,67,2.061061896035264,2.883594356925194,80.0,3.098398937275807,34,5654.070899497308
63,342,6.0,18.0,14.0,17,11.054040178136033,3.0,10.054929011593666,10,10.186729490379005,9.968987928574345,2.0,10.193828913935162,2,1264.0259159379716
23,224,15.0,81.0,68.0,54,5.035936353754021,29.0,5.887885207879692,57,6.983335417378797,6.236273845367932,33.0,7.092823898714454,38,1930.8893324153137
1,316,27.0,139.0,152.0,71,3.032046276092901,64.0,3.0095963846937672,93,3.039181831334596,1.8794088913793752,67.0,2.9672576636327,33,3353.185777745646
17,108,4.0,18.0,13.0,11,11.895578308072196,1.0,12.88651625086558,11,13.120271221595132,13.017621784294075,0.0,13.956160251288416,0,213.39095832178776
67,689,0.0,1.0,-0.0,2,14.864327982127405,3.0,14.957008428193127,0,13.852333721730378,14.911424659783895,1.0,15.188665165673015,0,129.27320214444447
27,356,7.0,12.0,13.0,9,9.091042025041542,7.0,7.910285039523918,9,6.985361216775224,7.033267573553159,4.0,7.059596000209593,2,100.7794670997998
64,11,5.0,16.0,12.0,10,11.9806172753246,1.0,12.245142214954289,6,12.196501684355182,11.146361908281907,1.0,11.141299347622308,0,185.5569478698683
74,495,6.0,28.0,14.0,17,10.984241562485806,3.0,11.969924884142484,10,12.962298191856636,11.971004302079969,1.0,12.104798070184067,9,352.5443444086369
92,406,33.0,152.0,179.0,74,1.0065113216449555,76.0,2.03688063671837,74,2.9082780863829285,1.7085643175850005,89.0,3.063621766580874,36,3365.095792607812
74,533,2.0,8.0,0.0,6,12.188795684486978,-0.0,12.123604135056084,2,13.037111059204731,11.945262215471034,1.0,13.115803969944904,1,314.51649050943405
21,288,15.0,84.0,58.0,49,5.8835309861590765,26.0,5.834490231090487,34,5.73905344562808,5.063770932364886,38.0,5.330815756294919,21,1015.1943967986308
2,425,29.0,161.0,159.0,87,3.142609863004385,73.0,3.0360849795501874,96,2.941544736346538,3.092839005885056,76.0,3.1140124480773586,46,4153.827324494588
11,435,27.0,108.0,136.0,56,3.035410567273627,62.0,4.051546154964321,91,4.953376711334316,4.941559277922324,66.0,5.11732251819861,38,2995.7943007435933
78,668,16.0,102.0,65.0,62,4.990079595826666,31.0,5.978835768484224,39,6.807537865273545,5.996148345956668,26.0,7.089670544388046,32,3294.9890624355166
59,570,-0.0,2.0,3.0,0,19.111310051194188,-0.0,19.09264806779204,0,19.91143685353195,19.07247963701966,2.0,19.026637307309887,0,115.91075423131234
34,531,8.0,57.0,27.0,41,8.092674519194912,9.0,8.93130682002158,26,9.138450049197465,8.005156025510908,9.0,9.088498627325182,15,1364.6723689803712
9,236,-0.0,-0.0,-0.0,2,18.013344652602207,0.0,18.89751539273663,1,19.96440453150753,18.916542182570986,0.0,19.91074504737579,0,136.5962975780202
66,344,9.0,19.0,14.0,13,9.99034603801721,6.0,8.842168440455975,7,9.058241107866598,8.12376001913065,5.0,7.875942818767302,2,590.7449888664
15,604,2.0,13.0,5.0,4,12.018383640918824,3.0,14.053372537038264,1,14.64003165440597,14.070175513059072,0.0,14.144501947102716,3,1145.8140265820357
73,12,5.0,12.0,7.0,5,13.228023655335782,1.0,12.926650145882862,3,13.101518631102907,12.046624872582091,-0.0,12.097586802470142,0,202.6385120144206
26,584,4.0,18.0,7.0,12,11.93063103659444,3.0,13.033010411624929,4,13.994691243639377,13.020031991761442,0.0,13.086113381624328,6,757.0372182129171
71,315,23.0,112.0,114.0,63,3.962545064976664,50.0,4.081425526868908,73,3.7516183682624624,2.8203434432640586,51.0,3.004146550640419,25,2057.1000207442244
77,416,37.0,150.0,184.0,67,0.9584868434735216,80.0,0.0,77,0.903889525818906,0.099625349389656,99.0,0.0,33,5065.383690247639
78,407,35.0,156.0,180.0,73,1.1889635354965264,74.0,1.915378985942633,80,3.161562273107932,2.8654994739827058,93.0,3.0709631944289995,34,2634.129726994634
37,177,11.0,42.0,58.0,28,7.158834226222586,17.0,7.0156234882304265,43,7.057232335255176,7.078399707334561,16.0,7.058468085728868,7,1603.6135107826342
92,406,34.0,151.0,181.0,62,1.10259227096412,75.0,2.0818510083724044,72,3.22561144362554,2.0561367183970085,92.0,3.070344437811685,37,4393.708959714186
30,330,20.0,105.0,103.0,71,4.883014103285387,39.0,3.961777553877954,73,4.025944631312,4.040744760395091,47.0,4.070939038429506,24,1029.017142356361
65,176,7.0,36.0,40.0,22,6.897437433464265,14.0,6.917606241124784,29,6.983588964711396,8.157033363133348,7.0,7.914303684791373,6,755.9472396585466
62,70,3.0,11.0,6.0,4,10.950131098215524,0.0,12.797674589825752,4,13.194946060905936,13.047868800846723,0.0,12.987372427885616,0,239.963714396916
68,187,6.0,30.0,13.0,20,9.110316695318495,5.0,10.995704047476428,12,11.178001484565131,10.880978837818416,0.0,11.128136778126365,8,791.0635119838391
61,732,-0.0,6.0,4.0,3,10.887974692063755,2.0,10.0677071557243,0,9.897283859062618,10.029716462200629,2.0,9.98048908042152,0,159.38883682653355
81,448,33.0,133.0,170.0,65,1.9506389562099984,73.0,1.8475493753637733,67,1.91372357833926,2.0278746154604645,82.0,2.1395519151731337,35,3337.2989126821867
0,355,5.0,4.0,6.0,3,11.89650839080758,2.0,11.188973180240094,2,11.08333235049747,11.013281454359884,1.0,10.975926298387726,0,572.7055244441669
84,423,36.0,173.0,183.0,81,2.046580274572473,79.0,2.0093972157941904,110,2.8429672516832967,1.9695198251843549,102.0,2.9222504540842897,43,2989.402646709628
43,504,0.0,1.0,0.0,1,18.82799554134631,-0.0,19.985826794591222,0,21.119702154725704,20.143805209268976,1.0,21.1399002813076,0,76.63394409632281
29,28,5.0,18.0,10.0,10,10.9575051447765,4.0,11.134820912652732,6,10.991351416587554,10.8831218776883,-0.0,10.782139256038787,0,688.4187574500778
89,402,32.0,166.0,178.0,70,0.9993957548240344,80.0,1.8278874035351569,69,3.051829227736617,1.9929352370775488,96.0,2.8293021219069514,33,4535.0797575628085
57,611,3.0,15.0,6.0,9,10.973259210981531,3.0,13.26486831676711,3,14.045808830325772,12.896093101841029,1.0,12.810072760931376,3,208.6957049636388
93,711,5.0,27.0,23.0,23,7.912596410078708,9.0,7.7172014230036226,20,8.088220149372958,8.914771719640605,4.0,9.109543488262071,5,583.3446926033157
17,108,4.0,17.0,15.0,11,12.025420173301312,3.0,12.956731721501676,13,13.004882762539834,12.944010608368712,0.0,14.131034141234617,0,270.1972896241045
89,406,34.0,157.0,179.0,66,0.8792703042190043,77.0,2.118434102411044,74,2.971195466755952,1.9551968052666853,91.0,3.131651032770636,39,6140.726635843093
24,671,15.0,85.0,51.0,64,5.947919729684188,15.0,7.989271165395037,38,7.895336626292587,8.102206768410737,13.0,8.165361407128216,35,1780.1454083592123
73,5,1.0,3.0,2.0,2,16.94963074367039,0.0,16.851091593862353,1,16.876088260818157,15.993759208094414,1.0,15.852806500280456,0,112.1583119695503
32,544,4.0,22.0,12.0,21,10.060539313319929,1.0,10.079810181339058,10,10.918369319219362,10.027614787633322,1.0,9.933756999790797,1,802.0377116662189
79,31,8.0,29.0,25.0,14,8.794185932458864,4.0,8.838637069348687,17,9.015407027187214,7.733857348664523,5.0,8.035785004013439,1,788.3419888040285
49,421,38.0,163.0,196.0,77,1.1032957776564372,83.0,1.171853735592355,93,2.12026169036366,1.079840271373277,106.0,0.8185170137301874,35,3817.2034724587215
76,93,2.0,6.0,5.0,2,11.914655040032144,-0.0,12.899570689403854,0,14.069283877231236,14.022487563476249,-0.0,14.097397488189998,0,175.83402983852648
14,444,34.0,140.0,175.0,74,1.0336636574909688,75.0,0.8588362203390968,65,1.1563666580465717,1.9804016478944204,93.0,1.9074452155724653,40,4959.550469525031
77,422,35.0,138.0,175.0,75,2.058280783706877,72.0,0.9585007160348368,81,1.044037093367513,0.0,95.0,0.0,29,3992.366259404628
0,65,2.0,0.0,2.0,0,17.189114075440074,0.0,15.920239906376436,1,16.10104886489774,15.959854644099607,0.0,16.041450925320632,0,443.1658839919056
73,2,1.0,4.0,2.0,2,18.07706010780037,0.0,17.766988239392315,1,17.85937959324399,16.993149133964867,-0.0,17.037993392120814,0,32.16442234801525
78,440,33.0,146.0,169.0,77,1.987182614976342,69.0,4.044209729862568,113,4.068251622399544,4.166875111138579,85.0,4.143985601164282,44,3869.836596272897
34,667,7.0,58.0,32.0,36,8.040453584782743,12.0,9.08821429700542,18,10.04648033160404,9.04071468905444,8.0,8.89118820316804,12,1392.146259550401
63,352,5.0,4.0,5.0,2,13.048750999042102,1.0,11.886789208645114,1,12.17770636104069,10.84105171771075,1.0,11.126282907398418,0,887.6174691406309
26,584,4.0,24.0,10.0,12,11.019765425994658,3.0,12.943132385673527,4,14.086717844143957,12.856399525359084,1.0,13.00321656020598,6,1297.890363204439
74,647,7.0,43.0,19.0,27,9.120603480696683,6.0,10.108035723056815,10,11.022741161095414,9.754482485290705,4.0,11.27625795286485,12,427.9070705306259
59,561,-0.0,4.0,1.0,2,20.059982365157868,0.0,20.13439361666881,1,21.097148759918923,19.886916329957465,-0.0,20.00774780139592,0,51.47358883267909
28,696,1.0,7.0,7.0,4,10.90261742996908,4.0,10.945543314094772,6,9.959483645246324,10.922555147390833,-0.0,11.10376116632409,0,446.003885503915
74,649,7.0,45.0,22.0,29,9.022224577811608,5.0,10.018404165693855,14,10.847023189646274,10.133466447860906,3.0,11.044918351535218,13,600.0047486061939
76,213,4.0,22.0,14.0,14,9.105843401106144,3.0,10.96297518369238,10,11.059278299679178,10.885187330773675,2.0,11.945795757782133,3,294.6162354943123
72,135,1.0,-0.0,0.0,3,14.082126854744418,-0.0,14.936847523941305,1,16.049703754149448,15.998355142020936,0.0,16.02517291044438,0,90.89768359635316
15,184,9.0,55.0,29.0,35,6.923684238774286,11.0,7.97133415441504,20,8.964627994594922,8.03498557362143,9.0,9.111933160393702,21,1601.2708901857968
78,670,14.0,88.0,55.0,62,5.919122516902317,21.0,6.809586295645267,34,7.923405795145726,7.055911296732707,16.0,6.911960097065452,36,2512.2324471180405
31,138,1.0,1.0,3.0,3,14.973972279584098,-0.0,16.018734620946265,2,16.996468098363987,17.082945971164698,0.0,17.08048025230713,0,133.98072205891916
89,402,36.0,168.0,178.0,73,0.0,80.0,1.8981588491822048,66,3.113809931302608,2.082291763475762,97.0,1.897116489250612,31,5227.367902780785
15,594,7.0,35.0,18.0,24,8.911325299766014,9.0,10.854517713015678,10,10.873535693879113,10.97297962426879,4.0,11.08866662021514,16,1659.3813495252602
74,493,3.0,21.0,4.0,15,10.902336531197134,0.0,12.212482120860722,4,13.139983211985284,11.79248924329664,-0.0,12.144480344250349,5,212.38978619726888
59,558,0.0,1.0,2.0,0,19.14291187051012,2.0,18.875464439328656,0,20.12060960627553,18.87001556309147,1.0,19.140144508312595,0,134.4987107100963
5,408,35.0,161.0,179.0,71,0.0,78.0,1.0624199602893365,55,1.8783384218907992,2.021363844658248,97.0,2.134101826112894,33,3163.896241839349
63,338,7.0,15.0,8.0,12,10.115094291854623,3.0,9.26533353688621,6,9.029025594426924,9.124051049488598,3.0,9.103180461361022,2,2089.84946257902
29,307,5.0,39.0,26.0,24,8.8512900646858,9.0,8.999296336403216,17,8.97914213715252,8.265702227857464,9.0,8.158421438758577,3,1769.87040967281
74,492,3.0,15.0,6.0,10,11.99466913145828,-0.0,12.944842220835362,4,13.991630117210432,13.16933294603528,1.0,13.101305676603555,1,148.94724531503465
4,444,34.0,139.0,175.0,80,1.0701510010562827,75.0,1.018726198021429,60,0.9181692541698832,1.880072885094853,93.0,1.9228491575205937,39,5366.093516739184
88,316,31.0,152.0,163.0,64,3.0412798412823023,74.0,2.015812061850166,87,2.9667246696719647,2.1186754641162464,80.0,2.07854269223548,40,1843.5806389005056
67,723,1.0,15.0,8.0,11,11.86867337693578,3.0,11.98096419850903,5,11.944154994729097,13.027256691577051,0.0,12.96326153414222,0,245.9427174255944
81,380,26.0,80.0,127.0,57,4.090109004892788,50.0,3.857356151925928,72,2.761448659687856,4.041918178001388,58.0,4.011141950488473,23,3389.62759174164
81,434,28.0,95.0,125.0,55,2.8116103426156784,56.0,4.069113278761435,68,5.033744168297647,5.027142273105515,63.0,5.055931637462194,30,3338.2154733596803
66,345,8.0,21.0,15.0,10,9.8755105203769,3.0,8.990374735264659,7,8.878142737432272,8.989245396142135,5.0,9.067619227444602,2,391.2688237344872
84,405,37.0,162.0,189.0,59,0.0,84.0,1.135183274615034,76,1.806798473480649,0.947478045663666,103.0,1.96319088939064,31,2936.8024470787395
16,378,27.0,84.0,136.0,55,3.259838333515761,52.0,3.1414103897796943,72,2.907594713742992,4.040358417511884,59.0,3.852229578116659,21,1335.2540846977356
32,544,3.0,21.0,7.0,19,10.095536293759125,1.0,11.193262205720858,6,11.042734066445895,10.06439813822218,1.0,9.789695245360209,1,674.110484430514
89,406,34.0,156.0,182.0,72,1.0073372137406928,79.0,1.85393575632426,66,2.95512842925124,1.9547851638177387,93.0,2.9880320352726115,33,2279.9021422484407
57,117,1.0,2.0,4.0,3,16.064130289723625,1.0,18.19958794456449,1,18.974719837366045,18.08028499728541,0.0,17.776260454587806,0,94.42485165778328
57,605,3.0,15.0,5.0,9,11.92179697424279,2.0,12.953521232059629,3,13.792997191878523,13.166267811085362,0.0,14.05548224246022,3,231.3081408978941
11,441,20.0,109.0,108.0,66,4.015005154401634,52.0,4.887702122741635,77,5.84315273182027,4.89929029062909,63.0,5.841838259873707,47,1456.821817286661
67,693,1.0,4.0,3.0,3,11.115161266836894,5.0,10.955249405153763,6,10.894780406310575,11.997420910858052,0.0,11.97164450948894,0,79.03598085213599
83,415,37.0,175.0,180.0,101,2.029189156552277,82.0,3.108043893119948,116,4.0019099038887695,2.816982212343717,96.0,4.020930702919267,47,2661.9799907859656
73,61,-0.0,0.0,-0.0,0,16.93933279518016,0.0,16.72780343894062,1,16.921208788683934,16.06098274665811,0.0,15.956349648402174,0,195.3482423313077
78,195,10.0,73.0,44.0,57,5.938266034982719,18.0,6.949789066512135,35,7.949009862760183,6.836480500021893,13.0,7.8372478431442305,32,3729.438418003034
62,73,3.0,8.0,3.0,4,13.108191678374828,0.0,14.986672877143512,1,14.946495819385133,15.150592770311714,-0.0,15.081535575113271,0,148.33914331436617
69,191,6.0,20.0,11.0,17,10.039041816203804,1.0,10.89667020084202,8,11.73317936387533,12.060890603272634,1.0,11.93802143456744,5,282.6886142973799
0,753,4.0,-0.0,3.0,0,16.06151451981437,0.0,15.198712385818888,1,13.873202657475332,15.120115814080668,0.0,14.333491782509514,0,304.74595798952504
15,188,4.0,22.0,8.0,16,9.862991170637851,2.0,11.985308775528726,6,13.230394542275818,12.299845262883435,1.0,13.052590355504144,7,346.611698829743
89,408,34.0,150.0,180.0,73,0.811240314280304,76.0,1.9439760854090744,65,1.9550305078607344,1.9274286409519616,91.0,2.9392549020555103,37,3754.8067170277527
76,91,4.0,16.0,12.0,14,9.92410167793562,3.0,11.0159389761152,10,12.0431855132353,10.91184474168383,2.0,11.915433372827438,2,303.54387162601404
45,681,16.0,104.0,66.0,64,6.121911997390539,29.0,6.097753579099188,45,6.787926749605624,6.034535680221445,34.0,6.883318879119108,33,3210.2072306780324
69,122,4.0,18.0,5.0,13,9.971796275600637,0.0,12.028469576193396,4,12.968530981407124,11.896253412125814,1.0,12.975871462397595,3,379.6434134594511
66,41,8.0,21.0,12.0,11,10.998131031959009,3.0,10.978374473572364,10,11.029543396023076,9.956508800415987,3.0,9.888649779074226,1,208.85960491846004
76,221,5.0,22.0,10.0,14,8.750949853339268,4.0,10.85847837794914,10,11.729268037637796,11.109246284577894,2.0,11.847102833147837,4,246.7987635181765
67,179,5.0,29.0,25.0,21,8.083359730673084,10.0,8.11635458747626,17,7.773118223238949,8.965082242151952,6.0,9.112619632122223,6,502.23948391057417
78,437,27.0,144.0,137.0,89,3.0586486325662547,60.0,3.942071592188386,93,5.104904008787948,5.093713922170124,71.0,4.8611389604526485,40,3297.3177509918573
92,433,34.0,151.0,181.0,74,0.9466313455987247,75.0,1.8534864374570192,67,2.887423143279725,1.919571642411768,91.0,2.9817178581774213,38,4070.6751470331023
28,742,0.0,4.0,2.0,2,11.838177117972512,4.0,12.124422027541437,1,12.023602016347324,11.987628907452756,0.0,11.950200894106212,0,294.7464857939336
60,115,0.0,2.0,0.0,2,17.01638207850708,0.0,17.869928399470464,1,18.991145559431544,19.16124435636477,2.0,19.13524344879747,0,460.0255851831608
11,165,23.0,104.0,122.0,57,3.043596955918139,62.0,4.866174373310492,80,4.932310204953011,4.956704430118385,66.0,5.058164655985681,41,1957.4341971708216
58,59,0.0,1.0,0.0,1,16.09008013695249,-0.0,15.963155916018763,1,16.984889397208043,15.85232632995202,1.0,16.076944282224147,0,149.88105161176844
75,464,1.0,4.0,0.0,4,15.079732847362385,1.0,16.00631733726469,0,17.143224918921916,16.16205040053658,2.0,17.216761374375704,0,77.81751450389464
31,112,0.0,1.0,1.0,0,14.925317673700112,-0.0,15.99765583549453,0,17.09422297693833,17.061430032179317,0.0,17.15556011878114,0,77.74511914603224
73,22,1.0,0.0,2.0,2,17.075651653840886,1.0,16.053959905851986,2,16.89713883738601,16.082084702811514,0.0,15.8922853358491,0,172.1062892270596
29,539,3.0,18.0,5.0,16,10.103147413617938,2.0,9.892638908464924,7,10.770821318557362,9.99090660098556,2.0,9.900854193269936,1,366.0075286593109
13,159,22.0,87.0,109.0,55,4.1693762131241225,45.0,4.970159755601449,83,5.875768308103476,6.193578036155809,54.0,5.849928408783072,26,2422.4484212910093
26,595,5.0,28.0,15.0,13,11.179335125882629,3.0,12.03252452677724,9,12.944364944658089,11.973691688848978,0.0,11.907182401017389,6,1338.7643628288124
23,209,4.0,27.0,18.0,19,8.121842958771525,5.0,9.778972367412964,11,10.116653387360554,10.138830122063665,0.0,10.071032449021102,9,329.2850193712283
74,521,1.0,4.0,-0.0,2,12.908539820490056,0.0,12.958682700589913,0,13.893928661219498,13.162306201073964,0.0,13.79157581612692,0,65.23062126979032
93,180,5.0,31.0,26.0,28,7.823220386043836,7.0,8.229983746333982,21,8.157746278722122,9.24219292672427,3.0,8.930832840975878,5,133.0461186816704
1,313,25.0,134.0,138.0,74,2.911965148300957,61.0,2.970929821650494,81,3.1323482509292364,3.209570643351854,65.0,2.975502251219538,32,3353.9429956505214
43,624,1.0,1.0,1.0,1,17.000594187425488,1.0,17.967584135332622,1,19.027876891555827,18.0806494917874,-0.0,19.14234683127986,0,94.74543120068316
5,449,36.0,141.0,182.0,79,0.9530768643784088,76.0,0.9475737444451507,73,2.136937794040233,1.968409149188304,91.0,1.952543774228635,39,4005.735430989405
17,105,4.0,16.0,10.0,11,10.89710757227504,3.0,11.84911183885171,11,13.004114743385545,13.212732083174158,0.0,12.809215844715863,0,373.0965325681773
26,634,1.0,4.0,-0.0,3,17.006783588420507,0.0,18.113099626466305,0,18.985063811530715,18.03899482193013,0.0,19.06218348367978,0,782.9493729455421
23,85,5.0,19.0,11.0,16,8.968879659877212,3.0,9.935645938062144,8,10.990464981418674,11.021995989955943,1.0,10.848484018461969,1,304.537652227695
55,422,35.0,147.0,180.0,75,1.1043744973172296,78.0,0.0333393438916745,72,0.0427791008122656,0.1625275763715463,95.0,0.1178418400282101,32,7341.662632940233
3,408,34.0,151.0,180.0,66,0.0,77.0,1.037966054042339,51,2.030015781868892,2.0786056897686427,91.0,1.8487178282168293,39,4205.377168677075
1,317,25.0,142.0,137.0,77,3.949694270088055,64.0,2.990922612268811,83,3.926618619313709,3.03882901821771,63.0,3.180912371785168,39,3853.895619116654
87,407,36.0,170.0,182.0,91,0.9136115363659922,77.0,2.8959295912048666,101,3.793379544660207,2.9203109735198045,92.0,2.9883057213541093,42,4285.835445842913
9,246,1.0,4.0,2.0,2,16.90856557885663,2.0,18.027116466003736,0,18.89389512892382,17.78354237731896,-0.0,18.98395905944256,0,106.11218534322208
55,447,36.0,139.0,177.0,91,1.852721054322804,75.0,0.8708774976187246,78,0.0005801870265353,0.9077445915302912,93.0,0.9576533880040338,35,5406.483385964921
56,422,35.0,139.0,174.0,78,2.1362562346260283,74.0,0.9070088351899834,79,3.5748818906828e-05,0.1426694955358901,93.0,0.0,29,5972.1929577221545
76,148,2.0,12.0,2.0,11,12.090646922400776,2.0,13.01911852875766,4,13.896234558209136,12.90566007979596,-0.0,13.966610718920972,1,134.06155899261478
74,650,6.0,41.0,20.0,31,9.916704163916869,7.0,10.919973918930983,15,11.927542900134092,11.024039424138712,3.0,10.919667170747392,13,519.1259722437687
1,313,24.0,134.0,132.0,71,4.074087801290248,59.0,3.0516166819024497,88,2.881420768086449,2.9004101475968014,61.0,3.1380129254974385,35,4087.0489774562297
1,419,33.0,142.0,174.0,67,1.788603817043729,75.0,1.0419201584829412,90,2.22657997009944,0.9781624071058516,96.0,1.143715254023115,38,3968.67632109646
91,435,33.0,119.0,158.0,65,3.224853892808172,62.0,3.962169257638376,89,4.096125639754043,3.7852850950607175,69.0,3.998400387942652,36,4406.389111970519
76,95,4.0,15.0,7.0,10,10.946207305892411,2.0,12.099894587267652,5,12.948672615482426,12.921854783350591,1.0,12.827665632286129,0,271.7900552926673
24,649,8.0,47.0,24.0,29,9.120920636488528,8.0,9.929153038205582,13,10.981018243857228,9.869739363751696,4.0,10.218655295662266,12,2184.581756371901
25,463,0.0,0.0,1.0,2,16.948711993758305,1.0,17.855876821643463,1,18.905952177180986,17.907292356324813,1.0,17.85476845584785,0,183.78104225958364
22,284,34.0,113.0,164.0,78,2.9528487981111606,67.0,1.0391372785481203,82,0.0,0.9288049259598264,87.0,1.0235259001869474,40,2250.4928276724754
29,36,5.0,23.0,13.0,16,10.154055145862989,4.0,9.932136342510642,7,10.055784137369256,9.87909985391022,3.0,10.134435391369005,0,467.8448273879743
72,90,4.0,15.0,5.0,13,11.1550527896608,2.0,12.17146430155121,4,12.937965276902474,13.001886833248228,2.0,12.92450616204496,1,557.053152755757
77,418,32.0,128.0,168.0,66,2.0058538622815685,73.0,1.09203857029428,80,0.9509666814572796,0.9378165876972308,90.0,1.187245788531092,30,3187.3171291291715
15,199,8.0,67.0,33.0,43,6.014500931424267,15.0,6.955741912897578,20,8.034167234346969,7.137259510828017,15.0,7.858026797728834,25,1569.6215331336527
74,495,6.0,25.0,12.0,18,11.024464069387424,3.0,11.952331484457147,10,12.781244613427514,12.21203664235466,1.0,12.065832049186376,7,240.13739038192145
25,482,4.0,19.0,8.0,13,12.230080763325132,3.0,12.946252845170092,6,13.971273612380662,13.064966775077652,0.0,13.128365017789337,3,767.8310811392116
78,413,29.0,141.0,121.0,87,3.086555284873125,47.0,5.13379736262889,94,5.815815332041882,4.866879855724767,69.0,4.901483866908567,49,3515.304636378878
66,41,10.0,20.0,15.0,11,11.188836145365723,3.0,10.967704107505853,10,11.141203372334685,10.128222547669909,1.0,10.242355327413096,1,325.1709973282904
37,382,21.0,55.0,91.0,30,4.754555340662823,39.0,4.821658307373558,54,5.012221517739669,5.048865855436141,48.0,5.049898989764461,19,2491.914919769457
0,349,3.0,1.0,2.0,1,15.105514291474822,1.0,13.25463182915264,1,13.225644883723827,13.155131167704534,0.0,13.00652585479502,0,801.6636283111159
55,447,36.0,138.0,170.0,88,2.064720686609839,75.0,0.8466449516417933,78,0.0112178105564271,0.9061828500141412,91.0,0.9488929250041698,38,5864.278783325978
32,516,4.0,15.0,1.0,11,10.81735201524639,-0.0,12.189908598683932,4,12.154662084949727,11.067481309479488,2.0,11.850260620066054,1,487.8409083575879
25,599,3.0,11.0,6.0,9,13.85807809435073,2.0,14.815202269575966,5,16.170940721561987,15.035916982092882,0.0,15.869605672668088,2,1091.4322296175944
59,552,0.0,0.0,0.0,1,20.25225006480455,0.0,19.95034542967468,0,21.36149042877999,19.920371116252305,1.0,20.943139095592347,0,148.02787228935313
33,117,1.0,2.0,1.0,1,15.924936916788162,2.0,18.050005232684462,1,17.982614154704244,17.891692875985814,1.0,17.825160614978017,0,210.87365282309668
9,259,1.0,5.0,1.0,1,17.07124083739067,1.0,18.18291375080729,1,18.86728601498838,18.08300288650296,0.0,19.003954346877663,0,119.57543728585848
23,85,4.0,19.0,13.0,17,8.947216191816402,5.0,9.922616798020671,8,11.190902999540436,10.02025221377237,2.0,11.21716587502056,1,569.133938755991
43,502,-0.0,3.0,0.0,1,18.13840736003049,-0.0,18.947394571910458,0,20.0982197466316,19.01435876223293,0.0,19.7950179889896,0,97.30640904293357
69,145,4.0,11.0,5.0,11,12.149021861189132,0.0,14.043064874931428,5,13.931849128032605,13.954671246558608,1.0,14.01348998802974,1,213.8770325997565
93,395,12.0,37.0,56.0,21,6.21298375122215,19.0,6.211988535856411,44,6.038006526169163,5.979085771247173,30.0,6.020891945625006,11,1429.0729369875298
0,745,1.0,0.0,2.0,0,18.093335772323965,0.0,16.965623643371327,0,16.213769552580157,15.968522077592086,0.0,16.089819034639056,0,390.2357645866712
59,575,0.0,1.0,1.0,0,16.860885539960652,0.0,16.852502838149984,0,17.99697008614659,17.00397233854337,0.0,16.899324663761995,0,138.17747199216473
67,721,-0.0,0.0,2.0,0,14.878113499624265,3.0,15.160273322789132,0,14.905923221917249,15.9282646736383,0.0,16.22077566690081,0,45.712972113815766
14,449,37.0,147.0,182.0,79,1.0460575298099613,73.0,1.9853299520386896,70,1.9817284250433145,1.9423969807942547,90.0,2.1737777400868525,35,4640.935238687332
44,606,3.0,16.0,4.0,9,12.068384790663384,2.0,14.049349748003417,4,14.942539916217996,13.907616367865376,-0.0,13.948765011038706,3,562.6343263408908
44,608,3.0,17.0,6.0,8,11.285890981028151,3.0,12.9967180151725,1,13.74878306574773,12.990095459558296,0.0,13.131678093901185,5,506.64750621824055
15,198,15.0,88.0,59.0,59,4.871892755585558,31.0,6.141069516217246,43,6.814989336238038,6.979608243048909,33.0,6.854701205599454,30,2499.4993654578097
16,378,26.0,74.0,113.0,47,4.083543508921456,45.0,3.846889709364004,69,3.9970283204726207,4.869555282439178,52.0,4.92748381862456,20,2121.319760818724
72,145,4.0,10.0,5.0,12,11.774686302751174,0.0,13.063899738440677,5,14.033629464216403,14.150368561106422,1.0,14.029297049355046,1,1129.0799104624473
74,470,2.0,12.0,2.0,7,12.917488849536484,0.0,12.901648528279988,2,13.916775964705144,12.940490380494673,1.0,13.321013382875616,0,124.66386972232976
43,571,-0.0,3.0,0.0,0,17.902334406892358,-0.0,17.907305107424026,0,19.01602013397037,17.86398439393995,0.0,19.051825880204863,0,79.31948845161506
73,5,1.0,3.0,5.0,2,16.786059397424935,-0.0,16.89532307250339,1,16.827825298460272,15.83812890843418,1.0,15.924735197797617,0,178.17441784224528
24,644,10.0,68.0,38.0,39,6.976312739455098,10.0,8.025449622668283,22,8.931936685411882,7.926835555301177,9.0,7.724959610016867,24,2060.0599126465654
59,562,0.0,3.0,0.0,1,19.9181572971254,1.0,19.950365994350804,0,21.2222493809126,19.8429967040646,0.0,19.78633060230591,0,137.81375226172827
66,354,5.0,9.0,4.0,8,11.98455463280886,3.0,11.017050792138264,2,10.998573700865254,10.808565514525622,0.0,9.950418784319073,0,532.0005830529301
18,444,34.0,140.0,175.0,77,1.0187535933510876,74.0,1.1162591012854073,64,1.1061602301336255,1.9260936985188268,93.0,1.91885693015698,39,4471.959152634019
55,420,37.0,151.0,189.0,73,0.850061053600181,79.0,0.0,71,1.0506455418120386,0.0675882946321549,101.0,0.0643039991677039,32,6172.037172892132
25,485,2.0,8.0,2.0,7,15.155480225669033,1.0,16.173714449342537,3,17.07107036358512,16.008270725354627,1.0,17.066149556963882,0,259.9903405578959
63,361,7.0,16.0,12.0,13,9.02863946210857,8.0,8.090974631777824,12,7.0548157580978685,7.100100953155888,4.0,6.81646571373529,2,1333.5900137046142
0,753,3.0,1.0,2.0,0,16.024832444956367,0.0,15.059819896178285,1,14.9090343793306,14.930953153242944,1.0,13.809766789153802,0,748.5418316622862
33,255,-0.0,2.0,1.0,2,17.26083718428218,2.0,19.15232187350644,0,19.83876317366878,18.97803877392769,1.0,20.19589534002547,0,284.2664591352108
12,150,10.0,50.0,56.0,33,5.992434456521244,21.0,6.957917074858268,46,6.93195943604403,6.874290712061046,22.0,8.269412507095852,16,2614.8586227861742
59,577,0.0,3.0,0.0,3,15.873083787617242,-0.0,17.008788261281122,1,16.960128733310107,16.074921169900254,0.0,17.04147892641252,0,104.4772017121906
14,387,28.0,94.0,138.0,67,2.92804792554726,55.0,2.99791976805112,81,2.031220151965919,3.342284783112584,59.0,3.071831868045189,22,6871.497525285885
75,475,1.0,3.0,1.0,3,16.2088335686116,-0.0,15.9807895043111,0,16.84767828524425,15.982175532529746,-0.0,17.042708527902334,0,73.65771536716186
68,193,6.0,33.0,13.0,26,8.049816050084234,4.0,9.769534571947652,12,10.822986221741042,10.009717774577396,1.0,10.843507620171527,8,409.8004923823842
13,159,22.0,87.0,109.0,55,3.9620269792997,46.0,5.165622371236081,82,5.008377387254112,6.05075904202452,55.0,6.098939658868979,26,1575.9907268587929
81,430,34.0,121.0,155.0,66,1.9034901483455056,62.0,3.0982806181244453,77,3.854725318761898,3.780584753498126,68.0,3.974075008695261,30,4100.737399819792
50,417,35.0,156.0,177.0,71,1.827332271026997,78.0,2.0383551201577785,93,2.0388923512315067,1.176527036304857,102.0,1.846937528581052,38,2969.547500339272
9,241,-0.0,0.0,0.0,0,19.9185588189198,0.0,22.061541581665274,0,23.10299847127054,21.917597633730008,0.0,22.06473255909923,0,168.20600568790576
15,668,16.0,97.0,56.0,72,5.974448585527212,21.0,7.185101109633525,35,7.845858983459891,6.89460306444526,19.0,8.025257111177321,32,1666.9427524765697
2,417,33.0,156.0,173.0,70,1.86138267099892,75.0,2.0042770029177075,88,2.094641262818969,0.8496605334570162,98.0,1.9749951471123028,37,2849.15164910866
82,593,4.0,22.0,9.0,10,10.87126704992696,4.0,12.020959159661768,5,12.971826998802031,11.950721404867243,0.0,13.046938146135034,5,442.0257078570661
82,478,4.0,19.0,5.0,11,12.070172208783164,3.0,12.93214321824849,5,13.890144944243216,13.170724682052985,0.0,13.786914392671324,3,499.69721616553375
52,447,35.0,140.0,169.0,82,1.9642979413688444,76.0,0.0,72,0.0451940166152147,0.0,95.0,0.1885162593763288,29,6343.850858257986
13,163,16.0,58.0,69.0,43,6.075257992362516,30.0,6.973188734314286,58,6.953709738223135,6.965541967769688,34.0,6.796246185696576,17,1823.3792534895904
81,448,33.0,114.0,151.0,68,1.9136357377478768,69.0,2.07722856393704,56,1.9287408548915683,3.133325744865884,72.0,2.7521619150077483,31,2411.150175155716
1,316,28.0,136.0,157.0,64,3.109102911620173,66.0,1.8539718666316929,79,2.977016679654512,2.015314400338829,78.0,1.9781046800260225,35,3565.3982477823943
23,224,16.0,79.0,67.0,56,4.867146567602992,27.0,5.949742455412367,58,7.039370458322417,6.873477208091619,32.0,6.901156824920339,35,1304.1589757077638
8,403,38.0,177.0,182.0,90,0.9104717912381448,82.0,2.1657550520805064,101,2.811637666926321,3.031231841491148,98.0,3.027038453310087,39,2301.153949644154
67,703,3.0,13.0,8.0,6,11.01963658353418,6.0,11.08406986442848,2,11.136599448419425,12.038297776620588,0.0,11.884304512228116,0,392.6349779756831
68,190,5.0,30.0,12.0,20,9.03406380920459,3.0,11.033438196364704,9,10.86861917045332,10.958673228196377,0.0,11.013202368593689,9,455.9315122002873
92,406,33.0,158.0,181.0,75,1.1595887111779113,76.0,2.177944737363441,68,3.015195712760581,1.9608166105850344,89.0,3.0534442788830227,34,2930.0739805656
24,676,10.0,55.0,31.0,30,7.893768785084702,9.0,9.090060425522552,15,10.168593610880142,9.133154264792577,4.0,10.14659828192733,19,2399.786675741568
73,6,1.0,2.0,3.0,2,17.055764099138784,0.0,17.072335038615293,2,16.910282204318726,15.761710237910096,0.0,16.234562614446844,0,188.23950623136605
37,395,9.0,35.0,53.0,21,7.03014381139949,15.0,6.885763713124345,38,6.14915166357784,6.859704578179299,19.0,7.135582330022619,7,1998.642829016845
29,295,11.0,64.0,40.0,48,6.9896880369415095,18.0,7.046590431261695,20,7.813293949451984,7.1041781345209785,26.0,7.163144363831334,11,1572.2254587298694
66,367,8.0,34.0,29.0,26,7.783825553170631,16.0,5.940253218119349,21,6.182279517754768,5.947583635544493,11.0,6.149380964288532,4,827.1429255612651
17,157,5.0,31.0,18.0,24,8.012435124874123,5.0,8.81404068206777,8,10.01540165609554,10.125600353196928,1.0,10.15671933281787,3,340.03109539180264
34,539,4.0,25.0,14.0,23,9.870695571210108,2.0,10.033401149760657,14,9.938882916544555,9.00628455416999,3.0,10.026839790536515,1,592.4516892747263
59,572,0.0,1.0,2.0,0,18.88156995813377,0.0,18.880439132613027,0,19.85153389760584,18.91456028103823,0.0,20.17272557987637,0,180.23833669152165
12,151,14.0,62.0,70.0,53,6.049700275866974,28.0,6.161877808963382,59,6.927442602735429,6.976539898064728,33.0,6.9328944626438345,21,2677.277853347576
87,402,34.0,166.0,180.0,73,0.0,80.0,2.188667114449409,65,2.925618854448665,1.956900392330693,95.0,3.035924772020178,33,4372.0252924040215
81,387,28.0,90.0,137.0,67,3.0378762336974185,55.0,2.989953901259502,80,1.948320845082712,2.8807840102929583,61.0,2.9208879082135506,22,3718.352197379703
9,251,1.0,1.0,2.0,2,20.15027628872184,-0.0,20.981525597756463,1,22.13263912292884,20.943192360182696,0.0,20.86012681616385,0,131.1273194109631
48,435,33.0,119.0,156.0,69,3.0759606114947986,61.0,3.990952136610923,87,3.715211687122203,4.005982695015557,68.0,3.980203134116212,35,2827.233517600808
9,250,1.0,3.0,2.0,1,18.009982007622792,-0.0,19.103353689700665,0,19.90114154350616,18.91192370830317,0.0,20.09919000407267,0,132.83676578100312
45,319,18.0,123.0,93.0,77,4.977329338236247,37.0,4.778534682566381,59,6.047825127890264,5.07146845723041,53.0,5.025852940425357,33,3407.378449607198
4,448,34.0,131.0,171.0,67,1.8857155649681403,74.0,1.927012331290452,69,2.0842012726130306,1.9210221662635203,82.0,2.1771095951712334,37,5772.008365538503
25,628,1.0,4.0,0.0,1,17.000750860429854,1.0,18.073691540327136,0,18.72332349685287,18.04795325285758,0.0,18.91268919996844,0,93.99523129761056
8,402,34.0,159.0,178.0,65,1.0065264492360786,80.0,1.8666172221685888,75,2.982449202367278,1.8575198011396143,94.0,3.037598617507088,39,2397.5597727289023
1,417,38.0,161.0,182.0,73,1.870199660214456,81.0,2.040850697140957,98,2.0823940946051374,1.0820872475250936,102.0,2.2307138364601142,37,4090.694618436258
12,167,20.0,87.0,106.0,59,4.927353153168563,35.0,4.9164644127085255,82,6.202244937996047,6.24917610694258,51.0,5.76421615642857,25,1718.5084606344433
24,644,12.0,73.0,50.0,36,6.0634360061666825,18.0,6.8606098233359925,28,8.055796233132039,6.874399093713099,15.0,7.959380541260524,24,2477.2937437530363
67,703,3.0,12.0,13.0,4,10.25985271486322,6.0,10.909665360201808,7,11.12013918382841,11.05148177980704,0.0,11.089468197362836,1,274.7000484461127
84,429,37.0,175.0,192.0,76,0.8676146068027997,84.0,1.931575372349773,94,2.953679535312648,1.9116429757866056,101.0,1.8950916457622435,42,3807.341833110822
69,126,3.0,14.0,2.0,12,10.9793356541065,0.0,13.040283996475676,2,13.872283891189369,12.954594301898112,1.0,14.007382522598904,2,210.63823405542232
72,90,5.0,16.0,3.0,14,11.12767979381336,1.0,12.013837535824347,5,12.99814126103157,12.159654580545713,0.0,13.05294057436074,1,903.2883350717764
16,160,21.0,57.0,97.0,30,4.975846285522847,41.0,5.2296925462619415,50,4.987326248101688,4.94570644101629,52.0,4.947286936984515,21,1126.810627313556
81,381,29.0,109.0,150.0,75,3.112990396418898,62.0,1.9347121040379407,66,1.929711490233485,3.2442613387971004,66.0,2.9103118510205905,27,5067.347625063224
28,714,3.0,12.0,12.0,10,9.990030063739082,5.0,9.84714581514674,10,9.998754508848574,11.091916775406885,2.0,11.09787871106334,0,661.6780593909839
15,592,6.0,30.0,17.0,17,10.23572525555569,3.0,11.834410040179227,13,11.767466576917522,11.922004652515858,0.0,11.99245914918111,10,1176.1359103537886
24,665,7.0,53.0,22.0,30,9.043382436381703,8.0,8.830195514636994,14,9.992654838555548,9.026719018925451,7.0,10.055559310813576,12,2108.377094898487
59,508,-0.0,1.0,0.0,0,17.97160452262638,1.0,19.03273400215958,0,20.2114829699382,19.11845124662772,-0.0,19.078237936172226,0,199.4111117843436
32,522,1.0,4.0,0.0,2,14.074819945159716,0.0,14.114595332762493,0,15.02683290180584,14.140148715411604,0.0,14.124759183062032,0,154.97215731190929
0,64,2.0,0.0,0.0,0,18.87128255494457,0.0,16.833521805212634,0,17.087846508530586,16.893634790442956,0.0,17.158431279793934,0,544.6691397022051
69,110,1.0,6.0,0.0,6,12.795871540780537,-0.0,14.737471787836526,2,16.122467923993515,15.021728171538877,0.0,16.234781890672043,1,62.28543554012754
0,748,3.0,0.0,1.0,0,16.21595180670665,0.0,15.048305301710728,1,14.866307091444275,15.007821161940257,1.0,14.066148680163876,0,476.73552494007816
61,714,4.0,13.0,12.0,11,10.152777573696865,6.0,10.267006750612737,14,9.753012229818784,10.097210560939768,3.0,9.709125029042044,0,578.3715379672768
12,150,10.0,45.0,45.0,40,7.00358961660336,18.0,7.005626247711764,32,7.854228185518724,8.006003999573322,17.0,7.705343297500972,12,3017.9913675532853
27,764,3.0,-0.0,3.0,0,14.092254995225526,1.0,13.082822020193056,1,11.996335077098884,12.182979733917366,0.0,11.854500396029644,0,38.079981670229785
89,433,35.0,135.0,171.0,73,1.9217615667198709,70.0,2.887390688564748,82,3.002453133316493,3.0663844851017146,80.0,3.0766807257032927,39,2738.058413659281
32,536,5.0,24.0,13.0,19,9.873142392402134,4.0,10.938003180486394,10,12.094752266317732,11.038658749549462,2.0,11.159981649190833,7,690.6669069422686
28,708,-0.0,5.0,1.0,1,10.867953758899358,3.0,10.914557897634724,1,11.335699175682942,10.81689931898075,1.0,10.98578110071069,0,87.78055404311925
63,350,5.0,3.0,3.0,1,12.89684864059098,0.0,10.863810766718764,3,11.083392532045202,10.85416323185746,0.0,11.084192596550135,0,789.0451895526905
25,629,1.0,2.0,2.0,1,18.01552977704468,1.0,18.93115158933762,0,19.91190114180677,19.037450014720264,1.0,20.222152266962706,0,145.67825405859685
84,429,37.0,174.0,194.0,76,1.138441586219487,84.0,1.9421598880224964,99,2.688627606933521,2.1584365052530083,102.0,1.8777893669172496,39,3990.429403985002
42,445,37.0,146.0,180.0,74,1.045864426790237,77.0,1.072647586430836,63,0.9308138278768928,1.0502333194574769,94.0,2.141865085926036,40,4083.4032962750753
58,48,-0.0,0.0,2.0,0,18.98662562267245,-0.0,18.75589735931282,0,18.933189368696134,17.98322483865268,1.0,19.034974166386164,0,161.4886599338033
80,80,1.0,2.0,2.0,2,15.141870002324914,0.0,15.93070324952683,1,16.965043849682754,17.004662292953952,1.0,16.996866116453067,0,132.86830807116314
29,541,3.0,23.0,15.0,18,9.974669019004889,2.0,9.955357816446597,11,10.03047059002198,9.950370240007246,0.0,10.051164466806869,1,1047.1003002862712
45,319,18.0,138.0,98.0,84,4.18047026653163,48.0,4.88220661506314,60,5.08411781965391,3.952896280696129,53.0,5.076664853250908,44,2845.9528220738694
75,465,1.0,4.0,0.0,1,13.98481717049818,0.0,13.866680694016797,0,15.049332732878623,14.113929048993384,-0.0,14.068422731513358,0,173.79531520145974
21,364,11.0,27.0,19.0,16,9.090720020607137,6.0,8.308191527794333,12,7.948568255515675,6.974497157100256,8.0,6.906458022841476,1,1130.3655620962588
77,418,31.0,125.0,167.0,66,1.9718947246305387,70.0,1.013196917411472,85,1.1526280451699638,1.1740537766288803,87.0,0.0,26,2459.0724458026857
50,417,35.0,155.0,182.0,70,1.798324350375862,75.0,0.9129445126370714,93,1.946206485781521,1.14511339742379,99.0,0.9505757197635047,36,3314.9233269898123
67,726,1.0,4.0,6.0,3,13.95552423363292,3.0,14.141944512870582,6,13.978967696479252,14.082765496200905,-0.0,14.000776936060753,0,320.46087190119374
30,330,18.0,92.0,85.0,55,4.967925583355036,32.0,5.081881269622343,57,5.063664632660478,4.083361305191539,42.0,4.143958426364498,21,1275.870698567532
88,273,25.0,112.0,135.0,63,3.068661312770109,60.0,1.9074382086379664,74,1.9767088756943136,1.947123653907032,71.0,1.768294695057848,31,1861.557924496252
37,398,20.0,57.0,88.0,39,4.85259101072794,33.0,5.041697266072895,60,5.008929805059458,5.016676324440114,42.0,4.939795446310407,20,1682.721455575575
26,602,4.0,16.0,4.0,15,13.141637074513929,3.0,14.105800318508964,7,15.229407321164208,13.91924559466167,0.0,15.038019814418872,3,847.6654247501655
13,434,28.0,108.0,132.0,66,2.930988035445297,58.0,4.131569104001353,78,5.105325645986999,5.060011980158788,65.0,4.889612971465068,37,2116.4629346023225
28,694,2.0,12.0,7.0,10,11.032578726499253,5.0,11.167378323351343,9,10.080429205420195,11.107348374159868,1.0,10.908063485301268,0,364.8085082247817
73,2,1.0,2.0,1.0,2,18.009621627953084,0.0,18.174839457482022,1,18.13378787239672,17.113925606441917,0.0,16.86244034323304,0,169.79800601209698
82,457,3.0,17.0,5.0,12,13.034334649399227,1.0,14.116848294553009,4,13.951856929100046,12.962312508445036,-0.0,14.046490500522182,1,64.49894861153605
67,688,1.0,3.0,-0.0,1,15.910108033721093,4.0,15.886814453558207,0,15.031560161481082,15.97664938845227,-0.0,16.068953472120256,0,109.88826099920097
73,10,3.0,9.0,4.0,5,13.974936075544193,2.0,14.09782962770447,3,14.038434943541295,13.109834267981988,0.0,12.927751776150254,0,253.5473933595496
62,97,3.0,9.0,1.0,4,12.97849624091551,0.0,14.963380374166077,1,15.025745139020726,15.01847792236939,1.0,14.834307061127513,0,65.25928182835574
28,729,-0.0,1.0,1.0,2,11.865614951588237,5.0,11.921526378112228,1,11.896266450323887,13.06093721854822,0.0,11.962597139205585,0,48.15413095642954
67,233,2.0,12.0,8.0,4,10.872374258048245,4.0,12.039561613574934,1,11.988130018124473,12.180910934506016,-0.0,11.906831281815249,0,329.16669789723966
63,357,7.0,13.0,17.0,11,8.737023279020416,8.0,8.045218696136478,11,7.9124086256671395,8.141577910472316,5.0,7.009052150911944,2,1287.155986060299
72,135,0.0,3.0,2.0,3,13.822376134394151,0.0,15.84783913594852,1,15.809362715798246,16.031932545191435,0.0,16.144854507040716,0,122.12502225295243
61,713,4.0,26.0,25.0,19,7.993598376083081,8.0,8.012866406307753,16,7.88620900301958,7.995175990191477,4.0,7.958710127477932,5,735.3572492047775
89,402,34.0,165.0,180.0,74,0.230591773681517,76.0,1.871503402865916,60,2.16691205784368,1.988678574072517,95.0,1.8048335195183585,32,3887.56579364895
30,276,8.0,44.0,36.0,34,6.868707924570788,19.0,6.069691755743699,27,4.766539511681958,5.037697202327455,15.0,5.1528189271280604,5,1570.6183255308065
46,285,33.0,114.0,162.0,78,3.0083373789031693,69.0,1.048391933734238,83,0.0326029226464257,1.0224459699799942,85.0,0.8853099059183686,40,3579.662469007731
4,449,36.0,145.0,183.0,82,0.9890256263362192,75.0,0.9267701135928538,67,0.8300875093322981,1.0703577373416453,94.0,1.9485017941901088,32,6379.798943041489
20,303,9.0,32.0,24.0,16,8.96290680370718,8.0,8.099548576696508,18,8.755023201474119,8.177667392850136,8.0,8.144214574438756,3,863.9533865509277
18,446,36.0,135.0,171.0,86,2.1155000229971352,73.0,0.8770690619519543,77,0.0230247422525035,0.9487547387453678,92.0,0.9830329442434464,41,5127.129222888138
60,132,1.0,4.0,2.0,1,15.070875860813826,2.0,15.870483324400665,0,16.91247476517637,16.863710748487943,0.0,17.023067935673442,0,869.8203468042077
54,445,36.0,146.0,183.0,84,1.0568531641757606,77.0,1.0038102850811368,65,0.810557141779398,1.0523393877047813,95.0,2.104426023860253,35,8459.46978083648
67,690,1.0,4.0,-0.0,3,15.032480250362694,3.0,14.029541680885664,0,13.922339934606098,15.142674190760845,0.0,14.878361135500592,0,109.10502032979112
15,608,4.0,17.0,7.0,9,11.835212308641262,4.0,13.0164081531772,3,13.993018640218091,12.89944158505316,0.0,14.068797256681892,4,588.2539564716069
82,652,6.0,38.0,16.0,23,9.932805325721947,7.0,10.968911458806843,9,12.029471617321857,11.070768347808675,2.0,10.95530027863867,14,501.0934960240261
62,95,5.0,15.0,12.0,10,9.919200798028756,3.0,12.086304263636071,7,11.957143286520797,12.162810801221765,1.0,12.12995004110727,1,337.5132311706968
75,474,0.0,2.0,1.0,2,15.765942105936563,0.0,16.970698076731633,0,18.191304670820067,16.874612403431644,0.0,17.008788204508846,0,168.34860960185688
29,312,7.0,49.0,31.0,26,7.86242677211637,14.0,8.196123136685847,21,8.098905954954672,7.094334805875077,15.0,6.940555184670163,4,1497.8620213343706
45,319,19.0,141.0,99.0,85,4.012731940801536,47.0,5.066897568459854,51,4.976587204455172,4.080853243406303,56.0,4.838063394275868,42,2798.847488642036
79,38,5.0,19.0,11.0,10,10.985125733688806,2.0,10.962580706258487,6,10.980883858834869,9.853001834354163,1.0,9.886110063126736,0,492.5018668293068
1,313,25.0,138.0,137.0,76,4.2762982476591285,64.0,2.9262584007679315,82,4.006203043398619,3.1677088648897787,61.0,3.071474453020147,35,4514.8207756006295
9,632,1.0,3.0,-0.0,3,17.17336135612397,-0.0,18.001656679122505,0,19.07936358307039,18.928340574586844,0.0,18.81613153981915,0,155.37769472447692
60,616,3.0,11.0,4.0,6,13.039026688410068,0.0,15.05176407089874,3,15.989223445824669,15.000969069652651,0.0,16.086788810510082,2,1176.1158476155258
12,162,16.0,57.0,84.0,38,5.853378238485681,30.0,5.921579818039458,66,5.997215267522825,7.081373649647928,42.0,7.064829144801361,15,2119.051256817976
67,727,-0.0,3.0,1.0,3,13.919314767169404,2.0,14.201357497325064,2,14.109402258768062,14.675872688179442,0.0,14.927043123366554,0,51.37756753253436
84,423,38.0,175.0,184.0,82,1.9933796971614983,82.0,1.972980920216681,101,3.0767096606758826,2.0826990973270165,103.0,2.846613959901378,40,3996.193149651779
59,549,0.0,2.0,0.0,1,17.908068323978977,0.0,17.82327755407618,1,19.11397932996285,17.811715741323617,0.0,18.003266231091114,0,258.96611059645994
9,590,2.0,9.0,1.0,8,14.887664941816167,1.0,17.039168079159086,2,17.87343545938693,16.975486217117798,1.0,16.922790603935326,0,143.94782120116756
29,307,5.0,31.0,24.0,16,8.783970034445304,5.0,9.059541228124065,16,9.046156451030058,7.8152772235693,7.0,9.072887914591515,1,1130.549722032689
92,431,32.0,132.0,161.0,68,1.753604876081367,64.0,2.8253459911436725,89,3.91741935924118,3.966712920919953,74.0,3.840056284001546,40,5011.7263788380005
32,517,2.0,8.0,2.0,8,10.820098148765972,-0.0,12.082466104774202,2,11.87096509999144,12.092393183953364,2.0,11.919846261961052,1,498.0558380035694
17,105,4.0,21.0,12.0,14,9.824059456784989,6.0,10.958707144890395,7,12.001824595586864,11.859555929445742,2.0,11.952726105920446,0,133.72177077270862
28,731,-0.0,3.0,3.0,2,12.071145952232296,5.0,11.75615796376098,1,12.071272763030793,12.06349054889893,1.0,11.991003201138042,0,185.44407903320408
59,508,-0.0,-0.0,-0.0,0,17.88491936960214,0.0,18.88520742434605,0,20.10611411055904,18.900935877040773,1.0,19.196920928440964,0,182.60102786894936
91,433,35.0,133.0,173.0,68,2.1271422532836914,70.0,3.027761221538279,82,3.036432234092999,3.0393773288411112,84.0,3.03047157744051,40,4613.668367090318
91,431,33.0,124.0,160.0,64,2.0019494712241928,65.0,2.922871411803692,84,4.088415702402601,3.879608030415002,71.0,4.037550557125149,34,3787.287625498858
74,648,6.0,29.0,15.0,19,11.096794177602243,3.0,12.117739686105311,11,12.975581306909447,11.942382452110124,0.0,12.070361281673929,7,229.61713345075765
33,118,-0.0,3.0,0.0,2,15.913742865151304,0.0,17.83998659169773,0,18.948803368600643,18.05599750021907,-0.0,19.02843038500322,0,247.4035070359066
12,150,12.0,53.0,58.0,36,5.941442909552435,21.0,6.919510148358302,47,7.072846798370062,6.986154268674437,25.0,7.051942386229279,16,2032.8481620596565
58,57,-0.0,2.0,0.0,0,17.273835916040984,1.0,17.03636682421563,0,17.12944375071726,15.921211751412129,0.0,16.820587756274133,0,68.55987706275675
68,215,5.0,22.0,8.0,14,8.98469911570197,4.0,10.949565616335716,7,11.827786568671248,10.809423053893576,1.0,12.069291039206176,5,604.3735145707102
28,698,1.0,6.0,7.0,5,12.098627567637044,6.0,11.947923622955056,5,11.997809476012533,13.019149847512614,-0.0,12.13667401974872,0,138.20992417276983
2,426,24.0,156.0,129.0,85,2.989547740596375,57.0,3.7838326863444345,74,3.9640628596938026,4.124344892402594,66.0,4.001237429560609,42,2426.755271854149
43,497,-0.0,1.0,0.0,0,20.9455088965029,0.0,21.157209968781384,0,21.782714120621662,21.01144314896821,0.0,21.88952700617165,0,51.36654357364634
82,592,4.0,22.0,13.0,11,11.067105738949754,4.0,11.883852753943811,7,12.601425416197362,12.089700992919251,-0.0,13.176642747387485,5,372.0963561013469
94,420,36.0,152.0,183.0,76,0.9787068815380208,79.0,0.1904717401378561,60,1.0441538777715422,0.1440208842001963,96.0,0.0,30,3349.316897999848
46,285,35.0,130.0,165.0,78,1.9455460373584184,76.0,0.0,72,0.0,1.0215939055681165,94.0,0.0914687781877922,33,5749.108277968676
26,584,4.0,19.0,6.0,12,10.948258437276449,4.0,12.927758057692987,4,13.992582219810895,13.068833623825885,0.0,13.014992341252702,6,1328.9972795773444
25,488,2.0,8.0,1.0,8,14.981987846153569,2.0,15.88680137886443,2,16.91325677855197,15.89338828944443,0.0,15.966676939445048,0,700.9204044193114
9,236,1.0,3.0,0.0,2,16.834085968012104,0.0,18.84125865455017,1,19.928157205120502,18.830385117628424,0.0,19.04598578114742,0,92.05103188833498
27,362,6.0,6.0,8.0,4,8.908935993553191,4.0,8.019586230649136,6,7.921014467643903,7.978048425050322,3.0,7.0710848240072535,2,134.47793221844688
25,598,3.0,14.0,6.0,11,12.801103657791629,2.0,13.94709176725687,5,14.912359125423816,13.902608155743671,0.0,14.977815912162706,2,657.9762512310891
60,127,2.0,8.0,3.0,4,14.197130886433666,1.0,15.271227184732505,1,16.06805217146643,14.97932638982203,1.0,15.96823523482932,2,732.024144054543
2,423,30.0,170.0,164.0,95,2.050510866013084,72.0,3.174885846313172,102,4.152068577663826,3.0003001443501707,84.0,3.054873636163026,43,2696.2881588406926
73,7,5.0,14.0,5.0,8,12.852831058843634,2.0,12.984899212560965,3,13.19127072551836,12.055812169151752,1.0,12.117715289003366,0,310.6129833821731
81,448,34.0,131.0,171.0,65,2.0534965855030927,71.0,1.7925891231482705,68,1.8743602922676577,1.755196562422248,81.0,2.912625122228408,35,5188.974236764853
2,317,29.0,158.0,154.0,85,3.0422359206418323,71.0,2.8019333630676457,95,2.8291926404685115,2.910122943707374,77.0,3.0139688080423297,46,4181.673779950609
24,685,18.0,112.0,78.0,72,5.006495315489245,29.0,6.139701908331592,50,7.157502353956672,6.0648814268775535,37.0,6.845704319185983,39,1835.1644487810568
65,179,5.0,30.0,27.0,21,8.017170862008722,10.0,7.9896286173728415,17,7.9054478611464125,8.803005367654439,5.0,9.012800797791945,6,605.6646464870124
81,432,33.0,123.0,157.0,68,1.9332262213987168,63.0,3.0023655106664338,76,2.9476662156193285,3.146086356495997,69.0,2.9651138643995627,28,6129.7687609008535
43,624,1.0,1.0,2.0,2,16.913481307218927,0.0,18.100293417709608,1,18.913937671916244,18.047618984905423,0.0,18.868500344031645,0,93.1861713822373
92,433,34.0,136.0,174.0,76,1.964479352464633,72.0,2.031749269953328,82,3.1369420130201644,2.9775465965551824,82.0,2.8208502272724987,35,3606.632795116438
43,501,0.0,0.0,0.0,0,19.844642787773093,0.0,21.11291220504445,0,21.945820651389024,21.031413312060348,0.0,20.866436861144244,0,37.54133453082174
70,79,2.0,6.0,4.0,2,13.941528227306566,0.0,15.038370807799632,1,15.980344776876542,16.02114082522972,0.0,15.952706226955456,0,184.33915906943545
14,449,37.0,147.0,184.0,74,0.9042419463218128,75.0,1.1105432040359124,66,2.024245323189416,2.1700066580145414,96.0,1.868043905404356,38,5807.881369332717
2,426,32.0,164.0,164.0,83,3.110044908711968,71.0,2.986866681368131,93,3.721303624560634,2.916390859107522,76.0,2.985172222452525,46,2070.304880922278
78,672,18.0,125.0,81.0,79,4.070160274725246,36.0,6.003537722502898,50,6.876602791580969,6.088392353401102,41.0,5.962255440665499,42,2539.5503122739256
50,417,33.0,156.0,179.0,73,1.878283793975486,75.0,2.093824161622494,90,1.975512233432989,0.8291267805899744,98.0,1.9586356318655087,37,3584.4463256044087
58,59,-0.0,2.0,1.0,1,15.858589019765349,0.0,16.073478474036722,1,16.06574500510134,16.02319397212189,1.0,15.850219403566529,0,97.45148137067667
32,533,2.0,8.0,1.0,4,11.81888764228455,0.0,12.91997004358686,2,14.177387880773034,13.08453215743326,-0.0,13.0665176121069,0,670.1358642298645
31,134,1.0,3.0,1.0,3,13.996119186694791,0.0,15.013435076354224,2,16.12641187508891,14.935271238756233,0.0,15.975759045415517,0,52.003422867646265
75,451,3.0,10.0,4.0,9,13.877276723602751,2.0,15.14760566114948,3,15.343541339385366,14.91395784220707,0.0,14.709799566049742,0,224.1844212352369
58,52,1.0,-0.0,2.0,2,16.05085461496498,0.0,16.038732801150957,2,16.046376617927592,15.26567360775433,0.0,15.089964556849528,0,53.4128960170633
13,165,21.0,104.0,119.0,65,3.926175995952426,59.0,5.027434386637353,82,4.798898002331133,5.182295205140021,64.0,4.787359215687876,31,1398.307336686777
32,533,2.0,5.0,-0.0,4,12.907170305235228,-0.0,12.876715029469455,2,14.024930991595804,12.95185765774162,0.0,13.013089461230994,0,483.7966461016094
59,567,1.0,4.0,-0.0,1,15.073716636738023,1.0,14.882893530546054,0,16.028149049844497,15.008711106747162,-0.0,15.17668751006907,0,166.84730606755772
75,522,1.0,2.0,0.0,2,14.004230916811776,-0.0,14.106308450218805,0,15.25050842826168,14.188526900846876,0.0,13.844575752020404,0,62.50075010861127
58,67,0.0,-0.0,1.0,0,21.20449011394838,-0.0,20.975898458891617,0,20.993664471975663,20.87585804263329,1.0,21.085354775977493,0,99.72083620933138
31,114,0.0,4.0,2.0,3,13.99440071728747,0.0,14.9843672708401,1,15.952659926083763,16.196263464662557,-0.0,16.064818761044602,0,83.10364798544971
87,431,32.0,135.0,160.0,68,1.7419387391744907,65.0,2.937031478803344,89,3.836543601398186,4.192090605898344,76.0,4.007849015847478,40,3054.1416529755047
89,433,37.0,144.0,178.0,79,0.9105758632434772,72.0,2.092582232340805,73,2.293745342809913,2.184586644867046,88.0,3.0530443994472525,37,4759.826026810164
80,147,1.0,2.0,-0.0,3,12.940645104461206,-0.0,14.990859822424175,2,15.12415477171992,15.144009231038211,0.0,15.06203904160738,0,117.99283178655206
60,255,0.0,2.0,1.0,2,17.956874292218295,1.0,19.063789599705306,0,19.9691515740986,18.846632419069373,0.0,19.911496386553928,0,504.6996193903305
74,494,4.0,15.0,4.0,12,12.003596133303914,-0.0,12.88871664867379,4,12.784805620120103,11.82434078955358,0.0,12.993248167301836,0,99.81340234458987
22,285,34.0,121.0,166.0,69,1.891320392272308,77.0,1.0673234325004242,76,0.0135753285155396,0.853443228057502,91.0,0.0442342089657406,40,2377.9537182203258
74,492,3.0,14.0,6.0,10,11.96274090146716,1.0,12.927676679260603,4,14.104584906122344,13.075251340238044,0.0,14.162969909908853,1,110.09524665084724
18,447,36.0,134.0,171.0,86,2.085233402677268,74.0,1.152423855671367,75,0.0,1.3438115947208755,92.0,0.0,34,3500.725921261392
79,33,8.0,23.0,17.0,8,9.94829699036981,4.0,8.914065795570751,7,10.12644646399868,9.035018603716988,7.0,8.969115992946723,1,824.735657891626
80,136,1.0,4.0,-0.0,3,15.903375823193434,0.0,17.00864446036889,1,17.859778528991406,16.857202860954956,0.0,18.050024955084258,0,101.27057424592653
58,58,-0.0,2.0,0.0,0,17.88523089188266,-0.0,18.04126231278301,0,19.21761722587121,17.884104119106738,-0.0,18.02754711270072,0,98.99864108878076
43,500,-0.0,0.0,0.0,0,19.158848890349184,-0.0,20.12596206833555,0,20.923960990699733,20.09459983949064,1.0,20.895615120047413,0,65.6500886686282
62,72,3.0,6.0,4.0,4,13.209893379023946,0.0,15.122703965062517,1,14.871396455202708,15.19156656038368,1.0,15.18043821279283,0,76.3468314480298
93,401,5.0,25.0,28.0,15,6.990694247054025,8.0,7.170577903847718,17,7.147283865452563,7.814451837354083,3.0,8.08023636833837,5,1352.625550288344
2,429,37.0,166.0,196.0,71,1.251690634107971,84.0,1.7388694097549764,101,1.929855402553291,1.0780117262344429,102.0,2.0905083960112174,37,2864.0960703029937
34,655,8.0,63.0,34.0,43,7.937697988887286,10.0,7.965597294728619,23,9.130132117882727,7.999093790208774,10.0,8.899839929550291,13,1126.4244437064378
28,730,-0.0,5.0,0.0,5,12.984736538056982,4.0,13.04749618119815,1,13.00680180556082,12.928942821803334,1.0,13.02063437113346,0,71.15424968611171
55,420,38.0,164.0,189.0,79,0.0,82.0,0.1084621282671182,68,1.2788966783552729,0.0,100.0,1.069959866720433,35,9520.266255064
28,707,4.0,10.0,9.0,5,9.928010370984042,2.0,9.024407607237766,10,8.86633375833792,9.974799495243325,1.0,9.974410467238876,0,712.2579694629028
46,422,36.0,141.0,181.0,73,1.8966803631641256,78.0,0.1074077318726214,75,0.9490606290397208,0.074402869596751,96.0,0.1909571937787838,29,5053.863810226255
24,651,8.0,47.0,25.0,30,9.06168324953562,8.0,10.132472468641971,12,11.23834841773608,9.868656228654894,5.0,10.035235475104482,17,2019.959317346444
45,660,15.0,94.0,71.0,54,6.113074610746116,20.0,6.941373881241708,49,7.00388520430943,6.11517240707362,35.0,7.043154296304792,20,2735.729975565607
34,655,7.0,51.0,30.0,35,7.879862911196163,11.0,8.915578916175967,20,8.810600119676767,9.005441244640346,9.0,8.894590301966879,10,1238.8330447436408
28,690,1.0,2.0,1.0,3,15.118550728997546,3.0,15.057301402277226,0,14.22793857466465,14.757986611654896,0.0,14.92505906402542,0,142.58989988491135
42,420,36.0,154.0,184.0,77,1.0297211170001426,77.0,0.1188252091491416,57,1.023358917652434,0.0,97.0,0.9804032539968632,31,6000.439271914616
52,285,36.0,127.0,169.0,81,2.080241226771882,74.0,1.0145854194226795,80,0.0541418713922569,1.056282468915372,91.0,0.934212753521918,39,5402.257441356114
43,472,-0.0,2.0,-0.0,0,16.841411955636005,0.0,17.763155584485272,0,17.825112040427452,17.001734821296562,0.0,18.08902965793812,0,96.47231907738866
54,447,36.0,139.0,173.0,91,1.9549220668478189,76.0,1.0053806964387793,77,0.0375807099302161,0.8967230101937055,92.0,1.100931361237902,34,6710.383262430392
27,370,4.0,1.0,1.0,1,12.00912853524198,1.0,11.260062505364475,2,10.930382124652636,11.036809127938875,1.0,10.036732806807851,0,65.28193616883011
58,60,-0.0,2.0,2.0,0,15.901270863558585,1.0,17.11278105740146,0,16.98135346037728,15.964790741205126,0.0,17.078835052827948,0,47.14044491487298
12,156,4.0,25.0,19.0,19,7.974350174797765,10.0,10.107778441766454,16,10.083737204221862,9.97462999751968,2.0,10.084756860475514,2,806.8830585268529
35,404,35.0,161.0,191.0,66,0.0153471072267021,81.0,0.9528475171096564,63,2.087288772276411,0.8942972469810723,100.0,0.7613304415151715,35,4081.134220290108
10,432,33.0,130.0,173.0,71,2.25126263363938,70.0,2.072890886779028,81,3.202435965862609,3.1766083376971768,83.0,2.811943410729413,34,3633.168714593864
17,225,10.0,59.0,37.0,43,5.971330529064718,18.0,7.92976747387302,25,7.885989959377168,7.997810833045183,13.0,8.122749120030365,14,804.3735718783059
15,205,9.0,41.0,26.0,30,8.121539774148358,8.0,8.951702294767838,20,10.08458259580602,8.849839216297395,6.0,10.216022396937982,12,1376.802630074447
28,704,2.0,10.0,9.0,11,11.01128459458387,3.0,11.007792617756632,8,10.857988969659564,12.090748147843748,1.0,11.950663494843637,0,103.12258787051124
91,431,32.0,129.0,154.0,72,2.071000567387218,64.0,4.193672827539248,87,3.998425932939737,3.93628609590448,73.0,3.772007798787623,40,3802.8630972601873
17,173,4.0,19.0,16.0,13,10.010907689688748,4.0,10.864616997404474,11,10.864380939306026,10.928291014691863,2.0,12.091828099560017,0,443.2973025050866
14,449,36.0,146.0,180.0,83,1.122732670486422,76.0,1.9772220857375784,72,2.0129442271670595,1.858244712595211,93.0,1.9179833272280489,36,5664.015760064884
58,17,2.0,7.0,4.0,5,14.864242213199477,-0.0,15.119900074454437,2,15.029165664076094,14.048972181799655,1.0,15.14588020737426,0,143.4364881410216
69,191,6.0,28.0,15.0,19,9.05756889419544,3.0,11.160035356502718,12,11.776044452604172,11.056951545742152,-0.0,12.048293865142996,6,200.0878521641729
74,648,6.0,37.0,16.0,23,9.7513555406957,4.0,11.10786878968378,10,12.1549899953756,10.87615908646,1.0,12.136310713885011,8,225.96448105868384
33,113,1.0,2.0,5.0,3,15.034066023548002,0.0,17.199806311885183,1,16.99079784241682,16.66391462906796,1.0,16.896921860535535,0,193.64963057466693
43,624,1.0,1.0,0.0,1,16.951293306199084,1.0,18.163693166039867,0,18.986592941836808,17.927389942071176,0.0,19.10553267232913,0,80.82939263507298
74,650,7.0,42.0,18.0,29,10.159136920378623,5.0,10.998511681201755,15,11.903549987704585,11.040122215211891,2.0,11.176602842903764,12,442.344996659036
66,343,8.0,16.0,14.0,14,11.848581106315065,2.0,10.85661409251949,11,11.03259961512382,10.91850936928864,0.0,10.974944711211712,0,243.00594463538792
64,12,5.0,11.0,8.0,8,13.032055094613778,1.0,12.19876493293752,3,13.06962201255408,11.978400357458916,1.0,11.778550161231424,0,248.85634664664016
60,255,0.0,2.0,1.0,2,16.955081412290372,1.0,19.05114110244249,0,19.97025280290561,19.095808578179035,1.0,20.179032083543603,0,740.775890896844
32,515,0.0,8.0,2.0,7,10.915756140957498,0.0,12.025704565639137,3,11.924197342324272,10.781932535286057,2.0,12.032874849435418,1,180.99116212049503
15,678,8.0,37.0,20.0,25,8.930320737401749,4.0,9.991621380360533,16,11.1172211812755,11.046332250440674,2.0,11.240609765965573,11,857.5147959935227
81,386,22.0,55.0,102.0,48,4.976243910023145,40.0,4.049093305538835,78,3.05249012184027,3.958614745739136,46.0,3.9103778532363145,26,2048.510313408633
27,766,3.0,0.0,0.0,0,14.84628485624369,0.0,14.0129458661027,1,12.85179435336565,14.225607870067885,-0.0,12.97325206139357,0,95.12537272446797
9,253,0.0,-0.0,0.0,0,20.076606047325583,-0.0,22.01930605169348,0,21.92139144906448,21.91040201028288,0.0,22.047953582143943,0,52.65035079112709
65,174,5.0,33.0,29.0,28,7.855101923151814,9.0,8.038070481958902,22,7.867055874574133,7.997338296258409,7.0,8.86135287802231,5,551.2710219345836
55,447,36.0,144.0,175.0,83,1.0248330353637394,75.0,0.0,70,0.0,0.8170026338053533,92.0,1.0069899196103156,35,6621.177366776128
77,419,29.0,134.0,164.0,67,2.0057246852185853,69.0,2.0799828032791576,81,1.991155084425068,1.1069739452074687,89.0,0.8520122317081482,33,3613.426689641471
69,216,4.0,16.0,7.0,10,10.176514312819586,2.0,12.117161192076146,4,11.7995830219966,12.020371142699677,2.0,12.048474434992874,4,137.84935881836
68,186,7.0,42.0,20.0,25,7.216321916645681,9.0,7.868175780903657,17,8.81625094408322,8.008703683839878,5.0,9.111343785679034,18,800.6027266132039
68,218,5.0,20.0,8.0,11,9.96903166030108,3.0,11.10753666363486,6,12.07710843896064,11.141595911497236,1.0,11.990153595411153,5,181.6894207409305
78,196,24.0,125.0,97.0,87,4.123823694220722,43.0,5.175467011941943,74,6.035616361413627,4.979206587579912,48.0,5.903314005228846,41,3741.524872944874
75,476,-0.0,2.0,0.0,0,16.95153852329844,-0.0,16.992163891790533,0,18.24651605986102,17.096704708902585,-0.0,18.049804232450377,0,112.96859139710467
45,322,23.0,149.0,119.0,75,4.145524431929685,51.0,4.078407909135522,58,4.928037009184907,3.87207794610996,61.0,5.129947670061741,33,2591.0965159597363
64,34,4.0,18.0,12.0,12,11.003648066759114,1.0,11.093122002062586,5,10.94924334018456,11.029957253515107,-0.0,10.914255904239695,0,737.5443613471101
14,444,34.0,140.0,176.0,78,0.9563764199325976,75.0,1.1404707801500875,62,1.0990624271896268,2.001417327273068,94.0,2.011772530965449,37,4674.881135106876
48,430,33.0,121.0,158.0,70,2.037426272239905,61.0,2.916795753402231,83,4.12166879156541,4.081200375783117,69.0,4.189629867647747,30,2573.262677595296
10,432,34.0,128.0,156.0,70,1.7467187541036084,66.0,2.083337121965882,69,3.115860627415028,2.893036450762011,75.0,2.968678060336307,29,2638.5741495878183
25,628,1.0,5.0,0.0,1,17.184897506613225,2.0,17.921676922849635,0,18.82380673212865,17.88282086758577,0.0,18.06033401048016,0,642.0673288087236
27,370,4.0,0.0,3.0,1,12.136985277228357,2.0,10.872266141286458,2,10.019881851503392,11.020293930885163,-0.0,9.7858548121943,1,21.346408490701872
71,330,17.0,93.0,75.0,58,5.859507667013564,32.0,5.122265756440227,54,4.953589504916155,5.036658048356814,40.0,3.9464281683948217,20,1494.4941681734415
84,427,38.0,177.0,188.0,79,2.117045709338328,84.0,1.923680190245438,107,2.8990278568175216,2.191825059687156,102.0,3.043781195747034,42,2687.308677949662
77,420,35.0,153.0,179.0,78,1.014476512962969,78.0,0.0719822331274462,53,0.97011413628513,0.1684531594403812,98.0,0.0045589821850262,30,2811.983100759468
3,433,35.0,136.0,174.0,74,0.9592541234862222,70.0,1.98830345529804,80,2.980254419857664,3.0005370051638707,84.0,3.134937273340092,37,3851.403642062541
45,423,38.0,177.0,182.0,85,1.9875899845861416,78.0,2.975832499080145,107,4.083322162351708,3.1572106335519274,96.0,2.929218319635308,44,3101.7600150162207
24,641,9.0,59.0,32.0,34,7.941203758447174,9.0,9.01344173560789,20,10.04239547195865,8.972190004432278,9.0,10.180803976068184,13,1372.25548142179
59,573,0.0,2.0,0.0,2,16.974385436399615,1.0,16.9952910139642,0,17.901342770788926,17.06133056413649,1.0,17.910842714429844,0,122.06625217253232
29,542,4.0,19.0,5.0,15,10.904818584644753,0.0,10.908574323790972,4,11.2753740858277,10.06834562665512,1.0,11.05758953372552,0,362.5931316202957
84,405,37.0,164.0,190.0,58,0.0921115052753185,82.0,1.0409469276092818,63,1.93724444968514,1.0643545713919256,103.0,2.00236063206251,33,4057.2953052070834
45,683,18.0,123.0,88.0,61,5.150709678853796,31.0,4.944631381766742,58,5.890970771194401,5.079386374007067,49.0,6.175844855264595,33,3234.773986068942
48,435,34.0,120.0,159.0,62,2.9884187506980147,61.0,4.080515840728083,87,3.992658418488032,4.275023155460233,68.0,3.989053379956991,37,3116.123291595742
28,741,1.0,6.0,1.0,5,13.185405586474836,4.0,12.920938465696285,1,12.06484170829254,12.999181171617792,1.0,12.900219308583722,0,420.7000886957972
45,321,18.0,115.0,78.0,79,5.982386947688028,30.0,5.874572376593301,57,5.829065804113297,5.095646305089034,46.0,6.26005759719597,37,2594.820252441588
0,744,3.0,3.0,0.0,0,16.85610056296309,-0.0,16.019777179658906,1,15.987038994292142,15.884396048284987,1.0,14.934995766291022,0,357.53434249887505
82,496,3.0,13.0,7.0,10,11.95108706892953,2.0,13.152434097592202,3,13.852507521404371,13.112595996228148,0.0,13.228978211849537,4,88.29173505274439
26,602,4.0,17.0,6.0,15,12.849678733892212,2.0,14.992845395897914,7,16.181814497222383,14.89863598557844,1.0,15.07910411154567,2,803.9117503633034
28,706,0.0,6.0,4.0,1,10.872373187952206,1.0,10.985386924608402,0,10.122326347629253,11.301935774947324,2.0,10.955958696431107,0,82.04430350503868
45,319,17.0,121.0,84.0,75,4.944294608432946,33.0,4.843822171518541,59,6.030694847441387,5.148569763685282,47.0,4.708369989409451,32,2813.819960692548
75,475,1.0,4.0,-0.0,3,14.895786210616496,1.0,15.874462233706282,0,17.111323952903533,15.983544851885169,1.0,16.091770413833242,0,145.21222742156692
9,251,1.0,5.0,1.0,1,19.09198072142118,-0.0,20.024795747119963,0,21.0228815125914,20.03945053815742,0.0,21.05973941118359,0,99.08472651103877
23,223,9.0,53.0,32.0,34,5.984212566975365,15.0,8.095286376373961,28,8.144513319895959,8.046942495923494,10.0,7.8451842003418015,19,1797.9092902181678
1,425,32.0,152.0,166.0,67,2.2241315033691937,74.0,2.1925051573048795,84,2.647576934662755,2.1830693514892943,92.0,2.0606799796045427,43,4504.783064144644
68,211,7.0,30.0,22.0,15,7.065616853062081,7.0,9.164837511388038,16,8.989472844713596,8.891855103280951,3.0,8.846451317393148,12,749.9772190508769
28,738,1.0,5.0,1.0,5,12.97691773664348,1.0,12.986632470774868,1,11.971911039666946,13.170364287282316,0.0,13.05880591055742,0,325.292281136134
58,67,0.0,-0.0,1.0,0,21.049134870268816,1.0,20.97018682554804,0,22.01337904599332,20.9239835787009,-0.0,20.920619482541483,0,108.8960660672511
32,527,6.0,33.0,18.0,27,9.161833268991607,7.0,9.094968792817902,17,10.056070613693286,8.697998128119254,6.0,10.001466190187443,8,962.2655745569188
28,701,3.0,14.0,15.0,6,9.89335552297979,7.0,9.91554025671332,7,9.971571818146598,11.062361552296046,2.0,11.299628292403815,1,257.7569461401619
60,259,1.0,3.0,2.0,3,16.846282534977504,-0.0,19.045850944316104,1,19.091863955084182,19.06471414230658,0.0,18.94989874302049,0,550.5329576648527
69,114,1.0,5.0,1.0,5,13.905621109245038,-0.0,14.888307344052588,2,16.172595344796672,15.061329928796845,1.0,16.08122688147945,0,192.6135646633084
48,430,33.0,131.0,162.0,77,1.9432898458332168,66.0,2.841500618615093,77,3.165929354289404,2.9068265286522186,71.0,3.179099885821896,30,3604.492714231708
66,41,6.0,15.0,13.0,9,12.149914121442778,3.0,11.020149991946056,10,11.03524979320829,10.96834908824412,1.0,10.989427240274653,0,190.9456584333872
23,212,4.0,20.0,13.0,18,9.041293255008918,2.0,9.972637936714516,11,11.00191080745553,10.894548020592415,2.0,10.947607913805562,1,211.69187473470524
48,430,34.0,129.0,160.0,70,2.080082800906667,67.0,2.993944831604857,79,2.9904125692830705,3.0916682694961817,76.0,3.1462426618218253,34,2099.9279685061165
37,399,6.0,35.0,49.0,22,6.98833744529638,12.0,7.128135077888029,37,7.047812964377119,6.9950978111303845,9.0,6.761939518747895,7,1800.0769997869054
59,560,-0.0,-0.0,1.0,0,20.978994278748903,0.0,21.1254620035197,0,20.94934437695347,21.12496663920117,0.0,21.042967111938992,0,146.93430326981368
9,634,1.0,4.0,1.0,2,17.06147131437381,2.0,18.001301883769003,0,18.90188711231376,17.881034218368555,0.0,19.056979143319555,0,182.30730650420588
68,193,6.0,31.0,15.0,23,9.159108725576084,5.0,9.952785381188118,12,11.07610953951838,9.948992477022871,1.0,10.971835534792143,8,474.94245442042273
25,463,1.0,0.0,1.0,1,17.21431335925148,2.0,18.15030702898125,1,17.85607164117354,16.9343167374249,1.0,17.872877940215083,0,782.6065308184255
67,697,1.0,4.0,6.0,5,11.992231666860896,6.0,12.08025411980117,4,12.015333720054116,12.9382302003325,0.0,12.78122781987902,0,52.20270173139578
59,560,0.0,1.0,-0.0,0,21.00039221615837,0.0,21.09784568729055,0,22.115640833056787,20.96569605843852,0.0,21.01356387086783,0,190.2373409437272
94,445,38.0,148.0,182.0,77,1.0941578700876096,77.0,1.0419269725124514,63,0.9566371425078084,1.1804754419820511,92.0,0.7779782709027425,39,4541.823586988308
82,453,3.0,13.0,2.0,10,12.93311467823547,1.0,14.15943336204833,3,14.973460659083788,14.162264066809373,1.0,13.680699242117164,0,166.46896081281395
75,457,3.0,12.0,0.0,11,13.13187086377557,1.0,14.007476624999944,3,14.837797887841818,14.050690649176625,0.0,14.02203740758012,2,143.7818938327609
56,420,39.0,158.0,188.0,77,0.8878047910256079,81.0,0.0,71,0.9574541434512712,0.0,99.0,1.0744848194930363,32,9535.310701206176
0,745,1.0,0.0,2.0,0,18.83511831270984,0.0,17.057049380722383,0,16.741586078835414,17.043985059769042,1.0,17.170735773157112,0,137.84521172571354
9,245,2.0,7.0,4.0,5,15.92360599410462,0.0,16.929914837885633,2,17.909050908165845,16.920952500565676,2.0,17.973058121956687,0,127.63934205369816
89,433,34.0,132.0,172.0,68,2.021378019903941,69.0,2.770942136927456,81,2.9567088933802945,3.01675099873917,84.0,2.930385220484165,40,3610.9555826083074
2,423,32.0,169.0,165.0,89,3.029589832668332,71.0,2.9492011586065003,92,4.191630453520216,3.068112100380488,81.0,3.0974721701238903,46,3556.922581749172
8,405,37.0,165.0,190.0,73,0.0892085418147556,81.0,1.9810795178812617,78,2.685527601926461,2.01416660077271,99.0,2.067792833112864,34,2834.295015005792
29,539,3.0,26.0,16.0,24,10.09800131030822,0.0,9.82686703500037,13,10.035026786034692,9.88090565266759,3.0,10.008540634678816,1,884.9069849507072
76,89,3.0,12.0,7.0,9,11.11119860711552,3.0,12.00653158898112,2,13.124046808807114,13.132807214997218,0.0,12.816600658321216,1,150.23055200138597
17,157,5.0,33.0,17.0,29,7.971532550883736,4.0,10.011670305404968,11,10.043120610518448,9.944997087767144,-0.0,10.043492306728592,2,435.8226019196427
1,316,29.0,142.0,155.0,65,2.8956251066118464,66.0,2.0643639340716966,84,2.995830411120949,2.1105627344865567,77.0,1.9461116559506613,39,3672.352593969615
5,445,38.0,148.0,182.0,76,0.9882349824436236,77.0,0.9388729084632992,60,1.2025360774385552,1.1057010627043609,93.0,2.228068959627329,41,4653.879104231292
0,749,2.0,-0.0,3.0,0,15.940358519178115,-0.0,14.662241222502162,0,14.003222179517987,13.826680426588032,1.0,14.082084422786204,0,197.503137964542
82,481,3.0,17.0,3.0,10,12.17613146774753,3.0,12.919980555549184,3,14.061483229071143,13.010788982952018,1.0,13.893099169193071,3,193.0286421725181
75,468,3.0,7.0,4.0,7,13.074452843036584,-0.0,12.866326365393633,3,14.130969510018929,13.11843748191087,0.0,13.810419814409574,0,173.9103264712817
0,744,3.0,0.0,0.0,0,16.999213091191727,-0.0,15.846987798301656,1,15.1121420326184,14.857668322646164,0.0,15.079310819920757,0,731.9994538614758
62,107,3.0,11.0,7.0,8,11.91888800911522,-0.0,12.919542836736992,6,14.285478893199128,13.977907223369744,0.0,14.178247900607015,0,78.71950008169759
39,420,36.0,159.0,182.0,81,0.0439147947423994,79.0,0.0297671267645944,59,1.0489171723887964,0.0165652155744037,96.0,0.9815609590175368,34,2611.8418912749376
81,381,28.0,88.0,137.0,65,3.1858006030990027,56.0,2.796590927583868,81,3.011953040641133,2.9973540060637123,60.0,2.896900228546904,25,5296.123234839088
29,545,5.0,45.0,27.0,37,8.899154053267832,9.0,9.056230023126716,24,8.997625495154999,8.066094285643405,6.0,8.959565649456131,2,1354.4199655392642
50,429,37.0,176.0,193.0,74,1.0111485765998047,85.0,1.9595097596403728,95,2.9224704906747747,2.013392635055589,102.0,1.9271613283558369,39,4235.685999395513
68,198,12.0,67.0,36.0,40,5.892790695369377,20.0,6.8492589427706365,20,7.860019642846627,6.894655258060109,18.0,7.857289611962394,25,619.0658788308211
58,53,0.0,0.0,4.0,1,15.99111284151066,0.0,16.013022544368766,2,15.913605443025142,15.86182367295323,1.0,15.862849629549077,0,82.26952235439555
24,674,8.0,44.0,20.0,29,9.121421052744784,8.0,10.032824708612724,12,10.983075961095023,9.799623726484295,5.0,10.93712501694825,18,1260.209634216259
66,344,9.0,25.0,18.0,17,9.00493476612515,8.0,7.979525030823076,12,8.013421192644111,8.01925808910022,7.0,7.970953850854465,1,491.6757853600029
68,213,4.0,22.0,11.0,14,9.023682496490157,2.0,11.00056421069204,10,11.882673132384395,10.912449106084784,-0.0,12.1258022942575,3,630.4994096797907
78,438,27.0,124.0,118.0,75,3.0644926733292284,49.0,4.918324628054844,82,5.954971863432692,4.928968576865173,63.0,5.025809200481203,42,3664.50798311217
63,350,5.0,1.0,2.0,2,11.836135084039764,2.0,11.17948915807152,3,10.943362787017591,10.787465523262146,2.0,9.881458470558853,1,713.581478418527
64,7,5.0,16.0,8.0,8,13.143901456038549,1.0,12.074018786304888,3,12.23546764869864,12.13543281793653,-0.0,12.041295371681038,0,220.7350145104334
14,444,34.0,141.0,175.0,84,1.0537005699035904,75.0,1.0052815155933352,61,1.0907382654949114,2.019021598270226,92.0,1.9012478769105503,35,5831.74997002642
89,406,33.0,150.0,171.0,70,1.0672157785458063,75.0,2.8822652537532822,84,2.928422499619993,2.9215038858201385,92.0,4.0072852646912605,35,5681.33170643213
70,230,1.0,1.0,4.0,3,15.962179983109031,1.0,16.98666102778133,2,17.814747277872385,17.84132485496808,0.0,18.18091801886208,0,72.18576511694353
4,444,34.0,140.0,174.0,89,0.95959253050678,75.0,1.1307790756891205,63,1.0447407554927737,0.8372118299904718,92.0,1.082638701272016,39,4911.527568324018
32,537,3.0,18.0,5.0,13,11.09165012821486,0.0,11.902126765865106,3,12.94848819048255,12.114580308721466,1.0,11.81454639444423,4,461.0544515534597
66,366,10.0,25.0,16.0,17,9.077332569433668,7.0,7.972240760976355,11,8.107684802588755,8.055914248342312,7.0,6.977372576551643,1,815.6705003114344
43,498,-0.0,1.0,0.0,0,20.954020915867275,0.0,22.061896227998176,0,21.692480781962185,20.96398934638429,0.0,22.105683861209982,0,43.71119041989897
75,473,1.0,3.0,1.0,3,15.0140102393655,0.0,16.1405197476362,0,17.126161196972177,15.973469636012275,0.0,15.984625184151527,0,64.9164019737778
88,419,31.0,141.0,163.0,62,1.9530318177571928,71.0,2.0718724510607345,74,2.099582533602108,1.0365631318918191,87.0,0.8679375086499341,33,3024.288047445466
31,136,1.0,3.0,4.0,3,14.868736723481426,1.0,16.9794315547219,1,16.970031956400735,17.14679356430752,1.0,17.121270659670596,0,150.4465586098966
45,298,9.0,62.0,37.0,47,7.875978418225511,11.0,8.029685048576441,32,9.101132920152208,7.939165106321829,11.0,7.94476615532029,17,2706.1715971706262
91,431,32.0,127.0,162.0,66,1.9697611983133687,67.0,2.856911910569557,85,4.055535658592181,2.9847404452671924,74.0,4.032083003740695,37,3293.71829486978
1,419,36.0,152.0,180.0,73,1.8842834322525976,76.0,1.0988170906684382,86,2.024961391453711,1.0512775316137644,98.0,0.8761742753625187,34,4106.057634736777
14,387,28.0,92.0,139.0,65,3.0276184384519937,61.0,1.976791287433164,68,2.0702185300240017,2.985626619254366,63.0,2.9073250977386333,33,5410.534640458675
75,461,-0.0,0.0,2.0,1,16.909232394707548,-0.0,18.16619576051644,0,18.75088075570889,18.142717266132944,1.0,18.144005087278625,0,69.48559606773331
23,214,5.0,23.0,12.0,20,8.043532471023568,5.0,8.822519615346994,8,9.904512590155218,9.986847452259171,2.0,9.918237266544756,3,116.14915540817088
13,163,17.0,63.0,87.0,42,4.950379793013349,33.0,5.955681718186799,69,5.8884375202454775,6.052551802107977,43.0,6.878847375874817,15,2257.5010288285857
29,529,7.0,31.0,19.0,28,9.092389255248683,8.0,9.059223004132544,17,10.040336210878836,8.979475628663819,6.0,9.08387322784356,6,941.0446950026792
93,401,5.0,24.0,31.0,13,6.975967265975946,10.0,7.111335235499473,17,6.957335563193544,7.004831421520554,7.0,7.170003520158511,6,1227.4915613598814
64,26,3.0,7.0,4.0,4,15.082625755345603,0.0,14.905318277232386,3,14.8587334939672,15.037399829794628,0.0,15.191128400106214,0,660.174466662964
4,445,35.0,164.0,183.0,78,0.1091568273261577,77.0,0.9088563800527838,53,0.9631580367684064,0.8772829631475415,95.0,0.9554973167466604,37,5782.337694623911
63,365,7.0,23.0,13.0,19,8.843463481527005,7.0,8.125720738249603,12,7.187654650847105,7.102749766994896,8.0,7.088222433224655,1,1056.6323855860455
26,622,4.0,19.0,7.0,12,11.034619427140957,0.0,12.066135007629503,3,13.021012661927529,12.0477058624092,0.0,12.993597441761809,8,630.0357596385284
18,385,33.0,117.0,160.0,90,2.8434889142714823,60.0,1.9177691790210565,85,0.8331479858694986,1.747225957046484,74.0,1.976310123638444,37,4107.054489409121
82,496,3.0,13.0,3.0,11,12.09831062479259,2.0,13.114504907549415,3,13.636837465290776,13.008555475114775,0.0,14.122261178356704,3,396.06099012097593
78,439,33.0,133.0,157.0,69,1.903736637461394,65.0,4.227644334370318,98,3.976931735440416,4.0379123406133335,79.0,4.03180751718402,41,3565.827424491008
9,247,1.0,4.0,3.0,3,16.98539798804859,1.0,18.84397848160995,1,19.9685153724746,18.93093930602884,0.0,18.954517702891746,0,104.42438400288464
93,401,5.0,26.0,35.0,17,7.123139125926352,11.0,7.011958810688183,26,7.059972385961612,7.000952255974506,8.0,6.792576511623527,5,990.9248484230708
63,361,7.0,12.0,16.0,10,9.065901375234274,8.0,7.948914001388772,12,6.991376692759215,7.10971484173326,6.0,7.022740463154329,3,1594.5449950918787
64,20,2.0,4.0,5.0,2,15.118187367166858,0.0,15.260081723893528,3,15.128229396328042,13.995258706917149,-0.0,14.103500249899742,0,392.6885596189803
93,377,13.0,39.0,60.0,26,5.95498877874961,23.0,5.08885337124053,43,5.090726175974456,5.747975750334974,34.0,6.082170046849477,15,1648.1088823224434
25,482,4.0,23.0,12.0,15,11.08612078758729,3.0,12.988730679112294,10,13.023840859618083,11.858410566139757,1.0,13.096885330780855,3,1244.454584680847
78,670,14.0,90.0,50.0,63,5.941985984772873,21.0,6.923018519496487,32,8.101856137586257,7.219725257001819,16.0,7.823811646201983,36,3398.5370446665625
59,573,0.0,2.0,2.0,0,16.854481330897748,0.0,17.780897213110393,0,18.97028029516881,17.964083441456957,0.0,17.8484664065711,0,167.30734804521435
76,213,4.0,24.0,12.0,16,9.01010054577218,3.0,11.030694454776054,10,11.04270230049704,10.741598802090891,2.0,11.29198098986329,3,212.431560505266
43,497,0.0,0.0,1.0,0,19.84439613217581,1.0,21.016474412514324,0,22.124800997734287,20.86434106473185,1.0,21.98601237684812,0,79.54603238611341
17,157,5.0,33.0,20.0,29,7.74320210838979,7.0,9.039687268804618,14,9.698756109726675,10.146995685637425,0.0,10.056364004733506,3,557.2168533508963
0,749,2.0,-0.0,-0.0,0,16.048341299131952,1.0,14.932453140716548,0,13.93581948507925,14.19773187658029,0.0,14.04211510868706,0,214.8694680575756
80,142,4.0,10.0,2.0,11,12.076638450970693,1.0,14.025793189090106,5,14.11013691628496,13.98658553431965,-0.0,13.868536211106932,1,273.4772535891038
62,96,3.0,12.0,6.0,8,12.874099382286204,0.0,14.104298366793095,6,14.175673021553754,14.046315887842695,0.0,14.922711455720885,0,95.47489429550484
59,549,-0.0,1.0,1.0,1,17.05887430755802,2.0,18.11828485513109,1,18.87787736064753,17.921069925937733,0.0,17.802987251578124,0,168.056964806112
83,411,35.0,184.0,177.0,108,1.9585337973274728,74.0,4.005378405280806,128,3.929995714931087,4.189711595492296,90.0,3.8826020692185614,46,4769.505418277796
8,407,35.0,161.0,179.0,87,1.987865095301808,72.0,2.92068758457358,103,3.775537529071388,2.9768428760460344,92.0,3.95404969085272,40,3012.744567006334
28,714,4.0,16.0,16.0,12,9.982055460071786,6.0,9.932275326957049,16,9.091165630904566,9.894223123559104,4.0,9.944744323214351,2,626.6839022375444
23,209,5.0,26.0,12.0,16,9.005616140502887,2.0,10.092441293933252,10,10.897659716283806,10.212894010616344,1.0,11.041892935793827,6,507.2880599643093
12,158,16.0,66.0,94.0,38,4.878973894755774,33.0,5.970933262675087,72,5.778920440797871,5.973892123038084,46.0,5.9306091387113655,17,2278.836274036272
43,631,1.0,3.0,0.0,2,20.066209914435028,1.0,21.00661002521736,1,22.05172962001409,20.92764803119408,0.0,21.18685943476772,0,86.56372681398169
45,657,8.0,64.0,36.0,47,7.942699869381149,11.0,8.027090242553648,32,9.135288992705387,7.90828877505491,11.0,8.02838622224358,17,3030.5727945946096
10,430,33.0,127.0,164.0,69,1.9674803659373912,63.0,2.99269787514353,80,2.856893759567786,2.9768605467427216,71.0,4.052258521611701,32,4208.777639487937
70,77,2.0,5.0,1.0,3,12.935714625144334,0.0,13.895013186185189,1,14.941947606375871,13.9314331811364,0.0,14.996740422092945,0,60.64686466751068
1,316,34.0,154.0,172.0,72,2.1173686373554053,75.0,1.9420203511388645,90,2.6507666998303683,2.143150980620566,92.0,1.9101500035213672,42,2536.3976457495064
25,483,4.0,16.0,7.0,9,12.087670572668651,3.0,13.972853053167436,4,14.086583860732269,13.99286032613331,0.0,13.990309900160616,3,929.4055794872386
94,445,37.0,145.0,183.0,72,0.7983584052096053,78.0,1.0171502713098852,63,1.072821370560806,1.2371958386784951,93.0,1.865053367851824,41,3445.100344168656
41,420,36.0,155.0,180.0,79,0.866521231189334,80.0,0.0274268948702057,62,1.1066719687909503,0.0591975872099551,98.0,0.0282416887287307,30,4871.107098722888
67,725,2.0,13.0,8.0,12,11.92276798125405,5.0,11.929146622183602,6,12.169700881478809,12.574966155291026,-0.0,12.923284857263615,0,233.1930738761645
32,515,3.0,12.0,5.0,9,10.967150207613878,0.0,11.065636465975114,6,12.073614292056442,11.03077472282562,0.0,11.057536213264989,1,220.23831635873
17,214,4.0,26.0,13.0,17,8.190804382428267,5.0,9.088499315017684,5,10.00456028782919,9.256624758064351,2.0,9.964274212090508,6,425.6195111699656
91,431,33.0,140.0,171.0,80,1.9229149900121008,71.0,3.079974699070378,88,2.962892150904614,2.952421163801466,85.0,4.022249435012672,38,4973.069937193053
69,114,1.0,4.0,0.0,3,14.005643957441082,1.0,16.04993893270668,1,16.130112249295248,16.03904719807781,1.0,15.993525198582118,0,79.74244385737731
54,445,36.0,155.0,180.0,80,0.8731810510108317,77.0,0.0,57,1.1480601014445122,1.058586890491913,97.0,0.8183074427436642,37,6087.66545393744
66,42,5.0,17.0,10.0,9,11.91826774200043,4.0,11.97582183914351,6,12.02282129929445,10.936783840956124,0.0,11.117942189356096,0,378.6471666084679
1,317,27.0,142.0,142.0,76,2.759660671637046,65.0,3.013482159407587,85,3.9119183551971473,2.8854426134166062,67.0,2.9549048402379023,38,2847.936218540995
63,369,6.0,27.0,17.0,24,7.917241468527249,12.0,7.097491526642885,12,7.141124870870186,6.1480960965800975,8.0,6.08806845239442,4,3143.227175201393
0,754,1.0,1.0,-0.0,0,19.147336230505854,0.0,17.927707182294817,0,17.27005325918596,16.996122535784874,0.0,17.01772552041364,0,351.8213430250692
91,435,32.0,115.0,148.0,67,2.914850506908312,59.0,3.9227897424438143,86,3.912622406365409,4.0674421895334,65.0,5.158000803393765,36,5738.340209599162
26,598,4.0,15.0,7.0,13,13.067126899468334,4.0,14.025619964327534,7,14.778465031145997,13.905455493223538,1.0,15.123252254324491,3,677.2003881780344
48,430,33.0,111.0,148.0,66,2.837022144692288,61.0,3.929675850515824,77,4.021381702073005,3.8461336344385,66.0,4.0550243927349126,35,3183.3650664430606
67,701,3.0,15.0,18.0,6,9.828720638128688,6.0,10.13939540361172,10,9.87232769094061,9.70737946488486,2.0,11.047553395413502,2,421.6402544817825
68,219,5.0,17.0,5.0,14,9.990789726621731,2.0,11.77999671800246,5,13.146749980028702,12.011492202631835,1.0,12.89316887112205,2,217.9527551274836
5,408,36.0,150.0,184.0,73,0.0,77.0,0.8892175746952207,61,2.133266606417301,2.037730270544907,91.0,2.0115282855030387,38,4656.956925765439
89,402,35.0,163.0,180.0,61,0.0,81.0,1.019591849100257,53,1.9922175101548831,1.050086439708411,98.0,1.8953832155693149,32,4901.223425425383
33,257,0.0,1.0,2.0,2,18.16616897465733,-0.0,19.69634780249073,0,20.01125199346401,19.95205137081504,0.0,19.862367618198693,0,79.72571702488807
28,736,0.0,3.0,0.0,3,10.904618858794594,3.0,11.027686271788948,0,9.974257789732889,11.055303463020111,-0.0,11.03677152167747,0,159.6889092139254
14,449,37.0,147.0,183.0,82,1.0187327849506724,73.0,2.056885680287711,75,1.933632447387253,2.070894949747552,91.0,3.1219058004849285,37,3669.367092837736
9,633,1.0,2.0,-0.0,1,17.955607798428684,1.0,18.91067141052301,0,19.74448250991108,19.12787361296449,-0.0,20.09048082848434,0,184.5581350586248
76,78,1.0,1.0,3.0,1,12.968166791101682,-0.0,13.995149686930224,2,15.04047528825896,14.956753512657398,-0.0,14.992955736712142,0,97.02000735730338
28,696,1.0,6.0,6.0,4,10.95154088218575,3.0,10.944962895067096,4,11.089792297167898,10.84070442343332,0.0,11.011807939491906,0,384.3929069330175
87,431,33.0,139.0,162.0,75,1.819860753535827,70.0,3.056062709105356,88,3.876617339212116,2.8850841083006062,81.0,4.046645401224785,39,4231.395393678942
82,592,4.0,22.0,8.0,9,11.003306914605323,4.0,12.07638288841768,6,13.11936269155313,12.0283833733668,-0.0,13.114451562220928,5,336.8408647416684
69,145,4.0,13.0,3.0,15,12.144879718663466,0.0,13.03134755640501,5,14.03341588852673,14.030362000700965,0.0,13.966932630810806,2,349.35567347225293
15,206,10.0,49.0,28.0,38,8.187530328469943,7.0,9.37355231902452,20,10.039323335321203,8.991627557722419,3.0,10.10951540490932,12,2552.2081685913986
73,16,2.0,5.0,3.0,4,14.092216536419722,-0.0,14.367726194642197,2,14.0448220867694,13.07909277448936,0.0,14.211658164830824,0,36.62358787372301
94,420,35.0,150.0,171.0,78,0.95897300944025,75.0,0.1271890560980997,53,0.0921072217458053,0.1340304540436592,98.0,0.0,33,4277.317614710413
28,689,0.0,1.0,0.0,2,15.033894745668016,3.0,15.093555331779532,0,14.084420738828776,14.711351565827584,1.0,15.120725901128504,0,59.57767652235589
86,410,23.0,142.0,107.0,95,3.9758298223432353,42.0,4.826077511308525,73,6.212338665434001,4.780718504998919,52.0,5.998159067244137,47,1559.7404534487005
31,138,1.0,5.0,2.0,3,14.735735543432902,0.0,16.063204173855464,2,17.012090148963726,16.009960975855538,1.0,16.79673717888077,0,88.23198711398418
79,31,7.0,25.0,13.0,11,10.112370802757562,3.0,9.095618539066567,6,8.963640244404795,8.869188307641185,5.0,9.133319139747671,1,533.3903939228219
28,739,0.0,6.0,1.0,3,11.842400177671127,3.0,12.119933425938775,1,11.021365329914092,12.026118069231178,1.0,11.914116608547966,0,126.72799847414714
3,449,35.0,137.0,178.0,71,1.8554855642797103,71.0,1.933596041580468,72,1.977357335954154,2.065587234979836,83.0,3.1252848571533884,36,3905.032501813436
29,298,10.0,68.0,38.0,51,6.963256774020597,11.0,8.222884083262453,27,8.00923228030587,6.95443651014241,16.0,8.187009224207104,17,1176.9894861015216
77,281,29.0,114.0,151.0,73,3.148361317090878,62.0,2.180430693097813,91,0.858451853248288,0.9856174210743188,79.0,0.9833189235243875,37,2734.857595155234
82,480,5.0,25.0,11.0,15,11.053680687500195,3.0,11.868740244206885,9,12.83891380747945,12.081733956453236,-0.0,13.022376015861536,5,286.6579685145557
26,638,1.0,3.0,3.0,2,16.1683584280362,0.0,16.934934412207607,0,17.938394085124173,17.21318058289305,-0.0,16.868333226580244,0,263.7553417481218
91,433,34.0,141.0,177.0,79,1.007729812245691,70.0,2.149728943073093,84,3.1524282616661368,3.1792564703615893,85.0,2.9214709658365217,37,5301.179967620434
59,551,-0.0,-0.0,1.0,2,18.07833805685108,-0.0,18.247361192792724,1,19.069333452709184,17.878677766489883,0.0,17.924630240749277,0,195.6702181707231
26,580,4.0,18.0,8.0,9,11.92095673404867,3.0,12.657682787669827,3,14.085979282553716,12.96504614669453,-0.0,14.154989453395816,6,826.8242354923764
68,215,4.0,19.0,9.0,13,9.926716965886946,4.0,11.029132256625092,7,11.882406151336175,11.004771812412004,2.0,12.09394697419112,5,326.98363080023347
27,762,3.0,0.0,-0.0,0,15.94742567777198,0.0,13.953533987277488,1,14.06331585478601,13.918772908436368,-0.0,13.084461470182266,0,43.21638563346692
25,603,3.0,12.0,5.0,10,13.987210562405815,2.0,14.966519271373857,5,16.114011672987466,15.04267915532185,0.0,15.924656736774978,2,944.9553909502253
92,406,33.0,153.0,181.0,66,1.099489767296012,78.0,2.080905055887116,72,3.162783662485692,2.0059596436185294,93.0,2.988060576147156,36,3829.1279216106377
29,299,13.0,86.0,52.0,59,6.003549576839389,25.0,5.88842752689151,34,6.94819944440696,5.9980427213603456,40.0,5.96760632850952,23,1042.4402436582093
82,492,3.0,14.0,4.0,10,13.09561656386798,0.0,14.057383067852465,4,13.808487244405486,13.182655885171984,0.0,13.990780353168844,0,94.8153823152178
57,605,3.0,13.0,4.0,8,12.103811925570364,3.0,12.812407588181747,2,14.10527095383217,13.96731315410604,0.0,14.006544586494334,3,279.1887609710611
59,551,-0.0,2.0,0.0,1,17.124275015464676,0.0,17.052101578845015,1,18.07656070293275,17.03450315260484,1.0,16.93402120795523,0,138.66905255197332
94,421,37.0,163.0,191.0,69,0.0,80.0,0.9240319749650888,69,1.7348419049933916,1.059642761382201,101.0,0.8403241903815422,35,4977.312641246153
81,378,26.0,76.0,124.0,50,4.047056986403174,47.0,3.755618558371351,74,3.90701108948756,4.099147092457664,58.0,4.071711295704131,21,4565.079735836408
30,326,14.0,82.0,58.0,61,5.720488841966021,27.0,5.885403004395522,41,5.97759591242855,4.8224038327444765,37.0,5.052697337109822,19,1515.9132183017316
29,38,5.0,16.0,10.0,9,10.973074847230464,3.0,11.159407637277884,6,11.094062544173376,9.922343178908362,1.0,9.897254520318349,0,445.9746118770248
54,447,36.0,144.0,175.0,94,0.992311379183868,75.0,0.0,72,0.0775282500021817,1.083212864280643,92.0,0.9493389243033076,34,7624.315631756175
28,714,4.0,16.0,19.0,15,10.112345192066153,7.0,10.075001637801144,16,10.002856977553504,10.105364265104674,4.0,10.093852167806302,1,272.2674459104651
0,746,1.0,1.0,1.0,0,19.11459070623938,0.0,17.10964378298089,0,17.017728704042405,17.193383816076974,1.0,16.067650109043843,0,533.7491343488715
87,402,35.0,172.0,182.0,76,1.2263176044051756,82.0,2.0873175898832588,83,2.8983057888018933,2.005509462712044,96.0,2.924672769638825,35,4570.272701054223
32,544,3.0,21.0,7.0,20,10.02598431712783,0.0,10.946503009549598,7,11.04384589815752,10.050815239204091,1.0,9.960171157531152,1,609.3411666099028
75,465,2.0,6.0,0.0,3,13.947903706179236,0.0,13.675703028176924,1,14.97654836991908,14.100973527399034,-0.0,13.907016018435009,0,117.5812432594808
31,137,-0.0,1.0,0.0,0,16.105612325555466,0.0,18.385254764019752,0,18.004063582034853,18.12403320713372,0.0,17.94334755832906,0,65.21168571329666
65,711,5.0,29.0,22.0,25,8.247213749385798,9.0,7.91646930849089,20,8.24064712776197,8.86843462954053,5.0,8.913659411699635,5,1011.0927978053244
42,420,34.0,154.0,175.0,78,0.973820087726329,78.0,0.0125093304165198,53,0.1435836076041499,0.0,98.0,0.0,33,4173.356216704929
43,500,0.0,1.0,0.0,0,18.891143696577373,-0.0,19.92313426872841,0,21.19124630669929,20.16928836581529,0.0,20.113860090925268,0,63.02539877804739
58,44,0.0,2.0,1.0,1,17.142882797690742,0.0,16.977431631258074,1,18.04227662833579,17.03172776963871,0.0,16.85553551362917,0,88.08153684497478
69,126,3.0,11.0,3.0,11,10.945919429492122,1.0,12.894732739555504,2,13.78465571627592,13.077948682650698,1.0,13.953177882861514,2,215.55701161776807
30,325,15.0,87.0,66.0,65,6.060461006640081,35.0,5.0015599309217365,49,5.097714445774841,4.145133340738475,41.0,4.02781816097748,17,1116.3687598721644
43,511,0.0,1.0,-0.0,1,18.995952226894875,0.0,19.94646177673787,0,19.85025862130556,18.852197570188853,0.0,19.920052054902783,0,106.54753296846437
81,381,28.0,88.0,140.0,61,3.063131505109906,58.0,2.835254355059221,77,3.112196153480181,2.89390919127764,60.0,2.9427190681978703,27,3956.6605339296575
23,227,14.0,69.0,56.0,50,4.983835682497995,25.0,7.173413637059798,50,7.2557032545526035,6.862573513840547,29.0,6.79599976600819,27,1941.6876280677352
65,161,23.0,84.0,114.0,50,3.819655971849613,51.0,4.946368238480729,68,5.202543750009807,5.104022368836598,58.0,5.19787281845085,29,1027.5119455179151
58,14,3.0,3.0,4.0,5,14.00927085595977,0.0,12.87164174282988,3,13.847986291302066,12.87635768231494,-0.0,13.068516776835498,0,132.53843071110833
23,85,5.0,21.0,12.0,14,9.005177825618974,3.0,9.965213840126657,7,10.903595842618362,11.04855019135726,2.0,10.993504935164385,1,436.9814896701712
58,49,0.0,2.0,4.0,0,18.913589642362325,-0.0,19.033919791157903,0,18.741524076320307,18.16505995259661,0.0,19.17757041467799,0,95.18610727055972
15,607,5.0,20.0,3.0,10,11.038044761880832,3.0,11.808907432575404,2,12.942087327683906,12.206925192939746,-0.0,13.1212365004561,6,307.2476350152576
43,624,1.0,2.0,1.0,1,17.175331405614116,1.0,18.09955669747927,1,18.93832022922512,18.12497575622138,0.0,17.980483363586078,0,130.8437396560391
8,405,37.0,161.0,194.0,58,0.0,84.0,1.038577842883302,75,2.1332250048516617,1.053343514542051,104.0,1.981266400122896,31,2793.513896641532
14,387,28.0,92.0,139.0,72,3.046688754844991,60.0,2.0100384531035504,70,1.9255777940475136,2.940141500332804,64.0,3.0823947833548413,32,4262.0682170662185
73,25,3.0,9.0,4.0,5,14.075096580502125,0.0,13.917981308324713,3,13.945811841208355,13.055511388872103,1.0,13.913928492512524,0,70.6759717538333
10,430,33.0,117.0,152.0,67,3.002489118944055,60.0,3.998194447031552,82,3.84112003233068,3.8739311426820433,68.0,3.9628500404427744,34,4225.680613083453
14,444,33.0,126.0,167.0,79,2.174669456075665,72.0,0.8580503187716875,66,0.7479860219155625,2.0548803830883746,86.0,1.8890954578969044,37,5877.853662575177
33,139,0.0,-0.0,1.0,0,17.022532031372524,2.0,19.098911506978865,0,19.906928383098133,18.891077438579725,-0.0,19.939505941806555,0,159.3750846577664
68,122,3.0,13.0,2.0,10,10.86226005411038,0.0,12.13583894418644,2,12.824488730947236,12.097843660278178,0.0,13.011243975733096,2,217.64787800733265
11,431,33.0,139.0,168.0,75,2.191489010456364,69.0,3.064246215014996,91,4.006214123377922,2.9635806966671585,81.0,3.9678207300996657,39,1788.2728090205444
27,374,4.0,2.0,1.0,2,12.015693668070424,2.0,10.202599659173725,3,10.269380048747042,10.151415264034702,0.0,10.000863969729496,1,144.99356353275715
0,744,3.0,0.0,1.0,0,17.08680621550401,-0.0,16.006751782517984,1,15.97374697599036,16.1889247990249,1.0,14.979259951347965,0,553.3159741116282
28,716,3.0,13.0,17.0,12,9.92258859444501,7.0,10.119312806958476,16,8.794546130724793,10.029185341541393,4.0,9.871219800749346,0,693.3144903390495
41,445,37.0,149.0,183.0,75,0.8418005723103341,75.0,0.786572661188258,63,2.1580173424018607,0.8216235114565452,95.0,2.040094647089404,38,4715.269175936951
72,148,1.0,6.0,2.0,5,11.933431676668327,0.0,13.717864809371797,3,14.919506037205489,13.928176593062284,0.0,14.76518852308149,1,521.8201165760396
52,285,31.0,103.0,157.0,63,2.9870865394003605,64.0,0.9964582772241384,86,0.0,1.0950915055420478,83.0,0.777768786531486,35,6984.385386619937
79,38,6.0,23.0,10.0,14,10.6923008629909,4.0,10.114567135239032,6,10.855066475535432,9.977604728495312,2.0,9.992495097828863,0,281.08630331416384
2,426,31.0,161.0,161.0,82,2.9621748391955367,72.0,2.9980329245778634,99,4.067362141538576,3.213210138986125,78.0,2.8889322871399403,44,3017.459021852384
78,669,18.0,133.0,81.0,91,4.082945997574759,35.0,6.05224526067892,49,6.817044029551305,6.0410753902581,43.0,6.017318111702301,43,3539.037736217998
69,123,4.0,15.0,2.0,10,11.025931561743672,0.0,13.143657285288866,3,13.837300169080637,12.99264439332835,-0.0,13.961853630215009,1,218.2978344916885
72,112,1.0,2.0,0.0,1,13.866182326542347,0.0,16.140285128428143,1,17.047514580273802,15.996279539199826,-0.0,16.92766830161079,0,468.2744084852403
15,198,15.0,77.0,58.0,49,5.071945835492032,25.0,6.982236119527099,42,7.078711404941632,7.115453729737876,27.0,7.065987577465359,33,2197.62997533023
20,301,8.0,30.0,27.0,13,9.0699897829559,6.0,7.971280387755447,17,8.009238448833107,7.892994748494753,8.0,8.1215654588925,1,940.5284942714808
8,407,34.0,155.0,176.0,81,0.8021423655637507,72.0,3.0139931704841927,85,4.002115633299049,3.291328213409603,93.0,4.156214539966502,36,2929.6655120821843
15,592,5.0,22.0,13.0,11,10.985345486625167,2.0,11.94396699281658,9,12.8552528130652,11.913500541942854,1.0,11.912841815416336,7,891.5722926159212
61,393,4.0,20.0,20.0,13,7.924405322869422,6.0,8.17915989012922,7,8.030244908304272,7.977000025722655,5.0,8.09059098787694,5,586.0385243498116
2,317,29.0,148.0,155.0,76,3.005129129619034,68.0,2.888365330635265,93,2.9547553441540297,3.138083059677649,70.0,3.032255696631497,42,4380.921942111489
82,457,3.0,14.0,4.0,12,12.994506435448525,2.0,13.864635526096595,3,15.05726790238707,14.167325924995303,0.0,15.109171795012273,0,348.2747719628106
66,39,4.0,11.0,6.0,10,12.922552793084892,2.0,12.086601525509328,5,11.96805944393886,12.154506279881588,-0.0,11.751091267162302,0,304.689996435459
91,433,34.0,131.0,170.0,69,1.8942675407563352,70.0,3.0476238150495885,80,2.937266978101046,2.861026564897267,81.0,3.0510641094139843,38,3326.9270098759803
74,533,2.0,10.0,3.0,8,12.17110522589244,2.0,13.219563673281328,2,13.931262399389002,12.817783379397309,0.0,13.029081482477103,0,170.82518676925133
66,30,5.0,15.0,13.0,8,11.98690958314132,4.0,11.22874678272936,5,10.998225138357352,11.039245777448748,2.0,11.096940541086784,0,388.5013094469219
0,351,4.0,0.0,3.0,0,13.033024830622011,0.0,12.064201585272135,1,12.142886009138689,11.90095577783756,0.0,10.796833052615018,0,863.6249036913373
83,427,38.0,181.0,188.0,86,0.8820865508520938,85.0,1.920200747726166,101,3.2305243086765363,2.097267308533854,103.0,2.971371579375817,46,3530.055786713016
5,449,38.0,147.0,185.0,81,0.993581852151072,77.0,0.931001373832818,68,1.0067495123864063,0.9671223419192142,94.0,1.9215379751220896,40,3014.742343226106
55,447,35.0,156.0,173.0,83,1.0466027587484992,76.0,0.090646093091016,60,0.0,0.0,96.0,0.083339028561746,35,7878.526051318649
33,264,0.0,0.0,0.0,0,17.953776471551336,1.0,18.88121266878528,0,20.061193754475543,19.966511346021456,0.0,20.239114344853125,0,255.40985002326588
69,191,6.0,23.0,12.0,19,9.803763059814354,3.0,11.006017536610504,8,12.060116873695632,10.974985412852217,1.0,11.839611532700092,5,345.1554503516297
62,73,3.0,6.0,6.0,4,12.819106688223972,-0.0,13.918866537154134,1,15.05636141367191,14.977431169690648,0.0,14.95451295587282,0,160.61746062139622
60,132,1.0,3.0,0.0,2,14.920828560873233,0.0,17.0019876156917,1,17.93439666845482,17.067546571232207,-0.0,16.97507192819965,0,961.1182644386312
62,107,3.0,7.0,8.0,5,13.115492783219675,1.0,14.031347780794892,6,14.03996803539166,13.857546398748095,0.0,14.80507745552575,0,80.22414487361715
45,314,21.0,131.0,113.0,82,3.8211740448734814,49.0,3.9631557452339337,76,5.066706169634134,3.848147909870536,56.0,3.964687981527046,36,3589.5075227558623
43,472,0.0,3.0,-0.0,2,15.718961552491615,0.0,17.133779890136626,0,17.956041092729034,16.92381216130442,0.0,17.265934328951836,0,69.67328731959628
0,347,3.0,-0.0,3.0,1,13.943035056499324,1.0,13.053561801260992,2,11.961479898278457,12.00432603144288,1.0,11.95228100279245,0,436.5417736378461
45,682,19.0,127.0,95.0,69,4.908039587511055,36.0,4.780438176044369,64,6.162596861415389,4.72704153564114,51.0,5.013984849149402,33,2615.360001871717
45,424,27.0,168.0,142.0,87,2.9684614018957207,64.0,4.076616407989888,86,5.14215200014158,4.00513325435029,64.0,3.899304028864568,35,2751.7551503255754
58,53,0.0,0.0,1.0,0,16.054529865343202,0.0,15.955827058774084,1,16.161631405958367,15.789621226629874,-0.0,15.787643478858538,0,58.87862835923885
73,22,1.0,0.0,1.0,2,16.91607464802344,-0.0,15.894436430919724,2,17.091617178012253,15.986560263323511,0.0,16.036619215818053,0,330.6474680054717
43,499,-0.0,2.0,0.0,1,19.971354887021565,0.0,21.00565499205119,0,22.075947425730007,21.049895703853,0.0,21.01163687310584,0,73.63352101319505
82,652,6.0,38.0,19.0,25,9.888524720915536,5.0,10.925388492632994,11,11.919712008464511,11.07824367748144,2.0,11.95466322208024,10,452.4960587619609
14,449,37.0,148.0,181.0,76,0.90642107503584,71.0,2.17356447710916,71,1.8661252613818669,1.9735938979752925,90.0,2.1638114656980605,35,4481.275590715995
44,579,5.0,16.0,6.0,13,12.987594794511612,4.0,14.03465949912005,8,14.929283432103531,14.019720719255988,-0.0,14.84141166395709,3,238.54124984795376
81,436,27.0,90.0,132.0,46,3.049755126138551,56.0,2.858326483721995,58,3.884104122544006,3.904767189629222,65.0,4.142977416721438,29,4556.845205488639
89,402,36.0,169.0,186.0,70,0.0769882143837847,82.0,2.192144846383096,66,1.8460017734534253,2.0925097672577464,98.0,1.95603492764858,34,4957.938233694715
81,161,25.0,78.0,108.0,43,4.003588929407086,47.0,4.125655216919912,56,5.053122827854587,5.019462118042044,54.0,5.018084016643193,23,3881.51891090636
64,30,5.0,18.0,10.0,10,12.0137879687343,4.0,11.114812579366726,6,10.939772166525476,10.95760484007876,3.0,11.011706691329204,0,786.1719308512844
59,558,-0.0,3.0,2.0,1,18.90266697644729,0.0,19.096356867758526,0,19.870781681828223,18.870554327655384,0.0,18.956626147810017,0,163.0680053692392
77,418,35.0,142.0,183.0,72,2.0707906141903805,75.0,0.8127313623584467,88,1.0881477305560303,0.009636670258678,97.0,0.0286256249173939,28,3149.232520303588
74,492,3.0,15.0,2.0,12,12.928772715205564,0.0,13.855833815612046,4,13.975697907018615,13.217191848196004,0.0,14.067996058447749,1,114.23772334980175
29,295,11.0,66.0,40.0,49,7.0185677399223385,18.0,6.790555205096441,24,7.922427503552165,7.048586796445939,25.0,7.087167346936123,11,1386.234020741014
71,269,25.0,110.0,112.0,75,4.094515865007873,55.0,2.9756506567161534,76,3.0090277207080094,2.8901353974330486,54.0,1.8847038848199784,30,1560.3763374082596
57,605,3.0,15.0,5.0,7,11.099217716905796,2.0,13.044010670228468,1,14.012586562844222,13.01356881041584,1.0,12.9625704417366,5,379.2585013751592
29,311,6.0,48.0,29.0,35,8.05127345523667,8.0,8.058828666871282,25,8.85114766791207,7.860357639260748,12.0,8.068056825307057,3,1617.7639031732112
45,317,24.0,142.0,134.0,78,3.917448955350702,56.0,3.963864133170026,80,4.069723879305389,2.8756901790548417,59.0,4.048721497009918,43,3093.245932879256
17,108,4.0,16.0,16.0,13,10.947659222162027,2.0,12.233620590887748,14,12.830697423555849,13.001942952380627,-0.0,13.10638723865267,0,112.43880243139398
76,77,2.0,5.0,4.0,3,12.02506959700951,1.0,14.017817283507128,1,14.108516320028086,13.83843359391432,0.0,13.94549364166406,0,212.9125838568962
82,481,3.0,14.0,4.0,12,12.79712274530952,4.0,14.219839178655194,4,14.903494135119791,14.041073557029645,-0.0,13.802928786749549,2,408.354574756922
86,427,38.0,176.0,189.0,80,2.0176552118404145,82.0,1.7547167868307378,112,3.1261470040989217,1.8364036311121228,103.0,3.020963815205248,43,1557.4332162684111
60,616,3.0,11.0,3.0,7,13.045766495500429,0.0,15.001815653139332,3,15.00307771877804,14.825588667417716,-0.0,14.92564892254314,3,941.04032706613
23,186,7.0,42.0,21.0,25,6.890478164383091,10.0,7.959038767129269,17,8.951745797996775,7.943366867086234,6.0,9.086393195344591,18,1932.0887284509183
67,721,0.0,1.0,0.0,0,15.11776662153505,2.0,15.222530037289207,0,15.101062250176025,15.139013278256984,0.0,15.191740996729846,0,41.03209147026474
86,686,23.0,147.0,110.0,81,4.083208151208944,47.0,4.943426321095568,69,6.187235208901584,5.0733718821224345,58.0,4.907769071461317,41,1628.3237284270372
1,417,35.0,155.0,181.0,69,2.019273204835909,76.0,0.9538717044537496,93,2.081249387072714,0.9797438038035136,102.0,0.8427160614485448,36,3499.4734867021843
33,115,-0.0,2.0,-0.0,2,16.8808279454698,1.0,19.17907497688902,0,20.02062059853413,19.11610780651768,-0.0,19.06784970955332,0,171.06783088612158
56,420,36.0,161.0,186.0,79,0.0009807531120285,81.0,0.0,64,1.068832914830951,0.0,100.0,1.0759782883225095,35,3286.5161923532214
32,538,4.0,21.0,11.0,17,9.861134185347014,3.0,10.971749989126089,8,11.8906109267173,10.99422706872421,2.0,10.94084307028286,7,628.7864135020683
77,417,34.0,159.0,175.0,76,1.961855092470392,77.0,2.0814821270130426,91,2.964197183761324,1.975625316474149,97.0,1.8392809007741555,45,4468.518995477476
9,243,2.0,6.0,3.0,4,16.94187113491067,0.0,18.03812391555811,2,19.037084157915448,18.24928242962798,-0.0,18.868970891854435,0,95.81789502843546
4,449,36.0,142.0,180.0,80,0.8893946855781979,73.0,2.180176481028823,72,1.9953552501039515,1.8054150624685423,88.0,2.068237902867403,37,5171.293119494585
67,726,1.0,6.0,6.0,4,13.862599814684344,3.0,14.001096990846122,5,14.115188250288451,13.818562259316122,0.0,14.157736481092202,0,290.6393805237176
68,122,3.0,15.0,4.0,10,11.0869521749023,-0.0,11.896698115622163,2,12.98693255989686,12.031952377637854,0.0,12.972528686564369,4,284.97635964835456
11,440,28.0,148.0,162.0,82,2.134330323562925,68.0,4.030873178488172,110,5.013308311742994,3.950684033989611,86.0,5.17510397406963,49,2227.8116687590937
80,138,1.0,3.0,2.0,3,14.08758968504844,-0.0,15.97916109462203,2,15.942457931771562,15.91181438440142,0.0,17.199008948196454,0,159.17592673720114
32,661,7.0,45.0,22.0,30,8.849539105212147,6.0,9.97724006752649,19,10.839230340209696,10.098622629463382,4.0,10.043366026308474,12,999.2002322572756
17,108,3.0,15.0,12.0,10,12.08206195625563,2.0,13.273039051468366,11,13.068626562238958,12.985529053976704,-0.0,13.808748021379198,0,222.6878369566165
15,205,8.0,49.0,28.0,34,7.064065324361879,10.0,7.817840448033105,21,9.120398848498343,9.032125502340945,5.0,8.970653937000828,16,2313.120351080436
76,213,5.0,21.0,13.0,14,8.925729998830455,2.0,11.111676548714534,10,11.920845747940136,11.097210578416211,1.0,12.065431177178256,4,224.38410502029552
28,740,0.0,4.0,2.0,4,11.918485783183732,2.0,11.764591692946254,1,10.977944460090342,12.056873653147372,1.0,12.022263508931225,0,339.95399397528587
53,447,35.0,145.0,175.0,80,1.1333049456698112,76.0,0.2382920913170076,69,0.0,0.0,95.0,0.0058023206897539,33,7124.062853149085
60,259,1.0,4.0,3.0,3,17.016392521367557,1.0,18.856745573147155,1,20.21516222591848,18.87616133178945,0.0,18.959015520829347,0,741.0365486126003
58,53,-0.0,0.0,0.0,0,15.852707294710186,-0.0,15.993398198508332,1,16.090829364006048,14.912701959176276,1.0,15.999635021603464,0,92.23040708840318
15,593,3.0,19.0,8.0,7,12.035297027760825,3.0,13.07126863734384,2,14.010422369173403,12.951343226037698,0.0,13.033264552933478,3,917.6785235859508
59,547,0.0,4.0,0.0,1,18.12878234732064,0.0,18.961718688253256,0,18.86390303194222,18.14006883504556,0.0,18.91597273916616,0,115.32517420075996
86,424,27.0,163.0,142.0,79,3.0229231711354148,63.0,4.020427762886892,83,4.982443148998264,4.018832671768784,67.0,3.847423387103114,36,2132.919429718281
94,404,35.0,163.0,181.0,68,0.1691479682727045,80.0,1.2286135549864985,53,2.1898948599596344,1.14262532473573,96.0,1.988333271662968,32,4787.781766418155
28,705,4.0,9.0,8.0,4,9.957581655208152,4.0,9.864324355761,8,9.852165342672102,10.1944888978098,2.0,9.974401770571005,0,239.9297963771101
77,416,37.0,149.0,186.0,73,0.8577086938019253,80.0,0.0787672079204369,73,1.017560221273115,0.0,98.0,0.1781242185748861,34,4208.180481895428
60,263,1.0,3.0,2.0,1,15.091165319088216,-0.0,17.012481621584868,0,18.1305333382662,16.85840852191922,0.0,16.930154766812052,0,430.57583509477774
4,449,36.0,148.0,184.0,81,0.9950854535509198,76.0,0.918615132931496,69,0.8301413600928561,2.1207289302105847,93.0,2.0922985681741,34,5701.504903889751
0,755,1.0,2.0,0.0,0,19.101397500759514,1.0,17.735429897879655,0,17.20593252610359,17.999767810846127,-0.0,16.834478408777706,0,368.1562924143076
6,445,37.0,143.0,180.0,72,0.9353909746970148,76.0,1.0698439883957946,63,1.1022525570963635,0.7690594283235122,92.0,2.185726430288661,41,3437.045257081714
21,300,10.0,31.0,28.0,18,8.048700161093507,10.0,8.197007295471614,21,8.03523637602221,7.15018273642615,12.0,7.165925673030495,3,1632.4983303307902
9,633,1.0,4.0,0.0,1,17.9527077196024,1.0,19.10202068235641,0,19.99741493828836,18.84930804444049,0.0,20.12086183453148,0,123.34364829953395
31,133,-0.0,0.0,0.0,0,15.000486402150107,-0.0,16.973020144034265,0,18.062421669343525,17.08497953184728,1.0,18.090300772815763,0,25.77130448750305
63,346,9.0,21.0,12.0,17,9.874109981949475,6.0,8.993540939773565,11,8.789103840970204,9.13192572533226,2.0,7.928109514407082,3,1620.602568679032
89,406,33.0,153.0,172.0,70,0.9829582232307816,75.0,2.0813755794528133,76,3.0422335552564306,2.800484310424295,92.0,2.915324147807445,32,3538.395021562749
57,129,2.0,9.0,0.0,5,12.86549979608666,0.0,14.234265255304908,1,15.019419537069298,14.886734854150696,0.0,15.172023433266066,3,248.8910944451009
17,210,4.0,29.0,17.0,12,6.981959910512995,8.0,9.090959526441049,12,8.925819332162783,9.003775160233268,1.0,8.971354023011951,11,434.0187175701327
33,119,0.0,1.0,-0.0,2,17.058557880067873,1.0,19.14219257838576,0,19.18009913138728,19.051107543547307,-0.0,19.220974492549217,0,157.63909446144396
78,440,34.0,153.0,165.0,88,2.02886137789746,68.0,3.915978170299778,108,3.903520129931634,4.198158325840607,91.0,3.991759448342055,48,3926.116998487677
82,593,4.0,18.0,7.0,7,11.987632834822564,3.0,12.7857913694708,2,13.979852461015534,12.934889607519825,0.0,13.942215848336224,2,290.94202262674423
59,548,0.0,2.0,4.0,2,18.82709870266056,0.0,19.86537113916093,1,19.886477185265733,19.16431614625412,1.0,20.02829142030585,0,111.20900995320706
29,311,5.0,42.0,28.0,36,8.865629929653357,7.0,8.032776708759986,23,8.915216286931907,7.914529392519444,10.0,7.963167350835043,3,1568.5440477285586
0,751,3.0,0.0,0.0,0,16.97261302472183,0.0,16.03499785433725,1,15.042665908252866,14.946584778692497,1.0,14.931934671631945,0,480.9412404914983
81,379,28.0,104.0,145.0,61,3.130870690979351,62.0,2.8048084479362934,63,2.921913345345656,2.787103537439273,64.0,2.8948326835141382,25,4496.380535111204
35,421,36.0,157.0,189.0,73,0.0,80.0,0.0,68,0.8657141237742082,1.0980776140555597,101.0,1.102682955056887,34,3251.731207273484
11,406,33.0,156.0,184.0,76,0.8489018483308683,75.0,2.0418603458880056,75,3.142120569120119,1.8800716344370911,90.0,3.0957890703495816,36,1264.5586361702387
57,109,1.0,5.0,1.0,3,15.133150269474164,1.0,15.961836074136702,1,17.13544408823479,16.20650031864683,0.0,16.94389087681567,0,109.74301881555652
74,494,4.0,17.0,3.0,13,12.104044035465591,-0.0,13.05906059936067,4,14.185841876398449,12.883024793312485,0.0,13.11552719171791,0,173.95772461338294
87,407,36.0,165.0,181.0,85,0.939599843731265,75.0,2.9548792374164727,89,3.0908058372757337,2.8972165930170224,91.0,3.036084804052721,41,5768.401252916588
34,531,8.0,64.0,35.0,46,8.01804279311089,11.0,7.965481618457431,29,8.999152127866104,7.996255599704829,11.0,7.9290509927596,16,1234.1929489135769
77,281,30.0,101.0,144.0,64,2.9475212160658453,63.0,1.95379430535054,86,1.04308037754872,0.9946801379489124,79.0,1.142201784715791,34,2968.304314683923
80,229,1.0,3.0,2.0,3,15.966312346211224,0.0,17.00259816429016,2,17.991760002823337,16.701192898465585,-0.0,18.01552385528588,0,283.16099679813146
15,184,9.0,53.0,32.0,37,7.066268042259532,10.0,8.013330582712644,23,9.186298450223653,9.24986803398883,5.0,9.05780406611075,15,1879.9505033268208
32,544,2.0,21.0,7.0,21,10.202977249478836,1.0,9.978802684772324,7,11.14128692086708,10.090113994513406,1.0,10.069997597115352,1,645.5225391670593
1,417,33.0,155.0,174.0,72,1.9136682275604275,76.0,2.1460409105631304,90,1.9131824234754944,1.0790401573613255,98.0,1.898753286217504,40,5482.409699362039
86,427,37.0,176.0,186.0,79,2.018368162800987,81.0,1.956298554694702,108,2.9803335787861087,1.871234953081613,101.0,2.966848344795005,42,2214.1553182657585
44,608,4.0,19.0,6.0,10,11.162098754482503,3.0,13.005318625930776,3,13.814261070197585,12.971131071338316,1.0,12.813115131391063,7,378.6532998453619
84,427,38.0,173.0,193.0,79,0.7675441694305988,85.0,1.912193968244425,96,2.8606979879928667,2.0007627099824856,98.0,2.967275326121467,43,2461.510985323124
2,423,36.0,171.0,174.0,85,1.9700930587274663,76.0,2.976023822531203,104,3.056665069145989,1.980010734763192,97.0,2.739451262900274,46,3776.155845539168
66,40,4.0,14.0,5.0,9,13.349142784994545,2.0,12.98432439630798,2,12.831243443595254,11.869022917313607,0.0,12.059436798534575,0,234.4396159038953
14,449,36.0,136.0,177.0,73,2.0850036860992165,76.0,1.964465951455829,71,2.1431124902280803,2.092943465741306,85.0,2.038544780933017,40,5986.54531782357
23,227,13.0,67.0,55.0,49,4.943923718258374,26.0,6.929188301708653,48,6.986514381489907,7.03999000008519,29.0,7.098353988633138,27,1955.850340546588
31,140,0.0,0.0,-0.0,0,15.952409516744636,0.0,17.044791813734765,0,18.141088615397354,16.757141752307415,-0.0,17.842199050030924,0,72.10090874953721
14,450,30.0,108.0,146.0,81,2.984896782040916,65.0,2.153976690589204,64,1.822207132330515,2.983381696361297,68.0,2.814723212411439,29,3589.009865416227
11,437,26.0,117.0,127.0,62,2.7052506854742777,58.0,5.236166565802535,93,5.099618138276486,4.748962557278853,68.0,4.960265643900796,38,2029.722568902132
73,2,2.0,3.0,1.0,2,18.08621085791196,0.0,17.957105396934143,1,18.05678707224332,16.918120773819894,1.0,16.912437528155806,0,133.04269677643828
23,221,4.0,24.0,13.0,15,8.861660194083726,2.0,11.058678189402372,10,10.7142102145822,10.92939203010084,1.0,11.045779596365648,5,362.777871553064
54,445,38.0,148.0,181.0,73,0.9884947460892134,77.0,0.9474470421431358,58,0.8711877936353245,1.0358204027007063,94.0,0.946900427434062,38,7021.800791877184
82,592,7.0,30.0,18.0,18,9.918823461959306,4.0,11.012987669837663,13,12.159038361404836,11.040940632494342,0.0,11.88409752363494,10,405.060944212412
59,551,-0.0,1.0,2.0,2,16.81022488206911,0.0,18.08808058522664,1,18.1423247567011,17.08971183554846,0.0,17.720381139366037,0,196.0522094105185
1,419,32.0,133.0,168.0,72,1.9445303269105303,69.0,1.12782708127452,81,1.0397520113783172,1.0702793707128682,92.0,1.022990240403458,33,3346.1619748671487
32,538,5.0,28.0,12.0,21,10.039896610198108,2.0,10.894087210745056,10,10.985083313615116,10.169610074487132,3.0,10.893714760355914,8,698.0898587400229
27,356,6.0,8.0,7.0,7,8.813652472567808,5.0,8.179313791031905,7,6.992215761029068,7.867922720614028,5.0,7.049017177082746,2,122.5422708968612
74,537,3.0,12.0,1.0,9,12.177604933081504,-0.0,13.146612080476215,2,13.000340494656315,11.957140245272166,0.0,12.933619077721,0,81.62724096359169
69,143,3.0,7.0,2.0,9,11.98280592053856,1.0,14.128453391002926,4,14.93330382765162,14.01378774445087,-0.0,15.174848921417624,1,222.6600135614886
21,328,12.0,57.0,45.0,38,6.8910519691405465,17.0,5.9037466058214525,31,6.0499651114866335,6.0500630908999815,22.0,6.068815565096823,6,1076.9286716875906
59,506,0.0,1.0,1.0,1,18.926706523841943,0.0,19.08966092836972,0,20.01162241936136,18.895586540372665,-0.0,20.02558198538648,0,156.31083244501443
7,420,36.0,158.0,189.0,74,0.0,80.0,0.09426913490036,64,0.832912277839998,0.0606291074938506,99.0,1.1840735659835475,34,4126.314565129466
86,412,23.0,150.0,118.0,94,2.891583747728555,46.0,4.771462664549396,76,4.880978242526448,5.071666176796515,62.0,4.969588869368192,44,1951.195882969532
51,421,37.0,164.0,192.0,69,0.0,80.0,0.8813898271296863,70,1.930582855980787,0.9449210202153728,101.0,1.1066311722593107,35,2593.2440509014527
69,110,1.0,2.0,2.0,3,13.91563195973349,-0.0,15.008674833646928,1,15.98455101303888,14.991755293973275,0.0,16.098007601973585,1,98.67015733018196
5,449,35.0,136.0,178.0,71,2.1248437423345177,72.0,2.193119313173124,73,2.018889198370891,1.891001498183508,83.0,2.834261057750787,36,3863.161883832898
75,465,2.0,7.0,3.0,4,12.967733405528705,-0.0,13.875154134664593,1,15.098774726175892,13.978833278793363,0.0,13.842794191539609,0,185.4938592345765
33,132,1.0,4.0,2.0,2,15.051873832616518,2.0,15.81166093990064,1,16.954485812336223,16.880138096316546,1.0,16.962244305093513,0,175.03293621805463
75,467,1.0,3.0,2.0,1,14.01194558640733,0.0,13.891518464075176,0,14.845611813902105,14.011601462148676,-0.0,15.109522400405218,0,182.82912740202607
59,551,0.0,2.0,1.0,2,17.073725734819416,0.0,18.08556156095528,1,18.025907408623187,16.822988399462048,-0.0,18.051120179946903,0,180.1463061094753
15,189,6.0,32.0,17.0,22,7.835056516298573,6.0,9.922901105418328,12,11.234061015434634,10.123297261341436,1.0,10.820767273570691,9,1114.7825418153325
45,426,32.0,163.0,166.0,88,3.043341710659237,74.0,2.901810990333064,101,3.8523354417191538,3.103834761186957,82.0,2.97869671252282,44,3088.291454788436
59,522,1.0,5.0,0.0,2,13.890134500948548,0.0,13.993432688559537,0,14.955056267231424,14.198784463495794,0.0,14.84653991660844,0,29.098832906589976
63,338,9.0,17.0,11.0,17,9.954740936086017,4.0,9.118101791647096,10,8.748781338971895,9.13055682926794,3.0,8.188495789523408,3,1080.3627906353584
16,383,26.0,79.0,125.0,43,3.9307407231817857,48.0,4.051835030750881,60,3.886684729045088,3.871670497036733,58.0,4.160270836401511,24,1451.320613974483
14,449,35.0,142.0,178.0,69,0.7909716478962286,71.0,2.029973545939433,68,2.012275367683488,1.7266679255313615,91.0,1.863616408421458,36,6439.510996907952
81,379,27.0,96.0,140.0,51,2.824880655270622,58.0,3.028328075043914,62,3.038757270006707,4.053336404205188,61.0,4.037454752541555,28,5152.480190790428
81,434,30.0,106.0,134.0,64,3.0080416800312646,58.0,3.995156979958344,72,4.083005996507406,3.981407069395877,64.0,5.077629683354561,36,3843.7443878274016
43,502,-0.0,-0.0,1.0,1,18.050111552481347,-0.0,18.93474767795524,0,19.95195404784997,18.87197635866268,1.0,19.76144129787979,0,88.29321761891102
61,735,1.0,5.0,4.0,3,10.191684416177551,1.0,10.201616061650457,2,9.847255364595464,9.896417798575673,1.0,9.929585168556605,0,183.07853751183012
52,447,36.0,144.0,172.0,81,0.8997006217628565,75.0,0.0,72,0.0990069268060939,0.1295687088422503,95.0,0.20769434715579,30,1984.14381697017
15,183,7.0,42.0,18.0,22,7.0431954659149,10.0,8.002593599854878,10,8.955801376488436,8.165388199662697,7.0,8.978332526009334,17,2016.2866775583925
59,576,0.0,3.0,-0.0,4,14.646035928366498,-0.0,15.027120090480624,1,15.803269536842365,14.99107313343676,0.0,15.096049711024294,0,68.55882151364625
0,744,3.0,1.0,3.0,0,17.013187723652404,0.0,16.04241730453156,1,14.68831957654809,15.106641843486589,-0.0,14.8785025949219,0,666.7762088134674
87,402,36.0,170.0,181.0,74,0.0,81.0,1.8055402027128955,67,2.8316805250555537,2.2020651589227183,97.0,2.9221152851419707,31,5667.279558986616
63,266,7.0,29.0,31.0,23,5.929151255038937,19.0,5.088105167909924,23,4.209591554833012,4.931352380491292,9.0,3.972330312629633,6,2415.349557904547
9,244,1.0,3.0,1.0,3,17.042303749426573,-0.0,19.138422113525653,1,19.086988254054503,18.896796914492672,0.0,19.013960882362248,0,147.1915437284844
12,156,6.0,29.0,19.0,24,7.926662948163472,7.0,10.1481908417429,15,10.146533560732864,9.949987161311242,1.0,10.130611274722192,2,1447.7746744149645
1,317,30.0,155.0,157.0,81,3.07619281449745,68.0,3.002258593592726,94,2.915938801301053,3.0087166071851104,75.0,2.886059465660109,43,3211.6384184936446
75,460,1.0,4.0,1.0,4,16.14141095654101,0.0,17.015658969996018,0,16.837940856269917,15.862039376684402,-0.0,17.019133698863524,0,130.60259390606865
9,253,1.0,0.0,2.0,1,19.94623498985181,1.0,22.20477118079432,1,22.979281550996927,22.06601742834208,-0.0,22.08690308786759,0,62.17199232539527
45,317,26.0,160.0,150.0,88,2.992612789688699,66.0,3.151703815197055,90,4.025559455350061,3.029351316777794,71.0,2.913537746971894,46,2681.888960612318
60,256,0.0,0.0,-0.0,2,18.062769036220416,2.0,19.93512823201287,0,20.021108748851685,20.16875500998664,0.0,20.035114425401385,0,592.3392074395206
54,445,36.0,163.0,183.0,84,0.1008367243293695,75.0,0.0,53,1.0426564777440868,0.8283997755626085,97.0,1.0375106564220666,36,6203.323662665628
67,725,1.0,17.0,7.0,13,11.97100505153128,4.0,12.142982565500567,6,12.075793297398665,11.959005277037798,-0.0,11.934351001671596,0,137.2833566998288
27,747,3.0,0.0,1.0,0,15.901044368007907,0.0,15.066978766003832,1,13.959547837690003,15.06421725043272,0.0,14.150591339122116,0,39.10335449133266
57,608,4.0,18.0,8.0,10,10.869963602698473,4.0,13.075869213988618,3,13.90042401878981,12.855683842195257,-0.0,13.178245409737098,9,389.4235164249781
59,509,-0.0,2.0,0.0,0,19.120801863551016,1.0,20.081030814534497,0,19.829872745758653,18.923070480790333,0.0,20.04704526134268,0,138.13333661227793
32,493,4.0,21.0,5.0,15,10.958815389050423,0.0,11.96186978325276,4,12.929657163009736,11.9785601569381,2.0,11.896320233660456,5,597.8483866617024
15,203,10.0,78.0,39.0,68,6.063211616959628,14.0,7.86539896921422,35,8.829380296611665,8.306394576384097,11.0,8.029420553176347,35,2645.503596376064
63,334,8.0,15.0,12.0,15,10.829925707824671,3.0,10.100082091442,8,10.081534142279905,9.97746618544056,1.0,8.90724397075773,2,687.6298810086955
47,402,34.0,166.0,181.0,69,1.0718980256876147,81.0,2.01531562793581,69,3.154521412848097,1.995782995724622,96.0,3.063560854242714,35,3712.984176610464
81,444,34.0,140.0,169.0,86,0.998694971505464,76.0,1.0140561736161016,61,0.9919559992475896,0.8596560527664294,94.0,2.0843076499436,38,3566.3616893449566
25,458,0.0,0.0,0.0,1,15.9944161209711,0.0,16.843046125361084,0,18.070494532280403,16.72012134176278,1.0,17.92545497881182,0,328.07707295527547
86,412,33.0,179.0,163.0,114,3.0540731938498453,69.0,4.092825886216505,122,4.816826863759366,3.993536952851436,87.0,4.095377358354478,43,1940.0730688706967
66,343,8.0,18.0,14.0,14,11.045824696239466,3.0,11.031716533380278,12,11.06987510566396,10.118559538374903,2.0,10.024933527308503,1,413.18195017270665
67,722,1.0,4.0,5.0,5,13.037325708875416,3.0,13.01896612754192,6,12.90517534835263,13.880862916110935,0.0,14.135576286429409,0,177.76765962031638
28,736,1.0,4.0,0.0,3,10.978565391370964,1.0,10.843218582763702,0,9.984006399954811,10.88192592518858,1.0,10.75642910855009,0,147.60550400029734
69,143,2.0,4.0,3.0,5,12.978043040713144,1.0,14.920297688232074,2,14.872028059634568,15.194773981451185,0.0,14.915331532360636,1,72.18440784029698
32,525,3.0,12.0,9.0,10,11.993660992799455,0.0,11.935404214706583,4,12.046782835271369,11.052697425722815,2.0,11.00982060820252,0,289.21369036503603
95,285,36.0,137.0,176.0,87,1.773478454555162,75.0,1.2960471353548724,80,0.0,0.99592739145638,92.0,0.9161677001685936,39,2943.625227291357
82,481,3.0,15.0,5.0,10,11.989943720848736,4.0,12.930323660060653,3,14.0174720501233,12.937229814753664,1.0,13.78126783424718,3,514.0934458172507
22,267,11.0,33.0,52.0,24,5.996645763953488,29.0,4.126117592153879,40,3.010717399485917,3.9233673024847127,12.0,3.061074797381385,14,2639.14598449174
13,436,28.0,91.0,133.0,50,2.933864115501306,57.0,3.1259636234094974,56,2.85726786578636,4.052919844620535,62.0,3.9999528053307247,27,2541.7988995065525
81,379,28.0,94.0,137.0,59,3.051911917211236,62.0,3.016199419086245,59,2.9028463253236554,2.809659697153365,62.0,2.9423533263472,27,4273.077025799747
34,530,8.0,57.0,31.0,43,8.068376792404806,10.0,8.906198357024635,24,9.026352830768156,7.938652604758628,10.0,8.879058775594375,12,1603.9876353792142
67,687,1.0,0.0,0.0,1,17.012615973433874,3.0,17.1919025678735,0,15.782610169844997,17.080557263354965,0.0,17.257413425401378,0,163.95144413216266
15,617,5.0,24.0,11.0,15,9.7244952862327,3.0,10.881979296958338,10,12.01274263808452,10.89844542892925,0.0,11.993707097985403,10,1371.0382922490392
1,425,36.0,172.0,182.0,85,2.1452180922745434,77.0,1.960112302804805,107,2.9901243327536995,1.8106831057546648,99.0,2.97732007367254,45,3802.6193414945255
22,272,28.0,117.0,145.0,63,2.92470641987569,62.0,2.0713317410460603,79,2.0618112385936582,2.096933855404984,76.0,1.0190719483427295,31,2349.387610408333
59,575,0.0,1.0,0.0,1,16.861089941026847,0.0,18.19499340179185,0,17.935795093280994,17.040873147388027,-0.0,17.994359354099874,0,266.0144146440944
38,408,35.0,149.0,187.0,72,0.0,75.0,0.9863566520621908,56,1.7813915551967143,2.00397719925373,91.0,1.9502091768434708,38,4667.277457795028
78,413,29.0,144.0,130.0,87,3.055592534578218,52.0,4.175475758392737,97,4.766206169198738,5.0685803779191625,70.0,4.8614885599890405,49,3893.408640605149
52,447,36.0,137.0,166.0,81,1.9777380878923223,75.0,0.0033523213891152,76,0.0355411571127379,0.9847480844373862,93.0,0.0,32,7204.906639980072
29,299,12.0,78.0,52.0,51,6.968327118298066,19.0,7.079943323682965,33,6.9224369143920335,5.850937036394174,36.0,6.894808249873133,23,995.7085683437126
66,27,6.0,22.0,11.0,8,10.955457356212428,3.0,10.002454228641673,6,9.88716521145013,10.20586135123138,5.0,10.17629631312458,1,575.9263061840553
29,28,6.0,21.0,13.0,8,11.120002274818711,3.0,9.730906579435754,6,10.732600376255162,10.11009838673552,4.0,9.77571828033795,0,850.3788047627951
26,634,1.0,2.0,1.0,2,17.15716499192695,1.0,18.12679261681955,0,18.999871719724084,17.99334895615425,0.0,18.89586665017656,0,247.0405159026861
87,431,33.0,140.0,170.0,77,2.101756298923302,69.0,2.9639721429076107,88,2.91418297808485,3.0674404743396484,86.0,4.16167975628458,39,4673.622875820783
23,85,5.0,19.0,12.0,16,9.004298992464982,3.0,9.927768371586582,7,11.068272508447055,10.867962286121813,1.0,11.07728072396592,1,323.80930089921924
59,519,1.0,4.0,0.0,3,13.966804095006449,1.0,14.96502929853225,0,15.024300148636836,15.045230923323984,1.0,14.986227221378076,0,153.73956196573656
24,671,15.0,86.0,53.0,66,5.9869329436528975,15.0,6.883524631586124,38,7.928548300845281,7.158980660776302,12.0,8.009084974360825,35,1669.642186421023
45,531,7.0,43.0,24.0,35,9.254809851910563,7.0,9.098291649237916,23,9.09351542800906,8.929063358173238,9.0,8.939832428459798,10,784.1689361573453
26,634,1.0,0.0,0.0,1,17.037284480625207,1.0,18.1355777113498,0,19.01394927595701,18.15080839055788,0.0,18.880919575924302,0,445.1207094588893
67,719,0.0,0.0,0.0,0,14.848693329156182,3.0,14.842888430778984,0,15.111024982480831,15.032458560382828,-0.0,14.894468442135045,0,37.609085458394
86,680,22.0,142.0,110.0,87,4.040514714809103,44.0,5.052047479305462,67,5.9678949541556445,4.953701061604652,57.0,4.911779265555937,41,2626.4894888588865
58,15,1.0,1.0,2.0,3,15.004130110667198,0.0,14.929007064113168,3,14.849118463394964,14.972240989914113,-0.0,14.947396247534956,0,87.49869800762302
27,765,2.0,2.0,2.0,0,13.986815483308211,0.0,12.88957455022256,0,12.02129257634402,11.976007115259783,0.0,11.985871041516544,0,20.040072764706785
71,271,25.0,99.0,111.0,65,5.019402726562223,49.0,2.850286373420968,80,2.950634481343182,3.005060192674225,49.0,3.0402497504777912,27,1755.437311566501
0,66,3.0,1.0,0.0,0,18.06331828307453,-0.0,17.126928420930227,1,16.16408146794019,16.03489224928082,1.0,16.037333357365064,0,279.17997554941024
54,445,35.0,142.0,176.0,79,1.0761689460463024,76.0,0.0,66,0.8424239297832946,1.0015587284558118,95.0,0.9467827346400266,38,7252.358318589393
73,21,1.0,0.0,2.0,0,16.219292920011597,0.0,16.217807522599823,1,16.06263441282354,14.871304027424523,0.0,14.999466292441795,0,192.5027742691704
18,450,33.0,124.0,170.0,83,2.360181075720743,71.0,0.8990016073570342,78,0.9853137767515614,1.932167751497531,88.0,2.201229685989524,39,4797.014081794063
15,674,9.0,53.0,25.0,34,9.112271895344575,9.0,9.872693892312071,14,11.047715366606017,10.18894645729201,4.0,10.04253392486214,17,2047.588344733512
19,383,26.0,76.0,126.0,46,4.063312914760591,46.0,4.131019659549705,63,4.100432804626573,4.00591186974725,59.0,3.9444460949474807,21,1710.984202340887
43,511,0.0,2.0,0.0,1,18.03163383512645,-0.0,18.96818917259949,0,19.85999617318547,18.958879167430105,-0.0,20.131720032461008,0,72.0956284260795
29,310,10.0,62.0,35.0,40,6.899326015871101,14.0,7.009334079499694,21,8.002156925208203,7.1385351753126605,20.0,7.018159642371898,8,1016.8302322887704
21,368,7.0,30.0,22.0,18,8.026820181377374,12.0,7.079393766595114,16,6.879595812745804,7.004959135459797,9.0,6.039982447793712,4,935.0760274556976
62,93,3.0,10.0,0.0,6,12.057924775060656,1.0,12.974140138274278,0,13.929962121167906,13.09912990016172,-0.0,14.041153242815296,0,145.3241457737876
78,196,24.0,127.0,101.0,89,4.034530722138566,43.0,4.704344146034759,80,5.857470288065419,5.260691355931176,51.0,5.928824871919198,43,2477.27626895748
12,150,9.0,49.0,48.0,39,5.988197329760735,21.0,6.976452604756848,34,6.962649533459623,7.808811079837711,19.0,7.867890751530111,12,2103.36750447688
84,427,38.0,178.0,187.0,90,2.129380813298712,83.0,2.022803315926598,115,3.1343493336744315,1.9923651914665248,101.0,2.815082825771001,43,3224.512681280856
17,102,4.0,17.0,13.0,10,11.76994517631511,2.0,12.977219061952027,11,12.885768285849428,12.909135783119956,0.0,12.961789886920911,0,160.58514292262225
37,377,12.0,34.0,58.0,25,6.086050306690541,18.0,6.219452273898667,44,5.05235892443051,5.975350912014281,31.0,6.087877611108859,13,2108.6969533642377
33,118,-0.0,2.0,0.0,2,16.90900641993882,1.0,17.71779465550195,0,18.943986136056324,19.19379676127952,0.0,18.929756285685947,0,62.6775671602517
78,409,30.0,165.0,146.0,108,3.0962671593376703,57.0,3.862343206882864,104,5.052597814519596,3.9255354623851817,81.0,5.03770997191594,47,3289.669962250362
76,221,5.0,21.0,10.0,16,9.10152010417968,2.0,10.927150799212116,7,11.746543775377924,10.997104210479389,1.0,11.99607756630695,5,328.26267200373024
74,651,8.0,44.0,23.0,25,8.936889223284398,7.0,10.156080708495224,10,11.08691948966748,9.873603839186933,5.0,11.110177586017814,17,597.8231078658404
67,232,2.0,13.0,9.0,5,12.12329068851362,3.0,12.19968348167768,2,12.067207699907074,12.998982062416568,1.0,13.122493349826222,0,178.0717062049155
87,406,34.0,151.0,178.0,75,0.9650037842002894,74.0,2.1163641371220567,79,3.147078323541109,2.914532000220312,91.0,3.0074296374604086,33,6036.799083928694
33,117,1.0,3.0,1.0,1,15.770136616147036,1.0,17.23518333316327,1,17.920630097707754,16.850297522208756,0.0,18.11292306233079,0,160.73163371200005
0,745,1.0,2.0,-0.0,1,18.158322170954207,0.0,17.09351262889959,0,17.082254110256986,17.015870299258843,1.0,16.186685548776584,0,607.7160994336605
32,532,2.0,13.0,4.0,12,10.889629403322305,-0.0,12.203814905173228,3,12.895243425598606,11.96806734817467,1.0,12.125298901424822,3,671.5937147651613
59,565,1.0,4.0,0.0,1,14.86158916730773,-0.0,15.151802889271664,0,15.898466289304451,14.943661379715053,0.0,16.01602351070797,0,148.65660236278168
58,52,1.0,3.0,1.0,3,15.031181923879997,0.0,15.1671969494355,3,14.894446425467764,15.20088933008578,1.0,15.255677141292628,0,121.04931872641632
82,592,6.0,26.0,13.0,15,10.10650548209588,3.0,12.099989019234524,10,12.213125486060305,12.253516455734308,0.0,11.83964639013577,9,533.59866516861
59,547,0.0,-0.0,2.0,1,18.09766838169371,0.0,18.007207085302703,0,18.843700757343736,17.98263247051926,0.0,17.88986607326172,0,194.9280119741276
89,433,34.0,132.0,174.0,70,1.858686501396106,69.0,3.0168465704421514,83,3.0522858084113844,2.9544774047181024,82.0,3.0077949816276,39,5630.126704658736
15,620,8.0,35.0,18.0,21,9.882629580509064,2.0,11.144839836234246,14,12.05939322012964,11.22160065916198,0.0,11.076033135504952,10,1176.750516885973
77,416,33.0,143.0,177.0,70,1.9036958600225704,74.0,1.0255983345183357,85,1.1260574539190378,0.9393313682240958,97.0,1.1520732426368625,34,2972.184692019766
32,528,5.0,24.0,7.0,22,9.695896097390602,2.0,10.249294513132222,9,10.762785483868903,10.022613334431894,1.0,11.07840379014694,7,997.348711089081
78,414,25.0,136.0,97.0,92,3.9076376867524094,48.0,5.036681404923285,71,6.13164708717791,4.956529676336931,56.0,5.897238248299169,48,3229.7451937666924
15,679,12.0,73.0,43.0,49,6.9319578927780645,12.0,8.289334598287331,25,9.025319499553024,7.990934644896656,8.0,9.068229789930976,25,2187.911423626096
81,432,33.0,120.0,157.0,61,2.1821443284601822,64.0,2.844598354332942,68,2.9295565377683253,2.7533993407525577,69.0,2.993590328098248,27,4775.439473886203
59,554,0.0,-0.0,2.0,0,19.884898805416043,0.0,20.04706374236253,0,20.93374432212692,19.893091574371105,0.0,20.01532691282266,0,256.62081144959626
17,103,4.0,16.0,9.0,9,11.200207763112829,2.0,11.895148294357709,7,13.14138022524743,13.015578823400968,-0.0,13.036999494151756,0,108.47204090726102
36,422,35.0,148.0,181.0,71,0.9534634007782774,78.0,0.149190512856062,70,1.132136269571507,0.0,97.0,0.1240349072789817,33,4384.333313664443
27,376,4.0,0.0,2.0,1,11.882346992501336,0.0,11.07210908005518,3,10.096478732142716,10.95830997304119,1.0,10.199566188308728,0,86.28966855249081
59,559,-0.0,2.0,1.0,0,18.131831112993584,1.0,18.023514482787384,0,17.912387964499,17.888924728970164,0.0,18.00561631179705,0,171.2691328196156
59,547,0.0,2.0,1.0,1,17.96674169069592,0.0,18.06395011280481,0,19.0716885474934,18.281149960584617,-0.0,17.86803956606195,0,189.75093409046127
28,740,-0.0,5.0,0.0,3,12.101182883256731,2.0,12.013482664082746,0,10.974376037792805,11.91794220377546,0.0,11.940537720880442,0,347.63111147154564
93,397,9.0,38.0,50.0,23,5.995518534874067,15.0,5.881863992972311,36,6.079070920333497,6.967433871405867,24.0,7.172912308813052,11,1253.205913059796
71,315,24.0,116.0,108.0,77,4.9112122754226695,44.0,4.1110558539121,75,3.978478498712871,4.049065090359295,50.0,4.02580456186753,22,1292.250130282343
59,560,-0.0,2.0,0.0,0,21.0510333603362,0.0,20.94801594414356,0,21.8839348626676,20.934101965200806,1.0,20.95622273288089,0,157.81117594831616
41,445,37.0,165.0,186.0,84,0.0343537185261343,76.0,0.0,53,1.0763697910069807,1.0491966137630189,97.0,0.947507638335285,36,5445.687742667262
73,21,1.0,1.0,4.0,0,16.072249579585115,1.0,16.001833938222678,1,15.874301554432211,15.065038488139557,-0.0,14.922788614631274,0,153.92091542132934
15,645,10.0,56.0,32.0,31,8.08353810162048,11.0,8.918411358669903,20,9.997172111289547,9.083104058179453,5.0,9.105279309339174,19,1628.4961982949164
17,210,4.0,27.0,13.0,14,8.056378849350223,7.0,8.950867920624903,7,9.871754631183798,8.923679960218356,2.0,9.94475075555193,9,523.2456268589011
27,358,4.0,1.0,2.0,3,11.25570315483705,2.0,9.186516822729477,2,9.041466052853425,8.926320375326886,1.0,7.947156002345666,1,84.08548113290423
57,130,3.0,10.0,2.0,7,12.949064600404682,0.0,15.073312716760244,3,15.986817573775005,14.997520506812371,0.0,15.18014801231828,2,173.32491326569854
28,699,0.0,4.0,2.0,3,12.094643939534244,4.0,12.043961369330027,2,11.86090203590321,12.788879859795152,-0.0,12.865053332041477,0,466.5229407734744
36,420,38.0,156.0,188.0,77,1.2202889955047498,79.0,0.0,67,0.982336272776384,0.0,100.0,1.0882608842457009,32,3506.677316028184
58,60,-0.0,3.0,0.0,0,16.89638816801743,-0.0,17.168065707600555,0,18.09475709481104,16.816909077493932,0.0,16.93882973181391,0,187.17464852093647
9,243,1.0,2.0,-0.0,3,17.06959953927423,-0.0,18.90489950776896,1,18.86259343800296,18.85811074304396,0.0,19.15268135623449,0,133.86601110637417
8,403,38.0,180.0,190.0,93,1.0464729294710449,83.0,2.9252547612533664,107,3.0002443370233367,3.004771277870197,100.0,3.04162631513367,40,2672.013459547821
83,403,35.0,172.0,184.0,85,0.927418824917412,81.0,2.9410291095033765,96,2.883004867649658,3.023925720147982,97.0,2.779999038700113,41,2788.241023498701
9,262,1.0,2.0,1.0,3,17.058720654000624,2.0,18.95595764089173,1,19.97698698234608,19.131263989268845,0.0,19.9414146850208,0,144.22165779117967
69,220,4.0,17.0,5.0,15,11.021630269861824,1.0,12.04367310707111,5,12.901567159159136,11.950737688932453,1.0,12.979451643880813,2,221.85677807932143
41,445,36.0,150.0,182.0,73,0.2500413649877752,76.0,0.9249354212801474,54,1.0240169043760794,0.8988564835648629,95.0,0.911220638121144,36,4303.138217176985
66,346,8.0,19.0,15.0,16,10.056111938005408,5.0,9.096507375395763,10,9.050972226102346,8.962208750723109,4.0,8.031646084803274,3,577.5713617262976
67,169,3.0,13.0,15.0,2,10.005184984613216,5.0,9.915728241048644,9,9.975825518967744,10.979322826380823,1.0,10.847871173262892,2,254.8496538424363
73,19,5.0,11.0,7.0,7,13.918386477828491,1.0,13.202855331990907,4,13.080925027160571,12.964105021047962,0.0,12.93033291317387,0,252.6774435338628
55,422,35.0,148.0,179.0,76,0.8375798633263025,79.0,0.2457842056457536,68,0.0,0.106546255237104,95.0,0.0,30,6010.464488187471
83,405,36.0,161.0,188.0,62,0.0,83.0,0.911873396270274,61,1.919271701905478,1.1872985770997797,102.0,1.8004069100379003,30,3663.825803990445
63,342,7.0,17.0,13.0,15,11.185384130194786,3.0,9.901429431129715,8,9.791219738375172,10.221199847319909,2.0,9.954036632504696,2,380.96411225110194
47,405,38.0,173.0,197.0,78,0.9260633975169374,84.0,1.9950178960326064,93,2.9503043513581364,1.964429748667352,103.0,1.97285051862112,44,2512.466455605404
62,97,3.0,10.0,5.0,4,12.876253562181406,0.0,13.942751090265178,1,14.93770083529442,14.937406365999394,0.0,15.121229501318547,0,236.23342244043965
55,447,36.0,140.0,174.0,91,2.0301919491492546,75.0,0.937805094315702,77,0.0179769517494597,0.9434883915609712,93.0,0.9425285632017468,35,7927.21985077697
34,529,8.0,33.0,21.0,29,9.035753720023072,9.0,8.940560474799902,17,9.811665178286727,8.947065701004695,6.0,8.904998069515901,5,1004.407013245073
73,3,1.0,2.0,0.0,0,19.15237613205565,0.0,18.145215264998416,1,17.939492718499196,17.845192354133992,-0.0,17.96845692077514,0,39.52805295649315
81,381,28.0,89.0,141.0,61,2.9988560904132915,57.0,3.050284175310225,79,3.137292972602844,2.944828395038838,61.0,3.113840749414328,27,4248.25892294822
88,273,26.0,116.0,141.0,62,3.0082794621521254,66.0,2.0917241735145646,77,2.026002174827067,1.7647666428439648,75.0,2.0367450473000708,32,1740.3606079485028
62,93,4.0,12.0,8.0,8,11.076969060756497,2.0,12.927213983121096,4,12.888155794215765,13.0166652345412,1.0,12.82213892306724,0,176.48224237428906
77,416,36.0,153.0,193.0,70,1.1061287765842267,82.0,0.9312725383729404,85,0.9795685835284076,0.0,100.0,1.236213142703369,31,3529.764943872937
63,352,4.0,4.0,3.0,3,12.997696706153183,1.0,12.095797024715074,2,12.0250886279336,12.01147471454006,0.0,12.09250769645324,0,747.1024071343505
82,495,4.0,21.0,9.0,15,10.814502292987878,3.0,11.859925257600011,7,12.867152716778232,11.94274067534178,0.0,12.916178095917918,6,255.939528994962
34,530,8.0,44.0,29.0,35,8.994736702681422,9.0,9.08925577873306,22,9.989215658349796,9.05479420273236,9.0,9.041263708672874,14,1338.402104201897
28,712,4.0,11.0,10.0,5,9.134520550858255,4.0,8.995661393817501,9,9.056770209218024,9.677744349249911,3.0,9.824051719373424,1,509.0909706538295
8,403,35.0,171.0,186.0,75,0.9054979826946856,81.0,2.2116064679823406,90,3.045123290845064,2.141798906018087,95.0,3.131160384108917,37,2328.810387691606
29,308,4.0,32.0,22.0,20,9.097749251738495,6.0,8.994260159107792,19,8.940806248708965,8.952401018713338,5.0,9.247680295324113,1,950.4552016051572
33,263,1.0,5.0,0.0,2,15.065230844824304,2.0,16.846311179321578,1,18.18239076691752,17.066840548854085,1.0,17.037470674631383,0,174.83536685540398
46,447,36.0,144.0,169.0,82,0.8227738904314967,75.0,0.0,70,0.0,0.1312044861457495,93.0,0.2579936670945684,29,5754.69970383799
69,90,3.0,16.0,3.0,10,10.92831906224005,3.0,12.03127108466014,2,12.963188844457877,13.165481947228864,1.0,13.059490597434364,1,202.1785127242267
24,594,8.0,38.0,20.0,24,10.024447758044264,4.0,11.256007463531656,13,12.07736935209508,11.104771683235189,1.0,10.961867243398162,12,545.962007916781
78,437,27.0,132.0,131.0,78,2.9676287917396658,59.0,3.8325974434104833,93,4.981485441154445,5.000582303224477,71.0,4.973091821066107,41,2819.9816647736525
1,419,33.0,141.0,176.0,66,1.8775266097131391,74.0,1.0590055948446857,86,0.9801707446718362,0.7543882722501402,94.0,1.1917888699810772,35,4219.927556959391
42,404,36.0,164.0,189.0,62,0.0704282624493038,83.0,0.9292459405998594,63,1.941282689745428,1.2176824786105789,101.0,2.0806391141643346,35,3961.018385494743
57,123,4.0,14.0,6.0,10,11.91017286273258,1.0,13.210808659556404,3,13.862200073365525,12.754308805817136,0.0,14.008276774037451,2,108.48077449990852
17,84,6.0,33.0,17.0,27,8.01438653091636,9.0,9.021486638394942,16,10.090185108204276,9.844630427101114,1.0,10.110653286903675,3,425.5734553246449
75,454,1.0,5.0,-0.0,5,14.112137647728398,-0.0,15.022414973816238,0,15.85629968681866,15.007132260726152,0.0,15.094364731288175,0,64.44440923001491
17,171,4.0,20.0,18.0,14,8.876655032804965,8.0,9.888063316194245,13,10.182568512242051,9.851849777296692,2.0,10.873483751911968,2,371.8906273607636
14,449,37.0,149.0,181.0,83,1.0377982518286608,74.0,0.8582948760066497,70,1.9356029725261588,2.236512300684036,92.0,1.9103838581748973,36,6641.944935136538
32,513,3.0,7.0,4.0,6,12.065040826331677,-0.0,11.967922055506598,2,13.261085343135212,12.076652288265082,0.0,11.80265224797157,1,614.6132384113091
25,482,4.0,18.0,5.0,12,12.017966991423886,3.0,12.988902219775,5,14.040377045247578,13.028640466480306,0.0,13.017464272525544,2,1193.1856686621306
81,432,34.0,126.0,159.0,72,1.919108816214248,63.0,3.217678036118176,70,3.0513476817481404,2.934358232832428,69.0,2.9410793717355044,27,4915.97100709225
81,381,28.0,91.0,139.0,62,3.126425833512708,60.0,2.9631895991352217,66,2.873853374794099,2.9886878705825994,62.0,2.97792545858652,25,3759.333272678297
26,603,3.0,13.0,3.0,10,14.061438357917565,4.0,15.14754367802476,5,15.99853401790288,14.995590503887952,0.0,15.786512581935712,2,696.205317918585
73,16,2.0,8.0,5.0,4,14.005832077212352,-0.0,14.129736702542594,2,14.039451938208371,14.081807675315424,2.0,14.008308716177195,0,194.2862872996531
58,53,-0.0,0.0,-0.0,1,16.054338239849532,1.0,15.881015441251922,1,16.857031916996164,16.005400166984664,0.0,15.651324633098213,0,117.43670375464792
73,2,1.0,3.0,0.0,2,18.11994103760932,-0.0,18.21986395702902,1,17.98089540710245,16.94596719356682,1.0,16.860335339186513,0,216.57876673618995
74,470,2.0,9.0,2.0,5,13.06241506086156,-0.0,12.915204838586364,2,14.112833013091416,13.14715113824975,0.0,12.959764821090117,0,89.85708731778169
17,157,5.0,35.0,19.0,29,8.1847851822904,7.0,9.032784965076557,14,9.973173563416005,9.800423626379164,1.0,9.924196054025218,3,548.4759517702383
44,615,2.0,5.0,3.0,3,14.14729090887111,1.0,15.868109826954496,1,16.2081638973461,16.031863878379855,0.0,16.19172995774639,1,173.36943819439742
32,516,2.0,10.0,5.0,9,11.12608982334566,-0.0,10.913858740575488,3,11.974278164386677,10.935257619588809,1.0,10.98775326487529,1,579.8391429767615
58,61,1.0,-0.0,1.0,0,16.082939103236434,-0.0,16.007167676435778,2,16.8755313251775,16.15348185761352,-0.0,15.875994223252697,0,34.2012838276931
88,316,33.0,154.0,172.0,66,2.0846271976162525,75.0,1.67574803312669,88,1.9380032421852824,0.8464372081762142,89.0,2.077431398475662,38,817.4073943473622
27,360,5.0,12.0,14.0,10,7.986502260154819,9.0,6.8461508654964085,8,5.7329807964177935,7.025602261453052,7.0,6.147494545183242,3,142.1369393871571
43,476,0.0,2.0,0.0,0,17.0184352093481,0.0,17.004339745385444,0,17.931716916667853,16.878613991804457,0.0,17.942348995772914,0,66.60820411802058
58,60,0.0,2.0,-0.0,0,17.127890719135948,0.0,17.13034412785909,0,18.256799559156168,16.990247382830038,-0.0,17.09488281734941,0,121.93477682853488
15,188,5.0,23.0,9.0,16,10.18514469394361,2.0,11.132531639255191,8,12.05651295477998,11.049390697900808,1.0,12.03417502846785,10,1104.5647449245607
37,177,12.0,39.0,60.0,27,6.083681898457287,18.0,6.998051325218094,48,6.970074168111055,7.102242314631272,20.0,6.929827338700563,9,2210.373715412565
68,185,6.0,32.0,20.0,16,6.77228250236548,5.0,9.03228445451346,14,10.012674152557196,8.928327395998302,3.0,9.99407223563921,12,659.6402949030445
6,404,36.0,166.0,186.0,83,0.0,76.0,0.0256043571858966,54,1.0637181097759223,1.1007560494611717,96.0,0.9703476092323028,38,4137.701650448218
81,379,31.0,107.0,145.0,60,3.0655614247682763,62.0,3.095568693201009,63,2.982094018369133,3.162126579399183,66.0,2.8674216028547552,23,4573.136713831241
32,493,4.0,22.0,5.0,15,10.985932190870644,0.0,11.869994860846246,4,12.978551780750276,12.04789436900576,1.0,11.56172666805869,5,476.9321224229459
81,448,33.0,128.0,171.0,65,2.0130510456682225,73.0,2.0262102533816013,66,2.160354232858261,2.2278667561889534,84.0,2.019425665658209,35,3534.733063513526
68,218,5.0,26.0,12.0,19,9.15654258133209,4.0,10.167057593655583,10,11.136172393978738,10.29004314760839,0.0,11.110280272443909,9,474.7181663158002
7,444,33.0,126.0,169.0,83,2.133965690883998,72.0,1.0459811258574867,66,1.1411686342196612,2.1236825278290152,88.0,1.900864697583991,36,6001.049624564038
58,17,1.0,4.0,0.0,3,14.97301218597804,-0.0,15.209713432599903,1,14.996552992588713,14.968328733216367,0.0,15.23774155450834,0,70.98530926233258
74,494,4.0,17.0,2.0,13,11.896637648120524,-0.0,12.766852676377376,4,13.076496448434956,12.928932343056529,-0.0,13.001057217657218,4,127.74234288749372
77,420,37.0,149.0,183.0,73,0.923447329878514,81.0,0.0,73,0.9466669743146046,0.0,99.0,0.0432371364016618,31,2884.8857129625967
69,123,4.0,13.0,5.0,8,11.957006714404248,-0.0,12.870860635831203,3,13.882733385801524,12.762859031061186,0.0,14.1465854533394,1,220.43269702735824
86,409,34.0,174.0,169.0,106,1.9067466166919391,69.0,4.124620852696891,120,4.924131293270425,3.888745408412579,95.0,4.141285485992881,53,2137.45927953636
43,499,-0.0,1.0,2.0,1,19.930824053900714,-0.0,20.86664200178667,0,20.97472632553443,20.107270947834195,0.0,20.80520579270636,0,67.20142866095382
37,382,26.0,71.0,116.0,46,3.801488107218772,48.0,4.076004872098402,67,3.788516388313214,4.990298204781518,52.0,5.102282418385894,20,2467.454778749552
23,83,5.0,14.0,13.0,9,9.821735106717815,2.0,10.967884605056458,8,12.029650934893558,12.032787850393202,2.0,11.840708858004826,1,144.95401100716114
24,674,8.0,45.0,21.0,29,9.02962983311288,8.0,10.292832114538175,12,10.891181847548363,10.007563872874032,3.0,10.977946546786535,19,1340.178726092826
62,70,3.0,12.0,6.0,5,10.896516396995375,1.0,12.13782569737952,4,13.268368159575395,13.061817585853683,0.0,13.180396234400511,0,314.6591248501252
80,228,1.0,3.0,2.0,2,14.997736081995566,1.0,17.218132315401014,1,16.991387611435744,16.698676070708423,0.0,17.97448606369229,0,78.92109900164108
15,202,9.0,53.0,23.0,39,7.755487306198524,6.0,9.150026176676407,16,10.126312783933344,9.075473813830866,1.0,9.952236892790834,12,1614.9830466592407
73,22,1.0,4.0,3.0,2,15.997246791901734,0.0,15.90170756176626,1,15.824222227455923,15.962339525126138,0.0,16.02048205323673,0,26.803244571023672
0,763,4.0,-0.0,1.0,0,16.006057684775374,1.0,14.849747474098852,1,13.96524678992412,13.96399591006059,0.0,14.087124616701493,0,535.8717642615304
9,613,2.0,6.0,2.0,4,14.96076443866812,1.0,15.784084902149578,1,16.94796169460295,15.920422895784167,-0.0,16.86951564406371,0,83.82930392370453
69,123,4.0,15.0,3.0,10,11.926608128063547,1.0,13.146979125747146,3,13.929123565000406,12.949354183434538,0.0,13.889594354430535,2,101.15500283703612
58,53,0.0,2.0,4.0,1,16.192462515662815,-0.0,16.027725554418517,2,17.04562135621873,15.96102213890012,-0.0,16.124241828707675,0,37.093804117567664
62,106,4.0,15.0,9.0,11,13.111597071607353,0.0,13.958609258457326,7,14.135770978411353,13.916925055423388,0.0,13.788851713606242,0,142.22907290964824
78,440,34.0,148.0,175.0,77,2.009949412438722,69.0,2.9245481097155657,112,4.023978882685423,3.707044916155079,90.0,3.786173265202909,42,3206.4575900506675
79,312,6.0,45.0,29.0,28,8.078038075027921,11.0,7.943780760992325,21,8.027310885412838,7.871641024499872,11.0,8.050052905269583,3,522.253356165325
80,80,1.0,3.0,2.0,1,14.971348263834194,0.0,15.982182486331014,1,17.038860561604423,15.950072733111686,-0.0,17.041080438889576,0,192.305673629508
91,435,31.0,116.0,144.0,56,3.082595575614364,62.0,4.064610835772836,94,5.0509315095726,4.071008420162416,68.0,5.118148502250404,38,4999.944556366956
15,618,5.0,25.0,13.0,15,9.934707144218084,3.0,11.942056328374688,9,13.010377815246953,12.156369894088805,-0.0,12.011860588684804,8,1143.97011180182
3,408,35.0,156.0,176.0,67,0.0,76.0,0.9938533783069542,51,2.075023801531519,2.0234870490165666,93.0,1.8523252060764817,38,4152.287152720228
8,415,32.0,160.0,163.0,100,2.0715325338924657,69.0,3.984541283938238,115,5.008248800524046,3.955651152059196,93.0,3.885424761442064,52,2410.6058111209627
5,408,37.0,149.0,181.0,71,1.0019551370325963,77.0,1.062181051134926,65,1.8939144192638773,2.113421498264675,94.0,2.16572930809784,38,5485.933738268484
9,252,1.0,2.0,1.0,1,20.125267991978102,0.0,21.02044690919653,1,21.99494006369316,21.03818934947024,0.0,21.97667912260432,0,55.75572971437053
24,676,8.0,54.0,27.0,31,8.891686891686104,9.0,10.024312316898474,12,11.022864840676672,10.03060245169209,4.0,9.94874513064306,15,2285.029868329122
87,431,33.0,135.0,165.0,73,2.0594824779627867,69.0,3.21466020937387,83,4.104461764336813,3.077921272696843,81.0,3.878218942500754,38,3758.031244352848
43,512,0.0,0.0,1.0,0,17.083392909078654,0.0,18.241681332615023,0,18.95209355570497,18.026810041449416,0.0,17.919440618681733,0,66.0123649209153
57,610,3.0,14.0,6.0,8,11.621900739759582,1.0,14.032832258154002,2,15.243515381085144,13.79540641913523,-0.0,14.096527432519416,3,254.23285403481188
45,314,22.0,140.0,127.0,84,3.984261114566149,54.0,4.070721054880807,90,4.004897432016461,4.015950175634062,59.0,4.048685050896893,39,3151.8363820179493
57,120,3.0,8.0,4.0,9,11.961410198407911,0.0,12.960207867876514,2,14.05045099305395,13.83850932856873,0.0,13.927220758877024,3,235.91367368362697
25,629,1.0,3.0,0.0,1,18.142513695565665,1.0,18.89086003906922,0,19.957140867930253,18.88583819159545,0.0,20.0835217814322,0,89.40514412861987
43,501,1.0,1.0,-0.0,0,20.10820257705027,0.0,20.82231737725183,0,21.941027031450915,20.94923707366432,1.0,21.169410258568472,0,46.90864197865727
66,366,9.0,22.0,19.0,17,9.177441376768664,6.0,8.133532932866299,12,7.878482842975776,8.224055641590951,7.0,7.948975182630187,1,566.9158692102245
42,445,36.0,157.0,184.0,79,0.0541691239347093,77.0,0.0,54,0.8513672785356101,0.8727409414311784,97.0,1.0507063424191485,38,3889.947907421522
74,665,7.0,51.0,27.0,27,8.043445182754233,8.0,8.922000411206538,13,9.913891831550728,8.934149619011334,7.0,9.129094650864682,13,611.2651653229507
87,406,33.0,154.0,175.0,68,0.9625443306229045,76.0,1.8508185319281945,71,2.947539938943262,2.6612297030129497,93.0,2.8771482990574992,34,4714.042489956117
45,321,16.0,99.0,71.0,68,6.005183014032776,22.0,6.068663307196424,51,7.041835021762584,6.013700175475154,43.0,5.937824088741404,27,3457.115465718394
45,424,24.0,163.0,136.0,89,2.952788858142572,56.0,3.945083131985253,79,4.7931910940558335,4.062848198888294,61.0,4.000393297384876,35,3015.1496640248406
83,415,33.0,167.0,169.0,107,1.973754271526096,70.0,4.016722496366028,119,4.971600323789128,3.8235002209196143,95.0,3.905670895082216,53,1747.0566349346946
66,366,9.0,20.0,15.0,18,10.139520440613852,7.0,8.999715686412657,12,7.953040538065307,8.0616170735954,6.0,8.173560446794552,1,396.5861380898368
78,442,22.0,105.0,106.0,64,4.022876264489045,44.0,5.124167549035887,80,5.9736809269455895,5.212020437882068,58.0,6.092461155710491,42,3674.137136436987
5,449,36.0,143.0,177.0,79,1.098279702445047,76.0,0.8725592096655369,71,2.145086371393402,2.1693401217220085,92.0,1.952208702758872,39,6237.983817505729
29,312,10.0,49.0,33.0,30,7.829451535815348,15.0,7.024608699928199,20,7.085342258238825,6.931078599286551,16.0,6.835186981457047,4,1089.545059505904
8,415,34.0,162.0,177.0,88,1.8573545540001448,76.0,2.777471628306967,106,4.133276086325519,3.0057158052570627,93.0,4.144448028122644,44,3177.617119731732
83,427,38.0,179.0,185.0,94,2.1118722435977006,79.0,3.0530516360287128,116,4.092459937739751,2.740348798666662,100.0,2.861643568085697,40,4684.463815719567
59,573,0.0,0.0,-0.0,0,16.935520048316462,0.0,18.069587669308707,0,17.871455436973047,18.051072840455365,0.0,18.04129057548269,0,110.58920786274588
29,294,8.0,54.0,32.0,39,7.962704920542712,10.0,8.33112015956614,29,9.015860986555351,8.06200897386975,12.0,8.208559014012286,13,1327.7039167200724
15,673,10.0,58.0,33.0,38,8.082077502888563,10.0,8.883847781226407,19,9.943050214074658,8.818700471415404,7.0,9.040196897225108,22,2397.263226620932
28,693,2.0,4.0,11.0,4,10.923311134838391,6.0,11.041712452427666,8,11.138410817106756,11.997628699696094,1.0,12.02462299712912,0,314.67886824520167
89,408,34.0,151.0,180.0,65,0.1990058310767727,76.0,0.8434626115458,52,1.971083097156232,2.071126637241178,93.0,1.800779794401696,40,5394.417124451848
33,261,1.0,3.0,1.0,3,16.76530021433455,1.0,17.990411212905222,1,19.126580018229948,18.0802173530221,0.0,18.989892105865792,0,142.09820156741426
18,447,35.0,143.0,176.0,86,1.0214217385008135,74.0,0.0,68,0.6736106370274684,1.044225837713736,94.0,1.0063291157703091,37,5927.157558372687
45,324,21.0,149.0,127.0,86,3.783553067888456,55.0,4.002014756117877,82,4.063128827097222,3.868290737343431,60.0,3.781352155683001,46,3171.3834765709694
34,643,9.0,65.0,40.0,32,7.104908396566496,14.0,8.075350786421815,21,8.926850758900997,8.078243584248808,11.0,8.213624422833245,19,1088.9779950137736
68,187,6.0,26.0,14.0,19,8.935990975751302,3.0,10.8378820870188,11,11.96220107487616,11.287519937106325,-0.0,11.041440288117965,8,319.50077130527427
59,562,-0.0,2.0,3.0,1,19.12554293630639,-0.0,20.07742953740659,0,19.987853254343733,18.98180298829368,-0.0,20.2395475029682,0,92.43512434476972
17,87,5.0,17.0,8.0,11,10.045652056654164,2.0,11.06608297576614,6,11.996811326033162,11.7812005477421,2.0,12.065622688721175,0,381.37133343474375
73,12,5.0,16.0,4.0,8,13.155718957137308,1.0,11.97513335123455,3,12.110939822670955,11.88038963365714,-0.0,11.915394442369385,0,237.56106047266584
31,137,1.0,1.0,0.0,2,16.062143570978087,0.0,17.160661332210953,1,17.92386884586768,17.93830061803305,-0.0,17.879831076358283,0,108.60172240831086
43,476,-0.0,3.0,0.0,0,16.88552830996695,1.0,17.00549863064628,0,18.02807990051485,16.963680352229517,-0.0,17.90855023567302,0,98.60639279118682
24,643,8.0,59.0,31.0,30,8.127675951256258,12.0,8.044125636932932,18,8.957027061319488,7.857187058307133,10.0,9.112806877133252,16,2485.038514462793
59,576,0.0,5.0,1.0,4,14.957692379108185,-0.0,14.902790020314912,1,15.95843956491579,14.9090363827474,-0.0,15.135951617702943,0,151.9460932980983
78,440,34.0,150.0,174.0,78,2.116583453007429,69.0,3.088359074659463,111,4.045357085503566,4.027022319257164,91.0,3.8470177539629935,42,2625.818174749634
0,62,3.0,1.0,3.0,1,13.85360002889304,0.0,12.9326644281989,1,13.120804852095016,12.99391649661741,0.0,13.075653617287918,0,387.4352743478004
76,146,1.0,5.0,0.0,4,13.093586521649422,1.0,14.924420150715324,3,14.753778572554165,15.01817894644951,1.0,15.03545708728206,0,107.36399796263892
65,158,16.0,64.0,96.0,41,5.129780225455165,34.0,6.142786155828264,72,6.095527496710578,5.983473000779753,49.0,6.094996520945269,18,837.6457653365709
10,433,36.0,146.0,181.0,76,0.9388090418202858,72.0,2.001183895582025,69,2.0404460985422808,1.929910061518824,92.0,3.0631617807679823,35,4212.241693385677
0,347,5.0,2.0,2.0,1,12.975205946739626,1.0,11.970366482408204,2,11.915836024472048,11.934773876189498,1.0,11.067944085279288,0,626.4444834368472
25,464,2.0,-0.0,0.0,2,16.051815675616997,1.0,17.074797977850267,0,16.875904470885132,15.917523780107771,0.0,16.99256872925052,0,492.3024697974533
29,542,3.0,19.0,4.0,14,11.085810520420845,0.0,11.071218342127008,4,11.022354168292296,11.000886711501416,1.0,11.144016579531549,0,448.8972732277937
2,429,37.0,174.0,195.0,74,0.97679340290513,84.0,2.1355457824860307,93,2.761677405270288,2.157975851065659,102.0,1.9728484234391324,40,3146.1706694156023
81,380,26.0,80.0,125.0,56,3.93959861834498,50.0,4.031378927239076,72,3.064367219562953,4.045999377982152,58.0,3.911896486444228,22,4412.336296172029
68,193,6.0,31.0,15.0,22,9.053409109126896,3.0,9.947028382970997,12,11.024974458058374,9.963356786164752,1.0,10.963614999194416,7,647.0918921668316
55,420,36.0,153.0,181.0,76,0.8147753502993575,80.0,0.2138943299541821,68,1.1125057054331402,0.1773671917793142,99.0,0.0,30,6259.590687433147
76,148,1.0,2.0,3.0,4,12.006107824616848,0.0,14.180485638349538,3,14.785351836866976,14.04492491159045,0.0,15.032463538489084,1,167.12389782504292
9,235,0.0,0.0,0.0,0,19.721656811143266,-0.0,21.074405369983232,0,21.94477815941585,20.89673096557141,0.0,21.79417070753061,0,115.44111569002148
59,519,1.0,5.0,0.0,3,14.226378273395914,0.0,15.08903310625221,0,15.111331749106531,15.140075761222487,0.0,15.02021922178194,0,122.79697270181003
76,221,5.0,21.0,8.0,15,9.94598479556474,3.0,10.8573944288428,7,12.187388306964374,10.954709549141224,1.0,11.720480033580724,4,298.8509723678753
0,745,1.0,2.0,1.0,0,18.048034278567552,0.0,16.747104476554917,0,15.88856996450196,16.95555899858897,-0.0,15.948826519471492,0,192.15167493181767
21,364,10.0,31.0,23.0,19,8.947974875962949,7.0,7.916492672380363,16,8.005887227005049,7.0165721947376944,8.0,7.181569410895757,1,465.38358222657104
59,573,-0.0,4.0,0.0,2,16.921786419969802,-0.0,17.16310770407442,0,17.931270729087725,16.92848740413847,-0.0,17.88668742380414,0,184.8369282692385
13,165,21.0,102.0,114.0,65,4.053918813488698,53.0,5.080478514626018,76,5.986892498616332,4.897206474509635,63.0,6.0096409688719,33,2105.0280536137257
68,122,4.0,17.0,4.0,12,10.87363594316387,1.0,11.770434153554596,3,12.98151664713925,11.977719154942283,0.0,12.97912295090014,2,447.89694192849805
43,472,0.0,0.0,0.0,0,17.09482442395364,1.0,18.00143603066227,0,18.957989582776687,18.15257811757424,1.0,18.00756683120618,0,40.61170887063437
23,208,4.0,27.0,15.0,17,8.173593840317267,3.0,10.031991001145116,10,9.981708222235156,9.932412175431256,3.0,11.143489389671702,5,410.89002668459045
70,79,1.0,3.0,3.0,0,15.018567701479071,0.0,16.011389279488526,1,16.969374972850435,15.72325089475162,-0.0,17.001762858419735,0,127.96644426173631
71,313,24.0,134.0,131.0,75,4.187164374554552,54.0,4.028710928072438,89,3.97590726203428,3.087438753877984,58.0,3.0158067365913337,32,1727.0668037949854
9,632,1.0,5.0,2.0,2,16.943840924987573,1.0,18.898925977951272,0,20.08422909589425,18.970575172496435,0.0,19.075802908092115,0,129.05041082695965
43,624,1.0,-0.0,4.0,2,16.827661654395087,-0.0,18.09597338107045,1,18.851182393203413,18.089504459772584,0.0,18.65365112144923,0,62.59633686420735
78,672,17.0,106.0,68.0,68,5.1076917726891775,30.0,5.936198425683702,41,6.918419444751828,6.000137692702483,30.0,7.11557221585223,39,3494.6940924697296
0,753,3.0,-0.0,1.0,0,16.062137440115276,0.0,15.032274144113474,1,14.870654541276204,15.02635131246864,1.0,13.848200536074502,0,331.60026255623444
72,114,1.0,3.0,2.0,3,13.876504252819885,0.0,14.94158347116208,1,16.001527577142298,14.868224558864668,-0.0,15.943966549083694,0,149.7429335204252
64,11,5.0,14.0,7.0,8,12.910298908351518,0.0,12.020441449077294,3,11.983764185233266,11.934446682671698,0.0,11.8325464585503,0,324.47907193051293
63,338,8.0,19.0,12.0,16,10.01359100069871,7.0,8.976658465640387,11,7.894785082699587,7.889558363477225,4.0,7.912101427138765,2,2019.0584161557165
27,759,3.0,0.0,1.0,0,15.912889143174134,0.0,13.986340198172586,1,14.154644081855944,13.8365825568686,-0.0,14.236455797987771,0,36.761633822604814
29,292,18.0,94.0,70.0,57,6.148362719642063,31.0,4.835555840253562,45,5.150612901620289,5.154533039257222,39.0,4.917770709068342,20,1827.1679442572429
15,621,6.0,26.0,11.0,16,10.10373681813262,2.0,11.86011389100026,7,11.94403581743291,11.899938385321326,1.0,12.004959826990415,8,1130.9210206469068
43,627,1.0,1.0,-0.0,2,17.904753419260533,1.0,18.8679218602441,1,18.900885869254108,17.944097779299156,1.0,19.025677730692244,0,56.78060055044598
67,693,0.0,6.0,0.0,3,11.130541824178035,4.0,11.90505214742836,2,11.0254634824861,11.959523679696348,1.0,12.269480320918817,0,133.27989762144827
24,666,6.0,37.0,21.0,25,10.093890370334544,6.0,10.018679389546618,16,11.115409607659467,10.086128432201178,1.0,10.778971117919886,14,1546.0279863206204
26,584,4.0,19.0,9.0,11,11.753131825025433,3.0,13.033946409137007,4,14.123553517355232,13.0077132873456,1.0,14.006351917558405,5,510.0693182854481
17,87,4.0,13.0,8.0,7,10.91316220387221,3.0,12.035306244246785,5,13.043517463132735,11.734367500259667,0.0,13.219533298720805,0,181.2905993509857
64,7,5.0,16.0,7.0,8,12.91962057002011,2.0,13.040280055481984,3,12.96641847160781,11.968402437207317,-0.0,12.065462609332082,0,494.4369104448243
18,444,33.0,137.0,177.0,77,2.002364231126245,75.0,0.9139834235554868,66,1.0858436602391233,2.0401777157194205,91.0,2.1625819840066827,39,3428.757337473004
27,375,4.0,1.0,4.0,2,11.029141491960482,1.0,9.881562859776466,1,10.058058355967614,10.123726124497315,0.0,9.072102933589523,1,68.8171774961843
37,397,9.0,36.0,49.0,22,6.054309568997256,15.0,6.218791139150895,37,6.084303905227943,6.881516450054552,25.0,6.065935556388001,11,1510.4405547263086
67,725,1.0,13.0,6.0,12,12.028833690381836,3.0,11.925907481991686,6,12.026337000310487,12.943030715020427,1.0,12.920248083374137,0,55.772447891356855
59,564,0.0,4.0,3.0,3,17.025505362955656,0.0,17.0867841509198,1,18.123207380222148,17.130620821101118,0.0,16.832080703719416,0,186.80798499304552
91,430,33.0,120.0,157.0,69,3.094008944638703,62.0,3.889901636223589,85,3.9704233508712847,4.158629730815625,67.0,3.928904862173416,33,3802.0563573384825
11,406,34.0,149.0,175.0,76,0.9003292757388173,71.0,2.986045326515137,82,3.1608784280530564,3.0535494067919617,89.0,3.1071605538212426,33,1646.966927403916
89,433,34.0,132.0,171.0,70,2.012530709253316,71.0,2.1143387142167542,78,3.125154939229725,3.05990369395422,82.0,2.8617249953646104,37,3020.7157674659293
63,338,7.0,15.0,10.0,12,9.928802727210917,5.0,9.25306535410676,10,8.13070042929264,7.934465680352508,5.0,7.940311703839422,2,2324.780156014972
20,305,11.0,56.0,45.0,37,7.0225028332302175,18.0,7.083340875142809,30,7.000970588129037,5.876123042374291,21.0,6.103730543843954,6,1516.9039606569886
3,433,37.0,141.0,179.0,80,0.9532084464352868,73.0,2.2065123084044065,79,1.9996930329390497,2.2036382779963657,88.0,3.213585689106633,37,4680.132843949771
92,433,33.0,144.0,175.0,79,1.109737471789799,73.0,2.115954390515528,81,3.134058580050073,2.8930946543439138,88.0,2.8652013136758034,37,5213.596802571806
15,183,8.0,55.0,27.0,27,6.090331559898478,12.0,8.078237568715412,15,8.086345028732312,8.058794832182139,10.0,8.092588255189284,17,1357.1109794618976
54,445,37.0,149.0,182.0,81,0.9199540865693274,78.0,1.0947302973548427,64,1.0112415310388516,1.017869782757424,93.0,1.1668287838897002,40,6205.113427738834
26,581,4.0,18.0,8.0,7,12.155267987944834,3.0,13.896966817150789,4,14.9257251026687,14.051844819868604,0.0,13.888834070733711,3,659.821871961824
9,252,-0.0,0.0,0.0,0,18.926969387082373,0.0,20.97142812022415,0,22.0016410671588,21.00729002320794,0.0,20.88626818145645,0,84.39282660979953
82,468,3.0,11.0,4.0,8,13.114935221296529,1.0,12.915131975557054,4,14.08659628458879,13.144673613445615,0.0,13.982887006247129,0,307.59794310570334
4,433,35.0,132.0,167.0,71,1.9577615613967376,69.0,3.1634853328429875,82,3.0006954057297945,2.862867083686641,82.0,2.953199906360949,39,6053.115334780886
17,214,5.0,25.0,15.0,18,8.04519809718649,3.0,10.056108453975524,8,9.926836655124628,10.025319126797514,1.0,9.9560188372008,4,439.6744949779245
78,196,24.0,129.0,109.0,91,3.872921203905938,44.0,4.990644275195925,86,5.8217828672661085,5.244999690203753,53.0,6.029362405140184,44,3414.274949043756
43,508,-0.0,2.0,-0.0,0,18.25330329689705,0.0,18.87197800609026,0,20.04412721190126,18.97571141957399,-0.0,18.983249258214105,0,51.962587052638845
26,639,1.0,1.0,1.0,2,14.942521349371995,1.0,16.013196744914453,0,16.936083983054658,16.20094378576166,-0.0,17.064605650414723,0,95.7939389677888
23,222,12.0,67.0,51.0,49,6.096597148962523,22.0,7.01911326137761,44,7.962752871019324,7.137096876709974,20.0,8.192497741943496,25,1265.2765161478396
1,316,32.0,153.0,166.0,65,2.0064537463002257,74.0,1.9091436519092,84,1.881334409840296,1.9419786728232595,89.0,2.3229693465859844,42,3786.900946520656
44,584,4.0,21.0,9.0,10,10.825672137639485,2.0,11.987528444241754,4,13.133169974575493,12.78130440040714,-0.0,13.041922378108168,7,572.7204776024874
58,18,2.0,5.0,4.0,5,13.986112493057538,1.0,13.962390670887553,3,13.89726728360136,14.051588042150224,0.0,13.852169811068384,0,107.21341639573352
66,43,6.0,12.0,8.0,12,12.924022325800816,3.0,12.099035209958704,7,12.064682584317678,12.085467936096526,0.0,11.055805588942649,0,497.4510035846509
25,482,4.0,19.0,11.0,13,12.104225511870483,3.0,12.930792020104091,8,14.078519526345236,13.1997809558704,0.0,13.112300442871208,2,1312.7027367984876
33,141,-0.0,0.0,1.0,0,15.952521528135671,-0.0,18.058826498697112,0,17.94942822103234,18.099720796806093,-0.0,17.955787700292873,0,244.33780654652216
65,178,4.0,30.0,28.0,22,8.072754611091174,7.0,8.86780873364437,20,9.051850448866832,9.079886830827776,5.0,9.11205474203535,4,356.1545710174454
26,639,3.0,13.0,3.0,10,15.14253866708562,3.0,15.96893557324074,4,16.642663626755215,16.03302714727089,-0.0,15.9222075272181,1,608.3461151614503
27,767,1.0,1.0,1.0,0,18.235763892146736,0.0,15.945980292834374,0,14.937022680573046,16.00480680125302,0.0,14.843415995095466,0,41.50988378538031
58,58,0.0,2.0,0.0,0,18.05900253457857,0.0,17.754977041066354,0,18.07464655504772,17.13239204861369,0.0,17.26634445839939,0,158.74466136379598
67,727,0.0,1.0,4.0,3,13.9899719887568,1.0,13.925281086024096,2,14.054121937365442,14.072668507923572,0.0,14.073749270706465,0,72.3911724270791
73,21,1.0,3.0,2.0,1,15.884192000322072,0.0,15.92885840694868,2,15.738549610428146,15.2507891704058,-0.0,15.026163712671254,0,79.74378730546724
12,151,15.0,56.0,68.0,49,6.039406570650425,27.0,6.794138879045056,55,6.774135388203835,7.124212829432493,33.0,7.166189495057228,21,3316.9604746808886
26,604,4.0,16.0,7.0,10,13.103326813688234,2.0,13.876139576598815,5,14.919937223338971,14.018931978064971,0.0,14.962576926477952,3,603.6661002686361
2,417,36.0,157.0,185.0,70,2.047527830812484,80.0,1.328343493287521,94,1.9716611002159103,0.9504891090719416,100.0,1.0890653475991052,35,4233.68122175796
81,379,31.0,107.0,147.0,64,2.8774099861119447,62.0,3.249602517978203,60,3.1177717846353787,2.981756300190132,65.0,3.016197099019263,25,3965.007458162196
21,364,10.0,24.0,20.0,16,8.979000507943505,7.0,7.893614874566465,13,7.871679080300502,7.820484753928528,7.0,6.907348547773893,1,921.3614597220712
12,149,9.0,47.0,38.0,37,7.263052537084115,18.0,8.034102313916595,30,7.908857249941682,7.920547363839934,10.0,9.051549384939452,11,1251.3767090371548
92,406,34.0,155.0,175.0,64,1.081302829277333,74.0,2.0511281951775984,72,3.176685411559743,1.9357109579693312,93.0,2.7826971990319285,37,3815.479340337079
75,475,1.0,4.0,0.0,3,15.88964754606931,1.0,16.975771862600137,0,17.10988457682373,16.02041528417646,0.0,17.173637106801344,0,126.28298000296198
33,117,1.0,3.0,3.0,1,16.01445183784622,1.0,17.117281628890474,1,17.72750408121853,17.03181798915388,0.0,18.09302255380216,0,130.87824665976186
45,322,16.0,132.0,95.0,82,4.07409512664235,43.0,4.977435763694463,48,4.771852805032778,5.2331896351130585,55.0,5.09545918876218,38,2550.1725147699235
3,449,37.0,146.0,179.0,79,1.081942724940249,74.0,1.865141350405077,70,2.000225059860124,1.9604992072046712,91.0,1.889812698848754,35,4663.302380583449
45,655,8.0,51.0,32.0,37,7.958809651085432,10.0,8.91739140858953,22,9.09434146039416,8.962907539727244,9.0,9.36310682066463,10,2766.592985945741
58,57,0.0,-0.0,1.0,1,16.932834131135458,-0.0,16.841750289477883,1,17.049538264469824,16.049293853782235,-0.0,17.173271933927538,0,32.74315279918052
74,470,1.0,11.0,2.0,8,11.97684350854066,0.0,12.897316588287634,2,14.124769669592071,12.873545008169565,0.0,13.01402017989105,0,147.10894229824703
86,668,17.0,102.0,69.0,70,5.130116915790731,24.0,5.999206616389845,40,7.176470870270637,7.100788834652653,21.0,6.942604911753306,33,1517.560577514723
77,418,33.0,136.0,169.0,71,1.7989827722333638,73.0,1.0005327027701891,78,0.9663379112811976,1.0668774418213351,91.0,0.9826663226847394,32,4548.4645728012365
45,321,16.0,111.0,72.0,82,6.048307404027592,29.0,6.040037383514304,52,5.968388885968198,4.9348061720881855,45.0,6.164095705207592,31,3043.0093151119822
59,549,0.0,3.0,2.0,1,17.915058078578998,0.0,17.998877235784615,1,19.19418360706556,18.2037816869862,0.0,17.97145897603218,0,189.35599886647896
81,450,33.0,123.0,170.0,85,2.093425144458264,73.0,0.9311241763721329,70,1.036415503413859,1.8168579783017105,85.0,1.823725348295334,35,3176.024025865566
27,373,4.0,1.0,3.0,1,13.05768275717205,1.0,10.99145956745991,2,11.161596152153257,11.044338679558056,0.0,10.883108970169951,0,38.42955768760666
55,422,35.0,143.0,177.0,79,0.9666234831663268,77.0,0.0120786759477013,72,0.0,0.0,93.0,0.0260333666031345,29,6142.906226941244
95,422,33.0,131.0,171.0,72,1.9120621250555687,74.0,1.2208156701394712,82,0.0,0.0,92.0,0.0559414743255007,30,3848.5033977410935
18,447,36.0,147.0,177.0,83,0.9224875886046584,75.0,0.013888190311614,68,0.1728207909829209,1.1695897246899083,95.0,0.995983009986966,37,4073.413359903349
32,542,3.0,13.0,5.0,10,11.048492385636449,-0.0,11.181699864566149,4,12.101601216602957,10.91165015314954,1.0,10.829992391235455,0,324.7009545930022
22,283,25.0,88.0,138.0,58,4.01143938670591,56.0,1.9829765437162024,92,1.976496930062731,1.9261322431523504,66.0,0.9777854051788802,31,3014.619243494852
59,553,0.0,3.0,3.0,0,18.94206127673332,-0.0,19.113560685905053,0,19.9161798151978,18.92243970127468,0.0,19.00914748051053,0,126.74392182565649
75,565,1.0,4.0,0.0,3,14.913495582653937,-0.0,16.053456460006363,0,17.07559994034695,15.83297121404014,-0.0,16.059310705288095,0,41.30043035197819
68,184,9.0,49.0,25.0,28,7.04133028695606,9.0,8.116599079570989,15,8.80066522808425,7.983474681405145,8.0,8.997094765832914,20,704.1359975279993
62,107,4.0,10.0,4.0,3,11.940931929118754,1.0,13.120784453519212,5,13.91776207645928,13.858620823025923,0.0,13.945703878110608,0,116.36961774405074
60,615,2.0,8.0,3.0,3,14.139135413911577,1.0,16.096377100102924,1,17.053870636967993,16.183245056811817,0.0,15.981148863424028,1,681.446914691484
15,608,4.0,20.0,6.0,12,11.13452937527323,3.0,12.95059266525523,3,12.97830106508698,13.08450841563685,2.0,12.988611713675828,9,556.8579898661346
56,447,35.0,146.0,168.0,81,2.0275237189097,76.0,0.1628011994609026,72,0.1143382449918195,1.0633564333988728,94.0,0.0849496301153454,32,6928.759169880217
78,439,34.0,147.0,173.0,68,2.1050651441390267,74.0,3.0992417060878834,90,3.759208513854281,2.962547772538879,92.0,4.026975647392708,35,3154.223564001983
8,403,36.0,176.0,182.0,90,1.0891582091901977,82.0,2.952193145719922,106,4.184095572017535,2.86979302097752,97.0,2.980279273866662,41,3158.953661249186
67,691,1.0,0.0,1.0,1,17.096563339076372,2.0,16.107054392035266,0,15.990244926396675,17.08184818925803,1.0,17.007577059236443,0,39.57621198330053
23,226,8.0,47.0,26.0,29,6.054062380336062,11.0,7.760537281392485,20,8.914364633055548,7.970383690413594,7.0,8.889382442477539,20,1466.1791429917328
43,476,0.0,4.0,0.0,1,15.872023750097627,1.0,16.99320371752452,0,17.98801591730167,17.253288130967974,0.0,16.88098102767896,0,45.30356619565042
93,397,10.0,35.0,52.0,22,5.928424872679485,15.0,6.081967820171306,39,6.025934247713642,5.940455887919466,24.0,6.207836808743904,10,931.653708688576
83,403,36.0,172.0,183.0,77,1.1225876232113383,83.0,2.0830145375345004,89,3.173612424893012,1.952778915809883,98.0,3.175044652743084,38,3295.7565152986776
4,433,33.0,144.0,177.0,79,0.8693404285830166,72.0,1.8415645384458807,81,2.957530285349484,2.838807673031148,88.0,3.0335787334448066,37,6650.854025661872
43,512,-0.0,0.0,1.0,1,17.046117672370094,-0.0,18.295592783551445,0,19.043074738980536,18.01728897673573,0.0,19.19442005245845,0,50.04622659430064
73,5,1.0,2.0,3.0,2,16.862725914701116,-0.0,17.053427627983325,1,16.99070454739148,16.169669271836504,1.0,15.873828390915676,0,119.21946326537596
64,26,4.0,7.0,4.0,5,14.829725403092628,-0.0,13.981258243207972,3,14.945869150523798,13.846889053571124,-0.0,13.946743674920908,0,651.8597192995543
59,59,0.0,3.0,0.0,1,16.122319555664035,1.0,16.128103275986216,1,16.87903764602987,15.952021518549484,0.0,16.165149265639833,0,254.4233355729196
89,402,34.0,159.0,177.0,70,0.0,78.0,2.051820988504629,60,2.0427780272951805,2.165128091729982,95.0,2.229580635468491,32,1807.7062875885388
61,716,3.0,13.0,15.0,11,10.020449248555932,6.0,10.020497673585089,14,9.759466827731607,10.182836328058858,3.0,9.967252469979924,0,624.9955111322704
94,402,36.0,168.0,185.0,73,0.0,82.0,2.1166317911740333,66,3.1785972490394507,2.0966051973197017,98.0,2.121182232402373,32,4186.319674819378
33,113,-0.0,4.0,0.0,3,15.98846480669423,1.0,17.062748736858875,1,18.18133944078625,17.011944578494784,0.0,18.058071800630767,0,141.8588749531447
54,445,37.0,150.0,184.0,73,0.0,76.0,1.0239381354763255,56,0.9249771434333394,1.1209879766044129,96.0,0.917914477982926,38,6869.745106501431
62,102,4.0,14.0,11.0,10,10.75094845382079,4.0,11.887526495484574,11,13.162855157858315,13.129773282078606,1.0,12.896448304173372,0,306.64689164790786
74,649,7.0,46.0,23.0,28,9.098835104289185,6.0,10.012452831084074,12,10.950182821733984,10.062944724587975,2.0,10.968503108015671,13,580.0755223242949
68,189,9.0,37.0,18.0,24,7.960598268876463,7.0,9.966687077021824,13,10.172389623667524,9.892963234871068,3.0,9.91190578645665,11,585.4565599480532
37,160,24.0,67.0,105.0,37,4.151229886857466,45.0,4.999092265405511,55,4.976365691052126,4.879072945352896,53.0,4.972581367879882,24,1763.7009997934729
75,466,2.0,9.0,1.0,3,12.85533916312956,-0.0,12.959968778999968,1,14.099444443620651,12.920700630422605,1.0,14.186899458409464,0,171.6250684258133
1,317,24.0,143.0,137.0,80,4.052574078684902,61.0,2.696081232368746,82,3.88644110617764,3.041909373007683,62.0,3.0570245471667503,43,2006.6466789518663
60,262,1.0,2.0,2.0,3,16.993198253305614,2.0,18.855252992447312,1,19.86791147703485,19.234056753093604,1.0,19.090328675838705,0,629.2709409216626
91,430,33.0,124.0,158.0,70,2.0270550853927545,61.0,2.975037777588557,79,2.992285114969984,2.968563119574327,68.0,3.903771335749746,29,4049.9662090992815
95,422,37.0,142.0,182.0,75,2.0980592798598616,79.0,0.0590782854762741,76,1.104962235431111,0.0430261520458591,98.0,0.0938823618246359,33,4089.3263692115056
65,177,14.0,42.0,61.0,25,5.932244744164223,21.0,7.124656419910176,46,7.074683064426492,6.953926934241404,26.0,6.8668384259639135,10,988.9995491525648
74,470,2.0,5.0,0.0,4,13.111150796382264,0.0,13.906937638530945,1,14.015364247900736,13.1617832953729,0.0,13.913654402570266,0,265.34069075055857
32,664,5.0,31.0,16.0,20,10.18611972225242,2.0,9.841614962740096,13,10.910510174724376,10.163513143934647,2.0,11.16294154342666,8,555.621125012464
32,34,4.0,15.0,7.0,10,11.056257743528612,1.0,11.070249720189585,4,11.084676066236309,10.888567374655798,1.0,11.070278063712625,0,141.0465098006756
15,182,7.0,35.0,17.0,25,7.774898797276946,6.0,8.888791436410349,14,9.917825295596815,9.024275067498024,2.0,10.1572702069814,13,1535.731552568185
20,304,12.0,60.0,45.0,41,7.03418582942736,19.0,5.93978200100429,33,5.930652842901927,6.112580430266853,21.0,5.698617675556677,8,1481.066246735175
15,194,17.0,105.0,77.0,73,5.134427153246767,35.0,6.028517211193019,60,6.880730108577342,5.82495535717853,35.0,7.1738704047173885,35,2069.3976544337224
86,411,38.0,177.0,186.0,92,2.082008247561681,82.0,2.953016856132077,116,3.752901471169227,3.025044355649237,100.0,3.1461673280471185,45,1624.0784579526114
15,677,11.0,61.0,35.0,49,7.874123973321893,10.0,9.296281640822494,24,10.0053226647215,8.907936691078657,7.0,8.948771431024852,27,1493.3635665185338
87,406,33.0,151.0,174.0,71,0.7560202154071631,75.0,1.804747408992554,75,3.1930084628609747,2.9759979197735924,91.0,3.0262542537028767,33,5428.189249242871
59,506,-0.0,-0.0,0.0,0,17.97399238205819,0.0,18.931735332915263,0,19.97418722821985,18.85937114124096,1.0,19.01610755744514,0,51.3971874643396
14,449,34.0,135.0,174.0,71,2.093506481945821,76.0,1.83713958478044,69,2.1526415041029248,1.9685798494867897,87.0,2.1005029165343165,40,4662.880496356564
7,447,34.0,145.0,177.0,81,0.8913042191515195,75.0,0.0061314235201462,69,0.0935959480772758,0.0,96.0,1.1802164794420498,33,3089.98444995758
67,168,3.0,15.0,14.0,4,8.876687537623937,5.0,10.039079023439983,10,9.97306917336641,9.943608977906845,2.0,9.93768418527209,3,274.33829353898386
66,367,8.0,37.0,29.0,25,7.026188937192318,14.0,6.1312416151293725,18,6.08987006610718,5.989348559570463,10.0,5.8985637906469695,4,860.6235821582791
44,612,1.0,8.0,1.0,6,14.142081335913508,0.0,15.749912181968256,0,16.859963293377138,16.00476537179255,-0.0,16.144714958077493,1,297.75446071168113
63,337,7.0,14.0,13.0,12,9.938144956093913,5.0,9.17321587528592,11,7.936508094413621,7.893041288887303,3.0,7.944203922752174,2,1593.541082676492
89,402,35.0,164.0,180.0,71,0.0027085629174572,79.0,0.9506830908059845,59,1.770542072567822,1.9037675473624704,95.0,2.026066682632417,32,4728.808769804727
59,59,0.0,3.0,0.0,1,16.038081097769332,-0.0,16.10161506978122,1,17.038223695939813,16.05058103062537,0.0,16.039150610063658,0,181.7548559813395
14,449,37.0,146.0,182.0,83,1.0993075245575277,74.0,2.028807336101472,72,2.005321107322607,2.09219206187948,90.0,2.074041487676939,35,4155.503460926453
79,32,6.0,24.0,10.0,11,10.216967595373749,4.0,10.061842488080812,4,9.91520053758646,8.99219028529855,5.0,9.1700410904279,1,738.6677440256758
25,593,3.0,16.0,7.0,8,12.0172413525613,4.0,13.124364059299351,2,13.999300373952911,12.786785251134022,1.0,14.414555818027882,2,1041.3073956567644
43,625,2.0,3.0,0.0,2,18.87195517743656,1.0,20.04703259874993,1,21.041585061584783,20.037629273059963,-0.0,19.8893193918743,0,98.883582265553
12,175,5.0,31.0,35.0,22,7.1688888926227206,11.0,7.899185439236329,24,7.75738907184552,7.811249213490518,8.0,9.12261691620901,7,1348.4461638546672
68,185,6.0,31.0,13.0,18,8.10547537198127,6.0,8.906335669351193,11,10.07015127323874,8.944355554309404,3.0,9.907591237015929,13,849.1488665021405
43,499,0.0,0.0,0.0,1,19.85814414489683,-0.0,20.692873963883333,0,22.03115291998629,21.089256241820067,1.0,20.893634235847745,0,67.43866434526835
79,312,7.0,41.0,31.0,25,8.113240385535514,10.0,8.050787478485182,22,7.977788912213427,7.978033115160999,12.0,8.040285446506868,3,646.4858145901629
58,46,0.0,2.0,1.0,1,17.963478870364625,0.0,18.01763356676523,1,18.09895904238981,17.838557334942454,0.0,18.03048517239295,0,96.37429505564842
49,405,37.0,172.0,193.0,75,0.8501527745886839,85.0,2.0655291025130933,83,1.8743209339073257,2.071721871482654,101.0,2.0071282115887144,37,3859.931547728679
24,666,6.0,38.0,19.0,25,9.89267070599247,6.0,11.15931047719874,16,10.971784621682966,9.806830303339948,1.0,11.217646671555002,12,1431.9981237312882
45,426,32.0,171.0,160.0,91,2.815954265691782,71.0,3.057189566429136,90,4.034173912225495,2.878044249970622,80.0,3.0210424732124794,46,2666.402073842577
30,328,11.0,57.0,49.0,37,7.153910398583341,25.0,6.027144246285208,39,6.044292808962821,4.844341307977403,27.0,4.972397075841888,11,1085.666761255157
0,64,0.0,0.0,0.0,0,18.72402002213493,-0.0,16.993019014185457,0,17.000963850404045,17.026052895742488,1.0,16.914393504929365,0,322.4854164678933
60,260,1.0,3.0,1.0,2,16.023218339461703,-0.0,17.117160979414265,1,17.982396013821,17.071377708913168,1.0,18.371362788420715,0,733.968714453648
2,425,35.0,166.0,181.0,80,1.7641412238898493,81.0,1.7303216850622452,100,3.028023780713127,1.918187275477416,101.0,2.051926630811109,44,2752.2572460602805
67,234,2.0,13.0,13.0,5,10.9457702339006,3.0,12.126948499097086,5,11.80809997231403,11.993500209038183,-0.0,12.225479136149314,0,257.0338229725636
74,484,4.0,23.0,13.0,15,10.875671324236697,3.0,11.81252310033374,10,13.06699034584902,11.992485867110254,0.0,12.896155531069777,6,349.9985914503863
59,509,0.0,1.0,1.0,1,18.84008138742861,1.0,19.97939023394471,0,21.01049270227007,19.85849434552227,-0.0,20.00250517044429,0,120.33244177933308
76,77,2.0,6.0,3.0,3,12.946581041444544,0.0,14.135594357866674,1,14.736352198841796,14.004095838938332,0.0,14.95489061363211,0,141.96010701347237
2,317,25.0,138.0,136.0,76,4.093165531125748,62.0,2.9208613851821417,84,3.928457869662359,3.219016475018452,62.0,2.8423276804879025,42,2441.009755512229
70,99,0.0,1.0,2.0,1,15.057203359495762,-0.0,16.00181846388743,1,16.96229856014407,16.846493392031032,0.0,17.096499214937324,0,123.99500636427634
59,574,0.0,0.0,3.0,1,16.105786889686453,-0.0,15.814873072718065,1,15.964115557151644,15.9435865389237,0.0,16.11325690933539,0,139.34986019120856
83,411,37.0,181.0,185.0,96,1.9352475654060928,83.0,3.139036244209092,115,4.027714897195121,3.037495245609612,100.0,3.075681386610552,45,3005.8778065561983
0,748,3.0,-0.0,4.0,0,16.025147832974017,0.0,14.998258749391072,1,14.841224364784471,14.97066936336611,0.0,14.034217290588554,0,552.3930254571063
27,358,5.0,6.0,8.0,4,10.11555081228444,2.0,8.992166871128921,3,7.854314510192942,8.991272983708557,1.0,7.94072289573074,1,22.997249530649068
60,261,1.0,1.0,-0.0,3,16.93264037913057,1.0,17.906270283497737,1,19.022923056047343,18.01218962050286,0.0,19.09745283917164,0,1568.678407222503
29,291,13.0,86.0,51.0,54,5.921464461740971,27.0,5.829416323463248,28,6.99249537897081,5.969523238874929,41.0,5.938508120578141,20,1478.1733611768589
27,760,3.0,0.0,0.0,0,14.942470994726351,-0.0,13.899667883685382,1,12.77307397934008,13.214766053679188,1.0,12.927699373121154,0,107.05127832113055
63,277,6.0,16.0,17.0,12,7.987542120244382,10.0,6.812991149240526,11,5.945474110279991,7.179230839150077,7.0,6.20042393776568,4,1267.8553637869757
1,425,30.0,160.0,162.0,92,3.055397260468152,74.0,2.8321022176487607,98,3.2064383808707086,2.9937389675027526,82.0,2.8277827068878363,46,5486.765384019037
68,181,7.0,32.0,18.0,16,7.053862415475948,7.0,8.93471922181529,11,10.055601260907055,8.998370426634905,3.0,9.98971056332115,13,586.43173226166
0,348,3.0,2.0,4.0,1,14.016955856843008,0.0,13.202445918856627,1,12.81591385888007,13.070215619816178,-0.0,11.839395743261086,0,527.469924221735
17,170,3.0,21.0,20.0,9,8.92941564645124,7.0,9.864278373674196,7,11.06005173727626,11.201180167200125,-0.0,11.14214975471167,1,465.7017973357388
62,98,3.0,9.0,3.0,8,13.796684115988322,0.0,16.107717269714232,2,16.048319378184427,16.04331316666664,-0.0,15.8369707252606,0,87.34129462230493
15,671,14.0,81.0,49.0,62,7.234231951402126,15.0,7.947942511298631,34,8.861432546128992,8.121636206467192,11.0,7.814937029711819,32,2003.3041528521787
63,366,10.0,25.0,20.0,18,9.028386198777566,8.0,8.016868922596434,13,7.782633234242602,8.084725659098133,7.0,8.09480714639565,1,3126.355416036035
32,524,3.0,7.0,6.0,7,12.155602016016774,0.0,11.868979842204826,5,12.088537760754637,11.00120040655285,0.0,11.997295451461602,0,273.7498536185046
27,335,5.0,2.0,4.0,2,11.940679190128863,1.0,10.881208718740329,3,11.230597331980691,10.941999342820408,0.0,9.962229845798904,1,159.73547654203958
64,20,2.0,5.0,3.0,1,15.9653715115999,-0.0,14.811187911714942,2,14.84748946525933,14.994416895765749,-0.0,14.93047557058606,0,343.07025149151315
25,485,3.0,8.0,3.0,8,13.86780343324576,0.0,14.885408299720709,3,15.966463256461676,14.751161901961458,0.0,16.053000192566582,0,590.5148375384587
29,297,12.0,80.0,56.0,56,7.124304418340276,18.0,6.93035180707313,41,7.08848848671594,6.847918102527773,29.0,6.89382234132862,23,1143.4791622836476
59,467,1.0,3.0,-0.0,1,15.005184068385908,-0.0,15.056825134291104,0,16.097349040783506,15.033846079771129,0.0,14.904379207090674,0,129.23071711715184
84,427,38.0,176.0,187.0,85,2.078680131971432,82.0,3.222451008549493,115,2.853791695298552,3.0132431239335777,101.0,2.970480444332399,41,1625.6854736215637
28,714,4.0,14.0,17.0,15,10.01609527348231,7.0,10.02068333165795,16,9.97023323491325,9.90305434966206,3.0,9.935142069396196,1,500.884023386229
66,363,9.0,27.0,16.0,24,8.189804173666989,9.0,6.913640602642931,15,6.873481658314538,6.923497242358038,10.0,5.980736769216709,1,875.7088337272799
30,331,12.0,77.0,73.0,58,6.190029229444318,29.0,5.019506974250627,62,4.117318427727041,3.892719390853988,34.0,3.831503049949903,12,1418.402583388881
12,153,5.0,28.0,23.0,22,8.029328574387531,10.0,9.009346849279606,11,8.906131598101185,8.93047016035174,4.0,8.903059639377572,4,1454.5925570621298
78,672,18.0,118.0,80.0,71,4.055094537326003,33.0,5.933217859198696,50,6.828632811606809,5.947914324244842,42.0,5.860383322370219,41,3678.065383581584
2,423,37.0,175.0,179.0,82,1.9248052888614344,82.0,3.124128781543283,108,3.043376375722908,2.091435335825434,102.0,3.1686034539172474,41,4016.2146176529855
72,109,1.0,3.0,1.0,3,14.96490457375809,1.0,15.99410672000328,1,17.07112995098011,16.005635371570843,0.0,17.1701319365161,0,487.1716660377725
27,361,6.0,15.0,14.0,10,7.837260837438512,8.0,6.836778202967556,10,6.05979349782269,6.946424919196828,8.0,6.146683609698075,3,163.7596333464085
78,410,20.0,145.0,104.0,94,4.042059587216451,43.0,5.141433002228462,69,6.052020248602343,4.773212215627649,57.0,6.120087397306495,47,3119.1277860085
77,416,36.0,146.0,183.0,72,1.841549659247055,76.0,1.10172634048792,90,0.9995200771897088,0.1584431366563072,96.0,0.0,36,2267.332953644918
9,236,-0.0,4.0,0.0,2,18.131149870742195,0.0,18.966101123772567,0,19.90805542225356,18.96519428597219,1.0,19.99642215132253,0,79.74545479090804
43,624,1.0,1.0,-0.0,2,16.90555457936475,1.0,17.88928431621829,1,18.905316951808526,17.777717479899213,0.0,18.85921217828983,0,106.88785758028943
29,297,17.0,94.0,76.0,66,6.007804061705736,19.0,5.971934560447562,55,6.984943505519369,6.034748907849859,38.0,5.8258472973561775,27,1162.888853766503
64,30,5.0,20.0,11.0,8,10.99583553034738,2.0,10.964447010439244,6,10.915547974288934,9.882007481181969,3.0,9.88009457204174,0,808.1876589794683
12,179,3.0,30.0,28.0,23,7.832261753014441,10.0,8.123446428406972,19,7.814778988589002,9.06144158920491,6.0,8.984039009453094,4,1789.600337253824
59,560,-0.0,4.0,1.0,0,19.97344885138036,1.0,20.910628985704243,0,21.09051592658652,20.10524916644813,1.0,20.720028183029548,0,136.28229156920298
22,284,31.0,99.0,153.0,71,3.108967816850432,64.0,1.9436138844080943,85,0.899331253777956,2.001636290048874,78.0,0.8917441245884314,36,2530.472504850655
0,349,3.0,1.0,2.0,1,14.070981637337525,-0.0,12.9073946743631,1,12.98071810118889,13.206697479841946,1.0,13.029789152364875,0,317.5476698189645
73,12,5.0,12.0,7.0,8,13.074892500603683,1.0,11.973456600563996,3,13.04013038431586,12.138264161110364,0.0,12.089354202057182,0,166.63969848291268
17,155,10.0,51.0,30.0,42,7.090689630399619,15.0,7.854718633354432,22,7.907608472280871,7.970454883951842,9.0,8.986028767190751,14,679.985886406712
12,158,17.0,62.0,91.0,39,5.109281972569609,36.0,5.052896705219086,67,4.871217220375093,6.0808055928272,48.0,6.024491531315466,18,2731.6722299810185
48,430,35.0,131.0,165.0,71,2.063331038126793,65.0,3.0522216188886646,82,3.0674225612607384,3.022491382675013,74.0,4.008967092627574,35,1583.9353478288874
27,332,5.0,4.0,3.0,4,9.942147441348895,2.0,9.020125042787242,5,7.849755003185367,8.068503182762923,0.0,7.892217077154264,1,188.58686924945704
56,447,37.0,144.0,183.0,85,1.0409240457650557,76.0,0.0163499117081323,73,0.0,1.007895062567296,95.0,1.1753606577715647,38,4638.708815146519
77,416,37.0,145.0,184.0,69,1.7429039541114126,76.0,1.1098039612586312,91,1.1127901445501722,0.1570078486411994,97.0,0.9314397433929782,36,3426.130854855631
84,427,38.0,177.0,188.0,75,1.972768696145111,81.0,1.9582988357174904,111,3.006544075045028,1.9075878934712367,102.0,3.153816250982846,43,2620.483658516902
93,389,5.0,21.0,28.0,11,7.009931542055941,8.0,7.011707788803415,15,6.07820304772682,6.8247322067758365,4.0,6.929364457415952,6,644.2423955045325
43,460,1.0,1.0,0.0,2,16.025558938235122,1.0,17.145623045063687,0,18.030202204544707,17.122437733355767,0.0,16.993110595256443,0,125.64503067254458
15,671,14.0,80.0,46.0,62,7.007903231335655,15.0,7.912528570889552,34,9.097397635342562,8.257561112281476,9.0,8.951397030102026,32,2058.4065256630947
23,155,9.0,52.0,33.0,41,7.026957153267379,15.0,7.781549049959354,21,7.805024902982934,8.022341125526767,7.0,8.976399397459947,14,1115.8259539692042
32,663,6.0,45.0,23.0,29,9.139007449263143,6.0,9.738779220110736,18,9.83474932538138,9.04188375036081,7.0,9.73255004054444,14,792.2936388379593
27,335,5.0,5.0,4.0,3,12.123157140668832,2.0,10.975036798472573,2,9.593926859638856,9.8948737572124,0.0,9.95646456834908,1,165.91416216533187
25,482,4.0,20.0,11.0,10,10.941493567438318,3.0,12.99217149154028,5,13.275823027176818,13.033474974288476,1.0,13.007833635111371,5,951.5020701531068
58,53,0.0,1.0,2.0,1,15.967914043446202,0.0,15.97513967878737,2,17.111806506673965,16.03929337377037,1.0,16.139869414456033,0,65.70556027741515
42,445,36.0,165.0,184.0,85,0.1242655184547313,77.0,0.0,57,0.8965477818137766,1.1033287467676052,97.0,0.8151235977638183,37,3965.053707715761
28,695,1.0,6.0,1.0,4,11.044559401916992,3.0,11.10709345023986,4,11.070053080198925,10.956498756908925,-0.0,11.055809323337948,0,366.4205629544055
15,678,7.0,41.0,21.0,27,9.074872147688827,4.0,9.93801348657949,17,10.980005195224535,10.085652401437214,2.0,10.855840094625968,12,1448.8580910291023
66,340,10.0,19.0,15.0,14,10.940190857036349,2.0,10.045104436543763,14,10.041377168318574,9.06517612706208,4.0,9.02026116129,2,444.7487208608425
80,135,1.0,4.0,0.0,3,14.043465207752964,-0.0,16.15268881591295,1,15.981106753912814,15.989235978428765,0.0,16.18510460692271,0,158.34290858942217
78,441,26.0,111.0,133.0,57,2.8351027752682225,61.0,4.973237841963964,86,4.87057283389727,4.79543385322562,66.0,4.918918753116667,43,3657.690104608458
24,681,18.0,111.0,84.0,68,4.868805514928576,29.0,5.8052973745935805,56,6.779669461162585,5.881466434791837,41.0,6.223092872840015,38,2408.399219815432
11,164,21.0,83.0,107.0,51,3.984398417720816,41.0,4.872512422343361,79,6.115078945347489,5.96262899603814,56.0,5.911467963351762,28,1860.8851285529329
77,416,36.0,150.0,179.0,73,1.7987164479563285,76.0,0.976903450183604,85,1.0392661893875452,0.9707560355895914,100.0,1.149844268363783,34,2548.240452009973
45,314,22.0,138.0,129.0,87,3.820027606526874,56.0,3.897204369260944,86,4.066715304413609,3.820601234179122,60.0,3.933793898590229,40,3350.0324836200666
43,500,0.0,-0.0,0.0,0,19.15809823580232,0.0,19.98657721513038,0,20.89718459338578,19.896114352840726,0.0,20.937173608884702,0,91.97891508632505
83,411,36.0,183.0,180.0,101,1.820268272351111,79.0,3.0457744027828264,121,4.266988692092082,2.9205228435503834,96.0,4.076505769464599,48,3937.090548749095
37,160,20.0,62.0,96.0,32,4.083784512376671,40.0,5.255534433296094,55,5.062432047399782,4.928106994242251,52.0,5.036822195287309,18,2112.7315582700053
62,106,4.0,14.0,14.0,10,12.181374274362453,2.0,13.090419591423704,11,14.131497499670427,12.921319686778697,1.0,14.26134085680435,0,205.87594908269452
28,706,-0.0,6.0,1.0,3,11.095725524011153,2.0,9.898540535061608,0,9.929792535741624,11.118129889341033,1.0,11.023578805512848,0,284.9607255663999
43,502,0.0,1.0,0.0,1,19.0742096560026,-0.0,20.079449622194204,0,20.064058235701665,18.973211155755028,0.0,19.895685644245983,0,49.715180722845695
1,419,34.0,147.0,175.0,69,1.9773480013209064,74.0,1.080662869310338,89,2.0125357588000394,0.8346309943767046,93.0,0.7986720531432261,38,2982.000320083065
0,352,3.0,1.0,2.0,0,12.982340916291152,1.0,11.896082692211786,1,11.996028198145616,12.108012439249585,0.0,12.03753445688719,0,362.1033323934599
43,501,0.0,1.0,1.0,0,19.80793201775556,0.0,21.07951033631948,0,21.96610485365149,20.82419731929896,1.0,21.182225444741,0,83.10843951890858
84,405,37.0,163.0,192.0,61,0.1245976239560853,82.0,1.0247966645466369,74,2.137343601856754,1.88468013335186,100.0,2.033122976358548,30,2651.401847498338
81,379,28.0,88.0,131.0,46,3.046342212512742,57.0,3.0227163346904145,57,2.991190516421598,3.9454989259806457,59.0,4.03497596149958,24,3718.57862192934
66,29,6.0,21.0,11.0,7,11.138896983028186,2.0,10.10377254360688,8,9.896177502031373,9.788552522830065,4.0,10.100854010170128,1,341.5464435718371
65,178,4.0,32.0,28.0,21,8.10580761175847,8.0,8.995217031525597,19,8.835312714355027,8.856969819302439,4.0,8.982516332915333,4,460.871190039887
78,409,33.0,172.0,164.0,106,3.142232132665834,70.0,4.002481853582139,117,5.155228950145213,3.849279147041029,84.0,4.000950355980095,46,3254.540490561073
21,364,11.0,27.0,17.0,16,8.862558086727404,7.0,7.921191661912006,12,8.057718638027843,7.211133363632224,9.0,7.065773497440365,1,1120.253739238538
0,757,3.0,-0.0,1.0,0,17.8946838423786,0.0,16.20652619342102,1,16.138749376284117,16.058299662025174,1.0,16.121851906803457,0,449.4305427526107
0,349,3.0,0.0,1.0,1,14.951241793928226,0.0,14.149906237292196,1,12.881671004708174,12.709433253723857,-0.0,13.036064461886385,0,387.5975698373532
87,406,32.0,153.0,178.0,64,1.075449069836225,77.0,2.0870818193903,71,3.180252023730558,2.020496552073127,94.0,3.1871195178944496,36,4730.858909095518
2,429,37.0,164.0,196.0,71,1.0255277864874066,83.0,0.8345587074644201,87,1.9351706164806508,1.2217138440533502,104.0,1.9297531026980268,40,3759.657850336096
25,600,4.0,14.0,5.0,9,12.167925722205876,2.0,13.883291107702656,4,13.938777215090427,13.160595605172846,1.0,14.16862027264563,2,1083.4079499864858
11,435,33.0,121.0,154.0,64,2.848667415644989,62.0,4.217809907931685,86,4.169417360139581,4.002737575643627,69.0,4.118136885703477,34,1001.1900168431188
85,427,39.0,174.0,192.0,82,0.8226453294692316,84.0,1.9637076948317955,100,2.8920569091128225,1.9228515468837253,101.0,2.934788140804197,45,2963.06527901898
64,7,5.0,16.0,10.0,8,12.894026843894896,1.0,11.973065705639064,3,13.039244253673171,11.975787706295304,1.0,11.987878873334438,0,111.19626531818614
31,140,0.0,-0.0,1.0,0,16.154319211998377,1.0,17.105433534007492,0,18.21234030840352,16.93489606180131,-0.0,18.012304753871724,0,80.88430951727781
84,423,36.0,173.0,173.0,87,2.1017281976479985,76.0,3.03740952341874,105,3.99383537624394,3.1270738451963265,92.0,3.156450329948641,42,3232.8691699462806
67,693,-0.0,4.0,0.0,3,12.01285464105344,4.0,12.030387752020404,3,11.015080643292997,11.971023691684255,0.0,12.054883168137748,0,160.30627125991757
18,447,36.0,138.0,169.0,80,1.9662469526678663,76.0,0.0552171094904608,75,0.1010916660593221,0.1421160550363986,94.0,0.0031242401391809,30,6016.581367341011
9,633,1.0,2.0,2.0,1,18.040806747115912,1.0,18.873833058967875,0,20.03324685929581,19.070336155289088,1.0,20.098372052164684,0,193.6301606443751
6,404,36.0,164.0,184.0,85,0.0,75.0,0.8695346078656265,55,1.0743496592533246,1.1575622487111414,95.0,0.9901715366721704,35,3417.23828073229
3,449,36.0,146.0,180.0,83,1.1540206612827213,77.0,1.864734503774004,74,2.0001587764430884,2.061617385249568,90.0,2.038447610818707,38,3986.361100836716
15,622,4.0,20.0,9.0,10,10.959824364596646,3.0,11.960702401916508,3,12.95046503187416,12.003915674546182,-0.0,13.089068749414892,8,785.3215518502603
45,654,9.0,72.0,43.0,38,6.774339977411736,15.0,6.800010385042636,26,8.036712869706827,6.9401689528029,19.0,7.88300519924971,14,3338.6322328612787
86,428,31.0,174.0,159.0,105,3.089604717542936,66.0,4.035777094382464,114,5.007826139650911,3.80667460146292,75.0,4.006104909527172,39,2190.685054220128
1,419,29.0,133.0,154.0,56,2.871999497976888,66.0,1.9565615106944043,68,1.9643481917687715,1.96109423633724,82.0,2.0057919833496127,34,4934.454224778007
75,454,1.0,4.0,0.0,5,15.013432223046184,1.0,14.910260622105792,0,16.01554000217799,15.214355261938683,1.0,16.078756796161542,0,165.69376196409317
14,450,33.0,116.0,156.0,77,1.8658739266357496,67.0,2.088400194202064,64,2.019431531270596,2.0834688920335704,76.0,1.9957003000767009,33,6328.7974854955255
69,122,4.0,16.0,5.0,11,10.928988446625524,-0.0,12.069451425775087,3,12.844208558090248,12.166825805643924,1.0,13.06481359232526,2,172.9059814636398
6,445,37.0,158.0,181.0,82,0.0,75.0,0.0570571396044252,55,1.152678383487742,0.9421858293921244,96.0,0.901692217786231,39,3858.704211788617
59,567,1.0,3.0,2.0,1,15.05984243106222,-0.0,14.996284532142244,0,15.73826064809331,15.268342936993918,-0.0,14.950393049809357,0,181.23342903247112
25,479,3.0,13.0,3.0,10,12.953146715317873,3.0,14.14498638222302,3,14.97982189584882,14.065868016376648,0.0,14.07945482839591,2,774.2612288995249
15,596,4.0,16.0,5.0,6,11.917507247241542,3.0,12.896185771419129,2,14.156990808470388,13.052183216344847,1.0,12.892498559954271,4,1267.528870097727
67,717,0.0,4.0,-0.0,2,13.911530332163714,2.0,14.080165877390922,0,13.963272568648264,13.956929766424734,0.0,13.812227678795,0,276.7694150106176
32,537,3.0,10.0,3.0,9,12.051675007672724,0.0,12.902943190361825,2,12.971370946526855,13.133881029344288,0.0,13.144807606950234,0,560.0113689621857
71,318,27.0,130.0,144.0,56,3.0999611988251634,68.0,1.885835065850418,61,1.960117293074648,2.076222924717212,78.0,2.0585382438209283,32,1321.0114031608027
15,597,8.0,37.0,20.0,24,9.975267147233987,3.0,10.979280708702955,14,11.83321005302374,11.075050089437989,0.0,11.019158873397735,10,1247.5972644884264
63,369,8.0,25.0,18.0,23,8.097441134212369,11.0,6.848324501636031,14,6.971145738545979,6.980865140585171,8.0,5.957262329362455,1,2110.8726170966897
62,83,5.0,15.0,9.0,10,10.046269723689472,3.0,11.015207636601884,7,12.04489438871941,12.01824722160204,-0.0,11.983001134957176,1,352.6428288617
45,321,18.0,118.0,80.0,83,5.869274275520948,30.0,5.703431003163129,59,6.1212043799519735,4.984918376826392,47.0,6.087280771079097,35,3227.750228136405
59,570,-0.0,1.0,0.0,0,17.928745048365776,1.0,19.107723874161145,0,20.06094224872146,19.15378617534175,1.0,19.081561491036208,0,123.8879831420952
32,526,-0.0,2.0,1.0,2,13.169995614553963,-0.0,13.855760080398538,0,14.028504044097234,12.92873491581317,0.0,13.80541578254098,0,249.4957594804773
68,192,4.0,19.0,8.0,13,9.94283190663126,0.0,11.740759273343654,5,12.921236531080824,11.90938896791797,0.0,11.826944623572071,4,499.020020967856
0,756,1.0,1.0,0.0,0,20.15168301272774,2.0,18.042629783833487,0,18.001277572355963,18.13186610004901,0.0,17.838892668176833,0,476.53050954511536
25,487,3.0,9.0,5.0,8,15.077350953628814,0.0,16.082134860604302,3,16.081646382077224,14.909183103339563,-0.0,16.09807914829959,0,1019.1084801302264
44,610,3.0,12.0,2.0,8,13.023741416167798,-0.0,13.885683782063731,3,14.980452420618958,13.81852797940167,0.0,15.12358478047916,3,253.4719379385436
86,668,17.0,98.0,58.0,72,5.83243129040202,21.0,7.04076266766109,37,7.829467483502487,6.906259002149977,17.0,8.138530247199055,33,2201.485371701824
59,552,0.0,1.0,0.0,1,20.07986105103042,-0.0,19.931345575936355,0,21.154654547949864,19.99623995397213,0.0,20.11319737808764,0,177.37230533278233
62,231,3.0,10.0,3.0,8,13.022902807369222,-0.0,14.064461334679232,3,14.837232252249802,15.013683890142946,1.0,14.954317775228224,0,107.09707360008709
81,432,32.0,113.0,159.0,63,2.0369841205036576,60.0,3.0069474779369885,75,3.05178181115826,2.937475531849384,69.0,3.916268033395164,30,5568.7086236482455
58,53,0.0,-0.0,5.0,1,15.970099763384445,0.0,16.16015989050484,2,16.050188676995187,15.951667292598769,0.0,15.939250173235791,0,28.260995997464992
63,346,8.0,18.0,14.0,14,9.931147759070443,6.0,8.999839778165164,8,9.040368366140177,7.986730163372076,6.0,7.923508216551188,3,972.0623322262168
66,363,9.0,28.0,22.0,19,7.932677191419538,7.0,6.883516427136371,16,6.922141965413459,6.926535789218828,9.0,7.083367934497546,1,425.6689868453004
81,432,34.0,127.0,161.0,67,1.902988279202381,68.0,1.85335979757778,70,2.0654722507622565,3.0080598983133133,77.0,3.216553836310038,31,5619.339144063645
15,623,6.0,30.0,16.0,21,8.900429667488496,4.0,9.96501416885249,12,11.014203407804263,11.089440035365469,0.0,11.13140634109338,6,1140.5370837206035
15,594,7.0,32.0,13.0,19,10.056367608392645,2.0,11.040229295106515,9,11.81358958195992,10.94908722077568,1.0,11.747643609184454,10,1385.7261932477231
24,668,15.0,93.0,62.0,60,4.823593784481133,27.0,6.835892079920434,37,6.865808343615811,7.0361766662838345,24.0,6.887559380119403,27,1863.1813812404
81,444,36.0,147.0,181.0,85,0.9214427130314355,76.0,0.9279693617491142,67,1.1047655932688727,1.109788227734646,94.0,1.7232160299254462,33,3627.170997465241
78,442,25.0,110.0,119.0,63,3.143136436462555,49.0,5.118627675184786,86,5.909430202664817,4.974929993897828,62.0,5.95370705198557,42,3416.0022755092195
93,391,3.0,17.0,13.0,10,7.9683691688185885,3.0,7.84999783697433,11,7.023477449287306,8.104948036208526,5.0,8.083998852400725,1,320.4897295998811
94,420,35.0,155.0,180.0,82,1.0646092177133897,75.0,0.1594151977232016,59,0.8622206629195346,0.0,99.0,0.9828394073584512,34,3278.9648371084813
9,245,2.0,4.0,1.0,3,15.949897647660952,1.0,17.09208005147646,2,17.74278812066675,18.025764002241328,-0.0,17.89755565907419,0,168.0714945437931
57,131,1.0,5.0,0.0,1,14.118050880097996,-0.0,16.206028975574473,0,16.90773384358583,15.875183722647874,1.0,16.921041118915753,0,129.32712565349996
27,339,5.0,3.0,5.0,4,11.030006426136485,3.0,9.998397495169478,2,10.21862066566189,9.99818498423251,1.0,9.01918614120893,1,148.34113619492155
78,441,24.0,109.0,123.0,61,2.912973846155681,57.0,4.996630864660997,86,5.084093091737985,4.935048914788501,64.0,6.133073273588307,46,2848.4922624589985
56,447,35.0,146.0,173.0,78,1.085958471330143,77.0,0.032108962843435,62,0.0,0.0055849767578114,94.0,0.0,31,5347.876228318712
45,683,18.0,122.0,88.0,61,5.064329649793423,33.0,5.079911326447931,56,6.059228571467648,5.075751953632636,48.0,6.073296514728175,35,3181.320975895587
33,119,-0.0,3.0,2.0,2,17.250629882005033,2.0,18.02762894721916,0,19.03377295746873,19.137929164100008,0.0,19.06063731475232,0,190.83928345726665
70,69,3.0,8.0,2.0,4,11.864874666103113,0.0,13.959122041683552,1,13.92757367116626,14.19940050320916,-0.0,14.01717629859816,0,181.08871292922765
8,403,36.0,177.0,181.0,89,1.897178062072052,81.0,2.97319016908868,112,3.938515945770831,3.03486886534498,99.0,4.065461604094462,42,3604.493287019175
77,416,37.0,143.0,188.0,72,1.927609086395973,76.0,0.917910983179653,91,0.9790903273746578,0.2126422750038274,98.0,0.0222349348723968,34,3103.509733467603
59,563,-0.0,3.0,2.0,1,16.997160451489908,-0.0,16.956213460375473,0,18.121146100931,17.041918401610616,0.0,17.966641735913345,0,178.9470432959732
84,429,37.0,174.0,189.0,77,1.0216362469538398,83.0,1.9938176568737465,100,2.996406291305868,2.19713699050056,101.0,2.104508854409451,39,2644.444108612392
75,461,-0.0,2.0,0.0,0,17.098755063813638,0.0,18.09389876673185,0,17.877115209406966,17.225753514819868,-0.0,17.992735626531847,0,44.40875195915814
32,536,6.0,31.0,15.0,21,10.136426955170192,4.0,10.999305061147368,15,12.144880168076709,11.181618468154552,2.0,11.135339519506717,9,543.9138448144845
58,46,-0.0,3.0,1.0,1,18.04023615425804,0.0,18.1179359437964,1,17.863742948280372,17.010869570122836,0.0,16.988870443204167,0,168.7557737989139
50,429,38.0,173.0,201.0,74,1.0080614351712929,85.0,1.909331388527439,101,2.058499370984838,2.08382166768677,104.0,2.15324419418809,40,2364.6261930568407
75,466,2.0,8.0,4.0,3,13.045924780326263,0.0,13.183502099953555,1,13.956105268800917,12.928337361037434,1.0,13.977479913816346,0,138.09054109790165
62,73,3.0,6.0,3.0,4,12.91655579791754,-0.0,13.853296959050295,1,15.213420278254054,15.094291464912184,1.0,14.874730588218307,0,199.7370253371122
28,712,4.0,17.0,13.0,10,9.182026556191516,4.0,7.994437594523882,11,8.206952848790058,9.011931088349932,3.0,9.234630204436936,2,421.6046885706621
27,759,3.0,0.0,3.0,0,16.072519170721506,1.0,13.98458613792959,1,13.917011285397749,14.037199305909027,-0.0,13.864782585069744,0,23.620901359416337
26,581,4.0,20.0,9.0,8,11.893540583670278,3.0,13.164042420418568,3,13.92103535279367,12.714932796515734,0.0,13.979989712201942,4,1248.8910587896514
63,355,5.0,2.0,4.0,1,13.173156213663626,-0.0,12.195671203992896,3,10.98470972808057,11.23392699174595,-0.0,11.053598133051093,0,1051.066199728962
17,103,2.0,10.0,7.0,6,11.03120475547436,0.0,12.818621411852238,4,13.048559138012502,13.110743412302346,0.0,12.975605600267633,0,224.69000637232108
9,249,1.0,1.0,3.0,1,18.725570338680587,1.0,20.02746771559749,1,21.112843509830792,19.76946575443205,0.0,20.974629312547616,0,101.66213578158752
43,510,-0.0,0.0,-0.0,1,16.97713074122436,0.0,17.995123929512907,0,18.963929758225635,17.95106812568998,1.0,19.13948258692554,0,50.84403656987698
92,431,33.0,142.0,169.0,76,2.048590576285388,71.0,2.645000211043621,91,3.770677610825629,3.02521136149616,86.0,3.852496387452609,39,4678.857469324547
72,109,1.0,4.0,2.0,4,14.063374081514892,0.0,16.05032172019648,1,16.986789491036873,15.952411015588652,-0.0,17.0727732867899,0,1067.351986514707
28,700,2.0,14.0,8.0,13,10.0219330149626,7.0,11.003580570260787,4,11.18102438471654,10.974833850367553,0.0,11.072002771711407,0,304.7763836096708
78,669,16.0,119.0,73.0,79,4.889027926669513,33.0,6.061702192170267,43,6.709425804585713,5.990101331039677,39.0,5.930665984187804,37,2923.688816282141
32,493,6.0,28.0,18.0,21,9.87186804908036,3.0,11.092921490710024,14,11.950483877061735,10.98049853757893,1.0,11.119034206739087,10,795.490209736535
33,257,0.0,2.0,1.0,2,17.834633961510075,0.0,18.88112252131716,0,20.06369287576834,18.808595250988883,0.0,19.71299522970932,0,62.9273572262017
45,655,7.0,61.0,32.0,45,8.052047581572232,10.0,8.775218453352414,22,8.971695290664428,8.216174205660755,9.0,9.072877914833532,14,3076.4554542847795
75,488,2.0,9.0,1.0,7,15.181949757608448,2.0,15.847585453233334,2,17.14278211307749,15.93243976233437,0.0,15.999020850221202,0,165.22767198082576
8,407,36.0,173.0,181.0,91,1.0829663281577575,77.0,2.9768681791997467,105,4.001794077657118,2.9251610648835724,93.0,3.951301865204373,42,3812.326100886193
12,149,9.0,50.0,37.0,41,7.02272691317404,18.0,7.919397845950123,29,7.960839994619594,7.919522104969665,16.0,7.9706943438262545,14,2122.182836134613
28,731,0.0,8.0,1.0,3,12.093296071447195,4.0,12.033292539347496,1,12.031385190321958,12.009405879193096,1.0,11.919618111266622,0,123.14184014207804
33,255,1.0,1.0,-0.0,2,17.77495211113363,0.0,19.027339194542986,0,19.887766926744128,18.99258558324256,-0.0,19.86097424700927,0,74.6733986556323
58,47,0.0,1.0,3.0,0,18.91739904937004,0.0,19.983311989705427,0,20.19719333198021,18.907116875588983,-0.0,18.983142735935456,0,92.37564713047055
75,467,1.0,6.0,0.0,2,13.986758324720116,0.0,13.817182027362804,0,15.0199407015017,14.042569517727156,-0.0,14.831523393547094,0,95.96002669952222
59,564,0.0,2.0,1.0,2,16.85832319972496,-0.0,16.869700606023788,1,17.883990906697285,16.977815126172647,-0.0,17.00148211502171,0,146.49673580019268
15,203,10.0,78.0,42.0,68,5.836083705426109,15.0,8.085311995543977,36,9.06118284907282,7.991601374094856,9.0,8.093425020993985,34,1992.9430081192515
4,445,36.0,155.0,181.0,76,0.0336354746064128,77.0,0.7184545084123801,54,0.8460908202231455,0.977259518795675,95.0,0.8985093768869257,36,5672.865902102822
75,457,3.0,13.0,4.0,11,13.115548301620182,1.0,14.041571710906313,3,14.851101358053988,13.894605109869568,1.0,13.960449883687309,1,109.67870991930512
11,407,36.0,164.0,183.0,73,1.0078379768144432,82.0,1.9885353969246435,86,3.026860023336203,2.9275415952329453,94.0,3.0430909609423025,40,2830.043404226675
32,535,3.0,10.0,2.0,8,11.999910673871906,-0.0,11.969748652826103,2,13.028706541932866,12.10925539428206,0.0,12.177011041884342,1,144.28348542038134
24,642,11.0,83.0,46.0,46,7.123134396604572,15.0,8.164393377474962,27,7.920090111556053,6.831006391093671,12.0,7.912502677304766,22,2065.2641243963576
61,733,3.0,11.0,8.0,4,9.84505004877839,1.0,9.01671572773438,9,8.990577789326625,9.959567191295356,2.0,9.034826913441089,0,439.887532765894
8,403,38.0,181.0,183.0,91,0.9167879364542576,81.0,2.913453858433268,106,3.283031487923324,3.235573770259852,100.0,2.9208253164440023,39,2891.18802464006
34,543,6.0,43.0,26.0,36,9.0745657492845,5.0,9.075877036844457,25,10.006513746541716,9.036476170800574,8.0,8.768519017434336,2,1157.6027898900925
88,318,25.0,131.0,130.0,71,3.039392255156068,61.0,2.9844890556562924,80,3.060396488981135,2.127113605441417,66.0,2.711727048493205,36,1637.5837320036703
22,284,33.0,113.0,160.0,78,3.011948124771191,68.0,1.1359180418208388,81,0.0184811933782601,1.0188806561334125,85.0,1.1040826735881957,40,2138.786389232727
67,178,4.0,28.0,25.0,19,8.953240131960808,8.0,8.948846247128705,17,8.86787073238782,9.024233830200895,3.0,9.928971710810249,4,409.1392600395537
34,663,7.0,47.0,21.0,31,9.218610608224523,6.0,9.190819857766025,15,10.181941602063256,9.201652109249313,7.0,10.036204403754924,13,1011.742799333872
44,584,4.0,20.0,9.0,12,11.945321771734308,4.0,13.068080673776848,4,13.981571622559494,12.780253439640363,1.0,13.982985378959102,5,444.8464439028778
2,429,37.0,177.0,191.0,70,1.1226691610761963,85.0,1.9519030555645327,93,2.977908929537288,1.9612655936802723,102.0,2.027707585776513,41,4135.789103344149
63,346,8.0,20.0,12.0,18,10.90371284540648,4.0,10.051131614443904,10,10.086287142296532,9.043446582387515,4.0,9.02604960908976,2,1953.592286922584
43,476,-0.0,0.0,-0.0,0,16.839060755751216,-0.0,17.200103120487153,0,18.0440105748784,16.982252118723494,1.0,18.04842635949862,0,80.48700187235747
15,189,8.0,35.0,19.0,24,8.081413403139853,7.0,9.17198725447174,15,10.060042560354027,9.755811360216546,3.0,9.997438170921754,11,1232.4697796641435
33,139,-0.0,0.0,-0.0,0,16.907605708779627,2.0,18.13394051352491,0,18.930152617133864,19.07139741369352,-0.0,18.8055229494474,0,146.85176469453114
43,460,1.0,2.0,2.0,3,15.95460937436865,1.0,17.272893888280496,0,17.942286606866098,16.921409269699424,0.0,17.095645474741904,0,90.9784530618958
37,160,19.0,59.0,94.0,36,4.953699981079958,41.0,5.215313350254185,61,4.910498685143053,4.852925071522657,50.0,6.146126791036441,20,1750.4126839396556
43,507,0.0,-0.0,-0.0,1,20.11332355265856,0.0,19.981404418407763,0,20.92196052311499,20.078858816738045,0.0,21.165980638641564,0,97.4103927008032
25,463,1.0,1.0,-0.0,1,17.03843758413773,0.0,17.85107064153231,1,18.829066739936675,18.05713235703646,1.0,19.12083039496073,0,643.6027767169393
67,700,2.0,13.0,7.0,13,9.925618786997834,7.0,10.82021056884749,5,10.910819142506634,10.847748709355209,0.0,10.7913035627804,0,288.7453377343712
62,73,3.0,7.0,4.0,4,13.007339914550268,1.0,14.034212701880444,1,15.265103836461034,15.029554827131914,1.0,14.975580115962714,0,165.5266528941001
89,402,36.0,171.0,184.0,73,0.0,81.0,1.978826294535176,68,3.184615733697611,1.9069603567302824,97.0,2.0449671081052254,31,5796.274713429069
17,154,6.0,32.0,20.0,19,7.093385144117491,8.0,7.9078377435848894,10,9.022615417562603,9.02112780662934,3.0,8.909769822017308,10,493.9366997558968
70,76,1.0,3.0,2.0,1,13.070779691650628,1.0,15.071280187661502,2,14.696918354396733,15.071894220127614,0.0,15.020572625462083,0,180.143451303276
91,431,32.0,132.0,154.0,74,1.9571828721862592,65.0,2.859395584389209,89,3.8688694842058817,3.9291269210684017,76.0,4.15326228134177,42,5885.054484031591
27,360,4.0,9.0,7.0,7,9.012175272569046,5.0,6.953358130673285,7,7.122909702611608,7.048824135952677,6.0,7.042880873248832,3,178.22313355194348
24,646,15.0,106.0,68.0,69,5.9839988579908585,27.0,6.980373350960617,46,8.1577517058458,7.026843867040015,28.0,6.720923487486396,25,1747.301270316097
4,449,37.0,151.0,184.0,82,0.7725526482483106,76.0,0.9739634616209673,69,2.152064256472706,1.987208787380521,93.0,2.0056742671563232,37,4981.223344856505
79,28,5.0,21.0,12.0,10,11.730811447480818,4.0,11.127570443465569,6,10.895598948136588,11.063740714552898,2.0,10.975697656289691,0,381.8264705176535
15,671,14.0,80.0,46.0,72,6.978312789673936,16.0,8.036664289074977,36,9.029916436005175,8.071660236363591,11.0,8.715856248930452,34,2138.4711510564093
4,433,34.0,146.0,177.0,78,1.1183950247772716,71.0,1.9336075134733888,83,2.9546205641917367,3.0137162696813613,88.0,3.022063339585735,37,5125.208569312002
17,173,4.0,22.0,18.0,12,9.811090877041629,5.0,11.203188998412354,11,10.914631637556708,10.928732056605812,1.0,12.006417022081465,0,497.3161410625541
73,0,1.0,-0.0,2.0,0,19.073249295954383,0.0,17.71926010841551,1,17.934709732848383,18.00745900278498,0.0,17.884556181505094,0,66.72871229344555
35,420,37.0,156.0,184.0,79,0.1286528256863527,79.0,0.1652442471455259,60,0.9616052684534508,0.0481233884814962,96.0,1.0434185702211456,33,2163.802992241208
30,325,12.0,77.0,67.0,56,6.032392839956171,33.0,4.7906589950200855,47,5.026912892945362,3.975564737674013,38.0,3.9926696279483314,14,1161.9716502679269
89,402,35.0,168.0,183.0,76,0.0,80.0,0.9245953038811878,59,1.968302980315268,1.871829627153501,95.0,1.9221181886289864,33,4226.934289907974
50,429,37.0,171.0,195.0,75,1.035330619000157,83.0,1.1294983122956266,84,1.7503165505924163,1.048790186607035,105.0,1.9227885607623847,37,3998.4725675121344
32,530,8.0,40.0,25.0,32,8.995294232670641,7.0,9.079470620538158,23,9.7615752793658,8.830836558818564,6.0,8.666795227903469,14,731.4087606239873
29,34,4.0,20.0,10.0,12,11.12049573107932,1.0,11.191148986293332,5,11.055375499234756,11.018874628013146,0.0,11.105010560266102,0,393.5349107966755
29,545,5.0,33.0,23.0,28,8.81760041195201,4.0,9.0666333055389,19,9.9122701380182,8.9980790672344,6.0,9.032749438899506,1,632.9628903704285
63,270,20.0,64.0,79.0,47,4.933144138651729,40.0,4.07666821887424,64,3.1030548385410857,3.1792392911684937,36.0,2.831642363986288,18,2612.778970782713
4,445,36.0,153.0,181.0,84,0.8800873666823195,78.0,0.0,59,1.1399161277684755,0.0,96.0,0.8221634147912564,38,5618.95353375922
65,180,5.0,34.0,27.0,28,8.142340667108515,9.0,8.178287791635725,19,7.944064432778218,9.198911850029353,6.0,8.6733232387838,4,737.9516420826692
17,103,4.0,15.0,6.0,8,11.053975436554468,1.0,12.871260018835873,7,13.110468468948044,12.991291197625532,0.0,12.980981616256544,0,386.3625400793443
26,614,4.0,9.0,3.0,9,14.081538744624638,1.0,15.871033321342397,3,16.848637775688868,16.127618572209904,-0.0,16.000295924630922,2,890.494487492419
27,356,6.0,5.0,6.0,3,9.977138504342594,6.0,8.05665969516216,5,8.039512656974038,7.971490655219661,3.0,7.954599896385861,2,84.33700258755754
83,411,34.0,180.0,174.0,109,1.7382595422086342,72.0,4.139802953831899,125,5.009354898909876,3.955539041258108,88.0,4.129872399315049,47,3521.43370872932
67,743,-0.0,-0.0,4.0,0,15.847780099382597,3.0,15.808190090342704,0,16.064326610067514,15.922709774848595,-0.0,16.171708782816566,0,100.5398052504317
25,483,4.0,16.0,4.0,9,13.06537788612106,3.0,13.984396982055474,4,15.259574251692726,13.977352268476356,-0.0,15.178779956355054,2,776.0725218069269
57,192,4.0,20.0,6.0,13,10.053545413876032,2.0,11.856227367696246,4,13.069816947899971,12.086970951336944,0.0,12.906634399759048,5,248.00843609317585
80,228,1.0,3.0,4.0,1,15.013593180754173,1.0,16.93426862954636,1,17.000780446868003,17.121829284981608,2.0,17.016201171495737,0,94.13788462029387
57,111,2.0,7.0,3.0,5,13.862227191335991,-0.0,15.1423405695521,2,15.921741917117354,14.817389044616114,-0.0,16.083969380666282,1,104.89858739460604
68,190,5.0,28.0,11.0,16,8.841012527181844,3.0,10.993030793612316,8,10.973578173646684,11.120051228003748,-0.0,10.976035588208443,9,471.8060850439372
34,539,4.0,26.0,19.0,25,9.922210640948547,2.0,10.020380918387986,16,10.150795429621038,9.049536717118825,3.0,9.983742347626071,1,403.93114057067714
3,432,32.0,120.0,157.0,71,2.1172259524319625,62.0,2.921315950305554,77,2.934237448100032,3.017013960991948,69.0,4.08244645679898,31,3293.9776654035595
14,445,37.0,146.0,185.0,75,1.205405476824842,78.0,1.0970224611579502,63,0.8260347556319083,1.0942235791652066,93.0,1.9780197902251049,41,5698.605860637073
16,379,29.0,108.0,146.0,63,3.035105745790019,61.0,2.8153901179999643,62,2.8736194970206053,3.0109226023331264,65.0,2.8639752418392264,25,1630.1527403080524
43,624,1.0,2.0,2.0,1,16.968433892160125,-0.0,17.740927424139674,0,18.99080875431955,17.890441854481725,0.0,19.14426529246389,0,59.79892782318781
2,426,27.0,159.0,148.0,90,2.869018053633776,66.0,2.958557635526738,84,3.813478886989974,3.169447328820592,73.0,3.943216220442358,44,3443.117164772655
78,197,17.0,102.0,73.0,66,5.063844128743165,30.0,6.029943902418765,55,6.9388741505102765,6.042003058959159,29.0,7.111538628378007,33,4067.6058009179737
27,767,1.0,0.0,-0.0,0,18.130954518826822,1.0,16.020577513365946,0,16.14564004352821,15.775606876709457,-0.0,15.26952191548576,0,72.6963682143338
34,661,6.0,46.0,24.0,31,9.082231510269828,8.0,10.033289193542696,19,10.028367934897052,8.827843599291933,6.0,9.97987609407299,12,1206.4802393927407
30,325,14.0,86.0,66.0,67,6.186854851777577,34.0,5.172766986519522,48,4.903482382051879,5.016258057250287,42.0,3.965090156105964,18,1715.7417252301989
2,417,37.0,157.0,183.0,73,2.186356018738384,78.0,0.9789788730261634,91,2.1277251703561264,1.137068952950512,100.0,1.020223253043461,33,3407.9879207128297
0,353,3.0,2.0,4.0,0,13.917976245381986,-0.0,12.96171510308147,1,13.0369127751145,11.978256900091276,0.0,12.11307314454253,0,880.4258688422578
29,545,5.0,42.0,29.0,37,8.994699096792138,8.0,8.83112846597043,24,9.130605933487676,8.105636357431136,8.0,8.889007950621842,2,1049.16693283607
62,98,3.0,8.0,0.0,8,14.191224244020203,1.0,14.925514854884325,1,16.116462897392932,16.021743940135984,0.0,15.80600224667559,0,93.3411009508446
25,489,2.0,6.0,2.0,7,14.92404903797286,2.0,16.162842533918298,3,17.097267269292207,15.844473512107587,0.0,15.725853201396887,1,897.6871537281977
62,81,2.0,6.0,3.0,3,13.04278521014377,0.0,14.93776075400982,1,15.01111641428241,14.862389704477229,0.0,15.949992565055885,0,62.68422368282948
67,703,3.0,15.0,7.0,8,11.005061783986518,5.0,11.423608626863434,3,10.924679177873776,11.989618498545738,-0.0,12.09540033238344,0,393.079921739859
26,587,4.0,16.0,6.0,14,14.208762012173896,3.0,15.01324086804134,7,16.044651254233862,15.117712967141586,0.0,14.929580098173735,3,392.9646280079664
64,37,4.0,18.0,6.0,12,11.01194948194195,1.0,11.000338428524229,3,10.866211170861588,10.957994217088798,1.0,11.074728031879763,0,665.7188220065395
43,505,0.0,1.0,1.0,0,18.181152158347388,0.0,19.01864174518555,0,20.07096822014345,18.743022557485933,1.0,19.045286791747355,0,48.89481970849707
23,227,14.0,61.0,52.0,46,5.021511371782432,25.0,6.890604912644723,49,7.146357965902398,7.068932587803781,24.0,7.826618434030177,25,1720.3179545983012
94,402,33.0,157.0,182.0,67,1.0454088159779988,78.0,1.870269709177983,70,3.005211638786005,2.065779944404017,94.0,2.9234329506369656,37,3172.0003845153333
77,421,37.0,162.0,194.0,76,0.9706704741125336,84.0,1.085173773791695,84,1.7810626190702743,0.9031283762266956,105.0,2.035998721162959,38,4989.391940062184
66,367,7.0,36.0,30.0,25,7.004103761424675,20.0,6.183656555750252,23,6.08822752553768,6.129330941642427,12.0,6.078807463621305,5,743.2258708462606
59,561,1.0,1.0,1.0,2,19.94021379405984,0.0,20.10602727812116,1,21.011155878804225,20.05822693738572,0.0,19.96202700615212,0,127.6959077158402
45,424,24.0,159.0,137.0,85,4.048856916259989,57.0,3.992152226200985,77,5.010655164107063,3.953809186946078,61.0,4.258584093502081,33,2504.9767987680552
88,269,25.0,108.0,125.0,64,4.199779537510324,60.0,2.7673828047628506,71,3.1808006559428343,2.117257560715773,59.0,1.7269065103066774,30,1395.398983944311
14,445,37.0,144.0,181.0,72,1.287891998302813,76.0,1.1630330861933684,63,0.8892212557045394,1.0422225422498674,94.0,1.9767370982136243,42,6539.688874493787
43,499,-0.0,2.0,0.0,1,20.187771767585662,-0.0,20.99124326875049,0,21.261453028230843,19.96580269129509,1.0,21.11995984411631,0,120.77668091762028
91,435,32.0,116.0,151.0,61,2.9559954565464843,61.0,4.132564374017877,87,3.899302046743458,3.9131614309423903,69.0,5.127288642246684,38,4855.257162228707
26,580,4.0,19.0,6.0,8,11.950158440728917,3.0,13.18732560297188,2,14.10928572416294,12.949562725943956,-0.0,13.742101611008737,6,606.0817337025834
77,419,32.0,137.0,165.0,72,1.8655695468975608,70.0,1.0370244742998296,81,1.8256493991824807,0.8976864100380006,88.0,0.8703643692625649,32,2501.109874415706
81,430,35.0,129.0,164.0,70,2.152770428657979,61.0,3.0076284367785107,82,4.007280335853438,3.895895620236166,70.0,4.018485254805845,31,3775.4583506791896
83,405,36.0,166.0,190.0,73,0.0346616868555218,82.0,2.126410315291349,72,2.8883785928078547,2.146653143952982,100.0,1.9567600222931527,32,3984.827325370988
9,239,0.0,1.0,-0.0,2,17.998389620104437,1.0,19.06617059514825,0,19.89108922604805,19.81757451436161,0.0,19.89843028734592,0,95.62763876240852
68,213,4.0,23.0,13.0,16,8.989485606193384,3.0,10.971010718068666,11,10.915615771437388,10.935173020383823,1.0,12.289425716546472,4,442.3500980246249
27,762,3.0,1.0,3.0,0,16.178761301264856,0.0,14.050577319266043,1,13.956580164419767,13.933578310218188,0.0,13.10210100751226,0,31.215777746614737
0,750,3.0,1.0,0.0,0,16.76609237061896,-0.0,15.97325513367156,1,14.887279767320422,15.837346374049243,0.0,14.951478406550724,0,588.4421698456192
18,450,33.0,121.0,168.0,84,1.9527572856460564,70.0,1.9844372148622187,68,0.9119921759367076,1.9534674837724053,85.0,2.125688404739368,33,7401.335897519897
32,663,7.0,49.0,20.0,34,9.15226261988344,7.0,8.837333584609484,16,10.015476621275871,8.962645572330878,8.0,9.77838500112504,11,1042.9025279784296
12,151,15.0,59.0,67.0,51,5.872620885965635,27.0,6.946576553066547,55,7.018422647406546,7.32834950411156,32.0,6.808533840669087,21,3034.2807492165
91,431,34.0,124.0,159.0,70,1.8595244071935104,62.0,2.9325017657167622,88,3.674506246145191,3.885317993220422,71.0,4.088795281957775,34,3178.036129952041
87,407,34.0,157.0,180.0,78,1.1425358298311608,70.0,3.065301157338313,85,3.9041345813452337,2.921638769021791,92.0,4.073139703103041,37,3704.71984103527
59,519,0.0,2.0,0.0,3,14.956377322636245,-0.0,16.063220464723287,0,15.925366965823816,14.984185208873924,2.0,15.657059861333268,0,115.58992784816688
45,291,14.0,88.0,54.0,59,5.818805689225564,29.0,6.053728043659855,33,7.036208520436652,5.798459210605734,40.0,5.838864547640541,24,3047.5865012577096
43,504,0.0,3.0,1.0,2,19.10583992089332,1.0,21.1406832773084,1,20.730600606846604,19.98634539135628,0.0,20.99206794438861,0,92.05904947565786
58,46,0.0,2.0,1.0,1,17.038588384948486,-0.0,18.107833423011503,1,18.15964258617729,16.99928668329466,0.0,17.01207405746892,0,171.89998999467363
21,288,13.0,76.0,52.0,52,7.072467014390696,25.0,6.000835182317049,37,5.983570968687422,6.080276750573184,36.0,6.207560745420008,18,1421.810730446433
23,222,17.0,75.0,65.0,55,5.193351919976905,23.0,6.0584079591711415,54,6.868353767109547,6.953835162429659,29.0,7.006679273414601,31,1322.627913822913
67,727,-0.0,4.0,4.0,5,12.982764681367255,2.0,14.049916168996958,2,13.064483750628805,13.86409777558299,-0.0,14.130504052181893,0,127.21682603192052
15,677,8.0,48.0,26.0,34,8.018221530609761,11.0,8.95395986843221,15,9.9568258846809,9.011486143732302,3.0,10.0202059698974,19,1538.2361437177344
20,304,12.0,58.0,42.0,40,6.859119952157308,21.0,6.8525124792915975,29,6.858812745173568,5.872422292337527,22.0,5.831846752917828,8,1265.9589710819623
26,613,2.0,10.0,1.0,7,15.018334371528766,1.0,15.973439912442208,1,16.91400279831832,15.930129204323286,-0.0,17.046236224071468,0,133.09689162305742
70,101,2.0,6.0,3.0,3,14.060243459256112,0.0,15.025133593770535,1,16.06341895676055,15.91339012582415,1.0,16.070473259640465,0,282.2637120801565
15,204,10.0,70.0,40.0,57,6.6704390571864725,10.0,9.086631043161304,27,8.908147738279101,9.045667008102384,9.0,9.195694968366624,28,1377.475096801225
43,508,0.0,1.0,-0.0,0,17.068384538412914,0.0,18.092863618411787,0,18.88710765001021,17.834837612597475,0.0,17.963519808730318,0,65.73916602553615
25,458,-0.0,2.0,-0.0,1,17.062513495357443,0.0,17.977306814357956,0,18.024542871709347,16.931549777400747,-0.0,17.872939667560278,0,255.9423725898446
63,340,8.0,19.0,11.0,17,10.788633496807256,2.0,9.915131773843768,10,10.024425128732442,9.809246917036344,4.0,10.137231840906145,2,659.4221435399808
32,522,1.0,3.0,0.0,2,13.951523298923304,1.0,14.110547891225044,0,14.899627520982367,13.827820328502842,-0.0,13.909352632439148,0,561.5343091853256
0,62,3.0,1.0,0.0,0,14.843359935925518,0.0,13.945821705909625,0,13.047541041395084,12.798732529416448,-0.0,12.857236618111363,0,562.8657192656369
66,341,10.0,21.0,14.0,10,10.942411373135656,3.0,10.246493514077669,10,10.10776935680757,9.924595681810793,1.0,9.979869762800917,1,369.925085105578
74,494,4.0,18.0,6.0,13,11.973435275378865,-0.0,12.08700733326586,4,13.0505442788641,11.847909651753014,1.0,12.948383557384531,4,66.76626523470802
13,164,22.0,104.0,118.0,66,3.846983934587572,59.0,5.0998219360055685,82,4.920616713485427,4.810426971659638,64.0,4.869522018248742,30,1446.294038290537
63,369,7.0,19.0,16.0,16,8.845810777877277,8.0,7.921786953735191,12,6.996419244454554,6.968171093401341,8.0,6.886668421343148,1,1585.1405505568844
27,360,5.0,17.0,15.0,12,7.83288689542072,11.0,6.997790659230635,11,6.197505746532902,5.942551354243383,6.0,5.8440305621862825,4,124.72210983117384
59,571,-0.0,0.0,0.0,0,17.117456339005336,0.0,18.13948212111958,0,18.94724580777273,18.133782626037554,-0.0,18.05027700230769,0,148.3403120787866
35,404,36.0,164.0,187.0,78,0.1629994953946761,82.0,0.1227572226034404,60,0.7940910221707502,0.9486475778390776,99.0,1.025240037313466,34,3466.723015218812
18,447,35.0,143.0,174.0,83,0.9317835159670494,77.0,0.0,71,0.0,1.2095556286248552,93.0,0.0,32,3486.613232992283
14,449,37.0,148.0,184.0,81,1.0706305203912048,77.0,1.0992198364263592,70,1.92709759699342,2.218028517901365,93.0,2.036516890740742,39,5940.691365317712
78,413,31.0,153.0,153.0,94,3.0571468336039107,65.0,4.050370196096507,106,5.056225237396544,3.888378750956112,88.0,4.88253466556167,48,3159.836437696792
15,182,8.0,37.0,21.0,28,7.960759279213029,4.0,9.095795148876364,17,10.071118206633352,9.934913262083697,3.0,10.209061357236887,11,1559.7401266329634
65,175,6.0,33.0,36.0,23,6.891390305359472,13.0,8.02672191071672,25,8.078916392580027,8.13825292418913,8.0,7.856421860516074,6,781.5582286963983
91,431,32.0,129.0,162.0,66,2.090227113565841,65.0,3.0637119008708704,88,3.957550454521404,3.992087049310048,74.0,4.082851951118086,38,3761.7353261356593
87,402,35.0,164.0,180.0,73,0.1896955751777674,78.0,0.8429571145871836,55,2.015072821651628,1.97165030611892,94.0,1.9541031568960323,34,5585.673713204669
43,631,1.0,1.0,1.0,2,19.040799629055066,1.0,19.717565687191502,1,21.134458823865167,20.06173356130253,0.0,21.054799520217724,0,62.347393150905056
4,433,35.0,140.0,177.0,70,0.8949329651618415,73.0,1.914355718819245,79,2.990513916899824,3.120602504472491,88.0,3.0219528090441723,34,5155.2125025214345
78,438,23.0,125.0,102.0,82,4.094228497345831,43.0,4.684447974205051,76,6.056279029208489,5.025033259164606,51.0,5.992162532381627,39,3931.453300391625
9,251,0.0,2.0,4.0,2,19.20550066965143,-0.0,21.16743964533523,1,22.133790754084544,21.11798952364924,1.0,20.867745045317164,0,94.53121442130508
1,317,29.0,152.0,150.0,85,2.94228334749443,65.0,3.01036612800189,90,3.945555880014141,3.0689078911675054,70.0,3.0314233021703445,45,5370.744660444747
68,193,6.0,30.0,16.0,21,8.981523327282579,4.0,10.052489532166335,12,10.951377294632428,11.029477189844656,1.0,10.997621621235648,9,490.7053530815434
1,316,30.0,147.0,161.0,69,2.9487203356512754,71.0,2.0485452662474013,86,3.116426607331398,1.992856706528552,76.0,1.8865187556092269,40,4581.240936484742
58,15,1.0,2.0,3.0,3,15.193062322328386,0.0,15.109160582464034,3,14.88341582617292,14.96569223684412,3.0,15.04065308922831,0,104.52184840279304
29,310,10.0,56.0,35.0,37,6.928592143818264,13.0,6.9751404130511,22,7.940687634780885,6.947046628455951,24.0,7.136776902554422,9,1053.9594767962149
10,433,34.0,139.0,172.0,72,0.9103160666141824,70.0,1.937680183114484,81,3.057296015470196,2.9897967425650185,85.0,3.0339375455879014,42,1942.0265375154245
29,28,5.0,17.0,9.0,10,10.861227642706934,4.0,10.944784788450844,6,10.977757815655863,11.042229654125476,1.0,11.286121688000328,0,784.1525035997664
78,440,33.0,156.0,174.0,81,2.180168198141168,69.0,3.021568746832469,108,3.7208915270450578,3.905813245002544,90.0,3.951939813764191,42,3584.1345329604974
60,261,1.0,3.0,2.0,1,16.098662101758652,1.0,17.980182218927514,1,19.038920671228222,17.98823561322758,-0.0,18.937235404169783,0,591.8773856136787
38,408,37.0,152.0,182.0,75,0.9786593266198758,78.0,0.966621323423246,62,2.030355009814092,2.123622507108278,94.0,2.001735036796244,38,6023.417073837044
64,23,1.0,3.0,3.0,2,15.914588783282944,1.0,15.177914861848617,3,14.889791376128263,15.007485374090372,1.0,14.861860941494138,0,618.4296365429586
15,670,13.0,85.0,50.0,63,5.753482427150311,18.0,7.03604974582489,35,8.114315896346097,7.02746196677487,15.0,8.149748221638905,38,1931.7312400706703
4,449,37.0,151.0,183.0,82,1.0461631832841052,75.0,2.0011977345579424,73,2.0697369910630496,2.022530168486803,92.0,2.155175764560899,35,6302.012507923784
1,316,28.0,146.0,161.0,59,2.9997169546551814,68.0,1.8551376304612348,84,3.0201804746485736,1.9627182017588336,76.0,2.021048612196826,39,1562.4128337403265
22,280,30.0,98.0,148.0,64,2.9089656738293206,61.0,1.8943876506572976,90,1.048601799417745,1.0154694307576106,79.0,1.0744147768677847,33,2669.6779770453363
66,29,5.0,18.0,14.0,9,12.000791684451183,3.0,11.00909945056534,9,10.885182581441793,9.986961024633477,2.0,9.96089776870666,0,474.32992784618114
9,238,-0.0,0.0,0.0,0,20.076365106968524,0.0,21.180482043138102,0,21.791019164546373,22.00310589893069,0.0,21.678885092736103,0,103.07836409746749
84,427,38.0,179.0,189.0,78,0.7333696175414341,84.0,1.9046972386290089,98,3.0428495790826786,2.183028689911976,100.0,2.971662551652132,44,2594.7069724867206
65,178,3.0,21.0,23.0,14,9.007271195219523,7.0,8.941759067869393,15,9.329087312699714,10.286125616163687,2.0,10.087395506583448,3,143.44568870243393
27,371,4.0,3.0,4.0,2,12.169995989774131,0.0,10.974867607960624,2,9.95309979389294,10.17881400101722,0.0,10.22597729185864,1,44.67167759788372
60,610,3.0,13.0,4.0,6,12.03295504123343,2.0,13.89014734007085,2,15.078432388325275,14.070193062931358,2.0,14.06245894527315,3,957.3321772925228
64,11,5.0,16.0,14.0,9,11.919021603053633,3.0,12.047267081074748,6,12.115782997583445,11.107135283707446,1.0,10.82597954020019,0,547.4229227316946
28,705,4.0,10.0,9.0,5,9.83654110302952,6.0,8.908147177629338,9,8.790895198727064,10.028180282948847,4.0,10.037384125728156,0,492.3866645138688
29,37,4.0,16.0,6.0,11,11.000995317512997,1.0,11.220017642388946,2,11.9644269505459,11.01862656239551,2.0,10.886676958564912,0,580.5494391878619
74,666,7.0,43.0,20.0,27,8.903497208179825,6.0,10.055110052768786,18,11.033638709817776,9.952029856740172,3.0,9.989313204031456,14,505.3588988597167
81,436,29.0,103.0,138.0,59,2.859836181846627,59.0,3.8596048925014896,66,3.969718936781893,4.102977931944081,65.0,3.887619251038926,31,4555.970792612196
28,707,4.0,9.0,8.0,4,10.243865193355886,2.0,9.846321875654889,9,9.084478669243202,10.095199799531809,1.0,10.1075274072177,0,461.0143357673463
92,431,32.0,141.0,176.0,78,1.1066494510473155,72.0,3.150362500463721,88,3.152266167122193,2.90248552047955,88.0,3.0408349917102724,34,4956.722927621007
57,116,1.0,4.0,0.0,1,15.2015715408537,2.0,17.021598217212976,1,18.078986380604075,17.112602685452362,0.0,16.971684447422987,0,133.3821562989637
2,425,29.0,157.0,163.0,86,3.018430367613888,74.0,3.124070672883933,100,3.269559810765713,2.222013725039889,81.0,3.0758343360336413,45,2476.79268542696
62,87,5.0,17.0,10.0,9,9.865288772030617,3.0,12.14390117876502,5,11.697311068170604,12.17061082202069,1.0,12.212154287651824,0,148.97931526563028
63,275,7.0,36.0,30.0,27,7.057501321613584,20.0,5.960365597676862,20,5.058910096396007,4.976993686066042,11.0,4.83652118004373,5,2499.433875842022
15,580,4.0,21.0,9.0,11,11.051886356650416,3.0,13.168853969092366,3,12.93998355584897,12.877502701373304,-0.0,12.98557032699998,6,1588.264506493298
10,430,34.0,132.0,163.0,71,1.9370091383946548,63.0,2.898389180034461,81,4.062782106836238,3.179552704493801,68.0,4.1229396156725855,28,3460.422872957143
77,418,31.0,121.0,156.0,63,2.691075572834853,66.0,1.7443823008005623,82,0.9487318899820384,0.8599238273714983,82.0,0.97927148675479,34,3146.578247442332
63,350,5.0,0.0,4.0,2,12.125191692252452,0.0,11.039926765534323,3,10.87828874556708,10.776354581370724,0.0,10.126195954661682,1,1872.595632576457
66,276,9.0,43.0,40.0,34,6.859887636411319,22.0,6.084885729752979,28,4.906628887813298,5.097857288189728,18.0,5.122313214651776,6,665.1045183426678
31,133,0.0,1.0,0.0,0,14.969112516101896,1.0,16.988578005824824,0,17.019835794708015,16.9505804749781,-0.0,16.942143929674998,0,82.07846720725568
12,150,10.0,47.0,44.0,37,7.002952085808285,19.0,7.034325344366116,30,7.761053807548498,7.695940128890149,15.0,8.082924236574094,10,2038.1195491303977
26,579,4.0,15.0,6.0,13,14.047933044580374,2.0,14.941961673751967,7,15.934227210924112,14.90428353169523,-0.0,14.973572002071815,3,498.290769773078
75,468,2.0,6.0,1.0,4,13.08358275875424,1.0,14.19098676778776,1,14.88345580858206,14.199027534397787,0.0,13.776962953975453,0,161.7869012806283
54,447,34.0,146.0,177.0,81,0.9525554930036828,75.0,0.037566269296888,67,0.0,0.0286478772691404,95.0,0.0,34,3335.5886291736256
32,662,7.0,38.0,20.0,24,9.960452106522585,6.0,9.959428091372642,17,10.882074535013922,10.016709780765432,0.0,11.058970981705246,12,669.1904978748214
70,78,2.0,4.0,3.0,2,12.894096929403815,-0.0,14.88013149773044,2,15.02980408622896,14.77026868137429,0.0,14.776606088469432,0,213.54476510946245
43,500,0.0,0.0,0.0,0,19.1969131807468,-0.0,19.817377824351688,0,21.033302354830983,20.081442847617943,0.0,21.04537252994088,0,34.338832553142424
30,367,7.0,30.0,26.0,22,7.935332330967968,14.0,6.850130489805916,19,6.227128369001857,6.048662773842092,8.0,6.115350674705609,4,884.3519152103637
60,127,2.0,5.0,0.0,3,13.9684795982688,-0.0,14.972062630190104,1,15.86207577440913,16.000848658294142,-0.0,16.090040450665576,2,652.9662592864788
32,535,2.0,9.0,3.0,5,11.822651177299417,0.0,13.03066403013014,1,13.96616796880492,13.057403748677066,-0.0,12.9266788557829,0,163.0029068037406
53,447,35.0,139.0,170.0,81,2.006844567419899,76.0,0.0,74,0.0,0.0855951918152977,94.0,0.0,29,6235.31866938425
23,226,9.0,47.0,31.0,30,6.046205882441828,13.0,7.927910812101839,23,8.940911547626701,8.048513294208297,9.0,8.901244902933025,18,1216.9718794527494
9,259,1.0,2.0,1.0,1,17.002475488137204,0.0,18.055731544445987,1,19.16185285418777,17.934122997712144,0.0,18.93929225338585,0,35.46154043091003
7,420,36.0,152.0,181.0,77,0.9415723373233358,79.0,0.0999854011993031,62,1.141480416129958,0.0755605226331584,97.0,0.0,28,4431.609316362512
58,556,-0.0,3.0,0.0,0,19.01416293128838,-0.0,19.90439526524365,0,20.248380620991007,19.12278416219097,1.0,20.03547906052695,0,106.7483421432552
5,449,37.0,149.0,186.0,77,1.0692206106713835,78.0,1.1933453504150615,68,1.8926849714425389,2.060457151646577,93.0,2.006385647363879,39,2507.691384376068
28,740,0.0,7.0,2.0,3,12.01315356700112,2.0,11.124711558491017,0,11.086088349291936,12.005457704962042,0.0,11.235998745286926,0,199.4942553007114
18,447,35.0,145.0,175.0,78,1.1707346564382453,77.0,0.0565572903993535,60,0.0,0.0,95.0,0.0,32,6127.065050303218
34,543,6.0,25.0,16.0,22,10.089696744758148,2.0,9.871276628394584,13,9.922540828673238,9.057911714377422,4.0,10.07398354008006,1,749.0635975876957
74,537,3.0,12.0,2.0,9,11.740685963714345,0.0,11.799964046063923,2,12.931577457579086,12.061192919412544,-0.0,13.049473175090323,1,349.2443183612427
80,134,1.0,0.0,1.0,3,13.89314841421305,0.0,15.83098726859195,1,17.038628265827306,16.14173414833267,1.0,17.215402040124307,0,194.328659342035
91,433,36.0,148.0,183.0,77,1.0072326372179965,71.0,2.121568132751548,69,1.7333932924406086,2.003294437981897,92.0,2.7714766217770666,35,4947.730741294236
90,402,35.0,165.0,181.0,73,0.0496566066155224,80.0,2.085929677129997,66,2.9289660245017703,1.9176351128162057,96.0,1.899089479175045,32,3744.78203154936
24,645,10.0,57.0,38.0,31,7.811259361874659,9.0,9.13612983319873,21,9.847856369499738,9.051124098641344,6.0,9.019248035810964,19,2798.616860793284
81,379,28.0,92.0,134.0,49,3.0307116839072834,56.0,3.1186348299348707,56,2.9656449461267105,4.022681117404153,60.0,4.157455929729744,27,3136.177775387496
43,501,-0.0,0.0,1.0,0,19.92411342245186,-0.0,20.88862691306437,0,22.05593497826756,20.890646624798013,1.0,21.09067108767425,0,39.70781012671529
14,449,37.0,149.0,185.0,78,0.9901477787854288,72.0,1.9902054949426229,70,1.9484822180890928,1.9371430831340868,91.0,1.8531890519107133,35,6445.736329271349
78,439,33.0,144.0,173.0,71,1.8593431018955875,70.0,3.0369300218583506,104,3.980858166936825,3.8024053078908775,88.0,4.013199776284867,42,3448.8493113158474
65,711,5.0,28.0,23.0,27,7.9197178895936435,8.0,8.248850867820506,22,8.116682926546,9.044303229317665,4.0,8.982179367388868,5,409.4004678480748
73,5,1.0,3.0,2.0,2,17.988651271586967,0.0,16.91450626067933,2,17.108490210120625,16.970940576930467,1.0,16.978134371189213,0,167.03678578893246
62,87,5.0,15.0,8.0,11,10.000640562964342,3.0,10.897718549076338,6,11.896488285234913,12.00331460024132,1.0,11.940003384959123,0,243.13867811698927
25,487,2.0,11.0,2.0,9,13.79315642574195,1.0,15.06601013915005,2,15.92410186204034,14.98672338761108,2.0,14.98962709051694,2,763.6376999708776
76,91,5.0,18.0,14.0,15,9.954572017796036,3.0,11.147164129122844,11,12.048668734547736,11.03065262837304,1.0,11.892920994186737,2,158.4919259784704
33,255,0.0,2.0,0.0,2,17.981901224244016,0.0,19.01571846377716,0,20.11812895203845,19.104418249799203,0.0,20.09880112658552,0,222.9699940289548
76,146,1.0,7.0,2.0,5,13.01657620451468,-0.0,14.010753011727228,3,14.983405302222376,14.951232826824311,-0.0,14.989199132536829,0,148.85370761011393
25,486,1.0,1.0,0.0,2,16.092490338464273,2.0,17.154788216714028,1,18.212764693893703,16.929963290102673,0.0,16.845120743643058,0,741.0420925752704
43,471,1.0,5.0,0.0,3,15.98171784444657,1.0,17.12628014174648,0,17.78103239307506,16.86236654745466,0.0,17.07526744215713,0,81.84814143632806
78,439,33.0,137.0,160.0,72,1.9074695725598023,66.0,4.108528846495965,98,3.973570000239393,4.10505447632383,81.0,3.8189244742839112,41,3839.3094117072446
53,447,35.0,153.0,174.0,84,1.1914179050291678,75.0,0.0,67,0.0315868351488668,0.0,94.0,0.0,31,6815.380779223575
9,249,2.0,4.0,0.0,2,18.93198179836365,0.0,19.874704387252983,1,20.924174961547383,20.071877502826688,0.0,21.195655825858328,0,131.5777072167399
65,175,9.0,39.0,45.0,30,7.004909545845741,16.0,6.901255385706125,34,6.918850008234505,7.907934084490077,13.0,7.683193164121509,7,724.4926992037
9,262,0.0,1.0,1.0,2,18.07713800992944,1.0,19.00008592118284,0,20.06389872015129,18.871275958065738,0.0,20.03341739033392,0,114.2891004213406
18,447,36.0,142.0,173.0,90,2.0761353211558133,74.0,0.9233910942163416,68,0.0119796423974674,1.3087336932653149,92.0,0.8349348265974049,36,2793.9366207229946
30,276,8.0,41.0,38.0,34,7.055013196586449,21.0,5.976372155414404,28,4.990900210757617,4.951623111303131,18.0,4.950514691959405,6,1467.510732091294
79,31,7.0,28.0,25.0,15,8.989380634129244,5.0,8.899036749941526,16,8.887080405916373,9.155626439041852,4.0,8.965269030551145,1,772.6906271628185
73,2,1.0,3.0,1.0,2,17.92483225509837,0.0,17.804653096129062,1,17.81605593047451,16.909315209057578,0.0,16.934582332627816,0,63.49556801718424
90,402,36.0,166.0,184.0,68,0.1667387599635524,81.0,0.9982396815307728,66,2.0509086175074125,1.9046554192318208,96.0,1.9934182488431933,31,4900.52006827006
74,533,2.0,9.0,-0.0,4,12.026487778573005,-0.0,12.87003400231776,2,13.72280792298579,12.99479471313076,0.0,12.729218060860315,0,156.4741052654081
0,744,4.0,0.0,0.0,0,18.01457298728773,0.0,15.80565969163066,1,16.145122609896685,15.934957734794477,1.0,15.948399805213118,0,549.765485030582
66,342,7.0,16.0,10.0,15,11.993370528687608,2.0,10.93309717500762,8,10.069962463668867,10.119483950449627,1.0,10.11672160490675,2,158.35097449416332
9,240,0.0,2.0,0.0,0,20.990216889039072,0.0,22.078199980167334,0,23.06522172980936,21.84666762445996,-0.0,22.99896135206749,0,111.78062899093352
82,496,4.0,24.0,6.0,15,11.88111727821852,4.0,13.022795346340104,3,13.028979135294083,12.189654613425631,0.0,13.04640295183498,6,318.25765508228403
4,433,33.0,150.0,179.0,74,0.9773793006686556,75.0,1.97924384023502,74,2.8641886379876427,1.8846638983160755,90.0,2.908028313558375,37,5746.771020427429
75,487,3.0,6.0,4.0,8,13.958531131711307,0.0,14.815814109257582,3,16.26701723749484,15.064466196990423,-0.0,16.03578854187022,1,199.27623717626017
81,448,34.0,131.0,175.0,69,1.9166894668724976,77.0,2.0297430380831374,71,2.185148104369459,1.997145364759416,87.0,2.102838844415713,38,3707.697868531377
18,450,33.0,117.0,159.0,72,2.122190233571016,69.0,1.9965351720534896,62,1.989862973700143,1.9856448704202136,75.0,1.9808142924695704,33,4718.135224000528
67,234,2.0,14.0,8.0,4,10.888684159834,4.0,11.985624879943062,1,12.016188184200482,12.088726934202995,0.0,12.059097429409617,0,238.9653820725593
28,697,0.0,4.0,0.0,3,12.03083404230667,3.0,12.994928115790804,1,11.97040449757022,12.969807302144432,0.0,12.950247339976723,0,99.82391055412396
48,164,26.0,101.0,124.0,60,3.075383007904545,57.0,4.143653948814418,78,5.1181514308671865,5.074996951607725,64.0,5.173991851092585,31,2425.7186271049686
32,540,3.0,13.0,8.0,11,11.29497518606055,0.0,10.978398012153136,6,11.970457494630088,10.885649794658756,2.0,11.234739757650942,1,216.3904791231942
1,317,27.0,139.0,140.0,76,2.990864412650201,66.0,2.984704731967224,84,4.210673121256939,2.974143390577159,67.0,3.214211488156081,40,3241.2910893943795
22,268,25.0,102.0,119.0,73,4.132097225708994,56.0,2.9674536307874484,74,3.1308882642830627,3.0667705483658887,55.0,2.0432765727278754,29,2087.493847581864
21,306,12.0,58.0,37.0,36,6.890415752558542,16.0,6.988061977920419,27,7.2421173437986415,6.054783022015477,17.0,6.08834379421294,5,1602.0451193594454
69,110,1.0,5.0,1.0,7,13.041911805575433,0.0,13.979999060420583,2,15.115970791110168,14.91776259337857,-0.0,14.867382813353004,1,95.51574260279004
21,328,12.0,65.0,54.0,46,5.86612902810448,30.0,6.054942990597405,38,6.156332173011098,4.885537261791687,31.0,4.81313341954305,13,1609.3155877837362
0,63,2.0,0.0,3.0,0,15.974948722938848,-0.0,15.175357284407696,0,13.983825937786056,13.797872648137574,1.0,14.009874613855176,0,281.65199589632647
28,735,2.0,7.0,5.0,3,10.078855477921564,3.0,10.121708728040138,2,8.924190280620042,10.073497414401311,1.0,9.868684600817856,0,286.0409120538409
10,432,33.0,117.0,157.0,61,2.0700726174798527,63.0,3.111609463565776,65,3.0619367368686103,2.9459710499431835,69.0,2.853292627377384,27,4019.0224738527168
32,517,2.0,9.0,5.0,8,10.993396360364288,0.0,11.817170190748678,3,12.03163783257708,11.766367382291667,0.0,12.0928630096482,1,151.92790667315725
32,544,6.0,25.0,18.0,24,8.878788087849685,6.0,9.820402206022743,15,10.178245194633504,8.901989920307193,5.0,9.919097648728544,4,674.9126852054693
28,690,1.0,-0.0,0.0,3,14.98628997412507,2.0,13.89348879439203,0,14.148856193367372,14.975972959185665,-0.0,15.107188708275796,0,82.68593899965634
41,420,34.0,152.0,178.0,78,1.1535318936231913,77.0,0.1514752721215579,54,0.0,0.0,97.0,0.080323794240949,32,4655.912655439398
71,315,24.0,119.0,121.0,66,4.130119487380585,55.0,3.181484683954501,77,4.056291553325736,3.050821108312169,58.0,2.9370974195040023,27,1445.551214222677
74,652,6.0,28.0,15.0,16,9.953725147250932,3.0,12.112509130150102,8,11.985277046718991,11.90800900221026,0.0,11.84799453688881,7,394.6523747182218
91,435,31.0,116.0,144.0,60,2.947124458908864,61.0,3.889540089660209,88,5.137726100976591,3.861277175935585,67.0,5.2238707005987015,36,5350.054175302261
15,194,17.0,101.0,73.0,64,4.990636673495159,32.0,5.9883482171010325,53,7.124631599718826,5.8773914818470425,31.0,7.0754913771417405,36,1814.760301093929
93,388,4.0,17.0,13.0,9,7.974112730729933,6.0,7.994472441268425,10,8.022561233123136,8.024279605216492,4.0,7.883341020421641,3,225.2113511315199
76,212,5.0,20.0,12.0,15,9.1522037880681,3.0,9.95237451456243,11,11.244459492899985,11.148127334916566,2.0,11.12538211912368,1,232.15028239323283
73,8,5.0,8.0,8.0,5,12.99934418919918,1.0,12.773307924750986,3,13.02772152837425,12.92963881224072,-0.0,13.075954996914158,0,111.70735364294804
73,22,0.0,3.0,1.0,3,16.057292342215028,0.0,15.880331399600788,2,15.972596329635154,15.05204930805226,0.0,14.988785187523646,0,182.2832427133261
23,85,5.0,24.0,11.0,20,9.051713926856849,4.0,10.105628297630323,7,10.930301442807975,10.89606729604522,1.0,11.027210143599,1,368.83340251818
70,76,1.0,5.0,1.0,1,14.084109683310176,0.0,15.1448740710616,2,16.137875277535635,15.100994929763605,-0.0,15.858822391035572,0,218.5599075671117
81,434,28.0,93.0,123.0,54,2.9856612846846464,55.0,4.255757006694378,59,4.02171872808122,4.089934038038945,61.0,4.867991350158634,27,4978.690603466072
70,230,1.0,3.0,2.0,3,16.154142543182534,0.0,17.847193861724385,2,18.04370225008507,17.79777875113377,0.0,17.868726191898634,0,113.24517351386469
35,421,39.0,160.0,192.0,77,1.041354902316698,81.0,0.0727916605009898,76,0.9836747921861132,0.0,102.0,1.021399240797647,34,2637.209735781075
29,545,4.0,34.0,22.0,31,9.234480753103297,3.0,8.961209265615768,21,10.160390438809518,9.077948225432024,4.0,8.957395418422044,2,1367.5153295031998
24,666,6.0,38.0,19.0,23,9.925872473235785,7.0,10.098047470047822,16,10.90552697979428,9.793326039220217,2.0,10.904498122418364,12,1534.2764055289233
55,422,35.0,136.0,172.0,74,1.9684148047247667,73.0,0.8090757876069239,83,0.9053234632347638,0.0,92.0,0.020056227525586,28,8477.06411634105
75,488,1.0,4.0,1.0,4,14.901376808021013,1.0,15.95413280245725,0,16.929035236937302,15.980899496846147,0.0,16.918941122920586,0,86.43188585743967
45,423,34.0,170.0,169.0,85,2.0738503981343803,76.0,3.0075107147914344,94,3.072307772286143,3.240525055276299,90.0,2.963043433286098,45,2979.374451783746
84,429,37.0,173.0,196.0,76,1.0090803968738022,85.0,2.010807021972697,91,2.9916962599714174,1.868573830657088,103.0,2.045801267707064,40,5322.165952486765
20,302,9.0,29.0,22.0,16,8.956361064882728,7.0,8.008303951328305,16,7.892096823432301,8.050006528105188,9.0,6.806657007066168,2,722.1690178097369
19,161,25.0,76.0,108.0,44,4.076140082501916,46.0,4.138764261200998,54,5.019978512106914,5.176234485914989,53.0,4.946204112551192,23,1273.650684064881
77,285,34.0,114.0,163.0,80,3.0394247675031623,70.0,0.9804438642121268,82,0.0,0.7457573691285919,88.0,1.134139860135762,40,1968.5579337461868
0,744,3.0,0.0,1.0,0,16.904508748036896,0.0,15.01286270128138,1,15.015408670784478,15.037977356857809,0.0,14.93294283060353,0,564.6637067376489
71,313,25.0,134.0,142.0,71,3.214970471825021,61.0,2.921543548885195,80,2.817120960984178,1.8763580905629884,66.0,2.9440660925233355,29,2914.5430849046365
68,211,7.0,32.0,25.0,16,6.945480260938704,7.0,7.967796045981133,15,9.288520701872317,8.889527096578608,3.0,9.015291742594806,14,645.8528173634903
44,613,2.0,8.0,1.0,7,15.053935570556188,1.0,16.04473660358219,2,17.00280487696908,16.182955248867117,0.0,17.240972765969595,0,167.20116237266097
15,604,3.0,15.0,6.0,9,13.180915935201224,4.0,13.918944186057091,4,15.13496212433265,14.131954970838624,-0.0,15.01890660201274,3,396.7448270908472
18,444,33.0,124.0,170.0,83,1.892533035832137,71.0,0.9592816702932488,69,1.0400628731123878,2.040802398818788,82.0,2.047054012600185,35,5362.829954319789
4,445,37.0,150.0,182.0,76,0.8207281183779443,77.0,1.1125002309437428,63,2.2329129599483264,1.1720039353533094,93.0,2.0650321491839394,39,5680.850865306739
60,259,1.0,1.0,0.0,3,16.797688933394205,0.0,18.013375792270367,1,19.0753120051236,17.99538759424398,0.0,19.03984452940817,0,913.811111469238
12,149,10.0,56.0,40.0,52,6.092004131016022,18.0,7.031523906347985,31,7.88084682152651,7.846514806465006,17.0,8.04801269938677,16,3174.234803350216
25,637,1.0,4.0,1.0,2,16.09806724934013,1.0,17.02732647600019,0,17.85139520270809,16.98553035328516,-0.0,18.10231202545278,0,853.5742669367439
87,407,34.0,152.0,174.0,77,1.9995312295611885,70.0,3.1102195385373634,105,3.8927250661799206,3.032409073143248,91.0,4.091988152736308,41,4111.428742681614
15,620,7.0,30.0,21.0,18,9.901436186540158,3.0,11.052644653460929,15,11.860013486389285,11.137803605004782,1.0,11.883631562203668,9,1126.8275133631294
9,239,-0.0,3.0,0.0,2,18.014171427392174,1.0,18.99395195657488,0,19.96278878017678,18.98872559785,0.0,19.95732450157429,0,99.30363024250848
42,404,35.0,163.0,186.0,68,0.0,82.0,0.8296244291370011,60,1.8899820388437407,0.9834188001072686,99.0,0.9986898410356831,34,3982.1794893946753
15,201,10.0,70.0,38.0,62,7.06142405425142,9.0,7.971651895858294,34,8.903452501693478,7.621330808870226,8.0,8.935348396258915,28,1811.102058646684
86,411,36.0,177.0,183.0,89,2.333905664169841,80.0,3.097643476062141,120,4.024211143863489,2.8047877795057627,99.0,4.080576472210385,49,881.612241924255
68,192,3.0,16.0,7.0,12,10.969441929988704,0.0,12.09041698856341,3,13.194932734102885,11.999156392136063,0.0,13.08258202312478,3,203.0564257258958
59,576,-0.0,3.0,1.0,4,15.011472780313284,0.0,14.85346865928764,1,16.206281341044452,14.900215501379307,-0.0,15.760611165346852,0,195.13227733540555
14,449,36.0,143.0,183.0,84,0.9982467258609165,75.0,1.0131109184606453,72,2.028475946002869,2.1030841934382023,92.0,2.112740909914115,37,6279.074754619111
28,715,4.0,24.0,17.0,21,8.861797060155734,8.0,8.983419253264131,16,9.10479909163642,10.118945964953776,5.0,10.068516642954526,3,381.0377339614277
26,580,4.0,20.0,9.0,11,11.855313487083553,2.0,13.160009478007744,5,14.21500755429468,13.070142497517889,1.0,14.149423473254172,5,1132.7598041533015
45,424,26.0,168.0,152.0,93,2.908042389533071,67.0,4.054010859952789,94,4.154567926624019,2.9836657980083383,73.0,3.977347274646248,41,2332.6673171774705
26,603,4.0,15.0,5.0,13,14.122446208329189,3.0,15.191769483175776,6,16.11668040894046,14.950238215603784,-0.0,15.927077189526614,1,68.01463688395526
2,317,25.0,143.0,141.0,81,3.179888866686384,61.0,3.0168043498084267,84,4.162376164986469,3.077291086323335,60.0,3.0117230853707646,44,3993.160265128178
23,224,21.0,101.0,97.0,60,4.096363602238487,38.0,4.798308101307326,73,6.077806384804475,6.065379442558617,55.0,5.9331901769670825,41,1713.343184744659
4,433,35.0,146.0,181.0,71,0.8028536484861006,74.0,2.03257971526335,70,3.1248964437601696,2.069667735668672,91.0,2.885887736907278,36,4513.527992551457
57,123,4.0,18.0,7.0,11,11.082000580909178,-0.0,11.997163533647504,3,13.203768351154498,12.846240765180791,0.0,13.18181985304736,1,210.3153387625668
17,214,5.0,26.0,13.0,18,8.008437398992122,4.0,9.052924096599346,8,9.962744472507577,9.98894974976055,3.0,9.78995093348563,4,395.1677937330171
43,498,0.0,-0.0,-0.0,0,20.08653692499108,-0.0,21.30664809303417,0,21.91124709453737,20.97153032653092,-0.0,21.020759408547303,0,34.101029621474
84,429,37.0,173.0,187.0,78,2.0460635944081456,82.0,2.0415621283072563,101,3.0448152973956275,2.143344981975181,100.0,2.041048806471058,40,3818.425362183008
43,510,0.0,0.0,0.0,1,17.95968529041994,0.0,18.855263342859505,0,19.86009455120888,19.01434292578789,0.0,19.02152778307572,0,93.14846707243382
3,432,33.0,129.0,165.0,75,1.97159213521109,67.0,2.79659817027495,75,3.0621652261840806,3.174098428222796,76.0,3.085251520406851,34,3551.1677504171184
64,26,2.0,4.0,5.0,2,15.952111922737648,0.0,14.918221781920744,3,15.043765724417936,15.031490976842806,0.0,15.120124398197165,0,701.1384063677525
33,118,0.0,0.0,1.0,2,17.018650363303532,1.0,17.995886749388596,0,18.938374680677555,19.14036587324155,1.0,19.0233420284306,0,136.00291013594602
28,697,-0.0,4.0,1.0,3,11.95314684580116,4.0,12.146686003172544,1,11.967377837250654,13.151277316454848,-0.0,12.955330840684848,0,173.15026342940018
45,323,18.0,119.0,85.0,68,5.098415528054548,33.0,4.87676038143299,58,5.9915604703497705,4.873345521329557,46.0,6.042197265366701,32,3290.2828170936014
0,352,5.0,1.0,3.0,0,13.047719046016065,1.0,11.713543016763271,1,12.004897278647558,12.04318096409751,0.0,12.046964226938275,0,881.8703239053608
0,746,1.0,0.0,0.0,0,17.91774993283871,1.0,17.216528929821628,0,15.930404541084176,15.827508660571098,0.0,15.738694462213536,0,499.73496178385057
73,0,1.0,1.0,0.0,0,18.9614557656211,-0.0,17.939915788352028,1,17.811043413567244,18.14763971063324,1.0,18.09947840569768,0,42.95222257633437
80,76,1.0,2.0,4.0,0,14.084577193729393,0.0,15.044279120924465,1,15.99981586520415,15.84374829357825,0.0,15.757947236331352,0,227.17306323604808
43,471,1.0,4.0,0.0,3,16.058448828953242,-0.0,16.941625245876473,0,16.836045569233313,15.92876887625646,-0.0,17.04529139209907,0,78.88206110143535
67,725,1.0,10.0,8.0,10,11.90109985900569,5.0,12.069602597898786,6,12.135725133450808,12.991539014446971,1.0,12.888658703532505,0,163.51427076667778
27,359,6.0,4.0,10.0,3,10.029745942776302,7.0,8.801672012444568,3,9.071326662165337,9.004065262444678,2.0,7.916346638785993,1,120.37051277928909
17,214,5.0,22.0,13.0,20,8.018443999754771,5.0,9.897848027997968,10,10.056778864683446,10.08055832007445,0.0,11.034469756945564,3,274.01921810284153
76,89,3.0,15.0,4.0,9,10.846331942618733,2.0,12.054096976035666,3,12.731635856262685,12.029897804165122,1.0,12.81751530318143,1,156.86422200974846
32,515,2.0,8.0,7.0,8,11.992535632894006,0.0,12.104750939210996,5,11.999693497369863,11.13930289551161,1.0,11.945215352494731,0,197.707268131474
24,681,14.0,95.0,60.0,53,6.219417639766319,23.0,6.841369471873022,39,7.988916141266211,6.98381044799844,31.0,7.116687795335972,28,2716.3747201949445
25,479,3.0,12.0,1.0,11,12.987654221090606,3.0,14.029101638728877,3,14.79701511572201,14.008435718523527,0.0,14.885435016108026,2,480.72418791089456
75,487,4.0,8.0,4.0,8,14.00722224886916,2.0,14.984640354777667,3,15.846004482969589,14.961767536410402,0.0,16.00079212672062,1,176.41594540675558
15,182,7.0,39.0,19.0,25,8.11383116156371,5.0,9.081019264392207,11,9.885564423905812,8.871456045945633,4.0,10.277792554366616,12,1643.405603796304
66,276,8.0,44.0,34.0,35,7.00151751160564,20.0,6.053184949981996,27,4.907333192289679,4.9608002636676805,17.0,4.971119468465949,5,728.6072789484832
43,472,-0.0,0.0,0.0,0,16.96533342064324,0.0,17.966373319821006,0,18.868873511822905,17.99850259188792,0.0,17.920933495979565,0,67.98263623862346
45,298,8.0,59.0,34.0,44,8.153903322688139,11.0,8.169202273984833,27,9.087161623963077,8.05403198180789,12.0,8.125013746598254,16,2327.025421062654
28,698,2.0,13.0,11.0,11,11.21032508545323,4.0,12.189073949812624,8,11.084747644079773,12.110865692761582,2.0,12.048419706842388,0,216.2721917990706
29,31,8.0,26.0,17.0,12,10.160269456894325,4.0,8.950310430471179,7,9.078879287436646,8.961717526093036,4.0,9.163913217637145,1,750.240625163647
26,614,3.0,10.0,3.0,8,13.88025474310121,1.0,16.148432723029995,3,16.899161420728504,16.052243169021807,1.0,15.933616173024337,1,319.5880062994001
43,498,-0.0,2.0,0.0,0,19.863528240898106,1.0,20.792377825531943,0,21.87518481698657,21.000065386186307,1.0,21.00968875541537,0,118.80361184217732
43,473,1.0,6.0,-0.0,3,16.004506111378113,-0.0,16.93378852492913,0,17.138214706873562,15.953138724295028,1.0,17.004961744747053,0,85.37181409910553
83,403,38.0,178.0,192.0,81,1.1429473551600444,83.0,1.9683860339949792,90,2.9170171223289483,1.7379171236857878,100.0,3.130484629263043,35,3662.305413381618
2,429,37.0,172.0,188.0,80,1.996549856293325,83.0,1.910187851079105,101,2.75712676183974,2.163556389165961,100.0,2.351348342227107,42,3029.8450520114066
62,83,5.0,18.0,13.0,12,10.26179307741231,3.0,10.966885310724102,11,11.8298895699057,10.8590372035193,-0.0,12.104288869064336,1,182.4820828678708
59,555,-0.0,1.0,2.0,0,19.07240873788018,-0.0,18.89978009392912,0,18.950664679649485,18.152051544428875,1.0,19.01894891150448,0,263.48273378023333
33,141,-0.0,3.0,0.0,2,15.951611397341736,0.0,17.33891807455299,0,17.957492309359623,16.92851538678997,1.0,17.98699214211437,0,323.52476521104626
32,539,4.0,27.0,11.0,24,9.68426505857003,1.0,9.994722334858668,10,9.873436210027146,10.1447401173354,3.0,9.779896890700464,1,380.0003000366648
60,128,1.0,4.0,2.0,2,15.097689565372066,-0.0,16.01670069242095,0,16.86941044578754,15.99828882863748,-0.0,16.770962722436217,0,505.420130340685
59,548,0.0,2.0,1.0,2,18.89762928919797,-0.0,20.0974195285695,1,20.028706626416326,18.96753099762057,0.0,19.85941745126728,0,114.37761758534285
45,683,19.0,128.0,92.0,66,4.932671636268365,34.0,4.954923541533916,58,6.183485549935623,4.953889583910708,51.0,6.138211897200035,36,3347.908061480331
4,445,36.0,160.0,182.0,75,0.0658976748339776,78.0,1.0711841464104268,52,1.084777604419473,0.8434385067290212,95.0,1.003279552773931,37,6164.899474790729
8,407,36.0,163.0,177.0,85,2.1442367784160994,75.0,3.102161623069097,106,3.589583871333283,3.0980257408454723,93.0,3.936600979108841,42,3798.040500758676
17,210,6.0,32.0,21.0,20,6.804302825441478,8.0,8.07274982511954,15,8.830860474691622,8.857083602701671,5.0,9.13761639084245,12,538.1315173932178
29,541,5.0,26.0,14.0,18,9.951120391149464,3.0,10.153560809181858,11,9.9780689182135,9.145010725535885,1.0,10.046609161880792,1,1110.215550185165
0,757,1.0,-0.0,0.0,0,18.066755987772048,-0.0,17.080775783653024,0,16.93319753083628,16.946102215615223,-0.0,15.997758595868296,0,157.3564998148847
60,129,2.0,9.0,4.0,4,13.000256972679876,0.0,13.869060554680514,1,15.153322585969985,14.927738405199522,0.0,14.98475710231166,3,985.1892679033476
24,644,10.0,69.0,41.0,38,7.129486820249518,10.0,7.949023265339253,22,9.148792340494406,7.890508135060434,9.0,8.148295971999106,25,1937.0137270478367
75,469,1.0,5.0,0.0,2,13.93919088775402,0.0,15.032417377102862,0,15.131165474390825,13.943340529925065,0.0,14.85733665691988,0,62.1411355109909
3,449,37.0,149.0,182.0,72,0.9895062013081434,75.0,0.8958135551228315,69,1.9970963217136108,2.04652606493917,92.0,2.06057866519601,37,3295.6341586710605
58,555,-0.0,0.0,1.0,0,18.91968791074822,0.0,19.209708012335824,0,19.13862426617088,17.997217641848724,0.0,18.92108747550754,0,118.99226584358208
32,544,4.0,22.0,13.0,21,9.91357884482311,1.0,10.167748245731422,11,10.91533538998769,9.920507825023742,3.0,10.03255911376562,2,965.5131727812872
27,356,6.0,7.0,8.0,4,10.044496309359689,5.0,8.042524107034225,6,8.109756504013827,7.965882592595163,3.0,8.120274853930676,2,28.80289311347263
74,661,7.0,44.0,20.0,28,9.086883072307815,3.0,9.755747240539774,18,10.942364725566,10.09282387015721,3.0,9.786114508089463,11,471.5387090152805
11,437,26.0,119.0,126.0,65,2.8696935311702547,58.0,4.990778267418111,94,4.996962986591607,5.098982540367588,68.0,5.227940795307682,39,705.8354825526429
14,445,36.0,154.0,181.0,76,0.0267780934944038,76.0,0.0,54,0.8559234911638841,1.136573257754248,95.0,0.8048346678105813,40,4033.579544566254
62,82,4.0,18.0,7.0,12,10.116094694132151,3.0,10.81327174763404,2,12.218405019131191,11.815294259172235,-0.0,12.24351691931058,0,291.432100783979
87,406,32.0,154.0,178.0,64,0.987485295897376,77.0,1.5873670710884145,70,3.125567385552245,2.170483198931019,92.0,2.7793552428303183,36,5132.864301501097
50,405,37.0,165.0,191.0,67,0.0,84.0,1.0708925529155224,74,1.9798479536462528,1.2638431694743535,103.0,2.241905668729101,38,2529.203953184749
74,662,6.0,35.0,21.0,23,9.99688168332924,6.0,11.053673106030825,17,11.059114342642465,10.977053296038887,2.0,10.997158546007208,13,557.2302965506012
77,419,34.0,150.0,179.0,69,2.1257869414629056,74.0,1.0281215322495056,90,1.9356777582654563,1.1800568477714957,96.0,0.936001103841394,36,2734.553173704817
28,689,-0.0,3.0,3.0,2,14.965080214307896,4.0,14.879997156173886,0,13.951474430457392,15.022597325834347,0.0,14.906685700952972,0,130.35073171603085
9,245,2.0,6.0,3.0,4,16.151179758129782,2.0,16.779391583814288,2,17.977858115657472,17.11831742887576,-0.0,18.082070516285004,0,119.77372513023306
32,493,5.0,23.0,11.0,19,10.922181824981996,4.0,10.914831808386214,9,11.83297546500526,10.88474632834322,1.0,11.874587376940974,8,626.178201762234
78,407,36.0,171.0,182.0,88,1.1298595090816956,78.0,2.8727864803181404,100,4.016863055013038,2.785441180998807,94.0,3.177602624273075,40,3849.4263643265786
22,265,18.0,60.0,77.0,48,5.040842829367137,31.0,4.079140625665661,62,2.951549988463392,3.89478932436202,27.0,2.994713033252692,11,2292.1239072526323
43,497,-0.0,1.0,0.0,0,19.754718804764767,0.0,21.143504979006668,0,22.01202645670119,21.239713059457376,1.0,22.01440165310655,0,87.94868334715774
86,409,32.0,165.0,160.0,104,2.913027636095787,67.0,4.136679016348194,108,5.196595204159284,3.87924201861587,90.0,4.999936301864699,50,2242.1562339515176
1,425,35.0,168.0,180.0,77,1.942676092439508,80.0,2.002172850959165,98,3.034771353413969,1.892983282083844,102.0,1.973933299020205,41,2994.278023385464
28,694,2.0,12.0,11.0,10,10.84376993553918,5.0,11.120194819485484,9,11.247982074933663,10.891027867218009,-0.0,11.065057599559756,0,270.1015788590918
32,516,2.0,8.0,-0.0,10,10.959245207036588,1.0,10.917540000872693,2,12.219170316794395,10.98803135345683,1.0,11.170228496060368,1,547.5485471574231
82,455,3.0,12.0,3.0,12,12.944581017675024,1.0,14.04316182413659,3,15.02565624244764,13.789193660053948,0.0,15.035910672978869,2,308.52579403181835
81,378,26.0,76.0,123.0,51,4.025009050588015,47.0,3.8774344237565743,76,4.202553326671117,4.014002184645212,55.0,4.034471620148313,23,3121.824181407578
37,382,23.0,62.0,100.0,35,4.064582489857194,41.0,4.934300014188783,55,4.783186466858691,5.011311063893711,52.0,4.9588285458557975,20,1508.126360118375
69,124,2.0,7.0,1.0,8,12.8387364661074,0.0,14.068597077065196,2,14.977610530496507,14.108447254270398,0.0,14.969309610545046,2,162.66736222005818
92,433,33.0,147.0,179.0,69,1.1119533389869576,74.0,2.0320469449440144,77,3.0900098311878965,2.1110518285703503,92.0,2.876553000236437,36,4876.424746666421
20,303,7.0,26.0,16.0,13,9.796123318302511,3.0,8.91422315606444,9,8.984728665275124,8.094515769067335,4.0,7.98089724541985,2,667.1537243541283
4,433,34.0,130.0,179.0,71,2.103336029543402,69.0,2.061839895874747,82,2.937530132305996,2.9447887433407685,82.0,3.137570863234378,38,5702.167397513622
23,186,6.0,35.0,17.0,18,7.007776520525815,8.0,9.01550847211253,12,9.004229004246325,9.036956942146476,4.0,9.138430081892665,14,1811.3359696796333
32,521,1.0,3.0,1.0,2,12.805842978819484,0.0,12.963396266540034,0,14.166547859475113,13.16923240723672,-0.0,12.945983018540597,0,270.2917114441451
57,110,1.0,3.0,0.0,3,14.329613787256578,0.0,14.80111349989718,1,15.842868760320924,15.091757998030223,0.0,16.12687502073536,0,66.48952499823812
59,467,1.0,2.0,-0.0,2,14.034620477646314,0.0,14.957269141701556,0,14.895044491976511,13.947689957985812,0.0,14.927672240874916,0,65.74359179630093
87,406,33.0,153.0,178.0,69,1.0564211039648888,75.0,1.891471916751263,76,3.0402068776943647,2.9305550379818985,93.0,2.7258277229435173,36,4149.804341881518
43,507,-0.0,1.0,0.0,1,19.04613770488829,-0.0,19.96671088359819,0,20.874282469875293,19.894942854167617,0.0,20.11484093978845,0,64.53389016966766
69,215,4.0,21.0,11.0,12,10.05524864839352,2.0,11.204560402972229,6,12.11625089044222,11.1307737296324,1.0,12.095999755835708,6,193.3451467620431
28,714,4.0,20.0,15.0,19,9.110689581483776,8.0,9.885805720244145,16,8.778577955232036,9.874466055016004,4.0,10.115240301134875,3,455.9691511011594
15,596,3.0,22.0,7.0,8,12.11036965243607,3.0,12.864380031099872,2,14.037077689264777,13.08555595881306,0.0,13.877291794026991,4,1428.1022142257814
77,416,37.0,149.0,187.0,70,1.1232532537612483,81.0,0.0,75,1.127752556793262,0.0,101.0,0.0,32,3973.7082151603377
89,408,35.0,154.0,183.0,74,0.0335775876921725,77.0,2.06667134981722,58,1.988885112567975,1.7618529924589872,92.0,1.9748437383127868,38,5789.402396678052
31,133,1.0,2.0,0.0,0,15.90728841357781,1.0,17.110772576227994,0,17.91638935097424,17.150949045450897,0.0,17.9391998777242,0,91.76764826433536
31,140,0.0,0.0,3.0,0,15.984464797967476,1.0,17.00729979968664,0,17.886217156366797,17.99621157120625,-0.0,18.10470128025639,0,92.86525721136958
44,610,3.0,10.0,4.0,7,12.87417491339767,0.0,13.950664069616522,3,15.249868600983758,14.0335520167175,0.0,15.158222498494476,3,155.27920741425444
32,542,3.0,19.0,8.0,14,11.097387320271205,-0.0,11.12281035754899,4,10.73246396251956,10.159364138071153,1.0,10.97704297631929,0,480.1617713436369
25,487,2.0,8.0,4.0,9,13.973282638151796,2.0,15.036117505156977,2,16.002401508727292,15.036498660430295,1.0,14.874492253791924,2,453.24424407599264
17,88,6.0,22.0,18.0,18,8.901147369539387,5.0,11.006187557070083,11,10.967508703456035,11.002158953987642,-0.0,10.877276711430092,1,509.58538828531033
14,449,37.0,145.0,183.0,83,0.9277963425557704,72.0,1.871810600920988,72,2.006842725496292,1.8527729440585032,91.0,2.2858344365797,35,7134.353914783744
66,29,8.0,19.0,11.0,7,10.974688362311284,3.0,9.743169225629426,8,9.735083431504531,10.030941884966694,5.0,10.0080398063171,1,667.0328486855425
69,216,4.0,16.0,5.0,13,10.033320175443862,3.0,12.073703822283957,4,12.9421338848674,11.97688211574232,1.0,12.115621461382917,3,169.95341175875856
67,724,1.0,8.0,7.0,9,12.054909976634873,5.0,12.899128748413078,6,12.101935665969105,13.136948733827047,0.0,12.946284568557358,0,59.02172498914966
58,50,-0.0,-0.0,3.0,1,14.826353208003454,-0.0,14.960702152535648,2,15.972513292236751,15.12827366816615,-0.0,15.06933626802033,0,140.29050201523566
80,76,1.0,3.0,1.0,0,13.906539194031916,0.0,14.821726235335497,1,16.0730835212274,16.080242397154063,0.0,15.902947499578945,0,179.28782755989437
72,114,1.0,2.0,0.0,3,14.08862101128823,0.0,14.945449233771823,1,16.170820123602432,14.834711650290082,1.0,16.087704509015463,0,420.4127012910007
80,147,1.0,4.0,1.0,3,13.195820716731424,-0.0,15.033315610850162,2,14.970377109639651,15.104242637029316,0.0,14.879193120671598,0,162.5672334250228
28,728,-0.0,6.0,3.0,4,12.945820180327363,4.0,13.016729410012852,1,12.941691419281312,13.171848648639369,0.0,13.153277152141705,0,163.4756741182213
25,458,0.0,2.0,0.0,1,16.91644265329884,1.0,18.134200475610733,0,19.08541459351996,18.18027420475688,1.0,18.20330685214082,0,544.7609470046084
92,406,34.0,158.0,182.0,72,1.117713216062007,78.0,1.9481307015173688,69,2.723790979396948,1.9681502171306835,92.0,2.8774387645257606,37,4762.395172771013
33,257,0.0,2.0,0.0,2,18.10372568622325,0.0,19.07109330444924,0,19.60687064458141,19.00884585667962,0.0,20.1016830361422,0,98.66806656935545
60,616,3.0,12.0,1.0,6,13.974944067418663,0.0,14.968199790537287,3,16.165890950666487,14.787558971004078,0.0,15.94915743195786,1,1024.3654908830963
45,323,16.0,113.0,81.0,57,4.884510898023605,29.0,5.8714040678147965,52,6.063376165685523,5.099237985649217,47.0,5.92712202322019,31,2825.006297163146
60,132,1.0,5.0,2.0,1,15.045538923780445,1.0,16.939293219374758,0,16.98964173773835,16.84720030915496,-0.0,16.970088333453827,0,720.3125417455636
0,757,1.0,1.0,3.0,0,18.03763029078888,0.0,16.986339505423203,0,17.103154348863228,16.838603265389388,0.0,15.978283069880776,0,124.28844125444672
28,698,1.0,6.0,7.0,6,12.004598366853696,5.0,12.071978233982096,6,12.12646701250216,12.051091626398334,0.0,12.12294148286395,0,98.94137808771244
14,449,36.0,145.0,183.0,81,0.9876609401127554,77.0,0.969955301170476,72,1.9142687778916487,1.9995127209443169,92.0,1.9088508448799888,35,3989.3719980573455
66,30,5.0,19.0,12.0,9,12.160561943127242,3.0,11.097589295728689,6,12.035645564290816,10.99186105346437,0.0,10.907534017021788,0,186.98760644203577
29,311,5.0,37.0,26.0,23,8.800825843166752,6.0,8.769705709439732,19,8.938878241378275,7.897735525965634,9.0,7.954944814879531,3,1170.5113542941322
32,540,3.0,20.0,7.0,18,10.091650186133403,0.0,11.129192174952356,7,11.07101122359684,10.024821339585104,1.0,9.826860882002936,1,659.2128258808611
9,235,0.0,0.0,0.0,0,20.232474662629382,0.0,20.949483904804524,0,22.054438920211528,21.11953746126454,0.0,22.06758003403812,0,49.43250326586592
21,328,12.0,58.0,48.0,39,6.828103118820531,20.0,6.004741164307523,32,6.084332230426537,5.852444092989976,23.0,6.001481796502142,7,1262.4714218545887
91,435,29.0,111.0,134.0,63,3.1827905378183767,62.0,3.900002570624873,84,4.845183954779013,4.815737787224449,67.0,5.064779996925886,38,4011.997871233129
24,668,16.0,102.0,69.0,66,4.920427527862763,30.0,6.138893668495328,40,7.072886579397534,6.036270103277598,28.0,6.85942252525851,37,2476.423293617582
32,536,5.0,24.0,9.0,18,11.0308290082726,4.0,11.046064145224156,8,11.998275002696644,10.89321391410182,2.0,10.89886484894248,7,633.860808837598
64,28,5.0,19.0,14.0,9,10.998994389236032,2.0,10.986823550522828,6,10.83931260688238,9.663009426376435,2.0,9.874901522622697,0,1142.6797571154027
82,496,4.0,24.0,5.0,14,11.928183517700086,3.0,12.944477580641488,3,12.859836763117016,11.97734377937162,1.0,12.878354377205207,6,278.12695136308446
25,637,1.0,2.0,2.0,1,15.90642466552887,1.0,16.97270178130281,0,18.035266395249945,16.94174078758752,1.0,17.744695763006863,0,623.7302959485158
59,554,0.0,1.0,0.0,0,20.00139836933305,0.0,20.023584081850927,0,20.907020162169,20.01016101196089,-0.0,19.958704925867742,0,175.85229155099464
67,722,1.0,9.0,7.0,8,12.975007323543696,3.0,13.039983882280442,5,12.911893807424889,12.92740462113176,0.0,13.112273776216362,0,135.78446106965663
24,653,10.0,58.0,33.0,31,7.90201485290476,9.0,9.065225451807748,18,10.19062666137297,8.814525871829495,4.0,9.9465947576787,15,2234.4797714889564
27,337,6.0,8.0,12.0,7,9.753564266034688,7.0,9.00653118392581,9,8.23091884694953,8.01683332793773,2.0,7.893490072097318,2,113.85039075543172
59,506,-0.0,2.0,0.0,0,17.98888554943142,0.0,19.00132686133851,0,18.938547828330616,19.04209844063589,0.0,18.966651035098803,0,133.6040644782997
75,476,-0.0,-0.0,-0.0,0,16.141933112261558,-0.0,16.981508406236852,0,18.098935158590905,17.104953508245377,0.0,17.907833183322772,0,75.379222316312
41,420,36.0,154.0,185.0,77,1.1192705596080206,78.0,0.2762095739357252,59,1.1510832938687932,0.0181838265331392,98.0,0.968739975220709,30,3848.570942109433
0,62,3.0,1.0,3.0,0,15.019307956961818,-0.0,13.735611042297196,1,14.114807937261638,14.16184422481418,0.0,13.03338597808501,0,89.71746209930309
90,402,34.0,167.0,177.0,69,1.140956574288124,78.0,1.8919571273584728,69,3.131043937243723,1.9092389643767207,95.0,3.095928628143042,38,4539.512797486527
67,717,0.0,3.0,-0.0,2,14.214120444059912,4.0,14.0400213635393,0,14.04994479333383,14.115727695832256,0.0,14.099843366933792,0,84.42317580737202
0,745,1.0,2.0,0.0,0,18.06801769960917,0.0,17.01901973910872,0,15.985318233144287,16.891555014899776,1.0,16.228046354679957,0,195.8139273268447
6,404,35.0,160.0,185.0,67,0.0902005189775081,81.0,1.0720258141570649,57,2.07884266411612,0.9527389072260954,100.0,0.8615009786522763,34,3986.550744424151
24,647,8.0,46.0,22.0,31,8.921262705426866,6.0,10.00438626769056,11,11.156387315947477,9.984301209607176,6.0,10.970440863137808,13,1233.9387933445776
33,261,2.0,3.0,0.0,1,15.952723957685109,0.0,18.06738189772919,1,19.028738840475665,18.11921141199157,0.0,18.92341709112099,0,156.3868506528652
61,733,2.0,6.0,4.0,3,9.862743003654876,3.0,9.19954045048252,4,8.713642643373047,10.065965849028345,2.0,8.748518159329736,0,393.35783467885614
27,766,3.0,0.0,2.0,0,15.043985987143811,-0.0,14.005493201461586,1,13.03711194797926,13.184411038838515,1.0,13.04348488384871,0,142.74653386793483
26,578,4.0,19.0,8.0,11,12.148157734250397,3.0,13.078475099060563,4,13.970825745158768,12.954129075008128,-0.0,13.934004079875454,4,1057.562079697715
60,261,2.0,4.0,1.0,1,16.84241223502487,1.0,18.08532965205538,1,18.972218327638647,17.96349234652628,1.0,18.96455747336043,0,513.5259983513712
67,743,-0.0,0.0,2.0,0,15.943090461799182,3.0,16.199318032528897,0,16.20236424541247,15.832653258457258,0.0,15.968673241559566,0,154.5588770405614
87,431,32.0,129.0,165.0,68,1.9868346831505883,68.0,2.870769835724173,83,3.984709530308264,3.1820315797592182,78.0,3.813230286132218,38,5211.49098321501
79,300,10.0,35.0,23.0,20,8.935839647192964,9.0,7.992188573570257,20,8.16719472892092,8.043290126125468,7.0,6.884759142190968,2,619.6200524946112
92,431,33.0,125.0,160.0,65,1.802240651761627,65.0,3.028200998892556,86,4.124319468423397,4.002300594015369,70.0,4.175562422683734,34,4866.906365460514
24,674,8.0,48.0,22.0,34,8.966362172456058,9.0,10.115100551819904,15,11.167331744473536,9.931662715670052,6.0,9.990621079356195,19,2542.1981233634533
16,378,27.0,83.0,134.0,55,3.0241208157179176,52.0,3.139639823018218,72,3.2066599769407813,4.17576713341605,58.0,3.882208436644954,20,2516.464841840592
24,641,10.0,60.0,39.0,32,7.043365935851304,10.0,8.119567956828776,24,9.009743852572358,8.041854043867254,9.0,9.080643047807,18,1872.66357661557
73,2,0.0,1.0,1.0,2,17.892034152103562,1.0,16.981206432652467,1,16.96780916005004,16.777656398591493,0.0,16.876735144687395,0,286.0500329805683
29,294,7.0,48.0,29.0,32,8.16875451900458,10.0,8.797056769096622,24,9.11745431492288,8.195006536830306,10.0,9.270220144931772,14,1360.3970574875946
35,404,35.0,162.0,185.0,67,0.0,81.0,0.9255252294155396,62,2.028541860753293,0.927869532726253,100.0,1.2813743977889316,35,3649.903074438153
63,266,7.0,29.0,28.0,22,7.143395109418426,17.0,4.783720122975288,20,4.855621148257912,4.897043979353227,11.0,3.8751888404651873,5,2686.816154464137
15,671,13.0,93.0,46.0,66,5.920046197584042,15.0,7.108774978132679,29,8.202018805096928,7.052372499536001,15.0,8.15181538344183,33,1815.5299167769024
12,152,4.0,30.0,19.0,20,7.956461855286963,8.0,8.964315564664222,8,8.872281196161438,8.997708470365204,4.0,9.112314307552664,4,2125.323849653795
52,447,34.0,150.0,175.0,80,1.0578933641191357,75.0,0.0,61,0.1451528782691698,0.0660208848771934,96.0,0.1219033426560039,35,7978.858787185887
43,508,-0.0,0.0,-0.0,0,18.022348600905048,0.0,18.057723380100526,0,19.03935382588664,18.09519729095005,1.0,18.99131881897757,0,55.78581543845841
42,420,36.0,150.0,186.0,75,0.9208795644132736,77.0,0.0,72,1.1810519310298446,0.0060277872837772,98.0,0.0125127511060053,33,3858.009272271598
25,600,4.0,16.0,5.0,10,13.293359739688672,2.0,14.030479547202146,4,14.881496861671302,13.934563564018116,1.0,13.951353519264671,2,1084.122961193803
74,647,7.0,42.0,20.0,27,9.98226416391568,7.0,10.905198421480057,13,11.96944889140554,10.996844116458206,3.0,10.817297869187312,13,306.5627244598902
47,405,37.0,163.0,192.0,63,0.0282324907125409,85.0,1.2545317011199306,75,1.891717652860585,0.9102759150706698,103.0,1.932702368159544,32,3460.673817128617
37,395,9.0,34.0,49.0,21,5.887585884440044,15.0,5.942891171321836,35,5.820540242505484,7.0247563747915045,22.0,7.020486670655934,10,1938.2877164595693
75,451,2.0,7.0,3.0,7,14.122817194528253,1.0,15.149196478004498,2,16.034962188065478,14.91198034563451,-0.0,14.919659699531728,0,168.74138319935565
60,259,1.0,3.0,0.0,3,16.881546095869318,0.0,18.179959231710555,1,18.815898150614984,17.930833471121044,0.0,18.76766839432638,0,1052.9852912069107
80,136,1.0,3.0,1.0,3,15.039748947440224,1.0,16.86685402908034,1,17.98353026246582,17.069787911366635,0.0,17.88734317600455,0,192.3623285750843
86,424,24.0,160.0,124.0,88,3.912859822472533,55.0,4.2973064258556,70,4.892701762168278,4.031023786140134,61.0,5.19275736265655,33,2717.9877301540537
21,292,18.0,93.0,67.0,58,5.981574902129669,31.0,5.051525440392532,43,4.915824875699682,5.01388089657281,39.0,4.896247309916695,20,1612.568612453919
62,73,3.0,8.0,4.0,3,12.999806186049346,-0.0,14.126731673731182,1,14.829674673282575,14.005321553731386,0.0,14.995005943155595,0,186.1193525694136
43,512,0.0,1.0,0.0,0,16.770674918742404,0.0,18.001334194871333,0,18.98539967421573,17.96775474725312,0.0,17.907086811435082,0,120.2638458908021
15,670,13.0,82.0,48.0,64,6.013323251957205,19.0,7.034980444447005,35,7.87715672332516,6.968808365744478,13.0,8.025571349644572,39,2097.510874246225
78,437,27.0,131.0,130.0,77,2.9836500005023603,59.0,3.875692162020382,92,5.175242857309224,5.074807339449954,69.0,4.839769131441384,41,2719.85932781543
62,95,5.0,14.0,8.0,10,11.025680400131424,2.0,11.99288902986421,5,12.992527863978085,12.130865490607096,2.0,13.091179823911402,0,198.6586017543342
76,94,2.0,5.0,2.0,3,11.91451797580925,1.0,13.971942304702376,2,14.033703148624598,13.84114369310184,2.0,14.109040848164426,0,205.0528506124999
86,668,17.0,105.0,65.0,69,4.984876911307764,25.0,6.15441088675126,41,7.1385172190789605,5.933726877881004,25.0,6.917363338501076,33,2280.7706900816206
15,670,15.0,98.0,59.0,68,5.125985247329849,21.0,6.7005542540470975,37,8.037459249102811,7.031962896748682,22.0,6.906709173119324,32,2696.615078733032
28,742,0.0,4.0,0.0,5,12.980589398318918,4.0,12.094520940906676,1,12.013761728625338,13.121610424720243,-0.0,13.210055481314996,0,137.99840848456515
23,210,5.0,30.0,20.0,14,6.930697378603171,7.0,7.945346675477718,14,9.047592239365294,8.976645610507601,4.0,9.046682983906976,13,933.1819915833948
17,173,4.0,22.0,15.0,15,9.94682742350653,4.0,10.976482320673714,9,11.921827786223131,11.823689909553234,1.0,11.886865322832437,0,85.0501887591527
25,490,4.0,11.0,5.0,10,13.002599283097748,3.0,15.08956336672038,5,15.107831363037397,14.908447794314162,1.0,15.065881397966546,2,782.6799062655871
59,572,0.0,1.0,-0.0,0,19.01229777441113,0.0,19.098538478947106,0,19.82807257743026,19.12928446719994,-0.0,19.975734556187827,0,160.87610026424568
32,518,2.0,14.0,1.0,12,11.055135115053822,-0.0,11.077263058726713,3,11.06577500194632,11.204834434466884,-0.0,11.140966896446493,1,469.40479698109567
27,375,4.0,5.0,3.0,3,10.996286806234934,3.0,8.960287175043938,1,8.870684093825776,8.943933940129067,1.0,9.197322975742868,2,135.1544071563996
44,608,4.0,19.0,9.0,12,10.68536442773314,3.0,12.01893054557666,3,13.021191751278309,13.101472639752416,0.0,13.106278576421335,9,314.8720541021144
25,478,4.0,19.0,6.0,12,12.0893578395126,4.0,13.020521074448428,5,13.87430700827538,12.92707254103563,-0.0,14.124289151516347,3,1445.5486887056088
77,419,30.0,137.0,169.0,68,2.003072873297527,70.0,2.041668069237906,81,1.984794734996976,0.9786947067906951,88.0,1.0866861787824071,33,2858.714614231638
62,95,4.0,14.0,9.0,9,10.973162437734253,2.0,11.893834684357548,5,12.687036617806848,11.825011885071488,2.0,13.144821598274126,0,148.1864417337938
1,317,27.0,152.0,148.0,83,2.975533472809688,64.0,3.0010364873628497,88,4.0769701878210265,3.028643929246569,68.0,3.1065130234683296,46,3390.3595545979942
15,677,9.0,53.0,29.0,42,7.837494923820468,11.0,8.950885442100645,17,9.92656460158384,8.975836924377598,4.0,9.82667250597718,18,1601.7882788875463
8,403,37.0,177.0,183.0,92,2.019470034869668,80.0,3.137467407428658,109,3.952156068478168,3.0931292217282893,98.0,4.21721664294914,43,2638.110751707002
94,445,36.0,160.0,185.0,84,0.1973030597845117,77.0,0.0,56,1.107012211977005,0.942231523401854,98.0,0.7578657137631508,38,2303.714258056519
17,173,4.0,21.0,16.0,13,10.052528991664488,4.0,10.94798967441598,10,11.860689157869428,11.919226871822016,0.0,11.947681380768357,0,112.81407384199642
67,691,1.0,1.0,2.0,1,15.835718696942926,3.0,15.90192669332958,0,15.92003133015183,16.746059681276684,-0.0,15.78710304681208,0,55.870833306819286
21,328,13.0,69.0,54.0,49,7.042027082250531,27.0,5.913835633104009,39,6.064011252345312,4.951187274163584,32.0,5.244095453473991,14,1819.6211799984665
17,103,3.0,8.0,9.0,3,12.171046240825046,1.0,12.850935962310084,5,13.946868787887734,13.111477281039203,-0.0,14.137538551737975,0,335.57858012435463
82,455,2.0,12.0,4.0,9,13.908367229966846,1.0,15.025992339269251,2,15.860602125329642,14.88758852445974,1.0,14.919719887936816,0,150.90975527117473
21,292,16.0,91.0,74.0,56,6.049515927409693,27.0,4.929694373422895,51,6.163476768198593,5.077192377037635,41.0,5.083082681037717,23,1166.648097785922
20,304,10.0,50.0,33.0,31,7.884309721937739,14.0,7.153119012245441,24,6.95924077979757,7.020760402283209,15.0,6.9955772178304425,3,1688.0107458239263
32,529,7.0,27.0,16.0,24,8.994268072586559,7.0,9.150416459319738,16,9.94187198431744,9.077372882081354,6.0,9.023066559195597,4,687.774609225424
15,203,11.0,74.0,40.0,62,6.932434806800532,10.0,7.807257545312853,34,9.057847666581676,8.018609916702419,8.0,9.180989942114463,31,1542.783024633118
26,618,4.0,23.0,7.0,12,11.062946333992931,3.0,12.148003647907244,3,13.068819976334332,11.94640386904195,0.0,12.798360093080197,7,835.7436174484017
74,661,7.0,42.0,22.0,28,9.188575956380772,5.0,9.960403815125131,18,11.090189792890952,10.188705523966874,4.0,9.808130805618818,11,474.71622124240673
81,378,26.0,74.0,127.0,49,3.991631151536621,49.0,4.250354665102772,72,2.87601364802518,4.030762826230116,57.0,4.107641338994944,21,5302.328667092627
63,275,8.0,42.0,39.0,32,7.128461741666018,20.0,5.004811728412875,28,4.8437684491750135,4.971886556929407,14.0,4.68580572954221,4,1923.9007099216733
15,183,8.0,59.0,27.0,32,5.866737205058174,14.0,7.160984974283887,15,7.806012094425382,8.017794101215214,10.0,8.010097561696218,21,1767.5420609729133
77,416,36.0,146.0,186.0,75,2.000894227286683,75.0,0.9068249187179658,88,1.0682709436508977,0.0,97.0,0.1205101409675581,35,5170.554462390773
28,695,2.0,6.0,2.0,4,11.124424125230714,3.0,10.798767669126237,4,10.843315823087844,11.146469900809644,0.0,11.11259998811666,0,335.65411069217555
32,532,3.0,16.0,5.0,11,12.071463560955625,0.0,11.845881350369558,3,12.981841537794926,11.98649860371386,0.0,12.088083985958194,1,629.8410269194994
47,404,35.0,163.0,184.0,63,0.0,81.0,0.893946804342473,56,1.9589924350852548,0.950667571569786,99.0,2.0263200109290525,31,2918.937022780769
45,314,22.0,137.0,125.0,77,3.9937757530765214,51.0,4.180907583227672,88,4.076581931232444,3.898604799210696,58.0,3.954670936701591,34,3306.856505459587
60,261,1.0,2.0,2.0,3,17.061293114250663,1.0,17.89026719148522,1,19.103058348972063,19.090715309772367,-0.0,18.990594696787184,0,626.7270005098139
26,614,3.0,12.0,2.0,7,13.991965158516964,1.0,16.035852685532923,3,16.02879925821401,15.935363003048463,1.0,16.215905968537367,2,677.6502650556395
76,69,3.0,7.0,5.0,2,12.068230371406814,1.0,13.037566720019669,0,14.007823972719974,13.956381465878293,0.0,14.109550681545889,0,205.21346995327144
28,740,0.0,5.0,3.0,4,13.0154796325637,2.0,11.871052813095275,1,11.072128562482138,11.98975928160667,0.0,12.001737799958184,0,52.5213588333885
46,422,33.0,133.0,171.0,72,2.0189836836713915,72.0,0.961280931807712,83,0.1892319799956636,0.0,91.0,0.2292177906407248,32,5469.363884423356
59,575,-0.0,1.0,0.0,1,16.030000760219398,0.0,17.13699312710383,0,16.935863907191248,15.823725677019873,0.0,16.98851554132058,0,255.4907064650373
80,135,1.0,0.0,5.0,2,15.042832446116044,0.0,15.937089689205036,1,17.09641261239724,16.08115081076726,0.0,17.25781874576884,0,91.11218225607124
63,340,8.0,20.0,11.0,15,9.95011889927568,4.0,8.804393120537613,8,8.908214367340053,8.851314333307494,2.0,8.892060787479435,2,1894.5462249131187
57,111,1.0,6.0,1.0,4,13.987094375870178,-0.0,15.096645718372116,2,16.006944652661588,16.092478017107524,0.0,16.14096841902973,1,93.17063989777316
68,217,4.0,24.0,12.0,18,9.153483809344031,5.0,10.044622580412009,10,11.009116834510552,10.200532212570767,-0.0,11.025792667187844,6,588.3640427241083
73,4,1.0,2.0,2.0,2,17.02989828071127,-0.0,16.945659376316275,1,17.025341036445464,16.150965342056548,1.0,16.110741930000973,0,24.88636667464837
1,417,35.0,157.0,177.0,72,2.034670773473673,78.0,1.885357348386593,92,1.7582375451961645,1.0640295719969473,100.0,2.244097206477408,40,3977.063537051706
2,317,27.0,135.0,143.0,75,2.8699823183718784,66.0,2.8449984606897725,85,4.165508776302033,2.843213864412207,68.0,3.0622412442329034,38,4630.855039813328
78,409,28.0,162.0,128.0,104,3.0282344423087846,52.0,4.022902217642873,89,4.85232225532128,5.046051843753641,73.0,4.963068245441455,48,3799.4370741767225
45,314,22.0,139.0,125.0,79,3.983600397081263,52.0,3.978115712265467,88,3.713148034920043,4.20406588813425,57.0,3.9661370134491394,36,3397.8185749100594
21,305,10.0,45.0,32.0,27,7.864548643155835,13.0,7.076996104430527,22,6.917774646000548,6.820840510865878,14.0,6.834574543708968,3,1415.062591940547
72,114,1.0,2.0,1.0,3,14.12522375917642,-0.0,14.986494365858483,1,15.921711843969032,16.086179501665306,0.0,15.90016364179563,0,512.6510214868645
28,739,-0.0,5.0,2.0,1,12.060511870185053,2.0,11.2170660518376,0,11.20608762985816,12.002703051141436,-0.0,11.00114899301406,0,280.51479408961046
45,317,26.0,150.0,147.0,80,2.881921166850552,64.0,2.942488362610855,87,3.859955302011224,3.079958911461524,67.0,3.065890984846144,46,2411.708992217606
79,31,8.0,26.0,13.0,11,10.0742682511466,3.0,9.010522791487984,6,9.020956174962,8.822963489636745,6.0,9.091848147138275,1,390.4411918354434
4,448,33.0,132.0,176.0,68,1.8584972688655,75.0,2.120563168655546,70,2.060781027906525,1.9726612088790507,86.0,2.148702502329867,37,5861.019377877632
0,350,5.0,2.0,4.0,2,12.313087187613249,1.0,11.22907438062491,3,11.181897199104784,10.788195111418757,0.0,11.01950809721792,0,513.3982316703483
93,377,19.0,38.0,75.0,23,4.884721926254624,31.0,4.877594935693604,52,4.914596211441035,4.782851621267707,39.0,4.842164078881848,20,1389.278023913139
55,422,35.0,146.0,180.0,70,0.9490343420973584,78.0,0.2261834702527795,69,0.0202213136415363,0.0,97.0,0.0397920397377029,33,6315.850268278135
55,422,35.0,138.0,169.0,81,1.9238209210645905,77.0,0.0,77,0.0,0.1232696307569175,93.0,0.0239013892984437,34,5864.404070100103
93,389,5.0,23.0,31.0,13,7.049015567929207,10.0,6.9958462208818135,16,6.016510730525351,6.920266941295185,6.0,7.019418266720104,7,1018.415998814392
25,490,1.0,8.0,3.0,9,13.93291437763952,3.0,15.200201614905913,2,16.07401311710925,15.014365373033945,0.0,14.95374817518758,2,1317.7071874952371
76,83,5.0,15.0,12.0,9,9.71593651175341,2.0,11.99002804437258,7,12.136476068775798,12.069392667732636,1.0,11.790707029878812,0,248.8801376948992
15,678,8.0,41.0,22.0,28,9.064681351929677,6.0,10.092408111819532,17,10.979061977604518,10.128370076055196,3.0,11.122403820020008,16,992.092022151794
78,669,17.0,122.0,79.0,82,4.878695162077205,35.0,6.02899053964352,46,6.9500071042967,5.982086022352272,44.0,6.011335093558287,39,3309.8109812665125
57,608,4.0,19.0,7.0,10,11.90694795610178,3.0,13.169774285904452,4,13.989449003043498,13.988436684194143,1.0,13.948356968384797,4,402.9154851883862
34,530,8.0,48.0,27.0,39,8.18979150063625,10.0,9.018466321267006,23,9.89951998282268,9.247056514415313,8.0,8.946862702406012,12,1690.2160089515528
55,422,35.0,147.0,168.0,85,2.090319132763297,76.0,0.0823049617003649,70,0.1232006905795888,0.0,93.0,0.0,28,5726.8920360785305
75,454,1.0,2.0,2.0,5,15.1671471655495,-0.0,15.002770781225829,0,16.214838075093294,14.969605841973644,-0.0,16.03540482896512,0,160.83472245462124
45,658,15.0,95.0,72.0,54,6.288626163655287,22.0,6.072816074999095,49,6.958388024178697,5.928020909054357,34.0,6.905271587784952,28,3361.7486239794657
84,429,38.0,163.0,192.0,76,0.830359448654824,85.0,0.95143437991522,94,2.0658760717890265,1.107328390693037,103.0,2.152204603125363,38,3372.752956578077
33,263,1.0,2.0,2.0,1,15.99755005052521,0.0,16.967722643468637,1,17.999825226602617,16.982192813313045,-0.0,18.037837120326408,0,376.1694714539348
15,199,10.0,74.0,40.0,48,5.961640777410437,22.0,7.042874569503133,27,8.019156853550175,7.051434374693548,20.0,8.077560413366811,26,1532.923550748597
23,225,10.0,56.0,43.0,41,6.025226588233578,19.0,7.023042291734899,36,7.875728843185888,7.89756198732566,15.0,7.926047669210587,21,1262.2509349279958
44,583,4.0,15.0,7.0,8,13.084469702493635,3.0,13.989532655061932,6,14.98790775189822,14.09862797220546,1.0,14.945990463562543,3,248.04876026757287
75,454,1.0,6.0,-0.0,5,14.083253589516277,0.0,14.97235757805688,0,15.8442440761236,15.11952010166138,0.0,14.93594783393257,0,128.12642689032188
9,262,1.0,2.0,0.0,3,17.22772811764785,0.0,18.97600973099128,1,19.788101667260605,19.003830760430382,-0.0,18.91585153908218,0,75.48060743866407
4,448,33.0,125.0,162.0,65,1.9901747292549128,72.0,2.2254719114497465,60,2.0218769476378355,2.0542020699514967,81.0,1.8936634717226424,30,4059.636989391873
69,191,6.0,24.0,11.0,19,9.8774439735038,0.0,11.168558248575495,9,12.06366945950475,10.902424771214584,-0.0,11.9067919783944,7,271.9621333622026
44,614,2.0,13.0,5.0,6,13.884004179100591,3.0,14.950761424771189,3,16.164991523489263,15.052601713842956,0.0,16.1208592968757,2,267.45810014872404
66,27,6.0,22.0,12.0,9,10.0497273692318,3.0,9.996967455544924,5,10.247842394440845,9.065582960897494,5.0,8.77752057483142,1,203.2729378402782
74,465,1.0,1.0,0.0,0,14.185229216051084,-0.0,14.955881886107033,0,14.99427621719419,14.01447920194292,2.0,15.076410663771542,0,155.39816187549118
76,91,5.0,14.0,9.0,11,10.08932898906928,4.0,12.003122767369849,7,12.13050684172489,12.204623922561566,1.0,11.833188189392953,1,332.3596542253836
55,422,35.0,148.0,172.0,86,0.7472209276931758,77.0,0.1250322436343696,68,0.0,0.0,94.0,0.1843015690055869,27,8304.168243318813
84,423,36.0,168.0,171.0,87,1.851487401444856,75.0,3.0107047876879776,104,4.13769854152508,2.80596357877417,93.0,3.006306339212359,43,4005.734477526941
95,422,33.0,125.0,170.0,69,2.031258327602395,73.0,0.9283302900726078,84,0.0,0.0417144594261671,92.0,0.0,33,4285.405559874746
0,763,3.0,1.0,1.0,0,14.981525505634703,1.0,13.961054815291725,1,12.940637144486436,13.686566819088432,1.0,12.947930994281483,0,423.5174763712708
82,484,6.0,28.0,15.0,18,10.957232067714171,3.0,12.009153550767184,10,12.755787495624851,12.232176928708023,0.0,12.002337004531457,6,464.53949483386737
21,326,15.0,90.0,64.0,68,5.865557222603443,29.0,4.8359916515730905,44,5.0664117260159065,5.019343458774353,37.0,5.087989871187539,18,1263.55029584883
24,651,7.0,48.0,23.0,31,9.173741979512323,7.0,9.91054528564018,11,11.014508406876727,9.85832881237531,6.0,10.038319727815228,16,1416.6800031170203
63,350,5.0,3.0,4.0,2,12.989443293371563,1.0,10.9194072728034,3,11.03114987136356,11.000738747443108,0.0,11.103012482430898,0,890.4688984481654
28,730,1.0,6.0,-0.0,5,13.92720102901577,4.0,12.98629318534299,1,13.0064068035768,13.753027495524554,0.0,13.03160766188781,0,407.9575479500541
53,447,35.0,142.0,175.0,87,1.046385109297452,76.0,0.0,66,1.204410781363941,1.0119854377791309,93.0,1.1058767409058858,38,6208.085131247853
70,101,2.0,5.0,4.0,3,13.986199295836238,0.0,15.08879196423815,1,15.81383763862995,14.999566006831865,0.0,16.026699764898154,0,183.74589954283647
29,292,17.0,90.0,63.0,54,5.8598864569598925,28.0,5.002032350717824,40,5.849617183391074,4.791921291487405,37.0,4.936193697861934,20,1512.2686289159233
25,636,2.0,4.0,3.0,5,14.8217601826405,3.0,15.970686927285218,1,16.893751700607258,15.93686360064486,1.0,16.701818956521713,0,659.2194351400526
4,448,33.0,125.0,168.0,62,1.9355337140307705,72.0,2.0378679748201725,65,1.985061598575896,1.8418530050664448,83.0,2.0792160021517696,35,4756.372530881086
29,298,8.0,63.0,35.0,46,7.907796814627758,11.0,7.937545739702471,29,9.11041937819241,8.026947198288603,11.0,7.98871379205541,18,1342.515327692806
5,408,34.0,158.0,176.0,74,0.0,78.0,2.043663423759783,57,2.895466249568769,2.1335796860660903,91.0,2.9174622659303497,33,2571.0855797628856
75,453,3.0,10.0,4.0,7,13.85139290035546,0.0,13.93102011224528,3,14.928082847013592,14.122515247415665,0.0,14.901165095794134,0,216.3627069036327
36,422,35.0,132.0,171.0,75,2.078704410641437,73.0,0.8729715596358175,84,0.0,0.0475341769499845,92.0,0.0,33,3891.2129901667126
73,6,1.0,1.0,2.0,2,16.927236224249967,0.0,16.931130418094025,2,16.866083428821348,16.93732845237589,2.0,17.021195933625886,0,142.68771286367542
59,473,1.0,6.0,1.0,3,15.830887361188807,-0.0,16.207920512722275,0,17.052582639543928,16.056330055262222,-0.0,17.05773186322444,0,98.68689082459308
58,53,-0.0,2.0,0.0,1,16.07724273134377,0.0,16.02517592222576,2,16.103723258606582,16.193085612943253,1.0,15.98850575171618,0,71.82908100244033
26,595,6.0,30.0,17.0,15,10.06409207713251,3.0,12.21428021359782,13,12.135740098634404,11.947488930454483,-0.0,12.064115231655622,9,1395.8528727931505
63,334,5.0,11.0,8.0,10,12.097400795536856,3.0,9.81101073942404,5,10.0621936305435,9.94113950961147,2.0,9.996494453053984,2,1277.3301825059827
30,325,11.0,75.0,58.0,55,5.927087025801899,33.0,4.994096007704104,43,5.024858304267727,5.104656983839011,34.0,4.757769634721675,15,1334.884020075246
27,371,4.0,3.0,4.0,3,10.958432062753849,2.0,10.154547499414534,1,10.118730837418166,9.930553341367029,2.0,8.974494797683066,1,75.94428571911557
15,619,7.0,40.0,17.0,27,8.96713977225588,4.0,9.978050830517168,16,11.038764761016129,10.04027822753002,1.0,11.126402873544125,7,1086.5585026993806
78,199,8.0,56.0,26.0,30,5.888224244627304,13.0,7.990183654345032,17,7.962105846763644,8.163773669276882,8.0,7.866832517181887,22,3201.737151926503
8,415,36.0,168.0,175.0,94,2.199523992593288,71.0,2.7768136635256035,112,4.202677010662195,3.1534266200654137,93.0,3.93523100230686,44,3331.4189074363785
26,595,7.0,29.0,19.0,17,10.06258469342914,3.0,12.134472155096118,14,11.876154437989182,12.026647830434538,0.0,12.049974289427311,9,637.2607768760985
34,544,5.0,25.0,13.0,23,9.959134376294148,2.0,9.89888205410755,11,10.04172490761092,10.008553981148884,4.0,9.885371782483675,1,372.9175856105484
68,190,5.0,30.0,9.0,20,9.081216398849518,2.0,11.084651758989024,8,12.007091899520608,10.8903742322632,2.0,10.930786082239806,10,460.5411952903965
90,402,34.0,157.0,179.0,67,0.0,78.0,2.0656772650945787,62,3.247884585316343,1.9422134786706664,94.0,2.8787505220354657,36,5503.651526666748
74,594,8.0,33.0,17.0,20,9.840305344287888,4.0,10.99805610951967,13,11.97976451129204,11.1640455771592,0.0,11.953926949600485,11,387.557670041359
76,78,1.0,5.0,4.0,1,12.825720984611085,0.0,14.916336967913375,2,15.069131925715398,14.954499645449689,-0.0,14.989121339571692,0,109.94402664195188
9,244,1.0,4.0,3.0,3,17.91877091116548,-0.0,18.921611248938905,1,19.797580277527203,19.15375746135906,0.0,20.060840194339825,0,126.49146999964164
57,111,2.0,5.0,3.0,2,13.765763722799113,0.0,15.07811803582192,1,16.11247594461479,16.100272422902805,0.0,16.23224056814811,1,260.3618308205423
37,382,26.0,74.0,115.0,46,3.956304522335031,46.0,3.814237912402955,67,4.140582129814639,5.250916957238391,55.0,5.059932069231163,21,1756.2419324006871
74,480,4.0,20.0,9.0,14,12.106832070052135,3.0,12.948835546237666,6,13.984730128655002,13.16026708464478,-0.0,12.981185350475377,4,393.7893576722085
15,581,4.0,16.0,5.0,10,12.034283768500288,3.0,13.863147965929905,5,15.171631705869313,13.91265999764244,1.0,13.898708709442412,3,1267.4762556268363
69,123,4.0,16.0,7.0,11,10.765192660079595,-0.0,12.85024471906072,3,12.916485794860794,12.908062464136547,0.0,13.10463051380244,2,240.3502674852567
9,249,1.0,0.0,1.0,1,20.094725938446988,-0.0,21.00106475541211,1,21.985664669965622,20.9450569355942,-0.0,21.16140781409342,0,146.5887775450402
75,455,3.0,11.0,5.0,12,12.883657472480026,1.0,14.055113236379423,3,15.04788635462728,14.19281383391808,0.0,14.819096536566825,1,165.09614091163075
5,449,36.0,141.0,179.0,81,0.8417616053600272,73.0,1.9988128271968164,74,2.1715820063417257,2.076771214339162,89.0,2.004176208828808,36,4331.373746463664
26,591,3.0,11.0,3.0,9,13.871446493791412,2.0,16.133069398905754,4,16.061386957155413,16.07596982664893,-0.0,16.061076139053185,2,723.1265460702408
28,734,-0.0,4.0,0.0,1,12.08493957688976,2.0,10.92112929602738,0,10.975567964606627,11.011229432175345,0.0,11.014714283705905,0,412.1667027994679
15,597,7.0,40.0,20.0,24,10.077490819095813,3.0,10.931342882808249,15,12.19175219608612,10.922137240249816,1.0,10.894187336691338,12,1283.8117150232702
94,420,37.0,154.0,194.0,73,1.0781410125269637,82.0,0.0401828646614408,78,0.915200169099537,0.0,100.0,1.0180499952999935,34,4271.5895237625655
80,142,1.0,5.0,4.0,5,13.114595370578234,-0.0,14.185746970263637,3,14.908325989851884,13.781559344250027,0.0,14.795019385341847,1,250.1464626562469
87,407,36.0,172.0,181.0,85,0.9856455544639744,81.0,1.9031561747055945,96,2.9655205507933085,2.9575541547067794,96.0,3.0538614139442,38,2826.5880064985363
73,12,5.0,17.0,9.0,11,11.932237917661295,0.0,12.129422005665344,6,11.901455564789142,12.10822253626776,1.0,11.944637595710889,0,130.3915130630724
68,189,8.0,34.0,16.0,26,7.853304046738172,6.0,9.914486634469547,14,10.997576111762482,10.157201598914485,2.0,10.007996178490876,9,413.1948779441237
45,667,7.0,60.0,34.0,33,7.902875865674677,12.0,8.055495064103992,16,9.268619373770973,7.740190311692877,10.0,8.794109715709695,14,2735.488942595778
91,431,31.0,127.0,156.0,72,1.947566775653876,62.0,3.0188127912705403,87,4.180212940196693,4.119927572934301,70.0,3.843542820506671,34,2326.8461867414594
32,518,1.0,8.0,1.0,8,10.777473045204374,1.0,11.08246945035436,2,11.994747535056243,10.98270423061186,0.0,10.851182972949807,1,474.2179292167804
64,35,5.0,19.0,12.0,10,11.985955092672604,2.0,10.905633520126802,6,10.915385407655066,10.8143530333784,2.0,10.9664997433509,0,573.6535838465333
9,250,1.0,4.0,3.0,1,19.004047957799084,2.0,20.115518245623687,0,20.868015065018312,20.052904097328216,0.0,20.089987862386703,0,85.56516087433836
68,223,12.0,62.0,49.0,42,6.031414198654836,19.0,6.781326635156617,40,7.986790958465776,7.199563447145082,16.0,8.05991418843337,23,715.135879644281
11,437,27.0,124.0,129.0,70,2.858297525225289,59.0,4.039401938431187,92,4.975411993660761,4.863447019516346,68.0,4.9876638768871455,39,2445.530410232526
64,34,4.0,17.0,7.0,12,11.893114365668342,-0.0,11.001984107761382,5,11.689885276388257,10.97210105472404,0.0,10.929433629872907,0,504.39218369713154
84,429,37.0,169.0,196.0,72,1.0272791403098434,84.0,2.011681979984902,95,1.8708958122633903,1.0509880149538249,104.0,2.057750546592441,39,3307.181112632235
0,748,3.0,0.0,-0.0,0,17.07006484337598,-0.0,14.922350378617528,1,15.075548633761278,15.064038015273823,-0.0,14.889365350596703,0,338.34486618498977
1,419,29.0,134.0,158.0,55,3.0160505070571952,68.0,1.94297365672883,73,1.770725270991881,1.1886830352426323,86.0,2.108860838394512,34,2862.321375160146
82,478,4.0,21.0,9.0,14,11.920760031561572,3.0,12.96444994050833,5,13.85681956391266,12.812070891402596,1.0,12.988244491186396,2,369.7462206946818
93,395,6.0,32.0,47.0,22,7.159003316791646,12.0,6.76385067101829,35,7.094302654377802,6.96077788251341,13.0,6.842344289575807,8,1255.448079242609
73,4,2.0,3.0,2.0,3,17.10717462969189,0.0,16.032482269944616,2,15.985713954649633,15.92466784315923,0.0,16.037891558104075,0,165.52708302064025
15,607,4.0,18.0,5.0,8,11.012106051028171,3.0,12.137341826841435,1,12.935376035539935,11.9192123603468,0.0,12.910184465822306,7,556.6332935619656
64,38,6.0,20.0,10.0,14,11.068769253754215,4.0,9.976722452924516,6,10.684719977194996,9.975195600051975,1.0,9.851861854970991,0,643.3473705545513
25,463,1.0,3.0,1.0,2,17.14181029241307,-0.0,17.94049396797804,1,19.208122724811908,18.10786995687124,-0.0,18.99712856603721,0,817.8558651738751
62,103,3.0,10.0,6.0,3,12.08651248131112,2.0,12.89762849361712,5,13.01459151390318,12.845018751087029,0.0,14.014120545909735,0,133.24106527531592
24,668,16.0,97.0,59.0,71,5.924408008296149,21.0,7.034035914293673,37,7.823358977231268,6.70878478416584,20.0,7.125692403848446,31,3140.3179684925103
18,446,36.0,135.0,175.0,89,1.745327351342553,73.0,0.9910760208389824,78,0.115139577537354,1.0602533133765857,91.0,1.1468450420538012,39,6145.793957787582
64,11,5.0,21.0,10.0,10,12.35273900822058,2.0,10.798353338934618,6,11.757789722052427,11.306207419733443,0.0,10.936255998210166,0,965.7882795986548
67,725,1.0,8.0,7.0,8,12.013489113682128,5.0,12.12076982623334,6,12.164690749193564,13.12881879342964,0.0,13.00523535836182,0,39.902271395746816
59,520,0.0,4.0,0.0,4,15.01537564712508,0.0,15.05038066844221,1,16.249360764238393,14.930070976324703,-0.0,14.96712414671545,0,168.51156361871068
3,432,34.0,128.0,160.0,69,2.0760084022343444,65.0,1.9521495939292823,71,3.163811765529595,3.082538468048784,74.0,2.888499224407613,30,4068.749483947093
75,477,1.0,3.0,0.0,1,14.66725932714357,-0.0,14.941630790345638,0,15.99969176226984,15.118034263150882,0.0,15.114939147932985,0,63.00544308066435
70,69,2.0,7.0,5.0,3,12.850792724334454,0.0,13.930981488150636,1,14.831128313130668,15.10163984105493,0.0,15.037860893256022,0,149.82363857739256
34,544,3.0,24.0,9.0,22,10.14946317917893,1.0,9.76909478757736,6,11.02898748483331,9.992593046550905,1.0,9.9788704511794,1,286.1819872559767
57,611,4.0,18.0,6.0,13,10.74626905149664,2.0,11.83027870860026,4,12.891347232210617,11.98347735678509,0.0,12.984633618723588,6,413.7647307743171
86,428,33.0,174.0,166.0,95,2.059213069770806,72.0,2.9383104028118496,110,4.031363288481536,3.0318569376837567,84.0,3.973958568460343,40,1990.9477179762896
65,399,7.0,31.0,38.0,22,6.86775348286827,11.0,6.972572525548551,29,6.909146626269262,8.064002724000305,8.0,8.068948275812891,5,1157.269558840729
0,348,2.0,-0.0,-0.0,0,14.032960917308252,0.0,13.04812604788734,1,12.088004657832505,11.984693949223091,-0.0,12.09125528007623,0,470.8458074902893
33,115,2.0,3.0,2.0,3,17.089143760016178,1.0,18.048205586510587,1,19.10887758263118,17.97936416439045,-0.0,19.05814353376853,0,219.9053345112473
29,31,7.0,28.0,19.0,14,10.042847260044482,4.0,8.9769277888824,10,8.73275077897963,8.859562689745992,6.0,8.87600969476822,1,1008.049612450225
78,440,33.0,146.0,169.0,71,1.9224867885275287,69.0,3.120025438026965,113,4.088595644759366,3.88941678107274,86.0,4.05992497966176,41,3421.177661223945
34,655,8.0,59.0,32.0,42,7.886371280421727,11.0,8.138936899859598,23,8.910315431207218,7.882554702081821,11.0,9.140942690228515,10,1235.4229887832753
88,318,24.0,125.0,140.0,54,3.1726067387962504,62.0,2.096673487358294,72,1.9844343707153405,2.10526493478369,69.0,1.854266506292528,34,1146.7816484648529
32,37,4.0,15.0,7.0,12,11.79892932622447,1.0,10.988605805899686,2,11.998910367254712,11.118317439621253,1.0,10.858984827600576,0,215.40404486280977
71,330,17.0,96.0,93.0,64,5.053961780562823,35.0,4.218949817699331,64,4.003428255730775,3.8131142119577497,43.0,3.805985250541256,23,2178.6162343484475
68,191,6.0,24.0,15.0,17,9.991392931747386,1.0,10.82340418519645,10,11.93155685974332,10.861232568954753,2.0,11.931084106269612,5,534.7576591798888
31,138,1.0,3.0,2.0,3,14.996812409593815,0.0,15.839165636582758,2,16.86611278335814,16.093904807893935,0.0,16.93652484885328,0,63.58342798152807
43,512,0.0,1.0,1.0,0,17.890264260515828,0.0,17.88947906086129,0,19.07207932256864,18.02567713503592,-0.0,19.09332137409632,0,84.58804445575795
43,476,0.0,3.0,0.0,1,16.22161415653619,-0.0,16.94613601307581,0,18.00276539708897,17.039285514375383,0.0,16.90526078910065,0,85.53659946796692
72,146,1.0,5.0,7.0,5,12.992962837480666,-0.0,13.790675829406394,3,14.953465253762111,15.179374782039778,0.0,15.10182414680979,0,555.7646039247165
68,182,8.0,37.0,18.0,25,7.80387031810764,8.0,9.287559280639565,14,9.833098775244675,9.131099803680284,4.0,10.231125183034203,12,647.2838151492731
52,447,35.0,144.0,174.0,83,0.9419964276563187,76.0,0.0,66,0.0,0.0,95.0,0.1040469858478786,32,5090.317335492811
57,110,2.0,6.0,3.0,5,13.895296029547143,1.0,15.084627329547727,2,16.060156308145242,15.07831909433655,0.0,16.094743749807936,1,222.24987375498583
9,236,-0.0,5.0,0.0,2,17.96960146316121,0.0,18.87700444361732,0,19.868558499471625,18.94324215325885,0.0,20.042454971174053,0,66.78825689306773
82,457,3.0,12.0,3.0,12,13.113146460669656,1.0,14.112662524258877,3,14.87900215251118,13.903697844200211,0.0,14.08210763971043,1,82.50954971602548
22,274,19.0,75.0,104.0,57,4.070809254413975,50.0,3.017740663392392,71,1.9439541223409715,3.1057440681017288,53.0,1.9990924614718533,29,2103.1084771025435
59,568,-0.0,0.0,1.0,0,17.893523542503104,0.0,18.830933156451515,0,18.73963338568759,19.099726911449984,-0.0,19.121679622932685,0,134.0746459330271
62,83,5.0,18.0,10.0,10,9.91900809992526,2.0,10.803935710837878,7,11.925432843276528,12.123235391872791,2.0,11.707843235057204,1,174.66297761564616
65,400,9.0,39.0,54.0,26,5.907962230453435,19.0,7.0839291291818,41,5.940594576748914,6.899106331786983,24.0,6.960728299858971,7,1073.1688592553971
58,44,-0.0,1.0,0.0,1,17.98332478600959,-0.0,17.834545738440102,1,18.955885466334863,18.01556644641882,0.0,17.949730587685934,0,28.22357795188291
59,576,-0.0,5.0,-0.0,4,14.985530179497983,-0.0,15.178903034004492,1,16.105217336459447,14.826415368596434,0.0,15.968644018624728,0,159.14935726581012
28,707,4.0,7.0,8.0,4,10.030568035612417,2.0,10.123078101085405,9,8.965799458273361,9.917378061542074,2.0,9.903604511037626,0,592.8122367996
59,473,1.0,2.0,0.0,3,16.061286144604296,1.0,16.177367482122275,0,16.962992803856128,16.119151252219897,0.0,17.291243377999173,0,133.3227825126944
53,447,33.0,151.0,177.0,81,0.7957081395305725,76.0,0.1236371020900531,58,0.0,0.0,96.0,0.0,33,5139.923331330402
70,80,1.0,1.0,1.0,1,13.92097817333504,1.0,15.894002932446629,1,16.00635407353427,15.9790164073691,1.0,16.030830255832278,0,160.73308884900905
67,743,1.0,-0.0,1.0,0,15.933625046277152,3.0,16.146637159662266,0,15.908707586035463,15.980625949853517,0.0,15.87240693625986,0,330.1756124502666
25,635,1.0,5.0,0.0,2,16.222032731563353,1.0,17.22895258339428,0,17.982987341968744,17.170922148007584,0.0,17.08565114111085,0,761.4119354473926
80,135,1.0,2.0,0.0,1,14.08324398032311,0.0,16.17735296366968,1,17.00805711388983,16.038147651537503,1.0,17.190054346567834,0,71.47190629287664
57,131,2.0,4.0,2.0,2,13.875565222968092,-0.0,16.019057400930784,1,15.923593480581998,16.004902286825722,-0.0,16.05662348268653,0,102.52387873557508
95,447,35.0,141.0,178.0,77,1.0267121464974736,76.0,0.2143791357030226,68,1.111470682423017,1.2016049040385912,94.0,1.030414847384861,38,3134.816349337637
12,166,16.0,73.0,76.0,58,5.087480513092622,31.0,6.086167210023144,64,7.030760973507484,7.188760363970086,36.0,6.881129865773089,22,2317.9336792134063
28,734,0.0,4.0,3.0,3,11.10292929036903,3.0,10.862942756622411,0,10.043165207205508,10.971127475020408,0.0,10.884909529380746,0,469.6852658963401
15,195,10.0,83.0,47.0,66,5.031768976113056,23.0,6.832114862110921,37,8.086268671929549,6.996214051517862,18.0,8.163754282929478,30,2299.7870755285057
10,430,33.0,114.0,156.0,68,3.0209983277394694,60.0,2.975639020712044,81,3.9862003382599136,3.981637854023812,69.0,3.930594694711704,33,2626.432460503287
58,58,-0.0,1.0,3.0,0,17.971380494233557,0.0,17.984766907734336,0,17.98536186802529,17.871940268123407,0.0,18.06402709246061,0,185.36442703476035
81,378,27.0,84.0,133.0,55,2.897445454577973,52.0,2.833449350893696,71,2.8735251894088187,3.992392412502064,58.0,4.151816804022236,24,4997.781868496513
59,59,0.0,0.0,1.0,0,16.038448939235092,0.0,17.162749996605356,0,17.081132436673133,16.100067005609283,0.0,16.047797484409582,0,291.3822976507918
82,482,4.0,17.0,9.0,11,11.923432515837318,3.0,12.961003572181134,4,13.867592906925536,13.25482247974742,0.0,13.886858979478408,1,245.60521544822376
67,727,1.0,5.0,7.0,5,13.183273223398466,4.0,12.949892317511187,4,12.933701086932464,14.124949971481298,-0.0,14.022658171649852,0,117.4818642984039
63,350,6.0,0.0,3.0,1,12.898129469702194,1.0,11.961852040284114,2,12.30146611766378,10.821163648343312,0.0,10.950546807204836,0,1758.4104368722117
58,59,0.0,1.0,2.0,1,15.789554123938377,-0.0,15.99952856055534,1,16.987752915082734,16.02084031177486,-0.0,15.813680277310564,0,162.72000925191142
60,259,1.0,2.0,3.0,3,17.08944982481834,1.0,17.988516244041648,1,19.02369296726853,19.09959633934375,-0.0,18.96675883664495,0,433.0333617402785
44,591,4.0,15.0,7.0,11,14.212478406626383,2.0,15.073961700547898,6,16.009505418666027,15.052754316437056,0.0,16.22552139511722,2,209.229357631333
78,200,21.0,108.0,84.0,70,4.066556710204478,37.0,5.968344299261457,63,5.825855263936328,6.197745723131421,40.0,5.870404324429224,38,2535.297519649582
63,365,8.0,22.0,17.0,20,9.055110356110848,8.0,8.056646605652064,14,7.278238473978134,6.832639697594322,9.0,6.941664042913136,1,1506.3713828385237
59,566,1.0,5.0,0.0,3,15.942460278911724,1.0,15.898037431486552,0,17.017266756989983,15.861919273998677,1.0,17.15872498895942,0,56.5430314822711
28,707,4.0,11.0,10.0,4,10.037478734504758,1.0,10.137561305994438,9,8.94446872343924,9.967182384653816,0.0,9.818040911567229,0,482.9766068348719
15,188,5.0,22.0,8.0,15,10.155687442461597,2.0,11.037652941770828,6,11.904495019073108,11.07186532240056,0.0,12.080203033436788,10,1327.8397917832867
59,59,-0.0,1.0,2.0,1,16.01457501891495,0.0,15.847136433073269,1,15.932615543173936,15.880216491391664,-0.0,16.07158797299303,0,16.28017658912315
1,425,32.0,159.0,166.0,76,2.1177702595922416,78.0,2.0009599986565525,91,2.9923413536209456,1.8865091837024457,89.0,1.9063232768711924,44,4308.0803420065495
69,143,2.0,5.0,2.0,5,13.113527295990934,0.0,14.090319931445386,2,14.976822150961848,14.927498072036942,-0.0,15.101897425165308,1,218.8769556727661
17,103,4.0,13.0,5.0,8,11.968040442933054,1.0,13.208539382015989,7,13.025627775587136,12.939324663002171,1.0,13.952314438037924,0,173.1329210254902
74,480,5.0,24.0,13.0,13,10.996455050904409,3.0,12.076177392867129,9,12.970740946765108,11.9551096433044,-0.0,13.108254652243035,4,296.7572682133477
70,99,1.0,2.0,2.0,1,15.21376745964266,-0.0,15.917415217636442,1,17.045275308092297,16.696011586808115,0.0,17.076313162759046,0,104.71589729803551
78,438,27.0,148.0,136.0,94,2.9869209135763444,61.0,4.114246235747051,91,5.08631507567398,5.175060331255332,75.0,4.931630751054037,44,2407.913601911808
67,691,1.0,2.0,-0.0,1,17.01668302506851,3.0,16.044393972120222,0,15.870639392223394,16.979475725908383,-0.0,17.096402766230767,0,367.3720550054143
91,431,33.0,134.0,171.0,72,2.0556323458186023,71.0,2.887174041645769,85,2.889527066165081,2.946650988332116,83.0,2.829851180806686,40,4434.909105632189
1,313,27.0,140.0,142.0,74,3.0356838048505503,61.0,2.867054217822422,87,2.8214083051974024,3.0525899953588285,66.0,2.946277305004618,32,4040.019753936296
82,457,3.0,15.0,5.0,11,12.98395594094039,2.0,13.91542109660225,4,14.21485059360621,12.854895766480752,1.0,14.091316300467314,2,261.9233497647847
31,137,-0.0,0.0,2.0,0,15.978215616901863,1.0,16.874201096136662,0,17.882754762988323,18.05307988009861,-0.0,17.933312046012116,0,67.45904643829053
43,459,0.0,0.0,1.0,1,16.96211112012216,-0.0,17.999413253479783,0,18.98964867010545,18.049766438733734,-0.0,18.810877169931167,0,80.1565134130607
65,176,5.0,27.0,28.0,23,8.068066070830874,9.0,7.833851596390348,20,7.899532431876808,7.916101422211362,7.0,8.135447742293136,5,682.0268817402706
23,221,5.0,20.0,8.0,14,10.03687761581841,3.0,11.026560754862048,7,11.947693306101522,11.05610031001388,2.0,11.909109304758449,4,330.97802392991395
44,606,3.0,15.0,8.0,9,11.869600088054591,3.0,14.161683770173829,4,14.83577205937657,14.076843460727826,-0.0,14.95758608880701,3,368.0109740571321
80,138,0.0,3.0,2.0,3,15.107603094223444,0.0,16.13727300132501,2,17.094846272401703,15.971505202482817,-0.0,16.934884008953933,0,176.9725502359737
56,422,35.0,143.0,174.0,77,0.8821816954161871,78.0,0.0,67,0.0255102663328577,0.2619455437197633,92.0,0.0,32,6855.011500205805
58,52,1.0,3.0,1.0,2,15.885107878338893,0.0,16.21932583763014,2,16.10883826948788,15.027710306697427,-0.0,15.037482415574775,0,115.62250682820924
2,426,29.0,168.0,152.0,88,3.2457097408576123,67.0,3.023372210510845,89,3.987332713486274,2.945544938270875,74.0,3.985893098479778,42,3497.8924589198496
15,677,9.0,55.0,28.0,43,7.97553647945085,6.0,9.140363894595874,17,9.854005440813186,8.990192339326567,4.0,10.229828497078564,16,1553.1326771979054
32,533,2.0,7.0,3.0,4,12.989377037092895,1.0,13.057681549278014,2,14.144808691013775,12.921534647010208,1.0,13.066726207314405,0,777.9845871262698
8,415,36.0,162.0,173.0,91,2.106303498852238,72.0,2.774057397306625,112,3.965086057844881,2.807374740992949,93.0,3.9514507297837618,44,4722.3023484854975
59,556,0.0,1.0,-0.0,0,19.04889825313161,0.0,18.855123795007028,0,20.08930280760696,18.882858015107075,0.0,18.881762899907244,0,165.60804554736924
82,492,3.0,14.0,6.0,10,13.13812982226061,0.0,14.081947411831855,4,13.98635514764989,13.159167573845291,-0.0,13.993000684128589,0,119.86854514856874
59,549,-0.0,4.0,2.0,1,17.962274394479323,1.0,17.865274656739697,1,19.083100916218253,18.02114634888244,-0.0,18.1370585703978,0,155.4571802392769
48,435,33.0,116.0,151.0,63,3.1046294458519554,62.0,4.043185109506788,89,4.004546826893174,4.116560451645129,70.0,5.1774817160015925,38,3268.076643106504
43,571,-0.0,2.0,0.0,0,18.14606658529457,1.0,17.81253068161692,0,18.710220746937686,17.874393377041326,-0.0,18.084201791411367,0,80.10605986355405
57,121,2.0,14.0,4.0,7,11.98652798258823,-0.0,12.931922067629255,0,13.908729731642456,14.089725262233818,1.0,14.01929729366548,2,117.8363052137645
58,57,-0.0,2.0,1.0,1,16.752406578263642,1.0,16.905633150041353,1,18.040669083499523,16.8058320686775,-0.0,16.96790495238032,0,169.60239697147813
59,473,1.0,4.0,0.0,3,16.017453897069128,0.0,16.990816485639083,0,16.92836605370698,15.830551267937594,1.0,16.953111878471578,0,102.25634672944756
67,178,5.0,29.0,26.0,22,7.839074794036515,7.0,9.0191172304187,18,8.95735392926864,8.946032158209809,3.0,8.809399516930778,4,536.6097399190273
15,189,6.0,32.0,13.0,24,7.864025241914543,6.0,10.082849086302645,13,10.98207346318369,9.890310079180097,1.0,11.0407919853714,9,1070.2372265343945
79,30,5.0,17.0,12.0,8,11.993967079085756,3.0,11.230150272251844,5,10.86026424078741,10.852586111992943,1.0,10.90266174702484,0,585.9241331490468
28,712,5.0,21.0,17.0,16,9.086914503515054,6.0,9.05519608206003,14,8.158424827149503,8.988637055034884,4.0,8.891590053271099,3,580.7099928520347
59,559,0.0,2.0,1.0,0,17.967006241911157,1.0,18.029238731169148,0,18.93308275331815,17.85877720023995,-0.0,18.07037807608684,0,147.3203040307686
63,346,9.0,20.0,14.0,18,10.256518731396971,6.0,8.745177899587334,10,9.042823032732247,8.91999712894059,4.0,7.920610154654376,3,1332.8745313940396
30,327,11.0,59.0,53.0,40,7.048696090791923,22.0,6.117243787750483,39,5.994006769433558,4.800215146854256,25.0,4.872682993428461,9,1070.115251253682
63,365,9.0,21.0,14.0,17,8.995239363419975,8.0,8.00972927567384,11,7.990215269168539,7.920731968872483,6.0,7.055919677656858,1,1761.5331832523923
29,287,13.0,82.0,54.0,50,6.135495388617299,27.0,6.201017834302225,28,7.068331260319839,6.173661894807726,40.0,5.927648844082897,20,1241.1530386463826
15,203,11.0,79.0,41.0,67,7.019632012451186,13.0,7.934100078567237,35,9.008629945451824,7.999488654387265,8.0,8.805369256710716,34,1683.781885739657
91,431,34.0,124.0,161.0,67,2.1016184589318367,63.0,2.840217158420391,86,4.032059302418772,3.991025293648226,70.0,3.873906694856015,34,3511.683761170232
58,55,0.0,1.0,-0.0,0,17.10865149846057,0.0,16.94651236344818,0,17.90689913499285,17.053782652896402,0.0,17.296659336117703,0,98.3844771018487
7,447,36.0,149.0,171.0,79,0.874276782705884,76.0,0.1614823215177624,65,0.0,0.0,94.0,0.1515162167777483,30,4506.869578856436
43,501,0.0,0.0,2.0,0,20.0186227049861,0.0,20.882258903297423,0,21.944406890366214,20.886849176704352,0.0,21.13992293346376,0,59.062756902005646
60,262,0.0,3.0,0.0,2,17.995979096163204,1.0,18.98087265074109,0,20.131778446541187,19.03601392588888,0.0,19.988722989781216,0,645.6670172933218
37,396,14.0,42.0,67.0,27,5.922061311964622,24.0,6.12585270359585,52,6.042420690069988,5.908231079549243,36.0,6.301507269018152,13,1670.4208937191695
15,621,6.0,30.0,11.0,18,9.965567047017624,3.0,10.981353052633336,8,11.763778018808834,11.048534600111452,0.0,12.07203946426774,10,1666.208067004856
56,447,35.0,145.0,173.0,83,1.1448840498070585,76.0,0.0,69,0.0913374013488426,1.1767617453955466,94.0,0.0,34,7140.720835967889
67,687,1.0,0.0,0.0,0,16.887746180176713,2.0,16.974063310475497,0,15.969947635164024,17.116912741008292,0.0,17.084210500302895,0,40.94342210018916
90,402,36.0,169.0,183.0,76,0.0846010592705105,81.0,1.9820505521554963,69,3.023314861606987,2.105794054160349,96.0,1.907985716845691,31,5124.670030305654
67,690,1.0,0.0,0.0,1,15.075415333771222,3.0,15.168576290856514,0,15.019719289896344,16.132729191648856,0.0,16.14286011514216,0,141.19055381659248
26,589,2.0,8.0,2.0,6,14.911491288480551,1.0,15.972964572834568,2,17.04377260156259,17.099488912622256,0.0,17.095116755365865,0,341.37118372114634
70,230,1.0,6.0,3.0,3,16.15423130409273,-0.0,17.836981137503887,2,17.89625771685025,18.229317096199573,0.0,18.04609020728481,0,68.75562865798771
92,406,33.0,156.0,182.0,72,1.1191152684425592,79.0,2.279752101216632,72,2.943233413907366,2.2079972929952616,93.0,2.849050670794934,35,4912.763456013407
24,674,7.0,44.0,20.0,28,9.150575727582652,9.0,9.6513288287662,12,10.927320988778703,10.01507156304974,3.0,11.11769092456526,20,1397.088610670541
5,408,34.0,153.0,182.0,65,0.0,77.0,0.8419179663180483,54,2.0848383234665047,2.0304557298460124,93.0,1.85850218215698,40,4335.588763160655
57,609,3.0,13.0,3.0,6,12.058567439336704,0.0,13.039919776291049,2,13.96819858681468,13.2017942494269,2.0,13.826501279517457,1,297.2696220529825
68,122,3.0,17.0,5.0,11,11.035749142904876,0.0,12.012983411155126,3,13.03593615898048,12.021847988945307,0.0,12.949634802907523,3,170.58004663113942
75,471,1.0,3.0,0.0,3,15.094387013813908,1.0,15.9664275556796,0,16.952264948605585,16.14342188919987,-0.0,16.192050143606025,0,143.7972561836711
78,197,16.0,105.0,71.0,67,5.008399462350882,28.0,5.914332407851661,51,6.951175035873684,6.031945528059035,30.0,6.987520850661394,44,2980.8588846513067
66,40,4.0,15.0,11.0,6,12.97172495326086,2.0,12.032704671690023,4,12.040767941856126,12.041727034148607,0.0,12.074163553989276,0,162.0854962353238
17,87,5.0,16.0,9.0,11,9.96818788661961,2.0,10.947739239748548,6,12.075141551216891,11.933716764391574,-0.0,11.888151272968106,0,173.99753018869157
1,316,31.0,155.0,162.0,66,3.1592763932756784,73.0,2.0911861591431244,85,2.874346129108637,1.8139118657274529,82.0,1.8745344128180623,41,2914.0827038937227
66,43,8.0,16.0,12.0,13,11.788007214158368,2.0,11.05227599307688,11,10.920309143356404,10.859544429046077,0.0,11.162287237319887,0,186.76405244725248
95,422,35.0,150.0,172.0,86,0.7969338327406049,77.0,0.1312421745290428,68,0.0,0.122546153667551,93.0,0.0,27,4061.080376285236
11,165,19.0,91.0,111.0,56,4.016697194493567,57.0,5.198372718510834,75,4.942226665579634,5.13353096960642,60.0,6.150579181870193,32,2975.8120388141024
81,379,29.0,102.0,144.0,62,3.022349940016776,61.0,2.9275336616804872,62,3.246321528325282,2.993707558937784,67.0,2.966107870775329,25,4617.186717530443
32,522,1.0,7.0,0.0,2,14.088666313560914,1.0,14.000759986640888,0,14.918421196395125,13.988560708991107,0.0,14.000676060175898,0,221.6870236098316
62,86,4.0,15.0,11.0,10,11.01923380958416,4.0,12.10436358358658,4,11.99158667325642,11.92944012009995,0.0,11.903052063180088,0,177.34584877697486
87,407,36.0,172.0,182.0,91,0.8578582338119086,77.0,3.064764433115597,103,3.971696678208288,2.959364669552147,94.0,3.858022393169134,41,4711.944564900716
15,203,10.0,74.0,40.0,63,5.911350648329905,14.0,8.074627015488982,37,8.891284103962507,7.976840379807204,10.0,7.978717519888673,34,1894.700387595244
63,334,5.0,12.0,9.0,10,11.074145809977892,3.0,9.878495931058874,5,10.126729543505157,10.093022406880817,0.0,9.9872701200238,2,1851.911032629024
66,364,9.0,33.0,21.0,19,8.064943364131388,8.0,6.940807044358242,16,6.9032398411120255,7.021074072858603,9.0,7.062088413467753,1,705.6358031738542
69,123,4.0,17.0,4.0,12,11.136112713333064,-0.0,13.03356353321793,3,13.007883694977652,12.977426587053092,1.0,13.09522114554057,2,148.67646161170632
14,449,36.0,146.0,180.0,85,1.0608333889067554,74.0,0.8985646547683453,70,2.026463267026516,2.05666402371784,94.0,2.011290047373364,35,4531.04990795726
69,191,6.0,23.0,11.0,19,10.189609145726944,-0.0,10.892400273624984,10,11.797359947106557,10.850355310515464,-0.0,12.119673006182524,7,307.093973498781
33,139,-0.0,1.0,0.0,0,16.867380602675482,2.0,18.062261080805573,0,18.859003132946228,18.76506176403332,-0.0,18.698717737972107,0,38.82107094471807
32,664,6.0,40.0,20.0,27,8.930389377329265,5.0,9.980287977964752,17,10.892121374030864,10.019476020823848,2.0,9.833520914735592,11,732.0856093212137
67,691,1.0,2.0,1.0,1,16.05076792678841,3.0,15.762074121022335,0,15.79643529434096,17.01373986888203,1.0,16.033368700517883,0,291.7194904208358
29,36,5.0,24.0,15.0,17,10.012592175535085,4.0,10.114081344629472,11,9.856476103615666,9.877914140790288,2.0,9.887053230830508,0,276.1182108814644
44,582,4.0,19.0,7.0,9,11.798249202687431,3.0,14.19259879667389,4,15.104173126876116,13.819987272621308,1.0,14.097426385739771,4,227.9889301669353
15,183,8.0,39.0,20.0,21,7.141220340849944,12.0,8.21681256427867,12,9.052873319785135,7.756072706265717,6.0,9.079348377635862,19,2204.3225687532417
28,716,4.0,12.0,15.0,6,9.993512043111805,6.0,8.873088982408118,10,9.045506155628273,10.27087446075323,3.0,10.016686702257056,1,655.9056118953541
37,395,6.0,28.0,39.0,19,7.071455019658049,10.0,7.039489211950511,29,7.161600381429776,7.1064576035070095,8.0,7.0234288837947325,5,1216.6811691295395
80,229,1.0,1.0,4.0,3,15.848368114552692,1.0,16.963377521297758,2,17.963119740606732,17.10447582055178,0.0,18.09656150127999,0,248.03469951213629
79,38,5.0,18.0,13.0,9,11.004427094459611,2.0,11.00393525363426,6,11.115741669736163,10.149602921227876,1.0,10.020464302305538,0,290.9457099297425
76,91,5.0,18.0,11.0,14,10.009624638189516,3.0,11.088345997985217,11,11.92129111608388,11.110957386021896,1.0,12.036621665726642,2,210.7898829001456
27,761,2.0,0.0,1.0,0,14.063921017378942,0.0,12.856542074324365,0,12.129596452299946,13.145381496762267,0.0,12.166820216226265,0,30.39634422752588
74,465,2.0,7.0,1.0,3,12.964700069181008,-0.0,14.15417499852586,1,15.054670778763183,14.096748422715134,-0.0,14.136766135721958,0,168.27187333699857
32,528,6.0,30.0,12.0,23,9.99613791264952,4.0,9.97564774419176,11,10.88612023032419,9.890353389552304,3.0,9.998360020547352,6,607.1421280995728
9,247,1.0,2.0,0.0,3,17.04515188486294,-0.0,18.977257055818143,1,20.025599683148908,19.075634315655247,-0.0,19.149103971922187,0,99.96037329165884
5,445,36.0,163.0,185.0,84,0.0,77.0,0.0,55,1.0153723618906183,1.109592884154077,98.0,1.0577241999033933,37,5391.812815829177
28,738,-0.0,5.0,1.0,4,13.021449494127047,1.0,12.06819027801525,1,12.091467393086438,11.759731771276993,0.0,11.933731271643628,0,106.76292674710535
87,406,33.0,154.0,180.0,74,0.8101308465824836,77.0,1.7057355624487258,70,2.979897238286477,2.010474066381204,90.0,3.1195286222396894,34,4027.1724236074488
67,717,0.0,1.0,1.0,2,14.027844124541025,3.0,14.070482098360252,0,13.868990359432706,13.92673261993586,1.0,13.92164694904667,0,34.77521601927162
30,329,22.0,99.0,105.0,72,4.995162313001729,40.0,4.114189731133442,74,3.818625872010855,3.893241301845847,44.0,3.776212392105357,22,1467.794321223928
27,360,3.0,9.0,6.0,7,9.018100015535625,6.0,6.818833084967729,7,6.772877768848341,6.870407566432153,6.0,7.04920386821491,3,301.9230882848265
86,684,22.0,131.0,91.0,87,4.114380496865696,38.0,4.724204573951011,62,5.967102375482392,5.029112577755349,53.0,5.999969454145733,40,2096.1392598577577
61,390,3.0,17.0,14.0,8,7.937292190545075,3.0,7.990831993361358,10,6.972661298052326,8.00738235801037,4.0,7.893565611389178,1,1116.2101778340411
8,403,38.0,180.0,193.0,87,0.9971194757143614,83.0,2.112494249379872,107,3.199131092577497,2.310233658770714,99.0,3.1210176213516663,39,3018.383552937816
29,293,12.0,82.0,46.0,66,6.874894710886192,18.0,7.106261963215116,37,7.97489651610636,6.825923229217299,26.0,7.0447736105827,19,1807.442188501897
65,400,6.0,37.0,51.0,22,7.082955978966583,15.0,6.947891475446,37,7.041079227550294,6.971013927410188,10.0,7.043126911918793,6,884.2448110943009
89,406,33.0,154.0,180.0,62,1.179907093800037,76.0,1.8666132668278947,74,2.8947481961912667,2.1589174242232474,92.0,3.0199052205652976,38,3756.9224773092233
32,514,1.0,5.0,0.0,4,11.989187700036457,1.0,12.93893337071533,0,12.82136267746797,12.056116663979909,0.0,13.03600699008808,0,702.7103504105178
23,211,6.0,31.0,21.0,15,7.018839342848074,8.0,9.033782583779589,14,9.79117741728603,8.825083625931676,2.0,9.938445067015138,11,1671.4431379976877
59,576,-0.0,3.0,1.0,4,15.056999648155015,0.0,15.936528259937685,1,15.912444485157618,15.17482272452671,0.0,15.870898651161571,0,141.82738606985816
24,640,10.0,73.0,41.0,41,6.888637390683527,16.0,8.052767162977643,23,9.03507939912181,7.929610487020272,11.0,7.793886480448906,22,2532.493457515775
62,103,4.0,16.0,11.0,12,11.055437317766602,3.0,11.797941989510552,7,13.04280176726356,13.09112794624689,0.0,13.055791270022535,0,249.1478948816797
1,417,39.0,162.0,195.0,77,0.966960436391028,81.0,0.8728132544663089,98,2.1264718043259654,0.8210863013703825,101.0,0.9315490051639068,33,1746.648970665536
87,407,34.0,158.0,177.0,76,1.0744301726115648,73.0,3.102786819451439,82,2.9709931640331093,2.906252044972798,92.0,2.947545332099339,35,3658.758860926539
0,744,3.0,-0.0,-0.0,0,17.995110300165667,0.0,15.904876703348505,1,16.100484892439578,16.020104165420936,0.0,14.950324366550513,0,801.7739922322764
75,488,3.0,7.0,2.0,8,14.918370318688185,1.0,15.824995343285426,3,17.095133083756746,15.963056422600404,-0.0,16.072984418256155,0,207.48111469079765
27,279,7.0,19.0,19.0,14,7.141363035148713,16.0,5.988945092217281,12,4.961289610562196,6.032945770862075,11.0,4.934449058577019,6,229.71479663558569
9,244,1.0,5.0,0.0,3,16.990012891567797,1.0,17.907261855049295,1,19.137855086667773,19.03203500123978,0.0,18.87881279524592,0,127.64522204301798
60,129,2.0,8.0,3.0,4,12.9683052689527,1.0,14.088989512431842,1,15.04095233645816,15.010750193967544,0.0,15.04635632179452,3,775.0317137823331
62,100,3.0,8.0,1.0,4,14.117365412333005,0.0,15.037569681017231,1,15.91776132261287,15.106676319705295,0.0,15.864863960481296,0,136.79838119819533
62,103,3.0,12.0,4.0,6,12.07345983834081,2.0,13.16902724491914,5,12.870437338655137,13.151947841348376,0.0,14.058011138030038,0,134.52514541944296
86,427,38.0,177.0,190.0,77,1.1495387353427509,85.0,1.9342508545745989,100,3.1898758950214137,2.104850748541852,102.0,2.938729993566427,43,2095.915490135168
44,613,2.0,6.0,2.0,4,14.854342572572492,0.0,16.98360431692907,2,18.07133148294281,17.13057868963084,1.0,16.86627575349607,0,181.8311296379437
7,445,38.0,149.0,183.0,73,1.089796883943483,76.0,0.1629249456451605,61,0.8635330753564177,0.9088898797430884,96.0,1.0190276055830187,38,4419.410555553794
10,432,34.0,130.0,165.0,73,1.9845689647264864,67.0,2.1597412412411567,72,3.140055260613128,2.869161235464108,78.0,2.8348187994157,31,2509.684670532655
28,697,-0.0,6.0,3.0,5,13.079136059175356,3.0,12.89415740231006,2,13.10432442451937,12.920721609571382,-0.0,13.020606374910455,0,77.58179224667094
21,300,10.0,36.0,27.0,20,8.937108974648151,9.0,8.174648731977035,21,8.127592430056891,7.998031815035721,9.0,7.8625745133773774,2,784.6889983941243
9,244,1.0,2.0,-0.0,3,16.827133579988526,0.0,18.8765184149706,1,20.17633345556464,19.13051365497325,0.0,19.03853620202373,0,126.23839992443462
57,192,5.0,23.0,6.0,15,10.084978362573525,0.0,11.019695502293226,6,12.112802067030518,11.955445670364115,1.0,11.946433942904791,6,552.628272716697
5,408,36.0,151.0,182.0,66,0.1435031250026482,77.0,1.0487443372395449,54,1.9537066721322285,0.8804299761017387,94.0,1.798735523455982,39,3285.290028194811
2,429,37.0,173.0,186.0,80,1.854162401430156,85.0,2.191649730367481,102,3.055492001445284,2.1320229478010644,104.0,1.857522248831408,36,3891.543834822032
59,566,-0.0,3.0,0.0,2,15.8268465572573,0.0,16.814963647047858,0,17.96795454321689,17.106326286360247,-0.0,16.92781260591463,0,161.9371499984813
29,529,8.0,34.0,20.0,28,8.959398634504492,8.0,8.99282137903865,17,10.152260697348307,8.84139666018029,7.0,8.957822990326608,10,1052.688558395532
0,758,3.0,0.0,1.0,0,17.972854354722745,0.0,17.046706649437688,1,16.27901531675708,16.109286955504153,-0.0,15.905758219523932,0,610.1330862661837
60,130,3.0,9.0,-0.0,6,13.970887004748652,1.0,14.93277830959029,2,15.940640464327444,14.969537886457324,0.0,16.24718575868425,2,1151.9121083751536
59,551,0.0,0.0,3.0,1,17.024707752976894,1.0,18.00673492978327,1,18.054615024217814,16.88457633725893,0.0,18.12259602005788,0,174.03484348395963
81,378,26.0,77.0,127.0,48,3.9246366333271423,49.0,4.069730113984052,65,2.860279276303937,3.823319861714072,59.0,4.083999986600639,22,5449.90740732841
67,698,1.0,8.0,9.0,6,11.973671079249094,4.0,12.02728116475694,7,12.07139219617377,12.153969474029804,0.0,12.000202949388289,0,57.48501916878728
61,389,5.0,18.0,14.0,9,8.064859557938826,6.0,8.244474897067606,5,7.086740008667432,8.107988403089848,4.0,7.8920619766163425,4,781.4985787306713
26,613,2.0,7.0,2.0,4,15.148688249974386,1.0,16.933590935491985,2,17.168484690976186,16.872708083847403,0.0,16.712649179491105,0,184.46036094783372
68,181,8.0,39.0,18.0,21,6.825536180407164,10.0,8.002622155122792,8,9.09217358581734,8.975363148186974,5.0,9.123095809416714,15,595.0506220755599
25,489,2.0,4.0,3.0,7,14.034728205447571,0.0,16.00242938948795,3,17.081078391163093,15.9801754625111,1.0,15.899066727233947,1,585.1900664303116
62,70,3.0,11.0,6.0,5,11.034330726031472,2.0,13.124540959020004,4,12.96154870994688,12.920926759115988,-0.0,12.981051488533428,0,275.5789562600752
93,388,4.0,18.0,16.0,10,8.060303804861066,5.0,8.17041401937905,7,7.029646737737048,7.98334389456996,4.0,8.19115048026955,4,975.618376948294
28,690,1.0,3.0,3.0,3,14.884541754884332,3.0,15.047688334927397,0,14.875772089999437,15.052859257648546,1.0,15.17373564869828,0,108.49342837835272
18,444,34.0,141.0,177.0,84,1.070802989293112,76.0,0.9531212412946448,64,1.0400646819326655,0.888940321035556,92.0,1.0942189853634203,33,3387.83001066458
72,142,2.0,11.0,1.0,11,12.094502945513286,0.0,13.0850944029327,4,13.957361319031763,14.027244281903627,-0.0,14.032512429003123,1,890.7914805073648
62,107,3.0,9.0,8.0,3,12.125874805986136,0.0,13.057195627442226,5,14.109331119554016,13.841699375939744,0.0,13.979385303475617,0,66.00947388231909
49,421,39.0,167.0,195.0,82,1.0199419260446971,82.0,0.9278640095350192,89,1.9873559095256592,0.847152216686397,101.0,1.0318420066573932,36,3813.1664167586537
15,204,9.0,57.0,34.0,45,8.060943487140507,8.0,8.895525164140896,24,10.003337551626451,9.01183166026129,7.0,10.231510785092947,23,2537.8903130688363
70,99,1.0,4.0,2.0,1,14.786128942905927,-0.0,15.910980531413289,1,16.976839944423574,16.98828636410933,0.0,17.03527582072372,0,106.99589395895208
65,178,4.0,29.0,27.0,19,8.09782781344503,8.0,8.957858550307504,19,8.94889741514977,8.853850912843082,4.0,8.882411389520142,4,126.6944173021076
33,118,-0.0,4.0,0.0,2,17.061761315901524,-0.0,17.94740821450355,0,18.97539368914079,17.911374239895057,0.0,18.8714071436364,0,226.26728658524564
29,545,5.0,36.0,22.0,30,8.888401247724088,7.0,9.029127169588884,23,8.752265542594134,8.96504246502387,7.0,9.002394108179553,2,1303.53104794801
76,212,5.0,22.0,14.0,16,9.119427924512127,3.0,9.984921296153768,10,11.035013026375482,9.993586019548516,2.0,11.037573607696176,3,288.17887407538063
73,5,1.0,1.0,2.0,2,17.03136976270646,-0.0,16.935329249187564,1,17.056947564428175,16.03431867219603,1.0,15.71865832798281,0,131.81475524520675
66,344,9.0,24.0,11.0,14,9.928066609804327,5.0,8.96598502876955,8,9.07765631794298,8.914207491042752,4.0,8.026932148320341,3,539.8591671246326
26,602,4.0,16.0,6.0,15,13.09665856345216,3.0,15.209686866796565,7,14.99650267437795,15.194074034493196,-0.0,15.180450275055763,3,159.36651864568296
73,5,1.0,2.0,1.0,2,17.101774668729313,0.0,15.939968820274435,1,17.04802733823389,16.00196527317011,1.0,16.134928463590466,0,185.1242546531708
21,304,12.0,56.0,45.0,40,7.031526009940547,20.0,7.116219578862467,32,7.030806826706656,6.163874482755108,24.0,5.972561043346821,8,1462.1390287603638
27,372,4.0,-0.0,2.0,0,12.857519554675084,0.0,12.00537411931579,1,10.966808698646478,11.09881452996846,1.0,10.832395747391796,0,62.39566187989204
10,432,34.0,127.0,160.0,68,2.068140115414854,67.0,1.9973799257196017,73,3.040820917210353,3.0110873294671823,75.0,3.0608784870118173,29,2865.9318643580687
74,537,3.0,13.0,2.0,9,12.0786735683291,0.0,12.86037229284664,2,12.996507318415963,12.186448349501548,1.0,12.92548828905143,0,408.6757774369863
63,352,5.0,9.0,1.0,8,11.925301927613114,4.0,10.981427327080702,1,10.9206809353879,11.105379988560491,0.0,10.943351795411218,0,1473.0428181724817
21,326,14.0,83.0,58.0,50,6.224486365297423,28.0,5.896050961544916,39,5.990493303905174,4.860108492554763,38.0,4.90976226897344,20,1515.0912663807237
15,608,4.0,21.0,6.0,10,12.291177735307873,4.0,12.782690630518784,3,13.864315426696631,12.878718709049064,0.0,14.064176445435592,6,1250.4641939300973
68,190,6.0,25.0,14.0,18,9.027070078003952,3.0,9.961975981652376,11,11.104187851149836,10.975786112596676,-0.0,11.027191933906654,9,483.9139036080723
14,449,37.0,149.0,186.0,82,1.05822382911194,75.0,0.8784630152598535,70,2.092148362428984,2.019278263390166,93.0,2.016036315078168,36,5360.388098886784
78,194,11.0,91.0,55.0,67,4.970849517039555,25.0,7.244666180691769,39,7.90987587758439,6.912616046455467,23.0,7.163292502190025,29,3209.209682389815
17,102,4.0,19.0,11.0,12,10.989451299856768,3.0,12.046555727719465,11,13.060926337574257,13.102439840828236,-0.0,13.046644238640472,0,116.53242530767136
59,553,0.0,1.0,1.0,0,18.9062118391363,1.0,19.08311086037413,0,20.04474146022329,18.834015820797028,-0.0,18.930946067086094,0,128.096178070862
9,590,2.0,6.0,3.0,8,14.805843249723084,1.0,17.0748819195815,2,18.008560901925815,17.045257739017767,1.0,17.10284001483577,0,227.52709280598344
8,415,37.0,175.0,187.0,100,1.9913815317599053,80.0,3.0183908692905645,125,3.904572561004525,3.0045562346314103,97.0,3.9898154300303847,48,3941.072742298785
77,416,36.0,153.0,189.0,70,1.1796364032014557,83.0,0.8416474733113192,82,1.0301751226874114,0.0647424725998707,101.0,0.7806298872824381,31,2604.767969480396
45,320,17.0,112.0,83.0,67,5.114312025432438,40.0,4.9636176941257855,49,5.035751758852867,5.212203050046522,49.0,4.869058635533725,34,3124.043200663634
87,406,33.0,157.0,180.0,72,0.9548358669716224,79.0,1.981701307031042,72,2.9672355682290155,2.001118065311436,92.0,2.775526583260816,35,4287.312134251625
9,244,1.0,4.0,3.0,3,17.099708283778913,-0.0,18.89885804292857,1,20.02162091069873,19.079206726325346,0.0,19.000570711935747,0,112.21319446190694
28,737,-0.0,4.0,2.0,3,10.974912765139688,0.0,11.097534977585148,1,10.092502191801795,10.923211546052258,0.0,9.96784636102215,0,105.75434861237942
44,578,4.0,17.0,5.0,10,13.04392210629554,2.0,13.99001781586544,5,14.978161851755964,13.853428519157712,0.0,14.996535050544642,3,283.7551695075069
43,500,1.0,2.0,1.0,0,18.95069308260932,-0.0,20.001365094955403,0,21.25393974777876,20.00622155866853,0.0,19.791551515872403,0,25.08378063504226
70,79,2.0,4.0,2.0,2,13.86167235604534,0.0,14.976056302500014,1,15.829558108709344,15.905084965365832,0.0,15.926116854073593,0,176.90676551326686
81,379,26.0,79.0,129.0,46,2.958260714250408,49.0,3.001276954487886,60,3.092709231090512,4.179097765645141,59.0,4.094781948948893,24,4450.71103271399
75,458,0.0,3.0,0.0,1,16.891206155748485,-0.0,18.011892921681174,0,18.19436188537017,16.99160510054457,0.0,17.990686850213564,0,166.50591288257382
48,430,34.0,131.0,163.0,70,1.934729814775317,67.0,3.119920048103715,79,2.960239307108026,3.064907964648999,75.0,3.1182782157266686,35,2512.377331398237
63,338,8.0,17.0,13.0,16,9.756324574960995,7.0,8.832238593739806,11,7.876471811675309,7.892717762156252,4.0,7.955190589146619,2,1156.189838824808
78,438,27.0,148.0,129.0,91,2.9496246109283675,59.0,3.911261759195336,88,4.934032068969374,5.154854446106367,77.0,4.984825116554559,45,3189.247152858015
13,434,31.0,113.0,143.0,72,3.07357470163185,58.0,4.017024870228793,79,3.810861008077835,4.171489925548149,67.0,5.005151263047543,37,2029.7298001151469
37,384,21.0,43.0,89.0,29,5.078262236411755,33.0,5.2012057261480535,65,3.942623716083262,5.075794629744107,43.0,4.948317213648108,21,1628.577620066075
43,463,-0.0,2.0,0.0,1,17.083065749156738,1.0,18.20123524207698,0,19.019890155246635,17.96823122583071,0.0,18.23385936559196,0,101.1575206582262
37,400,6.0,40.0,48.0,24,7.029963261625675,14.0,6.912476632052971,38,6.887447404075704,6.995816976931103,11.0,7.115925496567336,6,2182.4635050543297
14,449,36.0,145.0,181.0,82,1.0613185503447324,76.0,2.081885485960809,72,2.089923275705231,1.798332717354994,92.0,1.9364712198293272,35,5159.807906408237
25,463,1.0,0.0,0.0,1,16.857372957539237,1.0,18.138668946465984,1,19.06424023971227,18.041095285267268,1.0,19.04811856836469,0,195.7043036197069
43,461,-0.0,0.0,-0.0,0,16.97569374478984,0.0,16.95772370877179,0,17.988757725329528,17.18200749975635,1.0,18.001734867580748,0,67.18533100125872
12,162,15.0,49.0,76.0,33,5.943553967415368,24.0,5.7753362412789295,60,5.871319045075349,7.035844881378864,37.0,7.21280971981481,10,2356.697343849089
9,239,0.0,3.0,0.0,2,18.001935971035753,-0.0,18.907994381290035,0,19.841711964298906,18.841502829387505,0.0,19.96592952072454,0,103.09694281599778
89,408,34.0,149.0,182.0,68,0.0081099278801391,77.0,0.8983251366894692,51,1.880780788863492,1.9620338307719645,91.0,1.8700160877408136,39,4962.239088906686
59,506,-0.0,1.0,2.0,1,18.108775737172408,0.0,18.91824622990701,0,20.038601395985665,18.910342851479385,0.0,18.907652273337103,0,61.75182958227705
54,447,35.0,135.0,170.0,79,2.108081639586421,78.0,0.1098149302384748,75,0.2079458261926435,0.0604579788737719,93.0,0.0,29,6534.5687649457695
25,637,1.0,7.0,0.0,3,15.951147757572336,2.0,16.954990431864857,0,17.988900480561124,17.14258321157918,1.0,17.82510356548211,0,343.87941520697416
72,90,3.0,13.0,5.0,10,11.07864052012356,3.0,11.89290028798864,2,12.966115054673809,12.842065119785536,1.0,12.886980100845095,1,364.66009870096417
6,404,36.0,165.0,183.0,84,0.120690075755145,79.0,0.0,58,1.1019547351779493,1.0335494770359217,97.0,0.9361506414641754,36,4504.035066607929
38,408,34.0,150.0,184.0,73,1.168869607001843,74.0,1.912894922196576,71,2.0363581305573524,2.3752901691331845,90.0,2.85360974985694,37,5088.705711930967
60,129,2.0,6.0,3.0,4,13.012910759516592,0.0,15.008839400823,1,16.05157162080298,15.019234266378806,0.0,16.048954574854097,2,807.3620937123421
86,672,20.0,119.0,80.0,75,3.98851927976642,34.0,5.941350037419144,54,7.280167162765386,6.001944238326008,43.0,6.217226036531436,41,1057.98290831827
1,317,29.0,158.0,156.0,87,2.818412237882698,70.0,3.203417269698208,93,3.926885050256809,2.989704957476264,74.0,2.9019650059084325,45,3391.8488903250845
61,714,4.0,16.0,17.0,12,10.161019130439104,7.0,9.990486843542978,16,10.074795213378406,10.127009006092946,2.0,10.08094777446408,0,535.262846315568
13,163,16.0,62.0,86.0,43,5.011217212807317,32.0,5.991617039810104,69,5.896076725615238,7.200382918532938,43.0,6.84609086911947,15,1638.3786493095663
75,487,3.0,6.0,3.0,8,14.849797974530327,2.0,15.880574853601756,3,16.117408151770928,15.054333723639504,-0.0,15.86488907526339,0,147.60314388095023
18,444,34.0,143.0,177.0,84,0.8620595742885285,76.0,1.0198917761754382,65,0.9654889193841124,2.074288932698972,91.0,1.910465450947056,36,5311.199459888238
59,67,0.0,1.0,0.0,0,19.93737796234184,1.0,21.008961243194523,0,20.86939167244021,20.07040350230122,-0.0,20.88356290382844,0,157.67589819419152
25,604,3.0,17.0,5.0,7,12.121224499464743,3.0,14.031908670128118,2,14.932175574362546,14.09758878190881,0.0,13.8549864756427,3,701.2053803084322
62,231,3.0,10.0,3.0,8,14.094751242728128,0.0,14.936561460923247,2,15.015963242310056,14.86371987019791,0.0,15.004895867116035,0,68.6776819490219
4,444,35.0,142.0,175.0,87,0.8350518424704543,75.0,0.9120960452118582,66,0.8635695301522779,0.897094001625289,93.0,1.1129376464330274,36,5589.257454177303
12,172,4.0,27.0,22.0,17,8.168357602696174,10.0,9.074153808672504,16,10.106803289690664,9.896172766294368,1.0,9.956288171669186,4,1624.5922753932084
34,659,10.0,81.0,45.0,43,7.012852102474116,15.0,6.92314805719853,24,7.983761509018205,7.019585131758866,15.0,7.874365232474399,20,1275.9108576436804
61,712,4.0,23.0,17.0,16,9.147130482575085,6.0,9.091549166989626,14,7.894274485580579,9.04209880989625,3.0,9.200431669647193,3,518.5920704329964
87,431,34.0,128.0,167.0,67,1.958125794440852,65.0,3.0323780600745303,86,4.10461693662849,3.0913162949776978,73.0,3.997227915756258,36,5173.679103314246
75,456,2.0,11.0,3.0,10,13.998272279556137,1.0,14.999142781594433,2,16.056888546818268,15.12275271964947,0.0,16.02759714493206,0,243.5633524694172
25,604,3.0,14.0,8.0,9,12.93661602316164,4.0,14.275010683146784,4,14.975895267008362,14.1435135538079,2.0,14.044955648414728,3,700.4926568196556
15,671,15.0,87.0,51.0,65,5.851453798865901,15.0,7.060162350510813,38,7.796449230756034,7.839637338877752,13.0,8.017930246124031,34,1903.239075882088
30,326,15.0,90.0,65.0,67,5.950286918657118,30.0,4.955275471290346,43,6.004389098363689,5.100551649424728,39.0,5.197464233979534,19,1191.7454531150595
86,411,36.0,175.0,181.0,88,1.9080533098697865,82.0,2.8189360530727905,113,4.037201924377886,2.928102846812562,97.0,4.032426238543691,42,2261.776895741784
2,425,30.0,159.0,163.0,91,2.853672631458653,74.0,3.082582262254596,98,2.9513791251621155,3.059242557957784,80.0,2.8702962594106847,46,2608.4957969142456
22,272,26.0,102.0,130.0,66,4.0245941436732,57.0,2.0053550278900167,81,1.8874349160515969,1.886788256505556,64.0,1.850954653959608,31,2912.921332707024
59,554,-0.0,4.0,-0.0,0,19.200667839847604,1.0,19.029800226471703,0,20.16621968742823,18.904592476790807,0.0,18.80738812771328,0,135.23903876700956
71,329,22.0,99.0,101.0,72,5.143583961942225,40.0,4.073410843631586,73,3.9265024872648033,3.888576766858118,48.0,3.992015139064839,23,1504.9512274200354
81,379,28.0,84.0,132.0,49,2.9129015934868665,51.0,3.019444025760026,63,2.977620507055125,4.252642406773857,59.0,4.003086495938946,25,3888.74711994959
59,54,-0.0,1.0,-0.0,1,16.012090373641303,0.0,15.922274479645337,1,15.903426142057269,14.9299939466191,0.0,15.903418898216929,0,140.30289995520258
82,481,3.0,12.0,4.0,10,11.921599378944768,4.0,13.212598815404183,3,14.033273294375071,13.021729600430229,0.0,13.937042114884155,3,348.038247348063
8,403,36.0,173.0,187.0,73,1.136102092097056,83.0,2.288870842623028,88,2.996355379656672,1.888238342668609,98.0,2.794954505148924,37,2530.774276985987
71,313,27.0,140.0,139.0,78,4.018457416461724,64.0,3.0256200690783768,84,4.136021884342443,3.0138948696981864,64.0,3.156426209885512,36,1614.9765539223256
29,286,15.0,87.0,58.0,54,6.165838750783244,27.0,6.0781153519348825,37,6.020071242362244,5.148603711933069,39.0,6.010126736001949,21,1124.4319423020584
12,153,5.0,31.0,23.0,23,8.144693054499673,10.0,8.981346583004697,12,9.076873117886738,8.958171802233672,7.0,9.03706802837293,5,2117.101744841086
43,508,0.0,1.0,0.0,0,18.014748819415065,1.0,17.891902531629484,0,19.02599177299616,17.817638101941963,-0.0,18.92566238204342,0,74.18482847923373
45,656,17.0,90.0,72.0,60,6.149408224390672,20.0,7.084639158937064,54,7.066593886809774,5.916134925095567,38.0,7.152475596914085,25,2808.838515716317
95,285,35.0,127.0,166.0,75,1.788909953793104,75.0,0.9115749449089056,76,0.0,1.1017943234893144,91.0,0.0,38,3180.343156523757
14,450,33.0,116.0,152.0,78,2.8467930266782235,65.0,1.765361786343425,68,1.912703468975529,2.067865152510664,71.0,1.9218144128289705,32,3128.071744952638
89,402,35.0,164.0,183.0,63,0.0,82.0,0.9706117515092932,52,1.993602333181747,1.8498840730430304,98.0,2.180217327646711,31,4164.983289222088
78,439,34.0,149.0,176.0,69,2.0311788070493124,70.0,3.061303420933594,89,3.7860010568220415,2.90541169238024,92.0,3.854718026894119,37,2873.7905032698054
34,666,7.0,45.0,20.0,29,8.81941375058907,6.0,9.985534771634638,19,11.008665278605712,9.992638893453398,3.0,10.047694518580927,15,1464.0250875950069
29,34,4.0,17.0,8.0,11,10.975719468456743,1.0,10.99581428676283,5,11.051388115839794,9.917969732353594,0.0,10.925777904181787,0,353.6823590275801
18,444,35.0,143.0,182.0,78,0.9216309953174222,75.0,1.1366633221257203,68,0.8928254764122271,1.9062162294933955,92.0,2.165859598521369,38,7372.839004490585
64,30,6.0,20.0,10.0,7,11.034507686661753,2.0,11.082034520695425,6,11.135051455273436,10.039686895699733,2.0,9.964224003482398,0,942.4797512607834
77,285,34.0,126.0,168.0,79,2.099798659074456,75.0,0.9017580726575968,76,0.0130451042588246,1.012901500653132,92.0,0.8995314280465676,36,3279.0211050576245
28,709,0.0,5.0,1.0,3,12.181862798077026,4.0,10.997728989142928,1,10.817264376148076,12.081118795902894,0.0,11.934549680776202,0,60.86182244034817
76,69,3.0,7.0,4.0,4,13.110849026598816,0.0,13.905041535027248,1,14.908623252438154,13.983323808641993,-0.0,15.130810228879632,0,167.4165208995255
93,399,6.0,32.0,39.0,20,7.078500457574698,11.0,6.994371285443123,32,7.04292500625511,7.136655243290894,7.0,7.017227593529723,5,1161.0117378404834
44,613,1.0,8.0,4.0,4,15.059458535759449,1.0,16.058698346881357,2,16.829677184090954,17.023134299750648,0.0,16.975336332127835,0,218.0510388529893
93,713,4.0,24.0,16.0,13,8.17612409280479,7.0,7.8924799959711,7,6.8792054181907565,7.910773371896889,4.0,8.162844683623224,5,1620.8430768399346
69,114,0.0,2.0,0.0,2,13.960070781129737,-0.0,15.068209256087307,1,15.885309053224898,16.131436699518602,-0.0,16.00312169037228,0,93.67582272522787
72,148,2.0,5.0,2.0,3,12.027087032501312,1.0,14.1240796192253,3,13.995681152992896,13.694482474330062,0.0,13.933198217582522,0,886.7921838596002
14,445,38.0,150.0,182.0,73,0.1560110627189273,77.0,0.7993461259834655,57,1.0222136819478012,1.0723709482267976,94.0,0.9967822387197856,40,5143.945523754874
75,465,1.0,6.0,0.0,1,12.850531018758163,-0.0,14.015232129461523,0,14.988686902678182,13.971583568538763,0.0,14.033271449936318,0,110.6455116613518
61,394,4.0,12.0,11.0,6,8.983250926009827,3.0,8.806781190277242,11,7.801709411187052,9.088145879343369,2.0,8.97169170654158,1,651.9464832107179
32,533,2.0,10.0,3.0,7,11.99236971226548,1.0,12.806734866815493,2,13.023188785130651,11.949494859475385,-0.0,13.09738319617562,1,262.7767999915804
9,237,-0.0,3.0,-0.0,2,17.780565986457837,-0.0,19.93742941225677,0,21.02708440085306,19.96916684810525,0.0,20.87545772987619,0,172.72744197043664
74,652,6.0,28.0,14.0,19,9.9677881760693,3.0,10.8270939290606,10,11.933919713407168,10.831703245607056,1.0,12.166157660656712,7,219.4276225538005
77,285,35.0,128.0,167.0,76,1.9078709623934016,76.0,1.0516502080492596,76,0.0,0.9988823500506638,92.0,0.0,36,3204.8738692260085
76,95,5.0,16.0,11.0,10,10.045763486815735,3.0,12.133827730779196,7,12.03744511842974,11.972457832786615,1.0,12.010314854949192,1,193.129654164888
27,277,6.0,15.0,15.0,12,7.775415295981735,11.0,7.138327816392676,10,6.030881117652975,5.982754461819527,10.0,6.165973971016529,5,185.0482050895596
11,439,33.0,149.0,173.0,74,1.8229310668046808,69.0,2.8305027082040914,113,4.08044453838165,3.996923183487585,86.0,3.93818637500597,46,2492.4409740503884
15,594,7.0,39.0,22.0,24,10.041687093716254,4.0,10.95221899458518,13,12.014751621931692,11.28045141913669,2.0,10.917573800676005,16,1101.628761031645
59,557,-0.0,1.0,3.0,1,17.975372781915603,0.0,17.88698906368964,0,18.824346299397902,18.1148730180888,1.0,17.87893804500135,0,179.60714372635408
44,591,4.0,15.0,4.0,12,14.144368153585576,3.0,14.973803959990844,6,15.9260034410953,14.875588521235848,0.0,16.09207530889639,2,335.5531719570856
78,440,31.0,154.0,150.0,85,3.166904436096432,64.0,3.8806363748999098,102,5.121103021304148,3.96981929608423,90.0,5.082023741366424,51,3826.854563260099
12,167,18.0,75.0,94.0,51,4.958565976989222,34.0,5.984508326752969,77,6.106640910088798,6.061219264197481,43.0,6.90286498194298,19,3156.5053789382805
15,207,10.0,67.0,36.0,52,7.050540340379587,11.0,7.996568143209275,30,8.993714229866496,8.04952754724014,9.0,8.93342951093299,26,1614.6256063113444
61,735,2.0,8.0,4.0,3,9.984132311973298,2.0,9.870559718234864,2,9.08075043427863,10.034787254091349,2.0,10.074807614655048,0,346.34188724084134
26,595,4.0,22.0,10.0,10,10.90363464028668,3.0,11.882975208267592,5,12.831655084483527,12.10661988188483,-0.0,12.910355592934454,7,566.9484752433656
59,56,0.0,2.0,1.0,0,17.900446892200534,0.0,17.79285556536518,0,17.917101340069564,17.96797527415542,0.0,18.020569016821742,0,146.12329659662225
81,381,28.0,84.0,139.0,62,3.1561650705646707,54.0,2.8842899920551663,82,3.1130038379279164,2.962517343562682,59.0,3.005893348621264,20,5107.95851574984
59,522,1.0,5.0,1.0,2,14.091354175025616,-0.0,15.247933988057214,0,15.052886468963958,13.8879024479577,0.0,14.845976986429989,0,146.4482907145063
6,445,37.0,150.0,185.0,67,0.0,76.0,0.8473186119721227,54,1.9507841042057728,0.979788740213324,94.0,2.0810204570870914,41,3271.2327599162786
70,79,2.0,6.0,1.0,2,13.829839613844287,1.0,15.11726850450188,1,15.917670821737092,15.990098857929956,0.0,15.844860042915366,0,114.60006437997215
15,184,9.0,48.0,22.0,29,7.157275526534439,9.0,8.03265673674242,12,9.052185502940173,8.805716493160794,6.0,8.994272824527982,17,2072.065177150784
15,199,9.0,61.0,36.0,36,5.992166506842168,14.0,6.939319560122499,23,8.265770255468947,8.00891666655948,12.0,7.925190234606071,24,2343.5018114645345
67,698,1.0,6.0,4.0,3,12.040739081893143,6.0,11.984972256651506,6,11.973844239231338,11.83897185954098,0.0,12.308889062930412,0,57.44954240089377
64,10,3.0,8.0,6.0,5,14.906755002303916,0.0,13.99137423645379,3,13.902006263560123,13.979248062549928,0.0,14.024098438745638,0,468.488805527824
27,764,2.0,1.0,0.0,0,13.982734961986138,0.0,11.877460071151376,0,12.00723286258731,12.031438453593356,0.0,12.155028637900374,0,27.51712601802401
59,506,-0.0,2.0,0.0,0,18.07740403233656,0.0,18.882318334018684,0,20.101148435793714,19.10347623168412,0.0,18.977699017896835,0,89.36472057570936
4,432,33.0,130.0,168.0,73,1.9840547965882849,68.0,1.971994906474235,76,3.005302449478634,2.898211632618789,79.0,3.102453274414464,31,6004.961452798397
29,542,3.0,10.0,5.0,8,10.90508483262768,0.0,10.986255878258842,4,12.09190154835954,10.864710248694491,2.0,11.099554827127363,0,494.91509455045
15,202,7.0,47.0,21.0,33,8.049821872296556,6.0,10.008900769785116,14,11.091126162536805,10.153995727580678,3.0,10.066687902422832,9,1570.6372085742937
9,590,2.0,10.0,4.0,7,16.18515491988417,2.0,16.85578896047187,1,18.065225721751315,17.364031853335355,1.0,17.013805064808775,0,127.50531854553904
0,753,3.0,-0.0,0.0,0,16.028195852663472,-0.0,15.05240479372077,1,15.135792859802436,15.090174013546063,0.0,13.95644670105899,0,503.1224497756239
18,450,33.0,123.0,168.0,83,1.9047697075024697,70.0,1.8354885494569515,70,0.8253759304408981,2.039273690112417,85.0,1.968864093571772,33,4031.470376010696
61,735,2.0,10.0,5.0,3,10.046257601185005,2.0,9.82726119014135,3,8.948092159913994,10.18192586000156,1.0,10.10871262075035,0,549.6098733602998
61,710,5.0,23.0,17.0,20,8.99726682335238,9.0,8.988937162153928,16,9.095295464089713,9.961749575784165,4.0,10.174980680179448,3,550.2001225928932
45,680,22.0,143.0,108.0,87,3.875922774335149,44.0,4.97856935852582,67,5.949316682331496,5.029067137305568,57.0,4.93611089062674,41,3561.128119243364
29,308,5.0,29.0,17.0,19,10.114740835933931,3.0,8.97969229036176,14,10.200318300367304,8.810488247312879,4.0,9.102098688136286,1,870.4439691958381
43,471,1.0,5.0,-0.0,3,16.02149941341726,-0.0,16.865018641714943,0,18.02873802704664,16.964263901916862,0.0,17.12539393174668,0,68.30551642554546
34,643,9.0,63.0,38.0,33,6.976403566133882,13.0,8.189586862509673,24,9.061212483570486,7.885868397482442,9.0,9.04001482128301,19,1637.7720942206442
9,260,1.0,3.0,3.0,1,16.196098499707208,1.0,17.952553754475627,1,19.118681347246,18.29061999788893,0.0,19.078965967964866,0,87.25338115489086
78,195,13.0,90.0,48.0,72,4.8940648416587855,25.0,6.931645300710295,38,8.20582316934052,6.801296932091291,19.0,7.065556424902959,32,2743.354042231629
21,304,12.0,54.0,38.0,39,7.080780572761666,17.0,7.018355797386728,28,7.240003962130062,5.957086160546083,18.0,5.957387735997065,6,1584.4909043385403
33,264,0.0,0.0,1.0,0,17.996943080458117,1.0,19.96553225596381,0,19.88289279271002,19.97838989392464,-0.0,19.910128863415554,0,142.04512746553533
3,449,36.0,138.0,177.0,75,1.017400194308795,78.0,1.9899463595725384,73,2.057102284363868,1.83733865370006,89.0,1.9194052685635683,37,3830.953807980294
60,261,1.0,3.0,0.0,1,16.89237516475613,0.0,18.045063295421347,1,19.16719260363812,17.93380710145986,0.0,18.928980990212214,0,551.4042502511996
59,59,0.0,3.0,2.0,0,16.027377720432852,-0.0,16.963873146978084,0,16.887767632861035,16.053177346332905,0.0,16.09895288323055,0,65.02801067723615
12,149,10.0,49.0,39.0,45,7.127625483463996,18.0,8.235572839709292,29,7.952965267278402,7.955863929111869,15.0,8.07637779938696,15,2854.5896853606214
71,331,13.0,79.0,75.0,59,5.7862294966788,33.0,5.05260637115116,59,4.801345739447609,3.9976573880249378,35.0,4.159199490848848,12,1184.3079990039664
75,469,1.0,4.0,1.0,2,13.965875818285896,-0.0,14.93502939013112,0,14.974917865702563,14.899022813421206,0.0,14.921720587567313,0,60.87991643411012
66,344,9.0,22.0,20.0,17,9.121232735016672,7.0,8.173863835254057,12,7.995148774327934,7.866760875571711,8.0,8.15576074912941,1,460.3088733220902
12,151,15.0,55.0,65.0,49,6.099040637386667,26.0,7.04931942614785,55,7.053014969989921,6.959519099419895,32.0,7.048102624708619,20,2511.112420233173
9,242,0.0,-0.0,0.0,0,21.078670191506376,0.0,22.13507173771016,0,22.851101680899045,22.13976729739849,-0.0,23.051688007713533,0,61.94428778618181
76,94,3.0,6.0,5.0,5,11.88492939117701,1.0,13.033368216905192,3,14.023371991819346,14.08163518862318,1.0,13.82001177393958,0,231.8059663486192
12,167,17.0,72.0,80.0,56,5.071049392922696,31.0,6.133545236294258,67,6.684764484188548,7.024107624079947,38.0,6.871535608774057,22,1751.0499884556573
25,598,3.0,13.0,5.0,12,13.93172550807826,4.0,14.996185765273426,6,15.9599954468634,15.077664854883512,0.0,15.225342881036005,2,776.5376893373506
79,38,6.0,20.0,11.0,14,9.91213879426343,3.0,10.070666051674136,6,10.000048103352114,9.919913189916407,2.0,10.093174832157723,0,431.5251097871013
82,484,6.0,28.0,14.0,18,11.012126129944818,3.0,12.099839789891409,11,12.985699188560815,12.340770618181162,1.0,11.747439962992452,4,233.7972680016596
81,432,32.0,119.0,162.0,62,1.98455471450935,66.0,2.876714427941656,71,2.933165090086537,3.258322110172528,72.0,3.0995895122199704,28,5132.661399167813
7,447,36.0,145.0,181.0,82,0.92614104679863,77.0,0.0,71,0.0325561435783517,1.297459043891214,96.0,0.8115087338292704,39,4712.758110740244
2,317,30.0,153.0,159.0,79,2.9945098558850813,69.0,3.1486092076925343,94,3.139915899763856,3.0022640371803107,74.0,3.0856506932099634,43,3304.0518373654163
34,659,9.0,75.0,40.0,39,6.920670080293053,12.0,7.949922782280306,19,8.118189056115092,6.9998448276716765,15.0,8.13585752813983,16,1057.5036593173331
15,593,4.0,23.0,10.0,10,11.131614156822517,4.0,12.813584054534632,5,14.173731786907643,12.82254632487336,0.0,12.994553188559186,5,1502.6545758465854
23,208,4.0,26.0,13.0,19,7.922332152395561,4.0,8.850118423029084,7,9.963589949071334,10.094182923222936,0.0,10.15335008858607,9,339.7529581383238
81,381,28.0,92.0,142.0,64,2.947484959015091,60.0,2.7932418085178714,71,2.0449967408102485,2.940480003153072,62.0,3.075518899984599,30,3205.7854360725764
61,393,4.0,18.0,15.0,10,7.974348422229604,4.0,8.061583758386723,10,7.799381063433729,8.88749209306863,3.0,8.000941164901008,3,736.880882427992
43,497,0.0,0.0,-0.0,0,20.948251972522066,-0.0,21.993783021671025,0,21.87492353465316,20.90787757896555,1.0,22.1388321949759,0,137.76627817000391
6,445,37.0,143.0,185.0,75,0.764913300107857,76.0,0.9599776123183958,63,1.0585024051874312,0.9089249398049082,94.0,1.898768766013877,41,5030.857086664293
29,310,9.0,57.0,39.0,39,6.831455188225064,14.0,6.863116120205502,22,7.849673356706558,7.013093016567485,19.0,7.038683118236847,9,1318.2410231768208
86,686,23.0,156.0,120.0,90,4.1610354454976815,47.0,4.759554046283113,75,4.971132301095127,3.8996320477305577,58.0,5.064443503618465,35,1681.418298874788
11,443,27.0,120.0,137.0,63,2.867009987109255,63.0,4.167087588796291,85,5.290881725539864,3.930602243933476,68.0,5.070252423246052,39,2378.7542262830734
59,55,0.0,0.0,1.0,0,17.034744829846613,1.0,16.942552547877863,0,17.133627899657366,16.96321608118682,-0.0,16.9073794024776,0,107.96869118926772
81,161,26.0,92.0,121.0,54,3.892649586729606,52.0,4.06458952140762,58,4.109466930184474,4.961855131135214,61.0,5.02388261785723,29,2326.0273995211205
14,446,35.0,135.0,173.0,86,1.94336520170452,75.0,0.8189738638664912,79,0.3513938463807966,1.1186587441253752,92.0,1.1682680029882124,39,4350.887456407597
11,406,34.0,155.0,179.0,63,0.7894666049571321,74.0,1.9639021359217368,74,2.8972972826793297,2.8967077892059687,94.0,2.962610039369036,35,2286.9061699091944
73,4,2.0,1.0,0.0,3,17.091993817377546,0.0,15.962148821041174,2,16.021327835367615,15.970285687798356,-0.0,15.858644676204753,0,158.93278661644163
58,15,2.0,7.0,3.0,5,14.996792568772786,-0.0,14.196192184171116,3,14.886644749816428,13.971840711718997,1.0,14.14709964595604,0,121.51652023443536
34,666,7.0,36.0,19.0,24,10.089583500747818,6.0,9.665472074901308,17,11.057287833994025,10.098601171674462,2.0,11.121141196691784,12,744.7851393668928
64,7,4.0,9.0,5.0,6,13.97858755036376,1.0,13.085825612370414,3,12.934455232677662,12.9998193929109,-0.0,12.804525020648052,0,658.214155389186
21,364,11.0,28.0,18.0,17,8.8399167698834,8.0,7.970587246665303,13,7.927107772742483,8.120916300433182,9.0,7.046842486444065,1,927.2718726362012
59,566,1.0,5.0,1.0,3,15.748142364528611,0.0,15.95396209648249,0,17.017403706722497,16.025241258269933,0.0,16.91782005342192,0,153.12597516220416
53,447,36.0,144.0,173.0,91,1.0914674595078195,75.0,0.0,69,0.0124260138599837,0.9150324137347438,92.0,1.2803920239550282,36,6528.52890086802
81,432,33.0,130.0,162.0,71,2.025875313807105,68.0,2.053197558135141,76,3.136186186850412,2.990623844239607,82.0,2.791394460147234,31,5665.812020925351
33,264,-0.0,0.0,1.0,0,17.041159813706827,1.0,18.770814282931003,0,20.133626876878672,18.886231580311573,-0.0,20.021906615323545,0,35.75130475846989
33,141,0.0,1.0,0.0,2,16.074799099673136,0.0,17.976063158163033,0,18.01994307502199,18.12608319912068,1.0,18.081816845421056,0,317.30422979525434
74,537,3.0,16.0,3.0,13,10.967494155961552,1.0,11.83680673415483,4,12.953567868316416,11.91364588587025,2.0,12.093031167413953,4,205.42325034913367
43,473,1.0,5.0,1.0,3,14.951363664359445,0.0,16.01793085527829,0,15.966342036492811,15.957990530476376,-0.0,16.08034799344552,0,81.78270425562918
9,243,2.0,3.0,4.0,4,16.021844758904024,1.0,17.85072057450161,2,18.930180819156483,17.87861891986233,1.0,17.93112168435029,0,134.52397343757002
79,30,5.0,15.0,13.0,7,10.906420389114135,3.0,10.9596790031668,5,11.206169051730903,10.021128847919748,2.0,10.130015497688484,0,350.2193545123277
59,508,-0.0,0.0,0.0,0,18.114016930286184,1.0,18.84643256829948,0,20.068058892412857,18.954130749263616,0.0,19.008988483581547,0,166.84233795688718
28,733,3.0,9.0,9.0,4,9.949794929702264,1.0,9.053117021263786,9,8.955732070252239,8.850929667015581,2.0,9.000055205947039,0,267.8105621546815
1,313,24.0,133.0,126.0,72,3.835384615729043,58.0,2.8186539081612776,82,3.8287645424874057,2.907062504310729,62.0,2.9409154044972725,30,3438.867485170335
93,710,5.0,24.0,19.0,20,9.112080810121896,8.0,8.836001989266487,16,8.92114695111289,10.039048359321692,4.0,10.310824544371783,3,304.2275249671682
44,583,3.0,16.0,6.0,10,13.185879975876707,3.0,14.845305189180664,6,14.981287089029948,14.860019576789163,0.0,15.124032684129562,2,421.8430814977864
94,445,36.0,145.0,178.0,80,1.1257678986883155,77.0,0.9455157115616728,64,1.1044371007067475,0.989355632064153,92.0,0.9764848239704208,36,3799.713623927584
34,529,7.0,42.0,24.0,36,8.86989372218922,7.0,9.19722176858394,23,10.10323543359612,8.948426855527167,7.0,9.085102099994735,7,1119.3011706354887
29,310,8.0,49.0,35.0,31,8.04165539046191,11.0,6.855493297975248,18,7.92875576015998,7.031175436526206,17.0,6.972023709048084,6,995.6523614072344
88,269,25.0,112.0,120.0,67,4.033534156802702,54.0,3.009619257477653,75,3.130087011479731,3.244226283535375,55.0,3.067655273506632,28,1758.9990605739677
43,472,-0.0,2.0,0.0,1,17.116393327099804,-0.0,17.032996425869168,0,17.9095082443101,17.085510930229184,1.0,18.00211691612787,0,66.26999731660209
62,102,4.0,15.0,8.0,10,11.957224385982126,4.0,12.98163395892984,10,12.98983070498319,13.08945500896508,0.0,13.18725529565587,0,348.6863007587731
81,436,27.0,86.0,129.0,44,2.922188398199996,54.0,3.9576874148582464,54,3.893542848552552,4.307538954274306,60.0,4.059026603851488,26,4690.634978784928
63,278,16.0,81.0,82.0,59,5.235338896960768,29.0,3.8819149410971177,65,4.040350574022419,3.8864961065812222,37.0,4.1169932981374,14,3122.8590880910706
59,559,-0.0,1.0,3.0,0,18.061477023223933,0.0,18.11316386395512,0,18.01673375561839,17.826604276500763,0.0,17.852035567520378,0,194.06933793685047
28,689,-0.0,2.0,-0.0,3,14.912695321387623,2.0,14.984249815803755,0,14.05716998260067,15.030040398831542,0.0,14.84847611204108,0,115.565409562091
60,261,1.0,5.0,1.0,3,16.954201888304873,1.0,17.71969494678089,1,19.0280328672796,17.89914634550938,0.0,18.989551835677137,0,592.8916588791831
17,86,4.0,15.0,12.0,10,9.850210366889687,2.0,10.92676616448166,5,12.1141103076688,11.988116111782396,0.0,12.023560594352697,0,159.65139426926925
2,426,29.0,163.0,147.0,86,2.6246858452274884,67.0,2.988205777846165,82,4.005250806486504,3.099000664065003,72.0,3.917676036067802,42,3227.419751316392
8,415,34.0,160.0,173.0,89,2.1807936090031275,69.0,2.8623073159387484,111,3.9837719921662993,3.925886950395976,92.0,4.206746008580057,43,2335.899342250438
23,223,9.0,55.0,34.0,34,6.127526953081258,17.0,8.011420941464513,30,8.082515168067538,8.035678329447594,12.0,8.016999351545588,19,1344.1427884281757
32,662,6.0,31.0,16.0,21,9.964604909227717,3.0,10.988263193822515,14,12.014880163115713,10.909236179997883,2.0,10.96203702486999,10,568.6540512924264
2,421,38.0,164.0,191.0,79,0.0,80.0,0.0194401839947594,70,0.957070175420281,0.0,102.0,1.1377461566163587,35,3604.796754178043
59,565,1.0,4.0,0.0,3,15.031479117823176,0.0,16.142421066808442,0,17.06246668482299,15.970524326347364,0.0,16.09539916723606,0,186.03117850766543
81,161,26.0,88.0,118.0,50,3.91084982011704,52.0,4.0681313928151415,70,4.926787925255279,5.215005627861917,61.0,4.8920809861431485,28,5353.247373838113
58,44,0.0,0.0,0.0,1,18.01506857711589,0.0,18.00732092019585,1,18.048600029551302,17.067763939960244,-0.0,17.031274746417914,0,169.6822816823433
48,435,33.0,113.0,155.0,66,3.2117071954709338,60.0,3.98584626098116,88,4.000707346999805,3.805970274875456,67.0,3.999213639762458,34,2495.439367533673
3,433,34.0,139.0,177.0,71,1.0694052421945206,73.0,2.017579575372327,77,3.0031144755475934,3.0111131909758986,91.0,3.0604220839300926,33,5838.834178290404
67,727,0.0,6.0,1.0,5,13.116614859969154,2.0,14.00899780014595,2,14.0412027424499,14.225411933011063,0.0,14.115708643358266,0,37.70567596736748
27,370,4.0,2.0,7.0,2,11.84458494881227,0.0,10.043893139076602,2,10.00777566678996,10.052534595642602,-0.0,9.99493764166672,1,40.7269895540619
93,399,6.0,30.0,34.0,22,6.989283258110446,10.0,7.983532775375489,22,7.079260810748028,7.909230068647759,7.0,7.973917333916288,5,1029.735988766556
32,535,3.0,11.0,3.0,8,11.955137769243898,0.0,12.00725623338051,2,13.0706611238768,11.802793731694674,-0.0,11.72278477185624,1,390.3614473143268
17,104,4.0,18.0,13.0,11,10.9623289771339,3.0,11.975025074384382,12,11.890176893095823,11.928709509765428,0.0,12.947009151825796,0,134.38318982613444
24,640,11.0,73.0,42.0,35,7.011859572275438,19.0,8.011017410780292,24,7.864986979516888,6.861085345793996,14.0,8.180267516518182,24,1766.1449182153297
0,750,4.0,3.0,-0.0,0,17.147638492749884,1.0,16.173670392931655,1,15.896631436277936,15.943458538498714,-0.0,14.91416824234832,0,307.35316656632887
9,252,-0.0,1.0,-0.0,0,19.0572661260476,0.0,21.14159298878162,0,21.96935755022074,20.96674494477456,0.0,20.820991604789004,0,54.1392220481654
34,657,9.0,63.0,39.0,43,8.002531347987256,11.0,8.01468715663477,28,9.096717038904105,7.81154932653539,11.0,8.14717164274033,14,1226.9005028970914
4,445,36.0,152.0,181.0,75,0.0,78.0,0.0,57,0.9419961710647186,1.109007106607087,95.0,0.9943491882194208,40,5153.805882929241
68,181,6.0,32.0,16.0,22,8.023633925310836,8.0,8.979976341338878,11,9.838666022058224,8.834881699166493,3.0,9.980970744541835,14,834.5931468612465
86,684,20.0,149.0,104.0,95,3.7843637233857823,40.0,4.972069156088602,66,6.001654853183899,5.018710636368124,57.0,5.875608078003684,47,1942.6589381708889
84,429,38.0,178.0,185.0,79,1.980679663071653,83.0,2.133314801632743,106,3.036907526439577,2.0815986518549447,100.0,3.063679114046294,42,2718.545368270117
76,89,4.0,13.0,8.0,10,10.984892583058288,1.0,12.038960202165676,4,13.086096732124862,13.096948185003146,0.0,13.027667810844358,0,284.33030115265313
44,582,4.0,16.0,9.0,8,11.960811559557891,3.0,12.82202158015277,4,14.087068073357782,14.06646470358939,1.0,14.024869154224367,4,386.17207252134585
25,601,4.0,13.0,8.0,11,14.03310847590189,3.0,14.97864500984724,6,15.862874645241352,14.806479180002745,0.0,15.194607766771318,2,643.3508411102409
78,407,35.0,159.0,181.0,78,1.0786477926352571,75.0,3.1578515416371244,84,2.9265926717253574,3.099450419611057,92.0,3.081008381375236,37,4043.972877460176
62,96,3.0,10.0,2.0,7,12.87629422285407,0.0,13.96956677831953,2,14.909744223237746,14.970006540234849,-0.0,15.233996901406694,0,53.85414536900516
94,445,36.0,162.0,183.0,84,0.0,76.0,0.0,55,1.0532905054676305,1.0471916964313588,97.0,0.9413415558669675,37,4673.082721599289
68,223,11.0,64.0,41.0,41,5.964475410469764,19.0,7.027286371503777,33,8.035156462710995,7.97181663180992,15.0,7.907635518029198,22,614.4431775207793
30,292,17.0,100.0,83.0,67,4.917354040561895,35.0,4.968285447050274,53,5.012113676370593,4.90116197454499,39.0,4.813327904388238,27,1263.774105443539
25,630,1.0,1.0,0.0,1,16.088933054785734,2.0,17.0689723963645,1,17.912392575592065,17.160795990667413,1.0,17.81667120523092,0,204.258248722906
68,192,4.0,18.0,5.0,12,10.807123847134712,2.0,11.91607988299839,4,13.154133978113626,11.973455310186209,1.0,12.94078628148533,5,222.91185270694044
72,220,5.0,14.0,6.0,15,11.029048453608022,2.0,12.090231943450638,5,12.830812937514022,12.089462546006862,2.0,13.007420146158994,2,511.26917851609824
75,456,2.0,8.0,3.0,8,14.049985044271937,1.0,14.842055074187844,2,16.033677544869757,14.825795334135002,-0.0,16.157552692831175,0,55.59228161985481
30,326,15.0,89.0,64.0,68,6.093353466355963,31.0,5.03970673817747,44,4.828862632833771,4.900514269480131,38.0,4.914477067849557,18,1685.402055014959
25,464,1.0,2.0,1.0,2,15.038141002125784,1.0,16.059885676690076,0,17.232017802452926,15.84294458446592,0.0,16.9706111260966,0,718.9971178614633
37,177,14.0,46.0,63.0,27,6.068770882676726,22.0,6.671777322905135,47,7.085763687601801,7.051028925039754,30.0,6.994175270328694,12,2150.3362539635195
81,450,33.0,117.0,155.0,74,1.999698142933989,67.0,2.024120354523382,64,2.230940607108939,1.6962645648171313,74.0,2.10203100806198,32,3389.429814286152
24,640,10.0,66.0,39.0,33,7.2005906904305705,12.0,7.826672438645507,22,9.092727103486949,7.97614913686846,8.0,8.783263259121918,21,2663.1512345357023
4,449,36.0,147.0,182.0,82,1.0451043984481947,73.0,2.0797676711895816,73,2.099617879748381,1.9228661513001897,92.0,2.200008540155877,34,6362.87300665637
9,254,1.0,3.0,0.0,1,18.952339206849818,-0.0,20.197490242194505,1,20.737053250798727,20.083544886610472,0.0,20.97268709248117,0,97.22923424346114
87,406,33.0,152.0,174.0,71,1.1725285232233946,73.0,2.822881047520996,80,3.0001580539920134,3.012370814100009,92.0,3.168559059539516,34,3957.546434859181
70,75,2.0,6.0,3.0,2,13.003098175368034,1.0,15.097476680584856,1,15.07385280796736,15.01772460657758,0.0,16.105820782181038,0,156.80524940473964
39,420,37.0,160.0,186.0,76,0.0210473034281542,82.0,0.0,67,0.8705029273348922,0.0562033202806957,100.0,1.17437522832228,35,5709.287756483026
5,445,37.0,143.0,181.0,74,1.0668615706839726,76.0,1.1994658508220164,63,1.0983507964321153,1.0355809369582671,94.0,1.929161073075668,41,3805.3707531572127
92,406,33.0,154.0,178.0,70,1.1062311687432853,74.0,1.960567343088592,75,2.9535463333175542,3.071451735531649,92.0,3.0901720329657887,33,4882.715086873565
71,269,25.0,107.0,127.0,64,4.204245387472816,60.0,2.9618009927159825,76,3.091921017495024,2.0559693292987067,58.0,2.073856452742697,31,845.7845316973284
44,248,2.0,10.0,1.0,4,15.867258740816276,1.0,17.082235983737675,2,18.02673208965997,17.148501690075346,0.0,17.646694194065127,0,107.82461121191936
82,495,6.0,26.0,13.0,17,10.696461584907365,5.0,12.00173783714492,10,13.052626894888068,12.063488558131631,1.0,12.147912792485872,9,278.2228423143365
57,127,2.0,5.0,2.0,3,13.931103648805252,0.0,15.138610073691048,1,15.814294301559706,15.79567897521839,1.0,16.366689533347405,1,64.51886000532153
43,473,1.0,3.0,-0.0,3,16.079629242072638,0.0,16.104565208423793,0,16.844750717802057,15.907092806545789,0.0,15.846108298303124,0,86.00997464022188
70,79,0.0,2.0,4.0,0,13.846369211158535,0.0,16.162512697372946,1,15.903609492994972,16.136106793281012,0.0,16.04464305343115,0,72.89287313138765
71,330,17.0,95.0,92.0,70,5.137654574446903,35.0,5.029162028131897,67,5.070196494816237,3.994835739500799,42.0,4.124373312026428,20,1456.3396465534288
4,433,35.0,135.0,172.0,72,1.9031710574452667,70.0,2.009002072604824,80,3.031134553762722,3.2913427786796565,83.0,2.911553783521629,36,6019.729293426215
48,164,19.0,84.0,103.0,51,3.969668985788339,39.0,5.054684012144507,77,6.052109492372209,6.052410237382734,53.0,5.885209208741742,28,3287.481234162761
1,425,29.0,162.0,162.0,90,2.805347937426204,72.0,3.119046668084505,98,2.79794525236932,1.996703838831496,81.0,2.8850094294165904,47,4051.188580719325
29,309,6.0,28.0,22.0,14,9.19274210539065,4.0,8.919693031559937,16,8.9454023994385,7.959771859515491,5.0,7.988365603056792,1,1164.4977753395085
67,693,-0.0,6.0,6.0,3,11.079284381827197,5.0,12.063346968692468,6,10.787729216384104,11.903610701769995,0.0,12.065167623143664,0,33.546271308232406
2,425,29.0,158.0,162.0,84,3.141115860783603,73.0,3.0851053693643844,95,3.085525017497181,3.101902531728714,76.0,3.148393788077568,47,3938.112542980989
29,301,8.0,26.0,22.0,13,8.993055771475435,6.0,7.922083497943703,16,9.048589252099912,7.96549215462685,9.0,8.11461757902583,1,683.846842378915
80,136,1.0,3.0,4.0,3,15.043331525578944,0.0,16.634421859019312,1,17.98382258173669,17.151029220361995,0.0,17.920969589949827,0,65.46655658349405
15,596,5.0,17.0,8.0,8,12.02195417600774,3.0,12.998422675486028,3,14.02573034449408,13.17573456022987,1.0,14.135631317901504,3,1272.4423389853105
0,62,3.0,3.0,3.0,1,14.954083141613037,0.0,14.088155393153276,1,13.99735908176392,14.131773935319629,0.0,12.897029313048575,0,410.1157765312732
9,246,2.0,3.0,3.0,4,16.10591895001142,1.0,16.96179162587179,2,17.968594721806564,18.01189398934822,-0.0,18.0341375188118,0,161.92798060801792
23,209,5.0,28.0,14.0,17,9.07717805375424,4.0,9.96898841185183,10,10.992838169435808,10.015775644823968,0.0,11.139232868605388,7,966.568010337966
58,45,0.0,1.0,3.0,1,17.074093310106303,0.0,16.958498995841758,1,18.10791539182344,16.986785861117152,1.0,17.138613039256878,0,103.89833007037456
59,576,-0.0,3.0,1.0,4,15.244574321838549,-0.0,15.893035424428026,1,16.11723932472224,15.073044905727,-0.0,15.927901728755913,0,230.7520882376272
27,761,3.0,0.0,0.0,0,13.910022052680535,0.0,13.137678872021915,0,12.913132232018238,12.883743981935933,0.0,11.926538259694546,0,64.14207075912637
73,1,-0.0,1.0,0.0,0,18.99651848130576,-0.0,18.88462236582369,0,18.908556452353984,19.193479776153435,0.0,17.798708293977597,0,170.2029623447438
43,501,-0.0,0.0,4.0,0,19.88122883469737,-0.0,21.077872502558545,0,21.89426310875508,20.816399892938705,-0.0,21.81268637739479,0,40.76931660155872
32,535,2.0,9.0,1.0,6,11.92965593039466,-0.0,13.04690620709978,2,12.781894204315368,11.88609031544031,0.0,13.285144513664564,1,485.7964580054321
61,714,4.0,14.0,16.0,12,10.038419158373358,7.0,9.810694705708343,16,9.914434121933605,9.813653523801593,4.0,10.124194735174909,0,750.1008702177616
9,246,2.0,5.0,4.0,3,16.11616543728886,2.0,18.00347524449021,1,18.008381107383336,17.90647854561181,0.0,18.07124768465425,0,172.09171654419058
69,121,3.0,11.0,5.0,7,11.955972198015052,0.0,13.04853318645167,2,13.926854615002084,13.999365466701384,0.0,13.902620807054335,2,166.08930348145574
43,460,1.0,5.0,2.0,3,16.2451469563146,0.0,16.93817697388774,0,18.10118317303271,16.95708979117951,-0.0,16.98006382675978,0,82.4365874836187
74,492,3.0,14.0,3.0,12,11.95871616430478,1.0,13.176415507535534,4,14.083875260974065,12.901913262690869,1.0,12.971118207699032,1,158.9140808662071
87,406,34.0,149.0,175.0,73,0.8592784696341251,73.0,2.907932811600788,87,3.792246424077872,3.00518914236702,92.0,3.753603763758891,35,5111.641567171357
32,534,3.0,14.0,2.0,12,11.058125790827257,0.0,12.142325593115585,3,12.180028960719095,10.981844081578826,0.0,11.889203706958067,1,458.7603809198274
33,255,0.0,2.0,0.0,2,18.09389215843889,2.0,19.05481516514577,0,20.16839646027063,19.004477240331283,1.0,19.99454929602928,0,202.9608838728593
79,33,8.0,21.0,11.0,9,10.98145922008546,4.0,10.18987024749882,5,9.95404065623752,9.88214836002271,4.0,8.881344763819378,1,431.6553459210435
41,445,38.0,150.0,181.0,74,0.9842944303782908,79.0,0.8105435083060102,62,1.0705778504422778,1.069334732477114,93.0,1.0799094697718787,39,5626.192224322183
62,74,3.0,10.0,7.0,4,11.82611583602445,2.0,13.908183097270545,5,14.038488699162867,13.945519080494686,0.0,14.22045798668504,0,158.04984253098866
62,68,3.0,13.0,4.0,4,12.206244713128296,1.0,12.88442926436814,5,14.299574540243553,14.127102354029413,1.0,14.17587432760356,0,163.03550580945347
5,445,38.0,145.0,180.0,77,1.0659043852685055,78.0,0.8814105044455652,62,1.241483993471492,0.8749773521030118,93.0,0.9188269596987924,41,2938.087501005844
25,479,3.0,12.0,6.0,11,13.050632743661328,3.0,14.008448763460372,3,15.068673817415691,13.815382774928972,0.0,14.768505527523027,2,716.4599411304828
88,418,32.0,123.0,162.0,64,1.9903230851845808,69.0,1.1858386970590082,85,0.9743159164608164,0.6562644481765012,88.0,0.0,26,1630.1285408212702
69,90,2.0,15.0,4.0,14,10.94107563538828,1.0,13.010675223913696,5,12.837822206084114,12.963609444880587,0.0,12.94344450308739,1,131.93117588328485
27,764,3.0,1.0,0.0,0,14.032762359571164,0.0,13.012596193878272,1,11.93265719663919,11.978443316785816,-0.0,12.03989111903874,0,52.02555523917808
81,444,34.0,138.0,176.0,77,1.0873436338128282,75.0,1.088844959523462,62,1.2067527911936058,1.9784468957685253,93.0,1.8205403439870225,39,4242.631973885023
26,589,2.0,10.0,5.0,6,15.131705067729635,2.0,16.1499663506876,2,17.11963642916336,16.082407238581467,-0.0,17.025139735923613,0,79.83264856398634
67,697,0.0,3.0,0.0,1,12.192192400795957,3.0,12.000860532872688,1,11.842212473600329,13.034191512529112,1.0,11.846485153990283,0,128.948675768512
45,313,23.0,137.0,127.0,78,3.729730645344424,55.0,3.018764958241263,90,3.959136111222825,2.914581651108156,58.0,3.0254834525478684,35,2315.969984816112
23,154,8.0,43.0,26.0,27,7.131467264343745,11.0,8.098532816140862,15,8.88158508099427,7.920391788126264,6.0,8.93643771477026,12,1462.9462123264775
43,503,1.0,4.0,0.0,2,18.958510321703745,-0.0,19.92568993834467,1,19.9638737090124,18.974157594234207,1.0,20.061730525730507,0,85.19957862347304
74,521,1.0,2.0,2.0,2,13.204067087092112,-0.0,13.025659237579791,0,13.983010100794916,12.931388941554754,0.0,12.990596595765089,0,53.83263674286857
34,657,8.0,68.0,41.0,49,6.977928149073794,11.0,7.995696590473519,31,8.013699350091407,7.851750148977115,14.0,8.257760951846596,14,1795.9182320427724
26,581,4.0,21.0,9.0,11,11.957385900118954,3.0,13.13951738389357,5,13.812811430087605,13.17809036142872,0.0,13.977388197653998,4,1446.5752041070166
76,71,3.0,9.0,7.0,4,12.170264948077069,0.0,13.091393017658588,4,12.807059181470688,12.971324447862653,0.0,14.152053854407304,0,182.1955815172205
57,110,2.0,8.0,4.0,7,12.90605507956297,-0.0,15.153418076593734,2,16.200026359552066,14.996720820514714,0.0,14.96577144931326,1,218.9551476549476
23,211,7.0,32.0,20.0,19,8.036188909101597,5.0,9.126239014274235,13,9.999677844994844,9.0699986935728,3.0,9.959585752587692,11,429.1017101230407
66,354,6.0,13.0,9.0,12,12.073556354512949,3.0,11.025737614032938,6,11.019030084427358,10.804826214385708,2.0,9.982233481870187,0,508.2480670526126
34,543,7.0,45.0,29.0,41,8.993885360278355,6.0,9.09552771698568,26,8.972905722573907,8.899623392023004,9.0,9.099230428110944,3,1157.1195571820251
75,565,0.0,4.0,-0.0,3,15.06934453088538,1.0,15.844265388929657,0,16.957554804755116,15.853307048916706,0.0,16.0492703896111,0,43.216814791453686
25,627,1.0,3.0,1.0,1,16.971147283419334,0.0,19.146903869640106,1,18.936928803472203,18.185138882882693,0.0,19.010294844990003,0,805.0625169380687
33,117,1.0,5.0,-0.0,1,16.093070571653154,-0.0,16.939155764297443,1,18.27391666043392,16.970351449761164,0.0,18.19274661963445,0,220.5176614294356
25,629,1.0,3.0,2.0,1,17.920053440284597,-0.0,18.940502157894542,0,19.85288520522616,18.945995471481627,0.0,19.19614589710375,0,908.0505405432796
61,392,4.0,16.0,14.0,9,8.989285065308044,4.0,7.913549849523803,11,8.190085282005704,9.202294081308557,3.0,9.04293972239043,2,617.469807783081
78,198,12.0,66.0,37.0,41,6.023329544979944,21.0,6.989736008019173,23,7.927891050624082,7.006805783156306,20.0,7.848872905479607,25,3264.260220117307
63,333,6.0,11.0,9.0,12,11.047817795400858,4.0,8.924706310368764,6,9.029115324216406,8.978615265497533,1.0,9.036148929176385,2,1053.972479642997
80,136,1.0,4.0,-0.0,3,14.999884286009578,-0.0,16.765819334447368,1,18.27711908603747,16.883387515952812,1.0,17.939057047136615,0,93.73748957526112
32,538,5.0,27.0,10.0,20,9.891667147709777,4.0,10.953476290224588,10,11.058223436316712,10.08271848660828,3.0,10.91722897269101,8,888.5054262859898
8,415,36.0,177.0,186.0,101,2.189686159762254,79.0,3.0363052392965098,124,3.921982525269302,2.944537098331544,97.0,4.068054220017976,49,3914.0428067216144
4,449,37.0,148.0,181.0,80,1.0034233969961637,77.0,0.9448171519637492,66,1.0270629054010756,0.8848880077857314,92.0,1.8763514586530308,39,6064.965288837577
26,635,1.0,2.0,3.0,2,15.732229762073608,-0.0,16.977255246189436,0,17.861486365176745,16.859965771319448,-0.0,17.09606268627734,0,209.2607781735823
33,113,1.0,2.0,2.0,3,14.847259557350286,2.0,15.791228886336096,1,17.103012331126052,15.87475702510807,-0.0,16.973399295290353,0,119.18287799517668
84,429,36.0,172.0,180.0,76,2.1758174361222724,81.0,1.8766372731351564,98,3.109886425840827,1.8290263747577915,100.0,2.1892398150003705,41,4990.413678801355
56,422,35.0,142.0,174.0,82,1.977238760207307,76.0,0.1911748484421395,78,0.0340173270744911,0.0996943898083146,93.0,0.0951981335615716,33,6600.900624161917
29,542,3.0,18.0,6.0,17,9.798821784383971,1.0,9.955810363496775,6,11.173258683186203,10.032087119959666,2.0,9.887480969331298,1,423.292960896858
59,546,-0.0,1.0,2.0,2,19.05786386608066,0.0,19.222206363174013,1,19.85000435807667,19.04238044949247,0.0,18.94751325761551,0,134.0186883057506
24,669,16.0,115.0,72.0,78,4.958830378880366,35.0,6.002322649152101,42,7.071397558147801,6.0490398069257125,39.0,5.880578106095985,40,2308.918527121427
73,14,2.0,4.0,4.0,5,14.073384090597084,1.0,14.080394683520485,3,13.860268975315805,14.051384243905916,0.0,13.933759411338643,0,165.48450956019457
76,78,2.0,5.0,3.0,2,13.164606208405544,0.0,13.922250080777175,2,15.030650337469618,14.0452911063752,1.0,14.943062468850448,0,97.76492862513646
3,408,35.0,147.0,185.0,72,0.8954840868582414,76.0,0.9070086461813904,64,2.2243694268495773,1.9440992604060747,90.0,1.8023350058579704,37,4859.909457723067
68,181,6.0,35.0,17.0,19,7.113116652670119,8.0,8.880758726492816,10,9.955894598534398,9.068980195387512,3.0,10.10806561692411,12,851.7316014786242
61,707,4.0,10.0,8.0,4,10.076313454568028,2.0,10.031936529133247,8,8.993019556625491,9.842254622321976,3.0,10.067538907814278,0,293.6473703068808
29,308,5.0,33.0,24.0,22,9.118514182784963,5.0,8.904299899780522,19,8.960779173565179,9.008036317823874,7.0,9.008305598859929,1,988.9899829985025
29,289,13.0,67.0,51.0,49,6.922686479195609,25.0,5.971403103066486,31,6.974490483449462,6.201560206929364,37.0,6.006516225026839,21,1531.8669102232109
75,471,1.0,5.0,0.0,3,15.814722649744628,0.0,17.188976390733167,0,17.035792578356357,17.169050935573548,2.0,17.0607354785274,0,65.05163319763301
22,281,29.0,112.0,153.0,72,3.0364151084621818,63.0,1.870369643570951,92,1.075015052351119,0.963362229702401,79.0,0.9738535262139798,38,3017.984852165447
33,113,1.0,1.0,0.0,3,14.93015769364815,1.0,16.095813958435258,1,16.929209544617052,17.159697872816363,0.0,17.037532968454265,0,185.0901273940058
64,26,3.0,6.0,5.0,5,14.884571473670704,0.0,13.76992314036615,3,14.092529045174714,14.029541987927422,2.0,13.871203004702622,0,512.0760938454249
62,107,3.0,10.0,9.0,3,11.75289539768618,0.0,13.918757029695673,5,14.064095161843516,14.083416302204524,0.0,13.94180689662915,0,209.93204610767887
25,486,1.0,1.0,5.0,2,15.968180037921467,1.0,17.02306800214682,1,18.0562062699924,17.0940065655254,0.0,16.85926099254952,0,176.11079038819412
24,676,10.0,58.0,33.0,31,7.855970337126109,9.0,8.979292216695965,19,10.314788387006942,8.860362148819242,6.0,8.834190521257117,21,2092.8628897953413
74,648,6.0,29.0,16.0,18,10.949823763956926,4.0,11.874094784236425,11,12.951586235677771,11.92499550787126,1.0,11.835984512511336,6,295.53403232659434
62,108,4.0,16.0,13.0,11,11.879836510156236,2.0,13.041947023993576,12,12.800275733737148,13.039474062761236,-0.0,13.011342637512486,0,166.32122689169574
67,720,-0.0,0.0,0.0,0,14.119510520664758,2.0,15.135559523093267,0,14.988646219735536,14.927484843408685,-0.0,15.06237176149015,0,34.85346552708236
33,119,0.0,2.0,1.0,2,16.98974127996502,1.0,18.12678728438045,0,18.80427915510678,19.056422464293487,0.0,19.13276791042344,0,163.73981713016136
23,227,12.0,63.0,54.0,43,6.057134878205779,23.0,7.060434991179885,46,7.92281855171076,6.861932284154678,21.0,7.96856010838975,24,1776.1624033181122
9,252,-0.0,0.0,0.0,0,19.99790150443731,0.0,20.90512045534141,0,22.095201727693627,20.93134085064909,0.0,22.14715918135293,0,90.27360202454231
31,133,1.0,1.0,-0.0,2,15.19328771561315,-0.0,16.90285477118931,1,17.023964411999177,17.06980279110983,0.0,17.14837340817702,0,70.32148713112697
45,291,17.0,97.0,68.0,70,5.877731451384149,32.0,6.178258292688128,49,5.8546752880304,4.965811727614867,44.0,6.1681804020966045,30,2825.887956823575
71,269,23.0,118.0,127.0,55,3.986392247170224,60.0,3.0709896497141425,71,3.1103906224303604,1.798685956984895,63.0,1.8852976396396663,31,748.0439451028479
86,685,16.0,116.0,72.0,72,5.088934144982635,29.0,6.121051450749734,44,7.127580833194796,5.670562443463713,34.0,6.971638528503687,38,2349.993569809336
34,544,4.0,22.0,6.0,20,9.890036621799144,0.0,9.958715609229785,6,10.872942886526705,9.993072081965028,2.0,9.94013367792009,1,250.34114513046896
25,637,1.0,4.0,3.0,3,15.857873963722326,2.0,17.199420978637047,0,17.90482703870792,17.069928339546134,-0.0,17.990443876309925,0,762.6049698460532
80,134,1.0,2.0,2.0,3,14.004519466148452,-0.0,15.655611861956524,1,16.04487804319545,16.107534297880427,0.0,15.75044710898155,0,133.72876716507767
11,440,33.0,146.0,165.0,77,2.066208453174508,68.0,3.988145285584896,111,3.975134295899585,3.891559002086915,86.0,4.002813173955333,47,2310.006273677673
0,750,3.0,0.0,0.0,0,16.908742133122654,0.0,15.956842584811392,1,16.26310568346615,16.11101278447976,1.0,15.025212282852047,0,403.27215496793576
43,625,1.0,3.0,0.0,2,18.0154041244348,-0.0,19.951907000252564,1,19.908657632678963,20.110811984471123,1.0,19.899398306169623,0,71.73838756846585
25,462,1.0,0.0,0.0,1,15.905634447547367,1.0,16.87588351940124,1,18.059631773347096,17.016753078855682,-0.0,17.210506422312672,0,187.93826127430304
28,734,-0.0,3.0,2.0,1,11.02640757370142,2.0,10.03407016964274,0,9.919459389783611,11.0128239337539,1.0,10.256163906871038,0,385.798466698946
73,25,2.0,6.0,3.0,3,15.102348968962351,0.0,14.738391876335552,2,15.019054947908042,14.106207141116418,0.0,13.670936289099616,0,115.52356002999936
45,659,10.0,86.0,49.0,47,7.003515991719046,14.0,7.135750371584217,25,8.06825225062867,7.177637901133635,19.0,7.915791779680238,21,3059.549934893849
56,447,34.0,149.0,176.0,80,1.0118779055979497,76.0,0.0111300259743823,67,0.3578016153708129,0.0,97.0,0.0,35,4937.691220494442
87,406,33.0,153.0,180.0,71,0.8298654829848201,75.0,2.230707717941132,76,3.0677352021308275,2.0327263569225105,91.0,3.0242017875869984,35,2202.833707381749
0,355,5.0,3.0,4.0,0,13.00804078554271,1.0,12.122548263470728,1,12.040375951409452,11.965012921427338,0.0,10.97467179795416,0,390.3758469848627
6,404,36.0,160.0,188.0,61,0.0,82.0,1.0412488673379725,59,1.8565696988921023,1.1182770359642915,100.0,1.833713853912894,33,5151.761117694535
42,404,35.0,163.0,186.0,71,0.0,83.0,0.9111982604986968,65,1.1261535877360664,0.93665943558867,98.0,0.9735585430201577,34,3396.887767106953
63,340,8.0,21.0,11.0,17,10.870506655001003,2.0,10.089473939886224,10,10.07595133508648,10.052546720986957,2.0,9.84469966590882,2,1184.79565265163
62,83,5.0,19.0,10.0,12,9.754528274231276,2.0,10.904826848102063,7,10.927412366535544,11.241869273485907,1.0,11.934841881423685,1,270.483208247063
67,233,2.0,11.0,10.0,6,10.96876440599801,3.0,11.978871089283157,1,11.74962896088546,11.948338432542366,-0.0,11.91569429972688,0,310.8075696782455
42,445,34.0,147.0,175.0,76,1.0771343984830275,75.0,0.1448482129324536,59,1.2407286256543255,1.1069275870538695,97.0,1.0796266784997528,38,6402.956521489908
33,264,-0.0,0.0,2.0,0,18.081131958510166,0.0,19.20860463447088,0,19.94648890626576,20.143717402682974,1.0,19.926478949598856,0,143.5041153897075
14,449,36.0,142.0,178.0,81,0.912632222710598,72.0,2.0699434777681742,73,1.9577255463243304,2.1355544706900864,88.0,3.0868655329415167,37,4628.336998342332
25,456,1.0,5.0,1.0,6,14.808503616936685,0.0,16.00341694462365,0,16.963002114981414,16.027844583770516,1.0,15.962927795170764,0,88.37652136345504
94,421,37.0,165.0,191.0,71,0.0,82.0,0.9680233995978678,68,2.037531564264529,1.1177859693881966,101.0,0.8126846732172848,35,4104.725966354749
73,8,5.0,9.0,7.0,7,14.02261839809414,1.0,12.934420855325294,4,13.121939940729794,13.038480115597912,0.0,12.894714665306545,0,354.2040852641879
29,38,5.0,21.0,9.0,12,9.939456227781555,3.0,9.695653993097288,5,9.78105736360325,10.021815960970391,2.0,9.863600211061328,0,228.9268627762456
53,447,35.0,142.0,179.0,86,0.8845717647479137,75.0,0.0,68,0.926972877970658,0.7750190247268782,94.0,1.080826665460621,37,8674.472895247238
79,31,6.0,24.0,15.0,12,10.22470470916194,3.0,9.177456307290669,7,8.954219990074709,9.063513205173711,4.0,9.066804311943155,1,643.5057562084315
52,285,33.0,107.0,162.0,69,3.052759230622299,69.0,0.9586769951789283,82,0.0106235788722304,0.7513289202613855,86.0,0.6518156357438236,39,4095.479139130198
69,122,4.0,17.0,2.0,12,11.020610580992566,1.0,11.877424779149598,3,13.07033976215856,12.07401551517782,-0.0,13.004448484225382,2,355.8660600576525
74,468,3.0,12.0,4.0,9,12.880220511767137,-0.0,12.997433807797464,4,14.007875769357389,13.145721827420122,-0.0,14.046667009303905,0,354.3678642868924
45,298,11.0,73.0,39.0,55,6.989014936570701,12.0,8.118930558496324,26,7.83112065428606,7.147367897214688,15.0,8.069323032640531,16,3025.941851584086
9,244,1.0,2.0,2.0,3,16.881477954295725,0.0,18.92606758953647,1,19.893179246747465,19.09166379244354,0.0,19.10449591372556,0,129.252349846091
81,379,27.0,84.0,139.0,53,2.8677085115636043,55.0,3.0821234959849177,63,2.8453403826722066,4.225943552712487,61.0,3.9375331599560814,25,2033.000550309872
32,524,3.0,9.0,5.0,7,11.04505992728826,-0.0,11.019036988735936,6,11.901397888346589,11.1958546407894,1.0,11.133656492576964,0,221.5410930164288
1,419,29.0,134.0,164.0,70,2.1625557379496736,70.0,2.0854188914633403,80,1.9183486746742413,1.0653576070465685,89.0,0.9150436942703531,33,4659.297378304692
63,340,8.0,21.0,14.0,15,10.215136222221837,5.0,9.073913158198724,8,9.048917251118183,9.007037619894389,4.0,9.104970281915165,2,1400.2690173813503
77,418,32.0,118.0,156.0,61,2.884418358070973,68.0,0.9483158961774544,80,1.2084905353658253,1.313799058511235,84.0,0.9990523997632124,34,4204.623704297854
11,439,34.0,152.0,178.0,77,1.856143729932059,69.0,2.9010309935040204,98,4.200059981601848,2.9558674871162767,91.0,4.085843885175091,39,1443.4991546395402
6,408,34.0,151.0,183.0,74,1.0799237972699731,75.0,2.0482954865003715,69,2.016180821500591,1.99210262976172,91.0,1.980100154582263,37,2857.6924105535686
