address_line_2,address_locality,h_id,n_atm_in_1km,n_atm_in_1km_to_2km,n_atm_in_2km_to_3km,n_atm_in_3km_to_5km,n_university_in_2km_to_3km,near_AEON_Mall_3_in_km,near_Phnom_Penh_Airport_in_km,price_per_m2
78.0,5.0,450.0,10.0,25.0,50.0,497.0,47.0,8.085684493581576,3.942954961521019,3249.7738547542785
48.0,0.0,476.0,10.0,30.0,75.0,510.0,10.0,3.893582412856936,7.980455229914601,2357.960918339896
45.0,10.0,351.0,10.0,30.0,72.0,502.0,40.0,11.097598555549538,6.130609700160998,3466.326691108962
45.0,10.0,464.0,10.0,65.0,127.0,558.0,18.0,10.042649987978931,5.951666850499072,2979.374451783746
14.0,4.0,427.0,0.0,0.0,35.0,524.0,3.0,9.08388648685146,13.113003532887133,5133.654418543571
10.0,0.0,473.0,25.0,105.0,247.0,368.0,13.0,6.021449492997002,10.034000532695371,3654.401267386966
77.0,4.0,457.0,23.0,259.0,347.0,185.0,22.0,10.063886927933511,7.949386957595556,3910.317768363191
78.0,5.0,448.0,15.0,55.0,202.0,513.0,51.0,7.040615331328531,5.985871774610219,2973.48519837288
78.0,5.0,456.0,5.0,50.0,128.0,602.0,45.0,6.898593107598773,5.152327557834145,4214.009911751811
78.0,5.0,454.0,5.0,25.0,50.0,433.0,23.0,7.361325601380975,4.8885962478196765,3159.836437696792
78.0,5.0,478.0,0.0,50.0,55.0,526.0,16.0,5.047988350991798,5.888153422326728,2899.548432656353
8.0,11.0,448.0,20.0,45.0,188.0,522.0,44.0,7.10836867488439,6.057881686915252,2956.8367110999884
2.0,11.0,351.0,15.0,30.0,62.0,553.0,44.0,10.93785644371778,6.79791944754758,4000.6048569657273
8.0,11.0,448.0,20.0,65.0,231.0,479.0,50.0,6.981958424334852,5.980420028993465,1484.538710766142
45.0,10.0,465.0,10.0,25.0,50.0,374.0,29.0,9.88222429149164,3.904342427808345,4071.368662590889
3.0,0.0,473.0,45.0,110.0,239.0,361.0,10.0,6.21705355079259,9.061583852026576,3551.1677504171184
77.0,4.0,459.0,42.0,293.0,250.0,210.0,29.0,10.980690512922736,8.984725535832366,3034.068245661391
45.0,10.0,467.0,10.0,50.0,57.0,583.0,20.0,10.29769261421411,5.137615514588353,2117.202369957125
8.0,11.0,444.0,20.0,60.0,214.0,511.0,33.0,8.06515142092452,5.922388838579683,2891.18802464006
22.0,2.0,487.0,101.0,274.0,169.0,150.0,12.0,8.781667770631397,9.89358019213586,2886.8090020406107
78.0,5.0,479.0,0.0,10.0,50.0,314.0,11.0,5.830056943196518,4.996391466424039,4529.194470553039
8.0,11.0,446.0,15.0,141.0,302.0,362.0,36.0,8.064756246212832,6.087295763037144,1334.4339257538445
78.0,5.0,448.0,0.0,86.0,264.0,425.0,50.0,6.934084205141205,6.868736114902579,2537.040996735759
83.0,11.0,456.0,5.0,40.0,50.0,517.0,48.0,6.930240744116399,5.0120362774587965,1747.0566349346946
78.0,5.0,480.0,10.0,50.0,166.0,509.0,12.0,5.877819418468329,6.823566921385103,2321.594317441451
1.0,11.0,466.0,10.0,50.0,109.0,556.0,20.0,10.999555245169422,5.918625793022257,4051.188580719325
2.0,11.0,466.0,20.0,50.0,143.0,562.0,18.0,9.896359705110848,6.0945953661194014,4475.7466295958575
84.0,11.0,464.0,20.0,50.0,153.0,562.0,17.0,9.970455899764604,5.820401171423519,2749.207339268676
3.0,0.0,473.0,15.0,120.0,156.0,439.0,13.0,6.045993132922665,8.80302550213718,3293.9776654035595
47.0,11.0,445.0,68.0,288.0,358.0,95.0,34.0,7.881690048156099,7.0289272797625815,2751.943005957772
94.0,7.0,443.0,25.0,121.0,296.0,353.0,47.0,7.198012923493758,7.045201600947858,2953.421320368042
48.0,0.0,476.0,5.0,25.0,70.0,437.0,11.0,3.836660186447782,8.768629871081563,3461.355857572472
2.0,11.0,351.0,0.0,40.0,67.0,558.0,28.0,11.022862362767304,6.068634528052039,2963.260083147825
50.0,11.0,470.0,25.0,122.0,290.0,388.0,32.0,8.837239389943004,5.969321868864234,3118.8772008019423
10.0,0.0,471.0,30.0,90.0,213.0,407.0,13.0,6.068096697411515,9.086006044506505,4208.777639487937
83.0,11.0,456.0,15.0,35.0,126.0,604.0,54.0,7.03181649425818,4.892381338035957,3438.88497366143
78.0,5.0,481.0,15.0,35.0,80.0,563.0,14.0,6.214858961533749,5.902233363602684,3869.836596272897
77.0,4.0,460.0,47.0,153.0,415.0,195.0,34.0,9.97489003203757,7.896321380782404,2734.553173704817
8.0,11.0,443.0,25.0,155.0,302.0,323.0,43.0,7.115670758428935,7.07216931366955,3005.970538400144
2.0,11.0,351.0,20.0,30.0,78.0,577.0,39.0,11.103081483617562,7.106397963076888,3764.669730625405
45.0,10.0,346.0,10.0,25.0,74.0,541.0,27.0,12.134630381932404,7.964863380571227,2686.8945998198205
11.0,5.0,448.0,15.0,66.0,258.0,451.0,47.0,7.092136727005283,5.817476073806352,1789.7403526687826
78.0,5.0,456.0,5.0,40.0,50.0,527.0,61.0,6.940974959719006,5.064671419328625,3588.5701033737937
2.0,11.0,470.0,15.0,119.0,308.0,368.0,26.0,10.1715503407479,7.054748267654676,3721.694726849548
78.0,5.0,481.0,10.0,30.0,119.0,582.0,20.0,5.9436039363620194,6.053886175569492,3206.4575900506675
78.0,5.0,450.0,10.0,30.0,55.0,515.0,50.0,7.773125341550284,4.88517729387009,4526.4770220795845
8.0,11.0,444.0,15.0,128.0,279.0,398.0,32.0,8.021662893982223,5.989400581285292,3477.04418820466
85.0,11.0,468.0,20.0,104.0,300.0,386.0,30.0,9.0883742874499,6.075833920555791,3395.4607341119445
48.0,0.0,476.0,20.0,40.0,125.0,520.0,11.0,4.907301913617223,7.959093179666596,3116.123291595742
81.0,0.0,427.0,0.0,5.0,68.0,565.0,4.0,9.035971965729717,11.997416448388526,2461.773069706217
77.0,4.0,457.0,34.0,253.0,313.0,200.0,37.0,10.006953110178712,7.890452716627262,3795.940638956769
83.0,11.0,468.0,20.0,45.0,176.0,564.0,20.0,9.031473502302113,6.037642146749836,2883.765957764769
78.0,5.0,481.0,15.0,40.0,86.0,585.0,17.0,6.070764110576532,6.075281964992835,3421.177661223945
83.0,11.0,444.0,10.0,115.0,257.0,423.0,39.0,6.913507632009204,6.0702396000111865,2298.750990741862
11.0,5.0,476.0,20.0,35.0,125.0,520.0,12.0,4.849809967822154,7.882102506027652,1001.1900168431188
2.0,11.0,464.0,10.0,50.0,148.0,562.0,18.0,9.179206585738514,4.998749570722315,4118.291088420163
83.0,11.0,452.0,10.0,35.0,112.0,608.0,26.0,8.10921710713647,5.0561718406479566,3937.090548749095
45.0,10.0,349.0,0.0,20.0,50.0,391.0,8.0,12.684233745088182,7.981657437807674,2980.3023708822666
78.0,5.0,448.0,20.0,55.0,209.0,516.0,51.0,6.956568466745403,5.978654975087098,3779.891779551573
48.0,0.0,476.0,10.0,45.0,100.0,543.0,12.0,5.065092579933348,8.070776373454708,3171.584818626537
83.0,11.0,468.0,10.0,45.0,128.0,592.0,20.0,9.026620147634883,4.985487940708303,2876.185853876285
8.0,11.0,444.0,20.0,55.0,231.0,499.0,31.0,8.065197515318319,6.285217611142396,3257.405657192857
77.0,4.0,462.0,15.0,234.0,370.0,196.0,30.0,9.124051850337333,7.004747099273517,3066.95133020794
50.0,11.0,470.0,15.0,119.0,276.0,400.0,26.0,9.852282394676545,7.121175331103868,2653.3638094403027
83.0,11.0,452.0,10.0,35.0,112.0,608.0,23.0,8.14590986100362,5.011585977849491,2687.052303580613
86.0,10.0,468.0,15.0,40.0,196.0,544.0,24.0,8.16952222178801,5.8715443407686365,2142.946066012989
78.0,5.0,480.0,10.0,50.0,60.0,566.0,14.0,4.875294868848526,6.986434547941606,4303.96853850059
86.0,10.0,469.0,5.0,55.0,120.0,580.0,19.0,9.038696021437808,4.954723530837969,3090.4860909113568
77.0,4.0,459.0,42.0,303.0,235.0,210.0,29.0,11.086222238815626,8.91104592812823,2528.1002444386654
13.0,5.0,477.0,10.0,75.0,107.0,492.0,9.0,5.933083701565462,9.893730462710534,2173.3639374869745
84.0,11.0,464.0,10.0,60.0,135.0,575.0,16.0,9.92618518816168,6.075286375460677,2993.165445953853
2.0,11.0,467.0,5.0,40.0,66.0,560.0,21.0,9.940452287706815,5.173110124180383,3174.3952946468103
84.0,11.0,470.0,20.0,144.0,348.0,308.0,35.0,8.94669994874315,6.962939268379743,2822.932802945768
48.0,0.0,472.0,30.0,70.0,205.0,430.0,18.0,5.919448393092245,8.050081193551941,3671.7726801349104
45.0,10.0,347.0,5.0,20.0,40.0,346.0,24.0,12.298341204141495,6.968826945384876,3745.319157992746
77.0,4.0,460.0,47.0,221.0,342.0,200.0,31.0,9.97936930169085,8.07057075500823,2708.994695119851
47.0,11.0,443.0,20.0,214.0,312.0,259.0,43.0,7.118067505330036,7.121920507561684,5326.281507157324
8.0,11.0,444.0,10.0,138.0,273.0,394.0,30.0,7.972840308445935,5.940395768511801,1361.4187801186754
22.0,2.0,317.0,152.0,208.0,200.0,135.0,12.0,9.914212305557603,10.007757858398,2377.9537182203258
47.0,11.0,446.0,10.0,127.0,317.0,361.0,36.0,8.961632895031869,6.14640046626349,2512.466455605404
77.0,4.0,457.0,27.0,280.0,316.0,185.0,34.0,10.082720464445584,8.04496554397238,4074.509377654419
78.0,5.0,480.0,25.0,55.0,174.0,506.0,15.0,5.842548347095722,7.05705370942726,3036.2032790806998
78.0,5.0,456.0,5.0,35.0,120.0,566.0,49.0,7.11405955571387,5.110238205967311,3284.980478413718
84.0,11.0,470.0,25.0,103.0,258.0,434.0,23.0,8.989983444508551,5.887289855414891,3818.425362183008
48.0,0.0,472.0,30.0,65.0,183.0,467.0,17.0,6.0118455839451945,6.93544629504534,2838.065380610444
45.0,10.0,353.0,0.0,20.0,30.0,178.0,34.0,11.92218986709258,4.930793261388611,2798.847488642036
84.0,11.0,470.0,15.0,186.0,393.0,226.0,27.0,9.103411023636664,7.032323002997087,3372.752956578077
1.0,11.0,351.0,10.0,30.0,62.0,548.0,46.0,11.838249036546353,6.902295857171335,3853.895619116654
49.0,11.0,462.0,32.0,238.0,380.0,170.0,30.0,9.159861822714658,7.117796815043488,3871.4744837272488
2.0,11.0,458.0,30.0,110.0,383.0,282.0,24.0,9.930045453360847,6.984241294892359,1746.1750073506971
84.0,11.0,464.0,10.0,55.0,116.0,579.0,19.0,10.12181734884432,4.982658663952652,3232.8691699462806
87.0,0.0,448.0,20.0,55.0,192.0,523.0,52.0,7.038903056949799,6.060729794283965,4711.944564900716
45.0,10.0,467.0,5.0,60.0,66.0,589.0,16.0,11.109488991668169,6.059115048246979,2578.3506689937158
48.0,0.0,476.0,10.0,20.0,80.0,452.0,10.0,3.866337823540933,7.987032849685871,3327.695806135784
10.0,0.0,473.0,40.0,133.0,293.0,284.0,13.0,5.905855588762446,9.23420833269663,2517.1186711156643
45.0,10.0,347.0,5.0,20.0,25.0,351.0,16.0,11.913634472611918,7.16241385238321,3199.647329776353
2.0,11.0,351.0,25.0,30.0,92.0,578.0,24.0,11.017372203058462,7.041656137952994,4102.633122840006
86.0,10.0,456.0,5.0,40.0,61.0,600.0,59.0,6.981412984300929,4.976944392801041,2424.563433716732
77.0,4.0,460.0,15.0,73.0,336.0,331.0,39.0,10.823070088843178,7.976071436704233,2954.053927065944
45.0,10.0,351.0,5.0,50.0,91.0,574.0,23.0,11.025696959223003,5.937894953919554,2172.371280109117
35.0,7.0,445.0,72.0,276.0,367.0,105.0,33.0,8.045403619202053,7.139406253908098,2744.490488442429
83.0,11.0,452.0,0.0,40.0,51.0,594.0,50.0,7.829493200632851,4.936926102877691,3196.4451970438417
2.0,11.0,470.0,20.0,126.0,280.0,389.0,28.0,9.800421257346107,6.986772745125238,3891.5438348220314
85.0,11.0,468.0,20.0,108.0,258.0,429.0,31.0,8.112130270556017,6.1037752773354885,2963.06527901898
78.0,5.0,448.0,10.0,70.0,264.0,436.0,49.0,6.937688294361903,6.036941940393867,4043.972877460176
45.0,10.0,347.0,5.0,25.0,60.0,479.0,47.0,12.15500679218745,6.881165440299979,3196.194070027631
2.0,11.0,466.0,20.0,67.0,199.0,509.0,23.0,10.054406114018704,6.944293584736113,3191.686921149597
91.0,0.0,476.0,10.0,35.0,95.0,515.0,13.0,4.884363378241121,8.043565660529199,5024.598320571162
77.0,4.0,313.0,75.0,314.0,206.0,195.0,25.0,9.99450349916834,8.935494832070766,3562.410272263965
47.0,11.0,445.0,35.0,308.0,337.0,95.0,31.0,8.01832042258168,6.915337038403841,2969.113966143422
48.0,0.0,187.0,0.0,30.0,70.0,405.0,8.0,4.144286422948422,9.084799048429543,2425.7186271049686
77.0,4.0,457.0,31.0,274.0,308.0,190.0,37.0,10.233455793560202,8.118226840671696,2548.240452009973
78.0,5.0,480.0,15.0,55.0,189.0,496.0,19.0,6.019772182902599,6.961681499002163,2970.866684197092
10.0,0.0,473.0,20.0,110.0,161.0,439.0,12.0,5.97653717935535,10.046572435904686,1848.0397294903307
84.0,11.0,464.0,10.0,50.0,68.0,602.0,18.0,10.021052921073531,4.987913431785446,2987.3881776824696
45.0,10.0,351.0,15.0,30.0,82.0,563.0,43.0,10.907765224642882,6.966788917367095,2820.4372555182176
45.0,10.0,347.0,5.0,25.0,45.0,361.0,45.0,11.9291345238629,5.864996030271004,2836.5439062000764
36.0,7.0,463.0,153.0,358.0,155.0,135.0,50.0,9.814508569569588,8.985515666983774,4384.333313664443
5.0,0.0,449.0,35.0,258.0,330.0,182.0,51.0,7.01917120816506,7.05645620435219,2571.0855797628856
45.0,10.0,351.0,10.0,30.0,66.0,489.0,44.0,11.972012179540336,5.774127744352339,3093.245932879256
86.0,10.0,468.0,20.0,40.0,148.0,592.0,25.0,8.00010227442554,4.862311826522965,3424.6567120232226
78.0,5.0,456.0,10.0,45.0,123.0,612.0,53.0,7.036385706211436,4.990194162970691,3661.400403658907
10.0,0.0,471.0,15.0,65.0,145.0,480.0,11.0,5.01142201566843,9.032493247281172,2626.432460503287
2.0,11.0,464.0,10.0,50.0,86.0,594.0,17.0,9.960567167528133,5.065702622499615,2696.2881588406926
45.0,10.0,351.0,0.0,40.0,67.0,583.0,23.0,11.025841123722644,6.117237216067423,2681.888960612318
45.0,10.0,467.0,5.0,55.0,47.0,576.0,19.0,11.184726708704549,5.984744423630492,2807.219895645861
45.0,10.0,347.0,0.0,20.0,40.0,357.0,40.0,12.123579069998016,7.015608532278107,3350.0324836200666
49.0,11.0,446.0,31.0,227.0,368.0,199.0,32.0,7.956656921402169,6.973001987443066,2927.6419115582557
94.0,7.0,443.0,20.0,173.0,325.0,287.0,37.0,6.98463180614573,7.084250732318568,5235.781543247785
78.0,5.0,479.0,5.0,10.0,65.0,387.0,12.0,6.006737513354292,6.143370845448255,3522.697674180822
78.0,5.0,478.0,5.0,20.0,55.0,447.0,15.0,6.048234229830199,5.858260636019569,3996.6354045857433
84.0,11.0,468.0,10.0,120.0,302.0,383.0,36.0,8.00144014916183,6.062897495572233,3462.295791047197
11.0,5.0,448.0,20.0,40.0,212.0,513.0,51.0,6.928115124522803,5.965180402637632,1588.9351866182724
81.0,0.0,475.0,0.0,15.0,70.0,363.0,6.0,3.992306637312785,10.13422973047604,6564.748895576541
50.0,11.0,470.0,20.0,150.0,366.0,284.0,35.0,9.155019465564264,7.170362056197991,5115.368545904772
49.0,11.0,462.0,50.0,230.0,385.0,160.0,29.0,8.892090749043437,7.146974495331267,3817.2034724587215
78.0,5.0,448.0,20.0,50.0,219.0,496.0,49.0,6.972270614121661,5.844874093153448,3282.6455735635413
51.0,11.0,446.0,20.0,213.0,375.0,217.0,36.0,7.799674905295958,7.030692890629175,2888.2273266598654
2.0,11.0,466.0,15.0,50.0,128.0,542.0,21.0,10.979032607163251,5.852019537598477,2476.79268542696
2.0,11.0,467.0,5.0,55.0,47.0,588.0,21.0,9.828272749738955,5.953917382715707,2733.6856018127846
45.0,10.0,346.0,10.0,25.0,57.0,526.0,36.0,11.983691591007489,7.067461254510892,2315.969984816112
13.0,5.0,477.0,10.0,115.0,141.0,459.0,11.0,5.88371125622444,9.919896943137053,1851.19792341084
2.0,11.0,351.0,5.0,45.0,72.0,583.0,25.0,10.86359023549215,5.94754533433281,4138.441025283946
95.0,4.0,463.0,148.0,254.0,202.0,170.0,16.0,9.9034920623704,9.041251648945773,4065.07607098434
84.0,11.0,464.0,25.0,35.0,174.0,571.0,17.0,10.05196384148582,5.942693680184668,2989.402646709628
84.0,11.0,446.0,15.0,143.0,335.0,327.0,34.0,9.079159637546844,5.803037244245386,3778.596326575024
1.0,11.0,346.0,10.0,25.0,72.0,523.0,26.0,12.199559605639044,8.038295570064795,4066.9142787769474
78.0,5.0,480.0,15.0,55.0,172.0,518.0,13.0,6.108313079774789,6.879997696907359,3448.8493113158474
2.0,11.0,464.0,10.0,50.0,102.0,578.0,18.0,9.985978034490907,4.979466811461491,3704.822051810182
50.0,11.0,446.0,25.0,147.0,367.0,286.0,35.0,8.0823553129502,6.137334759188813,3715.95572419209
1.0,11.0,350.0,15.0,77.0,263.0,430.0,24.0,10.83051367042496,7.029486742871548,2616.079664928872
78.0,5.0,478.0,0.0,20.0,45.0,374.0,12.0,4.945867044628207,5.853671823789031,2719.85932781543
78.0,5.0,480.0,10.0,50.0,95.0,566.0,11.0,6.0689900069842695,6.914460981873546,3270.61945008071
2.0,11.0,467.0,0.0,45.0,67.0,578.0,21.0,11.100456475519016,5.981315621999847,3228.355124763951
77.0,4.0,460.0,15.0,99.0,365.0,311.0,29.0,10.941262884529658,8.021838586754061,4603.922630769912
78.0,5.0,479.0,5.0,15.0,55.0,404.0,16.0,6.017879533562486,5.963398537280582,2407.913601911808
86.0,10.0,456.0,5.0,40.0,126.0,599.0,54.0,6.935664835818592,4.939556513266935,732.1121165239898
2.0,11.0,351.0,10.0,30.0,72.0,548.0,47.0,11.905404929489928,6.970030492201783,4129.983851858562
47.0,11.0,445.0,69.0,273.0,363.0,115.0,27.0,7.997422263714564,7.089581781531029,3849.855997722986
83.0,11.0,444.0,15.0,50.0,164.0,571.0,22.0,7.960775931811484,4.913101896456266,3867.22767306423
45.0,10.0,346.0,5.0,40.0,73.0,542.0,43.0,12.095417537755846,8.132515485637859,3721.238390279197
77.0,4.0,302.0,15.0,129.0,283.0,308.0,9.0,10.948195937012864,10.125859848906194,3200.4882910748324
77.0,4.0,459.0,30.0,177.0,357.0,216.0,34.0,10.878538096948244,9.111357164239893,5098.71281453176
1.0,11.0,351.0,5.0,45.0,91.0,574.0,25.0,11.081657626794344,5.921689604466113,3391.8488903250845
48.0,0.0,476.0,15.0,30.0,90.0,507.0,12.0,5.118138869195863,9.081933759129091,3112.346433314161
77.0,4.0,459.0,20.0,155.0,367.0,218.0,33.0,11.16858699682661,8.995360310778484,2549.363328288078
2.0,11.0,351.0,5.0,30.0,77.0,553.0,43.0,12.134948034244744,6.932448307071255,4630.855039813328
2.0,11.0,464.0,15.0,55.0,134.0,571.0,16.0,10.205445677143558,5.923603068066948,3776.155845539168
77.0,4.0,313.0,15.0,191.0,255.0,284.0,11.0,10.999702596471066,10.030856560470609,3390.1222404037358
8.0,11.0,444.0,20.0,55.0,236.0,499.0,33.0,8.015367434372887,5.939939177940145,2301.153949644154
86.0,10.0,468.0,10.0,50.0,154.0,581.0,24.0,8.890519456454175,5.179551886510816,2259.216008820836
1.0,11.0,351.0,5.0,50.0,91.0,574.0,21.0,11.042025696405403,6.036756553987069,4605.064420260956
77.0,4.0,462.0,66.0,219.0,390.0,150.0,33.0,9.184848792360697,6.915412413231286,2948.9583582291307
45.0,10.0,349.0,10.0,15.0,50.0,427.0,10.0,12.065804514330464,8.07680709596326,3302.4038704644186
77.0,4.0,457.0,30.0,245.0,323.0,205.0,26.0,9.774594460891066,7.843056193307693,5160.8879162186295
11.0,5.0,472.0,20.0,50.0,133.0,507.0,9.0,5.1256544426216,7.761041783394288,486.20238119278775
81.0,0.0,181.0,0.0,10.0,50.0,326.0,3.0,3.9308357757856434,9.98367465987518,6460.318277682191
48.0,0.0,476.0,20.0,50.0,132.0,503.0,11.0,5.277298043524297,8.040657776609876,3762.481967863318
10.0,0.0,474.0,35.0,136.0,263.0,331.0,17.0,6.065256860323339,7.825395538176023,1942.0265375154245
83.0,11.0,444.0,20.0,55.0,189.0,546.0,44.0,7.152383298760367,5.964350415762969,5452.840229374955
8.0,11.0,444.0,15.0,60.0,209.0,526.0,39.0,6.862210538691974,5.951213240927683,2299.667100044034
77.0,4.0,458.0,15.0,86.0,277.0,432.0,24.0,9.919048048226989,6.853223128865578,4258.239075829847
48.0,0.0,475.0,15.0,25.0,115.0,497.0,13.0,4.836515970151499,9.09760458040117,1599.1078757167345
45.0,10.0,347.0,5.0,15.0,30.0,338.0,18.0,12.033342613727852,6.900399821484041,2834.112096540532
77.0,4.0,460.0,42.0,87.0,429.0,247.0,36.0,11.03011105890255,8.040832229349975,2493.9682160211087
50.0,11.0,458.0,25.0,99.0,323.0,348.0,22.0,9.803714736838746,6.928638383881613,2791.360017846592
45.0,10.0,357.0,5.0,15.0,45.0,282.0,47.0,10.938715270091318,5.131951518752718,2700.145726559786
81.0,0.0,427.0,0.0,5.0,47.0,586.0,4.0,8.851360312222477,12.084794552259924,2082.360802944685
84.0,11.0,468.0,15.0,122.0,245.0,433.0,29.0,8.143732919780833,5.769455998371392,3621.935470195841
77.0,4.0,460.0,25.0,97.0,402.0,256.0,44.0,10.843107610928518,7.938232000261532,3950.695854239322
48.0,0.0,476.0,15.0,45.0,125.0,497.0,11.0,4.913955457298599,9.078425339975768,2495.439367533673
78.0,5.0,480.0,15.0,45.0,182.0,508.0,10.0,5.916186219382309,7.052683169677628,2712.6084448987704
77.0,4.0,459.0,33.0,220.0,327.0,215.0,47.0,10.963445811024782,8.928048244843797,4734.032364409714
49.0,11.0,446.0,20.0,131.0,317.0,352.0,35.0,8.083094139347098,5.975696330154769,4406.196526956155
8.0,11.0,444.0,15.0,78.0,229.0,488.0,29.0,8.038993248560352,5.958487606004156,3018.383552937816
10.0,0.0,471.0,25.0,75.0,176.0,454.0,10.0,4.9645523287313535,8.93008691889463,2923.187193186079
78.0,5.0,450.0,10.0,25.0,35.0,475.0,53.0,7.912715668110747,4.058202817096597,3864.870485860423
50.0,11.0,458.0,41.0,131.0,357.0,276.0,24.0,10.028438681947415,6.954146258307856,2969.547500339272
10.0,0.0,473.0,45.0,176.0,289.0,255.0,11.0,5.939349860088851,8.951294615068937,3633.168714593864
45.0,10.0,351.0,5.0,35.0,72.0,545.0,31.0,11.00093504129763,6.080777182502176,2411.708992217606
10.0,0.0,471.0,20.0,115.0,153.0,447.0,11.0,5.9786784154137225,8.961726581021116,3897.564333377192
83.0,11.0,444.0,15.0,146.0,288.0,371.0,30.0,8.052514083305287,5.963784635440599,3531.5259234086056
2.0,11.0,467.0,5.0,65.0,61.0,589.0,16.0,11.003007626199004,5.977957154870348,1683.9244396541146
77.0,4.0,457.0,31.0,261.0,306.0,205.0,36.0,10.210868612263564,7.974932479770724,4166.696198503139
83.0,11.0,468.0,15.0,40.0,241.0,509.0,26.0,9.268657266880984,5.925342220852558,4031.547923639305
45.0,10.0,347.0,0.0,15.0,30.0,267.0,16.0,11.944131815126074,6.970157644301739,3589.5075227558623
11.0,5.0,447.0,30.0,90.0,243.0,417.0,28.0,5.902959737706567,7.132891913901857,2014.0816901182109
45.0,10.0,346.0,10.0,15.0,50.0,440.0,30.0,11.851169392607822,7.011542081182801,3398.1783249932746
45.0,10.0,464.0,10.0,60.0,133.0,582.0,16.0,10.082775666836415,5.967281914164121,3052.806546201114
86.0,10.0,468.0,20.0,79.0,251.0,460.0,26.0,8.758991568700226,6.174555040590333,2127.658413701948
87.0,0.0,448.0,15.0,55.0,202.0,513.0,50.0,6.9037399129673815,6.066721454270305,3462.5619767711614
8.0,11.0,443.0,10.0,167.0,318.0,325.0,29.0,8.020206175748674,5.979471660119672,2380.140418064717
86.0,10.0,464.0,10.0,60.0,99.0,586.0,20.0,9.969502003959764,4.989233698634592,2186.633181283454
45.0,10.0,347.0,5.0,20.0,25.0,351.0,16.0,12.33895637396334,7.060411566499517,3306.856505459587
13.0,5.0,477.0,20.0,110.0,156.0,439.0,12.0,6.06507006506486,10.006124317004472,1968.5733195913083
78.0,5.0,479.0,0.0,20.0,50.0,362.0,11.0,4.978724617456749,5.991779830806336,3214.000578416563
83.0,11.0,444.0,10.0,71.0,268.0,451.0,51.0,6.779814634849691,5.987434155272814,2788.241023498701
45.0,10.0,347.0,5.0,20.0,30.0,348.0,17.0,11.837862223695817,6.899334780465946,3397.8185749100594
78.0,5.0,482.0,0.0,20.0,50.0,343.0,9.0,3.798284833585292,6.93542621739777,3657.690104608458
2.0,11.0,467.0,5.0,50.0,57.0,583.0,22.0,10.199466946865597,5.973490766239536,2427.693406767953
84.0,11.0,468.0,25.0,88.0,260.0,442.0,26.0,9.172333656177493,6.077053692662971,2594.7069724867206
45.0,10.0,467.0,10.0,55.0,82.0,588.0,19.0,10.021223274562647,6.122089339840898,2443.1986695944624
95.0,4.0,317.0,132.0,246.0,232.0,175.0,10.0,10.135494054944434,9.940094851987336,2759.996408985624
35.0,7.0,462.0,83.0,295.0,315.0,130.0,22.0,8.91613164011354,7.165503344955776,3416.8908704964124
11.0,5.0,447.0,30.0,121.0,284.0,350.0,48.0,6.965286267050135,7.100840083475824,2286.9061699091944
78.0,5.0,483.0,0.0,5.0,50.0,283.0,5.0,4.74919269540741,5.9740858267344885,3416.0022755092195
10.0,0.0,473.0,30.0,110.0,269.0,336.0,13.0,5.936363402715935,10.149815709205962,4019.0224738527168
83.0,11.0,444.0,15.0,60.0,169.0,546.0,52.0,6.78233503165902,5.996164176664916,2483.924706690027
8.0,11.0,456.0,5.0,40.0,136.0,594.0,53.0,7.099880016123776,5.955122738035323,4722.3023484854975
10.0,0.0,471.0,10.0,65.0,110.0,510.0,12.0,5.031736717423654,9.125192198474618,2443.58762594535
1.0,11.0,350.0,20.0,62.0,167.0,501.0,25.0,10.84146091223062,6.973039973223341,5610.3288039260615
87.0,0.0,448.0,5.0,50.0,146.0,549.0,22.0,6.128237192028775,6.0273993083113,4111.428742681614
51.0,11.0,446.0,15.0,111.0,311.0,378.0,36.0,9.167891956331143,5.852957012156998,2833.912299042969
77.0,4.0,313.0,15.0,186.0,260.0,279.0,9.0,11.026277471912216,9.996847724692074,3198.4652317031787
48.0,0.0,476.0,0.0,30.0,70.0,402.0,7.0,3.90872081627973,9.048487883291967,4868.4550079876535
48.0,0.0,475.0,5.0,35.0,60.0,461.0,11.0,3.8524323406099192,9.057485215860066,2430.955955555659
86.0,10.0,468.0,15.0,40.0,229.0,521.0,26.0,9.012558082556422,5.927173263864788,1994.8564296242275
45.0,10.0,346.0,10.0,15.0,50.0,429.0,29.0,11.898919159366187,6.920814931661541,2847.9514069351485
78.0,5.0,480.0,15.0,45.0,145.0,545.0,11.0,5.882974315814525,6.910345345770998,3216.241791886826
51.0,11.0,446.0,68.0,244.0,383.0,125.0,30.0,7.973275754597585,7.052037996135281,3207.309668413293
11.0,5.0,447.0,40.0,223.0,259.0,258.0,39.0,6.901136343568324,7.981738133892938,1264.5586361702387
78.0,5.0,481.0,15.0,35.0,70.0,571.0,16.0,6.085008048379923,6.066982576539611,3645.160255115232
45.0,10.0,467.0,5.0,70.0,88.0,567.0,15.0,9.85589234284243,6.033770324223219,3088.291454788436
83.0,11.0,452.0,10.0,45.0,151.0,584.0,29.0,7.913812090979018,4.955284327146623,2978.135491865989
45.0,10.0,464.0,10.0,50.0,68.0,597.0,17.0,10.024213896845772,5.098970447099287,2389.814205966509
83.0,11.0,444.0,15.0,94.0,254.0,437.0,50.0,7.117580718857818,5.9297063077294645,2949.9429088891043
11.0,5.0,448.0,15.0,71.0,283.0,416.0,48.0,7.179024052886122,6.143223399544297,1884.6425114230333
48.0,0.0,471.0,5.0,70.0,132.0,493.0,11.0,5.112674931239543,8.845901560581085,4000.6824732395376
2.0,11.0,351.0,5.0,45.0,91.0,579.0,27.0,11.049952749260155,6.129257610021063,4181.673779950609
8.0,11.0,448.0,15.0,65.0,198.0,487.0,41.0,6.013651647847271,5.838868381219582,2374.590885419444
45.0,10.0,464.0,20.0,50.0,171.0,564.0,17.0,8.852717327524642,6.042296714645383,2715.3041106333867
77.0,4.0,457.0,11.0,282.0,325.0,190.0,27.0,9.994069678611456,7.961545883185294,2865.056592906833
8.0,11.0,456.0,15.0,35.0,138.0,592.0,54.0,6.914088643463689,6.065863663878159,3177.617119731732
45.0,10.0,465.0,5.0,50.0,40.0,571.0,17.0,10.061707046132588,5.0725574106528,4147.9725323599305
77.0,4.0,457.0,40.0,348.0,245.0,180.0,37.0,10.094393600645043,8.122460635576228,3281.011404224487
1.0,11.0,346.0,0.0,30.0,72.0,548.0,47.0,11.965341773435082,6.989276644131117,4130.233298085571
78.0,5.0,478.0,0.0,25.0,45.0,391.0,12.0,4.878376644165378,6.062436249843909,3267.840758918365
11.0,5.0,447.0,35.0,143.0,258.0,339.0,28.0,5.910218217083211,8.072313698995274,2159.282988405046
84.0,11.0,470.0,15.0,138.0,304.0,363.0,34.0,9.186051554171312,5.882648178446029,5322.165952486765
78.0,5.0,480.0,10.0,50.0,179.0,516.0,18.0,5.818803654917734,6.133123725344866,2605.4336687462182
8.0,11.0,444.0,10.0,132.0,279.0,389.0,32.0,6.887299906638946,5.969253581068222,3320.9972231557217
86.0,10.0,456.0,5.0,35.0,55.0,489.0,33.0,6.9327271441002125,5.0987125991472215,2044.0821034262835
8.0,11.0,446.0,20.0,151.0,365.0,284.0,35.0,8.943046445339363,6.904594535894841,3868.510679533875
50.0,11.0,446.0,15.0,137.0,325.0,338.0,36.0,7.902480805699157,6.094294525296648,3214.1016405520954
45.0,10.0,349.0,0.0,15.0,30.0,339.0,8.0,12.846529350037848,7.913858840290321,3309.255742418736
1.0,11.0,351.0,15.0,20.0,67.0,503.0,45.0,12.007935057364422,6.996726017074527,3789.973981119528
48.0,0.0,476.0,15.0,50.0,125.0,520.0,11.0,5.12621255522669,8.99148644863403,2827.233517600808
45.0,10.0,744.0,0.0,35.0,45.0,417.0,32.0,8.942374951259872,4.043051825556444,2864.685759001108
77.0,4.0,458.0,37.0,192.0,376.0,205.0,27.0,10.020205774868735,8.0955060036243,3031.9881425017106
83.0,11.0,468.0,15.0,108.0,253.0,434.0,29.0,7.912785848627595,5.895204022144099,3494.614667594529
50.0,11.0,470.0,20.0,145.0,366.0,289.0,35.0,9.003067487416722,7.052102124455998,3998.4725675121344
83.0,11.0,468.0,10.0,55.0,138.0,582.0,24.0,8.793191461934981,5.125303571116199,2558.7376874994084
1.0,11.0,350.0,25.0,52.0,140.0,528.0,25.0,11.101278796516835,7.0118000342684255,3209.0337437152552
50.0,11.0,458.0,10.0,92.0,277.0,411.0,25.0,9.98592268437748,6.9270244488602986,3005.3975873211284
11.0,5.0,448.0,15.0,126.0,257.0,397.0,42.0,6.573479974287571,6.003575770081148,3502.5796911354805
50.0,11.0,458.0,30.0,94.0,363.0,318.0,25.0,9.76629018691292,7.094231027094836,3584.4463256044087
78.0,5.0,450.0,10.0,15.0,45.0,397.0,43.0,8.077355679559254,3.956640321144919,3289.669962250362
48.0,0.0,187.0,0.0,15.0,35.0,298.0,5.0,4.108333474550669,8.994548253844982,1799.1124886905336
8.0,11.0,446.0,15.0,111.0,311.0,378.0,34.0,9.06023127948966,5.804492207129692,3852.325478605077
78.0,5.0,456.0,15.0,40.0,145.0,585.0,54.0,7.026074970036951,5.847710637761202,2735.725618499885
7.0,4.0,461.0,147.0,372.0,177.0,115.0,29.0,8.999166113956269,8.014204058167383,3618.876660674763
11.0,5.0,447.0,30.0,90.0,243.0,417.0,26.0,6.008780010472592,7.025401905057231,2526.833031360321
45.0,10.0,351.0,25.0,35.0,104.0,566.0,24.0,11.164330843124258,7.068776093577441,2967.690392076414
10.0,0.0,471.0,30.0,65.0,181.0,459.0,11.0,5.069577204077542,9.001664483845728,3460.422872957143
1.0,11.0,351.0,5.0,40.0,72.0,573.0,27.0,10.985510030644244,6.100613056971512,3099.624153630287
83.0,11.0,444.0,10.0,166.0,304.0,340.0,31.0,7.833234093518345,5.930152653311559,3856.641093330851
77.0,4.0,458.0,21.0,201.0,366.0,227.0,28.0,9.971575409376925,7.105861614127982,4133.07846883414
45.0,10.0,346.0,0.0,35.0,73.0,532.0,41.0,11.85227033561334,6.9605083976304005,4157.907403970451
94.0,7.0,443.0,35.0,190.0,288.0,292.0,50.0,6.907730992327574,7.092127111722829,3172.0003845153333
78.0,5.0,450.0,5.0,35.0,40.0,455.0,44.0,6.946918795344073,4.949918165548182,4052.924788874741
10.0,0.0,473.0,50.0,176.0,281.0,258.0,12.0,5.955916172714509,9.084494557213407,2424.9875124305563
45.0,10.0,464.0,15.0,50.0,132.0,578.0,18.0,10.15196355429756,5.101184101788055,3756.124823723345
47.0,11.0,446.0,62.0,218.0,395.0,140.0,30.0,8.85589964359177,6.954674619253556,3460.673817128617
78.0,5.0,479.0,0.0,10.0,50.0,299.0,10.0,5.072081324396627,6.02678305288492,3664.50798311217
84.0,11.0,468.0,10.0,55.0,138.0,582.0,24.0,9.206930730904483,5.040902353235175,3195.101223996176
2.0,11.0,470.0,20.0,122.0,316.0,367.0,31.0,8.997297600524114,6.946822391749524,3527.419550153553
78.0,5.0,478.0,0.0,35.0,30.0,402.0,12.0,4.87788871003023,7.093892531836119,3481.396759368732
47.0,11.0,445.0,61.0,258.0,391.0,110.0,30.0,7.923674229719523,6.887969529542097,2908.281340192543
77.0,4.0,458.0,42.0,98.0,408.0,262.0,21.0,10.113310693626174,7.925251236041225,3726.180153254972
8.0,11.0,444.0,10.0,50.0,151.0,584.0,37.0,7.97194639496898,5.007231949894072,3604.493287019175
78.0,5.0,450.0,0.0,20.0,40.0,297.0,37.0,8.09781133832202,3.9742330092317353,3799.4370741767225
84.0,11.0,470.0,25.0,115.0,263.0,417.0,29.0,8.78581046464773,6.032062650006056,3807.341833110822
2.0,11.0,467.0,5.0,40.0,66.0,549.0,22.0,10.23378264761532,5.043953459007752,3497.8924589198496
84.0,11.0,470.0,20.0,105.0,272.0,418.0,24.0,9.098407478369868,5.919252779596036,2644.444108612392
2.0,11.0,470.0,25.0,47.0,274.0,464.0,22.0,8.69861228237951,6.014303949420373,1718.1373260303135
78.0,5.0,481.0,5.0,35.0,141.0,569.0,23.0,6.061531238289932,5.960435159743175,3584.1345329604974
8.0,11.0,443.0,15.0,136.0,268.0,376.0,45.0,6.9886968554787865,5.995120636643985,2975.8444743803343
77.0,4.0,459.0,29.0,230.0,316.0,210.0,43.0,11.079886602487862,8.893887550713272,4548.4645728012365
36.0,7.0,461.0,170.0,364.0,160.0,105.0,36.0,8.921995651359307,8.057435158221917,3506.677316028184
86.0,10.0,468.0,15.0,113.0,278.0,409.0,31.0,7.94713402359765,5.9321945381804655,3439.355904072596
2.0,11.0,467.0,10.0,55.0,52.0,588.0,20.0,10.105693832323018,5.153667883978886,3754.526983764374
2.0,11.0,467.0,5.0,60.0,42.0,598.0,21.0,10.01077243230118,5.941876153075302,3128.6880527255867
77.0,4.0,459.0,10.0,316.0,244.0,205.0,33.0,11.09091738499085,8.889227876050718,3401.339970449295
2.0,11.0,467.0,5.0,55.0,47.0,598.0,21.0,9.968061137891736,5.879065556376126,3968.684395901126
77.0,4.0,462.0,87.0,332.0,274.0,130.0,28.0,9.156436925326132,7.84136814052193,4020.891723052802
85.0,11.0,446.0,15.0,120.0,284.0,401.0,33.0,7.914504062665776,5.934106029318568,2532.78251683088
83.0,11.0,456.0,5.0,40.0,55.0,527.0,37.0,6.825338531518512,5.010577284544196,3425.628704216174
45.0,10.0,351.0,20.0,20.0,67.0,530.0,46.0,11.987058579617656,7.003086420862133,2378.0526384283417
48.0,0.0,476.0,10.0,25.0,70.0,462.0,9.0,3.967736016750664,8.07573999166022,2572.4871518734726
86.0,10.0,468.0,25.0,82.0,258.0,450.0,25.0,9.011630221345335,6.053407698866471,2095.915490135168
45.0,10.0,359.0,10.0,25.0,35.0,383.0,42.0,12.1362242937328,5.956381173132687,3527.4102059539905
45.0,10.0,465.0,5.0,15.0,70.0,375.0,30.0,10.058122642462315,4.969789004132011,2751.7551503255754
2.0,11.0,467.0,10.0,50.0,65.0,590.0,22.0,9.98796317989395,4.974711834811781,4207.711976409786
86.0,10.0,468.0,30.0,35.0,197.0,543.0,20.0,9.191730716260434,5.927960543218519,2214.1553182657585
83.0,11.0,444.0,20.0,50.0,240.0,500.0,33.0,7.806875405985352,5.956029644302055,2172.807034423224
8.0,11.0,446.0,20.0,142.0,325.0,338.0,35.0,8.0290465753078,5.874135919216161,2533.161437165008
86.0,10.0,452.0,5.0,50.0,124.0,591.0,43.0,8.006172756684682,5.049648440032817,1862.2067686142384
45.0,10.0,467.0,5.0,50.0,52.0,593.0,16.0,10.829975406381994,6.179881278085646,3375.769312703662
83.0,11.0,444.0,10.0,138.0,276.0,396.0,31.0,8.104718699313276,6.047181720448755,3271.498986347536
8.0,11.0,446.0,20.0,223.0,373.0,214.0,35.0,8.001535367211732,6.919237395835546,2157.6707959775827
50.0,11.0,470.0,15.0,122.0,303.0,380.0,31.0,9.239014481305398,6.832761434809008,2364.6261930568407
81.0,0.0,475.0,0.0,25.0,65.0,405.0,7.0,3.918420758249003,8.940018935659435,2969.248239039659
94.0,7.0,443.0,20.0,172.0,280.0,328.0,42.0,7.0704516320351365,6.966694705348886,5178.704958182319
78.0,5.0,454.0,5.0,25.0,50.0,436.0,32.0,6.9543095660258585,5.127008020278927,2742.1805024511127
45.0,10.0,467.0,10.0,55.0,58.0,587.0,21.0,10.07275047425224,6.095229847406674,2103.197196154737
83.0,11.0,468.0,15.0,40.0,143.0,582.0,21.0,8.89059207827772,4.852218482274173,4684.463815719567
13.0,5.0,477.0,15.0,110.0,152.0,448.0,11.0,5.966941007236648,9.960672142624736,2242.441630325559
2.0,11.0,467.0,5.0,45.0,51.0,527.0,23.0,10.88547470511803,5.987422995833633,2090.533546073271
91.0,0.0,476.0,10.0,30.0,75.0,506.0,10.0,4.049170561689651,8.111498992504309,3558.0573619567504
2.0,11.0,467.0,5.0,45.0,51.0,527.0,23.0,10.969519237940682,6.021070745347557,3443.117164772655
92.0,0.0,472.0,30.0,70.0,205.0,435.0,18.0,5.949298782398389,8.137575532012814,4678.857469324547
86.0,10.0,469.0,10.0,30.0,125.0,595.0,24.0,9.208998959617274,5.047301079622299,1806.201889222268
45.0,10.0,467.0,10.0,65.0,56.0,589.0,20.0,9.79666147946322,6.075701481321043,2795.5244749291605
78.0,5.0,456.0,20.0,40.0,150.0,580.0,51.0,6.976212770781684,6.150737145218304,2575.722548018939
48.0,0.0,476.0,0.0,30.0,70.0,410.0,9.0,3.8767506852077993,9.063406846086506,2326.3466641321284
85.0,11.0,446.0,15.0,159.0,342.0,304.0,35.0,8.989036276031108,6.916048630944601,2629.902070887213
78.0,5.0,481.0,5.0,30.0,70.0,516.0,18.0,6.160775609778884,5.9288137141962345,3210.998838872803
48.0,0.0,471.0,10.0,65.0,110.0,510.0,12.0,5.2173624933914695,8.78376876631125,3253.728580629919
11.0,5.0,447.0,30.0,115.0,248.0,387.0,28.0,5.906743721451878,6.858832231971818,1646.966927403916
2.0,11.0,351.0,10.0,30.0,67.0,553.0,47.0,12.101244781189555,7.01665201175981,5784.392901743873
2.0,11.0,467.0,5.0,45.0,51.0,527.0,23.0,10.829656968428202,6.048389208029527,1533.862224114455
45.0,10.0,464.0,10.0,55.0,103.0,582.0,20.0,10.095297357343712,5.035985776418723,2586.038032882661
10.0,0.0,473.0,30.0,120.0,269.0,326.0,12.0,6.031170975624495,8.982709967196364,3846.869684617509
83.0,11.0,452.0,15.0,35.0,136.0,589.0,30.0,7.97483553897247,4.971171225966787,2434.402959407724
2.0,11.0,351.0,10.0,30.0,62.0,507.0,44.0,12.033530931433353,5.927417511433906,5831.451818022308
78.0,5.0,481.0,5.0,30.0,85.0,538.0,17.0,6.028180472391569,6.0642742067706,3926.116998487677
2.0,11.0,467.0,5.0,55.0,47.0,598.0,21.0,10.060763894382054,6.022638984297983,3660.779691020453
78.0,5.0,478.0,0.0,45.0,45.0,451.0,15.0,4.945196293819119,5.919992331536154,2870.465913409173
77.0,4.0,313.0,17.0,314.0,209.0,210.0,13.0,10.834054499627868,9.88050853178897,4845.405574617328
78.0,5.0,479.0,5.0,10.0,65.0,387.0,13.0,5.955452613865282,5.878508675370022,3189.247152858015
8.0,11.0,448.0,10.0,75.0,255.0,430.0,47.0,7.023211395115901,6.98175863939129,4028.282999394317
94.0,7.0,443.0,20.0,126.0,273.0,371.0,46.0,6.874930396254623,7.01050072643909,4518.901482616923
78.0,5.0,456.0,10.0,45.0,138.0,592.0,54.0,7.119711316969751,6.020442908546997,2380.4217271022744
8.0,11.0,444.0,15.0,110.0,257.0,423.0,43.0,7.200323192439094,6.056079892344287,3547.307095951717
10.0,0.0,473.0,55.0,138.0,285.0,277.0,13.0,6.000052431267084,8.972326215833027,2703.562870329792
84.0,11.0,470.0,30.0,40.0,259.0,476.0,23.0,8.82869402078342,5.9540882175862855,2718.545368270117
2.0,11.0,466.0,5.0,60.0,118.0,542.0,18.0,10.952410391944644,6.030568237180118,2608.4957969142456
2.0,11.0,467.0,5.0,55.0,63.0,587.0,16.0,10.92372125403936,6.157784748319491,4193.011213588944
2.0,11.0,464.0,20.0,50.0,151.0,574.0,18.0,10.0822859782065,5.993576115120503,4016.2146176529855
8.0,11.0,444.0,10.0,145.0,291.0,374.0,30.0,8.083436783769598,6.083959425128943,3771.449999910728
47.0,11.0,445.0,62.0,276.0,372.0,100.0,35.0,7.971852798464052,6.903822058329945,2918.937022780769
78.0,5.0,480.0,15.0,55.0,129.0,526.0,12.0,4.850780393131815,6.897128448103686,3800.71579020489
48.0,0.0,475.0,0.0,30.0,60.0,404.0,7.0,4.069478209297475,8.940712173695612,3049.086478120711
49.0,11.0,446.0,15.0,167.0,346.0,292.0,31.0,7.979859223113975,5.979936807049113,3856.4130916431113
84.0,11.0,468.0,10.0,86.0,246.0,463.0,28.0,8.846483172145964,5.895596569121363,2678.9356385913934
8.0,11.0,456.0,5.0,40.0,61.0,600.0,56.0,7.014001524606964,5.095107247305901,2568.4991918207206
49.0,11.0,462.0,91.0,324.0,281.0,120.0,30.0,8.70227993567096,7.903598014280322,3628.786440571062
8.0,11.0,446.0,15.0,130.0,274.0,396.0,34.0,7.954539869643959,6.168711257920385,2981.2274092870684
78.0,5.0,448.0,15.0,65.0,236.0,449.0,45.0,5.943915968746833,5.939418134341071,2792.509969506488
81.0,0.0,427.0,0.0,5.0,40.0,593.0,4.0,9.108221999015614,12.015751035057368,2048.510313408633
45.0,10.0,464.0,10.0,45.0,141.0,569.0,17.0,8.86376447088939,5.066664941223177,3101.7600150162207
50.0,11.0,458.0,20.0,166.0,350.0,279.0,22.0,10.086845955847952,6.970495616537288,2356.737825718767
11.0,5.0,447.0,35.0,179.0,272.0,294.0,43.0,7.216124449719047,7.132361396665595,2128.1026562934394
45.0,10.0,359.0,10.0,25.0,50.0,427.0,44.0,11.041476787566893,5.865316082604113,3354.543998606066
2.0,11.0,466.0,20.0,67.0,206.0,502.0,25.0,9.989248657254675,6.975195978061406,4019.810941186192
77.0,4.0,459.0,37.0,293.0,250.0,210.0,33.0,10.876298899237572,8.961998417349964,3876.799994421897
2.0,11.0,351.0,15.0,15.0,67.0,496.0,46.0,12.13228825753372,6.941813612910101,2732.5396147054557
50.0,11.0,458.0,42.0,159.0,392.0,222.0,18.0,9.92337973042392,7.949808041699518,3314.9233269898123
8.0,11.0,444.0,20.0,55.0,208.0,522.0,33.0,7.977565980417157,6.077666705694458,3158.953661249186
77.0,4.0,460.0,25.0,102.0,404.0,244.0,49.0,10.868771344569993,7.910705760001188,3613.426689641471
1.0,11.0,466.0,5.0,70.0,116.0,559.0,15.0,9.815069240818852,6.177423522255405,4330.004690874838
1.0,11.0,351.0,0.0,35.0,72.0,502.0,33.0,10.97361093406436,6.030498423179148,3667.886021674852
38.0,0.0,449.0,40.0,259.0,342.0,164.0,46.0,7.123489574194637,7.951509750020401,6097.766294298115
78.0,5.0,481.0,10.0,30.0,141.0,579.0,22.0,5.990623836776568,6.08369973559932,4012.7808139222966
51.0,11.0,462.0,32.0,215.0,396.0,182.0,39.0,8.693436722358397,7.176270875584246,2445.5983361759827
50.0,11.0,458.0,15.0,153.0,333.0,309.0,25.0,9.993796393232625,6.965061347140417,2428.813447281105
77.0,4.0,460.0,25.0,161.0,388.0,211.0,43.0,11.020236050321843,8.945878015336747,2501.109874415706
78.0,5.0,480.0,15.0,45.0,87.0,579.0,14.0,6.155705508689589,5.960638808721583,2825.1311760183094
8.0,11.0,448.0,15.0,45.0,179.0,546.0,52.0,6.945078007149569,5.938245580931993,3344.9350845929494
8.0,11.0,444.0,20.0,136.0,293.0,371.0,30.0,8.022854725170173,6.044137727778487,2371.4465057855537
50.0,11.0,458.0,25.0,99.0,308.0,363.0,27.0,10.94423787549576,7.060244603113555,3965.948538832218
2.0,11.0,467.0,5.0,50.0,52.0,588.0,16.0,10.987041904563467,6.075140935961184,3989.130789312979
49.0,11.0,445.0,34.0,323.0,316.0,95.0,34.0,8.070479760976381,7.088489545749635,3714.9296613894894
84.0,11.0,464.0,10.0,55.0,116.0,584.0,19.0,9.784217068171971,4.9030617417267575,4005.734477526941
86.0,10.0,452.0,10.0,30.0,82.0,566.0,40.0,7.8235820132499745,5.020831942251033,2224.0376499403824
11.0,5.0,447.0,30.0,110.0,262.0,378.0,30.0,5.941607401708752,6.854774269296845,917.1389297872566
83.0,11.0,444.0,15.0,83.0,256.0,456.0,29.0,6.885635997676407,6.09983188413266,2993.70158088938
78.0,5.0,481.0,10.0,25.0,86.0,567.0,23.0,5.992196008853385,6.015653523419538,2820.022111588224
51.0,11.0,446.0,20.0,173.0,361.0,276.0,39.0,7.906671678763438,6.929374378693759,3608.7138778880985
2.0,11.0,464.0,10.0,50.0,80.0,595.0,17.0,10.054011131250718,4.984984214515193,3691.724387551379
77.0,4.0,313.0,15.0,196.0,251.0,283.0,8.0,10.856691669618794,9.985746576731852,3316.971599621721
2.0,11.0,467.0,0.0,45.0,67.0,593.0,25.0,10.89686393357242,6.092827319934957,1756.7968576117114
83.0,11.0,444.0,10.0,121.0,268.0,406.0,34.0,6.989599118142221,5.94184158811891,2216.067230282313
8.0,11.0,456.0,10.0,40.0,143.0,592.0,56.0,6.798037841127988,4.972113836472766,2675.0520475239546
78.0,5.0,481.0,10.0,30.0,101.0,572.0,16.0,5.939955340115688,6.032118766018797,3368.038907689521
86.0,10.0,456.0,5.0,45.0,45.0,532.0,50.0,6.864856158098204,5.077070377204802,3655.825936868161
78.0,5.0,480.0,25.0,55.0,237.0,453.0,27.0,6.04703294788316,7.030187418566982,3154.223564001983
2.0,11.0,466.0,5.0,55.0,86.0,574.0,21.0,10.924311870936762,5.968112340214388,4153.827324494588
51.0,11.0,446.0,20.0,213.0,380.0,212.0,36.0,8.175396340080061,6.932864198811408,2624.465558112045
2.0,11.0,464.0,20.0,50.0,122.0,568.0,15.0,9.926551987396753,6.032408796051883,3466.603969455497
86.0,10.0,469.0,10.0,35.0,55.0,496.0,20.0,9.025006241589711,5.036829538448783,2154.1960883793145
77.0,4.0,460.0,26.0,97.0,420.0,242.0,45.0,10.991424272564624,7.996775455583982,2858.714614231638
8.0,11.0,456.0,5.0,35.0,136.0,604.0,54.0,7.0407710756442965,6.001056539285067,3331.4189074363785
78.0,5.0,456.0,5.0,40.0,126.0,594.0,50.0,6.86597071264016,6.123133501006974,2962.485158847305
11.0,5.0,480.0,25.0,65.0,180.0,475.0,17.0,6.000544729026258,7.055410915334398,1466.3422156663703
48.0,0.0,472.0,20.0,55.0,144.0,516.0,14.0,4.941336571654113,8.084641326544961,3567.1809039093378
45.0,10.0,464.0,20.0,50.0,127.0,568.0,15.0,10.126936222840442,6.022910338155211,2678.351013057089
8.0,11.0,448.0,15.0,65.0,225.0,460.0,42.0,6.030963061581097,6.0272097320604985,2929.6655120821843
53.0,4.0,488.0,226.0,284.0,117.0,115.0,24.0,8.057653715847586,8.96474007345226,8674.472895247238
50.0,11.0,462.0,32.0,240.0,363.0,190.0,29.0,9.198738693976066,7.028679961538178,2934.4602304450204
45.0,10.0,467.0,5.0,55.0,71.0,589.0,14.0,10.928538008755847,6.054095253869515,4207.499821245567
83.0,11.0,468.0,20.0,45.0,170.0,570.0,18.0,8.98374716866908,6.052206478257498,2809.946605449663
83.0,11.0,456.0,10.0,45.0,128.0,607.0,51.0,6.932479851644615,5.110209189100511,2661.9799907859656
94.0,7.0,443.0,20.0,136.0,286.0,348.0,44.0,7.070165545086375,6.91810177752556,2786.8213230781403
91.0,0.0,476.0,10.0,25.0,75.0,425.0,10.0,4.101374780531158,7.906415410626858,4172.29652892914
8.0,11.0,443.0,20.0,177.0,299.0,304.0,46.0,7.044749429024662,7.010505802499678,3565.045320454682
48.0,0.0,476.0,15.0,30.0,105.0,519.0,11.0,5.064048097838386,7.980121335654536,3268.076643106504
84.0,11.0,468.0,25.0,40.0,230.0,520.0,23.0,8.79623419459826,6.068200585031998,2620.483658516902
78.0,5.0,478.0,0.0,35.0,30.0,402.0,10.0,5.022468067575046,6.969045639594448,4279.05966532882
45.0,10.0,467.0,5.0,65.0,56.0,589.0,17.0,10.107402372218615,5.958733150616287,3217.2246263616485
84.0,11.0,464.0,15.0,55.0,139.0,576.0,16.0,9.069431074211549,5.948366196642447,5008.114427890617
2.0,11.0,351.0,20.0,30.0,85.0,570.0,37.0,11.156818554457,7.020520943025128,4380.921942111489
77.0,4.0,458.0,15.0,176.0,351.0,273.0,23.0,10.034588039480807,7.0072046703437465,4945.133403316165
92.0,0.0,472.0,15.0,60.0,114.0,536.0,13.0,4.824723108044482,8.007810227921444,4032.219461705623
50.0,11.0,470.0,15.0,113.0,272.0,410.0,25.0,10.24148394167832,7.024726785729834,4182.459335363721
84.0,11.0,464.0,20.0,50.0,140.0,575.0,18.0,10.118819052344426,6.017410704103551,5569.025540298435
2.0,11.0,351.0,15.0,25.0,67.0,548.0,47.0,12.027049400735637,6.889912722197665,2441.009755512229
8.0,11.0,443.0,20.0,177.0,294.0,309.0,45.0,7.023653803117409,6.875955052600895,3200.1046916392056
2.0,11.0,467.0,5.0,55.0,47.0,598.0,21.0,10.10317650342684,6.068778134099134,2976.580353171564
78.0,5.0,480.0,5.0,55.0,172.0,518.0,18.0,5.788917943955101,5.903644091683092,2385.2570787315835
83.0,11.0,468.0,10.0,108.0,234.0,453.0,29.0,9.215130829634193,5.93760062434604,3530.055786713016
8.0,11.0,444.0,10.0,132.0,276.0,392.0,32.0,6.964796518722856,6.037659545877222,2328.810387691606
78.0,5.0,478.0,0.0,25.0,55.0,404.0,14.0,4.771080623356285,6.116610727054847,3861.2228366231457
47.0,11.0,446.0,20.0,244.0,357.0,204.0,31.0,8.132347353111133,6.900727156128863,2388.1660289531774
78.0,5.0,478.0,0.0,45.0,45.0,451.0,15.0,5.050502633137354,6.059119492579827,4132.876724474103
85.0,11.0,468.0,25.0,79.0,246.0,465.0,25.0,8.864670302832101,6.085338512937693,3086.210184068885
8.0,11.0,444.0,15.0,124.0,276.0,400.0,31.0,7.988706163158831,5.986554426726853,3041.24110072808
8.0,11.0,444.0,15.0,124.0,282.0,394.0,32.0,7.91667446415643,5.94962868490451,3341.78406736618
86.0,10.0,468.0,15.0,77.0,215.0,498.0,25.0,8.12691822460275,6.101934168548304,1464.4374453147452
78.0,5.0,450.0,10.0,20.0,50.0,465.0,48.0,8.115491050067526,4.022316191513422,3254.540490561073
77.0,4.0,462.0,85.0,289.0,321.0,135.0,23.0,8.965848250252241,6.9607946479613245,2582.465965881977
78.0,5.0,481.0,5.0,25.0,85.0,553.0,30.0,7.000967351510819,4.964737606131803,2680.10817857688
2.0,11.0,351.0,20.0,20.0,72.0,547.0,44.0,10.998895970003172,6.843172283033477,3993.1602651281783
94.0,7.0,443.0,25.0,184.0,336.0,270.0,31.0,8.239301505253442,7.012079654047716,4186.319674819378
78.0,5.0,448.0,10.0,70.0,259.0,431.0,48.0,6.7626884974332775,6.996446546026276,3042.44854205425
8.0,11.0,444.0,15.0,65.0,220.0,505.0,28.0,8.03950505369116,5.912087162566536,2672.013459547821
2.0,11.0,470.0,25.0,87.0,253.0,450.0,25.0,8.985501638997762,5.980831298743405,2771.2568043499728
2.0,11.0,464.0,5.0,65.0,133.0,582.0,18.0,10.23730119322627,5.933734393773647,2884.7938856426563
84.0,11.0,464.0,25.0,45.0,253.0,487.0,19.0,9.005050122862855,6.022854655626773,3996.193149651779
83.0,11.0,444.0,10.0,137.0,253.0,415.0,31.0,8.01838924326835,6.077345209096459,3295.7565152986776
78.0,5.0,450.0,10.0,25.0,55.0,508.0,48.0,7.916829961655098,5.1236516459458645,3138.7658824930195
84.0,11.0,468.0,15.0,120.0,278.0,407.0,34.0,7.702954070788528,5.767221009438897,2461.510985323124
77.0,4.0,459.0,45.0,215.0,305.0,205.0,22.0,10.75520603667642,8.950281676281412,4204.623704297854
91.0,0.0,476.0,5.0,30.0,65.0,446.0,11.0,4.167889489973576,9.00614800379421,4705.449934186135
78.0,5.0,480.0,15.0,50.0,225.0,475.0,24.0,5.9717778809759405,6.972749990511269,2596.8194054194973
85.0,11.0,468.0,25.0,81.0,259.0,450.0,25.0,8.938091084102222,6.11292638294565,2565.483546451513
84.0,11.0,468.0,15.0,50.0,164.0,571.0,22.0,8.053238194516137,4.983018346578493,3722.340197055784
95.0,4.0,463.0,224.0,235.0,150.0,120.0,32.0,9.083748369333785,8.855238213325975,4061.080376285236
81.0,0.0,477.0,0.0,70.0,101.0,497.0,7.0,6.098903567049783,9.903594498661686,4690.634978784928
91.0,0.0,472.0,25.0,60.0,173.0,482.0,13.0,5.936422804543201,6.987496075893149,5284.757583300509
2.0,11.0,458.0,47.0,136.0,381.0,246.0,18.0,10.194668475987362,7.001992220137583,3751.17082651231
2.0,11.0,470.0,15.0,126.0,286.0,388.0,33.0,9.057707645543244,5.824167068984862,4135.789103344149
2.0,11.0,351.0,25.0,30.0,92.0,573.0,23.0,11.29644057709384,7.061175623692546,3304.0518373654163
2.0,11.0,466.0,15.0,91.0,252.0,437.0,22.0,9.823514212962548,7.013143208943806,3459.1840448701264
42.0,7.0,445.0,84.0,312.0,303.0,75.0,32.0,8.145802910757201,7.915466250354591,5732.876973654335
1.0,11.0,350.0,30.0,52.0,139.0,524.0,25.0,10.988840882484686,6.962629452811826,4141.803722317491
39.0,7.0,461.0,153.0,392.0,135.0,135.0,42.0,9.111143876655056,7.896991613835583,5353.072094470235
2.0,11.0,466.0,5.0,60.0,81.0,574.0,18.0,10.766726178161957,5.870380527216821,3938.112542980989
1.0,11.0,466.0,15.0,55.0,142.0,553.0,18.0,10.081217666339263,6.047214740457411,3752.6084501354894
77.0,4.0,459.0,37.0,354.0,208.0,190.0,43.0,10.088564826813762,8.96593521994222,3744.323299812912
1.0,11.0,460.0,25.0,68.0,340.0,327.0,47.0,10.999308818874349,7.968190353139112,2862.321375160146
4.0,0.0,473.0,30.0,115.0,260.0,340.0,11.0,5.9359884990743765,8.982652002206333,6786.179035008375
1.0,11.0,460.0,37.0,101.0,426.0,236.0,36.0,11.133967883572556,8.052055697805587,3943.2870015614026
1.0,11.0,458.0,37.0,223.0,375.0,190.0,27.0,9.83235486920756,6.874653936247149,1746.648970665536
55.0,4.0,461.0,166.0,380.0,150.0,120.0,41.0,8.965459617899883,8.001617159633183,6172.037172892132
95.0,4.0,463.0,103.0,321.0,199.0,170.0,33.0,9.930773777508795,9.165801631601138,3504.957565374186
1.0,11.0,466.0,15.0,66.0,140.0,529.0,22.0,9.904218738646186,6.013902740837009,2857.9611574794435
1.0,11.0,346.0,10.0,30.0,62.0,548.0,26.0,11.849158853882624,8.104968293212629,3438.867485170335
92.0,0.0,447.0,30.0,245.0,273.0,237.0,43.0,6.905567070005878,7.962676445202265,2930.0739805656
1.0,11.0,466.0,15.0,55.0,147.0,558.0,20.0,9.784225291980322,6.113878586476876,3834.3540740018375
91.0,0.0,471.0,20.0,45.0,136.0,504.0,10.0,5.138283397829848,8.037867690773412,3748.128740503348
89.0,0.0,447.0,25.0,60.0,243.0,457.0,29.0,6.018121896866437,6.907554934984514,5681.33170643213
1.0,11.0,346.0,5.0,30.0,62.0,543.0,41.0,12.077391355034132,7.179170626202764,4374.4691030433
1.0,11.0,350.0,15.0,67.0,197.0,471.0,34.0,11.164241053802488,6.953258092770309,1562.4128337403265
2.0,11.0,458.0,32.0,214.0,354.0,215.0,25.0,10.090528769613716,7.146583292313766,2831.844897353978
6.0,7.0,445.0,31.0,303.0,346.0,100.0,29.0,9.050308493038164,6.76098786021316,4681.466090215922
1.0,11.0,350.0,30.0,42.0,142.0,526.0,25.0,11.00296261351092,7.077622484684853,3712.204094144432
77.0,4.0,457.0,33.0,356.0,219.0,185.0,42.0,9.902227292258036,7.981111393463289,5170.554462390773
1.0,11.0,346.0,5.0,45.0,82.0,543.0,45.0,11.933295595850463,8.012400126750181,3292.944012996404
77.0,4.0,457.0,105.0,397.0,175.0,135.0,33.0,9.08558223144898,7.822721715188863,2545.3997199170312
3.0,0.0,449.0,45.0,252.0,331.0,182.0,51.0,7.052851270625969,6.990001362925755,4505.422115059924
1.0,11.0,350.0,20.0,40.0,104.0,561.0,30.0,11.13155369526355,7.143900751932553,4193.570499148741
91.0,0.0,472.0,10.0,45.0,100.0,543.0,13.0,5.282325942450591,8.042875328425984,3829.147305190691
35.0,7.0,445.0,47.0,321.0,307.0,100.0,32.0,7.778036863247367,6.989052875330813,2910.001441337451
87.0,0.0,448.0,20.0,55.0,259.0,431.0,45.0,6.027050209968759,6.977224316009969,3329.564436830488
1.0,11.0,466.0,20.0,62.0,218.0,495.0,24.0,9.926976817791711,6.9107999474154775,2879.627845352565
91.0,0.0,476.0,15.0,30.0,95.0,499.0,11.0,4.931331675298105,8.885826000939096,5738.340209599162
81.0,0.0,477.0,0.0,70.0,132.0,488.0,8.0,5.232819355731009,8.935688426597022,3978.2372647927336
87.0,0.0,448.0,20.0,55.0,259.0,431.0,43.0,5.975693550912487,6.957292131510098,3704.71984103527
85.0,11.0,446.0,72.0,244.0,394.0,110.0,31.0,7.921657180518399,6.980076984076695,2062.321342083304
1.0,11.0,458.0,27.0,246.0,357.0,190.0,19.0,10.08270127101329,7.03977206101129,3745.762194796545
94.0,7.0,445.0,73.0,283.0,369.0,95.0,35.0,7.90613765116341,6.918671553043895,3479.922138984744
2.0,11.0,458.0,39.0,236.0,370.0,180.0,20.0,10.05568377676002,7.095463771788372,3853.855135462325
92.0,0.0,447.0,35.0,159.0,270.0,331.0,49.0,7.126537880839729,7.116132102466708,2269.11502707671
81.0,0.0,181.0,0.0,10.0,105.0,440.0,6.0,5.167895082091587,10.024675317874886,3882.2338491632368
87.0,0.0,448.0,15.0,60.0,249.0,466.0,48.0,7.137704927935744,5.96627304617136,5768.401252916588
1.0,11.0,351.0,10.0,30.0,77.0,553.0,44.0,12.06535967782369,6.9638909795024535,3241.2910893943795
95.0,4.0,463.0,208.0,257.0,145.0,130.0,37.0,8.950079296454838,9.110347058813106,4428.251350711221
42.0,7.0,445.0,66.0,275.0,364.0,110.0,37.0,8.07482181192959,7.065994245707435,5656.489957809055
95.0,4.0,317.0,97.0,263.0,172.0,145.0,14.0,8.852812289584657,9.92795076454516,2943.625227291357
10.0,0.0,473.0,60.0,152.0,368.0,175.0,10.0,6.795815312691224,8.908087775003189,3619.242452936703
1.0,11.0,350.0,25.0,30.0,109.0,566.0,25.0,11.002912204162945,7.038245504262052,5305.596587563914
91.0,0.0,472.0,30.0,60.0,175.0,480.0,18.0,5.83513625153922,7.001072318281742,3203.854650306333
77.0,4.0,459.0,37.0,293.0,250.0,210.0,30.0,10.723654110489756,8.947495979668384,2761.6627840941537
2.0,11.0,458.0,42.0,114.0,380.0,269.0,19.0,9.9393085344046,7.0363527952243485,2849.15164910866
81.0,0.0,475.0,15.0,25.0,80.0,503.0,13.0,3.99240853402556,8.935750856767502,3917.453009379671
77.0,4.0,317.0,124.0,255.0,226.0,185.0,11.0,10.087712358997752,10.086486739191717,3142.941970109483
92.0,0.0,447.0,25.0,130.0,276.0,349.0,47.0,7.053347596179414,6.858489662382514,4882.715086873565
1.0,11.0,350.0,10.0,82.0,225.0,463.0,22.0,11.238042037099548,6.977712782832827,2536.3976457495064
3.0,0.0,474.0,40.0,95.0,204.0,411.0,14.0,6.092397403036756,7.91175545610206,5430.656724468383
39.0,7.0,461.0,147.0,389.0,165.0,110.0,35.0,9.179878884369788,7.946180429194296,4818.680081090638
8.0,11.0,443.0,15.0,179.0,326.0,290.0,33.0,7.228443761899996,7.016362974114892,3756.339103879112
81.0,0.0,475.0,5.0,30.0,115.0,480.0,12.0,5.047453390441292,9.868035926031803,3737.5122270495626
7.0,4.0,486.0,177.0,345.0,130.0,90.0,36.0,8.254795898938925,8.93699718444731,4419.410555553794
77.0,4.0,463.0,121.0,387.0,121.0,175.0,42.0,10.103594259481048,9.065526503842577,3358.4926141859646
49.0,11.0,445.0,71.0,285.0,364.0,85.0,39.0,8.184474901692571,6.976981413095225,2488.2102342638705
77.0,4.0,457.0,136.0,398.0,135.0,135.0,42.0,9.038847528932374,8.029223143126265,3504.7637317616886
77.0,4.0,457.0,33.0,290.0,272.0,195.0,38.0,10.068062005335593,8.046160163612802,2769.2914511904496
2.0,11.0,466.0,5.0,60.0,121.0,554.0,18.0,9.994652453786763,5.792391255878606,4678.035642493327
94.0,7.0,445.0,46.0,321.0,322.0,85.0,31.0,7.958428911282227,6.934816533750648,4913.619993195271
85.0,11.0,446.0,20.0,196.0,353.0,256.0,35.0,8.063935413508716,6.945889722584478,4189.98492107197
2.0,11.0,470.0,10.0,102.0,277.0,421.0,27.0,9.872391390281855,7.038933475721877,1996.42630070258
77.0,4.0,459.0,42.0,359.0,208.0,185.0,41.0,10.03064408723959,9.000796151793889,2457.86638696765
1.0,11.0,458.0,42.0,98.0,408.0,262.0,21.0,9.680442969270125,7.922409433838083,3682.149112087649
81.0,0.0,419.0,0.0,15.0,80.0,557.0,5.0,6.82070505611031,12.073995683947096,4731.123062911585
7.0,4.0,485.0,46.0,381.0,181.0,147.0,13.0,7.985876490010699,9.970988243074071,4294.114730368109
89.0,0.0,447.0,30.0,110.0,233.0,402.0,24.0,6.210701665950484,8.052026447284288,4245.741685466931
77.0,4.0,317.0,140.0,244.0,236.0,170.0,10.0,10.085989010482828,10.077105062556512,1968.5579337461868
91.0,0.0,472.0,10.0,45.0,116.0,534.0,13.0,4.973397309034512,8.024622120162013,4747.412950642741
7.0,4.0,461.0,155.0,366.0,155.0,130.0,49.0,9.279141347517667,7.87127283243055,5405.21906128404
2.0,11.0,462.0,46.0,244.0,365.0,170.0,28.0,8.801907123262072,6.984786643307675,2881.6925863843044
77.0,4.0,457.0,34.0,376.0,248.0,160.0,31.0,9.721065640343705,8.00216281444711,2604.767969480396
48.0,0.0,471.0,35.0,95.0,214.0,401.0,12.0,6.165485958874553,7.914455092615984,1583.9353478288874
95.0,4.0,317.0,124.0,222.0,185.0,150.0,13.0,9.051765421709009,10.05660337473075,1994.8113018358792
87.0,0.0,472.0,30.0,65.0,176.0,469.0,16.0,5.891198101645883,6.878971490419545,4439.92990576439
1.0,11.0,458.0,20.0,102.0,318.0,365.0,24.0,10.004206170252232,7.016564683495943,3977.063537051706
91.0,0.0,471.0,10.0,60.0,115.0,515.0,11.0,4.835646989282584,9.013090075349744,4637.91334856604
1.0,11.0,458.0,25.0,95.0,281.0,404.0,25.0,10.065736928396088,6.972946309796418,5482.409699362039
1.0,11.0,460.0,20.0,65.0,290.0,380.0,50.0,11.035940421773972,7.960710242661325,6218.617560120641
8.0,11.0,443.0,59.0,235.0,370.0,151.0,33.0,7.969746882379745,6.9591356668243565,2981.4223203692136
48.0,0.0,471.0,30.0,75.0,177.0,458.0,9.0,5.982013110564227,8.984688033827439,1407.9563059962095
2.0,11.0,458.0,32.0,222.0,361.0,200.0,23.0,9.898565415855504,8.037488803024335,3407.9879207128297
1.0,11.0,460.0,37.0,139.0,409.0,215.0,36.0,9.778478139575173,8.07333171304885,2982.000320083065
94.0,7.0,462.0,86.0,368.0,227.0,135.0,31.0,9.16608643438521,8.075617758259705,4279.998662647729
81.0,0.0,475.0,5.0,25.0,120.0,475.0,8.0,4.897525135670158,10.02190218458218,4978.690603466072
81.0,0.0,420.0,0.0,80.0,118.0,482.0,8.0,5.83833670899486,10.15460766333456,1909.9995449735768
7.0,4.0,461.0,137.0,386.0,150.0,130.0,43.0,9.107312898484007,8.009874324222057,5056.386887126549
35.0,7.0,445.0,45.0,329.0,304.0,90.0,32.0,7.982042420051743,8.18933340429036,4081.134220290108
2.0,11.0,462.0,46.0,243.0,366.0,170.0,21.0,10.003090545860111,7.079888717262147,3783.421006797415
77.0,4.0,461.0,198.0,289.0,145.0,105.0,46.0,9.092134993313186,9.061573248725338,2811.983100759468
35.0,7.0,445.0,84.0,312.0,303.0,75.0,32.0,7.923310408452541,7.9667669201572675,2876.552022648258
94.0,7.0,443.0,35.0,220.0,310.0,240.0,50.0,7.0423158076389765,6.776263530231499,5489.891056607122
3.0,0.0,473.0,25.0,115.0,188.0,402.0,11.0,5.978229338094004,9.14907174838094,3901.623414942852
83.0,11.0,446.0,25.0,189.0,341.0,265.0,33.0,7.932946124954439,7.089407630592292,3984.827325370988
53.0,4.0,488.0,225.0,262.0,112.0,130.0,16.0,9.117368461141156,8.999269104983906,5051.847481334326
89.0,0.0,447.0,35.0,163.0,254.0,338.0,48.0,6.943144760195151,7.121276775995987,5340.098878444012
81.0,0.0,422.0,10.0,81.0,364.0,270.0,8.0,8.09463989820456,11.074306118055178,3205.7854360725764
77.0,4.0,459.0,47.0,322.0,221.0,200.0,30.0,11.219657428437593,8.88869818039737,3995.5195932747774
1.0,11.0,350.0,25.0,47.0,212.0,466.0,29.0,11.179360766516726,6.848755460806458,3121.778027315765
84.0,11.0,470.0,20.0,126.0,344.0,335.0,29.0,9.187312651935752,7.048999388801479,3307.181112632235
94.0,7.0,443.0,15.0,254.0,318.0,213.0,46.0,7.100765598746976,7.048854910757115,6036.9426561879545
1.0,11.0,350.0,25.0,68.0,278.0,399.0,27.0,11.038412594284312,7.058804264179206,3786.900946520656
1.0,11.0,351.0,20.0,30.0,92.0,573.0,33.0,10.902284747278337,7.125837763256297,2487.0501550791664
77.0,4.0,457.0,88.0,424.0,115.0,170.0,41.0,9.965252422857144,7.969743458949209,3812.7554599672126
91.0,0.0,472.0,10.0,45.0,118.0,537.0,11.0,5.074903076955405,8.006366998512936,2326.8461867414594
92.0,0.0,472.0,25.0,115.0,194.0,416.0,13.0,6.140968675845888,8.010949940826912,4003.9150165703545
81.0,0.0,419.0,0.0,45.0,86.0,537.0,7.0,6.832864048127836,11.001418415066585,4095.980380259652
84.0,11.0,446.0,20.0,247.0,349.0,209.0,31.0,7.92926950922895,7.122431307117028,2651.401847498338
94.0,7.0,449.0,40.0,252.0,329.0,184.0,50.0,6.94857342196905,8.030520626604812,4144.7673149503735
2.0,11.0,458.0,15.0,81.0,267.0,427.0,23.0,9.99542683491486,7.012238182358471,3117.115611566488
94.0,7.0,443.0,25.0,196.0,304.0,280.0,42.0,7.131192730998391,7.158359319663962,6591.746296228096
91.0,0.0,471.0,20.0,105.0,165.0,450.0,10.0,5.897994820051767,9.231432314444463,3607.83163195876
1.0,11.0,350.0,20.0,57.0,212.0,461.0,22.0,10.71994890608092,7.123339742511158,2744.0404424613075
8.0,11.0,443.0,37.0,280.0,369.0,114.0,48.0,6.973902167747108,7.044106123356521,3553.764752022988
77.0,4.0,463.0,97.0,378.0,150.0,170.0,37.0,10.093830312399104,9.019418789315342,4544.222568646384
2.0,11.0,470.0,15.0,121.0,293.0,386.0,29.0,8.951455622145144,6.031244090662276,2591.9554623975014
84.0,11.0,470.0,20.0,124.0,318.0,353.0,31.0,10.123330334230673,6.917898300840746,4396.900997041561
10.0,0.0,473.0,35.0,137.0,295.0,278.0,13.0,5.991916533972426,9.156520649416194,2638.5741495878183
56.0,4.0,461.0,149.0,380.0,160.0,100.0,36.0,8.923056396769496,7.988418198347164,12518.538798353182
2.0,11.0,458.0,42.0,103.0,391.0,274.0,17.0,9.923788193497645,7.1226356581747865,4021.773903577138
81.0,0.0,475.0,5.0,25.0,90.0,467.0,7.0,5.044476303980708,10.109929317823337,5727.67273174844
2.0,11.0,458.0,15.0,92.0,264.0,424.0,25.0,9.853980682593663,7.051753781826022,3914.290221471909
77.0,4.0,317.0,160.0,220.0,230.0,180.0,10.0,9.998063023994806,10.086223402590996,3149.903661381017
1.0,11.0,350.0,15.0,67.0,175.0,488.0,37.0,10.967211498076912,6.988949937538528,3672.352593969615
81.0,0.0,473.0,20.0,110.0,190.0,410.0,10.0,6.1774191359544375,8.97674345811944,3247.6287521250515
6.0,7.0,449.0,46.0,299.0,345.0,105.0,49.0,6.99248743113862,7.911446107025664,4956.631820295016
91.0,0.0,476.0,10.0,25.0,75.0,462.0,10.0,3.994135066879212,7.865898837480824,4999.944556366956
7.0,4.0,461.0,228.0,263.0,145.0,100.0,44.0,9.063670397992018,9.01272742819024,5227.33277307299
1.0,11.0,346.0,5.0,40.0,72.0,553.0,46.0,12.136387846679405,7.106911313980997,3016.2387865422206
84.0,11.0,470.0,20.0,127.0,298.0,375.0,31.0,8.735155041924955,6.014816276849428,3990.429403985002
89.0,0.0,447.0,35.0,149.0,280.0,331.0,49.0,7.05133905361501,7.093604388493732,3756.9224773092233
1.0,11.0,346.0,0.0,35.0,68.0,547.0,45.0,12.046722326013317,7.130292585033131,4040.019753936296
92.0,0.0,447.0,25.0,80.0,282.0,393.0,31.0,5.947826029163805,6.811133723966443,4941.012084076327
1.0,11.0,458.0,42.0,137.0,374.0,257.0,21.0,9.814702934643485,7.050254362893075,4553.225212932151
84.0,11.0,446.0,54.0,220.0,388.0,163.0,31.0,8.00830568905228,7.074134275607395,2936.8024470787395
81.0,0.0,427.0,0.0,0.0,35.0,543.0,3.0,8.902962725153767,12.959401823766608,5385.496479035362
1.0,11.0,460.0,25.0,58.0,278.0,394.0,49.0,10.916498303245133,8.04440690764915,4233.844819802842
1.0,11.0,466.0,20.0,67.0,199.0,509.0,21.0,9.77503056206667,5.914916164162802,2671.0346706273376
2.0,11.0,462.0,22.0,227.0,391.0,175.0,31.0,8.963723863391651,7.014279469389932,3923.638310787992
92.0,0.0,447.0,35.0,169.0,272.0,314.0,48.0,6.767405497451529,6.993082001333529,4393.708959714186
95.0,4.0,463.0,150.0,253.0,196.0,155.0,17.0,10.154540382166635,8.93922753090208,3253.7623789940963
81.0,0.0,419.0,0.0,40.0,80.0,548.0,4.0,7.001209901900552,11.09990425270704,4756.545239883914
1.0,11.0,350.0,15.0,57.0,176.0,497.0,34.0,10.97095188413217,6.869781962150781,4501.151021935588
95.0,4.0,463.0,162.0,326.0,155.0,140.0,46.0,9.11270888460749,8.953466082972154,4539.034588794639
81.0,0.0,421.0,0.0,15.0,70.0,557.0,5.0,7.041602988007867,12.018154182726496,2936.840917088924
95.0,4.0,463.0,116.0,344.0,173.0,175.0,30.0,10.031572935697758,9.052792945173048,3848.5033977410935
1.0,11.0,350.0,25.0,57.0,216.0,457.0,32.0,11.008906025178485,6.8861778087389975,4027.337332949471
10.0,0.0,474.0,65.0,190.0,342.0,173.0,13.0,7.205021337418908,9.149654386733102,2778.7897762855087
1.0,11.0,460.0,47.0,177.0,391.0,195.0,36.0,10.11689889889706,8.098092680156173,3282.4455129248554
77.0,4.0,457.0,39.0,243.0,318.0,200.0,36.0,10.069667705955904,8.186499615136242,2972.184692019766
2.0,11.0,466.0,15.0,91.0,272.0,432.0,24.0,10.118427548417456,6.955700859979831,6220.590317861022
77.0,4.0,460.0,33.0,247.0,320.0,200.0,34.0,9.99246047088889,7.860235909746489,3211.088550022107
90.0,0.0,443.0,20.0,177.0,299.0,304.0,46.0,6.9901286064968735,6.881936409139833,4539.512797486527
85.0,11.0,446.0,25.0,168.0,351.0,281.0,33.0,8.03063739502501,6.992945284643871,3211.7044718825277
1.0,11.0,466.0,15.0,62.0,193.0,485.0,23.0,10.788154677510915,7.033422249804368,2791.09695509513
1.0,11.0,458.0,37.0,228.0,345.0,205.0,28.0,10.023564408087273,7.969240249586695,2876.3531507339544
8.0,11.0,443.0,76.0,250.0,394.0,85.0,44.0,8.256442394784003,6.90963177593069,3683.861299530213
81.0,0.0,181.0,0.0,30.0,120.0,488.0,6.0,4.951023006222071,10.032462447326669,3900.92014305869
48.0,0.0,471.0,30.0,60.0,178.0,457.0,9.0,5.220715509392552,8.996844314002567,2045.1544846862023
10.0,0.0,473.0,35.0,187.0,336.0,197.0,12.0,6.0712217848695085,8.98180568835313,2403.289457304667
91.0,0.0,472.0,15.0,55.0,90.0,560.0,14.0,5.040218534981232,6.897043970263054,4206.894504086886
77.0,4.0,463.0,209.0,257.0,145.0,130.0,37.0,9.069634993065636,9.063269378040692,3656.983475799301
1.0,11.0,466.0,5.0,70.0,119.0,551.0,15.0,10.061188720493725,5.903996631971968,3486.7450356400127
91.0,0.0,476.0,20.0,35.0,105.0,545.0,11.0,4.853605505106052,7.913435796001833,5090.397272213077
10.0,0.0,473.0,55.0,174.0,375.0,151.0,12.0,7.041931778947799,8.977226435080913,3174.62434965119
5.0,0.0,490.0,60.0,295.0,279.0,131.0,13.0,7.188831713921882,9.01671074062214,5253.919483425067
10.0,0.0,473.0,45.0,181.0,359.0,165.0,11.0,6.8552765939155655,9.107056284558592,3923.990551279711
2.0,11.0,470.0,20.0,155.0,383.0,262.0,33.0,8.87525031855011,7.135678851002672,3759.657850336096
95.0,4.0,463.0,133.0,301.0,194.0,170.0,22.0,10.338753212874757,9.01901113080719,4285.405559874746
48.0,0.0,471.0,25.0,70.0,180.0,455.0,10.0,4.87879720468835,8.941421967901968,2333.150671957932
1.0,11.0,346.0,0.0,35.0,62.0,548.0,42.0,11.90568200438878,6.908460363629442,1828.742891338212
8.0,11.0,446.0,65.0,250.0,385.0,120.0,31.0,7.75073732325957,6.943155223068688,2344.8175440345576
2.0,11.0,458.0,23.0,258.0,348.0,185.0,20.0,9.830979798373184,8.083276673979436,3084.96362010244
1.0,11.0,350.0,15.0,67.0,259.0,419.0,35.0,11.030546022334418,6.918128951229565,5896.444872465237
2.0,11.0,462.0,78.0,293.0,322.0,130.0,20.0,8.895693886234447,6.923186801456949,2056.6712136340348
1.0,11.0,466.0,5.0,60.0,123.0,547.0,21.0,10.9400531794661,5.987358993449383,4871.352721035562
48.0,0.0,471.0,40.0,110.0,214.0,386.0,13.0,5.9210010800900905,8.963581523063493,2512.377331398237
91.0,0.0,476.0,15.0,35.0,120.0,497.0,11.0,5.070711118031322,9.078999588028154,5559.486908054318
77.0,4.0,462.0,89.0,372.0,239.0,100.0,28.0,8.89320746033588,7.914825622474226,1734.9186272966836
1.0,11.0,460.0,38.0,232.0,335.0,205.0,35.0,10.205597963564534,7.869387104390601,4219.927556959391
51.0,11.0,462.0,57.0,306.0,318.0,120.0,25.0,9.072682914082778,6.986925870622731,2593.2440509014527
2.0,11.0,464.0,20.0,56.0,232.0,502.0,17.0,10.111359149625049,5.980048540381161,2273.2231590200117
1.0,11.0,350.0,20.0,80.0,264.0,421.0,23.0,11.027200192099905,6.918160203395595,3277.024927527402
84.0,11.0,470.0,15.0,156.0,387.0,267.0,30.0,9.035562318942317,7.1491286198685575,3093.5673394566784
92.0,0.0,447.0,35.0,207.0,319.0,244.0,51.0,6.836394331582461,6.993711286871512,4762.395172771013
2.0,11.0,462.0,32.0,214.0,397.0,182.0,39.0,8.984146671688087,6.968545119219097,4962.368991674655
50.0,11.0,446.0,68.0,252.0,365.0,130.0,30.0,9.044324250012185,7.0681080578735465,2529.203953184749
2.0,11.0,466.0,15.0,86.0,252.0,457.0,23.0,9.974591632286725,7.011707293338867,2693.2129785701795
1.0,11.0,466.0,10.0,65.0,140.0,550.0,23.0,9.831630356608942,5.9934162581609725,3877.225539130408
2.0,11.0,466.0,15.0,91.0,258.0,441.0,24.0,10.017496600931214,7.173795126019442,3833.1858811932825
81.0,0.0,477.0,5.0,60.0,110.0,493.0,9.0,5.009914723142078,10.116291872719035,4555.970792612196
10.0,0.0,473.0,20.0,191.0,345.0,189.0,14.0,5.818802932570786,8.884500673536117,3330.9733799287133
5.0,0.0,449.0,80.0,292.0,303.0,115.0,22.0,6.684193389473048,7.923248957340433,2843.949063204372
91.0,0.0,472.0,20.0,65.0,164.0,486.0,14.0,5.024438080152781,8.062077124451848,4110.604786079875
77.0,4.0,457.0,57.0,414.0,196.0,145.0,35.0,8.986864113121646,7.993095424414157,3896.086889309393
1.0,11.0,466.0,15.0,67.0,245.0,463.0,23.0,10.056097489916686,7.020640447519158,2994.278023385464
2.0,11.0,470.0,15.0,138.0,319.0,348.0,34.0,8.97727449544583,5.931603299923349,5645.373146966317
84.0,11.0,470.0,25.0,65.0,252.0,478.0,16.0,10.13330828476596,5.980765895801008,4990.413678801355
49.0,11.0,445.0,39.0,323.0,311.0,95.0,34.0,7.883018084495495,7.009005929767475,3913.728615265924
89.0,0.0,447.0,20.0,115.0,280.0,360.0,47.0,6.966312303367873,7.071975443592389,5264.536181041347
1.0,11.0,350.0,20.0,57.0,130.0,533.0,25.0,10.97100007040378,7.163055852025361,3640.351012333132
5.0,0.0,449.0,84.0,327.0,269.0,115.0,34.0,6.983745840461354,8.016597237876807,5485.933738268484
41.0,7.0,486.0,137.0,365.0,192.0,75.0,48.0,7.911203552828177,7.937118299910357,5977.708181363732
47.0,11.0,445.0,102.0,349.0,242.0,75.0,35.0,7.896630805863055,7.870019241761928,3300.2272104808017
94.0,7.0,462.0,57.0,306.0,318.0,120.0,25.0,8.72667664263825,6.96572469070428,4977.312641246153
2.0,11.0,466.0,10.0,55.0,132.0,543.0,20.0,10.947711840757911,6.088037682144018,3822.532309686301
91.0,0.0,471.0,10.0,60.0,105.0,503.0,12.0,5.063163592403379,9.06802823994792,3573.977365262494
2.0,11.0,462.0,90.0,332.0,269.0,125.0,31.0,9.078496852200423,8.087393559874158,3573.851244448492
47.0,11.0,445.0,151.0,382.0,145.0,90.0,38.0,8.09644803363172,7.975265535023533,3656.839346173741
10.0,0.0,473.0,45.0,166.0,369.0,165.0,12.0,7.005258793742055,8.984480146174796,4017.841147441477
1.0,11.0,466.0,15.0,55.0,145.0,530.0,22.0,10.006378381189812,5.979930432325869,1854.37069840582
77.0,4.0,457.0,43.0,350.0,230.0,185.0,36.0,9.944553666319123,8.109721637281158,4140.209985589158
77.0,4.0,462.0,42.0,311.0,328.0,105.0,26.0,8.952584954163346,6.989923770742439,3046.632539464323
89.0,0.0,443.0,25.0,166.0,304.0,300.0,49.0,6.959857012918825,6.996714582323782,5947.5883043780095
47.0,11.0,445.0,29.0,314.0,335.0,95.0,31.0,7.960840755103144,7.0130059786244585,2102.914780641084
92.0,0.0,472.0,20.0,60.0,124.0,511.0,11.0,5.032150415169193,7.972554073079332,4594.733810561495
1.0,11.0,460.0,37.0,209.0,354.0,210.0,36.0,10.038811492464225,7.994357947571606,3305.203806692465
1.0,11.0,466.0,15.0,62.0,163.0,515.0,22.0,11.217765854916491,6.919448598056546,4308.0803420065495
1.0,11.0,460.0,47.0,221.0,342.0,200.0,32.0,10.133981093002305,8.058603378888272,4106.057634736777
1.0,11.0,460.0,47.0,203.0,360.0,200.0,34.0,9.975284838514948,8.021673238286157,3014.4503958877917
1.0,11.0,466.0,15.0,61.0,150.0,534.0,22.0,9.921289731678534,5.909395225170052,2837.046139049246
87.0,0.0,447.0,20.0,60.0,248.0,442.0,28.0,5.927601126781254,7.012368220789547,5111.641567171357
42.0,7.0,445.0,78.0,286.0,365.0,90.0,33.0,7.917084246079353,7.027676923747411,4929.088748793855
1.0,11.0,346.0,10.0,30.0,62.0,516.0,34.0,12.064600958039383,6.937982849519124,4129.327654389297
1.0,11.0,466.0,10.0,65.0,140.0,550.0,21.0,10.070805247109236,6.000914080308628,3983.3142469898416
1.0,11.0,351.0,20.0,35.0,86.0,579.0,22.0,11.001170119713471,6.938871343523146,3925.991668748156
77.0,4.0,461.0,156.0,385.0,155.0,115.0,32.0,8.929414038821543,7.93926610287739,2848.6203119701413
47.0,11.0,445.0,69.0,386.0,205.0,105.0,31.0,8.961787413164508,7.979609586675607,2862.774263529778
81.0,0.0,477.0,5.0,55.0,115.0,492.0,11.0,4.991173449281285,9.975600784154691,4958.006523044906
1.0,11.0,350.0,25.0,91.0,278.0,401.0,24.0,11.131457812924024,6.97491498611262,4185.911636675632
77.0,4.0,459.0,58.0,392.0,163.0,185.0,40.0,10.112787801872932,9.00345109229446,3774.6770201727695
81.0,0.0,419.0,0.0,15.0,80.0,557.0,5.0,6.909414490842179,10.88896884655979,3121.824181407578
81.0,0.0,421.0,0.0,15.0,45.0,568.0,5.0,7.020610511775226,12.017991424959572,4369.5196359171205
81.0,0.0,471.0,15.0,65.0,133.0,487.0,12.0,4.728285492076672,9.082384335180812,7128.170564761654
1.0,11.0,350.0,15.0,85.0,280.0,405.0,26.0,11.160249115401726,6.859166234932931,2873.065414877317
1.0,11.0,346.0,10.0,25.0,67.0,548.0,26.0,12.122756108113489,8.03414946599545,3305.534246833916
77.0,4.0,317.0,123.0,255.0,222.0,185.0,10.0,9.939645170740434,9.80358965187834,4196.205591110413
94.0,7.0,449.0,70.0,255.0,332.0,128.0,24.0,7.01113237142673,7.927656767194156,3517.7743149043627
1.0,11.0,346.0,5.0,30.0,72.0,543.0,47.0,11.899575939547292,6.942958413035097,4514.8207756006295
94.0,7.0,445.0,45.0,317.0,311.0,95.0,33.0,7.91590568318234,6.923813252027985,3111.441776646864
77.0,4.0,459.0,42.0,354.0,208.0,190.0,41.0,10.098656173160142,8.96105303664001,2810.5610072506165
81.0,0.0,475.0,10.0,35.0,120.0,504.0,12.0,5.047077169237184,9.023340080990218,6553.202386303881
35.0,7.0,445.0,50.0,329.0,303.0,85.0,29.0,8.026202909694467,8.040530487273356,3649.903074438153
1.0,11.0,350.0,15.0,67.0,153.0,500.0,42.0,11.116643598874276,8.093261965992848,3565.3982477823943
10.0,0.0,474.0,35.0,227.0,270.0,243.0,17.0,6.027473885537023,8.020615169508442,3254.397050331027
94.0,7.0,445.0,80.0,272.0,358.0,110.0,30.0,8.207548490317867,6.960205573413337,3015.422652481593
1.0,11.0,346.0,10.0,25.0,52.0,493.0,36.0,12.213958974635796,6.969151311601972,6514.721878122299
81.0,0.0,420.0,5.0,80.0,127.0,478.0,6.0,5.967921508987423,9.942304418586405,4155.607336284412
77.0,4.0,459.0,60.0,400.0,158.0,180.0,40.0,10.095696868604556,9.041282012755136,3793.113187929157
91.0,0.0,471.0,20.0,65.0,150.0,480.0,12.0,5.267305961560386,8.060606313434223,5285.642653850096
77.0,4.0,461.0,137.0,338.0,150.0,120.0,46.0,8.986926613294603,9.111573485157308,4997.087216306688
2.0,11.0,458.0,31.0,159.0,358.0,267.0,24.0,10.138209647443984,7.1091959092290695,3940.111419075221
92.0,0.0,447.0,35.0,162.0,265.0,328.0,49.0,7.032043283681558,7.050876527852229,3815.479340337079
2.0,11.0,470.0,25.0,125.0,329.0,351.0,29.0,9.19023254433663,7.067784813553506,2864.0960703029937
95.0,4.0,317.0,158.0,264.0,125.0,140.0,13.0,8.909448211395944,9.979862483061131,3367.30433736564
8.0,11.0,446.0,68.0,217.0,395.0,135.0,31.0,9.089665313772322,6.915400760909499,3563.3706527353493
2.0,11.0,458.0,32.0,220.0,343.0,220.0,21.0,9.940901084569983,7.002127997647355,2187.087463432998
91.0,0.0,476.0,20.0,35.0,120.0,525.0,12.0,5.040263688336744,7.925596169736169,2839.426362553858
1.0,11.0,350.0,20.0,62.0,276.0,407.0,36.0,10.966232136520135,7.053741989075939,2644.6938163467958
35.0,7.0,461.0,137.0,341.0,145.0,125.0,49.0,9.016914301949011,8.890077483420809,2706.7164052854205
1.0,11.0,466.0,5.0,60.0,118.0,547.0,17.0,9.865202986692534,6.034310436485904,5486.765384019037
7.0,4.0,485.0,57.0,372.0,185.0,146.0,10.0,8.22120933585914,10.009244785595644,5267.512080636584
1.0,11.0,350.0,5.0,82.0,230.0,458.0,23.0,11.181287446281798,6.966960372032876,4443.019421011067
77.0,4.0,459.0,15.0,334.0,221.0,205.0,33.0,11.122480243915684,8.844978004788944,4286.606986798249
95.0,4.0,488.0,266.0,268.0,95.0,110.0,24.0,9.04148371763918,8.983042361450412,4264.812147323767
77.0,4.0,457.0,37.0,308.0,268.0,190.0,33.0,10.01422006306473,7.921701104058075,3981.664453652617
95.0,4.0,463.0,116.0,362.0,152.0,170.0,32.0,9.704536381410506,8.886715069404314,3588.3622461133164
8.0,11.0,443.0,25.0,174.0,324.0,287.0,34.0,7.890473722549213,7.052960745529355,2876.975137644348
84.0,11.0,446.0,64.0,278.0,363.0,115.0,28.0,8.082787278297745,6.879766918676281,4057.2953052070834
2.0,11.0,470.0,20.0,125.0,327.0,353.0,30.0,8.94614354160716,7.143535421360165,3036.4664210406017
6.0,7.0,445.0,40.0,305.0,340.0,95.0,35.0,8.070448366975288,6.941230843510155,5151.761117694535
89.0,0.0,447.0,25.0,126.0,276.0,358.0,48.0,6.818040643122259,6.9550903876047165,6140.726635843093
94.0,7.0,462.0,90.0,310.0,296.0,120.0,28.0,8.801363397247812,8.119705944889658,4473.098968582789
1.0,11.0,346.0,0.0,40.0,74.0,546.0,41.0,11.831846813677677,7.912112770710848,3353.9429956505214
3.0,0.0,449.0,47.0,298.0,345.0,105.0,50.0,6.826546158017655,7.981518419325605,4448.319032943021
1.0,11.0,346.0,5.0,30.0,73.0,572.0,42.0,11.193419790911088,7.084517894028194,3538.893283660416
81.0,0.0,475.0,15.0,30.0,105.0,501.0,13.0,4.986979695617951,8.918639269586157,3160.9676863844347
77.0,4.0,459.0,29.0,242.0,294.0,215.0,42.0,10.857094250121268,9.065692124131632,3187.3171291291715
2.0,11.0,466.0,5.0,65.0,124.0,551.0,18.0,10.005021553962088,6.0785932791889,3683.859387551207
1.0,11.0,350.0,5.0,50.0,84.0,546.0,47.0,10.92537131788063,6.838997678348759,3353.185777745646
1.0,11.0,350.0,15.0,57.0,146.0,512.0,27.0,10.969951250714985,7.113430161102937,4581.240936484742
1.0,11.0,350.0,5.0,50.0,79.0,556.0,46.0,10.781787247448484,7.022376138844814,2739.7659880931637
3.0,0.0,449.0,60.0,307.0,343.0,90.0,47.0,6.881488457998972,8.089263938646052,4152.287152720228
77.0,4.0,457.0,78.0,419.0,170.0,145.0,35.0,8.96282606367615,7.933119793095546,3600.2783508568864
92.0,0.0,472.0,30.0,100.0,207.0,428.0,20.0,5.83730611689421,7.958549334961985,4956.722927621007
81.0,0.0,181.0,0.0,15.0,120.0,490.0,7.0,5.0770046685129335,9.907175987425768,5566.916035080177
77.0,4.0,457.0,28.0,361.0,219.0,190.0,39.0,9.965138054010223,8.05090523010505,2267.332953644918
1.0,11.0,458.0,32.0,220.0,348.0,215.0,22.0,10.044964261013536,7.074002944930866,4177.241720307417
7.0,4.0,485.0,73.0,413.0,149.0,140.0,13.0,7.922041940668,9.966319931123014,6001.049624564038
8.0,11.0,443.0,25.0,197.0,322.0,261.0,43.0,6.88112342645846,7.158455873495017,2754.197945149918
48.0,0.0,471.0,40.0,110.0,212.0,388.0,13.0,6.119427899056857,9.037643740147407,2099.9279685061165
14.0,4.0,427.0,0.0,0.0,35.0,535.0,3.0,9.005265425443172,12.945184724329204,6865.665432266574
83.0,11.0,446.0,66.0,265.0,374.0,115.0,25.0,8.137175552774627,7.151121540056662,3663.825803990445
77.0,4.0,317.0,172.0,237.0,156.0,135.0,14.0,10.108977408607876,10.050989762418189,3204.8738692260085
3.0,0.0,474.0,45.0,100.0,230.0,385.0,17.0,6.12599149262828,7.844924371355378,4064.281782709186
95.0,4.0,317.0,178.0,231.0,150.0,140.0,17.0,9.919483734280508,8.983665355489762,3771.528175845505
2.0,11.0,470.0,20.0,141.0,392.0,267.0,32.0,9.11583334676897,6.905366525675948,4511.004535191939
1.0,11.0,460.0,37.0,98.0,405.0,260.0,26.0,10.259239296329982,7.904212799716436,3641.553506110217
77.0,4.0,457.0,34.0,347.0,272.0,165.0,31.0,10.034740948978415,7.970573445390202,3529.764943872937
95.0,4.0,317.0,157.0,219.0,184.0,140.0,12.0,9.85092425808059,10.080677585309866,3180.343156523757
14.0,4.0,427.0,0.0,0.0,35.0,524.0,3.0,9.066361737367432,13.05710385735082,6593.274543503055
90.0,0.0,443.0,20.0,174.0,335.0,281.0,34.0,8.151119691049683,6.997420619581591,5124.670030305654
81.0,0.0,475.0,0.0,45.0,115.0,504.0,12.0,5.188267489158044,8.915865826692896,4994.489362161129
5.0,0.0,486.0,160.0,362.0,125.0,90.0,37.0,7.894717344050083,8.000445343500994,4277.486297985066
81.0,0.0,419.0,0.0,20.0,75.0,551.0,5.0,7.059221949948332,10.916550493972569,3760.3381870489543
48.0,0.0,471.0,30.0,120.0,215.0,375.0,11.0,6.031812344174635,9.073602465940928,3604.492714231708
81.0,0.0,475.0,0.0,70.0,110.0,498.0,11.0,4.987560679251049,9.065219389617042,3849.7242917270382
1.0,11.0,460.0,42.0,87.0,440.0,231.0,38.0,11.010517713998274,8.077943941477383,3411.320192442902
48.0,0.0,471.0,25.0,100.0,187.0,428.0,10.0,5.982195549613147,9.029481034703862,4392.27173321386
89.0,0.0,443.0,25.0,177.0,299.0,304.0,44.0,7.210288120092343,7.045340673810243,4535.0797575628085
1.0,11.0,350.0,10.0,69.0,294.0,392.0,36.0,10.899602630357116,8.008100370075184,3805.710949185827
77.0,4.0,459.0,57.0,330.0,208.0,185.0,33.0,10.14301541322384,8.874614671212978,2459.0724458026857
36.0,7.0,461.0,178.0,323.0,170.0,95.0,39.0,9.011430175472311,8.072482935420403,3347.466027652906
87.0,0.0,448.0,10.0,70.0,264.0,426.0,48.0,6.998226747450594,7.191171792944144,7775.065620175864
89.0,0.0,443.0,15.0,184.0,322.0,289.0,34.0,7.871121260409685,7.001803680786949,3647.97993531417
1.0,11.0,460.0,25.0,65.0,359.0,321.0,48.0,11.065739107093524,7.915651318175076,3991.7222819108033
92.0,0.0,447.0,30.0,164.0,294.0,307.0,49.0,6.896058947942108,6.978474969215315,3829.1279216106377
1.0,11.0,458.0,15.0,158.0,306.0,326.0,23.0,9.914603508425277,7.026978727603247,4090.694618436258
89.0,0.0,443.0,15.0,141.0,296.0,348.0,45.0,7.093732540696836,6.924017697086677,5388.863349105731
92.0,0.0,447.0,25.0,225.0,266.0,264.0,28.0,6.067768161600826,7.838828162133059,4335.804413182513
77.0,4.0,459.0,42.0,339.0,219.0,185.0,38.0,10.118419170992452,9.031474515697507,3145.326529326931
6.0,7.0,449.0,60.0,291.0,359.0,90.0,48.0,6.83037481434915,6.863884522807584,5211.206746524289
95.0,4.0,488.0,221.0,295.0,115.0,105.0,26.0,7.758059368148179,9.13766878524277,3134.816349337637
81.0,0.0,181.0,0.0,20.0,75.0,439.0,5.0,4.084805546168844,9.968530954280132,5353.247373838113
1.0,11.0,350.0,10.0,68.0,281.0,401.0,34.0,10.901475139309497,8.082952767858902,3749.253031053132
1.0,11.0,458.0,37.0,213.0,355.0,215.0,22.0,9.980965417874168,7.078568171366728,4705.438886485181
87.0,0.0,448.0,10.0,45.0,164.0,551.0,40.0,6.125358239354116,6.128956166937174,3633.6449900639896
10.0,0.0,474.0,30.0,198.0,273.0,264.0,15.0,5.868682744009679,7.936778935718311,3083.146140931148
77.0,4.0,459.0,28.0,302.0,260.0,195.0,47.0,9.965350047199752,9.08891239575919,4331.731723061417
83.0,11.0,444.0,15.0,119.0,276.0,405.0,30.0,7.994732925159542,5.87792433127063,3662.305413381618
81.0,0.0,477.0,5.0,50.0,95.0,516.0,12.0,4.953409010314578,10.065449703911204,3508.373877991885
6.0,7.0,445.0,71.0,242.0,402.0,110.0,32.0,8.020145614022868,6.802125047207479,3927.471501033228
94.0,7.0,462.0,32.0,326.0,323.0,105.0,28.0,9.35145914053273,7.027083122718238,4104.725966354749
87.0,0.0,448.0,15.0,70.0,259.0,426.0,47.0,7.007837202910844,6.953361844101342,3658.758860926539
77.0,4.0,461.0,153.0,382.0,145.0,135.0,43.0,9.042282932555578,8.12537671528321,2884.8857129625967
2.0,11.0,470.0,25.0,65.0,250.0,480.0,16.0,9.978048078640963,6.0760720498840985,2697.9721701186454
14.0,4.0,427.0,0.0,0.0,35.0,519.0,3.0,8.777372262478533,12.937469086263638,6151.915458154072
81.0,0.0,419.0,0.0,30.0,85.0,543.0,5.0,6.89105088767287,11.00263135518144,4565.079735836408
85.0,11.0,446.0,20.0,213.0,375.0,217.0,36.0,7.959129256269345,7.055562934729069,3422.9833413503507
10.0,0.0,473.0,20.0,176.0,318.0,231.0,13.0,5.886653020706943,8.902214544966686,2509.684670532655
1.0,11.0,466.0,15.0,86.0,241.0,458.0,23.0,10.14667730275056,6.941329525676452,4415.32489290549
36.0,7.0,461.0,144.0,350.0,140.0,120.0,44.0,9.010085754593325,7.958361781000866,2799.385899512893
2.0,11.0,466.0,15.0,81.0,245.0,449.0,23.0,9.964322964628048,7.114075194747459,3323.2545840993184
83.0,11.0,468.0,20.0,104.0,272.0,414.0,31.0,9.11736921531969,6.004406585005633,3150.700620504118
92.0,0.0,447.0,30.0,70.0,217.0,453.0,23.0,6.085671557248679,7.042307159483784,5068.568257189017
81.0,0.0,181.0,0.0,10.0,95.0,434.0,6.0,5.094453880999541,9.880643241543224,3881.51891090636
81.0,0.0,419.0,0.0,25.0,90.0,537.0,5.0,6.001350011020919,10.929934061500736,4173.363527281488
36.0,7.0,463.0,149.0,287.0,165.0,180.0,25.0,9.934385170483896,9.017130390094636,3891.2129901667126
1.0,11.0,466.0,20.0,55.0,176.0,544.0,19.0,9.980111735587858,5.9571954012463255,3802.6193414945255
1.0,11.0,466.0,5.0,60.0,81.0,574.0,19.0,11.159674077721927,5.982684821315025,5650.207828318062
1.0,11.0,350.0,10.0,68.0,281.0,391.0,37.0,11.047792969809096,7.814059858555545,4012.6561985951935
2.0,11.0,470.0,25.0,200.0,389.0,211.0,34.0,8.93869596139797,6.968933751708551,2815.3686779337327
2.0,11.0,466.0,15.0,67.0,252.0,456.0,24.0,10.093012857916843,7.093321758567004,2621.322546538236
5.0,0.0,449.0,70.0,263.0,367.0,100.0,47.0,6.996818899118801,7.013929902570743,3163.896241839349
1.0,11.0,466.0,15.0,72.0,209.0,499.0,24.0,10.008382823129818,5.913380710256242,4281.368060279923
48.0,0.0,471.0,20.0,60.0,156.0,474.0,10.0,5.082833381428099,8.975381638455048,2573.262677595296
2.0,11.0,470.0,15.0,138.0,312.0,355.0,34.0,9.024811846748186,5.886895612718936,3501.076461081735
1.0,11.0,351.0,15.0,35.0,77.0,573.0,37.0,11.215552255116991,7.042054414247593,5370.744660444747
5.0,0.0,449.0,48.0,309.0,343.0,100.0,49.0,7.014478538894798,8.09290552139769,4335.588763160655
77.0,4.0,457.0,85.0,388.0,193.0,145.0,32.0,8.91082121990372,8.006534359963437,3347.034818710336
51.0,11.0,462.0,74.0,246.0,355.0,140.0,30.0,9.083127851425344,6.999862219980658,2887.4753581936006
1.0,11.0,466.0,15.0,62.0,216.0,487.0,23.0,10.03668361287286,6.847562953696056,3929.607648120527
1.0,11.0,460.0,5.0,89.0,319.0,352.0,34.0,11.103094008727332,7.943653390849193,3765.4873119654817
92.0,0.0,474.0,30.0,115.0,225.0,390.0,17.0,5.992704854725854,7.97142837671563,3852.666708370852
46.0,4.0,317.0,117.0,236.0,242.0,190.0,11.0,10.042029451615344,10.054251718157202,3579.662469007731
7.0,4.0,461.0,234.0,268.0,140.0,100.0,45.0,8.855528303347032,9.13363137175314,4260.722994499121
77.0,4.0,461.0,161.0,324.0,165.0,95.0,42.0,8.803668640473372,7.949345781527525,3079.422141861542
1.0,11.0,351.0,25.0,30.0,87.0,573.0,27.0,10.915799122226536,6.890947139647613,3211.6384184936446
81.0,0.0,477.0,0.0,25.0,125.0,506.0,4.0,4.96420577261373,10.061281952521464,3810.9102700230656
47.0,11.0,445.0,52.0,327.0,306.0,90.0,32.0,7.952941452018851,7.118687828820248,3366.0099703046694
77.0,4.0,457.0,38.0,284.0,311.0,180.0,31.0,10.096916624154597,8.136029240154757,3046.367130407127
77.0,4.0,459.0,64.0,382.0,178.0,180.0,40.0,10.12886147853978,8.918551785828797,3149.232520303588
77.0,4.0,457.0,49.0,350.0,219.0,190.0,38.0,9.865869821934885,8.040436548414911,3103.509733467603
91.0,0.0,476.0,10.0,30.0,105.0,525.0,12.0,4.980540893487476,8.035570748929608,3536.753580748792
1.0,11.0,350.0,15.0,67.0,249.0,419.0,35.0,11.093601012933243,7.9308291243008116,3610.963429870372
94.0,7.0,445.0,66.0,280.0,374.0,85.0,41.0,8.11799044491871,7.080584770616956,4711.756154114744
91.0,0.0,472.0,10.0,55.0,90.0,560.0,12.0,5.01107562750928,8.036624873097285,4360.102007241376
95.0,4.0,463.0,187.0,247.0,145.0,135.0,26.0,8.845128169162582,8.896128588133179,3981.321827800493
87.0,0.0,448.0,10.0,60.0,269.0,431.0,44.0,6.270148727308167,6.930960822126021,4933.326190610301
77.0,4.0,459.0,58.0,329.0,218.0,180.0,34.0,10.017233443023589,8.995130574046012,3527.5236702627767
84.0,11.0,446.0,20.0,219.0,380.0,206.0,38.0,9.189369647765728,7.119324513779949,3744.004892161821
18.0,4.0,491.0,25.0,233.0,323.0,159.0,14.0,8.03636495647622,9.93505060652588,4718.135224000528
18.0,4.0,491.0,35.0,330.0,243.0,147.0,14.0,8.04575027756141,10.116811543278091,3225.255186168728
41.0,7.0,461.0,160.0,329.0,145.0,115.0,41.0,8.949378739343496,7.891548311805809,4871.107098722888
81.0,0.0,419.0,0.0,35.0,80.0,548.0,5.0,7.333833219047578,10.997537202566116,5302.328667092627
89.0,0.0,449.0,70.0,314.0,326.0,90.0,47.0,7.065996998842027,8.056741071674931,4962.239088906686
46.0,4.0,463.0,128.0,381.0,125.0,170.0,43.0,10.03882637321751,9.003298515346593,5053.863810226255
42.0,7.0,461.0,167.0,372.0,155.0,115.0,38.0,9.126955463357348,8.098383733358817,5645.718190421382
3.0,0.0,490.0,80.0,292.0,298.0,120.0,21.0,6.876286933912128,8.038061570672756,4599.962648804247
5.0,0.0,486.0,72.0,446.0,121.0,100.0,28.0,8.129911417543731,8.9601039616979,2938.087501005844
89.0,0.0,474.0,20.0,142.0,267.0,326.0,18.0,5.974061157412992,8.021080127326014,3984.2134495513696
81.0,0.0,422.0,10.0,60.0,295.0,360.0,8.0,7.782717499265169,10.971469796921197,5077.859437887531
89.0,0.0,443.0,37.0,280.0,369.0,114.0,48.0,7.007947583046426,7.04443490611364,4728.808769804727
81.0,0.0,420.0,15.0,80.0,224.0,396.0,10.0,6.969517224265465,9.948733081841183,4273.077025799747
81.0,0.0,419.0,0.0,25.0,80.0,553.0,4.0,7.023863121899215,11.963697731013452,3226.440079925222
7.0,4.0,461.0,196.0,331.0,160.0,90.0,45.0,9.056564940098466,7.906964180196603,6774.96785752206
81.0,0.0,422.0,20.0,85.0,348.0,277.0,10.0,8.056579743737714,11.064577639750151,5893.2660443102
3.0,0.0,473.0,20.0,147.0,300.0,278.0,12.0,6.203945091081413,8.948866612905405,5001.482085579751
39.0,7.0,461.0,182.0,300.0,140.0,115.0,44.0,9.17303700718644,7.988372017701218,4748.0502949397705
87.0,0.0,447.0,35.0,173.0,255.0,312.0,30.0,6.141267722021042,7.965835233329349,6036.799083928694
5.0,0.0,449.0,73.0,330.0,287.0,110.0,41.0,7.121033142275732,7.912050388047812,6960.077103405801
81.0,0.0,420.0,35.0,80.0,275.0,350.0,11.0,7.137069723475741,10.07155793430874,4496.380535111204
81.0,0.0,422.0,20.0,81.0,383.0,241.0,9.0,8.055264688518054,11.092610667911616,3894.299008318705
87.0,0.0,443.0,10.0,138.0,286.0,376.0,32.0,7.029532444724079,6.02012445759092,4570.272701054223
5.0,0.0,490.0,55.0,191.0,368.0,141.0,12.0,6.873920587379067,8.99249163797311,3863.161883832898
81.0,0.0,420.0,15.0,85.0,227.0,393.0,10.0,6.894474030940618,10.057866509610731,4906.746042340483
81.0,0.0,473.0,20.0,115.0,161.0,434.0,12.0,6.05884727662278,8.851047590492062,3232.8007002327745
5.0,0.0,449.0,114.0,332.0,259.0,90.0,40.0,7.200896610679115,8.036070956225752,4758.169774538352
81.0,0.0,489.0,70.0,193.0,362.0,145.0,13.0,7.184288645378299,10.17351182722914,3601.403115269602
87.0,0.0,443.0,20.0,196.0,307.0,277.0,44.0,7.228770822757032,6.97051946510884,5972.994511600951
94.0,7.0,486.0,186.0,344.0,140.0,85.0,44.0,8.101010132882434,7.986619385875912,4177.827443347442
95.0,4.0,488.0,171.0,246.0,125.0,135.0,23.0,8.964122637440076,9.050458266022767,3488.353367790806
18.0,4.0,491.0,61.0,398.0,154.0,157.0,13.0,8.056708784837241,9.82347038759388,5259.240380050112
3.0,0.0,490.0,97.0,368.0,165.0,125.0,13.0,7.032828919303505,9.011068286204488,5218.799415654958
46.0,4.0,463.0,203.0,243.0,150.0,115.0,38.0,8.812114526995748,9.012240747248992,5718.839439509316
18.0,4.0,491.0,25.0,125.0,345.0,240.0,11.0,7.987551601649327,10.87454225857153,5591.748908569341
5.0,0.0,486.0,149.0,324.0,226.0,100.0,41.0,7.991555509589621,8.07478825015899,5231.6005977599625
81.0,0.0,420.0,15.0,75.0,196.0,414.0,10.0,6.764681592666983,10.988437394198414,4300.325420468097
91.0,0.0,471.0,20.0,60.0,133.0,492.0,10.0,5.014373013796462,8.947552997103392,3430.3067274410696
87.0,0.0,448.0,10.0,65.0,264.0,441.0,48.0,7.284189663755064,6.207919776765435,4251.181636762269
89.0,0.0,447.0,30.0,197.0,264.0,284.0,30.0,5.969526288924262,7.930128764735068,5110.387015740577
89.0,0.0,447.0,40.0,229.0,258.0,253.0,40.0,6.988275042761001,7.979188541917304,4196.283404781919
46.0,4.0,463.0,194.0,257.0,150.0,125.0,39.0,8.967556353323987,8.956698405248922,5679.444251739408
46.0,4.0,317.0,165.0,258.0,125.0,135.0,15.0,8.967888683849905,9.001156762291323,5749.108277968676
89.0,0.0,474.0,50.0,105.0,261.0,344.0,17.0,6.05245432137594,7.971780632493217,5630.126704658736
91.0,0.0,474.0,40.0,115.0,238.0,362.0,15.0,6.052964100679226,8.07502554462,4613.668367090318
46.0,4.0,488.0,247.0,285.0,80.0,120.0,16.0,9.014739859459237,8.888541963234792,3784.942660151415
81.0,0.0,489.0,65.0,203.0,333.0,154.0,13.0,6.930188813402223,10.040067758281609,3534.733063513526
90.0,0.0,443.0,25.0,210.0,321.0,249.0,43.0,7.021447442284231,7.014032336519121,3722.4339213322783
81.0,0.0,419.0,0.0,45.0,91.0,532.0,6.0,7.128087717920691,11.185921100390258,3866.0260166861353
81.0,0.0,471.0,25.0,65.0,174.0,466.0,8.0,5.055271289213355,8.933069371689747,4692.12868463757
81.0,0.0,420.0,0.0,70.0,91.0,512.0,5.0,6.071054038184034,11.08074806603487,5710.406997295195
95.0,4.0,488.0,259.0,238.0,140.0,95.0,43.0,8.847711877826024,9.05129419129708,3861.641148124673
87.0,0.0,472.0,15.0,90.0,195.0,425.0,15.0,5.750904566340111,8.00027246620012,5197.575499661052
81.0,0.0,422.0,10.0,50.0,238.0,407.0,8.0,6.812147977702066,11.031634513039656,5102.978322566076
81.0,0.0,473.0,30.0,115.0,228.0,362.0,10.0,5.857839264225988,9.108884284332508,4733.575651876606
92.0,0.0,474.0,25.0,139.0,287.0,304.0,19.0,5.82583329032481,8.04345149909498,5213.596802571806
41.0,7.0,486.0,198.0,310.0,140.0,90.0,35.0,8.0215864738575,9.155025693229506,5145.133700489015
55.0,4.0,461.0,210.0,279.0,140.0,90.0,44.0,8.89448979183882,8.945947156271625,5396.287504495579
3.0,0.0,449.0,97.0,326.0,282.0,90.0,41.0,7.073606023813058,8.119749135616217,2407.8545705266797
18.0,4.0,491.0,40.0,371.0,197.0,147.0,14.0,7.976600978054715,10.054642125190805,7401.335897519897
89.0,0.0,449.0,65.0,278.0,327.0,115.0,25.0,7.155111156830596,8.053283210608335,3863.9237853933273
56.0,4.0,461.0,164.0,376.0,150.0,115.0,33.0,9.057514413466864,8.009296557677699,9535.310701206176
81.0,0.0,420.0,25.0,100.0,223.0,377.0,11.0,6.053988433061209,9.85552907536306,3965.007458162196
52.0,4.0,317.0,83.0,251.0,251.0,175.0,10.0,9.896664389056332,10.003823540366117,6984.385386619937
3.0,0.0,490.0,55.0,251.0,302.0,137.0,13.0,6.988268383108268,8.981411853555125,4495.913883563903
1.0,11.0,460.0,26.0,198.0,351.0,210.0,45.0,10.823753778562027,9.118275238982202,3346.1619748671487
91.0,0.0,471.0,30.0,85.0,197.0,428.0,10.0,6.060090008615841,8.977846133284515,4369.829214270854
89.0,0.0,447.0,20.0,128.0,284.0,343.0,33.0,6.099945888315061,6.882016068728826,4772.824574300442
90.0,0.0,443.0,31.0,257.0,336.0,191.0,32.0,7.849696515676295,6.971693459965896,4900.52006827006
54.0,4.0,486.0,145.0,365.0,137.0,90.0,36.0,8.037018364151352,8.91191374005918,7021.800791877184
92.0,0.0,474.0,25.0,238.0,258.0,264.0,22.0,6.144015001709171,8.129411749254523,4876.424746666421
90.0,0.0,443.0,30.0,254.0,329.0,187.0,46.0,7.112166424180721,7.004749189374591,5323.835070767968
81.0,0.0,422.0,15.0,65.0,182.0,433.0,8.0,6.984807073219312,11.175672161558436,3440.539046652121
6.0,7.0,445.0,146.0,386.0,145.0,85.0,38.0,7.9966077758181076,7.985395430441284,7561.608287245984
46.0,4.0,463.0,183.0,272.0,160.0,125.0,39.0,8.738487872247346,9.005010405385999,4545.7088674685165
81.0,0.0,420.0,0.0,70.0,91.0,512.0,5.0,6.131647934587682,10.95620945308738,3888.74711994959
38.0,0.0,449.0,30.0,254.0,357.0,159.0,50.0,7.024188180069574,7.9255658181599875,4141.714704704922
42.0,7.0,486.0,108.0,392.0,164.0,105.0,32.0,8.069844536424835,7.850958180358604,5749.02984461754
89.0,0.0,443.0,15.0,179.0,325.0,291.0,36.0,6.918213545723049,6.918372461630449,2950.478505760864
92.0,0.0,474.0,55.0,171.0,287.0,257.0,13.0,6.063309441108791,9.028394446996982,3689.496282136857
89.0,0.0,474.0,45.0,176.0,272.0,272.0,14.0,5.8263866989395705,7.842197300951075,5273.3967115902005
90.0,0.0,449.0,40.0,257.0,328.0,160.0,36.0,6.993180128897415,7.9953836491548,7435.868405911474
81.0,0.0,471.0,40.0,115.0,227.0,363.0,10.0,5.710329187433831,9.014559266212634,4071.755518551238
90.0,0.0,443.0,35.0,220.0,319.0,231.0,47.0,6.904502342148465,6.9721064359321,5503.651526666748
87.0,0.0,447.0,20.0,146.0,250.0,364.0,47.0,7.147238053046469,7.072584913509756,4149.804341881518
87.0,0.0,447.0,25.0,65.0,268.0,417.0,36.0,6.023392516970124,7.028645116143667,4175.592380196829
3.0,0.0,449.0,82.0,285.0,338.0,95.0,50.0,6.932168540123995,7.933672259597691,4205.377168677075
89.0,0.0,443.0,30.0,184.0,327.0,274.0,33.0,8.006854833327479,6.954291615920037,5796.274713429069
46.0,4.0,463.0,185.0,276.0,150.0,130.0,39.0,9.13645149116252,9.118296540180658,6173.896580362948
40.0,7.0,461.0,103.0,379.0,179.0,110.0,33.0,9.070224438961262,7.944545564138637,5531.320436943964
89.0,0.0,474.0,60.0,180.0,346.0,179.0,13.0,6.7675160687220615,8.938756344380089,4759.826026810164
87.0,0.0,443.0,20.0,183.0,312.0,290.0,37.0,6.817229016463148,7.039834835957882,5193.789114804456
5.0,0.0,449.0,93.0,310.0,297.0,95.0,37.0,7.019943730581205,7.952288125607949,4527.459571337957
3.0,0.0,473.0,25.0,182.0,317.0,221.0,11.0,5.9926877568734485,8.867156550342902,4990.755315643418
87.0,0.0,472.0,20.0,90.0,205.0,425.0,15.0,6.021675236249387,8.024731720299476,5997.86429088267
3.0,0.0,490.0,60.0,224.0,318.0,143.0,13.0,7.067940532302807,8.946853855699436,4906.921750186952
46.0,4.0,463.0,164.0,279.0,160.0,115.0,41.0,9.256360008924313,8.905261919583603,3334.6102154297528
94.0,7.0,486.0,169.0,352.0,150.0,85.0,46.0,8.14846406161122,7.96344822574467,4673.082721599289
81.0,0.0,420.0,0.0,85.0,188.0,427.0,10.0,7.14439676503924,11.143583517273903,3660.715224102451
41.0,7.0,486.0,140.0,393.0,158.0,80.0,40.0,8.060671434272486,7.954964287368512,4303.138217176985
3.0,0.0,474.0,45.0,143.0,296.0,286.0,18.0,5.798848978645353,8.127724497096274,5643.5432497241045
3.0,0.0,474.0,35.0,195.0,286.0,254.0,17.0,6.146968546989078,7.948746798528674,5838.834178290404
42.0,7.0,486.0,166.0,370.0,154.0,80.0,44.0,7.948357056904528,8.031522161192907,4294.24878202612
42.0,7.0,445.0,55.0,329.0,288.0,90.0,30.0,7.98679816889329,7.986805224913753,3396.887767106953
89.0,0.0,449.0,65.0,283.0,327.0,115.0,33.0,6.981657407282347,8.207137803319231,2245.162548387191
7.0,4.0,461.0,127.0,362.0,145.0,115.0,43.0,8.662858964827635,7.951013349078483,3769.207594081449
7.0,4.0,488.0,194.0,235.0,130.0,130.0,24.0,9.02173654023037,8.997413517648786,4882.262551280897
87.0,0.0,447.0,30.0,70.0,243.0,437.0,23.0,5.967858086414656,7.015525691874399,5995.693239473416
89.0,0.0,474.0,25.0,217.0,279.0,259.0,21.0,6.105575128826759,8.052673785356028,4038.5293646032874
46.0,4.0,463.0,205.0,250.0,140.0,120.0,37.0,9.045076987985071,8.986614034103656,5278.386264982807
3.0,0.0,474.0,65.0,249.0,305.0,156.0,20.0,6.881703081759908,7.9943141801131326,4132.972031824942
81.0,0.0,420.0,25.0,100.0,223.0,377.0,11.0,6.056116115763932,10.163131172754328,4470.854456855149
7.0,4.0,485.0,96.0,391.0,143.0,150.0,12.0,7.832713218064097,9.84537655988264,6074.563413665284
3.0,0.0,473.0,20.0,147.0,308.0,270.0,11.0,6.099160632258134,8.904524092145996,2188.334457182026
87.0,0.0,472.0,20.0,80.0,199.0,431.0,15.0,6.079596950252824,7.956428267231747,5211.49098321501
89.0,0.0,449.0,65.0,278.0,332.0,115.0,32.0,7.21445136248151,7.857445872953805,3722.704974129216
3.0,0.0,490.0,70.0,272.0,271.0,142.0,13.0,6.928087167480904,8.883562596287602,3986.361100836716
92.0,0.0,447.0,30.0,200.0,246.0,294.0,39.0,6.827205204798885,7.061048957984972,4243.4505760760585
5.0,0.0,486.0,80.0,444.0,128.0,100.0,27.0,7.874502739178381,9.145097806627676,7068.259789477751
81.0,0.0,422.0,20.0,114.0,387.0,219.0,12.0,6.81334881298071,10.02017515759345,3853.802005323636
81.0,0.0,422.0,20.0,159.0,355.0,211.0,12.0,7.778063375516604,9.942306512308075,4437.226012771972
89.0,0.0,447.0,30.0,235.0,281.0,249.0,47.0,6.862133583648494,6.904634134613865,4495.866932950803
56.0,4.0,463.0,151.0,358.0,135.0,165.0,43.0,9.984781906833987,8.961029045036657,9478.655057720416
81.0,0.0,473.0,15.0,202.0,332.0,196.0,12.0,6.162961325403902,9.038124370528656,4016.768569506025
81.0,0.0,471.0,20.0,90.0,170.0,455.0,11.0,6.215442771905283,8.983106731356514,4355.590573825554
3.0,0.0,474.0,50.0,166.0,273.0,281.0,16.0,5.821295892747836,7.92112844581688,3851.403642062541
3.0,0.0,490.0,83.0,336.0,251.0,120.0,18.0,6.955464766613972,7.978324497375703,3295.6341586710605
90.0,0.0,449.0,30.0,260.0,356.0,154.0,53.0,7.035641012778529,7.038509647526247,4486.185563073655
7.0,4.0,488.0,195.0,235.0,130.0,130.0,23.0,9.145556136556142,9.030458994118757,5333.85937846468
87.0,0.0,472.0,15.0,90.0,194.0,431.0,18.0,6.225541783697566,7.921087873135844,3816.029021038552
3.0,0.0,490.0,70.0,283.0,274.0,133.0,14.0,7.016447658185745,8.994222004606167,4096.722271249089
7.0,4.0,486.0,121.0,363.0,199.0,95.0,35.0,8.074431446497465,7.952159768440437,4818.285159459793
87.0,0.0,447.0,40.0,203.0,248.0,289.0,34.0,6.102164457579628,8.006656328442544,2202.833707381749
7.0,4.0,461.0,102.0,403.0,155.0,110.0,32.0,9.040541664763907,7.979134012069961,4126.314565129466
90.0,0.0,449.0,91.0,280.0,309.0,115.0,30.0,7.182841970844945,7.9629937493512015,4025.674716123354
81.0,0.0,489.0,55.0,326.0,237.0,147.0,12.0,7.995268569108318,9.987382359929972,5560.829926861538
46.0,4.0,463.0,149.0,319.0,155.0,135.0,46.0,8.924867368937143,8.9064344650666,5455.231297037819
5.0,0.0,490.0,111.0,341.0,183.0,115.0,15.0,6.828459072464197,8.988597266982111,5266.874509097739
7.0,4.0,486.0,173.0,345.0,115.0,100.0,33.0,7.936032725351959,9.05804631093563,5749.23013916562
5.0,0.0,449.0,89.0,312.0,289.0,105.0,36.0,6.942141944652,7.983517487182409,4656.956925765439
87.0,0.0,443.0,25.0,203.0,319.0,268.0,32.0,7.935732420154403,6.925402528168717,3392.5524665143985
81.0,0.0,419.0,0.0,15.0,80.0,563.0,4.0,7.1077206745213575,11.890012660680569,3335.335737158015
4.0,0.0,473.0,30.0,105.0,215.0,385.0,11.0,5.932689584199322,9.041614380971522,5491.919719624882
5.0,0.0,490.0,61.0,305.0,237.0,142.0,13.0,6.973873041521274,8.834448372130597,4622.056819869062
18.0,4.0,485.0,200.0,339.0,107.0,120.0,15.0,8.001364327000559,9.116225251436342,5928.591967334614
41.0,7.0,461.0,161.0,343.0,160.0,105.0,41.0,9.064913996493376,7.925333400812383,3848.570942109433
90.0,0.0,443.0,20.0,224.0,329.0,232.0,32.0,7.101609258059047,7.028030388631229,3744.78203154936
81.0,0.0,491.0,40.0,330.0,243.0,147.0,14.0,8.168021572282305,10.03748672357462,7213.778184628731
91.0,0.0,472.0,25.0,100.0,211.0,424.0,21.0,6.051584048161295,7.891774059948742,4691.519464329273
91.0,0.0,471.0,25.0,55.0,178.0,467.0,9.0,4.958148259313809,9.172679727106708,4066.6732914478566
87.0,0.0,472.0,15.0,85.0,200.0,425.0,15.0,6.010727360357612,7.808508973369473,5043.833642235243
91.0,0.0,472.0,10.0,70.0,208.0,437.0,15.0,4.929361320793388,7.808053227738374,3293.71829486978
46.0,4.0,317.0,160.0,223.0,184.0,140.0,12.0,9.926375556651156,9.987052814698137,5107.254929009483
81.0,0.0,485.0,182.0,355.0,97.0,120.0,15.0,8.020617763384765,9.105439386428817,4548.335042940576
81.0,0.0,421.0,5.0,25.0,101.0,532.0,5.0,7.074875657943999,11.005863488663437,4412.336296172029
92.0,0.0,474.0,40.0,183.0,315.0,232.0,12.0,5.8992427798509866,8.883600744495782,3606.632795116438
92.0,0.0,474.0,55.0,254.0,310.0,161.0,22.0,7.022895458202551,7.868822245578853,4082.763033888704
89.0,0.0,443.0,25.0,214.0,324.0,252.0,29.0,8.105512352022139,7.0344575859211576,4957.938233694715
7.0,4.0,488.0,128.0,264.0,130.0,135.0,13.0,8.921481641025439,9.993853768630672,4572.784557855036
81.0,0.0,419.0,0.0,50.0,106.0,512.0,5.0,6.138818406829242,10.944556665589465,5280.443974298688
81.0,0.0,422.0,5.0,50.0,200.0,445.0,4.0,6.9539991085066255,10.9649255857273,6437.729329220513
46.0,4.0,463.0,153.0,363.0,155.0,135.0,49.0,9.173262792613814,7.818483042488573,4645.262723161783
89.0,0.0,474.0,40.0,155.0,289.0,286.0,16.0,6.024188582739562,7.988834263283484,7652.748360903432
81.0,0.0,420.0,15.0,75.0,208.0,402.0,10.0,6.957624750134445,10.935785543199168,3532.2985581867497
3.0,0.0,474.0,30.0,200.0,281.0,254.0,16.0,6.0427097541328365,7.913966720797208,4526.400546774867
81.0,0.0,471.0,25.0,110.0,183.0,427.0,11.0,5.995732784885508,9.144921690574176,7130.566262927508
6.0,7.0,449.0,78.0,333.0,274.0,115.0,36.0,6.950983228783583,8.160093168167071,5432.820425046453
94.0,7.0,486.0,90.0,421.0,132.0,90.0,31.0,7.985826813678075,8.969877558766994,4541.823586988308
46.0,4.0,463.0,109.0,351.0,178.0,170.0,30.0,10.15699460911561,9.095674484659222,4459.31234981301
94.0,7.0,486.0,157.0,362.0,140.0,85.0,45.0,7.883947882908192,8.008262819561972,2303.714258056519
81.0,0.0,420.0,35.0,95.0,289.0,331.0,12.0,5.979398517687376,9.94120946136968,3554.538869086183
7.0,4.0,461.0,224.0,272.0,140.0,100.0,44.0,9.116329169153696,8.929234085175974,4367.852068397774
35.0,7.0,461.0,162.0,367.0,135.0,130.0,40.0,8.74555561203142,7.867882216921971,3747.425286771427
94.0,7.0,486.0,137.0,357.0,192.0,85.0,34.0,8.03154388180391,8.005898149747445,5137.8722331148565
5.0,0.0,490.0,77.0,362.0,184.0,137.0,11.0,7.1706389486585245,9.095265733418035,5370.820822612721
81.0,0.0,420.0,30.0,110.0,271.0,334.0,13.0,5.879288226104567,10.065720364163791,4134.171422652026
81.0,0.0,473.0,25.0,121.0,346.0,258.0,11.0,5.921977554468911,10.054403078691951,5132.661399167813
6.0,7.0,445.0,51.0,325.0,323.0,75.0,31.0,8.094776252557198,8.062015205002886,3986.550744424151
94.0,7.0,486.0,168.0,357.0,145.0,80.0,37.0,8.110574582406803,7.95418505299619,3811.2088978504
18.0,4.0,491.0,30.0,132.0,349.0,234.0,11.0,8.143756596412475,10.97591633257603,5041.546570227308
81.0,0.0,473.0,20.0,110.0,209.0,391.0,12.0,5.967249311866156,9.890582420996372,4949.225546494155
94.0,7.0,461.0,116.0,397.0,130.0,130.0,51.0,8.955393951509958,8.122112756544226,3855.2351088827286
94.0,7.0,462.0,89.0,352.0,259.0,100.0,29.0,9.013374462918437,7.917407477200271,3879.082072472052
81.0,0.0,485.0,196.0,334.0,107.0,120.0,19.0,8.218295592072002,8.94992528665488,2455.1467189160267
42.0,7.0,486.0,163.0,344.0,135.0,90.0,37.0,8.184144217214714,7.922285779215352,5129.808826172642
81.0,0.0,471.0,20.0,60.0,173.0,457.0,13.0,4.74641491504107,8.947873301480774,4100.737399819792
91.0,0.0,472.0,10.0,55.0,168.0,492.0,14.0,5.115241174770038,7.9878682993443855,3761.7353261356593
92.0,0.0,447.0,35.0,215.0,266.0,264.0,28.0,5.979977098719932,8.108532440387215,4164.763114861628
81.0,0.0,473.0,40.0,143.0,283.0,284.0,14.0,6.066195194235591,9.024568323020924,4423.776177050988
6.0,7.0,445.0,133.0,339.0,216.0,75.0,48.0,8.031952914584116,7.88020248474784,3417.23828073229
89.0,0.0,447.0,25.0,70.0,282.0,393.0,31.0,6.193779668957864,6.921712955848095,4784.534941721558
89.0,0.0,474.0,45.0,126.0,272.0,317.0,18.0,5.95522806080844,8.02035526322546,3020.7157674659293
81.0,0.0,419.0,0.0,15.0,80.0,552.0,5.0,7.039380248396233,11.002731506130871,5516.247176886874
81.0,0.0,491.0,20.0,138.0,348.0,234.0,12.0,7.872293002987539,10.965503090014046,4499.359505146551
87.0,0.0,472.0,15.0,85.0,200.0,425.0,17.0,5.945884284540095,8.09305612245067,3758.031244352848
91.0,0.0,472.0,10.0,55.0,161.0,484.0,12.0,4.910810199597378,7.964699508524408,4147.773123474471
87.0,0.0,443.0,20.0,196.0,302.0,282.0,43.0,6.999328725958575,6.926296109205545,6605.463088027881
81.0,0.0,489.0,70.0,165.0,371.0,149.0,13.0,7.230602372104683,9.01977754019435,5188.974236764853
41.0,7.0,486.0,202.0,302.0,130.0,90.0,40.0,8.043378334171573,8.938285659996032,5502.390606411613
39.0,7.0,461.0,122.0,391.0,160.0,105.0,32.0,9.047202863880996,7.970778911314283,5709.287756483026
87.0,0.0,447.0,35.0,215.0,271.0,259.0,37.0,7.113121923510919,7.99419779908966,5120.936691896878
89.0,0.0,474.0,30.0,204.0,278.0,253.0,16.0,5.906590335015717,7.982681718624887,5063.255183229797
81.0,0.0,422.0,15.0,80.0,355.0,280.0,12.0,6.855961011237933,9.967062706399515,3304.050209394598
81.0,0.0,471.0,20.0,105.0,166.0,449.0,10.0,6.06401605778223,9.01584834626648,4752.81550294459
87.0,0.0,447.0,40.0,200.0,297.0,268.0,47.0,6.830425626415594,7.035737924266189,4287.312134251625
89.0,0.0,449.0,25.0,248.0,314.0,208.0,50.0,7.015158948171825,7.090851917309746,5259.651844151741
81.0,0.0,477.0,0.0,65.0,137.0,487.0,9.0,4.979023155864942,9.095230290462371,3957.824786511456
89.0,0.0,474.0,65.0,254.0,319.0,147.0,23.0,7.084391728384377,7.779370304770468,4735.927983216575
41.0,7.0,461.0,261.0,258.0,125.0,100.0,43.0,9.126645570739866,8.89599229911227,6296.64885130274
89.0,0.0,474.0,25.0,204.0,287.0,264.0,21.0,6.04791729742289,8.118340320556273,6079.354378565575
36.0,7.0,463.0,148.0,342.0,155.0,155.0,36.0,9.931504473472428,9.142543330087507,3484.9185982194986
91.0,0.0,471.0,20.0,65.0,150.0,480.0,12.0,4.877409868208087,8.047830228566708,7389.932417439544
90.0,0.0,449.0,40.0,277.0,369.0,114.0,45.0,6.740492058313779,7.075294597720657,4883.605612959637
81.0,0.0,420.0,35.0,75.0,331.0,299.0,11.0,7.020175060199748,10.051918875953731,3505.6193550079333
87.0,0.0,447.0,20.0,146.0,260.0,349.0,47.0,7.196576070372106,6.930220187593745,4825.66477604976
38.0,0.0,449.0,135.0,312.0,258.0,95.0,40.0,7.855566355713874,8.028756326939435,4812.2662729586045
3.0,0.0,490.0,74.0,322.0,234.0,115.0,13.0,7.095018733640132,8.840441044626118,5048.662903801215
87.0,0.0,447.0,30.0,174.0,265.0,306.0,43.0,7.0369745892489854,6.8789440377589495,4714.042489956117
81.0,0.0,422.0,20.0,60.0,315.0,330.0,9.0,8.009658907184074,10.968802470748592,4963.364894882309
87.0,0.0,472.0,15.0,60.0,108.0,542.0,12.0,4.958623718063001,6.957289300227876,3940.653451026773
81.0,0.0,422.0,10.0,70.0,261.0,374.0,8.0,6.856953860737654,10.939858416067551,3956.6605339296575
81.0,0.0,419.0,10.0,70.0,182.0,428.0,8.0,7.000297316212682,10.964791640807372,4997.781868496513
89.0,0.0,449.0,40.0,258.0,336.0,156.0,38.0,6.9413506791694,8.053555998918835,3754.8067170277527
91.0,0.0,474.0,55.0,126.0,261.0,318.0,17.0,5.925782306714554,8.102481574669627,3326.9270098759803
7.0,4.0,461.0,70.0,380.0,216.0,105.0,29.0,8.907137648847783,8.034169525183644,4808.745491374735
7.0,4.0,486.0,127.0,372.0,184.0,95.0,35.0,8.045765083808673,7.8812686580460385,3848.755406436802
18.0,4.0,491.0,86.0,378.0,166.0,145.0,13.0,8.009443624727508,10.013776271485533,4797.014081794063
81.0,0.0,420.0,25.0,100.0,223.0,382.0,11.0,5.830470535503724,9.8176599772222,6890.472187704838
38.0,0.0,449.0,41.0,283.0,371.0,100.0,50.0,6.947843490593105,8.046586781841054,3907.5991102971207
87.0,0.0,472.0,25.0,85.0,205.0,420.0,19.0,6.205493516320664,7.884068041529306,4673.622875820783
81.0,0.0,473.0,25.0,110.0,242.0,368.0,13.0,5.947160871774273,9.96331152032156,4199.049947609309
3.0,0.0,449.0,70.0,284.0,321.0,115.0,34.0,6.773219382386646,8.018825792692466,4859.909457723067
81.0,0.0,473.0,25.0,125.0,229.0,351.0,11.0,5.791339037435793,9.086533874110613,4915.97100709225
81.0,0.0,420.0,0.0,70.0,91.0,512.0,6.0,5.908518766617744,11.088429294054356,4409.056430641947
81.0,0.0,491.0,20.0,240.0,311.0,169.0,13.0,8.008147557084909,10.048926997888929,3389.429814286152
81.0,0.0,477.0,5.0,80.0,109.0,491.0,9.0,5.985227001613228,10.003500114990144,4556.845205488639
46.0,4.0,488.0,238.0,272.0,117.0,110.0,16.0,8.160036905567326,9.034007846127103,4100.01263227139
2.0,11.0,462.0,96.0,401.0,203.0,100.0,29.0,8.979841622231692,7.942601764680332,3604.796754178043
87.0,0.0,447.0,35.0,240.0,258.0,252.0,42.0,7.055471006307834,8.185045233294067,4027.1724236074488
7.0,4.0,461.0,184.0,336.0,155.0,85.0,45.0,8.846305646987645,8.107411543041326,3690.274548125221
81.0,0.0,422.0,10.0,50.0,273.0,387.0,6.0,7.950008553081565,11.056708487087183,5296.123234839088
81.0,0.0,473.0,20.0,110.0,215.0,380.0,12.0,6.149393832560408,9.90510595431433,4848.174102114502
90.0,0.0,449.0,35.0,282.0,378.0,100.0,50.0,6.836318308292605,7.988663161707298,4126.91117406323
89.0,0.0,449.0,65.0,278.0,332.0,115.0,34.0,6.919730038305988,7.879085868574485,2630.264800263089
46.0,4.0,488.0,146.0,239.0,140.0,125.0,15.0,8.748017490444802,9.013099116199095,6530.461760491031
94.0,7.0,462.0,65.0,376.0,225.0,105.0,28.0,8.972027157319989,8.047452687303188,3228.911670882052
87.0,0.0,472.0,15.0,65.0,187.0,453.0,15.0,5.021654082659489,8.010359037879835,5173.679103314246
2.0,11.0,462.0,105.0,359.0,247.0,105.0,30.0,9.081000041195216,8.017795511386488,3029.372910723711
5.0,0.0,486.0,141.0,364.0,150.0,85.0,45.0,7.728930858742172,7.985598964370626,5391.812815829177
87.0,0.0,448.0,15.0,125.0,229.0,431.0,46.0,7.109300501965681,6.025046970268817,2826.5880064985363
41.0,7.0,461.0,116.0,393.0,155.0,100.0,31.0,8.951546497186708,8.034565995855157,3180.129809588472
81.0,0.0,473.0,30.0,172.0,307.0,246.0,13.0,6.064834063054865,8.949973831421422,4061.304703126256
89.0,0.0,449.0,35.0,253.0,308.0,209.0,53.0,6.91291283999249,6.959514932697728,4356.91651096289
81.0,0.0,471.0,25.0,115.0,204.0,406.0,12.0,5.953737018971431,7.925911749328085,3879.363248024342
3.0,0.0,449.0,86.0,286.0,303.0,115.0,35.0,7.044869187855079,7.997659182966395,4403.663654668482
81.0,0.0,473.0,30.0,110.0,199.0,396.0,10.0,5.940541203746787,9.173441231137652,6129.7687609008535
87.0,0.0,443.0,20.0,174.0,320.0,296.0,32.0,7.997662986204475,7.0825768229691,5667.279558986616
5.0,0.0,490.0,121.0,385.0,154.0,105.0,14.0,7.876688710633863,8.82559268979985,3445.7019142786426
3.0,0.0,473.0,25.0,149.0,310.0,266.0,12.0,6.177303584449486,8.982928997199261,4068.749483947093
92.0,0.0,474.0,50.0,207.0,319.0,199.0,15.0,5.812292075581675,8.042798682010009,4091.718099754528
81.0,0.0,420.0,15.0,100.0,210.0,400.0,10.0,6.052327740498761,10.193600491318051,4617.186717530443
81.0,0.0,471.0,30.0,95.0,199.0,416.0,13.0,6.02500295459754,8.01579304883048,5525.718005304306
81.0,0.0,473.0,45.0,188.0,353.0,164.0,10.0,6.965238564471561,8.961059127631145,5113.547781796032
87.0,0.0,443.0,20.0,197.0,323.0,260.0,43.0,7.160319099942964,6.911335888945429,4788.53872246058
94.0,7.0,461.0,172.0,312.0,140.0,120.0,46.0,8.920890073086003,8.056968361051556,3349.316897999848
81.0,0.0,422.0,15.0,102.0,369.0,249.0,12.0,6.864265039200321,9.958666625678214,5067.347625063224
6.0,7.0,445.0,97.0,333.0,258.0,80.0,33.0,7.945838877684361,7.996542360306762,4740.209798555138
87.0,0.0,443.0,20.0,172.0,303.0,305.0,47.0,7.133125868197311,7.038830118158485,2025.1042545203195
3.0,0.0,473.0,40.0,130.0,338.0,237.0,11.0,6.8750108277329725,10.050261794557697,2351.758283966778
87.0,0.0,443.0,25.0,196.0,298.0,286.0,42.0,6.960254453872365,7.095580767401506,4372.0252924040215
81.0,0.0,491.0,15.0,230.0,321.0,169.0,13.0,8.091275082213983,10.028722036725876,5308.033969045846
81.0,0.0,485.0,126.0,376.0,148.0,110.0,14.0,7.905982405196987,8.96959820438552,4790.149656405743
89.0,0.0,447.0,30.0,194.0,245.0,301.0,36.0,6.160662983552783,7.054970556453697,5173.109180224292
81.0,0.0,420.0,0.0,80.0,132.0,478.0,8.0,5.798023390312129,9.995443481971996,3136.177775387496
87.0,0.0,447.0,40.0,217.0,270.0,253.0,42.0,6.848210554302482,7.923855124634909,3588.335539807573
81.0,0.0,422.0,15.0,75.0,239.0,391.0,9.0,7.080648661533245,10.93229088266005,3068.729752585068
89.0,0.0,447.0,40.0,237.0,293.0,235.0,50.0,6.866108664978304,7.136082259925884,2279.9021422484407
91.0,0.0,472.0,20.0,100.0,211.0,414.0,20.0,5.812472537499,8.08966349114756,4973.069937193053
89.0,0.0,447.0,30.0,75.0,282.0,388.0,32.0,6.02263800068116,6.958996246420421,4858.192307695848
92.0,0.0,447.0,30.0,149.0,265.0,331.0,28.0,5.966284344807524,8.101689589307593,5326.176563624576
87.0,0.0,447.0,25.0,112.0,288.0,350.0,28.0,6.0422579637598295,7.079619205177883,5428.189249242871
7.0,4.0,488.0,242.0,206.0,135.0,120.0,36.0,9.032781569165738,8.94589042728054,4506.869578856436
92.0,0.0,474.0,30.0,204.0,278.0,253.0,16.0,5.863560708483654,8.18701783245941,3581.85019121232
89.0,0.0,449.0,80.0,278.0,312.0,120.0,21.0,6.979490423182575,7.955825915888373,3417.863773548745
81.0,0.0,471.0,30.0,85.0,183.0,447.0,11.0,6.081002797825309,8.010800305523647,5341.992451269346
81.0,0.0,421.0,0.0,15.0,75.0,563.0,5.0,6.960136823849399,11.938485250358164,4548.369439419904
4.0,0.0,474.0,30.0,115.0,201.0,409.0,16.0,6.060058035630344,8.057947039821276,8385.905850500501
81.0,0.0,420.0,0.0,80.0,113.0,480.0,8.0,6.05755556487154,10.008660553320524,3718.57862192934
91.0,0.0,472.0,10.0,55.0,155.0,500.0,12.0,4.869927090086314,8.116130276739488,4713.21376568794
5.0,0.0,490.0,113.0,332.0,215.0,120.0,27.0,7.160683776655665,8.083660689720134,3507.6145050833334
46.0,4.0,317.0,141.0,267.0,110.0,145.0,13.0,8.959364284117571,9.986296457541686,3499.262221426227
3.0,0.0,490.0,65.0,236.0,325.0,134.0,13.0,6.904394987298943,9.024497294883227,4329.757188934172
40.0,7.0,461.0,176.0,319.0,160.0,100.0,44.0,8.877418556361844,8.104408008640416,6615.402809617676
87.0,0.0,472.0,25.0,65.0,164.0,486.0,14.0,4.941442064788826,7.925177984752664,4231.395393678942
89.0,0.0,474.0,35.0,110.0,208.0,402.0,15.0,6.238736701912699,7.972310366537749,2738.058413659281
81.0,0.0,420.0,10.0,70.0,184.0,426.0,7.0,7.040439899347065,11.041565075357518,2033.000550309872
81.0,0.0,420.0,35.0,81.0,351.0,273.0,9.0,7.232492478834029,9.871448005132535,3006.3175775148425
46.0,4.0,463.0,152.0,356.0,145.0,145.0,51.0,9.960347292445135,9.04063538496562,5413.356260076708
36.0,7.0,463.0,144.0,329.0,155.0,125.0,45.0,9.102095424244416,9.06243218164078,3951.4192964430654
81.0,0.0,422.0,10.0,50.0,223.0,417.0,8.0,6.877350552851812,11.075856184026964,5692.880121187944
87.0,0.0,447.0,25.0,80.0,263.0,412.0,31.0,5.897244914722372,7.081332276991608,3957.546434859181
77.0,4.0,317.0,166.0,258.0,125.0,135.0,15.0,8.978910353087187,9.060066437776229,3902.290502903924
92.0,0.0,447.0,40.0,232.0,298.0,235.0,47.0,6.979363981326438,7.031961201879752,4250.183540919218
90.0,0.0,443.0,21.0,248.0,344.0,202.0,29.0,8.184655076633444,7.034524787884912,3721.593143870381
87.0,0.0,447.0,25.0,60.0,243.0,457.0,28.0,6.127853273228051,6.958453647326683,3876.673019473031
92.0,0.0,447.0,45.0,199.0,278.0,253.0,41.0,7.088449847183061,7.991271002709497,3365.095792607812
56.0,4.0,461.0,155.0,379.0,135.0,125.0,47.0,8.856991849936207,8.183301645344649,8046.949324111466
91.0,0.0,471.0,30.0,100.0,220.0,390.0,12.0,5.989801644045596,9.050678045156236,5968.256928959252
89.0,0.0,447.0,30.0,126.0,275.0,349.0,31.0,6.184227457082367,7.025707474814548,4626.111227037488
91.0,0.0,472.0,20.0,50.0,134.0,511.0,11.0,5.012703849972325,7.992894446853048,3178.036129952041
94.0,7.0,486.0,98.0,421.0,141.0,100.0,30.0,7.941839536274983,8.811512079416543,3445.100344168656
4.0,0.0,473.0,30.0,120.0,260.0,330.0,11.0,5.908344959501614,9.08035964441455,6484.423088577059
77.0,4.0,463.0,214.0,241.0,145.0,130.0,28.0,8.852666971092596,8.965437018144323,3717.875239999096
6.0,7.0,449.0,40.0,245.0,322.0,178.0,30.0,7.113645953141485,7.886154732469111,4745.0634821987305
81.0,0.0,471.0,20.0,100.0,163.0,452.0,11.0,5.7087426412815,8.855482325436219,4621.834672005996
90.0,0.0,449.0,35.0,260.0,348.0,157.0,51.0,7.137586756117513,6.92941195183804,5500.991034976333
3.0,0.0,449.0,70.0,289.0,316.0,115.0,30.0,6.895978837283394,8.029457492451362,3732.1082318153385
81.0,0.0,428.0,10.0,55.0,354.0,301.0,5.0,7.998274055631669,10.964994251135316,4303.454914059451
91.0,0.0,472.0,10.0,55.0,146.0,514.0,13.0,4.822872574561786,8.094629073399739,3709.9184135610426
89.0,0.0,447.0,30.0,143.0,278.0,324.0,27.0,6.142501587355937,7.937335833784699,3648.1132123647167
81.0,0.0,422.0,15.0,80.0,274.0,356.0,11.0,7.041827823344527,10.88399629971356,3759.333272678297
3.0,0.0,474.0,50.0,178.0,340.0,197.0,12.0,5.883211661362413,8.99713440188336,4680.132843949771
5.0,0.0,490.0,56.0,350.0,202.0,142.0,13.0,7.126856478556315,9.040929148408154,6237.983817505729
81.0,0.0,422.0,10.0,55.0,268.0,382.0,8.0,7.045453325115375,10.962827445057403,4248.25892294822
81.0,0.0,428.0,10.0,71.0,359.0,285.0,7.0,8.15332383583659,10.940500146821138,3893.684172041572
87.0,0.0,447.0,40.0,237.0,309.0,219.0,50.0,6.888687932045701,6.959985115499441,5525.098242133855
87.0,0.0,472.0,20.0,105.0,194.0,421.0,15.0,6.0581776259276365,7.892643601827016,4516.279537447792
91.0,0.0,472.0,5.0,60.0,172.0,483.0,12.0,5.08351364254798,7.868562787261231,3787.287625498858
89.0,0.0,474.0,40.0,105.0,255.0,355.0,17.0,5.928215098790143,7.882061398210039,3404.553475058529
81.0,0.0,473.0,35.0,143.0,310.0,267.0,12.0,6.070772587675402,8.92000446353556,3878.099957240916
42.0,7.0,445.0,86.0,393.0,190.0,95.0,31.0,9.078717509630865,8.006421059326115,3723.160904513372
46.0,4.0,463.0,136.0,300.0,199.0,170.0,27.0,9.98105329103271,8.998561487821037,5469.363884423356
91.0,0.0,472.0,25.0,120.0,196.0,414.0,15.0,6.018984411949043,8.114362077023642,4434.909105632189
6.0,7.0,449.0,91.0,280.0,309.0,115.0,30.0,6.993780477053419,8.148822965625744,4684.532341233746
18.0,4.0,485.0,106.0,395.0,144.0,105.0,14.0,8.024925260533829,8.947527039495354,7372.839004490585
81.0,0.0,422.0,10.0,50.0,273.0,382.0,7.0,8.14960154038894,10.993635823796248,3222.3573537012103
5.0,0.0,490.0,116.0,333.0,206.0,125.0,13.0,6.831565670944726,9.031625958261667,5183.835158054626
81.0,0.0,420.0,5.0,85.0,141.0,464.0,8.0,6.05721043528145,9.857817182003336,3826.942665713369
81.0,0.0,420.0,0.0,70.0,91.0,512.0,5.0,5.809174317568744,10.919899093365087,4450.71103271399
81.0,0.0,471.0,25.0,60.0,197.0,448.0,14.0,4.908824524977007,7.951051142723306,2013.461269439424
91.0,0.0,471.0,15.0,115.0,161.0,444.0,10.0,5.86310876373774,8.808743080403367,4049.9662090992815
81.0,0.0,491.0,35.0,360.0,213.0,147.0,14.0,8.12761594467691,9.970305017442472,3241.1660659434533
18.0,4.0,485.0,114.0,411.0,125.0,120.0,14.0,8.07713922224194,9.067965124407763,5133.619677829058
18.0,4.0,488.0,226.0,284.0,117.0,115.0,24.0,8.024385676771248,8.942944228531141,5927.157558372687
5.0,0.0,486.0,90.0,432.0,130.0,100.0,25.0,8.161734167774496,8.972251425354722,3805.3707531572127
94.0,7.0,461.0,137.0,377.0,172.0,125.0,31.0,9.083419247842922,8.034990911312969,4271.5895237625655
81.0,0.0,420.0,15.0,110.0,215.0,385.0,12.0,6.112553372499066,9.98992671450196,4573.136713831241
36.0,7.0,461.0,133.0,363.0,175.0,90.0,34.0,8.927488152930756,8.04464622853088,4181.369872610405
81.0,0.0,428.0,10.0,45.0,305.0,365.0,6.0,7.882723546217654,11.024050801934925,3801.976127467886
89.0,0.0,443.0,15.0,214.0,321.0,255.0,33.0,6.990919434615987,7.120321440421586,5227.367902780785
3.0,0.0,490.0,60.0,191.0,370.0,134.0,12.0,7.214542391469485,8.988481596743744,3905.032501813436
87.0,0.0,472.0,20.0,50.0,112.0,523.0,11.0,5.058107188888669,7.888740993397728,4366.516852987743
89.0,0.0,449.0,63.0,301.0,336.0,100.0,49.0,7.096006219118797,8.05577074564928,5394.417124451848
89.0,0.0,443.0,15.0,264.0,342.0,179.0,46.0,6.936103268303042,7.0031065725136274,3887.56579364895
81.0,0.0,422.0,15.0,80.0,252.0,383.0,9.0,6.92176312770432,10.908710857673132,3548.5379747998545
90.0,0.0,449.0,35.0,240.0,325.0,175.0,36.0,7.1010787589456505,8.017777084223626,3379.615295785612
3.0,0.0,490.0,80.0,275.0,298.0,132.0,18.0,7.111748745036952,8.004792395577725,4663.302380583449
92.0,0.0,474.0,25.0,204.0,282.0,269.0,23.0,6.234911894634662,8.042153789288331,4566.840891921411
5.0,0.0,490.0,55.0,191.0,367.0,142.0,12.0,7.024731115007009,8.909731197100893,5050.900514461976
89.0,0.0,474.0,40.0,131.0,241.0,343.0,17.0,6.08386168660986,8.069452798507713,3610.9555826083074
5.0,0.0,486.0,96.0,418.0,153.0,100.0,27.0,8.104748988380758,9.048239222444762,4929.73829957432
14.0,4.0,427.0,0.0,0.0,25.0,523.0,3.0,9.030145644399818,12.82291534730639,5652.902233363811
5.0,0.0,486.0,179.0,356.0,135.0,80.0,41.0,7.922439010571243,7.951005828511093,3792.871714116386
89.0,0.0,447.0,25.0,100.0,262.0,388.0,30.0,6.06010635256776,6.897477542859218,3538.395021562749
5.0,0.0,490.0,112.0,344.0,209.0,115.0,21.0,7.021337796300871,8.945128652059758,5542.527062424991
7.0,4.0,488.0,138.0,328.0,97.0,150.0,12.0,9.031554372965408,9.911171398859326,3631.886971425936
91.0,0.0,472.0,20.0,80.0,199.0,431.0,15.0,6.10439624707398,7.811388315757661,7441.318787529085
5.0,0.0,490.0,112.0,401.0,157.0,110.0,18.0,6.982737537722054,8.894109379246967,3014.742343226106
81.0,0.0,422.0,0.0,55.0,265.0,385.0,6.0,8.157210910155088,10.985839019255303,5107.95851574984
5.0,0.0,486.0,88.0,417.0,150.0,100.0,32.0,8.129725570621288,7.9628553185088755,4653.879104231292
7.0,4.0,461.0,153.0,342.0,135.0,125.0,51.0,8.709780475560192,7.92472625466672,4431.609316362512
91.0,0.0,472.0,20.0,80.0,205.0,430.0,17.0,6.050479904921663,7.988209625857864,5425.5030318209565
5.0,0.0,490.0,112.0,342.0,201.0,125.0,25.0,6.8597892347292815,8.005043489910435,2507.691384376068
41.0,7.0,461.0,161.0,327.0,145.0,115.0,46.0,8.991031614643596,8.00187375603271,6140.696457684577
36.0,7.0,461.0,129.0,371.0,170.0,95.0,33.0,9.00012808223584,8.132996563287277,3382.423895196063
81.0,0.0,420.0,20.0,100.0,218.0,387.0,11.0,6.114112827405615,9.958089481968214,3157.248633059031
89.0,0.0,443.0,20.0,254.0,334.0,192.0,45.0,7.07569765748632,6.977424419713517,1807.7062875885388
87.0,0.0,447.0,40.0,210.0,272.0,258.0,40.0,6.895452279178117,7.95509455767194,3911.7786076431817
6.0,7.0,445.0,44.0,335.0,283.0,110.0,31.0,9.018446522919998,7.929054752030055,5713.289828709183
87.0,0.0,447.0,35.0,100.0,217.0,418.0,23.0,6.083728912228034,7.86258228416274,3708.9402017935895
89.0,0.0,443.0,71.0,245.0,389.0,115.0,32.0,7.891581526040734,6.962241665864628,4901.223425425383
41.0,7.0,461.0,173.0,290.0,145.0,110.0,42.0,8.968973606535705,9.04534415938136,6356.935359988904
81.0,0.0,489.0,65.0,293.0,255.0,152.0,13.0,8.096156701603933,9.953196116525552,3799.173867702325
42.0,7.0,486.0,167.0,355.0,150.0,85.0,45.0,7.950780993143086,7.949711840509458,3965.053707715761
46.0,4.0,488.0,282.0,209.0,125.0,110.0,29.0,9.118363240387575,9.175523501969083,5448.247114223045
41.0,7.0,486.0,79.0,442.0,118.0,100.0,29.0,7.896292700963047,9.044891957524047,4947.392479637485
6.0,7.0,486.0,179.0,356.0,130.0,85.0,43.0,8.033495891449816,8.006176277943577,4930.704513832728
41.0,7.0,486.0,107.0,404.0,132.0,90.0,32.0,7.748866647081109,8.97443981984808,5626.192224322183
87.0,0.0,443.0,20.0,254.0,334.0,192.0,45.0,7.063539077620439,7.070595961864798,5306.607216184073
52.0,4.0,317.0,125.0,253.0,222.0,185.0,10.0,10.018693885940031,10.154713478677715,4095.479139130198
14.0,4.0,428.0,20.0,116.0,353.0,246.0,7.0,8.185381469876043,11.03847933657265,4262.0682170662185
90.0,0.0,449.0,55.0,299.0,331.0,110.0,42.0,6.87788980347656,7.961569544371296,3663.2099104873846
81.0,0.0,485.0,128.0,430.0,105.0,110.0,13.0,7.995744513284544,8.960396124767254,5135.897995446066
6.0,7.0,486.0,170.0,359.0,135.0,85.0,42.0,7.8946853423639185,7.914623827262675,3858.704211788617
5.0,0.0,490.0,78.0,329.0,206.0,137.0,13.0,7.250166945666357,8.931091610507373,4005.735430989405
89.0,0.0,449.0,113.0,326.0,266.0,90.0,42.0,6.999804162957667,7.88606699929337,4634.888330675302
91.0,0.0,474.0,50.0,254.0,311.0,165.0,23.0,6.992455567442693,7.945763873723572,4207.62327097693
4.0,0.0,474.0,40.0,131.0,239.0,345.0,17.0,6.268396064326453,7.940411776394963,5876.80812231817
81.0,0.0,485.0,127.0,382.0,136.0,135.0,11.0,7.831506169996388,9.926474252560096,5344.879428165884
90.0,0.0,449.0,50.0,299.0,331.0,110.0,40.0,6.863634705506621,7.94882762774113,5508.432514033677
81.0,0.0,489.0,65.0,167.0,383.0,150.0,10.0,7.064610039207975,9.958565277216696,5681.228458297438
7.0,4.0,488.0,281.0,210.0,125.0,110.0,28.0,8.876269814060286,9.026082805684796,3089.98444995758
14.0,4.0,490.0,80.0,256.0,322.0,132.0,22.0,7.177658369216025,7.910109810284542,6439.510996907952
18.0,4.0,485.0,90.0,389.0,156.0,135.0,11.0,7.963014131214098,9.99147773940824,4925.479580612246
42.0,7.0,461.0,172.0,368.0,155.0,120.0,42.0,8.760802151777977,8.00043986399842,5875.772536217654
81.0,0.0,473.0,50.0,151.0,331.0,218.0,11.0,7.063749709188891,9.076565083300688,5064.5589639153095
18.0,4.0,487.0,129.0,293.0,140.0,150.0,13.0,9.003620182344198,10.039829260326028,6145.793957787582
7.0,4.0,488.0,127.0,257.0,125.0,130.0,17.0,9.113721366100032,9.02878009660137,5299.4475595061085
18.0,4.0,485.0,147.0,410.0,98.0,115.0,12.0,7.840097054938973,9.034032057185788,2564.023559011074
6.0,7.0,486.0,139.0,323.0,222.0,95.0,34.0,7.97694859249205,7.918637204168806,3271.2327599162786
52.0,4.0,317.0,132.0,246.0,232.0,175.0,11.0,9.86471382067512,9.931278614458783,6861.724978682283
18.0,4.0,488.0,228.0,277.0,102.0,115.0,16.0,8.98701979026364,9.00373967886823,3947.489540410318
91.0,0.0,474.0,40.0,244.0,313.0,183.0,23.0,6.994721058076171,7.991380331978012,3335.6915088762294
7.0,4.0,488.0,217.0,232.0,135.0,120.0,30.0,9.18627054900956,9.043023662566307,7625.190448287909
41.0,7.0,461.0,212.0,270.0,145.0,100.0,42.0,9.162755987395052,8.912005636487676,3311.646914999782
42.0,7.0,486.0,155.0,368.0,115.0,95.0,36.0,8.02256609360504,8.891145138711005,4576.442421016444
89.0,0.0,443.0,26.0,283.0,347.0,144.0,38.0,6.88226871981685,7.053179687306502,3813.551330946308
81.0,0.0,489.0,60.0,298.0,260.0,147.0,14.0,8.160517802214336,10.124896565093213,4805.447782142819
90.0,0.0,449.0,73.0,338.0,279.0,110.0,36.0,7.20522127001839,7.893584135608919,4714.635049448125
18.0,4.0,485.0,51.0,392.0,170.0,162.0,13.0,8.032519418808937,10.005470916484478,5362.829954319789
89.0,0.0,449.0,135.0,312.0,258.0,95.0,39.0,8.092488590300555,8.199380846048458,4722.574620182647
18.0,4.0,485.0,140.0,377.0,133.0,140.0,12.0,7.673932810916229,9.899821164190138,3536.3333706476747
41.0,7.0,461.0,173.0,307.0,145.0,105.0,40.0,9.062244624903904,9.142272286834576,4115.026351165239
81.0,0.0,485.0,128.0,422.0,100.0,125.0,14.0,8.138833000732628,8.95601411476106,5568.505791501874
81.0,0.0,485.0,115.0,422.0,122.0,110.0,14.0,8.119699599338517,9.017811205718202,4089.213481701884
91.0,0.0,474.0,55.0,178.0,294.0,248.0,12.0,6.0727708120298685,7.911659679424964,4322.295698419815
3.0,0.0,490.0,60.0,218.0,339.0,133.0,13.0,7.169852925322858,9.002174366152742,3830.953807980294
81.0,0.0,489.0,60.0,136.0,366.0,188.0,10.0,6.949305712858329,9.948590907705634,4659.691088109007
4.0,0.0,473.0,20.0,120.0,199.0,391.0,12.0,5.960077975625091,9.95914124403028,4949.752765285552
42.0,7.0,486.0,137.0,350.0,195.0,95.0,35.0,8.100356712790944,8.006138650601196,3718.0298064278745
81.0,0.0,489.0,45.0,279.0,279.0,147.0,13.0,6.999256100253874,8.999862812168214,4780.437771636664
81.0,0.0,485.0,143.0,415.0,97.0,135.0,13.0,7.949518449900944,8.85530714361462,3566.3616893449566
42.0,7.0,461.0,76.0,387.0,203.0,105.0,29.0,9.06520698462058,7.975602798856196,4587.875920456203
18.0,4.0,487.0,102.0,300.0,139.0,145.0,13.0,9.054865844668988,10.061506274464966,5608.4422495201325
14.0,4.0,491.0,25.0,121.0,344.0,245.0,9.0,8.284756206268195,11.011389110849477,6751.562215419469
4.0,0.0,474.0,20.0,142.0,262.0,331.0,19.0,5.883845302077823,7.923708542815178,5125.208569312002
18.0,4.0,485.0,199.0,352.0,103.0,135.0,13.0,7.956762231624516,9.02491143495202,4362.471327443323
87.0,0.0,447.0,40.0,237.0,290.0,238.0,50.0,6.850704727692279,6.869601867657666,4272.019035219654
42.0,7.0,486.0,190.0,323.0,125.0,100.0,36.0,7.714436906050072,9.152149472836122,5851.435826054388
6.0,7.0,486.0,193.0,318.0,130.0,100.0,34.0,8.04268972301963,9.017318341910496,3727.7315555108426
4.0,0.0,474.0,30.0,115.0,253.0,362.0,20.0,5.9200662432376285,7.994229923741724,4771.368517441031
55.0,4.0,463.0,98.0,367.0,161.0,165.0,38.0,9.895534933154735,9.093302133660806,7776.764355433957
5.0,0.0,490.0,79.0,327.0,219.0,125.0,14.0,7.308719958436312,9.160238454778614,4093.1686130202434
14.0,4.0,428.0,0.0,55.0,269.0,396.0,6.0,8.108033367893785,11.041084372687212,4688.23133073078
39.0,7.0,461.0,179.0,309.0,155.0,105.0,47.0,8.998792471724357,8.00609941604529,5322.039068285631
81.0,0.0,489.0,70.0,199.0,346.0,155.0,13.0,6.7590838744974375,9.98279771489889,4649.493458567124
14.0,4.0,491.0,30.0,262.0,296.0,167.0,13.0,8.004784618343411,9.915422788151036,4244.56819974182
6.0,7.0,449.0,45.0,265.0,327.0,143.0,34.0,6.86721498549283,8.093780404939226,2857.6924105535686
40.0,7.0,461.0,116.0,408.0,140.0,100.0,33.0,7.906567472142829,7.921363076667379,6162.197246089992
81.0,0.0,485.0,46.0,402.0,165.0,157.0,12.0,7.851350589255365,9.89511910627642,6841.86706286026
6.0,7.0,486.0,103.0,425.0,128.0,100.0,16.0,7.732983355900364,9.026542565060716,5645.375402025184
81.0,0.0,489.0,60.0,217.0,325.0,153.0,14.0,6.948373274720163,9.97122265102862,5501.282699592941
42.0,7.0,461.0,147.0,370.0,150.0,130.0,50.0,9.119267358988312,8.07753196633681,3858.009272271598
38.0,0.0,449.0,100.0,346.0,239.0,100.0,37.0,6.992080852706107,8.089470668813803,4027.4269843461143
6.0,7.0,445.0,129.0,333.0,219.0,85.0,32.0,7.994958114639576,8.165537184109478,5074.601517131691
18.0,4.0,488.0,119.0,278.0,125.0,140.0,13.0,8.960183176398136,10.04395029045989,3500.725921261392
3.0,0.0,490.0,60.0,224.0,333.0,138.0,13.0,7.034569377345398,9.043247131768402,3830.552224293363
18.0,4.0,485.0,226.0,296.0,112.0,115.0,15.0,8.077167200824764,8.979274229753782,5364.246832148687
3.0,0.0,490.0,60.0,241.0,316.0,138.0,12.0,6.920126455582694,9.002237979919316,4942.786211219847
4.0,0.0,474.0,40.0,131.0,241.0,353.0,17.0,5.953234586756119,7.823299837906355,5672.951499471885
41.0,7.0,461.0,124.0,376.0,165.0,95.0,33.0,8.850622569104498,7.936861659990067,4156.016453841819
14.0,4.0,428.0,20.0,88.0,362.0,255.0,7.0,7.876395620933499,11.118428652007225,5410.534640458675
4.0,0.0,474.0,40.0,115.0,237.0,363.0,16.0,5.974968220188856,8.016160609218478,7471.711941804809
81.0,0.0,485.0,41.0,402.0,165.0,157.0,12.0,7.898243784750072,9.953858268436356,6955.043768093301
6.0,7.0,486.0,148.0,392.0,142.0,80.0,37.0,8.106200587936323,8.02419520574039,5437.64886112827
6.0,7.0,445.0,146.0,381.0,150.0,80.0,41.0,7.987531974843192,8.063552474352695,4504.035066607929
4.0,0.0,474.0,25.0,136.0,238.0,361.0,19.0,6.07222037889199,8.088020287031902,7235.388201474835
54.0,4.0,486.0,141.0,367.0,164.0,85.0,47.0,7.955392755238372,7.832575627525268,6203.323662665628
18.0,4.0,485.0,119.0,378.0,148.0,135.0,14.0,8.230453455960951,9.96499596085688,7849.56647941465
18.0,4.0,488.0,184.0,317.0,102.0,125.0,16.0,9.214027544428667,9.1100110522118,2793.9366207229946
94.0,7.0,461.0,229.0,247.0,145.0,95.0,40.0,9.009286489799964,9.003156757262055,4277.317614710413
6.0,7.0,486.0,136.0,390.0,151.0,85.0,37.0,8.105155420987433,8.099389982275833,4897.436876906315
18.0,4.0,485.0,169.0,406.0,99.0,120.0,13.0,7.749397264501551,8.825222654232967,5578.784621629182
39.0,7.0,461.0,158.0,331.0,155.0,100.0,38.0,8.858645444941134,8.12570534784971,2611.8418912749376
42.0,7.0,486.0,192.0,317.0,130.0,90.0,41.0,7.784391489190013,8.992517732748448,5055.878426339587
42.0,7.0,461.0,193.0,308.0,165.0,85.0,47.0,8.958890225578807,7.926040639043213,6000.439271914616
38.0,0.0,449.0,105.0,341.0,239.0,100.0,35.0,7.084505680016784,7.975907323598032,7404.53025315566
18.0,4.0,487.0,97.0,266.0,179.0,145.0,14.0,8.914807479067663,9.960220253877068,5127.129222888138
42.0,7.0,486.0,93.0,423.0,137.0,100.0,32.0,7.848997021966627,7.987335309830037,3778.7737303219455
4.0,0.0,474.0,25.0,139.0,282.0,309.0,20.0,5.782065799574812,8.101618204658385,6650.854025661872
4.0,0.0,474.0,45.0,127.0,271.0,317.0,18.0,5.833279445153616,8.148197662714832,6727.644562813976
89.0,0.0,474.0,40.0,239.0,313.0,188.0,21.0,6.862336013564577,7.999985084415445,3631.6810540640217
81.0,0.0,485.0,189.0,382.0,88.0,130.0,12.0,7.9902767773576,8.941062126428617,4377.274265154122
4.0,0.0,474.0,30.0,162.0,275.0,308.0,28.0,5.920527190909314,8.056847015906628,6356.790432234787
81.0,0.0,489.0,70.0,165.0,371.0,149.0,13.0,6.935151079867929,9.136252972989626,7201.932696557587
14.0,4.0,491.0,61.0,383.0,174.0,157.0,13.0,8.060081485253212,10.008164437017834,4996.595176660425
14.0,4.0,426.0,27.0,300.0,281.0,162.0,12.0,9.01439596669564,10.853482850031773,8174.895839497175
7.0,4.0,488.0,283.0,222.0,140.0,95.0,44.0,8.778008718205792,9.038651416221684,3902.308828906527
6.0,7.0,486.0,105.0,409.0,153.0,100.0,26.0,8.190164734703083,8.947776335804999,5030.857086664293
40.0,7.0,461.0,111.0,389.0,165.0,100.0,32.0,9.017677038957618,8.00099527201336,5370.153883372545
91.0,0.0,474.0,55.0,249.0,313.0,163.0,22.0,6.869634443974908,7.8930436708774065,4947.730741294236
81.0,0.0,485.0,68.0,362.0,195.0,135.0,10.0,8.002129498824075,10.054377067803973,5415.954516367531
81.0,0.0,485.0,126.0,432.0,116.0,105.0,13.0,8.049357091958875,8.911188382096997,3627.170997465241
81.0,0.0,473.0,40.0,170.0,370.0,165.0,12.0,7.053787880607318,8.93359611320905,4674.224212647767
7.0,4.0,488.0,219.0,218.0,125.0,125.0,32.0,9.08356770678018,9.069820620974925,3379.288248843101
4.0,0.0,473.0,40.0,106.0,289.0,320.0,14.0,6.038422080990875,10.07792688428728,4660.5720233643615
42.0,7.0,486.0,97.0,408.0,153.0,110.0,27.0,7.924118889079834,9.093166095415944,4083.4032962750753
42.0,7.0,461.0,85.0,390.0,185.0,105.0,32.0,9.136334394815025,8.02507902218767,4325.075270931948
4.0,0.0,473.0,15.0,120.0,167.0,428.0,10.0,5.898789193320282,9.022276559170962,5038.951707772924
81.0,0.0,485.0,107.0,414.0,124.0,130.0,12.0,8.044218966028865,10.05225973906917,5202.369582352222
18.0,4.0,485.0,200.0,346.0,108.0,135.0,13.0,8.067587132383002,9.010200081241525,4552.842245812338
81.0,0.0,473.0,65.0,158.0,376.0,151.0,12.0,6.89329448880314,8.844722809889328,4580.958740410004
18.0,4.0,487.0,106.0,264.0,185.0,140.0,13.0,9.04005846588568,9.76250573543768,5907.059061665175
38.0,0.0,449.0,108.0,333.0,234.0,100.0,32.0,7.341780780871628,8.075229211911466,3500.571921296937
81.0,0.0,485.0,200.0,339.0,107.0,120.0,16.0,7.852468603591147,9.097795919665913,3714.294828910118
81.0,0.0,473.0,25.0,177.0,371.0,167.0,12.0,6.831688420896088,9.108929587269108,4719.304720965267
92.0,0.0,474.0,40.0,245.0,318.0,182.0,28.0,7.051380338404194,8.182766913423356,4070.6751470331023
87.0,0.0,443.0,31.0,278.0,348.0,143.0,46.0,7.156426591472832,6.93346678420964,4831.162410962189
81.0,0.0,489.0,20.0,218.0,331.0,171.0,11.0,7.976919861066211,9.947275318044529,3536.7545684227875
41.0,7.0,486.0,103.0,414.0,132.0,85.0,31.0,8.014706722800504,8.852147359316438,5942.685404420789
81.0,0.0,485.0,111.0,412.0,127.0,110.0,14.0,8.093480816688995,9.103744769437084,4591.524476326932
90.0,0.0,449.0,101.0,307.0,287.0,90.0,43.0,7.149340649307026,7.971472654812757,3762.894010314576
91.0,0.0,474.0,45.0,175.0,278.0,272.0,15.0,6.035108624224362,8.054980654035846,5301.179967620434
42.0,7.0,486.0,160.0,350.0,142.0,90.0,35.0,8.183445278225529,8.89387124067109,8003.70652681868
81.0,0.0,485.0,81.0,361.0,183.0,130.0,11.0,8.02528051650509,10.002900686002985,4005.572426822137
87.0,0.0,443.0,65.0,265.0,390.0,80.0,46.0,6.916978809689869,7.201405859129803,5585.673713204669
6.0,7.0,445.0,146.0,386.0,140.0,85.0,44.0,7.852989659816071,7.996481206398126,4140.0972681933545
18.0,4.0,485.0,190.0,370.0,98.0,125.0,12.0,7.980145609718542,9.033458081549815,3367.350191026261
6.0,7.0,486.0,99.0,429.0,133.0,95.0,20.0,7.918648820141861,8.988235085909643,4119.042472395086
38.0,0.0,449.0,90.0,307.0,293.0,105.0,36.0,6.980604284233475,7.922919566172933,5966.619087222344
87.0,0.0,447.0,30.0,174.0,292.0,289.0,45.0,7.160786090870325,6.851244008047824,5132.864301501097
41.0,7.0,461.0,164.0,342.0,145.0,100.0,43.0,8.066451321977157,8.026940369165445,2701.864487252191
3.0,0.0,490.0,66.0,330.0,217.0,147.0,12.0,6.800548791162502,9.002438585709386,3177.9646894354
42.0,7.0,486.0,195.0,311.0,135.0,95.0,36.0,8.03479703007196,8.870461066816445,5078.39618562026
54.0,4.0,486.0,189.0,336.0,115.0,90.0,38.0,8.12054839433554,8.088660623798217,6087.66545393744
18.0,4.0,485.0,90.0,375.0,180.0,115.0,11.0,7.834636447063132,8.892443824818272,3428.757337473004
92.0,0.0,474.0,50.0,246.0,306.0,178.0,28.0,6.917755709148047,8.03163694675417,6011.603796403153
55.0,4.0,461.0,116.0,383.0,201.0,100.0,29.0,9.013312727566328,7.963357811064238,9520.266255064
7.0,4.0,488.0,252.0,209.0,130.0,115.0,34.0,9.183709962248248,8.919888283097611,5156.0438268105245
42.0,7.0,461.0,148.0,377.0,140.0,90.0,36.0,8.091274585728907,7.9985925792178065,6010.786892580287
18.0,4.0,487.0,120.0,329.0,107.0,150.0,12.0,9.010712757963558,9.86643147607761,3752.581220384992
91.0,0.0,474.0,30.0,227.0,280.0,243.0,21.0,5.920907922964109,7.961895163485984,3879.83490815153
40.0,7.0,461.0,171.0,311.0,140.0,120.0,44.0,9.25580316814799,9.027292721560135,3855.199603377227
18.0,4.0,485.0,120.0,428.0,97.0,130.0,13.0,8.132021613153494,9.077570392527548,6402.578065978738
3.0,0.0,490.0,58.0,332.0,230.0,130.0,13.0,7.0682456105847535,9.04353719178746,7139.346409035201
89.0,0.0,449.0,136.0,311.0,258.0,95.0,39.0,7.738111913402179,8.195281596266623,5517.099091564062
81.0,0.0,489.0,50.0,326.0,242.0,147.0,13.0,8.104760148239363,9.964649570587513,4410.882259300592
89.0,0.0,449.0,133.0,343.0,224.0,95.0,37.0,8.033104503691147,8.020957568646226,3691.9660488680834
18.0,4.0,485.0,168.0,389.0,93.0,125.0,13.0,8.10621726218973,9.000343983791801,3387.83001066458
87.0,0.0,472.0,30.0,100.0,204.0,406.0,13.0,6.070472333811413,8.068420385811427,4044.7477021195104
42.0,7.0,461.0,216.0,289.0,155.0,90.0,47.0,9.149951039173406,8.0778851241535,5609.078285487956
18.0,4.0,488.0,114.0,283.0,125.0,140.0,13.0,9.135386261797118,9.981606798770432,3747.9885520553175
18.0,4.0,485.0,181.0,372.0,97.0,140.0,11.0,8.003374892122656,8.916770728549762,4140.957667095679
90.0,0.0,449.0,107.0,339.0,254.0,95.0,37.0,7.304508911024024,7.904737764377186,5789.845137820892
38.0,0.0,449.0,90.0,312.0,283.0,110.0,35.0,6.960839532457179,8.089836454077302,6023.417073837044
81.0,0.0,485.0,114.0,410.0,135.0,110.0,14.0,8.077713625169189,8.913200274306186,3576.056461341972
3.0,0.0,490.0,90.0,354.0,186.0,120.0,14.0,6.84805966989779,8.98416209174914,5575.199842601477
5.0,0.0,490.0,134.0,405.0,130.0,100.0,14.0,7.933445359996411,9.146617348809986,4862.040264748907
6.0,7.0,445.0,162.0,375.0,130.0,95.0,39.0,7.83679808784428,8.108336412780409,5248.720721861478
41.0,7.0,486.0,109.0,413.0,139.0,95.0,21.0,7.920230301399179,8.815336828457518,4046.468332810262
87.0,0.0,443.0,15.0,224.0,336.0,230.0,38.0,7.229653222564745,6.982167955057974,4018.99384739372
81.0,0.0,489.0,60.0,219.0,327.0,144.0,13.0,7.009340351689979,9.002489338774264,3395.1044480419578
41.0,7.0,461.0,230.0,257.0,145.0,90.0,41.0,8.914229183970399,8.997868623836936,4655.912655439398
42.0,7.0,486.0,137.0,345.0,200.0,95.0,35.0,7.96697666562316,7.994661847085406,3477.090451794733
81.0,0.0,491.0,51.0,396.0,166.0,152.0,13.0,8.000517045442821,10.089091891316828,3176.024025865566
18.0,4.0,485.0,120.0,366.0,154.0,115.0,12.0,7.896499596826751,8.856051694144723,5585.803745949132
4.0,0.0,473.0,40.0,116.0,267.0,322.0,13.0,5.878027861947357,9.11367824024518,6091.897883424264
4.0,0.0,473.0,50.0,137.0,253.0,315.0,11.0,5.911414616684279,9.015537245453595,7924.257945043665
14.0,4.0,428.0,5.0,55.0,269.0,391.0,6.0,7.907198618908892,10.989533525982248,6871.497525285885
6.0,7.0,449.0,114.0,327.0,254.0,95.0,37.0,7.011596330241448,7.958333410892566,2350.334422514896
87.0,0.0,443.0,71.0,239.0,390.0,110.0,36.0,8.093907444527051,7.151209126649764,4779.869656405506
81.0,0.0,485.0,140.0,411.0,99.0,115.0,13.0,8.028824703483803,9.021719863449247,4976.339007668998
81.0,0.0,489.0,65.0,203.0,343.0,144.0,13.0,7.006618413978989,8.930942750923721,3337.2989126821867
6.0,7.0,486.0,131.0,409.0,137.0,85.0,34.0,8.042837864785023,8.136066170391615,4743.205671330112
3.0,0.0,490.0,136.0,403.0,130.0,105.0,14.0,8.130384321057738,9.10536041001563,3517.249283574765
6.0,7.0,486.0,98.0,421.0,141.0,100.0,30.0,8.252422097573849,8.896298922945123,3437.045257081714
18.0,4.0,488.0,253.0,250.0,110.0,110.0,29.0,9.130851026323691,8.911410787693253,4073.413359903349
46.0,4.0,488.0,228.0,206.0,130.0,125.0,28.0,8.915374584005312,8.917090956791771,5754.69970383799
5.0,0.0,486.0,98.0,423.0,123.0,95.0,26.0,8.040028316636192,9.141393295728603,2948.66316101273
89.0,0.0,449.0,42.0,285.0,368.0,100.0,49.0,6.945772648897058,7.073643985902851,3646.652220176411
14.0,4.0,490.0,55.0,195.0,341.0,164.0,14.0,6.8705457515513455,8.952124656290533,4628.336998342332
42.0,7.0,461.0,169.0,364.0,155.0,110.0,36.0,8.898405926420606,7.985588695621654,3484.2461270820613
92.0,0.0,474.0,75.0,249.0,314.0,142.0,20.0,6.88665317690121,7.839771839801328,3108.8927568683057
81.0,0.0,473.0,50.0,151.0,355.0,204.0,11.0,6.826452777800954,9.07019640093477,2146.245321261863
38.0,0.0,449.0,67.0,310.0,308.0,110.0,43.0,7.017620612771321,7.936374972322144,4667.277457795028
41.0,7.0,486.0,155.0,363.0,120.0,95.0,36.0,7.831744550948269,9.026611651581357,4471.1375573487685
18.0,4.0,487.0,99.0,276.0,168.0,145.0,13.0,9.097108486477714,9.929687419046168,5312.836309298752
14.0,4.0,491.0,30.0,127.0,354.0,239.0,11.0,7.856241955374529,11.029198760629988,8584.375115084405
81.0,0.0,485.0,200.0,366.0,98.0,125.0,12.0,7.942100172864778,9.036342601811258,5928.655432660166
18.0,4.0,485.0,98.0,367.0,170.0,145.0,12.0,7.938623465532252,9.971199142614802,2942.2078452428755
7.0,4.0,488.0,278.0,212.0,120.0,110.0,31.0,8.88132442167059,8.832437607959942,7064.71805085617
55.0,4.0,461.0,161.0,364.0,135.0,125.0,45.0,9.15610134173354,7.816101293643229,6259.590687433147
81.0,0.0,473.0,55.0,151.0,364.0,190.0,11.0,6.896049194270321,9.126931272480237,5619.339144063645
81.0,0.0,489.0,20.0,195.0,352.0,168.0,11.0,7.000684748528749,9.97014112707421,2411.150175155716
5.0,0.0,486.0,92.0,424.0,123.0,95.0,26.0,8.18466493908662,8.960657892630564,5036.649816375562
18.0,4.0,488.0,226.0,256.0,135.0,95.0,40.0,8.971944174454764,9.00099333674102,4543.5393172204695
18.0,4.0,488.0,270.0,241.0,110.0,110.0,27.0,9.055564713935784,8.78963066558285,5539.378279319274
81.0,0.0,489.0,65.0,194.0,352.0,139.0,14.0,7.095550580345496,9.139661124657476,6040.184046002819
90.0,0.0,449.0,91.0,306.0,293.0,105.0,36.0,6.934138422116595,7.990771115001188,3415.020137033933
42.0,7.0,486.0,174.0,343.0,130.0,90.0,38.0,7.936231591354458,8.177656769976185,5841.487902821439
18.0,4.0,485.0,115.0,368.0,152.0,115.0,12.0,8.195189401301826,9.0416479165103,4471.959152634019
6.0,7.0,445.0,141.0,367.0,164.0,85.0,45.0,8.114555673478248,7.933763202221674,4137.701650448218
94.0,7.0,486.0,98.0,418.0,128.0,95.0,26.0,7.887804426147748,9.023897372370604,3799.713623927584
56.0,4.0,463.0,117.0,407.0,115.0,170.0,42.0,9.820168307817992,8.99404366339533,8908.097516233742
14.0,4.0,428.0,5.0,55.0,289.0,376.0,5.0,7.9923616136178355,11.011570312848628,2571.5235030754598
81.0,0.0,489.0,65.0,270.0,278.0,147.0,12.0,6.810496538829605,9.055092171361192,3550.7085210337395
42.0,7.0,461.0,182.0,300.0,140.0,115.0,45.0,9.124674040891785,8.055186249680222,4801.625426692848
42.0,7.0,486.0,87.0,424.0,123.0,100.0,18.0,8.069536051135808,8.900254658091962,3651.7730791941576
3.0,0.0,490.0,60.0,211.0,345.0,134.0,13.0,7.096710503248362,8.863550882644878,4232.03027974712
42.0,7.0,461.0,162.0,362.0,145.0,115.0,43.0,8.942875817557699,8.05278491383504,4441.297937967241
81.0,0.0,489.0,55.0,218.0,324.0,153.0,12.0,6.909007732358219,9.983263213943568,4594.473109096294
4.0,0.0,473.0,30.0,105.0,211.0,384.0,11.0,6.009401444773287,8.869501230467181,7122.592970281416
42.0,7.0,486.0,222.0,284.0,125.0,90.0,35.0,8.059152977038046,8.871423884582635,6402.956521489908
54.0,4.0,486.0,192.0,334.0,120.0,90.0,38.0,7.911927611365909,7.969884402103199,7078.044003836667
3.0,0.0,490.0,116.0,401.0,143.0,105.0,14.0,7.970204530163673,9.066731822698156,3474.440907134256
18.0,4.0,485.0,114.0,404.0,127.0,115.0,14.0,7.92751474298983,8.927686301304153,5311.199459888238
42.0,7.0,486.0,154.0,389.0,140.0,80.0,44.0,8.257299927454337,8.003619723078666,3889.947907421522
4.0,0.0,489.0,65.0,219.0,323.0,143.0,13.0,7.00511614373127,8.986307404629658,7369.039792999748
4.0,0.0,474.0,50.0,138.0,285.0,282.0,15.0,6.035767940380817,8.960864692133622,6547.676834602079
14.0,4.0,486.0,163.0,361.0,122.0,100.0,25.0,7.953380729922958,8.961101025144263,4902.539095070652
4.0,0.0,489.0,50.0,265.0,288.0,147.0,12.0,7.218556661012256,8.923798113021737,6864.000266572477
14.0,4.0,490.0,60.0,211.0,345.0,134.0,13.0,7.055017448867689,9.02353809398889,5986.54531782357
14.0,4.0,490.0,116.0,340.0,184.0,120.0,13.0,6.886627815110636,9.079197067189051,5111.500517149508
4.0,0.0,474.0,40.0,183.0,319.0,228.0,12.0,5.847689283758801,8.742699746115548,7747.325218527644
4.0,0.0,489.0,56.0,348.0,209.0,142.0,13.0,6.772484255376316,9.035592439240588,8182.127937450888
14.0,4.0,486.0,159.0,323.0,222.0,100.0,44.0,8.23202321675889,7.941400649550388,4599.074088045645
4.0,0.0,489.0,70.0,244.0,299.0,147.0,12.0,6.928169325144687,8.90716667290294,8790.517749399645
4.0,0.0,490.0,75.0,270.0,273.0,142.0,13.0,6.842386756164259,8.960704488994164,5758.891828678258
14.0,4.0,490.0,93.0,333.0,229.0,125.0,18.0,6.941836872709801,8.917200377314504,5360.388098886784
4.0,0.0,489.0,40.0,287.0,266.0,152.0,14.0,7.891440615807282,10.0356486664297,6540.043590241086
14.0,4.0,490.0,77.0,314.0,217.0,142.0,13.0,7.033495207305217,8.983264786376148,3989.3719980573455
4.0,0.0,490.0,68.0,330.0,227.0,135.0,13.0,7.019409599165749,9.052721485349664,5270.472471531366
14.0,4.0,485.0,110.0,372.0,158.0,115.0,12.0,7.870245825827425,9.123682387690415,4959.550469525031
4.0,0.0,489.0,65.0,217.0,329.0,139.0,13.0,6.837540560518854,9.0623831912765,7493.037915960838
4.0,0.0,489.0,70.0,176.0,374.0,140.0,13.0,6.950924845931634,8.872614047791084,5109.277609293411
4.0,0.0,489.0,50.0,214.0,337.0,149.0,11.0,6.864990739672103,9.9207659175942,7493.64344757165
14.0,4.0,486.0,194.0,329.0,112.0,115.0,26.0,7.998509453521145,8.995018745336871,5146.296738769519
4.0,0.0,486.0,132.0,346.0,217.0,75.0,49.0,7.680751690773629,8.035976338001337,6164.899474790729
4.0,0.0,473.0,70.0,169.0,367.0,149.0,12.0,7.376593253129237,9.016285757353955,4851.327466303334
4.0,0.0,473.0,20.0,149.0,328.0,248.0,12.0,6.147056427883476,9.040504006482632,7660.969563509299
56.0,4.0,463.0,138.0,337.0,150.0,135.0,51.0,9.08058556454783,8.993758377559939,7281.367523142674
53.0,4.0,488.0,240.0,282.0,100.0,105.0,29.0,8.7755386171974,9.06158799555066,5472.133368090183
14.0,4.0,490.0,65.0,244.0,318.0,133.0,14.0,6.93234148703062,9.028497593223827,7134.353914783744
14.0,4.0,490.0,61.0,330.0,212.0,142.0,13.0,6.944612689812886,9.102330259347053,5198.12827940586
4.0,0.0,489.0,55.0,213.0,338.0,154.0,14.0,7.067730959953342,10.000613858092104,7934.605826150958
14.0,4.0,486.0,137.0,362.0,192.0,80.0,36.0,7.733274208708336,8.037050304889565,5946.94572660012
4.0,0.0,473.0,30.0,120.0,254.0,341.0,12.0,6.115665529649104,9.00301773088648,7012.830638565833
56.0,4.0,461.0,123.0,380.0,130.0,130.0,52.0,8.84280605598687,8.06159159605888,5870.726930373223
14.0,4.0,490.0,91.0,316.0,233.0,125.0,11.0,6.810258618363541,8.982856257152381,6372.680378940576
4.0,0.0,473.0,25.0,161.0,318.0,246.0,14.0,6.085217846717368,8.943579577998403,7216.828193067728
14.0,4.0,485.0,46.0,377.0,185.0,152.0,12.0,7.989574414456285,10.042912059516974,5877.853662575177
4.0,0.0,486.0,175.0,342.0,135.0,85.0,39.0,8.08451633546473,8.007564558542889,6702.840322023521
4.0,0.0,474.0,30.0,227.0,300.0,213.0,19.0,6.042891354957193,8.091496147885241,7038.576475698155
54.0,4.0,486.0,105.0,409.0,153.0,100.0,26.0,8.109231072513975,8.994729943036466,8591.515901404371
14.0,4.0,486.0,137.0,359.0,195.0,80.0,36.0,7.937774832870096,8.028649994268244,6446.952296993057
4.0,0.0,474.0,40.0,256.0,306.0,178.0,28.0,7.0162708107513625,8.080586507952729,7665.569828460661
14.0,4.0,491.0,35.0,330.0,243.0,147.0,14.0,7.985328339245003,9.952908660571282,5498.163016775124
4.0,0.0,489.0,65.0,288.0,260.0,147.0,13.0,8.131577742211185,10.14097448895854,6041.397382615288
4.0,0.0,486.0,182.0,364.0,135.0,85.0,41.0,7.910023456357536,7.796649632882467,5153.805882929241
4.0,0.0,489.0,50.0,174.0,383.0,148.0,10.0,7.128382189669074,10.040866628053804,5098.432758504001
4.0,0.0,490.0,65.0,280.0,298.0,132.0,16.0,7.051425255954753,7.935618072422869,6302.012507923784
14.0,4.0,486.0,136.0,399.0,142.0,85.0,35.0,8.04592586503262,8.111015532631068,5143.945523754874
18.0,4.0,488.0,262.0,217.0,120.0,110.0,30.0,9.105924996593014,9.035604277840234,4159.629687617236
14.0,4.0,490.0,88.0,328.0,254.0,125.0,24.0,6.91208047152275,8.015586197755837,8163.5103863046415
14.0,4.0,486.0,115.0,427.0,116.0,105.0,13.0,7.921891503964842,8.97234487906874,4249.371985604854
14.0,4.0,486.0,171.0,347.0,120.0,95.0,35.0,8.018539533608182,8.89784168092995,4611.723816280804
4.0,0.0,490.0,118.0,358.0,204.0,105.0,28.0,7.087646620269688,8.06270990528226,7066.802524604182
4.0,0.0,489.0,50.0,216.0,335.0,149.0,11.0,6.967232110491983,9.853655800598291,4059.636989391873
18.0,4.0,488.0,294.0,200.0,125.0,110.0,30.0,9.157021389618816,8.932767348073318,4738.886299928788
4.0,0.0,473.0,40.0,170.0,370.0,165.0,12.0,7.039375684317252,9.045146627020792,4966.736473723953
14.0,4.0,490.0,110.0,327.0,243.0,110.0,27.0,6.952012842899779,8.107294982008796,4788.052684555537
14.0,4.0,486.0,141.0,367.0,169.0,80.0,46.0,7.990666152666626,8.02332114895927,4033.6806694141433
4.0,0.0,486.0,127.0,373.0,191.0,80.0,44.0,7.892689560053471,7.956699807325519,5672.865902102822
4.0,0.0,474.0,45.0,138.0,294.0,293.0,18.0,5.889428333274784,7.860819245520938,5880.661916789961
4.0,0.0,473.0,35.0,138.0,308.0,274.0,13.0,5.759172919941458,9.0066515972295,4513.6136251623375
4.0,0.0,474.0,35.0,249.0,298.0,198.0,23.0,6.96166193708022,8.012787829594812,4513.527992551457
4.0,0.0,489.0,40.0,269.0,289.0,157.0,14.0,8.05579516373439,9.975066098404437,7117.604719960783
4.0,0.0,489.0,65.0,270.0,278.0,147.0,12.0,6.9785492968475245,9.049247942325968,7381.020897289828
14.0,4.0,490.0,62.0,310.0,242.0,141.0,14.0,6.94600098959247,9.095689778177409,4768.868314721264
4.0,0.0,474.0,40.0,223.0,268.0,254.0,25.0,6.833386637301477,8.064132231094877,5746.771020427429
40.0,7.0,461.0,230.0,257.0,145.0,90.0,41.0,9.049636749803394,8.965866989153906,4984.34960651201
18.0,4.0,488.0,158.0,228.0,130.0,130.0,20.0,9.01365144127444,9.048992936825693,3114.974618028264
14.0,4.0,491.0,67.0,392.0,160.0,151.0,13.0,7.913682636724218,9.965366689636618,3467.570567926282
4.0,0.0,490.0,116.0,381.0,148.0,120.0,13.0,6.917714801595911,8.942500689003943,5406.513415804866
14.0,4.0,486.0,93.0,417.0,150.0,100.0,32.0,7.908933114859098,9.03736532580568,5698.605860637073
14.0,4.0,487.0,114.0,275.0,241.0,160.0,8.0,8.963125360121383,10.084289841254728,3538.3502609151733
42.0,7.0,461.0,236.0,252.0,140.0,95.0,42.0,9.079541141144045,9.025093693084443,4173.356216704929
4.0,0.0,490.0,104.0,328.0,238.0,115.0,26.0,7.206118187903829,7.934638793851959,6019.35856889857
4.0,0.0,486.0,112.0,403.0,148.0,110.0,32.0,8.058127231658432,8.06984280117587,5680.850865306739
4.0,0.0,485.0,116.0,384.0,150.0,105.0,13.0,7.873015317548797,9.06569479114367,5366.093516739184
4.0,0.0,474.0,45.0,148.0,280.0,287.0,17.0,6.05724728793195,9.179383002993756,7960.599731489305
14.0,4.0,490.0,123.0,343.0,214.0,105.0,29.0,7.21972303373184,8.011202359211795,5807.881369332717
54.0,4.0,486.0,142.0,379.0,137.0,90.0,35.0,8.007217372768858,8.947812619245447,9288.087342923012
4.0,0.0,474.0,30.0,249.0,286.0,215.0,22.0,5.871165965873484,8.106017315544646,6771.064960139232
14.0,4.0,485.0,96.0,388.0,166.0,110.0,12.0,8.086065462154098,9.055026773065151,5830.31665375674
4.0,0.0,486.0,153.0,384.0,140.0,85.0,42.0,8.032652011772784,8.063401281197015,7562.309191104171
4.0,0.0,473.0,30.0,164.0,289.0,267.0,14.0,5.87381686890248,8.937815631803455,6004.961452798397
38.0,0.0,449.0,155.0,321.0,224.0,95.0,38.0,8.005814346203156,8.129614053951446,5165.407037695993
14.0,4.0,485.0,153.0,369.0,117.0,105.0,18.0,8.085713446853651,8.935282308721197,4290.4208736437695
14.0,4.0,485.0,142.0,415.0,98.0,115.0,12.0,8.030599010751754,9.059804792261568,5068.201915279884
56.0,4.0,461.0,117.0,389.0,165.0,100.0,31.0,9.00954279297797,8.106219385873764,3286.5161923532214
4.0,0.0,489.0,45.0,232.0,325.0,153.0,14.0,7.297174010196622,9.940493195938137,7578.691531496219
4.0,0.0,473.0,30.0,180.0,370.0,160.0,12.0,6.991044980493457,9.090497249070848,5654.070899497308
14.0,4.0,486.0,110.0,405.0,157.0,100.0,27.0,8.116032482167705,8.88081853622521,4819.2197033287775
14.0,4.0,491.0,25.0,213.0,328.0,174.0,13.0,7.920760175059184,9.888735510027953,3128.071744952638
14.0,4.0,490.0,112.0,353.0,215.0,105.0,25.0,7.0350001756504845,8.968405901637835,4229.747506745857
14.0,4.0,490.0,55.0,306.0,257.0,142.0,13.0,6.993086602467327,8.963394149890048,4402.765153590568
4.0,0.0,489.0,56.0,342.0,215.0,147.0,13.0,7.130173641813689,9.163092118420538,7379.139076702189
18.0,4.0,488.0,149.0,246.0,125.0,135.0,19.0,9.087835891756407,8.912930129211595,6016.581367341011
4.0,0.0,474.0,35.0,193.0,287.0,250.0,14.0,6.283595368990045,8.099491955320806,6866.014548700193
4.0,0.0,473.0,25.0,144.0,329.0,247.0,12.0,6.106902968941875,8.954212135012993,4540.475607810219
39.0,7.0,461.0,154.0,344.0,150.0,100.0,38.0,8.964068410387009,8.017813714087222,8127.065013536941
4.0,0.0,474.0,50.0,245.0,307.0,178.0,28.0,6.837775694790558,7.98460826089465,6675.561898617512
4.0,0.0,489.0,60.0,272.0,276.0,157.0,13.0,7.090829368917267,10.005576522395732,5544.709489745487
4.0,0.0,473.0,15.0,191.0,311.0,228.0,13.0,6.128654141400876,8.846315631499984,5351.813195844644
14.0,4.0,490.0,65.0,251.0,306.0,133.0,13.0,6.635719249473766,8.897180909346735,6382.574511072869
4.0,0.0,490.0,61.0,308.0,234.0,142.0,13.0,7.026549930941483,8.948100263679553,7090.29535361687
4.0,0.0,489.0,50.0,212.0,340.0,148.0,14.0,7.045523617098672,9.91919393434448,3613.817172516211
4.0,0.0,485.0,111.0,380.0,149.0,135.0,11.0,7.847411809772692,9.952090748263974,8097.765170870212
14.0,4.0,486.0,117.0,414.0,132.0,85.0,36.0,7.916564958627129,8.943802418050401,4723.802864134751
14.0,4.0,486.0,153.0,366.0,122.0,100.0,22.0,8.118610086869808,8.964887776324806,3901.23161790567
4.0,0.0,474.0,65.0,196.0,345.0,164.0,14.0,7.070929954463563,8.88136097984065,6212.603929020566
4.0,0.0,490.0,60.0,243.0,319.0,133.0,13.0,6.736427654965961,9.097713925602273,6938.415741928109
4.0,0.0,489.0,60.0,215.0,327.0,153.0,13.0,7.091663285854911,9.92722473511676,7120.501751527341
14.0,4.0,491.0,20.0,250.0,309.0,156.0,14.0,8.127095325494578,9.97115705821408,6328.7974854955255
4.0,0.0,490.0,112.0,337.0,206.0,125.0,22.0,7.05403771830994,8.995978404892963,4752.218343689348
4.0,0.0,489.0,65.0,194.0,352.0,139.0,13.0,6.868760537632065,8.994226411677959,5772.008365538503
42.0,7.0,486.0,182.0,336.0,115.0,100.0,32.0,7.947947896764825,8.919957222538505,5090.342283590964
14.0,4.0,490.0,65.0,244.0,313.0,133.0,13.0,7.198606017899006,9.132285915513975,4490.611129898082
4.0,0.0,490.0,62.0,333.0,230.0,125.0,13.0,6.930796847080301,8.94476959166256,8037.957839130887
87.0,0.0,443.0,15.0,259.0,334.0,192.0,45.0,7.104169997597087,6.905324613143951,3851.345058703173
14.0,4.0,490.0,55.0,218.0,348.0,134.0,13.0,6.882187584823107,8.934929849938571,5282.218582052439
14.0,4.0,490.0,113.0,354.0,213.0,105.0,29.0,6.849905702595181,7.9613086981338785,4192.054877299178
4.0,0.0,489.0,65.0,219.0,323.0,143.0,13.0,6.957212665641551,9.194663192385294,7023.314480275305
4.0,0.0,486.0,137.0,357.0,192.0,85.0,34.0,8.109512767152404,7.907495767052401,6147.6929867420895
4.0,0.0,473.0,45.0,156.0,348.0,201.0,10.0,6.979544886590117,9.118478697592822,5607.932388277046
4.0,0.0,485.0,115.0,417.0,118.0,120.0,14.0,8.169279009739244,9.103746334260023,6546.934076729755
53.0,4.0,488.0,269.0,236.0,110.0,110.0,30.0,8.969763192011525,9.056379648372426,8121.820423937835
14.0,4.0,490.0,70.0,312.0,288.0,120.0,21.0,7.019834658133072,7.976969324606752,6445.736329271349
14.0,4.0,490.0,127.0,385.0,153.0,105.0,14.0,7.862948066606007,9.006213615526367,4908.523134831665
4.0,0.0,490.0,50.0,227.0,344.0,134.0,12.0,6.8429686395491744,9.091134693276985,5171.293119494585
4.0,0.0,489.0,50.0,128.0,355.0,212.0,11.0,7.050936379104972,9.90013869295836,7763.030616437722
4.0,0.0,474.0,55.0,264.0,305.0,156.0,23.0,6.989144640675,8.061275382296115,6012.602409658666
4.0,0.0,474.0,50.0,183.0,288.0,254.0,13.0,5.837892808485753,8.099829913698379,6361.750206828095
14.0,4.0,485.0,102.0,370.0,158.0,125.0,13.0,6.793366959555213,8.973658920800561,2694.0445676360587
4.0,0.0,490.0,60.0,290.0,278.0,137.0,13.0,7.106976215726342,8.984653424662909,7865.172339455772
14.0,4.0,490.0,65.0,251.0,292.0,147.0,12.0,6.932292325564631,8.96339518176313,4662.880496356564
14.0,4.0,490.0,80.0,246.0,319.0,145.0,22.0,6.767223461550003,8.054241165103946,4569.584926040123
4.0,0.0,474.0,55.0,163.0,272.0,285.0,15.0,6.066035638842131,8.97111131571598,5702.167397513622
18.0,4.0,488.0,247.0,199.0,150.0,105.0,37.0,9.182908870598848,8.955498999080646,6127.065050303218
14.0,4.0,490.0,65.0,223.0,329.0,148.0,13.0,7.003413979498763,8.926507778510452,3669.367092837736
4.0,0.0,489.0,65.0,204.0,346.0,155.0,13.0,6.811005922151078,10.113727161068509,5163.646664771601
4.0,0.0,474.0,45.0,138.0,294.0,293.0,18.0,5.948898057616016,8.207035132821396,7380.01676966379
4.0,0.0,486.0,138.0,345.0,212.0,75.0,49.0,8.007448348855151,7.947679755329585,5782.337694623911
4.0,0.0,486.0,157.0,395.0,130.0,80.0,37.0,8.050793807694735,7.929919276339219,4627.630696981884
4.0,0.0,489.0,60.0,199.0,352.0,149.0,13.0,6.928313457605535,10.126414782978026,4773.006008509873
4.0,0.0,489.0,20.0,220.0,331.0,169.0,12.0,7.939101442654517,9.97537308837552,6549.8624291917085
14.0,4.0,491.0,61.0,383.0,169.0,162.0,13.0,8.084281029951596,10.2631423229452,4790.203234857624
4.0,0.0,485.0,111.0,388.0,146.0,130.0,12.0,7.943298520798816,10.035647600150993,8042.075834174664
4.0,0.0,490.0,112.0,398.0,160.0,110.0,18.0,6.957552557999137,9.046005213180162,7045.119670890638
4.0,0.0,489.0,60.0,214.0,327.0,154.0,13.0,6.964253331133416,10.041529443859218,4756.372530881086
52.0,4.0,317.0,149.0,252.0,191.0,150.0,14.0,10.05953411081091,9.89275210841073,5409.879267264516
14.0,4.0,490.0,65.0,239.0,325.0,136.0,14.0,7.251011051069983,9.02947260840062,4218.734317019351
4.0,0.0,474.0,35.0,171.0,303.0,261.0,17.0,6.029621081380544,7.954361428063338,7124.977148836654
14.0,4.0,490.0,83.0,333.0,239.0,125.0,15.0,7.093019319467537,9.065688694393137,6641.944935136538
4.0,0.0,489.0,15.0,213.0,340.0,167.0,11.0,8.156673820919488,10.0661065740245,7132.774597315824
14.0,4.0,486.0,97.0,410.0,161.0,100.0,27.0,7.827360779995684,8.992955337540828,3969.219164573459
4.0,0.0,485.0,79.0,395.0,161.0,135.0,11.0,8.183454858696816,10.129023889441063,5417.89819317888
4.0,0.0,490.0,96.0,295.0,284.0,110.0,20.0,7.183542071528159,8.053124137174649,6641.541482849362
14.0,4.0,485.0,115.0,446.0,107.0,105.0,13.0,7.963382976411191,9.013896384612297,3139.3634056064084
4.0,0.0,490.0,70.0,295.0,304.0,121.0,20.0,7.128880077886276,7.924314618522759,5150.1347529011255
14.0,4.0,490.0,111.0,341.0,178.0,120.0,15.0,7.128833843425897,9.085406509205544,4673.098305213277
4.0,0.0,489.0,45.0,297.0,271.0,142.0,14.0,8.119960989420948,9.827641858802773,6231.292154260916
14.0,4.0,490.0,65.0,244.0,318.0,138.0,16.0,7.087179330663418,7.96164469502647,4481.275590715995
4.0,0.0,489.0,65.0,147.0,393.0,150.0,11.0,6.996740427880241,8.916235658946329,5149.669181608454
4.0,0.0,474.0,35.0,233.0,324.0,178.0,18.0,7.067242242476936,7.9849591858847955,6710.611176509176
14.0,4.0,490.0,116.0,328.0,211.0,120.0,13.0,7.0563689010902095,8.900481268401018,4228.561765320963
4.0,0.0,489.0,60.0,271.0,277.0,157.0,14.0,6.984696638512876,10.007265147309576,6882.792847745518
4.0,0.0,489.0,65.0,177.0,369.0,139.0,14.0,7.01736587180118,8.913006198988855,5723.006643062298
14.0,4.0,490.0,60.0,257.0,305.0,133.0,14.0,6.760048418298277,9.05101392682732,4818.342533218768
4.0,0.0,490.0,65.0,295.0,268.0,142.0,15.0,6.941857542022688,9.093627717816524,6362.87300665637
4.0,0.0,490.0,121.0,333.0,206.0,125.0,12.0,6.963789498836469,9.02994399069516,9739.580870612896
4.0,0.0,490.0,67.0,328.0,213.0,142.0,14.0,6.925122458905534,9.029680715541502,7275.760687007937
4.0,0.0,473.0,50.0,151.0,357.0,202.0,11.0,7.078020650361678,8.882824623161618,7531.462228777853
4.0,0.0,489.0,65.0,204.0,343.0,143.0,13.0,6.957266343023846,8.972556562781712,7546.64323262184
4.0,0.0,473.0,30.0,142.0,290.0,283.0,12.0,6.076191260245148,8.92171872008957,7291.886273591595
14.0,4.0,490.0,116.0,361.0,153.0,120.0,13.0,6.888220876011808,8.98224305427777,4177.889417441138
52.0,4.0,317.0,146.0,224.0,221.0,180.0,10.0,10.006162907314316,9.995519169587135,9788.148635258216
14.0,4.0,490.0,70.0,285.0,303.0,132.0,22.0,6.956335711964046,8.01539394751905,4640.935238687332
14.0,4.0,486.0,97.0,421.0,141.0,100.0,30.0,8.005121974052559,8.818251026438427,6539.688874493787
14.0,4.0,490.0,50.0,306.0,247.0,142.0,13.0,7.098894540052794,8.911882515207052,4706.953084267161
14.0,4.0,490.0,77.0,380.0,178.0,125.0,11.0,7.239768568016258,8.946339854416834,4014.584052127148
14.0,4.0,490.0,70.0,255.0,302.0,138.0,13.0,7.115180766336116,9.193602360355598,4577.356842533627
4.0,0.0,489.0,65.0,178.0,367.0,140.0,13.0,7.001407380330634,9.07907397846193,4545.709555965102
14.0,4.0,490.0,113.0,342.0,220.0,105.0,28.0,6.9871457425078605,7.874952031540856,4999.699769249512
4.0,0.0,489.0,51.0,348.0,214.0,142.0,13.0,7.02097534647133,8.991208170756506,5140.505837286588
4.0,0.0,489.0,20.0,195.0,352.0,168.0,11.0,6.931748727829977,10.089726490118489,7247.262511776224
14.0,4.0,491.0,30.0,299.0,279.0,147.0,13.0,7.860267277614709,10.013709710018455,5846.258828040938
4.0,0.0,489.0,50.0,213.0,334.0,148.0,11.0,6.92326154388138,10.00158978588753,3735.803201581923
4.0,0.0,473.0,40.0,101.0,352.0,257.0,11.0,6.974637578129446,9.99049006671016,7690.730177526795
14.0,4.0,485.0,137.0,416.0,97.0,130.0,13.0,8.03449837892057,8.918815460366597,5517.360425684204
14.0,4.0,490.0,65.0,181.0,369.0,135.0,13.0,7.145043207417454,9.1161439929702,4418.029169191305
4.0,0.0,474.0,30.0,233.0,302.0,215.0,21.0,6.253185038542803,7.921161627864642,6072.155450572728
14.0,4.0,490.0,60.0,229.0,328.0,138.0,13.0,7.066282914679526,9.046407866104584,3957.7133982362666
4.0,0.0,489.0,55.0,304.0,259.0,147.0,14.0,8.102788127205095,9.94549258097805,3794.128400199615
4.0,0.0,489.0,56.0,343.0,214.0,142.0,13.0,7.125656274685112,9.219045569132591,6710.616648079115
14.0,4.0,490.0,118.0,337.0,220.0,105.0,29.0,7.006861514158326,7.965309757210811,4170.603241200127
4.0,0.0,486.0,177.0,344.0,125.0,85.0,41.0,7.795364775067043,8.008323138382352,5618.95353375922
4.0,0.0,489.0,55.0,232.0,315.0,153.0,13.0,6.936251128489512,9.99999024796876,7464.438871530555
4.0,0.0,486.0,136.0,395.0,146.0,85.0,35.0,7.867557346766264,8.061282873637152,6553.839506252339
4.0,0.0,485.0,113.0,378.0,154.0,135.0,14.0,8.062028966541483,10.07712961931444,7585.524583739251
14.0,4.0,490.0,112.0,343.0,200.0,125.0,20.0,6.96010937864899,9.009062756760065,5940.691365317712
53.0,4.0,488.0,196.0,274.0,125.0,100.0,37.0,8.856081425863326,8.989710891228086,8400.19169109789
4.0,0.0,489.0,40.0,245.0,312.0,148.0,13.0,6.89364485351567,10.028676818567035,8622.667725859674
4.0,0.0,489.0,65.0,219.0,323.0,143.0,13.0,6.971555459466794,8.87386727455655,4941.8687224553605
14.0,4.0,485.0,131.0,406.0,118.0,120.0,14.0,7.986119381425209,8.91138794627855,5831.74997002642
14.0,4.0,486.0,176.0,365.0,135.0,85.0,41.0,8.155749461360971,7.9036061238311,4033.579544566254
4.0,0.0,474.0,30.0,204.0,272.0,259.0,16.0,5.903646623100504,7.956889262599672,5155.2125025214345
4.0,0.0,489.0,50.0,309.0,259.0,142.0,14.0,8.026732346758932,10.032276558039849,9437.877129640754
4.0,0.0,474.0,30.0,205.0,276.0,254.0,16.0,6.064864773620298,8.125982998281193,3886.814241562952
4.0,0.0,489.0,50.0,128.0,355.0,212.0,11.0,6.784373578086871,10.172823984461216,5363.764763432105
52.0,4.0,317.0,128.0,221.0,196.0,145.0,13.0,9.808066462824362,10.136235153941143,5615.112378568102
14.0,4.0,490.0,55.0,185.0,371.0,144.0,13.0,7.243846363046017,9.030663318731126,4399.38048391226
14.0,4.0,490.0,66.0,295.0,247.0,142.0,13.0,7.167641362226038,8.984848621860898,5159.807906408237
52.0,4.0,317.0,149.0,252.0,191.0,150.0,11.0,9.966514254043233,9.91221237880305,5155.728420180962
4.0,0.0,486.0,138.0,339.0,221.0,85.0,42.0,7.921083657704298,7.925659243860467,6167.794884741694
4.0,0.0,490.0,127.0,385.0,143.0,115.0,14.0,7.037377783887237,8.860566599465562,5701.504903889751
14.0,4.0,490.0,65.0,255.0,307.0,133.0,13.0,7.062642655162915,8.961776466242567,4155.503460926453
4.0,0.0,489.0,65.0,219.0,327.0,144.0,13.0,6.977736962249717,8.9083723201322,5861.019377877632
4.0,0.0,474.0,70.0,254.0,314.0,147.0,23.0,7.011748385155551,8.00828474880629,5247.212507784359
4.0,0.0,489.0,60.0,326.0,237.0,142.0,13.0,7.8419456780999965,10.13221320301958,5401.610979807658
54.0,4.0,486.0,113.0,393.0,154.0,95.0,33.0,8.033884839052636,7.999777562048377,6055.648089362564
52.0,4.0,317.0,142.0,237.0,216.0,190.0,10.0,10.077954472621444,10.008632771406182,8589.87162033682
4.0,0.0,490.0,65.0,259.0,321.0,140.0,22.0,7.043919205366336,7.922983132651091,5583.547162361582
55.0,4.0,463.0,160.0,355.0,155.0,130.0,50.0,9.979018139308836,8.99272289130013,6315.850268278135
4.0,0.0,490.0,112.0,344.0,199.0,125.0,17.0,6.9405619167511015,8.988312505834143,4981.223344856505
4.0,0.0,485.0,215.0,313.0,107.0,120.0,15.0,8.083568308880142,9.060938655039566,6604.416301012915
14.0,4.0,490.0,109.0,334.0,187.0,120.0,15.0,6.975612479058471,9.109546306891048,6279.074754619111
4.0,0.0,486.0,96.0,425.0,132.0,85.0,35.0,7.996556991720004,8.994851054167482,5682.459291363998
14.0,4.0,487.0,136.0,295.0,122.0,150.0,12.0,9.070166296130804,9.769929079048858,4742.823877485813
52.0,4.0,487.0,97.0,265.0,179.0,145.0,13.0,8.973897276359628,10.08041336945025,5018.62101466697
4.0,0.0,485.0,184.0,362.0,108.0,135.0,12.0,7.860271484266477,9.008739264654212,3543.47807657593
14.0,4.0,490.0,61.0,358.0,199.0,137.0,12.0,6.857761766540909,9.07720905141814,4930.053874247146
4.0,0.0,485.0,125.0,403.0,122.0,120.0,15.0,7.9184423178591965,8.97604754963907,7439.959378219699
56.0,4.0,463.0,186.0,293.0,150.0,135.0,37.0,9.93888730410896,9.079178058041306,6311.81962715919
4.0,0.0,485.0,61.0,358.0,194.0,142.0,13.0,8.15734186898586,9.942541537591,7089.51308806505
55.0,4.0,488.0,113.0,270.0,149.0,145.0,13.0,8.864335827665725,10.010697944191085,4577.464969907042
4.0,0.0,490.0,79.0,328.0,228.0,125.0,11.0,7.045047460664523,9.00717764893998,6810.401780107497
14.0,4.0,487.0,138.0,295.0,122.0,150.0,12.0,8.932623543256394,10.090649246918543,6114.240189815701
4.0,0.0,490.0,72.0,324.0,207.0,142.0,13.0,7.060783464306376,8.978440538852855,7639.7280858506465
55.0,4.0,463.0,148.0,299.0,165.0,115.0,43.0,8.90605149987242,9.002621558045362,6010.464488187471
4.0,0.0,485.0,128.0,426.0,104.0,110.0,13.0,7.8534374206531075,9.04993359102021,5125.785413622571
52.0,4.0,317.0,116.0,227.0,202.0,145.0,14.0,9.7453144860374,9.835707554876215,7900.665651561776
55.0,4.0,488.0,115.0,277.0,137.0,140.0,13.0,8.740040271522172,9.923547872061926,5864.278783325978
54.0,4.0,488.0,180.0,234.0,126.0,140.0,12.0,8.94654980597298,9.848980638285564,2681.499317721818
4.0,0.0,485.0,181.0,364.0,102.0,120.0,13.0,8.092616468636427,9.187470610016252,8068.3651510657055
54.0,4.0,486.0,99.0,447.0,106.0,105.0,13.0,8.066824596332111,9.040995209017185,8459.46978083648
14.0,4.0,487.0,96.0,263.0,172.0,145.0,14.0,9.059387669587563,10.014792071307568,4350.887456407597
4.0,0.0,485.0,119.0,373.0,148.0,140.0,12.0,8.121954670649409,9.986651373672212,7116.610541330224
4.0,0.0,485.0,172.0,397.0,86.0,135.0,12.0,7.982939725484133,8.972519481899553,4911.527568324018
4.0,0.0,485.0,216.0,301.0,112.0,115.0,14.0,7.842500686890293,9.006022236615037,7094.762471505464
14.0,4.0,485.0,122.0,422.0,120.0,110.0,15.0,8.089333504417967,9.029552448454831,6468.65045433737
4.0,0.0,485.0,96.0,420.0,98.0,115.0,16.0,8.16612273531885,9.032731670422582,6666.147195532921
52.0,4.0,317.0,166.0,231.0,196.0,155.0,17.0,10.08403207414553,10.082689231178838,7942.306154883668
4.0,0.0,490.0,131.0,409.0,129.0,105.0,14.0,8.12634979115788,9.01366348481676,5713.687925431281
53.0,4.0,488.0,136.0,263.0,125.0,130.0,15.0,8.939034236141088,9.013253963611138,5498.07185537312
4.0,0.0,485.0,119.0,410.0,125.0,115.0,14.0,8.017931695941739,9.009151197206172,8032.928954577239
56.0,4.0,463.0,100.0,376.0,149.0,170.0,29.0,9.870604598327114,9.07950593113828,5972.1929577221545
52.0,4.0,488.0,228.0,284.0,117.0,115.0,19.0,7.772182843539292,9.084689153762865,5893.336156864504
55.0,4.0,461.0,116.0,348.0,155.0,120.0,45.0,8.87750387713224,8.897702763891129,4818.269255016471
54.0,4.0,488.0,209.0,306.0,122.0,110.0,25.0,8.091329042562785,9.046577192497834,7452.883457388443
14.0,4.0,485.0,129.0,423.0,112.0,110.0,13.0,8.03126320817952,9.141663787928524,5823.144158823433
4.0,0.0,485.0,214.0,293.0,117.0,110.0,18.0,8.060158929096268,9.027400205241683,5589.257454177303
55.0,4.0,488.0,189.0,248.0,122.0,145.0,13.0,9.093378383333258,10.04298075769473,7927.21985077697
14.0,4.0,485.0,128.0,418.0,112.0,110.0,12.0,8.045083453641402,9.062328469069158,6190.969828196452
14.0,4.0,485.0,111.0,371.0,158.0,115.0,13.0,7.855219126365345,9.04020676684151,4063.653242224383
4.0,0.0,490.0,66.0,295.0,247.0,142.0,13.0,7.186130375633367,8.932034436866502,7557.993630562248
4.0,0.0,490.0,51.0,350.0,202.0,142.0,13.0,6.91928834662826,9.056014430937068,6773.884617390667
54.0,4.0,488.0,155.0,269.0,112.0,145.0,11.0,9.09439336715102,10.00901670094097,6710.383262430392
52.0,4.0,488.0,201.0,288.0,112.0,130.0,15.0,8.964776269080964,9.022147499033132,8129.730291994051
53.0,4.0,488.0,225.0,234.0,135.0,115.0,36.0,9.011084894799676,9.022575759899492,6815.380779223575
54.0,4.0,486.0,74.0,447.0,118.0,95.0,25.0,8.06732188075148,8.947261883193722,6205.113427738834
56.0,4.0,488.0,189.0,288.0,112.0,135.0,14.0,8.799209422629412,10.083277184816344,8386.08244375809
55.0,4.0,463.0,155.0,342.0,155.0,140.0,46.0,9.970160114136382,9.048855369712928,7341.662632940233
52.0,4.0,317.0,113.0,254.0,175.0,150.0,13.0,9.071687013521874,9.9033942668141,5402.257441356114
4.0,0.0,490.0,60.0,213.0,344.0,133.0,12.0,7.040962871773648,8.961604773900886,7082.25903847869
53.0,4.0,488.0,154.0,235.0,130.0,135.0,15.0,8.994530930326489,9.003044725509763,10832.540280665986
4.0,0.0,486.0,95.0,394.0,184.0,100.0,35.0,7.906040204272246,8.026736178858217,4905.005185949305
14.0,4.0,485.0,142.0,372.0,131.0,145.0,11.0,7.874700215517369,9.966643049054262,4757.2925553453615
4.0,0.0,485.0,116.0,421.0,122.0,110.0,14.0,7.723605350286033,9.020664310351291,5977.21381418105
4.0,0.0,485.0,83.0,428.0,109.0,105.0,16.0,7.794092558810419,8.996809285015113,5896.315893984787
55.0,4.0,463.0,203.0,282.0,155.0,130.0,41.0,10.019216166077792,9.050143752129635,6142.906226941244
4.0,0.0,485.0,114.0,416.0,120.0,120.0,14.0,7.942639232086303,9.12281601993138,7553.940047975788
4.0,0.0,486.0,93.0,423.0,123.0,95.0,26.0,8.220046137767925,8.817820889778382,5408.061964946693
55.0,4.0,461.0,160.0,346.0,170.0,90.0,36.0,9.131472142500138,8.093753398884223,5681.6361437342
4.0,0.0,485.0,66.0,343.0,204.0,142.0,13.0,7.943482421815863,9.064915112368968,6960.558267694547
56.0,4.0,463.0,206.0,255.0,150.0,130.0,37.0,8.963547263688142,8.93156031648422,5561.814276770723
4.0,0.0,485.0,127.0,409.0,109.0,125.0,14.0,7.863938631322566,8.854658339514236,5470.602125338329
4.0,0.0,489.0,60.0,317.0,236.0,147.0,13.0,7.811487906598811,10.010948695263451,7347.296530242472
4.0,0.0,485.0,143.0,425.0,92.0,125.0,14.0,8.071698560324261,9.208155606958844,7108.757420266045
56.0,4.0,463.0,186.0,271.0,165.0,125.0,41.0,9.060421250579768,9.09421518982256,6855.011500205805
4.0,0.0,486.0,159.0,347.0,140.0,90.0,38.0,8.009268853809667,7.978642385727332,7955.708250500204
4.0,0.0,485.0,196.0,374.0,93.0,125.0,12.0,8.145767068659787,8.931603473203673,6300.89611479753
4.0,0.0,485.0,121.0,410.0,103.0,110.0,16.0,8.158125050333203,9.101411771350552,6465.056070032951
4.0,0.0,490.0,60.0,229.0,328.0,138.0,12.0,6.956545739264733,9.017222393543864,4900.338212039564
4.0,0.0,490.0,106.0,418.0,139.0,100.0,19.0,8.05515456398734,8.880094874505811,6064.965288837577
4.0,0.0,485.0,66.0,358.0,189.0,142.0,12.0,8.019367169384667,9.13625596061672,8272.637917040003
14.0,4.0,485.0,199.0,362.0,93.0,135.0,12.0,7.955546775420332,9.072980475107505,2763.769225879344
56.0,4.0,461.0,133.0,340.0,145.0,125.0,48.0,8.8670641892487,9.122606095007804,6989.359192370434
56.0,4.0,461.0,164.0,320.0,150.0,120.0,46.0,8.937788984421983,8.034984554765016,7021.606350521537
4.0,0.0,485.0,149.0,418.0,93.0,130.0,12.0,7.828398136948504,8.939392072044207,6662.845243449466
56.0,4.0,463.0,200.0,245.0,160.0,135.0,28.0,9.998185047306102,9.070467933564654,6600.900624161917
4.0,0.0,490.0,134.0,405.0,125.0,105.0,14.0,7.957450447650528,8.976067345836572,6379.798943041489
55.0,4.0,461.0,167.0,312.0,140.0,115.0,40.0,8.882922512027893,9.094539551202054,5442.004467371627
54.0,4.0,486.0,144.0,355.0,155.0,80.0,47.0,7.719059622604444,8.167065883073356,5421.446463228035
14.0,4.0,490.0,127.0,399.0,139.0,105.0,14.0,7.87486260834871,9.008488048918636,4461.124927126967
52.0,4.0,487.0,107.0,297.0,170.0,150.0,12.0,8.963525470753503,9.88566298085962,4275.696067410141
53.0,4.0,488.0,259.0,207.0,135.0,125.0,24.0,8.99434992272539,8.889082830212198,3086.1655586981824
56.0,4.0,463.0,111.0,367.0,147.0,175.0,38.0,9.814249232561703,9.005160698956912,7128.079617523535
55.0,4.0,461.0,155.0,346.0,170.0,90.0,35.0,8.995042197277465,8.124488732244126,8648.932147083835
4.0,0.0,485.0,100.0,376.0,164.0,120.0,11.0,7.9002728801981315,8.863238653400886,6086.42869788199
55.0,4.0,463.0,191.0,294.0,145.0,140.0,39.0,9.907949453093304,9.162593570724326,6515.35295696455
53.0,4.0,488.0,245.0,260.0,125.0,95.0,40.0,9.181500892394649,9.071738722947748,5991.604758365037
56.0,4.0,463.0,159.0,291.0,150.0,125.0,40.0,8.975151490118062,8.876142626112474,7015.466229499121
4.0,0.0,489.0,60.0,315.0,238.0,147.0,13.0,8.141459427083282,9.997064931065434,7529.003977599693
52.0,4.0,487.0,130.0,278.0,170.0,145.0,12.0,8.802280786983781,10.009479948821255,5823.433536096777
55.0,4.0,488.0,177.0,253.0,112.0,145.0,13.0,8.921463880350016,10.038809783365146,5406.483385964921
4.0,0.0,489.0,65.0,323.0,230.0,142.0,13.0,7.883316971157598,9.988404559238926,6188.289871105273
55.0,4.0,488.0,215.0,306.0,122.0,110.0,23.0,7.995650084461327,9.024869882290892,6997.461725124421
14.0,4.0,485.0,66.0,362.0,190.0,137.0,11.0,8.179475119193926,10.146644469033085,5341.169310182073
52.0,4.0,487.0,136.0,267.0,163.0,150.0,13.0,8.759415866122263,10.086853044969098,5844.631402468296
56.0,4.0,463.0,209.0,255.0,135.0,120.0,35.0,8.925479762519835,9.007496213958014,5132.903875270679
14.0,4.0,485.0,110.0,428.0,112.0,120.0,14.0,7.971264757977098,8.95182789830684,7977.464578564331
52.0,4.0,488.0,172.0,233.0,125.0,135.0,14.0,9.070457371803176,9.071083269765229,8840.439540632056
54.0,4.0,488.0,183.0,235.0,130.0,130.0,24.0,9.035143975786925,8.955023826138868,6534.5687649457695
52.0,4.0,317.0,162.0,257.0,120.0,140.0,18.0,9.108534532693046,8.990243246390726,6838.190067833981
55.0,4.0,488.0,241.0,297.0,95.0,110.0,25.0,8.96050947250332,8.937849143944026,5501.880244426154
56.0,4.0,488.0,263.0,211.0,130.0,105.0,33.0,9.099896831870046,8.992261129270448,4937.691220494442
55.0,4.0,463.0,229.0,235.0,140.0,125.0,31.0,8.953777596621203,8.980258305421248,5726.8920360785305
56.0,4.0,488.0,263.0,212.0,145.0,95.0,40.0,8.949711001324287,9.139408688775964,7030.677309492827
54.0,4.0,488.0,266.0,279.0,95.0,110.0,25.0,9.165391529310828,8.973011553141431,11953.036814440036
53.0,4.0,488.0,260.0,244.0,135.0,95.0,41.0,9.071487477850171,8.88441071517099,5139.923331330402
55.0,4.0,463.0,212.0,255.0,140.0,120.0,34.0,8.881944160856557,8.968222522963238,8304.168243318813
55.0,4.0,488.0,200.0,285.0,115.0,105.0,37.0,9.018195935634138,9.270674116908852,9127.663668337666
53.0,4.0,488.0,283.0,203.0,135.0,100.0,36.0,9.263420466341444,9.054286797633566,8027.143083521574
55.0,4.0,463.0,181.0,236.0,150.0,135.0,22.0,9.90070202968295,8.92017106764798,6245.569433753991
54.0,4.0,486.0,79.0,442.0,118.0,100.0,29.0,8.188853116757324,8.869176188032165,7236.903071752417
54.0,4.0,488.0,238.0,284.0,100.0,105.0,30.0,8.91908558223864,8.93455442032989,7008.020119159921
55.0,4.0,463.0,207.0,251.0,140.0,125.0,38.0,8.99301941150427,9.00609565573075,6595.863889275052
54.0,4.0,488.0,142.0,267.0,122.0,150.0,12.0,8.9068303392131,10.111433841327464,5161.21671040059
52.0,4.0,488.0,232.0,250.0,145.0,95.0,40.0,9.059232521453842,9.087316691620083,10193.790635527614
56.0,4.0,488.0,266.0,268.0,90.0,115.0,24.0,8.982149880859064,8.867300727896467,4638.708815146519
54.0,4.0,486.0,182.0,336.0,115.0,100.0,31.0,7.910442397198542,8.934491814052976,6676.383531401938
56.0,4.0,488.0,196.0,216.0,130.0,125.0,18.0,8.996549753973985,9.140387857854842,13119.245249335318
53.0,4.0,488.0,168.0,236.0,130.0,135.0,23.0,8.894425818684775,8.973685434873913,6235.31866938425
55.0,4.0,463.0,181.0,241.0,145.0,135.0,23.0,9.080413296685869,8.888849478344914,5864.404070100103
54.0,4.0,488.0,218.0,270.0,102.0,130.0,15.0,9.072301001201552,8.926115287297934,7624.315631756175
52.0,4.0,488.0,254.0,260.0,125.0,95.0,42.0,8.788888880718597,8.918145434741161,4998.890511725615
52.0,4.0,488.0,222.0,235.0,111.0,140.0,13.0,8.947499978889551,9.146281021893484,2954.495071460465
55.0,4.0,463.0,216.0,237.0,140.0,120.0,37.0,8.843463193838552,8.92083829445601,8913.885025397482
56.0,4.0,463.0,170.0,241.0,140.0,135.0,23.0,9.061381515812377,9.05537226663386,6530.457920794836
56.0,4.0,488.0,245.0,282.0,80.0,120.0,18.0,9.200589463599904,9.080626903164417,8624.602479207935
52.0,4.0,488.0,249.0,233.0,145.0,95.0,39.0,9.17236154251324,8.966016269119617,5763.602906763506
54.0,4.0,488.0,241.0,241.0,125.0,105.0,36.0,8.820937882503886,9.06591016130846,8777.381155269644
56.0,4.0,488.0,202.0,216.0,130.0,130.0,18.0,9.29539291362826,9.05667570492001,6928.759169880217
52.0,4.0,317.0,117.0,233.0,160.0,155.0,13.0,8.955555140572093,9.97967029441797,7098.188111547741
55.0,4.0,488.0,266.0,268.0,95.0,110.0,25.0,9.09468830740972,9.119879783218876,7197.388494137934
54.0,4.0,488.0,263.0,259.0,85.0,125.0,18.0,9.080707367110197,8.90470969139403,6877.673615920406
56.0,4.0,463.0,192.0,235.0,135.0,130.0,26.0,8.934231930846508,9.038501208545048,6987.257989297794
55.0,4.0,488.0,179.0,229.0,130.0,135.0,12.0,9.158253853556872,10.264941078373964,5874.73857080926
55.0,4.0,488.0,246.0,209.0,155.0,100.0,40.0,8.96881913528512,9.03013725233897,7878.526051318649
52.0,4.0,317.0,184.0,222.0,155.0,140.0,15.0,10.126062998327289,8.838549306242648,6098.3595217957
55.0,4.0,488.0,207.0,224.0,105.0,140.0,14.0,8.733675422823456,8.99496137124791,7677.696265082973
54.0,4.0,488.0,164.0,233.0,125.0,135.0,15.0,9.160573697152271,8.985028383114555,6419.18573815528
55.0,4.0,488.0,278.0,222.0,120.0,115.0,25.0,8.990945972801917,9.144675698079872,6621.177366776128
52.0,4.0,488.0,251.0,200.0,145.0,110.0,35.0,9.092157046244642,9.188854967110409,8230.206805657204
55.0,4.0,488.0,208.0,218.0,111.0,145.0,12.0,8.977691347009305,9.064885322896927,5560.490838162432
54.0,4.0,488.0,152.0,229.0,135.0,130.0,15.0,8.965789331421334,9.110329223688511,5226.550862290401
54.0,4.0,488.0,244.0,244.0,135.0,100.0,36.0,9.083005669032044,8.995679365882305,6315.673137164986
52.0,4.0,488.0,171.0,235.0,130.0,135.0,23.0,8.928330371640138,9.046221905161431,6343.850858257986
56.0,4.0,488.0,206.0,232.0,135.0,120.0,31.0,9.259991047083416,8.991639657712014,5588.647014844347
55.0,4.0,488.0,240.0,256.0,107.0,130.0,17.0,8.908647762833867,9.002596912268615,7005.426650406896
56.0,4.0,488.0,136.0,267.0,110.0,145.0,13.0,9.165239157119869,9.890009962061916,6552.729692827892
52.0,4.0,488.0,227.0,219.0,115.0,135.0,25.0,8.865818727124692,8.888646952848232,6164.211105755324
53.0,4.0,488.0,134.0,257.0,125.0,135.0,18.0,8.983952529272788,8.860797831379351,7045.944450618556
54.0,4.0,486.0,72.0,446.0,121.0,100.0,25.0,7.959432963759839,9.08390845051953,2646.6159421062807
54.0,4.0,488.0,265.0,263.0,95.0,115.0,24.0,8.981885660920955,8.964174607444985,6379.20598724283
53.0,4.0,488.0,227.0,212.0,140.0,115.0,33.0,9.29238790994028,9.065507958421014,5364.479596385539
53.0,4.0,488.0,245.0,212.0,130.0,120.0,26.0,8.869550496108097,8.924556261390025,6760.6642598918415
52.0,4.0,488.0,135.0,263.0,120.0,130.0,15.0,9.068627369728071,8.943900083123,7204.906639980072
52.0,4.0,488.0,243.0,211.0,130.0,120.0,29.0,8.914640706875234,8.934894039575527,5090.317335492811
52.0,4.0,488.0,256.0,237.0,135.0,95.0,37.0,9.010232549790375,9.03841299466997,7978.858787185887
52.0,4.0,488.0,269.0,193.0,140.0,105.0,38.0,9.083354626571287,9.08226307381445,6225.272164704442
53.0,4.0,488.0,293.0,203.0,130.0,110.0,30.0,8.950476955362575,9.10298115841703,7124.062853149085
56.0,4.0,488.0,198.0,210.0,135.0,130.0,24.0,8.874099304832901,9.094818888771131,6326.360163983777
54.0,4.0,488.0,260.0,207.0,130.0,125.0,26.0,9.149072304559228,9.05564974073318,8243.256301822426
55.0,4.0,488.0,256.0,223.0,125.0,105.0,33.0,8.891130482087403,9.03798934354952,6336.330563691939
56.0,4.0,488.0,244.0,206.0,135.0,120.0,29.0,9.075657991058712,9.18048967278887,5376.146927736255
56.0,4.0,488.0,256.0,209.0,135.0,110.0,36.0,8.996088605084239,8.903193473323734,5347.876228318712
54.0,4.0,488.0,270.0,204.0,125.0,110.0,33.0,9.04563246625492,8.897995059229311,3335.5886291736256
55.0,4.0,488.0,257.0,212.0,145.0,95.0,40.0,9.02886329563436,9.05616351817148,6609.956869014635
54.0,4.0,488.0,183.0,240.0,125.0,135.0,26.0,8.96120452585304,8.982381707963206,7580.068281956183
54.0,4.0,488.0,244.0,211.0,130.0,120.0,31.0,8.898160094874612,8.875970500714038,6217.583181420726
50.0,11.0,458.0,34.0,93.0,311.0,207.0,18.0,10.214184197899472,6.948273672845515,2940.495623402805
0.0,2.0,827.0,0.0,0.0,0.0,0.0,0.0,27.95364197315689,23.028037994245683,476.53050954511536
94.0,7.0,445.0,39.0,225.0,286.0,76.0,31.0,8.058837975967016,6.96022733246903,2638.662825400353
72.0,3.0,150.0,0.0,0.0,0.0,0.0,0.0,8.98937280673313,11.919637162175558,261.11083377883404
74.0,8.0,538.0,0.0,0.0,0.0,0.0,0.0,15.092949892530855,3.9239366376149,107.65977780055724
25.0,8.0,693.0,0.0,0.0,0.0,0.0,0.0,15.906746368082006,7.050210073593255,739.7666225989822
30.0,9.0,360.0,0.0,4.0,8.0,91.0,1.0,15.09385087356154,9.973313147816915,1334.884020075246
14.0,4.0,490.0,48.0,216.0,222.0,111.0,14.0,7.001119125977246,8.979776050428516,4027.002518824029
59.0,6.0,617.0,0.0,0.0,0.0,0.0,0.0,21.101400641311542,9.93135231990797,107.83680125304106
68.0,3.0,211.0,0.0,0.0,0.0,0.0,0.0,8.20676085760011,4.889271390151262,676.4072505090132
25.0,8.0,528.0,0.0,0.0,0.0,0.0,0.0,18.304574054847528,7.960502780430536,275.27323694037096
21.0,9.0,338.0,0.0,0.0,0.0,24.0,2.0,16.160036525775396,10.139014809918017,1349.205561840942
67.0,1.0,786.0,0.0,0.0,0.0,0.0,0.0,10.975141634679352,22.072620435641323,45.712972113815766
78.0,5.0,728.0,0.0,0.0,4.0,44.0,6.0,7.989338099501148,3.1183392135905548,4420.070221623619
68.0,3.0,241.0,0.0,0.0,0.0,0.0,0.0,4.89401035300056,7.008407125752759,583.2645798731203
24.0,8.0,701.0,0.0,4.0,0.0,24.0,2.0,10.13403265200507,0.8396493502750813,2477.2937437530363
61.0,1.0,775.0,0.0,0.0,0.0,0.0,1.0,8.024280149349917,15.96610075240319,413.9138512816766
64.0,6.0,14.0,0.0,0.0,0.0,0.0,0.0,20.128986332120856,11.936335097598462,692.0756582660349
32.0,6.0,583.0,0.0,0.0,0.0,0.0,0.0,16.816921154473427,6.062724865612529,485.7964580054321
2.0,11.0,466.0,12.0,70.0,178.0,369.0,23.0,10.395039949793889,6.823018090634306,4636.140344215843
59.0,6.0,622.0,0.0,0.0,0.0,0.0,0.0,23.115962691620805,11.950040728270508,123.8879831420952
29.0,10.0,339.0,0.0,0.0,0.0,4.0,0.0,16.955452020549437,9.008907358888807,1354.2936351797173
78.0,5.0,730.0,0.0,4.0,8.0,52.0,12.0,8.12644837893169,3.046603717522589,3494.6940924697296
51.0,11.0,446.0,12.0,89.0,239.0,309.0,36.0,8.945560708086619,6.011919681097961,3542.62041327351
57.0,3.0,212.0,0.0,0.0,0.0,0.0,0.0,9.036760291597998,5.944697388154107,317.76176007050964
44.0,8.0,670.0,0.0,0.0,0.0,0.0,0.0,12.92160118105697,6.98316851360254,201.98321777352524
68.0,3.0,245.0,0.0,0.0,0.0,0.0,0.0,4.048916529596821,7.8405701414441245,528.6127837621431
61.0,1.0,777.0,0.0,0.0,0.0,0.0,0.0,6.983821919851734,16.00713025710882,750.1008702177616
29.0,10.0,590.0,0.0,0.0,0.0,0.0,0.0,18.089833034143048,8.845819986797308,571.5537272748779
45.0,10.0,712.0,0.0,0.0,0.0,8.0,1.0,14.143168472141676,4.096151659173866,2229.740768116307
66.0,2.0,49.0,0.0,0.0,0.0,0.0,0.0,20.87031892070206,13.953137729930011,497.4510035846509
12.0,5.0,167.0,4.0,0.0,0.0,32.0,0.0,2.019894917431546,11.064920889842147,2103.36750447688
57.0,3.0,134.0,0.0,0.0,0.0,0.0,0.0,9.164168469003116,6.980238789555907,117.8363052137645
17.0,3.0,95.0,0.0,0.0,0.0,0.0,0.0,0.9615926881918044,11.16782271594412,418.5532022456075
3.0,0.0,474.0,32.0,137.0,212.0,236.0,16.0,6.257815387401416,8.06011901486997,4368.677115485004
45.0,10.0,700.0,0.0,4.0,0.0,12.0,6.0,12.014224534723615,2.166626058287776,3098.2649710339106
15.0,8.0,675.0,0.0,0.0,0.0,0.0,0.0,11.093913172985056,3.907354288211122,298.28215189076445
17.0,3.0,176.0,0.0,0.0,0.0,0.0,0.0,0.8478649671042326,9.011882603498764,392.8559004219575
57.0,3.0,665.0,0.0,0.0,0.0,0.0,0.0,9.887262854034478,7.046004972349383,298.0511504308371
67.0,1.0,787.0,0.0,0.0,0.0,0.0,0.0,6.881084828613474,18.09352300696801,185.45094130992584
61.0,1.0,802.0,0.0,0.0,0.0,0.0,0.0,9.89060293666274,17.06414409989952,219.55584405376885
66.0,2.0,16.0,0.0,0.0,0.0,0.0,0.0,20.877040255302155,12.821255993591652,183.7475153249137
72.0,3.0,162.0,0.0,0.0,0.0,0.0,0.0,7.261149539395994,10.995861485637212,240.8143044734764
3.0,0.0,474.0,48.0,152.0,265.0,148.0,15.0,6.933970190389489,8.019544974804294,6776.164372649035
43.0,8.0,551.0,0.0,0.0,0.0,0.0,0.0,20.124581926591837,9.934104846357553,78.04338785062696
49.0,11.0,446.0,20.0,126.0,283.0,228.0,33.0,8.035021277878652,7.018632003906178,3549.6969227712634
25.0,8.0,531.0,0.0,0.0,0.0,0.0,0.0,16.045834400323024,7.033142210540527,585.1900664303116
78.0,5.0,221.0,0.0,0.0,8.0,68.0,4.0,6.81850961454605,3.954102046784013,4067.6058009179737
77.0,4.0,462.0,68.0,297.0,188.0,96.0,32.0,9.050347491461045,7.963343724750377,4388.006691557392
32.0,6.0,574.0,0.0,0.0,0.0,0.0,0.0,16.06724676746725,6.040150507735975,510.7676262360497
59.0,6.0,509.0,0.0,0.0,0.0,0.0,0.0,19.116247774869123,7.996910231233615,32.98999080128946
25.0,8.0,533.0,0.0,0.0,0.0,0.0,0.0,16.09584438231195,5.944567202024832,1352.313164069658
87.0,0.0,443.0,39.0,194.0,296.0,108.0,42.0,7.067506223952265,7.132828861251784,5851.949962522688
24.0,8.0,697.0,0.0,4.0,0.0,20.0,5.0,10.833525598247276,0.9507073676913252,1628.0266358179103
9.0,8.0,277.0,0.0,0.0,0.0,0.0,0.0,16.950842982229293,11.89217767272188,142.69750638183052
63.0,2.0,390.0,0.0,0.0,0.0,0.0,0.0,20.88780335751283,14.932879561254778,1473.0428181724817
43.0,8.0,499.0,0.0,0.0,0.0,0.0,0.0,19.12387694172735,9.08934058269951,73.68498617172745
59.0,6.0,568.0,0.0,0.0,0.0,0.0,0.0,18.87006352235196,8.081734436782739,122.19645687232946
69.0,3.0,136.0,0.0,0.0,0.0,0.0,0.0,7.93858087336591,7.01954421690044,181.35003102463648
68.0,3.0,135.0,0.0,0.0,0.0,0.0,0.0,6.965487043776372,7.097355551477345,284.97635964835456
88.0,9.0,459.0,16.0,144.0,279.0,174.0,33.0,11.04549559043701,9.099860912947197,1771.4436770456657
62.0,3.0,83.0,0.0,0.0,0.0,0.0,0.0,4.9625901134267165,13.83373629921038,125.19564061687572
67.0,1.0,747.0,0.0,0.0,0.0,0.0,0.0,10.756889470598908,20.9137547387208,129.27320214444447
23.0,3.0,252.0,0.0,0.0,0.0,48.0,0.0,2.007006193754604,7.846327956845903,1874.941368832664
74.0,8.0,706.0,0.0,0.0,0.0,4.0,0.0,13.029693229560529,2.054742955423895,544.6858600243364
45.0,10.0,359.0,0.0,24.0,24.0,292.0,41.0,11.879138815054834,6.025121467970287,3171.3834765709694
15.0,8.0,228.0,0.0,0.0,0.0,8.0,1.0,9.118733191604417,1.9716006494328493,2546.4003702449504
27.0,2.0,836.0,0.0,0.0,0.0,0.0,0.0,22.126753228955717,18.97399527957277,52.02555523917808
23.0,3.0,185.0,0.0,0.0,16.0,116.0,1.0,3.3029098228724507,8.95533612068977,1460.2283195033558
55.0,4.0,461.0,74.0,331.0,132.0,80.0,32.0,8.929971421094363,7.956216925486517,7697.591739919664
82.0,8.0,538.0,0.0,0.0,0.0,0.0,0.0,14.068438660402633,2.969309716758856,342.58103087186885
44.0,8.0,636.0,0.0,0.0,0.0,0.0,1.0,11.129983297441305,4.9850484424047465,456.9132412111053
64.0,6.0,23.0,0.0,0.0,0.0,0.0,0.0,24.03713187489381,15.917765535625968,343.07025149151315
25.0,8.0,497.0,0.0,0.0,0.0,0.0,0.0,16.878249847551057,7.030643366672699,870.6200124492391
69.0,3.0,137.0,0.0,0.0,0.0,0.0,0.0,7.940986958682488,9.032713730853825,75.34407587367768
30.0,9.0,349.0,0.0,12.0,28.0,263.0,6.0,13.03466952553575,8.078267657362561,1393.0958821424474
0.0,2.0,826.0,0.0,0.0,0.0,0.0,0.0,27.913927549252104,21.97447438661658,329.2480539896585
30.0,9.0,366.0,4.0,4.0,8.0,208.0,1.0,14.173699766264969,9.930473457271502,1100.718612639927
64.0,6.0,13.0,0.0,0.0,0.0,0.0,0.0,23.0190730109111,14.082783088611476,486.532882180148
86.0,10.0,451.0,0.0,4.0,28.0,141.0,28.0,8.04328443173647,2.8846651866891277,1971.564271817089
24.0,8.0,725.0,0.0,4.0,4.0,48.0,2.0,9.208080810951616,2.100840861262288,1863.1813812404
49.0,11.0,446.0,12.0,120.0,279.0,242.0,36.0,8.909476136865376,7.0024137604954095,3859.931547728679
44.0,8.0,645.0,0.0,0.0,0.0,0.0,0.0,13.02865104153488,6.94830639180944,307.41227690614693
63.0,2.0,391.0,0.0,0.0,0.0,0.0,0.0,22.11555295401453,17.103126838374973,1063.0761546232447
61.0,1.0,434.0,0.0,0.0,0.0,4.0,1.0,7.891622484477659,14.96636327266448,471.7794345628844
61.0,1.0,435.0,0.0,0.0,0.0,0.0,0.0,8.877726794661942,16.953665506864493,552.0977681602544
28.0,1.0,769.0,0.0,0.0,0.0,0.0,1.0,8.888745720955475,17.014476944450205,368.80218455973136
68.0,3.0,208.0,0.0,0.0,0.0,0.0,0.0,3.836795126824949,6.922421951830706,572.1516860190616
29.0,10.0,331.0,0.0,0.0,4.0,32.0,1.0,14.037141606898649,5.963352024276773,1261.61311666921
77.0,4.0,313.0,114.0,237.0,134.0,148.0,21.0,10.265850162079843,9.074879391659376,3373.736732901683
75.0,8.0,513.0,0.0,0.0,0.0,0.0,0.0,20.16467474584189,8.987215541959033,107.91966929460489
62.0,3.0,98.0,0.0,0.0,0.0,0.0,0.0,3.11178300018272,10.902438923634516,188.6633666495669
74.0,8.0,708.0,0.0,0.0,0.0,4.0,1.0,12.01659563821435,1.0023145246965697,597.8231078658404
13.0,5.0,188.0,0.0,24.0,48.0,262.0,7.0,4.045973106617419,8.02136078221198,2250.17880424176
34.0,10.0,577.0,0.0,0.0,0.0,16.0,1.0,13.899789716753142,3.920207563069839,1486.4836890282456
57.0,3.0,140.0,0.0,0.0,0.0,0.0,0.0,11.103150410240662,9.139211456092257,93.691738364838
24.0,8.0,702.0,0.0,0.0,4.0,8.0,0.0,12.075048775772157,0.0,1757.1311576037735
59.0,6.0,68.0,0.0,0.0,0.0,0.0,0.0,22.90936111235044,12.033005064519092,121.82485288299875
65.0,1.0,201.0,0.0,0.0,4.0,0.0,0.0,3.7713426444021447,14.029352109162822,356.1545710174454
10.0,0.0,471.0,20.0,84.0,161.0,328.0,13.0,6.022720992501557,8.960258572312247,3371.750143950888
69.0,3.0,244.0,0.0,0.0,0.0,0.0,0.0,6.08332553501782,9.08834765582016,154.9870905640335
82.0,8.0,535.0,0.0,0.0,0.0,0.0,0.0,16.117498278368085,4.853848317485132,118.46228260153651
59.0,6.0,610.0,0.0,0.0,0.0,0.0,0.0,25.98069697035978,15.124154087746817,117.27811283235684
66.0,2.0,45.0,0.0,0.0,0.0,0.0,0.0,20.91878490628196,13.987550838282168,354.1533470043964
17.0,3.0,114.0,0.0,0.0,0.0,0.0,0.0,2.918972858583885,13.017264874007168,173.1329210254902
64.0,6.0,35.0,0.0,0.0,0.0,0.0,0.0,20.05643210229629,11.917413502907886,786.1719308512844
59.0,6.0,612.0,0.0,0.0,0.0,0.0,0.0,25.15249664196001,13.8644632813157,21.73596797682929
68.0,3.0,217.0,0.0,0.0,0.0,0.0,0.0,5.987518161088931,6.02483652442315,643.990889202588
63.0,2.0,300.0,4.0,4.0,16.0,295.0,3.0,14.130651555807582,11.14689349096906,2863.2124521131627
65.0,1.0,441.0,0.0,4.0,0.0,52.0,0.0,5.130826228028576,13.018368701843215,1106.4340255885184
73.0,6.0,8.0,0.0,0.0,0.0,0.0,0.0,25.061256966154257,16.12284334380585,188.23950623136605
26.0,8.0,679.0,0.0,0.0,0.0,0.0,0.0,10.21642542003638,3.963854907116093,1340.6670402854445
15.0,8.0,702.0,0.0,0.0,4.0,8.0,4.0,11.131983135192508,0.0,2043.3334291034944
75.0,8.0,519.0,0.0,0.0,0.0,0.0,0.0,19.112738601348564,7.995357488129102,118.00049578274682
24.0,8.0,737.0,0.0,0.0,0.0,8.0,1.0,10.022355932876664,0.9190823369792702,2438.601380875916
29.0,10.0,343.0,0.0,0.0,0.0,20.0,0.0,14.759143002305487,8.076827668165572,1318.2410231768208
59.0,6.0,619.0,0.0,0.0,0.0,0.0,0.0,21.873798296626507,10.930257359298023,116.56473494232448
0.0,2.0,829.0,0.0,0.0,0.0,0.0,0.0,26.34471821140705,22.116432052735423,63.36843793123791
63.0,2.0,382.0,0.0,0.0,0.0,0.0,0.0,18.02023373098853,13.091408820490225,1250.7866695136363
45.0,10.0,713.0,0.0,0.0,16.0,48.0,6.0,12.961544935086833,3.9871008060668354,3586.997762076148
17.0,3.0,97.0,0.0,0.0,0.0,0.0,0.0,2.1045422423426103,12.007249595988302,392.75292250548273
32.0,6.0,587.0,0.0,0.0,0.0,0.0,0.0,16.988292935169614,8.048442194137648,715.4313866883293
89.0,0.0,443.0,48.0,187.0,326.0,92.0,35.0,8.242519156123615,7.119204157856183,4164.983289222088
23.0,3.0,250.0,0.0,0.0,0.0,16.0,0.0,2.664299583260985,7.969208968048985,1664.2934788189905
29.0,10.0,331.0,0.0,0.0,4.0,40.0,1.0,14.049223023412283,6.115784379844541,1207.54991347388
35.0,7.0,462.0,29.0,289.0,222.0,88.0,30.0,8.989675300801835,8.026164479850355,3251.731207273484
15.0,8.0,212.0,0.0,0.0,0.0,0.0,0.0,7.880159040864494,5.018924212986643,1104.5647449245607
82.0,8.0,523.0,0.0,0.0,0.0,0.0,0.0,15.022967179515584,5.022985696743143,514.0934458172507
57.0,3.0,216.0,0.0,0.0,0.0,0.0,0.0,8.022942307171064,6.043277351686332,248.00843609317585
26.0,8.0,695.0,0.0,0.0,0.0,0.0,0.0,16.030392536094688,8.003061740865705,443.8917554573081
32.0,6.0,577.0,0.0,0.0,0.0,12.0,0.0,15.103424474776666,5.067792363165811,1010.4979462793992
14.0,4.0,490.0,90.0,242.0,177.0,96.0,13.0,6.998731281259095,9.10640307245409,4531.04990795726
0.0,2.0,73.0,0.0,0.0,0.0,0.0,0.0,26.98466054664599,21.001619594025303,78.80616677040597
29.0,10.0,44.0,0.0,0.0,0.0,0.0,0.0,19.09847925790447,11.282379234097151,365.3105581272828
7.0,4.0,488.0,196.0,157.0,104.0,96.0,29.0,8.704268660783281,9.038161283369057,5411.427937833756
24.0,8.0,732.0,0.0,0.0,0.0,4.0,0.0,10.997141966203404,1.079919513890979,1260.209634216259
66.0,2.0,380.0,0.0,0.0,0.0,4.0,1.0,18.13881160112953,12.07020954338465,593.6988118263913
23.0,3.0,210.0,0.0,0.0,0.0,0.0,0.0,3.839955941345929,5.944541068104238,1811.3359696796333
29.0,10.0,593.0,0.0,0.0,0.0,0.0,0.0,17.21527524956664,7.860057166561765,632.9628903704285
13.0,5.0,188.0,0.0,16.0,36.0,247.0,12.0,3.917305479950921,8.050187551719242,1548.583691267754
67.0,1.0,784.0,0.0,0.0,0.0,0.0,0.0,9.868593842997935,21.011173470881303,37.609085458394
57.0,3.0,144.0,0.0,0.0,0.0,0.0,0.0,10.017582386555022,10.041007238928566,55.28369472215118
82.0,8.0,522.0,0.0,0.0,0.0,0.0,0.0,14.891787878492377,3.963932246499335,366.7516948620269
25.0,8.0,499.0,0.0,0.0,0.0,0.0,0.0,18.92495959843451,8.961803555063698,353.78798510033346
24.0,8.0,710.0,0.0,0.0,0.0,4.0,0.0,11.98507123094992,0.943096815568596,2075.0873281489557
44.0,8.0,663.0,0.0,0.0,0.0,0.0,1.0,9.824831342846176,5.037311701346721,378.6532998453619
6.0,7.0,449.0,24.0,197.0,280.0,136.0,49.0,7.086842598328664,8.03653486048856,5992.592676856574
74.0,8.0,719.0,0.0,0.0,0.0,4.0,0.0,14.85580059345398,3.0915275735477805,637.7572844785819
67.0,1.0,191.0,0.0,0.0,4.0,0.0,0.0,2.954326831630673,14.049852179128395,465.2176816440515
30.0,9.0,406.0,0.0,0.0,4.0,20.0,1.0,15.895998824477635,10.994202117637348,1113.2595725542933
15.0,8.0,228.0,0.0,0.0,0.0,8.0,1.0,8.922788526440337,2.074350021026624,2537.8903130688363
26.0,8.0,657.0,0.0,0.0,0.0,0.0,0.0,13.991518631065649,5.932431529345541,159.36651864568296
44.0,8.0,632.0,0.0,0.0,0.0,0.0,0.0,12.20925043390831,6.047910249053149,283.7551695075069
72.0,3.0,161.0,0.0,0.0,0.0,0.0,0.0,6.929639613200724,8.896882137523518,811.7431413666811
9.0,8.0,690.0,0.0,0.0,0.0,0.0,0.0,17.087250534345742,11.02247091668129,201.1514302480497
26.0,8.0,644.0,0.0,0.0,0.0,0.0,0.0,14.957194880529489,8.96620639064175,188.3050946112712
70.0,3.0,110.0,0.0,0.0,0.0,0.0,0.0,6.952723100817793,14.090106076338138,106.99589395895208
93.0,1.0,203.0,0.0,0.0,0.0,4.0,0.0,5.123431132454949,14.116485132298118,962.7208641254374
58.0,6.0,51.0,0.0,0.0,0.0,0.0,0.0,23.869742851983677,14.06260391905804,138.15286628745324
68.0,3.0,242.0,0.0,0.0,0.0,0.0,0.0,5.957126554539363,6.811288309521032,647.0703338568122
20.0,9.0,333.0,0.0,0.0,0.0,4.0,0.0,16.969162458785817,9.913216154613297,892.8478107028126
82.0,8.0,526.0,0.0,0.0,0.0,0.0,0.0,12.810849828210005,3.129783451381407,409.3935440976128
47.0,11.0,446.0,38.0,173.0,287.0,159.0,31.0,8.098529774046263,6.913379227099624,4190.902888202408
25.0,8.0,504.0,0.0,0.0,0.0,0.0,0.0,19.112178057071333,9.096496292871045,47.02007065052788
72.0,3.0,123.0,0.0,0.0,0.0,0.0,0.0,10.130654239134303,10.911365991872122,582.6544682282731
45.0,10.0,464.0,24.0,32.0,156.0,429.0,18.0,9.034809804114987,6.007150625397966,3401.591305098011
68.0,3.0,244.0,0.0,0.0,0.0,0.0,0.0,6.079663538949339,8.047202472077442,154.40085976238572
9.0,8.0,267.0,0.0,0.0,0.0,0.0,0.0,17.8708274281562,13.938062892258143,33.85448965358578
69.0,3.0,215.0,0.0,0.0,0.0,0.0,0.0,7.051932741912975,7.065666654487983,238.2977963191268
83.0,11.0,468.0,24.0,28.0,150.0,439.0,19.0,9.129968908773446,6.059119011912919,4108.350190277079
93.0,1.0,440.0,0.0,0.0,4.0,16.0,0.0,6.013148895206174,14.0873794000175,1103.300173989161
27.0,2.0,833.0,0.0,0.0,0.0,0.0,0.0,22.09964239354569,19.102947874014628,21.85741231506924
17.0,3.0,250.0,0.0,0.0,0.0,28.0,0.0,2.1184375112987124,7.829893539024892,804.3735718783059
74.0,8.0,526.0,0.0,0.0,0.0,0.0,0.0,13.011085311366088,3.0176999726388813,388.4182058894628
60.0,3.0,293.0,0.0,0.0,0.0,0.0,0.0,12.113817233500168,10.013621549663878,704.8004132741894
29.0,10.0,43.0,0.0,0.0,0.0,0.0,0.0,19.0333968936186,9.172041149972967,580.5494391878619
82.0,8.0,494.0,0.0,0.0,0.0,0.0,0.0,16.996718589070056,5.873245580977303,62.40277970407998
71.0,9.0,366.0,0.0,4.0,8.0,108.0,1.0,13.943953071908515,10.001465139874425,1202.8033774973617
11.0,5.0,480.0,8.0,40.0,130.0,427.0,18.0,5.90986241550332,5.9158366135263325,1443.4991546395402
32.0,6.0,568.0,0.0,0.0,0.0,0.0,0.0,18.97903723216888,8.062515480587326,154.2439855334812
17.0,3.0,99.0,0.0,0.0,0.0,0.0,0.0,1.7685319643198192,12.01373227071426,215.8225405035312
70.0,3.0,92.0,0.0,0.0,0.0,0.0,0.0,6.220720524142602,12.965104359906505,167.03232267813635
25.0,8.0,530.0,0.0,0.0,0.0,0.0,0.0,17.893943144846137,7.009702484049304,855.0452398015292
25.0,8.0,521.0,0.0,0.0,0.0,0.0,0.0,14.853076659139475,5.099347372968413,966.3860520858368
57.0,3.0,129.0,0.0,0.0,0.0,0.0,0.0,12.955833294333562,11.073942076279554,277.6111638353091
86.0,10.0,456.0,4.0,28.0,44.0,404.0,41.0,6.834770618389387,5.148242211156474,2263.7378703300164
9.0,8.0,288.0,0.0,0.0,0.0,0.0,0.0,13.938031183262645,11.047988821091757,103.13667988964758
30.0,9.0,348.0,8.0,16.0,54.0,406.0,9.0,11.914883064226014,8.043343283857183,1301.6740107329972
27.0,2.0,836.0,0.0,0.0,0.0,0.0,0.0,22.09165709320289,17.997437889648833,35.4756516288072
74.0,8.0,512.0,0.0,0.0,0.0,0.0,0.0,17.07015645021394,6.018102266639738,89.85708731778169
59.0,6.0,63.0,0.0,0.0,0.0,0.0,0.0,22.985888550218167,11.892122807175134,107.96869118926772
81.0,0.0,473.0,32.0,118.0,222.0,233.0,14.0,5.868474251346188,9.024453957566289,5665.812020925351
64.0,6.0,14.0,0.0,0.0,0.0,0.0,0.0,20.122522869967074,11.992506676820645,547.4229227316946
93.0,1.0,430.0,0.0,0.0,0.0,4.0,0.0,8.010743929983182,14.94282828746751,959.8442293485848
58.0,6.0,50.0,0.0,0.0,0.0,0.0,0.0,25.05899017019732,13.762003748103714,169.6822816823433
27.0,2.0,398.0,0.0,0.0,0.0,12.0,1.0,17.31581607056148,14.045467346828271,146.55818017734
5.0,0.0,449.0,83.0,257.0,213.0,80.0,44.0,8.175782358047659,7.82473059457065,4650.098303631784
84.0,11.0,446.0,16.0,132.0,292.0,221.0,35.0,8.218118687031707,6.842260049604322,3390.548376644532
78.0,5.0,478.0,0.0,36.0,40.0,375.0,11.0,4.795447249763406,7.085591647606569,3309.1446827727677
26.0,8.0,641.0,0.0,0.0,0.0,0.0,0.0,14.028900526818845,6.963418566641138,913.1882672497268
28.0,1.0,782.0,0.0,0.0,0.0,0.0,0.0,9.838923610252474,20.090446219396192,164.12154603717437
34.0,10.0,723.0,0.0,0.0,0.0,4.0,0.0,14.249198740769524,2.946912379151688,1502.5917410857585
56.0,4.0,463.0,162.0,208.0,132.0,100.0,45.0,9.20180520718132,8.844476635046352,8548.955170609615
11.0,5.0,481.0,4.0,24.0,100.0,481.0,26.0,6.199202449823403,6.037884317498126,1603.8060343744196
43.0,8.0,684.0,0.0,0.0,0.0,0.0,0.0,20.079165903185984,10.0652777034371,86.62154775795175
67.0,1.0,783.0,0.0,0.0,0.0,0.0,0.0,9.98667171656049,19.943299714568838,72.882854905338
8.0,11.0,446.0,20.0,110.0,295.0,232.0,35.0,8.077232760154287,6.023171687924736,2834.295015005792
82.0,8.0,522.0,0.0,0.0,0.0,0.0,0.0,15.010513929355174,4.023938680004376,343.71655714950333
2.0,11.0,467.0,8.0,16.0,48.0,316.0,37.0,11.113695946194207,5.081832501592095,4008.898250608438
16.0,1.0,419.0,0.0,4.0,64.0,416.0,5.0,6.926572328637659,12.028163470229645,2121.319760818724
28.0,1.0,777.0,0.0,0.0,0.0,4.0,0.0,7.128991543726132,16.10151234855628,272.2674459104651
15.0,8.0,652.0,0.0,0.0,0.0,0.0,0.0,10.844732764220844,2.032165708939089,1247.5972644884264
22.0,2.0,317.0,76.0,202.0,187.0,140.0,10.0,9.994116680989974,10.046509106035527,3334.765008145013
9.0,8.0,266.0,0.0,0.0,0.0,0.0,0.0,14.91477463100968,11.1291470140773,103.09694281599778
92.0,0.0,472.0,16.0,64.0,135.0,370.0,16.0,6.032643516361463,8.040518239080896,5156.834522285991
17.0,3.0,173.0,0.0,0.0,0.0,8.0,1.0,1.708984020996963,8.1031322158112,493.9366997558968
45.0,10.0,724.0,0.0,0.0,4.0,4.0,0.0,12.922885214533116,2.042138845541452,2778.7240924701464
15.0,8.0,679.0,0.0,0.0,0.0,0.0,0.0,10.25023303763516,3.848573457088373,847.9653176845065
11.0,5.0,478.0,0.0,16.0,36.0,272.0,9.0,4.740079470971365,6.153236131144933,2156.7732441875296
82.0,8.0,496.0,0.0,0.0,0.0,0.0,0.0,15.83472821654779,4.971302488741186,215.02110986423355
4.0,0.0,473.0,24.0,96.0,208.0,261.0,11.0,6.08073866247245,8.914033495878638,7616.514771512247
26.0,8.0,670.0,0.0,0.0,0.0,0.0,0.0,13.003975953522836,7.969719723670415,319.5880062994001
17.0,3.0,93.0,0.0,0.0,0.0,0.0,0.0,2.1524053009641597,10.114951587288257,270.1608227411695
82.0,8.0,526.0,0.0,0.0,0.0,0.0,0.0,14.154933943649018,3.0747110814730427,257.68881142325563
86.0,10.0,725.0,0.0,0.0,8.0,40.0,7.0,8.08113056179118,1.9839814415735284,4129.93921185937
45.0,10.0,717.0,0.0,4.0,12.0,60.0,19.0,12.135833890927266,3.935573972207016,2644.0068395945104
67.0,1.0,780.0,0.0,0.0,0.0,0.0,0.0,9.932519092109183,19.97097324645437,47.38866133610079
74.0,8.0,537.0,0.0,0.0,0.0,0.0,0.0,16.017218351820823,4.9184346878660845,127.74234288749372
27.0,2.0,839.0,0.0,0.0,0.0,0.0,0.0,24.965179255989774,22.990923088298903,72.6963682143338
24.0,8.0,729.0,0.0,0.0,0.0,24.0,1.0,8.052604863172112,2.037809934275619,1780.1454083592123
21.0,9.0,338.0,0.0,0.0,0.0,28.0,1.0,16.153481469718532,9.92706372507079,1602.0451193594454
17.0,3.0,173.0,0.0,0.0,0.0,0.0,1.0,2.118361228797895,7.972285657871529,334.9987449824062
9.0,8.0,265.0,0.0,0.0,0.0,0.0,0.0,15.993277598970089,12.93218127312834,151.73140889421043
33.0,3.0,124.0,0.0,0.0,0.0,0.0,0.0,10.094013203230729,11.030996753603985,291.6367890278249
30.0,9.0,366.0,4.0,8.0,24.0,255.0,5.0,13.77834400164096,10.11389507453078,1559.797728445801
31.0,3.0,125.0,0.0,0.0,0.0,0.0,0.0,8.009448171401091,9.996192505255117,145.0966745560461
58.0,6.0,21.0,0.0,0.0,0.0,0.0,0.0,21.83033301822505,11.925449231993058,132.48156111270646
62.0,3.0,80.0,0.0,0.0,0.0,0.0,0.0,5.106089616157932,11.91092670125287,180.2172461124021
45.0,10.0,357.0,4.0,12.0,48.0,171.0,42.0,11.029918884790948,4.867944024758506,3829.250284003328
24.0,8.0,702.0,0.0,0.0,4.0,8.0,3.0,10.98275154942318,0.0,2203.420944054531
15.0,8.0,729.0,0.0,0.0,0.0,20.0,0.0,8.841296607651072,0.975863503364428,2003.3041528521787
17.0,3.0,96.0,0.0,0.0,0.0,0.0,0.0,1.9910581500609184,9.104181492631858,230.92965064801825
44.0,8.0,632.0,0.0,0.0,0.0,0.0,1.0,12.141749438919,4.9213522928431095,498.6230950232529
29.0,10.0,345.0,0.0,0.0,0.0,4.0,0.0,17.11170521256598,8.944209410728833,1322.2803247450363
25.0,8.0,692.0,0.0,0.0,0.0,0.0,0.0,15.931152962381608,8.155185657922237,761.4119354473926
24.0,8.0,704.0,0.0,0.0,0.0,4.0,0.0,12.875598046645734,1.9463372904735163,611.706778901616
24.0,8.0,699.0,0.0,4.0,0.0,28.0,6.0,12.186464166160317,2.062035583465556,2065.2641243963576
65.0,1.0,441.0,0.0,4.0,0.0,84.0,0.0,4.999691254804483,12.096709753512494,826.792566215822
25.0,8.0,527.0,0.0,0.0,0.0,0.0,0.0,15.993119727394529,6.88409423499367,546.7247690278397
23.0,3.0,248.0,0.0,0.0,24.0,128.0,6.0,4.031160302055093,7.040019569295322,2213.9146122801158
74.0,8.0,708.0,0.0,0.0,0.0,4.0,1.0,11.976650992467796,1.0540222418724283,637.6035768245531
29.0,10.0,333.0,0.0,0.0,0.0,0.0,0.0,16.869432376009083,10.096987012793647,887.3263820924094
77.0,4.0,317.0,107.0,187.0,144.0,116.0,13.0,9.01258637089636,10.006561569034512,3279.0211050576245
2.0,11.0,470.0,12.0,103.0,233.0,301.0,34.0,9.189619508605938,5.982705418414625,3146.1706694156023
57.0,3.0,660.0,0.0,0.0,0.0,0.0,0.0,10.050176774728918,6.018834078252154,207.7066130243589
64.0,6.0,43.0,0.0,0.0,0.0,0.0,0.0,18.896725319103343,10.082025162195126,665.7188220065395
37.0,1.0,417.0,0.0,0.0,12.0,283.0,1.0,7.045176518687334,12.729597283844466,1694.729188303858
9.0,8.0,268.0,0.0,0.0,0.0,0.0,0.0,18.076948920508407,12.980160335983474,94.12515903771916
72.0,3.0,120.0,0.0,0.0,0.0,0.0,0.0,10.164027357286315,10.028498707085488,601.730088008619
37.0,1.0,423.0,0.0,0.0,40.0,347.0,4.0,5.975430924624569,11.927398728014772,1704.7605024794182
68.0,3.0,233.0,0.0,0.0,0.0,0.0,0.0,3.9427925832751938,7.981191610536324,194.4795535626729
68.0,3.0,235.0,0.0,0.0,0.0,0.0,1.0,2.9109982545921715,7.077163601138612,910.121637544831
48.0,0.0,187.0,0.0,16.0,36.0,226.0,5.0,3.706259863176273,9.078967780706924,3197.9942176792547
77.0,4.0,458.0,12.0,66.0,217.0,334.0,23.0,9.996388628136543,6.869757888583036,3030.2186489880323
45.0,10.0,465.0,4.0,20.0,48.0,325.0,25.0,9.91294543618042,4.974917282204538,2965.2641003511776
57.0,3.0,129.0,0.0,0.0,0.0,0.0,0.0,12.05420879753317,11.009919378091276,69.94354545411363
68.0,3.0,243.0,0.0,0.0,0.0,0.0,0.0,4.906626932430288,9.031759083401369,203.71016872711044
12.0,5.0,185.0,0.0,0.0,28.0,136.0,2.0,2.9241148952145317,8.81589051932058,3193.098974514316
76.0,3.0,160.0,0.0,0.0,0.0,0.0,0.0,6.137150268999193,8.963637588004042,102.85619197587909
7.0,4.0,485.0,100.0,301.0,112.0,108.0,11.0,7.886054078006477,9.94128221394414,4314.802802643465
28.0,1.0,751.0,0.0,0.0,0.0,0.0,0.0,12.040616909658445,21.899235677430056,329.5881484857082
9.0,8.0,272.0,0.0,0.0,0.0,0.0,0.0,14.19352956598384,7.78853624886003,127.4457770135754
78.0,5.0,481.0,8.0,24.0,100.0,473.0,23.0,6.011397560886531,5.968524648652471,2625.818174749634
61.0,1.0,799.0,0.0,0.0,0.0,0.0,0.0,11.02360940168852,18.016804556350515,228.94024642980403
69.0,3.0,160.0,0.0,0.0,0.0,0.0,0.0,6.055364635559498,9.03747587670964,191.0806513363384
45.0,10.0,579.0,0.0,0.0,0.0,12.0,0.0,15.076284423291378,4.849293781707908,2269.497044836972
82.0,8.0,510.0,0.0,0.0,0.0,0.0,0.0,17.14092715971882,6.116007297216775,307.59794310570334
16.0,1.0,424.0,0.0,44.0,77.0,410.0,5.0,6.0829903874118285,10.989683776315712,2009.7434737325148
23.0,3.0,233.0,0.0,0.0,0.0,0.0,0.0,3.786425782101401,7.869471861804221,507.2880599643093
17.0,3.0,116.0,0.0,0.0,0.0,0.0,0.0,1.9333065710441504,12.182100758660471,140.71078841327855
15.0,8.0,207.0,0.0,0.0,0.0,8.0,0.0,5.950734515106717,4.10772105761674,1363.4002694694552
15.0,8.0,729.0,0.0,0.0,4.0,24.0,2.0,8.045706848264086,2.1488522202574147,1903.239075882088
0.0,2.0,73.0,0.0,0.0,0.0,0.0,0.0,26.162373814902654,21.212436613299843,294.4713788225297
93.0,1.0,416.0,0.0,0.0,0.0,12.0,0.0,8.061699894688635,14.962639715595332,990.3707211310544
78.0,5.0,450.0,0.0,8.0,40.0,206.0,42.0,7.868368630798857,3.935125820742043,2999.712840615057
17.0,3.0,99.0,0.0,0.0,0.0,0.0,0.0,1.8339705690252084,11.958003731765633,217.5217722134428
74.0,8.0,526.0,0.0,0.0,0.0,0.0,0.0,14.02834682870926,2.8709850034811324,204.2056600107566
18.0,4.0,491.0,69.0,305.0,131.0,112.0,12.0,7.940988779079778,9.9227481719027,5190.9169493023
9.0,8.0,276.0,0.0,0.0,0.0,0.0,0.0,14.172757916202514,8.930551636449586,166.57896884138947
74.0,8.0,722.0,0.0,0.0,0.0,4.0,0.0,13.160441704063956,1.8851153056314425,462.9662614956059
15.0,8.0,678.0,0.0,0.0,0.0,0.0,1.0,9.036397467359878,4.0920187344701855,1007.4487253255865
73.0,6.0,20.0,0.0,0.0,0.0,0.0,0.0,22.82775560696009,13.099279155488023,186.1391605673007
81.0,0.0,473.0,36.0,145.0,281.0,135.0,10.0,7.067447068250234,9.088558721350712,3173.654342833881
35.0,7.0,462.0,51.0,257.0,225.0,124.0,23.0,8.947794247840333,8.009893172056925,2455.4309026077053
43.0,8.0,543.0,0.0,0.0,0.0,0.0,0.0,22.852111548783466,12.028213717623364,78.3230222302666
68.0,3.0,204.0,0.0,0.0,0.0,0.0,0.0,5.981622050716803,5.069052867162522,396.79205067241975
21.0,9.0,332.0,0.0,0.0,0.0,8.0,1.0,17.00544586540926,9.916906311902602,1632.4983303307902
25.0,8.0,683.0,0.0,0.0,0.0,0.0,0.0,18.17224810143944,8.009337369749405,91.95106105136227
45.0,10.0,330.0,0.0,0.0,0.0,20.0,1.0,13.976799380597113,5.101699805536537,3025.941851584086
29.0,10.0,590.0,0.0,0.0,0.0,0.0,0.0,18.119841855171632,9.104376204298813,362.5931316202957
64.0,6.0,13.0,0.0,0.0,0.0,0.0,0.0,21.744146549539234,14.119951881942397,252.27127764519005
86.0,10.0,725.0,0.0,8.0,0.0,44.0,3.0,8.867061224708767,1.959840902522353,1744.747739739212
59.0,6.0,598.0,0.0,0.0,0.0,0.0,0.0,21.83492859575748,11.102541936368926,129.27277428539506
79.0,9.0,337.0,0.0,0.0,0.0,36.0,1.0,15.9784299354557,8.91810539726454,970.3721602564116
59.0,6.0,629.0,0.0,0.0,0.0,0.0,0.0,22.85485483706397,11.96724446098659,133.17082314091584
74.0,8.0,719.0,0.0,0.0,0.0,4.0,0.0,14.805815266630434,4.005548464629781,483.8074631097901
7.0,4.0,486.0,88.0,299.0,154.0,84.0,32.0,6.951403363625342,8.019370587991004,3759.447500237429
45.0,10.0,711.0,0.0,0.0,8.0,36.0,5.0,12.998099530439331,4.031324315848805,3347.2047325072635
62.0,3.0,256.0,0.0,0.0,0.0,0.0,0.0,4.936770902528621,14.878950261305818,99.90220552128255
45.0,10.0,355.0,4.0,4.0,24.0,107.0,28.0,12.071488374802769,5.935116602711749,3016.333371445249
44.0,8.0,669.0,0.0,0.0,0.0,0.0,0.0,11.934724721351897,6.918467564520212,313.97623653897256
45.0,10.0,323.0,0.0,4.0,0.0,40.0,0.0,14.183657181032972,6.852564359269441,3047.5865012577096
63.0,2.0,404.0,0.0,0.0,0.0,4.0,1.0,17.947343573984778,13.057893714841551,1385.4461164100958
7.0,4.0,485.0,144.0,287.0,82.0,88.0,16.0,7.850209021964115,9.071043470885968,3445.7477303276723
33.0,3.0,293.0,0.0,0.0,0.0,0.0,0.0,13.071133746611563,10.071787666932812,182.9087629718319
24.0,8.0,648.0,0.0,0.0,0.0,4.0,1.0,12.000331780165869,2.017348362957963,938.9902461528094
67.0,1.0,746.0,0.0,0.0,0.0,0.0,0.0,11.830946806825745,22.0303296337217,42.84822061929303
9.0,8.0,690.0,0.0,0.0,0.0,0.0,0.0,17.03312467944425,10.969292514312466,88.89850174990582
25.0,8.0,681.0,0.0,0.0,0.0,0.0,0.0,18.979612535735072,9.139970271356445,877.0885507197003
57.0,3.0,660.0,0.0,0.0,0.0,0.0,0.0,10.184950824510167,6.035951590210147,425.5319720057637
11.0,5.0,475.0,4.0,28.0,84.0,381.0,12.0,5.103874042872871,8.943578138204574,2330.663205961808
9.0,8.0,264.0,0.0,0.0,0.0,0.0,0.0,16.097891815311964,11.956168064895753,153.90576472868378
76.0,3.0,102.0,0.0,0.0,0.0,0.0,0.0,3.121829351752897,10.02485089450882,210.7898829001456
5.0,0.0,490.0,44.0,173.0,270.0,114.0,14.0,6.666229589273644,9.04790979090478,4331.373746463664
33.0,3.0,130.0,0.0,0.0,0.0,0.0,0.0,11.99786035199928,11.884180956399168,205.19618508806303
91.0,0.0,476.0,8.0,20.0,60.0,365.0,9.0,3.826251947712992,7.982956848069462,5350.054175302261
18.0,4.0,485.0,93.0,311.0,113.0,84.0,13.0,8.091305418487744,9.034858660320586,4027.458681669551
15.0,8.0,679.0,0.0,0.0,0.0,0.0,0.0,9.918058042649289,3.9832876886215214,785.3215518502603
0.0,2.0,816.0,0.0,0.0,0.0,0.0,0.0,23.92588974603249,21.073806242769773,318.1602496002404
25.0,8.0,694.0,0.0,0.0,0.0,0.0,0.0,16.92515196990533,7.965204806424892,853.5742669367439
94.0,7.0,462.0,38.0,184.0,299.0,136.0,20.0,9.947686390461271,6.987143206663453,4481.993726111677
15.0,8.0,677.0,0.0,0.0,0.0,0.0,0.0,9.92754208300899,3.0315254918517147,1176.750516885973
74.0,8.0,510.0,0.0,0.0,0.0,0.0,0.0,16.975726580685574,5.981977238059013,340.5717999842115
25.0,8.0,505.0,0.0,0.0,0.0,0.0,0.0,17.788910495117253,7.869992741269993,206.58893588809204
45.0,10.0,331.0,0.0,4.0,0.0,52.0,1.0,14.10054322564708,6.039629918976592,2622.417423770056
26.0,8.0,650.0,0.0,0.0,0.0,0.0,0.0,10.95195963749649,2.8046749545392253,1051.2714220536957
88.0,9.0,299.0,8.0,24.0,64.0,401.0,4.0,12.04364334337579,9.028158185322942,1758.9990605739677
47.0,11.0,445.0,29.0,240.0,280.0,72.0,34.0,7.897484867966313,7.072083700376182,2501.5972889879727
60.0,3.0,672.0,0.0,0.0,0.0,0.0,0.0,13.105033486179355,8.761037512903988,545.3141074059183
29.0,10.0,579.0,0.0,0.0,0.0,16.0,1.0,14.159796208028594,4.773021024583184,1369.6791491382812
15.0,8.0,207.0,0.0,0.0,0.0,8.0,0.0,5.9856687864578975,4.826709927597187,1601.2708901857968
70.0,3.0,88.0,0.0,0.0,0.0,0.0,0.0,5.962945523927685,12.090269594240093,87.62246208410735
66.0,2.0,377.0,0.0,0.0,0.0,0.0,0.0,19.975733166497648,13.092490598950388,369.925085105578
28.0,1.0,752.0,0.0,0.0,0.0,0.0,0.0,7.900213360710296,16.937225468199458,314.67886824520167
29.0,10.0,579.0,0.0,0.0,0.0,12.0,0.0,14.96818574189491,5.037713580092411,1285.6936150720571
69.0,3.0,125.0,0.0,0.0,0.0,0.0,0.0,8.066963786647882,11.02504691695781,97.25336048949542
76.0,3.0,103.0,0.0,0.0,0.0,0.0,0.0,4.022748943277019,9.131676512535222,295.6078480943046
9.0,8.0,644.0,0.0,0.0,0.0,0.0,0.0,14.053964180164272,7.975059335341951,143.94782120116756
69.0,3.0,666.0,0.0,0.0,0.0,0.0,0.0,7.962750824646132,5.898312780886252,306.77577718906525
15.0,8.0,675.0,0.0,0.0,0.0,0.0,0.0,10.050954844361996,2.7845686485904784,1668.2615257594373
67.0,1.0,763.0,0.0,0.0,0.0,0.0,0.0,6.094783137447653,17.069107311696545,116.03448627664912
72.0,3.0,244.0,0.0,0.0,0.0,0.0,0.0,5.916649376190664,9.048529664124956,316.1926847867311
37.0,1.0,200.0,0.0,4.0,0.0,44.0,0.0,3.9685808462440177,12.046196452160496,2210.373715412565
28.0,1.0,755.0,0.0,0.0,0.0,0.0,0.0,8.037329447900825,16.773268867520922,256.6040694205797
59.0,6.0,595.0,0.0,0.0,0.0,0.0,0.0,24.30530189825597,13.070293426835908,134.0186883057506
27.0,2.0,836.0,0.0,0.0,0.0,0.0,0.0,22.24490184744019,17.910428994723738,27.517126018024012
59.0,6.0,516.0,0.0,0.0,0.0,0.0,0.0,21.118750693955988,10.062856061451718,215.26465893693947
24.0,8.0,722.0,0.0,0.0,0.0,8.0,0.0,12.979480721326423,2.001295222442773,2149.9932894942835
29.0,10.0,591.0,0.0,0.0,0.0,4.0,0.0,16.07282287119023,6.939664441715574,957.6936792496884
83.0,11.0,446.0,16.0,149.0,291.0,205.0,35.0,8.098353800999966,6.9736201285601975,2308.96441073714
32.0,6.0,577.0,0.0,0.0,0.0,16.0,1.0,13.75530591970688,4.01387971661992,1113.8330561428725
69.0,3.0,133.0,0.0,0.0,0.0,0.0,0.0,8.138596472976024,8.083096779039467,248.93854928434965
64.0,6.0,13.0,0.0,0.0,0.0,0.0,0.0,22.249280507801387,12.951920903034765,733.5022308106368
11.0,5.0,187.0,0.0,12.0,24.0,180.0,2.0,3.152056722482949,9.098421999767456,571.0395121507689
33.0,3.0,124.0,0.0,0.0,0.0,0.0,0.0,10.961410286770992,10.984397954630367,120.02641093583648
86.0,10.0,743.0,0.0,0.0,12.0,56.0,12.0,10.254260261460104,2.1052087101384327,3047.5592678695343
50.0,11.0,462.0,36.0,210.0,283.0,128.0,33.0,9.021887449896653,7.129579040221356,2434.947310374873
8.0,11.0,444.0,12.0,48.0,127.0,454.0,35.0,7.79696884386693,5.956549140696303,4681.51103498783
28.0,1.0,773.0,0.0,0.0,0.0,4.0,0.0,7.119231475184492,16.154652954342815,693.212952053153
22.0,2.0,314.0,0.0,32.0,227.0,302.0,7.0,11.025364394478572,11.060874643611736,2646.9240113563224
27.0,2.0,409.0,0.0,0.0,0.0,0.0,0.0,20.14321765371553,16.067177792442582,67.14883264159853
17.0,3.0,98.0,0.0,0.0,0.0,0.0,0.0,2.723084493950434,12.07141271598331,370.6895697604872
75.0,8.0,616.0,0.0,0.0,0.0,0.0,0.0,19.908217169859928,8.804046945849471,46.761970197121656
44.0,8.0,638.0,0.0,0.0,0.0,0.0,1.0,10.870832836169397,5.076917747309072,444.8464439028778
69.0,3.0,125.0,0.0,0.0,0.0,0.0,0.0,8.022047401859684,11.042365180635352,96.06973311566402
21.0,9.0,324.0,0.0,4.0,8.0,95.0,4.0,13.96305730265767,8.108532163029606,1247.0904101825242
8.0,11.0,456.0,4.0,28.0,96.0,481.0,47.0,6.937650934352751,5.994957502020244,2335.899342250438
27.0,2.0,413.0,0.0,0.0,0.0,0.0,0.0,19.07382091906737,14.918381546274793,54.444621194162
73.0,6.0,15.0,0.0,0.0,0.0,0.0,0.0,19.950440190001014,11.90534069787076,313.2887965786356
45.0,10.0,351.0,16.0,24.0,69.0,452.0,32.0,11.15793893531948,6.942282486436761,2756.197375545303
59.0,6.0,509.0,0.0,0.0,0.0,0.0,0.0,18.803817765008507,8.030114300826327,22.09136353040064
69.0,3.0,137.0,0.0,0.0,0.0,0.0,0.0,7.815307858852184,9.074057971365985,366.3756368045886
88.0,9.0,303.0,16.0,100.0,272.0,217.0,29.0,11.146860856344638,8.98404054624613,1690.860922846807
26.0,8.0,645.0,0.0,0.0,0.0,0.0,0.0,13.053352262166594,7.131741204866822,1196.2963752993153
13.0,5.0,475.0,8.0,24.0,60.0,400.0,13.0,3.959860989655476,8.993382023082157,1844.1539487268165
1.0,11.0,350.0,12.0,46.0,108.0,415.0,28.0,11.037157148840237,6.865451074095918,4639.953106693854
59.0,6.0,629.0,0.0,0.0,0.0,0.0,0.0,23.07534543880278,11.926089372311411,220.00133721333364
0.0,2.0,393.0,0.0,0.0,0.0,0.0,0.0,20.906976700343293,16.08439556029944,390.3758469848627
30.0,9.0,324.0,0.0,4.0,16.0,101.0,4.0,13.828429538264407,8.076765229461818,1263.774105443539
4.0,0.0,485.0,75.0,328.0,110.0,96.0,11.0,7.826533337575502,8.918838452459719,7939.74903969932
32.0,6.0,568.0,0.0,0.0,0.0,0.0,0.0,18.92647547203885,7.969735439347413,204.37472296098255
92.0,0.0,472.0,24.0,48.0,143.0,378.0,18.0,6.1020124649261,6.920106602840211,4836.17345028452
37.0,1.0,441.0,0.0,0.0,4.0,92.0,0.0,5.000838343770733,12.986736595109315,1812.5244806032576
65.0,1.0,200.0,0.0,4.0,0.0,52.0,0.0,4.124327136210793,12.1056789319594,1131.5629667026674
29.0,10.0,42.0,0.0,0.0,0.0,0.0,0.0,18.215768303708675,9.008413581579708,570.8059358705294
9.0,8.0,263.0,0.0,0.0,0.0,0.0,0.0,15.261227297883517,11.031058234757689,92.05103188833498
9.0,8.0,262.0,0.0,0.0,0.0,0.0,0.0,15.697931832883734,12.969095567366915,117.63213723486196
25.0,8.0,647.0,0.0,0.0,0.0,0.0,1.0,13.186907634245092,3.973819161940421,1245.4973657279336
15.0,8.0,648.0,0.0,0.0,0.0,4.0,0.0,11.756723875781546,1.9488581797085565,1157.0565212479278
74.0,8.0,707.0,0.0,0.0,0.0,4.0,0.0,13.02527049253438,1.9868032135463845,519.1259722437687
11.0,5.0,188.0,0.0,12.0,36.0,238.0,11.0,4.001107859045017,8.130381731797883,878.7925870916667
0.0,2.0,74.0,0.0,0.0,0.0,0.0,0.0,27.093142010230803,22.02900831182057,446.2416143291466
28.0,1.0,802.0,0.0,0.0,0.0,0.0,0.0,10.169626196527204,17.953001363654746,149.92973122585423
15.0,8.0,651.0,0.0,0.0,0.0,0.0,1.0,12.82780022113727,4.169922647830042,654.0957074538344
86.0,10.0,452.0,0.0,44.0,99.0,478.0,44.0,7.965624082344196,5.086620965004745,1116.2014004400269
72.0,3.0,244.0,0.0,0.0,0.0,0.0,0.0,5.992643889752974,8.033501284343242,511.26917851609824
43.0,8.0,502.0,0.0,0.0,0.0,0.0,0.0,20.015064087036727,8.996085669829938,75.59397311184031
83.0,11.0,456.0,4.0,32.0,96.0,477.0,52.0,7.02160901078477,6.0648435698782,2928.382657629165
29.0,10.0,337.0,0.0,0.0,0.0,16.0,1.0,15.80296870444026,8.892317664066681,1273.8851964986702
21.0,9.0,361.0,0.0,0.0,4.0,72.0,3.0,15.087502263200673,9.029641781243706,1409.0604917024518
28.0,1.0,801.0,0.0,0.0,0.0,0.0,1.0,11.049737370624928,18.98802531612019,469.6852658963401
57.0,3.0,665.0,0.0,0.0,0.0,0.0,0.0,10.8286536681812,6.961782573982601,332.2781218345898
86.0,10.0,465.0,4.0,8.0,44.0,209.0,34.0,9.836717923128164,3.9404279613382536,2717.9877301540537
60.0,3.0,291.0,0.0,0.0,0.0,0.0,0.0,12.898119640491334,11.106783644962206,1568.678407222503
28.0,1.0,757.0,0.0,0.0,0.0,0.0,0.0,7.037674206842363,17.058084496228936,216.2721917990706
44.0,8.0,668.0,0.0,0.0,0.0,0.0,0.0,12.997483197161028,8.110549027356853,218.0510388529893
12.0,5.0,168.0,0.0,4.0,0.0,68.0,1.0,2.051317026420437,10.148690342649497,1988.2720964362632
25.0,8.0,686.0,0.0,0.0,0.0,0.0,0.0,18.964858696149225,9.958863954424451,908.0505405432796
63.0,2.0,376.0,0.0,0.0,0.0,0.0,0.0,19.032965505488672,12.915151763306827,1588.5342614344231
12.0,5.0,165.0,0.0,4.0,0.0,12.0,0.0,1.927982443762748,11.950597346417227,2408.490898752105
10.0,0.0,473.0,16.0,96.0,128.0,349.0,10.0,6.022495616756119,9.069098548968768,2525.498671070989
28.0,1.0,768.0,0.0,0.0,0.0,0.0,1.0,10.126016618501149,17.98212417338511,82.04430350503868
34.0,10.0,577.0,0.0,0.0,0.0,8.0,0.0,14.925652856202625,3.963083381465474,1338.402104201897
29.0,10.0,579.0,0.0,0.0,0.0,16.0,1.0,13.93935607254769,5.028424839198692,1503.9605350960028
33.0,3.0,129.0,0.0,0.0,0.0,0.0,0.0,12.07206524318316,10.86117821593559,220.5176614294356
32.0,6.0,574.0,0.0,0.0,0.0,0.0,0.0,16.102807127370998,6.084220645526015,997.348711089081
43.0,8.0,516.0,0.0,0.0,0.0,0.0,0.0,19.884690714565632,8.998189214728677,85.06292634403303
73.0,6.0,1.0,0.0,0.0,0.0,0.0,0.0,27.0836645045613,17.942774797932866,49.87321886952474
45.0,10.0,353.0,0.0,16.0,12.0,102.0,26.0,11.876094124509471,4.932534580517453,2919.991572656768
73.0,6.0,1.0,0.0,0.0,0.0,0.0,0.0,27.01416176368916,17.850767827661468,114.04892537436174
0.0,2.0,822.0,0.0,0.0,0.0,0.0,0.0,23.89093996064496,19.86656904231539,585.0777473417963
43.0,8.0,541.0,0.0,0.0,0.0,0.0,0.0,23.006849683178704,12.902189573888046,137.76627817000391
71.0,9.0,349.0,0.0,12.0,24.0,147.0,5.0,12.919318024956228,7.929661213980235,1516.171706978669
60.0,3.0,292.0,0.0,0.0,0.0,0.0,0.0,13.837402262966654,11.079243296835347,523.909394877757
88.0,9.0,459.0,24.0,129.0,278.0,178.0,29.0,11.039758910595197,9.07105186503057,524.2010270052238
74.0,8.0,707.0,0.0,0.0,0.0,4.0,0.0,13.790963164594404,1.9103036087007297,347.97022751287085
9.0,8.0,261.0,0.0,0.0,0.0,0.0,0.0,16.0603057029689,12.012236718982653,44.61167025151169
8.0,11.0,446.0,35.0,168.0,318.0,132.0,32.0,7.94494101829396,7.117370884625581,2793.513896641532
29.0,10.0,42.0,0.0,0.0,0.0,0.0,0.0,17.922035055448486,10.214454810741673,583.580037943922
32.0,6.0,563.0,0.0,0.0,0.0,0.0,0.0,16.939275783483662,6.894170350851795,151.92790667315725
32.0,6.0,559.0,0.0,0.0,0.0,0.0,0.0,17.790178562079213,6.824807869126407,614.6132384113091
61.0,1.0,769.0,0.0,0.0,0.0,0.0,1.0,8.870958382993127,16.937499623659416,293.6473703068808
23.0,3.0,222.0,0.0,0.0,0.0,64.0,5.0,4.924561166510449,4.94916755183063,1819.423937795134
76.0,3.0,88.0,0.0,0.0,0.0,0.0,0.0,6.076187478863176,10.986243794245423,112.62422578018784
2.0,11.0,458.0,17.0,137.0,280.0,211.0,22.0,9.94302377684714,6.993570579465594,2552.35670880164
45.0,10.0,713.0,0.0,0.0,4.0,32.0,1.0,13.105762096224012,4.841361386372907,3834.403986726748
67.0,1.0,759.0,0.0,0.0,0.0,4.0,0.0,6.0691850979151925,15.916026688007529,271.81779103865466
9.0,8.0,277.0,0.0,0.0,0.0,0.0,0.0,18.08196918446224,11.979243838093636,116.84167082441502
12.0,5.0,190.0,0.0,4.0,16.0,140.0,2.0,2.92608511722689,9.948094725427998,2157.2142519460845
59.0,6.0,598.0,0.0,0.0,0.0,0.0,0.0,21.92702808968589,11.082120741388357,46.00383365162124
93.0,1.0,776.0,0.0,0.0,0.0,4.0,0.0,6.88852611440244,13.893591096061328,1020.2537818340548
75.0,8.0,499.0,0.0,0.0,0.0,0.0,0.0,19.168436754184068,9.076436703298263,59.66433857310273
43.0,8.0,554.0,0.0,0.0,0.0,0.0,0.0,21.026920780689444,10.033491300305151,74.18482847923373
79.0,9.0,35.0,0.0,0.0,0.0,0.0,0.0,20.02062140700403,11.970423917040987,585.9241331490468
91.0,0.0,476.0,12.0,28.0,80.0,399.0,10.0,4.8442717649711975,8.104907931324522,4855.257162228707
66.0,2.0,32.0,0.0,0.0,0.0,0.0,0.0,18.112898636928804,11.003697386687683,203.2729378402782
17.0,3.0,238.0,0.0,0.0,0.0,0.0,1.0,1.8450554167901605,8.85326254928118,425.6195111699656
80.0,3.0,147.0,0.0,0.0,0.0,0.0,0.0,9.010037132985223,12.044365546851118,70.3033614038962
80.0,3.0,153.0,0.0,0.0,0.0,0.0,0.0,7.978457478369985,12.022797133599145,159.17592673720114
34.0,10.0,577.0,0.0,0.0,0.0,12.0,0.0,13.953170551175178,4.009685653506105,1603.9876353792142
60.0,3.0,291.0,0.0,0.0,0.0,0.0,0.0,13.893362751329088,10.864079196098947,684.4382340025737
76.0,3.0,160.0,0.0,0.0,0.0,0.0,0.0,6.201125081980106,8.925214316271836,249.34624537569067
45.0,10.0,712.0,0.0,0.0,0.0,16.0,1.0,12.913167991460616,3.038241812300428,3076.4554542847795
59.0,6.0,615.0,0.0,0.0,0.0,0.0,0.0,20.925441612624983,9.954029408929689,125.84277716098195
26.0,8.0,639.0,0.0,0.0,0.0,0.0,0.0,14.496948423706431,7.037547578090006,220.3252943195024
28.0,1.0,801.0,0.0,0.0,0.0,0.0,0.0,10.949961766551931,18.059237985988062,157.02470573048456
9.0,8.0,263.0,0.0,0.0,0.0,0.0,0.0,15.998489126153812,11.127875804401146,66.78825689306773
13.0,5.0,475.0,0.0,24.0,48.0,312.0,8.0,4.190776789139031,9.04017780294738,1747.3562499506804
37.0,1.0,425.0,0.0,0.0,12.0,271.0,1.0,6.877627317119311,13.037839408249216,2548.9019912512726
68.0,3.0,242.0,0.0,0.0,0.0,0.0,0.0,5.94864876033746,7.15188491782354,181.6894207409305
0.0,2.0,389.0,0.0,0.0,0.0,0.0,0.0,21.04027652026379,17.01236025109638,466.0518327481017
76.0,3.0,103.0,0.0,0.0,0.0,0.0,0.0,4.0808514365543385,9.022209466675918,301.68990320761225
70.0,3.0,89.0,0.0,0.0,0.0,0.0,0.0,5.92809713405089,11.095010383125723,107.66247992333074
72.0,3.0,125.0,0.0,0.0,0.0,0.0,0.0,8.99893147527916,9.966094084692548,149.7429335204252
81.0,0.0,475.0,4.0,28.0,96.0,394.0,12.0,5.016342115050585,8.96391915496701,3843.7443878274016
20.0,9.0,332.0,0.0,0.0,0.0,4.0,0.0,16.934600023699517,11.02193112919548,502.9408607152859
13.0,5.0,188.0,0.0,16.0,28.0,225.0,8.0,3.757289271967337,8.001890344376548,2706.184119891808
29.0,10.0,344.0,0.0,0.0,0.0,4.0,0.0,15.970662585383916,7.9658420482327,1287.9044607407864
23.0,3.0,96.0,0.0,0.0,0.0,0.0,0.0,2.129864366333001,10.051173073995486,304.537652227695
67.0,1.0,756.0,0.0,0.0,0.0,0.0,0.0,8.939346514997629,19.057414652391437,91.25925321802298
32.0,6.0,577.0,0.0,0.0,0.0,4.0,0.0,15.167122504846636,5.058266334179864,731.4087606239873
41.0,7.0,461.0,152.0,234.0,112.0,72.0,44.0,8.992030924742439,9.011740491794082,6245.225790231995
69.0,3.0,133.0,0.0,0.0,0.0,0.0,0.0,8.099158288891143,7.959658875686346,162.84785644582834
31.0,3.0,148.0,0.0,0.0,0.0,0.0,0.0,8.883748577008989,11.956990817377376,91.76764826433536
24.0,8.0,726.0,0.0,8.0,8.0,56.0,13.0,8.982640425999012,2.057011213639877,2308.918527121427
66.0,2.0,35.0,0.0,0.0,0.0,0.0,0.0,19.96345551341288,12.048685392033455,186.98760644203577
28.0,1.0,754.0,0.0,0.0,0.0,0.0,0.0,9.118576491953927,17.925641849225716,366.4205629544055
9.0,8.0,272.0,0.0,0.0,0.0,0.0,0.0,14.088128380426843,8.039920440568187,212.5254059836624
45.0,10.0,467.0,4.0,32.0,40.0,416.0,21.0,10.067355853476,4.989534276925965,3660.7604939213934
33.0,3.0,130.0,0.0,0.0,0.0,0.0,0.0,12.020432023265512,12.060720596321998,247.4035070359066
56.0,4.0,488.0,212.0,157.0,104.0,100.0,26.0,8.920459603401056,9.006794052234678,7140.720835967889
63.0,2.0,407.0,0.0,0.0,0.0,16.0,1.0,16.861833677291628,11.90659046980256,2549.9002798021065
78.0,5.0,481.0,4.0,24.0,52.0,357.0,16.0,6.021280663962603,5.147268233617925,3826.854563260099
0.0,2.0,72.0,0.0,0.0,0.0,0.0,0.0,24.10012955620831,18.949471232294258,281.65199589632647
33.0,3.0,294.0,0.0,0.0,0.0,0.0,0.0,12.089556771525023,12.998887735928736,182.2049894197621
24.0,8.0,708.0,0.0,0.0,0.0,4.0,1.0,11.93657706426388,1.027819553615317,1573.3038039093235
64.0,6.0,31.0,0.0,0.0,0.0,0.0,0.0,23.704040786625114,14.976268895681264,701.1384063677525
82.0,8.0,520.0,0.0,0.0,0.0,0.0,0.0,13.98557818816773,4.110203155309486,296.84580339595465
80.0,3.0,91.0,0.0,0.0,0.0,0.0,0.0,7.086653934945711,13.05255241252592,91.54895820763848
9.0,8.0,279.0,0.0,0.0,0.0,0.0,0.0,17.12049951473084,10.804272210971746,97.5859327943034
79.0,9.0,32.0,0.0,0.0,0.0,0.0,0.0,19.02347742950416,11.934673211475642,521.1973965049733
78.0,5.0,483.0,0.0,0.0,36.0,174.0,5.0,3.651323322600094,6.144527710902867,2602.317578867632
67.0,1.0,782.0,0.0,0.0,0.0,0.0,0.0,11.03477682447053,21.06114596977539,153.92331281643808
41.0,7.0,486.0,128.0,299.0,120.0,64.0,45.0,8.091302886783712,8.014587300675055,5445.687742667262
82.0,8.0,535.0,0.0,0.0,0.0,0.0,0.0,16.95831334617842,5.144352626740282,85.87668155319658
80.0,3.0,153.0,0.0,0.0,0.0,0.0,0.0,8.06622072900573,12.91373453875672,182.1202286632729
62.0,3.0,256.0,0.0,0.0,0.0,0.0,0.0,5.045026151472383,14.939199416115793,107.09707360008709
15.0,8.0,729.0,0.0,0.0,0.0,16.0,0.0,7.892585076046114,1.9838288885464663,2138.4711510564093
57.0,3.0,143.0,0.0,0.0,0.0,0.0,0.0,10.819952048689109,7.9950816993507265,173.32491326569854
67.0,1.0,788.0,0.0,0.0,0.0,0.0,0.0,5.783156953614184,16.991673873088548,245.94271742559437
23.0,3.0,238.0,0.0,0.0,0.0,0.0,1.0,1.868145167828728,7.930121457038415,300.65552174590294
73.0,6.0,0.0,0.0,0.0,0.0,0.0,0.0,27.0167397210046,18.11795112334135,182.4022406322692
23.0,3.0,210.0,0.0,0.0,0.0,0.0,1.0,3.8799223137590335,7.086758724310414,1334.4085411394492
76.0,3.0,103.0,0.0,0.0,0.0,0.0,0.0,4.114984734236352,9.112080028037374,313.4470951341317
15.0,8.0,222.0,0.0,0.0,0.0,52.0,3.0,5.0408704823930925,6.062557297182509,2012.961513284365
83.0,11.0,452.0,4.0,24.0,52.0,397.0,36.0,7.791380557621103,5.044896323478042,3521.43370872932
0.0,2.0,822.0,0.0,0.0,0.0,0.0,0.0,24.148223637016144,18.852425450948388,403.3887538964872
6.0,7.0,486.0,114.0,302.0,110.0,72.0,34.0,7.908941894331605,9.046085766961776,4857.726773543727
63.0,2.0,295.0,0.0,16.0,20.0,334.0,1.0,13.054360562571157,12.060653695026147,2824.753617875328
23.0,3.0,186.0,0.0,0.0,12.0,100.0,1.0,2.9514790856990203,7.035561041882126,1797.7348053004848
9.0,8.0,262.0,0.0,0.0,0.0,0.0,0.0,17.15641753223016,13.02080654310631,140.25474901747043
59.0,6.0,77.0,0.0,0.0,0.0,0.0,0.0,25.97630620911998,15.126850990541602,157.67589819419152
20.0,9.0,337.0,0.0,0.0,0.0,32.0,1.0,15.730381257534878,8.89761496521333,1619.3619341145034
64.0,6.0,13.0,0.0,0.0,0.0,0.0,0.0,22.9806659185153,14.195778506760476,643.1018749696143
28.0,1.0,747.0,0.0,0.0,0.0,0.0,0.0,11.006142788093404,21.055850581547677,130.35073171603085
43.0,8.0,623.0,0.0,0.0,0.0,0.0,0.0,21.976187026268963,10.996210592209598,87.26281467421562
68.0,3.0,239.0,0.0,0.0,0.0,0.0,0.0,4.947534257210623,8.083169273267353,326.98363080023347
32.0,6.0,577.0,0.0,0.0,0.0,4.0,0.0,15.066430410984797,5.054798013835696,782.5366126066448
73.0,6.0,2.0,0.0,0.0,0.0,0.0,0.0,25.83944481480111,17.99278699544877,32.12701615900935
0.0,2.0,828.0,0.0,0.0,0.0,0.0,0.0,25.946809911772185,22.0949135624893,219.1515714848255
24.0,8.0,727.0,0.0,8.0,4.0,56.0,11.0,9.100531661443426,1.9973852173734243,2530.2809109762443
17.0,3.0,177.0,0.0,0.0,0.0,4.0,0.0,0.0,10.907638454513975,431.6695303274401
60.0,3.0,141.0,0.0,0.0,0.0,0.0,0.0,12.06985151117383,9.016210191482898,505.420130340685
11.0,5.0,447.0,28.0,126.0,231.0,252.0,54.0,6.975270842185542,7.065272392929501,1983.8997693970828
69.0,3.0,133.0,0.0,0.0,0.0,0.0,0.0,7.930683961270288,7.844687426087628,312.50258407603224
73.0,6.0,70.0,0.0,0.0,0.0,0.0,0.0,24.03117073403376,13.983143631063262,87.5366898628551
90.0,0.0,449.0,62.0,230.0,273.0,72.0,50.0,6.898755521246098,8.035480732767589,4863.943653885216
73.0,6.0,28.0,0.0,0.0,0.0,0.0,0.0,23.978016096474217,15.175148560013948,251.0795559456758
74.0,8.0,704.0,0.0,0.0,0.0,4.0,0.0,13.01604633845474,1.9267368021675573,319.1798332503948
43.0,8.0,556.0,0.0,0.0,0.0,0.0,0.0,20.973771754890794,11.125429738783954,93.14846707243382
0.0,2.0,393.0,0.0,0.0,0.0,0.0,0.0,21.022029242787863,16.03258877934221,869.8256468452789
27.0,2.0,412.0,0.0,0.0,0.0,0.0,0.0,19.95534442333561,16.981180952313697,144.99356353275715
21.0,9.0,363.0,0.0,0.0,4.0,60.0,2.0,14.93961011043674,10.058866749395555,1425.686582233731
61.0,1.0,802.0,0.0,0.0,0.0,0.0,0.0,9.824577372122796,17.937089444030285,183.07853751183015
27.0,2.0,837.0,0.0,0.0,0.0,0.0,0.0,21.944550289162365,17.981780345511496,20.040072764706785
66.0,2.0,305.0,0.0,4.0,4.0,56.0,1.0,15.032098612790376,12.039619069950978,830.9121707204293
28.0,1.0,793.0,0.0,0.0,0.0,0.0,0.0,10.970751644065691,20.11614905749039,180.87211852557155
27.0,2.0,411.0,0.0,0.0,0.0,0.0,0.0,20.92450590638926,17.044074128639807,46.28145951996365
24.0,8.0,723.0,0.0,0.0,0.0,4.0,0.0,12.916625114587694,2.181502108472935,1228.941707227091
86.0,10.0,744.0,0.0,28.0,36.0,313.0,32.0,9.087292501673865,4.01524415485062,1715.3192449076137
76.0,3.0,100.0,0.0,0.0,0.0,0.0,0.0,5.1564131131460185,9.991183983639912,150.23055200138597
17.0,3.0,172.0,0.0,0.0,0.0,4.0,1.0,0.940678725552714,9.015455632095565,505.5473803939354
67.0,1.0,259.0,0.0,0.0,0.0,0.0,0.0,5.012332658307627,15.896093081557217,351.08407806262204
62.0,3.0,79.0,0.0,0.0,0.0,0.0,0.0,4.288771172691147,12.86650021046644,162.11266442536163
15.0,8.0,226.0,0.0,0.0,0.0,8.0,1.0,7.858500050778586,2.241486902872712,2060.3561349814154
60.0,3.0,672.0,0.0,0.0,0.0,0.0,0.0,13.111051494874966,8.119780278995133,1057.7776675396178
27.0,2.0,409.0,0.0,0.0,0.0,0.0,0.0,19.9265509313067,16.024716106215177,133.57868553921347
61.0,1.0,435.0,0.0,0.0,0.0,0.0,0.0,8.958288615754153,15.96833135875502,390.2101404994023
58.0,6.0,55.0,0.0,0.0,0.0,0.0,0.0,24.93258748973479,13.893853087417307,110.1135037181018
29.0,10.0,318.0,0.0,4.0,8.0,60.0,3.0,14.15545283490762,6.930985001112216,1124.4319423020584
0.0,2.0,826.0,0.0,0.0,0.0,0.0,0.0,27.102909445570035,21.937624339596933,570.5082067096849
87.0,0.0,443.0,12.0,104.0,205.0,312.0,44.0,6.839405873111044,7.064457512447306,5646.965695889439
4.0,0.0,485.0,122.0,303.0,88.0,108.0,14.0,8.013299651191657,9.103838639822854,5110.46453056374
16.0,1.0,424.0,0.0,32.0,96.0,394.0,4.0,6.091185236628315,9.989792749388064,1590.5078828915878
68.0,3.0,239.0,0.0,0.0,0.0,0.0,0.0,4.997089522318807,7.881636673211653,592.0909249815371
57.0,3.0,212.0,0.0,0.0,0.0,0.0,0.0,7.915411252403457,4.914051627604267,359.4627198095927
57.0,3.0,120.0,0.0,0.0,0.0,0.0,0.0,9.81788517308867,10.036849070861308,65.57704336161127
26.0,8.0,653.0,0.0,0.0,0.0,0.0,0.0,13.781831188172,5.048180698870894,698.627407767324
35.0,7.0,461.0,93.0,308.0,136.0,76.0,33.0,9.138882745795671,8.035602204542064,4289.137776559195
60.0,3.0,145.0,0.0,0.0,0.0,0.0,0.0,11.955145570277342,10.041366624412596,720.3125417455636
72.0,3.0,120.0,0.0,0.0,0.0,0.0,0.0,10.053696336356026,9.97259206053606,487.1716660377725
32.0,6.0,571.0,0.0,0.0,0.0,0.0,0.0,19.034738100227457,8.949386904590064,247.17883654642924
15.0,8.0,214.0,0.0,0.0,0.0,0.0,1.0,8.035515671433371,4.95638882541186,1022.757631497405
30.0,9.0,324.0,0.0,0.0,16.0,91.0,5.0,14.002580613272931,9.156484314638988,1388.0771748076056
28.0,1.0,761.0,0.0,0.0,0.0,0.0,0.0,7.058026300538164,16.05556094613522,422.6693616726369
88.0,9.0,460.0,16.0,52.0,219.0,310.0,50.0,10.887323352152064,8.014129463614832,1612.1663570912128
27.0,2.0,409.0,0.0,0.0,0.0,0.0,0.0,19.94629237213956,16.015115097626992,75.94428571911557
44.0,8.0,276.0,0.0,0.0,0.0,0.0,0.0,14.015001467952606,9.997541771319558,315.97761485578786
32.0,6.0,560.0,0.0,0.0,0.0,0.0,0.0,18.97228973429725,8.025354350593146,315.4283445833919
75.0,8.0,518.0,0.0,0.0,0.0,0.0,0.0,19.92557070467004,8.964847253019787,75.379222316312
66.0,2.0,34.0,0.0,0.0,0.0,0.0,0.0,19.04326159145597,12.00702534383699,341.5464435718371
34.0,10.0,700.0,0.0,0.0,4.0,12.0,4.0,12.02720296866748,2.156524610734352,1364.781252147523
71.0,9.0,301.0,8.0,4.0,60.0,392.0,8.0,12.8110650367653,10.061899875424238,1755.437311566501
69.0,3.0,239.0,0.0,0.0,0.0,0.0,0.0,5.909940106470515,7.0372603214017655,166.72492653754406
34.0,10.0,591.0,0.0,0.0,0.0,4.0,0.0,16.24709372735067,7.10712710495123,1157.1195571820251
21.0,9.0,338.0,0.0,0.0,0.0,12.0,2.0,17.178220058332116,11.066140499326304,609.8934279906947
83.0,11.0,446.0,16.0,129.0,297.0,211.0,35.0,9.131358510530196,6.898929564538753,3010.133585535112
67.0,1.0,763.0,0.0,0.0,0.0,0.0,0.0,6.05364600796505,17.058435949277044,153.70324950764137
43.0,8.0,513.0,0.0,0.0,0.0,0.0,0.0,18.843456098776485,8.160326945419085,60.91448553627853
3.0,0.0,474.0,32.0,103.0,231.0,243.0,19.0,5.93951663191213,7.975228927850997,4195.507385057977
80.0,3.0,254.0,0.0,0.0,0.0,0.0,0.0,8.786893585587611,13.96709831754315,283.16099679813146
92.0,0.0,447.0,32.0,167.0,213.0,209.0,41.0,6.790147026762295,8.043008686288026,5249.239717369726
70.0,3.0,87.0,0.0,0.0,0.0,0.0,0.0,7.213697506928613,12.085109233909492,216.3078301294468
12.0,5.0,167.0,0.0,4.0,0.0,32.0,0.0,1.9626100292889896,10.99028358542649,3017.9913675532853
62.0,3.0,82.0,0.0,0.0,0.0,0.0,0.0,3.7652945112942464,12.03185837052106,62.610913411617446
43.0,8.0,513.0,0.0,0.0,0.0,0.0,0.0,18.92386278282529,7.868846326019218,68.99421982094303
29.0,10.0,39.0,0.0,0.0,0.0,0.0,0.0,18.92346475058125,9.873327803179556,393.5349107966755
74.0,8.0,707.0,0.0,0.0,0.0,4.0,0.0,13.184863548097736,2.0043922793943367,643.1647224912189
87.0,0.0,443.0,20.0,155.0,269.0,205.0,32.0,7.929593097288949,7.068281141193156,3927.112125293392
3.0,0.0,449.0,68.0,220.0,253.0,92.0,30.0,7.119100602772952,7.932722549799037,3528.3235138152927
17.0,3.0,98.0,0.0,0.0,0.0,0.0,0.0,2.966185126689886,11.102859159412562,198.2418146220389
62.0,3.0,114.0,0.0,0.0,0.0,0.0,0.0,2.876349188343427,12.198649790474231,312.772144882185
9.0,8.0,269.0,0.0,0.0,0.0,0.0,0.0,18.200513051033965,14.06069770269972,135.18912773027662
15.0,8.0,223.0,0.0,0.0,0.0,20.0,1.0,6.179291205706775,3.991161451050232,2343.5018114645345
43.0,8.0,550.0,0.0,0.0,0.0,0.0,0.0,20.783704198915505,10.94063262094799,76.63394409632281
65.0,1.0,201.0,0.0,0.0,4.0,0.0,0.0,3.9401638678100657,13.947678541812351,460.871190039887
91.0,0.0,476.0,8.0,20.0,60.0,361.0,10.0,4.023445284353613,7.990017170833285,6363.642910045609
23.0,3.0,250.0,0.0,0.0,0.0,36.0,0.0,3.108939548521638,7.915322379105958,1262.2509349279958
76.0,3.0,237.0,0.0,0.0,0.0,0.0,0.0,2.8900393225776813,8.96836277167133,297.9921111522293
69.0,3.0,133.0,0.0,0.0,0.0,0.0,0.0,7.883719015346686,8.129541606000341,238.7468262912023
28.0,1.0,777.0,0.0,0.0,0.0,4.0,0.0,6.8341927313641975,15.967496939158032,500.884023386229
15.0,8.0,733.0,0.0,0.0,4.0,12.0,2.0,10.14200664894283,1.066398866404806,2222.720457097044
15.0,8.0,735.0,0.0,0.0,0.0,8.0,0.0,8.995850645632327,2.094042869445339,1553.1326771979054
67.0,1.0,192.0,0.0,0.0,0.0,4.0,0.0,3.968379928927973,14.012724570524234,303.1180874048269
29.0,10.0,340.0,0.0,0.0,0.0,0.0,0.0,16.829497189886265,9.090637976966944,1233.5779288555914
43.0,8.0,688.0,0.0,0.0,0.0,0.0,0.0,20.892973382578287,11.062138670363495,62.347393150905056
82.0,8.0,649.0,0.0,0.0,0.0,0.0,1.0,12.911668583126788,2.9717418268095126,253.3689929783949
64.0,6.0,33.0,0.0,0.0,0.0,0.0,0.0,18.997517661057625,10.822764793318028,1073.7362683746326
63.0,2.0,403.0,0.0,0.0,0.0,4.0,0.0,17.903791029804133,13.052773894291242,1653.8575938146514
24.0,8.0,704.0,0.0,0.0,0.0,4.0,0.0,13.07503953805114,2.011110100586368,694.3042597672733
74.0,8.0,526.0,0.0,0.0,0.0,0.0,0.0,14.10541192545479,3.938625304169822,380.7845798050704
15.0,8.0,213.0,0.0,0.0,0.0,0.0,0.0,7.23172580670691,4.997230586008898,1575.241696214413
18.0,4.0,491.0,16.0,158.0,275.0,140.0,11.0,7.975796349811614,10.066224173935188,1982.6729709838328
75.0,8.0,518.0,0.0,0.0,0.0,0.0,0.0,20.164646695734238,9.188997578092913,69.00087748915155
28.0,1.0,794.0,0.0,0.0,0.0,0.0,0.0,10.05436604653989,18.764409617615687,181.13958677078935
21.0,9.0,338.0,0.0,0.0,0.0,24.0,1.0,15.877439753390426,10.990528028621275,1696.6802023047662
90.0,0.0,443.0,25.0,212.0,299.0,101.0,48.0,7.037096885182495,6.948622879824446,3628.934372909664
81.0,0.0,491.0,45.0,301.0,133.0,138.0,11.0,8.153418540555329,10.15773228788898,3237.069407716571
15.0,8.0,725.0,0.0,0.0,8.0,36.0,7.0,8.010881340387945,2.0586405298513832,1666.9427524765697
0.0,2.0,813.0,0.0,0.0,0.0,0.0,0.0,25.90328900534213,22.010750794241105,801.7739922322764
56.0,4.0,488.0,116.0,196.0,104.0,108.0,17.0,8.929747225474635,8.978155067838575,5892.11319882835
70.0,3.0,255.0,0.0,0.0,0.0,0.0,0.0,7.976934443818382,14.864147185115616,125.54495842166668
9.0,8.0,262.0,0.0,0.0,0.0,0.0,0.0,16.96786569543234,13.10505274213483,49.43250326586592
60.0,3.0,293.0,0.0,0.0,0.0,0.0,0.0,11.881067239767594,10.168753522445977,430.57583509477774
60.0,3.0,143.0,0.0,0.0,0.0,0.0,0.0,11.24132018521328,8.064593867910558,1151.9121083751536
74.0,8.0,512.0,0.0,0.0,0.0,0.0,0.0,16.98550361999959,6.040058601535524,147.10894229824703
17.0,3.0,119.0,0.0,0.0,0.0,0.0,0.0,4.100343355997132,14.864355121674333,270.1972896241045
27.0,2.0,375.0,0.0,0.0,0.0,0.0,0.0,19.143320135386723,15.046347778307611,78.09529257733008
76.0,3.0,106.0,0.0,0.0,0.0,0.0,0.0,3.139314765505624,11.01769187757497,322.711429294507
33.0,3.0,130.0,0.0,0.0,0.0,0.0,0.0,12.137018533972013,11.977624243666696,222.14585823314195
61.0,1.0,430.0,0.0,0.0,0.0,24.0,1.0,7.937900076030908,14.018558340455078,641.0616890747326
74.0,8.0,540.0,0.0,0.0,0.0,0.0,0.0,13.911180303220478,3.0672257511032117,257.7957511719291
17.0,3.0,96.0,0.0,0.0,0.0,0.0,0.0,1.9063055711651389,10.08929261467256,252.80030114604767
86.0,10.0,742.0,4.0,4.0,20.0,113.0,23.0,9.02536990267006,3.1828368183670057,1526.5276488508666
75.0,8.0,511.0,0.0,0.0,0.0,0.0,0.0,17.871406697425275,7.116251174089167,43.80329306526944
69.0,3.0,121.0,0.0,0.0,0.0,0.0,0.0,9.02280196871573,10.009385026778832,60.80564887268246
71.0,9.0,352.0,4.0,44.0,82.0,407.0,23.0,12.129029632292958,8.94747200751477,1548.7294640540497
28.0,1.0,203.0,0.0,0.0,4.0,0.0,0.0,4.972943690950439,14.042998292340046,471.61368872702434
35.0,7.0,462.0,103.0,310.0,152.0,84.0,31.0,9.00677053411349,8.007350410781928,2637.209735781075
32.0,6.0,568.0,0.0,0.0,0.0,0.0,0.0,18.988945860849903,8.003071064765901,154.97215731190929
16.0,1.0,419.0,0.0,16.0,64.0,434.0,6.0,7.24367752935188,11.04253391044465,2679.9850445336124
87.0,0.0,447.0,24.0,126.0,236.0,239.0,46.0,7.158643311161251,6.888584968126462,4730.858909095518
76.0,3.0,245.0,0.0,0.0,0.0,0.0,0.0,4.999170418521886,7.967071954665454,184.81151558521395
45.0,10.0,700.0,0.0,0.0,4.0,12.0,5.0,11.808464004454784,1.0277443228865162,2262.831885315963
81.0,0.0,485.0,104.0,296.0,113.0,108.0,12.0,8.0163148276127,10.160856957407708,3158.222701297305
74.0,8.0,537.0,0.0,0.0,0.0,0.0,0.0,15.938932145334384,4.97680419749927,66.76626523470802
43.0,8.0,546.0,0.0,0.0,0.0,0.0,0.0,21.88954774392401,12.009293891670726,37.54133453082174
68.0,3.0,237.0,0.0,0.0,0.0,0.0,0.0,2.973557801239945,8.000952554472056,222.3530480773459
70.0,3.0,92.0,0.0,0.0,0.0,0.0,0.0,6.124562801830985,13.129618648549744,152.44891577055492
15.0,8.0,652.0,0.0,0.0,0.0,4.0,0.0,11.194483799575409,1.9006519684195229,1166.5159522725787
45.0,10.0,716.0,0.0,4.0,4.0,24.0,5.0,11.85916081423178,2.9937059297246025,3682.728846595626
75.0,8.0,618.0,0.0,0.0,0.0,0.0,0.0,20.1180321934904,8.939545274571845,83.32626836514576
73.0,6.0,28.0,0.0,0.0,0.0,0.0,0.0,24.126272077668716,14.830837617410976,124.89461683248348
33.0,3.0,294.0,0.0,0.0,0.0,0.0,0.0,13.061549744644756,14.036777216885232,53.74644427302992
23.0,3.0,94.0,0.0,0.0,0.0,0.0,0.0,1.8516924808884687,10.034208867838288,458.2631215460338
57.0,3.0,144.0,0.0,0.0,0.0,0.0,0.0,10.100221593665506,10.000961085228996,142.80289690620742
76.0,3.0,105.0,0.0,0.0,0.0,0.0,0.0,4.9860826811057,10.945021036327056,258.380123804308
15.0,8.0,227.0,0.0,0.0,0.0,16.0,0.0,7.917139281759585,1.956658164513312,2432.809697765399
78.0,5.0,451.0,4.0,8.0,24.0,128.0,24.0,8.96830404531553,2.951892808044442,4102.288194627958
57.0,3.0,136.0,0.0,0.0,0.0,0.0,0.0,8.03847327380466,7.032239097649062,210.3153387625668
17.0,3.0,119.0,0.0,0.0,0.0,0.0,0.0,3.962819705925299,13.918097131442742,213.39095832178776
22.0,2.0,304.0,8.0,12.0,149.0,344.0,6.0,12.174043302863002,10.85592550783058,2103.1084771025435
49.0,11.0,462.0,54.0,226.0,261.0,116.0,20.0,9.085674939709769,6.98712096060275,3367.6668448061973
11.0,5.0,476.0,8.0,28.0,80.0,424.0,14.0,5.035080839747965,8.097601162757238,2387.760398727039
73.0,6.0,7.0,0.0,0.0,0.0,0.0,0.0,26.826054275085053,18.02057106271852,90.4430767343058
57.0,3.0,128.0,0.0,0.0,0.0,0.0,0.0,10.838343871647202,11.176585818087908,101.01851291471507
43.0,8.0,516.0,0.0,0.0,0.0,0.0,0.0,20.21583164081965,8.958732729393518,64.84708815303829
75.0,8.0,496.0,0.0,0.0,0.0,0.0,0.0,16.18927366048784,6.1422226927768655,147.75245508484895
43.0,8.0,681.0,0.0,0.0,0.0,0.0,0.0,17.809323555883783,9.02372193840174,94.74543120068316
42.0,7.0,445.0,43.0,259.0,252.0,72.0,32.0,8.044626642273348,6.951164529225366,3982.1794893946753
0.0,2.0,813.0,0.0,0.0,0.0,0.0,0.0,25.791263372505824,21.872969537129567,549.765485030582
33.0,3.0,124.0,0.0,0.0,0.0,0.0,0.0,9.987216975641328,11.1283037595703,193.64963057466693
28.0,1.0,807.0,0.0,0.0,0.0,0.0,0.0,12.235452931448958,19.964389253164764,278.8083029465706
63.0,2.0,308.0,0.0,0.0,4.0,20.0,2.0,15.905918333475013,12.117024427126571,2026.883536368339
59.0,6.0,610.0,0.0,0.0,0.0,0.0,0.0,25.98995893209733,15.027825986469512,146.93430326981368
16.0,1.0,181.0,4.0,16.0,88.0,374.0,6.0,5.095340475413976,10.049900772392302,1500.8604262093888
15.0,8.0,662.0,0.0,0.0,0.0,0.0,1.0,9.765855377689428,5.847423453976869,1204.1183774013427
1.0,11.0,346.0,8.0,20.0,59.0,430.0,23.0,12.109296309316404,7.87839041261912,3369.329081420532
16.0,1.0,477.0,12.0,80.0,112.0,365.0,11.0,5.71230077042058,10.003985918123394,1506.9208514840664
86.0,10.0,468.0,8.0,28.0,106.0,479.0,22.0,8.916532574607137,4.925942508091038,1956.411535792008
59.0,6.0,509.0,0.0,0.0,0.0,0.0,0.0,19.236315184047083,7.90012241797162,129.23071711715184
27.0,2.0,396.0,0.0,0.0,0.0,0.0,0.0,18.149341219538023,15.010326225495088,55.276029641456695
13.0,5.0,477.0,4.0,68.0,99.0,382.0,6.0,5.969268431924374,9.990919827350512,2541.7988995065525
68.0,3.0,235.0,0.0,0.0,0.0,0.0,1.0,3.869594766650241,7.034059401954108,987.2094151341578
25.0,8.0,505.0,0.0,0.0,0.0,0.0,0.0,17.975137769026784,7.9266501625392,807.7290589256846
61.0,1.0,802.0,0.0,0.0,0.0,0.0,0.0,11.1257067126482,17.93106038860473,322.9260924966343
10.0,0.0,471.0,8.0,48.0,92.0,409.0,11.0,5.128549673873273,8.897249258924234,4225.680613083453
74.0,8.0,719.0,0.0,0.0,0.0,0.0,0.0,15.01353216782392,4.035736476052783,325.2777644941544
27.0,2.0,408.0,0.0,0.0,0.0,0.0,0.0,19.901246819815483,16.880594984608724,21.346408490701872
0.0,2.0,815.0,0.0,0.0,0.0,0.0,0.0,26.019568384669437,21.997520349128127,499.73496178385057
59.0,6.0,625.0,0.0,0.0,0.0,0.0,0.0,20.872900584749317,10.005522520101309,122.06625217253232
66.0,2.0,404.0,0.0,0.0,0.0,4.0,1.0,17.88380982677934,11.9449648953243,945.9345839674776
15.0,8.0,662.0,0.0,0.0,0.0,0.0,1.0,8.92890891090259,4.978277280121155,1525.9810550334691
49.0,11.0,446.0,16.0,164.0,309.0,168.0,38.0,9.089242061673565,6.859773279394296,3504.403327906269
76.0,3.0,245.0,0.0,0.0,0.0,0.0,0.0,4.199839511802448,8.14702644766925,298.8509723678753
57.0,3.0,133.0,0.0,0.0,0.0,0.0,0.0,7.926980989587621,8.149589580460619,78.62004842804386
67.0,1.0,787.0,0.0,0.0,0.0,0.0,0.0,7.0205374240315095,18.00358166568101,135.78446106965663
29.0,10.0,340.0,0.0,0.0,0.0,0.0,0.0,16.875858842748514,8.960729302147206,870.4439691958381
73.0,6.0,3.0,0.0,0.0,0.0,0.0,0.0,26.09371626142908,17.002316000792625,32.16442234801525
63.0,2.0,376.0,0.0,0.0,0.0,0.0,0.0,18.818609204485327,12.895197719500874,1400.2690173813503
32.0,6.0,585.0,0.0,0.0,0.0,0.0,0.0,16.333588983330053,5.059339751559914,259.1727476983806
0.0,2.0,383.0,0.0,0.0,0.0,0.0,0.0,22.03027419388923,16.970087831140873,332.7421702243949
43.0,8.0,683.0,0.0,0.0,0.0,0.0,0.0,19.059833326855195,8.998789136526275,120.67514484619788
82.0,8.0,496.0,0.0,0.0,0.0,0.0,0.0,16.87561068107079,5.9045702854777335,150.90975527117473
28.0,1.0,761.0,0.0,0.0,0.0,4.0,0.0,5.960733540595672,15.881647227921563,292.9790151028474
67.0,1.0,201.0,0.0,0.0,4.0,0.0,0.0,4.991835756296341,14.06176279741758,305.0752894508201
62.0,3.0,84.0,0.0,0.0,0.0,0.0,0.0,4.776373647094731,12.94855970177859,160.61746062139622
31.0,3.0,152.0,0.0,0.0,0.0,0.0,0.0,8.990610821808835,13.03775112894483,93.01769393032232
48.0,0.0,476.0,12.0,28.0,96.0,393.0,11.0,4.892021416743043,9.021189709246917,2818.316431793161
45.0,10.0,579.0,0.0,0.0,0.0,12.0,0.0,14.91235579301957,5.96693953663007,784.1689361573453
24.0,8.0,729.0,0.0,0.0,4.0,16.0,1.0,9.181058328654014,1.9398248559571545,2367.9296342955204
44.0,8.0,669.0,0.0,0.0,0.0,0.0,0.0,11.952370123954353,6.981430358330179,260.7106370868093
62.0,3.0,106.0,0.0,0.0,0.0,0.0,0.0,4.06278447001394,11.09590317366961,306.67730339640826
26.0,8.0,638.0,0.0,0.0,0.0,0.0,1.0,11.083112447828263,5.123569825936121,757.0372182129171
23.0,3.0,96.0,0.0,0.0,0.0,0.0,0.0,2.107427377966319,9.926665067730635,323.80930089921924
28.0,1.0,803.0,0.0,0.0,0.0,0.0,0.0,11.979531138265452,19.006645984683907,304.11015404583657
60.0,3.0,288.0,0.0,0.0,0.0,0.0,0.0,13.951664432336605,11.151399017635187,741.0365486126003
45.0,10.0,353.0,4.0,12.0,20.0,131.0,31.0,11.776792808287622,5.929164375636762,2845.9528220738694
43.0,8.0,558.0,0.0,0.0,0.0,0.0,0.0,20.7218123311396,10.06585380944888,55.9595463300532
0.0,2.0,383.0,0.0,0.0,0.0,0.0,0.0,22.17327151790302,17.077782374867056,436.5417736378461
86.0,10.0,744.0,4.0,20.0,28.0,247.0,35.0,10.073689610132696,3.894036140289567,2159.600338559895
66.0,2.0,305.0,0.0,4.0,4.0,56.0,1.0,15.22453232060024,12.04551316892639,705.7704390266261
75.0,8.0,529.0,0.0,0.0,0.0,0.0,0.0,16.8586497943343,5.976923537761511,275.9158668402658
62.0,3.0,81.0,0.0,0.0,0.0,0.0,0.0,3.009761253659902,12.02528861042995,191.20575545217056
43.0,8.0,558.0,0.0,0.0,0.0,0.0,0.0,21.025137616004308,9.959678273702943,69.35778549358879
74.0,8.0,648.0,0.0,0.0,0.0,0.0,0.0,11.73739722676986,2.085178676764503,387.557670041359
28.0,1.0,795.0,0.0,0.0,0.0,0.0,0.0,11.051369211439454,19.92047142472365,150.15404294562637
28.0,1.0,799.0,0.0,0.0,0.0,0.0,1.0,10.889519718812776,18.915149880311844,188.99739358939397
15.0,8.0,737.0,0.0,0.0,0.0,8.0,1.0,9.004464769166004,1.115776730208815,2172.092354591366
12.0,5.0,168.0,0.0,4.0,0.0,40.0,1.0,2.119747713541881,9.81896174325473,2702.9556156195986
29.0,10.0,33.0,0.0,0.0,0.0,0.0,0.0,18.97628119437114,11.10611496325483,850.3788047627951
32.0,6.0,567.0,0.0,0.0,0.0,0.0,0.0,17.902576725902872,6.9933317148435945,247.06133300713464
26.0,8.0,650.0,0.0,0.0,0.0,0.0,0.0,10.894697713187188,4.177793170409696,501.4588443890021
62.0,3.0,114.0,0.0,0.0,0.0,0.0,0.0,2.951913789172264,13.074243829008468,134.52514541944296
59.0,6.0,627.0,0.0,0.0,0.0,0.0,0.0,22.78351923126281,10.959841899919674,137.08517272958426
79.0,9.0,333.0,0.0,0.0,0.0,4.0,0.0,17.026023973287963,9.99312509750703,747.7397582396189
0.0,2.0,824.0,0.0,0.0,0.0,0.0,0.0,24.02303172046931,20.0104345340497,445.01528288576594
32.0,6.0,582.0,0.0,0.0,0.0,0.0,0.0,17.041504227424948,5.960038019509017,537.9939059919325
68.0,3.0,245.0,0.0,0.0,0.0,0.0,0.0,4.050319965430874,8.04657357794534,499.3080367631183
34.0,10.0,712.0,0.0,0.0,0.0,16.0,1.0,14.017177402069493,4.108049912899878,1134.039691006526
32.0,6.0,580.0,0.0,0.0,0.0,0.0,0.0,16.0577940302423,5.213826401567125,257.0031240496276
1.0,11.0,458.0,26.0,168.0,299.0,156.0,18.0,10.035193519501467,8.085129653505827,2409.5322368567404
59.0,6.0,64.0,0.0,0.0,0.0,0.0,0.0,23.73894765772945,13.046438879141952,184.57250889455804
2.0,11.0,458.0,12.0,94.0,248.0,291.0,26.0,9.870198769834571,6.957537701488471,4063.423173947756
68.0,3.0,214.0,0.0,0.0,0.0,0.0,1.0,7.994059599681201,4.008412050744415,639.1096036197316
45.0,10.0,579.0,0.0,0.0,0.0,12.0,0.0,15.006800386528198,6.006856256682128,1327.243354145599
9.0,8.0,271.0,0.0,0.0,0.0,0.0,0.0,16.010847691812895,9.934601976513513,129.252349846091
25.0,8.0,686.0,0.0,0.0,0.0,0.0,0.0,19.06657683055297,9.905898242425602,918.8672319241168
30.0,9.0,324.0,0.0,12.0,12.0,111.0,4.0,13.111335610715328,8.061610523391028,1574.5607044727524
43.0,8.0,623.0,0.0,0.0,0.0,0.0,0.0,22.1911417531422,10.9332200933775,132.20345054170866
29.0,10.0,322.0,0.0,4.0,16.0,88.0,6.0,12.83229815251126,7.977664964013763,1371.883708932775
86.0,10.0,738.0,0.0,16.0,16.0,132.0,24.0,10.008436989082227,2.8440838814945573,2033.822869987457
9.0,8.0,268.0,0.0,0.0,0.0,0.0,0.0,17.867589575537025,13.037082626919988,142.31129529555022
26.0,8.0,675.0,0.0,0.0,0.0,0.0,0.0,10.845172398646984,3.707332960090932,835.7436174484017
73.0,6.0,13.0,0.0,0.0,0.0,0.0,0.0,22.74943860334208,13.96367724391544,184.16549506061605
83.0,11.0,444.0,12.0,86.0,205.0,350.0,30.0,7.977070447672704,5.9310496554019485,3395.132704032146
26.0,8.0,638.0,0.0,0.0,0.0,0.0,1.0,11.144268820426072,4.96723506124651,510.0693182854481
15.0,8.0,680.0,0.0,0.0,0.0,0.0,1.0,8.865452599019596,3.8368559633301658,1140.5370837206035
25.0,8.0,520.0,0.0,0.0,0.0,0.0,0.0,13.988515824740954,3.9270579417878926,1224.143981042701
86.0,10.0,738.0,0.0,16.0,16.0,123.0,21.0,9.99534717426582,2.927359305406342,2564.824628136497
62.0,3.0,94.0,0.0,0.0,0.0,0.0,0.0,3.085974268083598,10.079551248055848,182.4820828678708
72.0,3.0,162.0,0.0,0.0,0.0,0.0,0.0,7.090360684425375,10.96137554029869,334.1738655893631
75.0,8.0,492.0,0.0,0.0,0.0,0.0,0.0,17.006236523715522,6.015287125309671,115.39077915829895
11.0,5.0,480.0,16.0,44.0,146.0,399.0,21.0,6.221054321532836,7.0582047379672295,2002.9346162828597
43.0,8.0,543.0,0.0,0.0,0.0,0.0,0.0,22.99098373800821,12.00801336944104,67.20142866095382
23.0,3.0,235.0,0.0,0.0,0.0,0.0,0.0,4.026949754999063,6.878272729125137,429.1017101230407
28.0,1.0,775.0,0.0,0.0,0.0,0.0,1.0,7.955898017386845,15.926027783357592,657.3826760394217
93.0,1.0,776.0,0.0,0.0,0.0,4.0,0.0,6.9639439205950335,15.093019830485051,360.3520903013411
66.0,2.0,34.0,0.0,0.0,0.0,0.0,0.0,18.99509864838429,12.019862424419408,260.23156938721525
63.0,2.0,370.0,0.0,0.0,0.0,0.0,0.0,19.04755853266168,13.9137258576549,687.6298810086955
23.0,3.0,173.0,0.0,0.0,0.0,8.0,1.0,2.0523534936524834,9.026021925885562,989.7454979417712
22.0,2.0,298.0,4.0,24.0,52.0,393.0,10.0,13.119771797195408,9.99057964307176,2339.642769633932
78.0,5.0,221.0,0.0,0.0,4.0,68.0,5.0,6.92886856326478,3.94240996577285,2808.188468936833
43.0,8.0,550.0,0.0,0.0,0.0,0.0,0.0,22.041150161878303,11.957620794692726,45.24927922690341
64.0,6.0,33.0,0.0,0.0,0.0,0.0,0.0,18.99998931374221,10.950035007101317,829.0429756398113
77.0,4.0,461.0,109.0,307.0,124.0,108.0,45.0,8.964903895829126,7.975193615303961,4329.777649044803
59.0,6.0,554.0,0.0,0.0,0.0,0.0,0.0,22.02774338645789,11.00690639084504,174.877471561774
9.0,8.0,282.0,0.0,0.0,0.0,0.0,0.0,18.107169958419565,13.088191470880265,155.04583415603742
8.0,11.0,448.0,12.0,52.0,185.0,380.0,46.0,7.064083617124923,5.899888867987264,2741.9005291578824
45.0,10.0,741.0,0.0,12.0,12.0,64.0,8.0,11.047781079885777,3.005713530349389,2250.64839977359
0.0,2.0,391.0,0.0,0.0,0.0,0.0,0.0,22.04404336159949,17.117462922063968,449.7579254304518
17.0,3.0,98.0,0.0,0.0,0.0,0.0,0.0,2.845850585087107,11.051862672494853,381.37133343474375
76.0,3.0,88.0,0.0,0.0,0.0,0.0,0.0,6.183824449337486,12.044189495968167,141.96010701347237
86.0,10.0,453.0,8.0,20.0,36.0,320.0,39.0,8.813883179345789,3.86694153846632,2290.8904793954816
70.0,3.0,87.0,0.0,0.0,0.0,0.0,0.0,7.04652638031934,11.892161056801845,218.5599075671117
34.0,10.0,724.0,0.0,0.0,4.0,8.0,1.0,13.06603202324906,1.9076252101577764,1172.4236865176626
78.0,5.0,730.0,0.0,4.0,12.0,76.0,19.0,8.126018351814423,3.03554143198158,3678.065383581584
24.0,8.0,739.0,4.0,4.0,8.0,48.0,14.0,10.830215764645391,2.031149549436628,2181.444136438288
34.0,10.0,700.0,0.0,4.0,0.0,12.0,5.0,11.885773032979982,1.016764296014688,1255.628319323065
17.0,3.0,97.0,0.0,0.0,0.0,0.0,0.0,1.999210836093964,11.996401845695493,442.6865183130852
43.0,8.0,556.0,0.0,0.0,0.0,0.0,0.0,20.86624292124755,10.99522829094508,47.79150877576557
71.0,9.0,364.0,0.0,12.0,32.0,338.0,5.0,12.967055198177052,10.158774647363735,537.9441534357996
37.0,1.0,422.0,16.0,60.0,280.0,221.0,9.0,8.076205981680951,11.153264234748695,1763.5300649183816
14.0,4.0,490.0,55.0,250.0,196.0,92.0,13.0,6.717000316572934,8.900108413328617,3713.9873048599993
64.0,6.0,40.0,0.0,0.0,0.0,0.0,0.0,19.05224973814769,11.026588731725944,568.4587558721649
78.0,5.0,218.0,0.0,0.0,0.0,64.0,3.0,6.019608644926414,3.9826931340880254,3209.209682389815
64.0,6.0,16.0,0.0,0.0,0.0,0.0,0.0,21.07839248416736,12.89771522589544,685.5418072242982
64.0,6.0,23.0,0.0,0.0,0.0,0.0,0.0,23.993246188470103,15.889596478040696,157.07709499254497
75.0,8.0,497.0,0.0,0.0,0.0,0.0,0.0,16.777583825129742,6.936612105734565,55.59228161985481
45.0,10.0,324.0,0.0,0.0,20.0,93.0,5.0,14.065926892499403,9.003234922433668,2849.326537017673
26.0,8.0,679.0,0.0,0.0,0.0,0.0,1.0,10.025980624382573,5.077769440329145,1559.0963570535523
68.0,3.0,214.0,0.0,0.0,0.0,0.0,0.0,8.151023179696526,5.0472977269659065,483.9139036080723
45.0,10.0,330.0,0.0,0.0,0.0,20.0,1.0,15.096629878460686,4.894590194036334,2327.025421062654
67.0,1.0,780.0,0.0,0.0,0.0,0.0,0.0,9.856170672806954,20.9192660639129,94.29801907535484
58.0,6.0,78.0,0.0,0.0,0.0,0.0,0.0,25.919713562283444,15.06481321288662,91.4190817297536
62.0,3.0,94.0,0.0,0.0,0.0,0.0,0.0,1.9887827329705283,10.063987934927423,270.483208247063
17.0,3.0,95.0,0.0,0.0,0.0,4.0,0.0,0.0577660080822647,11.012847662480851,682.6820215088692
0.0,2.0,820.0,0.0,0.0,0.0,0.0,0.0,25.97433901298496,21.038403916276582,307.35316656632887
87.0,0.0,447.0,28.0,112.0,205.0,276.0,47.0,6.9667449551067975,7.011043897706241,3989.159341776786
58.0,6.0,57.0,0.0,0.0,0.0,0.0,0.0,24.957193844548893,14.032384785398522,202.666210609872
59.0,6.0,620.0,0.0,0.0,0.0,0.0,0.0,22.806233861316805,11.85977234254444,130.46025115028542
72.0,3.0,244.0,0.0,0.0,0.0,0.0,0.0,6.035064026371192,8.043211475325881,686.661415084502
64.0,6.0,24.0,0.0,0.0,0.0,0.0,0.0,23.001245254365724,15.07139972699735,174.60740940477226
24.0,8.0,739.0,0.0,8.0,4.0,48.0,11.0,11.058783000204992,3.04131837234004,1981.1767169342083
82.0,8.0,538.0,0.0,0.0,0.0,0.0,0.0,14.029656316368904,3.0077466360776794,390.9608646800481
77.0,4.0,457.0,113.0,295.0,120.0,112.0,44.0,10.061174572630144,8.093394399105698,4808.373101261631
28.0,1.0,752.0,0.0,0.0,0.0,0.0,0.0,7.826596786576858,17.968623958952772,134.78259808539477
78.0,5.0,219.0,0.0,0.0,4.0,44.0,4.0,7.224326410714418,2.942658612882642,4010.646152324625
63.0,2.0,403.0,0.0,0.0,0.0,8.0,0.0,17.22554884135745,13.022612881364651,1657.6860083281044
12.0,5.0,198.0,0.0,4.0,0.0,16.0,0.0,3.876928012897137,12.01542480486688,1875.0840339254291
21.0,9.0,332.0,0.0,0.0,0.0,16.0,1.0,15.81750473918986,10.14540262347278,1314.3754966780025
32.0,6.0,718.0,0.0,0.0,0.0,4.0,0.0,14.211230563274452,3.074897883375409,999.2002322572756
69.0,3.0,121.0,0.0,0.0,0.0,0.0,0.0,7.97802071400069,8.942177169724333,148.14889743514755
82.0,8.0,646.0,0.0,0.0,0.0,0.0,0.0,12.188732454036472,3.015499024845008,336.8408647416684
74.0,8.0,708.0,0.0,0.0,0.0,4.0,1.0,12.047023120248603,1.0345688093897634,446.71616744347887
92.0,0.0,474.0,44.0,140.0,223.0,210.0,13.0,5.90940077577956,9.209673512785852,4079.628805211228
24.0,8.0,706.0,0.0,0.0,0.0,4.0,0.0,12.771224210153983,2.061442635023526,1295.3478003375249
44.0,8.0,276.0,0.0,0.0,0.0,0.0,0.0,13.88394413485872,10.129447057204166,112.94406638588158
15.0,8.0,728.0,0.0,0.0,8.0,40.0,9.0,7.979552749987158,1.9917029844929044,2696.615078733032
76.0,3.0,164.0,0.0,0.0,0.0,0.0,0.0,6.0377303346026885,10.005882611914712,173.90615911262245
74.0,8.0,723.0,0.0,0.0,0.0,4.0,0.0,13.080185352934276,2.0681934542286955,357.9757391034542
17.0,3.0,196.0,0.0,0.0,0.0,0.0,0.0,0.9954951604320283,12.020920512300371,443.2973025050866
9.0,8.0,267.0,0.0,0.0,0.0,0.0,0.0,18.92901751634502,14.924499827545066,61.61668921306493
28.0,1.0,747.0,0.0,0.0,0.0,0.0,0.0,10.973819573910973,20.894998476719785,59.57767652235589
59.0,6.0,67.0,0.0,0.0,0.0,0.0,0.0,22.0824710493064,11.04996327569576,146.74218611924735
24.0,8.0,722.0,0.0,0.0,0.0,8.0,0.0,12.8770084640234,2.040163639402398,2108.377094898487
32.0,6.0,560.0,0.0,0.0,0.0,0.0,0.0,19.158809739921853,7.847753880212519,298.0561671204724
17.0,3.0,99.0,0.0,0.0,0.0,0.0,0.0,1.0079749486692753,10.897703992521768,323.85634542883
79.0,9.0,333.0,0.0,0.0,0.0,4.0,0.0,17.15448111830183,9.823612837829556,808.9197252957061
32.0,6.0,718.0,0.0,0.0,0.0,4.0,0.0,14.042457816715434,3.055695909642272,933.6974677023044
72.0,3.0,123.0,0.0,0.0,0.0,0.0,0.0,10.002800727608305,12.063196103767956,213.0414744495725
15.0,8.0,737.0,0.0,0.0,0.0,8.0,1.0,9.918050864230905,0.9539924470775468,2240.70568528896
23.0,3.0,246.0,0.0,0.0,0.0,52.0,1.0,2.952647574848809,6.9874684433039045,2047.2381919994464
78.0,5.0,224.0,0.0,0.0,8.0,88.0,6.0,4.954485001033715,5.015415924732572,2537.98329918244
32.0,6.0,581.0,0.0,0.0,0.0,0.0,0.0,16.914405194588777,6.021673892008308,525.1799780667411
33.0,3.0,154.0,0.0,0.0,0.0,0.0,0.0,12.333470233670846,12.803060413942948,38.82107094471807
68.0,3.0,222.0,0.0,0.0,0.0,36.0,2.0,4.875131032324857,5.1432224057020095,619.0658788308211
22.0,2.0,317.0,111.0,189.0,185.0,140.0,11.0,10.055211556545144,10.042425630109216,2883.689718019214
24.0,8.0,725.0,0.0,4.0,8.0,52.0,9.0,7.775912325669462,1.979666926814908,2476.423293617582
0.0,2.0,818.0,0.0,0.0,0.0,0.0,0.0,25.09584862751528,20.05840090625315,493.031336063732
0.0,2.0,390.0,0.0,0.0,0.0,0.0,0.0,21.971447924888963,16.070701174876938,427.1180469772671
8.0,11.0,448.0,16.0,36.0,131.0,446.0,52.0,7.287539876157219,5.948440448657269,3812.326100886193
33.0,3.0,128.0,0.0,0.0,0.0,0.0,0.0,11.83624032502083,10.078955826201897,154.7153987456117
27.0,2.0,311.0,0.0,0.0,4.0,36.0,2.0,14.854050921722454,12.93900302020926,229.71479663558569
38.0,0.0,449.0,40.0,222.0,279.0,88.0,38.0,6.949452645776257,7.885216044878772,4738.163142770219
62.0,3.0,112.0,0.0,0.0,0.0,0.0,0.0,5.779561232056707,12.897105856753038,147.08104290118033
62.0,3.0,256.0,0.0,0.0,0.0,0.0,0.0,4.88552484185283,15.873642481773077,49.8965337807065
61.0,1.0,799.0,0.0,0.0,0.0,0.0,1.0,11.99354061308786,19.044134549524596,134.62676690976355
77.0,4.0,457.0,100.0,326.0,108.0,104.0,39.0,8.975158347675256,8.029479227334654,3973.7082151603377
8.0,11.0,448.0,8.0,40.0,133.0,432.0,42.0,6.928728357420922,6.021043454137683,3012.744567006334
7.0,4.0,486.0,87.0,321.0,127.0,80.0,24.0,8.045042757871359,9.12489857679026,5234.442584145256
9.0,8.0,265.0,0.0,0.0,0.0,0.0,0.0,16.878355719224228,12.96540098024632,87.98015459543812
82.0,8.0,534.0,0.0,0.0,0.0,0.0,0.0,14.866882418891324,4.109765841445166,240.22853980060137
15.0,8.0,728.0,0.0,0.0,4.0,56.0,7.0,7.143263275071208,3.024250462816227,1515.4153886467454
67.0,1.0,791.0,0.0,0.0,0.0,0.0,0.0,7.933336315925998,18.905951200555627,320.46087190119374
70.0,3.0,110.0,0.0,0.0,0.0,0.0,0.0,7.146864337607318,14.03892695375968,172.55179849880227
44.0,8.0,290.0,0.0,0.0,0.0,0.0,0.0,14.120603660039473,9.967164700678389,124.9559704530329
26.0,8.0,658.0,0.0,0.0,0.0,0.0,0.0,14.952946650565876,6.10336922576468,156.73495379890207
66.0,2.0,338.0,0.0,0.0,0.0,24.0,2.0,15.980484544300444,11.153186189338973,664.5103559757927
88.0,9.0,303.0,12.0,65.0,220.0,272.0,13.0,12.13132490874901,9.04952453393751,1072.195248230572
72.0,3.0,158.0,0.0,0.0,0.0,0.0,0.0,6.920065408034239,9.85000575604196,363.6480003870214
33.0,3.0,286.0,0.0,0.0,0.0,0.0,0.0,14.103904795532497,12.969377781695256,88.35180957821183
49.0,11.0,446.0,39.0,160.0,295.0,163.0,33.0,8.126946864531417,6.946702200482109,3811.1374444138446
93.0,1.0,417.0,0.0,0.0,4.0,153.0,1.0,7.8757460405028,12.92926758982576,1648.1088823224434
73.0,6.0,0.0,0.0,0.0,0.0,0.0,0.0,26.909248102339017,17.98510353556945,53.62993279998503
62.0,3.0,106.0,0.0,0.0,0.0,0.0,0.0,4.042170472909463,11.03143001187984,198.17243560045125
91.0,0.0,472.0,12.0,40.0,76.0,441.0,13.0,5.033434203386396,7.951937219075423,3802.8630972601873
68.0,3.0,235.0,0.0,0.0,0.0,0.0,1.0,2.8305945834553303,6.897660305196449,749.9772190508769
74.0,8.0,506.0,0.0,0.0,0.0,0.0,0.0,17.783157039173847,7.064822683094126,263.7744973230789
9.0,8.0,272.0,0.0,0.0,0.0,0.0,0.0,13.899116993104055,9.117413082246472,137.83630600211393
59.0,6.0,620.0,0.0,0.0,0.0,0.0,0.0,22.87259242360147,11.941434026073347,101.14401541412276
28.0,1.0,760.0,0.0,0.0,0.0,4.0,0.0,4.052380217282002,14.918548489754528,663.7411952092515
80.0,3.0,89.0,0.0,0.0,0.0,0.0,0.0,6.15496728438083,10.922248725745488,134.12057331118464
0.0,2.0,823.0,0.0,0.0,0.0,0.0,0.0,22.90808189834606,18.02565096443376,307.8366627833307
57.0,3.0,142.0,0.0,0.0,0.0,0.0,0.0,9.879321550334009,7.909606204238714,295.2673578793714
67.0,1.0,756.0,0.0,0.0,0.0,0.0,0.0,8.092287425228655,18.134827750387792,52.20270173139578
89.0,0.0,443.0,40.0,208.0,321.0,68.0,45.0,6.974675306794212,7.021726792745196,5806.551864908512
0.0,2.0,391.0,0.0,0.0,0.0,0.0,0.0,22.13295400784011,15.853940170701968,351.9874551370281
0.0,2.0,385.0,0.0,0.0,0.0,0.0,0.0,23.144305795295335,18.015366741101868,725.6569906313885
44.0,8.0,669.0,0.0,0.0,0.0,0.0,0.0,12.065826341456802,6.913033752345243,319.68756436725505
34.0,10.0,575.0,0.0,0.0,0.0,4.0,0.0,15.87898783888368,6.060590086985417,1119.3011706354887
74.0,8.0,568.0,0.0,0.0,0.0,0.0,0.0,18.921609194242308,7.958201976942124,104.98523302742107
74.0,8.0,708.0,0.0,0.0,0.0,4.0,1.0,12.016241651016262,1.1357078208703792,512.7145921915876
75.0,8.0,516.0,0.0,0.0,0.0,0.0,0.0,19.87872217539532,8.935256869672921,168.34860960185688
11.0,5.0,187.0,0.0,12.0,20.0,185.0,3.0,3.131323016127468,8.916175442107257,1860.8851285529329
27.0,2.0,389.0,0.0,0.0,0.0,0.0,0.0,21.832215177493985,18.03890968291,74.02957553793276
82.0,8.0,498.0,0.0,0.0,0.0,0.0,0.0,15.87416910669194,5.054382235168026,261.9233497647847
24.0,8.0,729.0,0.0,0.0,0.0,12.0,1.0,9.018396648224147,2.063847114013205,3046.3886260424383
70.0,3.0,255.0,0.0,0.0,0.0,0.0,0.0,8.943501607980629,15.070575354838253,93.9943957888466
74.0,8.0,537.0,0.0,0.0,0.0,0.0,0.0,16.085387840514752,4.877026613447598,99.81340234458987
42.0,7.0,461.0,164.0,226.0,112.0,72.0,44.0,8.979334572634794,9.098348340630002,5493.050065344482
26.0,8.0,632.0,0.0,0.0,0.0,0.0,0.0,11.968173417265335,6.022172072004502,1190.3491349341596
80.0,3.0,253.0,0.0,0.0,0.0,0.0,0.0,8.030446832289249,14.028557576581068,94.13788462029387
15.0,8.0,729.0,0.0,0.0,0.0,20.0,0.0,9.006828419048045,2.0155925845115004,2058.4065256630947
31.0,3.0,151.0,0.0,0.0,0.0,0.0,0.0,9.02215194016285,12.930943513787028,81.83324693917622
69.0,3.0,666.0,0.0,0.0,0.0,0.0,0.0,9.116870341368852,6.060352347076277,291.4765837633951
45.0,10.0,699.0,4.0,0.0,4.0,28.0,4.0,10.926996911510171,2.091357491523927,3359.5847249177777
45.0,10.0,467.0,8.0,16.0,48.0,328.0,38.0,10.992846352381914,4.889567097080952,2588.639508149574
94.0,7.0,449.0,65.0,252.0,224.0,96.0,31.0,7.129792028255913,7.953943705602926,6037.632720002375
59.0,6.0,516.0,0.0,0.0,0.0,0.0,0.0,19.91644946834205,8.956900290731532,120.48423438152408
43.0,8.0,513.0,0.0,0.0,0.0,0.0,0.0,19.9711007724438,8.866554824439056,57.39390318070417
60.0,3.0,140.0,0.0,0.0,0.0,0.0,0.0,10.992359728266454,8.988023525293112,652.9662592864788
28.0,1.0,806.0,0.0,0.0,0.0,0.0,0.0,11.145385982062368,19.080909732459805,280.51479408961046
58.0,6.0,21.0,0.0,0.0,0.0,0.0,0.0,20.893460523212305,12.060237075610758,195.89507452016397
60.0,3.0,142.0,0.0,0.0,0.0,0.0,0.0,10.112594180478908,7.850806918655606,985.1892679033476
26.0,8.0,659.0,0.0,0.0,0.0,0.0,0.0,13.16479108928923,4.971342995147809,641.5603513306339
68.0,3.0,213.0,0.0,0.0,0.0,0.0,0.0,7.201853401453375,3.9347035524962832,632.8929927235672
75.0,8.0,496.0,0.0,0.0,0.0,0.0,0.0,16.88673336388254,6.002419239875798,110.3215389935004
13.0,5.0,183.0,4.0,0.0,4.0,108.0,1.0,3.0205103540620217,11.142310429458664,1695.2334406759803
15.0,8.0,205.0,0.0,0.0,0.0,0.0,0.0,5.981668263996524,4.955899374400681,1559.7401266329634
13.0,5.0,179.0,0.0,8.0,28.0,161.0,2.0,4.205053923058393,10.00975680792097,2446.6043655489534
0.0,2.0,835.0,0.0,0.0,0.0,0.0,0.0,23.106979190963333,20.09886294797432,304.79601686510307
76.0,3.0,164.0,0.0,0.0,0.0,0.0,0.0,6.057444752852578,10.03811617371853,210.360161478915
74.0,8.0,526.0,0.0,0.0,0.0,0.0,0.0,12.79148701410062,2.9185266112998587,375.2516851135975
62.0,3.0,108.0,0.0,0.0,0.0,0.0,0.0,4.95795975758337,15.120520598661964,136.2963206906739
77.0,4.0,462.0,44.0,202.0,291.0,120.0,33.0,8.877583926641506,6.847770388526632,4989.391940062184
58.0,6.0,58.0,0.0,0.0,0.0,0.0,0.0,22.10573035979464,11.986951234775058,27.97089666497523
58.0,6.0,77.0,0.0,0.0,0.0,0.0,0.0,26.873887148927757,15.873762317604246,108.8960660672511
75.0,8.0,568.0,0.0,0.0,0.0,0.0,0.0,19.113466730005538,7.804772140031448,87.55895148129925
34.0,10.0,587.0,0.0,0.0,0.0,0.0,0.0,17.14623337295836,7.98048332463203,647.5899827748011
57.0,3.0,660.0,0.0,0.0,0.0,0.0,0.0,9.929931500870572,5.903842342142491,379.2585013751592
13.0,5.0,178.0,4.0,0.0,16.0,150.0,1.0,4.145357226613686,11.031738278241743,1887.4297391249909
59.0,6.0,629.0,0.0,0.0,0.0,0.0,0.0,23.236899540102836,12.143040487262958,273.27568009857026
29.0,10.0,342.0,0.0,0.0,0.0,0.0,0.0,18.17157184780138,9.958136554799538,757.2190275455657
81.0,0.0,477.0,12.0,100.0,106.0,367.0,12.0,6.064155486603259,8.936665373716394,3377.6808070553334
88.0,9.0,459.0,9.0,253.0,191.0,164.0,33.0,11.0216860506879,8.981865300826271,1630.1285408212702
59.0,6.0,603.0,0.0,0.0,0.0,0.0,0.0,25.036125736460168,14.04064340173938,177.1726992626716
74.0,8.0,581.0,0.0,0.0,0.0,0.0,0.0,17.089591244514292,6.012284077049939,170.82518676925133
27.0,2.0,400.0,0.0,0.0,0.0,4.0,0.0,17.977433407962675,15.12372488442651,151.93535193190684
75.0,8.0,496.0,0.0,0.0,0.0,0.0,0.0,15.900156723996542,5.95533219535775,145.6033675314059
59.0,6.0,620.0,0.0,0.0,0.0,0.0,0.0,23.968167776263137,11.935109222727965,66.98320422157235
75.0,8.0,498.0,0.0,0.0,0.0,0.0,0.0,15.927413354302669,5.041965563459553,120.51170173186468
71.0,9.0,299.0,8.0,24.0,51.0,406.0,5.0,13.05916650334265,9.10798061800934,1389.2966379980824
68.0,3.0,215.0,0.0,0.0,0.0,0.0,0.0,6.8210398483586365,5.810645980167719,377.03262614549067
24.0,8.0,702.0,0.0,0.0,4.0,8.0,4.0,10.947261695433877,0.0299488104192765,2355.151211647866
58.0,6.0,57.0,0.0,0.0,0.0,0.0,0.0,24.874231640024256,15.011987654255227,170.88485876655753
27.0,2.0,394.0,0.0,0.0,0.0,8.0,1.0,16.992015089633846,13.953806183583652,100.7794670997998
23.0,3.0,93.0,0.0,0.0,0.0,0.0,0.0,2.0944011338448294,9.989466832333957,450.84011030529945
70.0,3.0,91.0,0.0,0.0,0.0,0.0,0.0,7.106876883218799,13.117528509218646,160.73308884900905
2.0,11.0,467.0,4.0,52.0,46.0,467.0,17.0,9.895581486664154,6.061413724547816,3017.459021852384
74.0,8.0,708.0,0.0,0.0,0.0,4.0,1.0,11.953975319949496,1.9812606934993204,682.6117356672414
28.0,1.0,760.0,0.0,0.0,0.0,4.0,0.0,5.210399120214461,14.916631201801122,387.6858971178637
86.0,10.0,743.0,0.0,4.0,16.0,56.0,12.0,10.084218223758782,2.164166913804955,1972.986532309574
86.0,10.0,726.0,0.0,8.0,8.0,56.0,12.0,8.937890181763647,1.725690012870189,2578.2458194922783
25.0,8.0,684.0,0.0,0.0,0.0,0.0,0.0,20.011293657722344,10.005515695034472,276.77271254804737
45.0,10.0,356.0,0.0,4.0,20.0,82.0,13.0,13.01268027306049,6.006776582708562,3082.2750866453343
34.0,10.0,575.0,0.0,0.0,0.0,4.0,0.0,16.00660384816707,5.941935721275904,654.3116315306835
75.0,8.0,515.0,0.0,0.0,0.0,0.0,0.0,19.92600299697602,8.01546495296891,64.9164019737778
43.0,8.0,547.0,0.0,0.0,0.0,0.0,0.0,20.82816899419665,11.033081661185268,25.92019582440235
30.0,9.0,324.0,0.0,0.0,16.0,91.0,5.0,14.047263942963315,8.104671925911632,1583.6986567063054
16.0,1.0,419.0,0.0,16.0,64.0,443.0,4.0,7.0528465867001975,12.072510050996248,2080.164047978209
59.0,6.0,67.0,0.0,0.0,0.0,0.0,0.0,21.974967770850444,11.026568923983415,254.4233355729196
54.0,4.0,486.0,112.0,299.0,116.0,68.0,45.0,7.803918047744547,8.084409891815154,4944.107183053056
78.0,5.0,483.0,0.0,4.0,36.0,220.0,5.0,4.995947387968147,5.849476733517951,4011.443422167703
15.0,8.0,646.0,0.0,0.0,0.0,0.0,0.0,11.902125901017603,2.9437339347280744,605.0221645472407
78.0,5.0,222.0,0.0,0.0,0.0,48.0,4.0,4.833263192382435,4.801640338850852,3745.969692311922
73.0,6.0,17.0,0.0,0.0,0.0,0.0,0.0,21.064738283726143,11.907321854353397,189.7099469404012
63.0,2.0,373.0,0.0,0.0,0.0,4.0,1.0,18.11512389734944,13.944472817489592,1593.541082676492
45.0,10.0,740.0,4.0,8.0,24.0,129.0,23.0,9.950509352506812,4.039724070411813,3283.08980612301
94.0,7.0,443.0,47.0,178.0,306.0,118.0,34.0,7.95848326569064,7.034083747030749,5032.869061884936
93.0,1.0,774.0,0.0,0.0,0.0,4.0,0.0,5.913547104337936,14.986418462823409,583.3446926033157
17.0,3.0,96.0,0.0,0.0,0.0,0.0,0.0,0.9292637600561376,10.039667221896634,442.5718347558569
69.0,3.0,136.0,0.0,0.0,0.0,0.0,0.0,8.948013187724348,7.035762687304818,220.43269702735824
79.0,9.0,36.0,0.0,0.0,0.0,0.0,0.0,17.146222522077636,11.185182049457485,788.3419888040285
73.0,6.0,31.0,0.0,0.0,0.0,0.0,0.0,22.851761508313047,15.080614304732048,135.54560737288688
75.0,8.0,492.0,0.0,0.0,0.0,0.0,0.0,17.13252591858271,5.929503092861334,162.40868403089544
54.0,4.0,486.0,106.0,326.0,104.0,68.0,36.0,8.039619396121035,8.01311292293722,6869.745106501431
13.0,5.0,188.0,0.0,20.0,36.0,239.0,8.0,4.020286499892606,8.046246424126357,2432.6970928539604
86.0,10.0,465.0,8.0,36.0,40.0,387.0,19.0,9.834447571330294,4.967410902528583,1801.508260088682
34.0,10.0,720.0,0.0,0.0,0.0,4.0,0.0,13.809570775094386,3.9745959635602746,1011.742799333872
28.0,1.0,433.0,0.0,0.0,0.0,0.0,0.0,7.9522126625956835,15.814662944081126,533.2467178544717
20.0,9.0,337.0,0.0,0.0,0.0,32.0,1.0,15.888176428813528,8.982843378923103,1516.9039606569886
9.0,8.0,271.0,0.0,0.0,0.0,0.0,0.0,15.98044770894042,9.986833562115216,89.23638953167152
15.0,8.0,679.0,0.0,0.0,0.0,0.0,0.0,9.832619162179858,5.03231392975581,992.3765196218716
45.0,10.0,358.0,0.0,8.0,12.0,64.0,20.0,12.020007789110323,4.047466601432775,3290.2828170936014
24.0,8.0,708.0,0.0,0.0,0.0,4.0,1.0,10.986882988432418,1.0327400804965188,2019.959317346444
67.0,1.0,750.0,0.0,0.0,0.0,0.0,0.0,12.905748749843651,23.026770206088397,128.32097912613133
86.0,10.0,450.0,0.0,28.0,32.0,345.0,37.0,6.975133618645435,5.07220628614383,2242.1562339515176
74.0,8.0,581.0,0.0,0.0,0.0,0.0,0.0,17.043411002435914,6.09244351288557,87.30146548889391
59.0,6.0,617.0,0.0,0.0,0.0,0.0,0.0,20.08932499976345,9.050687986012246,153.12597516220416
66.0,2.0,34.0,0.0,0.0,0.0,0.0,0.0,19.989955501426955,12.901916085916618,474.32992784618114
45.0,10.0,715.0,0.0,0.0,8.0,32.0,7.0,12.177347845179543,3.0955195518932483,2507.34493173691
72.0,3.0,164.0,0.0,0.0,0.0,0.0,0.0,7.064372981872359,10.05721270164673,521.8201165760396
15.0,8.0,652.0,0.0,0.0,0.0,0.0,0.0,10.908272875603307,1.9846987401903589,1361.2269907795906
24.0,8.0,723.0,0.0,0.0,0.0,4.0,0.0,13.910750597455694,3.1098939994231976,1431.9981237312882
74.0,8.0,723.0,0.0,0.0,0.0,4.0,0.0,13.023580958303608,1.9855092653503177,523.7446989367743
57.0,3.0,660.0,0.0,0.0,0.0,0.0,0.0,9.989541280450172,6.028857101296821,439.4910694361722
74.0,8.0,534.0,0.0,0.0,0.0,0.0,0.0,15.125501744076482,3.891309831286584,328.189663496404
0.0,2.0,816.0,0.0,0.0,0.0,0.0,0.0,24.056253096108367,20.848234126181406,454.938339738925
63.0,2.0,401.0,0.0,0.0,0.0,8.0,0.0,17.114276263249792,12.09591650924669,2970.870271415231
31.0,3.0,148.0,0.0,0.0,0.0,0.0,0.0,10.082323427703235,12.019176179649037,21.70840965232348
0.0,2.0,815.0,0.0,0.0,0.0,0.0,0.0,26.19882269590444,22.11517539571466,329.3695364728691
37.0,1.0,415.0,0.0,0.0,16.0,397.0,3.0,8.990361780910444,12.977356388892836,1780.5917002811705
32.0,6.0,561.0,0.0,0.0,0.0,0.0,0.0,18.23184121136459,7.8514868881849535,220.23831635873
43.0,8.0,550.0,0.0,0.0,0.0,0.0,0.0,20.88343327193212,12.04363738424407,59.85614173719188
33.0,3.0,127.0,0.0,0.0,0.0,0.0,0.0,13.034329665575576,10.878302166144712,155.9243515989042
67.0,1.0,202.0,0.0,0.0,4.0,0.0,0.0,3.852522596333195,13.054695782618174,470.16005701109583
68.0,3.0,244.0,0.0,0.0,0.0,0.0,0.0,6.038651016382235,8.98373959862559,162.30848775203214
4.0,0.0,490.0,56.0,225.0,210.0,114.0,13.0,7.131466688832995,9.0353605608204,6370.079036753376
63.0,2.0,300.0,8.0,8.0,36.0,369.0,6.0,13.101778052036344,10.99428081647691,2361.090920951201
31.0,3.0,125.0,0.0,0.0,0.0,0.0,0.0,8.983687591742571,11.007770260860914,150.481353860955
69.0,3.0,160.0,0.0,0.0,0.0,0.0,0.0,6.22628425035603,9.068256709421062,64.26742415268419
60.0,3.0,289.0,0.0,0.0,0.0,0.0,0.0,13.118237362149763,9.06466546728198,457.2350018239521
63.0,2.0,399.0,0.0,0.0,0.0,12.0,1.0,16.979851711098874,13.952338962408048,2047.9578449595533
35.0,7.0,461.0,130.0,272.0,124.0,80.0,40.0,8.991624151967988,7.926696475331854,2163.802992241208
23.0,3.0,235.0,0.0,0.0,0.0,0.0,1.0,2.8710507906435425,8.029413053388529,763.5877724728367
63.0,2.0,378.0,0.0,0.0,0.0,0.0,0.0,18.855898795469447,13.959936208534064,1861.1817570210571
28.0,1.0,752.0,0.0,0.0,0.0,0.0,0.0,7.9954026809919,17.895198971338278,176.95785064445667
67.0,1.0,258.0,0.0,0.0,0.0,0.0,0.0,6.093547050874725,16.099714098447222,91.44876871467284
74.0,8.0,536.0,0.0,0.0,0.0,0.0,0.0,16.16180303132367,4.907842259312933,340.0595779224361
48.0,0.0,475.0,4.0,28.0,64.0,383.0,11.0,5.032576997482383,9.0359520137792,3415.7579780997644
62.0,3.0,84.0,0.0,0.0,0.0,0.0,0.0,5.0522375716047545,13.07352523207569,165.5266528941001
25.0,8.0,683.0,0.0,0.0,0.0,0.0,0.0,18.13775423563129,7.953732206412609,185.9557782278376
32.0,6.0,584.0,0.0,0.0,0.0,0.0,0.0,14.996791618035983,4.061136856219493,633.860808837598
75.0,8.0,516.0,0.0,0.0,0.0,0.0,0.0,21.001498692235455,10.102803735351635,138.93629690323164
15.0,8.0,679.0,0.0,0.0,0.0,0.0,0.0,9.829268516526955,5.022730930540527,1298.9493860069365
32.0,6.0,582.0,0.0,0.0,0.0,0.0,0.0,17.10922550358629,5.9431310447445735,541.3095309136365
32.0,6.0,719.0,0.0,0.0,0.0,4.0,0.0,14.83282324118068,4.065297375533182,1062.829096481966
15.0,8.0,648.0,0.0,0.0,0.0,0.0,0.0,11.956336272399165,2.0645968076808376,1385.7261932477231
15.0,8.0,218.0,0.0,0.0,8.0,80.0,4.0,6.029174863367999,5.068230875911714,2425.249527068304
26.0,8.0,675.0,0.0,0.0,0.0,0.0,0.0,10.955813126854157,4.031980067206502,1002.8667194152226
68.0,3.0,242.0,0.0,0.0,0.0,0.0,0.0,6.069433841052378,7.032864265352168,469.6265088292954
24.0,8.0,698.0,0.0,0.0,4.0,4.0,0.0,11.98337722573346,1.1215517924665166,1710.4678345697714
48.0,0.0,471.0,8.0,44.0,92.0,394.0,12.0,4.913234637846157,8.862127259351213,3183.3650664430606
17.0,3.0,234.0,0.0,0.0,0.0,0.0,1.0,3.02408376024154,8.208973890940541,523.2456268589011
9.0,8.0,271.0,0.0,0.0,0.0,0.0,0.0,16.115322804032708,9.944647206615484,147.1915437284844
15.0,8.0,678.0,0.0,0.0,0.0,0.0,1.0,9.112200947418067,3.9512303208993855,1130.9210206469068
13.0,5.0,179.0,0.0,8.0,28.0,188.0,2.0,3.9201648138931215,9.955314319647888,1575.9907268587929
27.0,2.0,839.0,0.0,0.0,0.0,0.0,0.0,24.99837701657871,22.940034907369377,41.50988378538031
77.0,4.0,457.0,36.0,281.0,182.0,148.0,33.0,9.85465147819763,7.8011110057243505,4331.56337629468
15.0,8.0,646.0,0.0,0.0,0.0,0.0,0.0,12.159755212061944,2.950328241015492,528.305569307794
31.0,3.0,153.0,0.0,0.0,0.0,0.0,0.0,8.121550481456033,12.951395146901527,133.98072205891916
64.0,6.0,33.0,0.0,0.0,0.0,0.0,0.0,19.011375520247256,11.013700016217038,1142.6797571154027
23.0,3.0,245.0,0.0,0.0,0.0,0.0,0.0,4.225524367639371,8.0118776824277,362.777871553064
45.0,10.0,717.0,0.0,8.0,4.0,60.0,12.0,12.161149108101393,3.0545410365020635,3733.0761837269297
94.0,7.0,449.0,32.0,177.0,239.0,173.0,38.0,7.169604513910008,8.026709922464468,4173.78561354138
77.0,4.0,317.0,107.0,197.0,96.0,116.0,13.0,8.893125375987843,10.149523183502987,2892.7758495243247
62.0,3.0,84.0,0.0,0.0,0.0,0.0,0.0,5.825278371614882,12.920662409798124,61.59573332663697
4.0,0.0,486.0,83.0,286.0,164.0,84.0,33.0,8.010310950361726,8.158297347737552,6120.294211462273
48.0,0.0,476.0,8.0,28.0,80.0,422.0,11.0,4.926174074045872,7.974006289179194,1811.972963452979
68.0,3.0,240.0,0.0,0.0,0.0,0.0,0.0,6.033107512254918,6.882318195170916,232.8659717574867
60.0,3.0,290.0,0.0,0.0,0.0,0.0,0.0,14.10113074370388,9.941385643944802,733.968714453648
59.0,6.0,617.0,0.0,0.0,0.0,0.0,0.0,20.915161063839367,9.95580076467455,118.47610616503243
63.0,2.0,399.0,0.0,0.0,0.0,8.0,0.0,16.909327679814798,13.824039702260489,1333.5900137046142
88.0,9.0,460.0,26.0,85.0,331.0,195.0,32.0,10.992353009567518,8.041055105687294,2375.153308037889
38.0,0.0,449.0,32.0,201.0,260.0,132.0,35.0,7.275463153269886,8.048428325830534,5088.705711930967
32.0,6.0,587.0,0.0,0.0,0.0,0.0,0.0,17.13198968563206,7.05710703212216,380.0003000366648
63.0,2.0,376.0,0.0,0.0,0.0,0.0,0.0,19.05327184781708,12.988897315249842,1620.297168243359
51.0,11.0,446.0,12.0,110.0,295.0,236.0,38.0,7.929195087875523,6.027386395556885,2586.4268378886
22.0,2.0,304.0,8.0,16.0,46.0,403.0,2.0,12.893893518118343,11.013771480585437,3377.78248138849
57.0,3.0,134.0,0.0,0.0,0.0,0.0,0.0,8.862254852109759,7.957844495236277,97.4788494582256
19.0,1.0,181.0,0.0,8.0,60.0,308.0,5.0,4.988894101031836,10.116942863569378,1542.1217855117875
86.0,10.0,725.0,0.0,4.0,4.0,48.0,10.0,7.8246191803790754,2.140642621923379,2280.7706900816206
53.0,4.0,488.0,188.0,210.0,81.0,96.0,18.0,8.997307009913444,9.12540718511689,6601.028835631256
50.0,11.0,446.0,35.0,180.0,315.0,123.0,32.0,7.9875866554062975,7.004543548281416,2962.166082555682
68.0,3.0,135.0,0.0,0.0,0.0,0.0,0.0,8.067035881425817,6.955328316555702,227.69012299304308
23.0,3.0,247.0,0.0,0.0,0.0,24.0,2.0,4.0815575049283295,6.0244828038697,1797.9092902181678
34.0,10.0,700.0,0.0,4.0,0.0,12.0,5.0,12.168632248933395,1.77106517519123,1088.9779950137736
70.0,3.0,112.0,0.0,0.0,0.0,0.0,0.0,6.963340004635806,12.976550600842105,128.44014192042584
15.0,8.0,222.0,0.0,0.0,4.0,64.0,7.0,5.023165458997126,4.924449199721791,2499.4993654578097
59.0,6.0,68.0,0.0,0.0,0.0,0.0,0.0,22.6944008734942,13.02712753757814,98.67318695066714
45.0,10.0,356.0,4.0,0.0,20.0,82.0,14.0,12.938469825375655,6.106723800733004,2813.9260295017943
66.0,2.0,48.0,0.0,0.0,0.0,0.0,0.0,20.19473114527512,13.022014916598604,604.1560480644905
59.0,6.0,606.0,0.0,0.0,0.0,0.0,0.0,25.16798074632762,13.961802318318751,117.81283987557366
70.0,3.0,90.0,0.0,0.0,0.0,0.0,0.0,6.158630763763417,13.082349525439222,114.60006437997215
57.0,3.0,145.0,0.0,0.0,0.0,0.0,0.0,12.125787093617287,9.887476502126145,140.3610457905725
45.0,10.0,741.0,4.0,8.0,12.0,72.0,16.0,10.962620368397165,4.051121817560365,3234.773986068942
15.0,8.0,635.0,0.0,0.0,0.0,0.0,1.0,12.023848145414073,5.057479809355265,1267.4762556268363
32.0,6.0,588.0,0.0,0.0,0.0,0.0,0.0,18.080874863086365,8.221175061490312,145.5260477667827
91.0,0.0,471.0,16.0,52.0,117.0,388.0,13.0,5.142681594948889,7.938324509848219,3557.9932170337456
0.0,2.0,812.0,0.0,0.0,0.0,0.0,0.0,26.10809996067901,22.038992572362076,752.2666342188885
78.0,5.0,219.0,0.0,0.0,0.0,24.0,2.0,7.026548676386977,3.8851271370958775,2874.619009686712
4.0,0.0,489.0,45.0,264.0,178.0,118.0,13.0,7.149738042821912,9.136003215447886,4738.277406581758
15.0,8.0,229.0,0.0,0.0,0.0,0.0,0.0,7.064611467705987,4.018899632517694,1828.441346247367
59.0,6.0,608.0,0.0,0.0,0.0,0.0,0.0,24.12448400875791,12.9677537272394,163.0680053692392
0.0,2.0,823.0,0.0,0.0,0.0,0.0,0.0,24.00630232898556,19.020654942622173,348.4537268366045
29.0,10.0,329.0,0.0,0.0,8.0,44.0,4.0,13.10790147216402,4.900846406372189,1162.888853766503
57.0,3.0,144.0,0.0,0.0,0.0,0.0,0.0,10.094802622749269,9.999043635980708,137.136000098575
82.0,8.0,526.0,0.0,0.0,0.0,0.0,0.0,13.952802528381254,3.045219919331337,237.51828702549125
28.0,1.0,809.0,0.0,0.0,0.0,0.0,0.0,11.020461526149194,19.8927653808966,294.7464857939336
48.0,0.0,476.0,8.0,36.0,100.0,416.0,12.0,4.90896747239085,8.980444723614506,1468.9516366673656
86.0,10.0,453.0,4.0,8.0,44.0,292.0,49.0,7.997679128105966,3.915712828490126,1345.946037224176
66.0,2.0,338.0,0.0,0.0,0.0,24.0,1.0,16.14543924977774,11.022186657593153,935.3115645454164
63.0,2.0,382.0,0.0,0.0,0.0,0.0,0.0,18.80081938295031,12.92502266239724,551.459932484108
15.0,8.0,652.0,0.0,0.0,0.0,0.0,0.0,11.159736418554314,1.9557698278833375,1179.552254323822
50.0,11.0,458.0,12.0,83.0,252.0,290.0,24.0,9.987364386101325,6.939483804509912,2386.965133051808
25.0,8.0,504.0,0.0,0.0,0.0,0.0,0.0,19.35001930881455,8.92543796932369,188.8006699487934
82.0,8.0,539.0,0.0,0.0,0.0,0.0,0.0,15.018663002437462,4.031965284635047,318.25765508228403
33.0,3.0,291.0,0.0,0.0,0.0,0.0,0.0,13.126884070322127,10.982258878164972,318.6537792129702
82.0,8.0,709.0,0.0,0.0,0.0,4.0,0.0,13.026311091957888,2.06092155422659,452.4960587619609
91.0,0.0,471.0,12.0,48.0,96.0,401.0,12.0,4.914093148462733,8.92720248705494,3802.0563573384825
93.0,1.0,430.0,0.0,0.0,0.0,16.0,0.0,8.133239089637131,14.10338890610313,644.2423955045325
43.0,8.0,558.0,0.0,0.0,0.0,0.0,0.0,21.136401480557662,10.080233256698868,66.0123649209153
59.0,6.0,598.0,0.0,0.0,0.0,0.0,0.0,22.037254631905117,10.978430879748345,139.15304651133067
57.0,3.0,140.0,0.0,0.0,0.0,0.0,0.0,11.202610422387265,9.026956365295325,64.51886000532153
86.0,10.0,464.0,16.0,40.0,110.0,467.0,18.0,9.959850727869926,6.038526869523049,2079.4505562867867
69.0,3.0,159.0,0.0,0.0,0.0,0.0,0.0,6.845604414308607,9.959369793266523,257.94072831000767
0.0,2.0,388.0,0.0,0.0,0.0,0.0,0.0,21.18402487548428,16.084386747096996,675.5230473527487
17.0,3.0,99.0,0.0,0.0,0.0,0.0,0.0,1.9328282444409448,10.958474335441764,120.60654237182136
33.0,3.0,294.0,0.0,0.0,0.0,0.0,0.0,12.878833620316565,13.132595002297949,69.85367194892456
25.0,8.0,521.0,0.0,0.0,0.0,0.0,0.0,15.896896183321187,5.157198172538505,626.4430041782473
15.0,8.0,662.0,0.0,0.0,0.0,0.0,1.0,9.864626662308687,5.071639819038362,1053.589639224694
34.0,10.0,577.0,0.0,0.0,0.0,12.0,0.0,13.972463874558429,4.111728299414104,1690.2160089515528
28.0,1.0,748.0,0.0,0.0,0.0,0.0,0.0,12.124253206539644,20.920806675832097,142.58989988491135
78.0,5.0,725.0,0.0,8.0,0.0,48.0,7.0,8.92221299415061,1.981382628125809,3689.7137240451407
43.0,8.0,545.0,0.0,0.0,0.0,0.0,0.0,21.12766450967329,10.94910736388812,83.98106054885676
9.0,8.0,278.0,0.0,0.0,0.0,0.0,0.0,18.885498965034117,13.049875698424698,146.38139583095253
66.0,2.0,404.0,0.0,0.0,0.0,4.0,1.0,18.02554441257194,12.997576795597771,515.1370275420287
26.0,8.0,640.0,0.0,0.0,0.0,0.0,0.0,14.948480496273175,8.012375981620238,352.8446242328458
43.0,8.0,513.0,0.0,0.0,0.0,0.0,0.0,19.97571999066251,9.053067781254384,81.84814143632806
29.0,10.0,320.0,0.0,0.0,4.0,56.0,0.0,15.002690100336189,8.832922804384463,1279.7933986918993
89.0,0.0,449.0,20.0,228.0,283.0,90.0,45.0,6.885385676063245,7.850962339675314,5789.402396678052
24.0,8.0,708.0,0.0,0.0,0.0,4.0,1.0,12.126467274489125,0.957716633590337,1252.8429617691577
67.0,1.0,756.0,0.0,0.0,0.0,0.0,0.0,7.947835002151805,18.025439514468037,91.0327612329701
29.0,10.0,42.0,0.0,0.0,0.0,0.0,0.0,18.0145656957484,8.971921824968579,276.1182108814644
73.0,6.0,0.0,0.0,0.0,0.0,0.0,0.0,26.848720423266883,17.9046835874725,42.95222257633437
93.0,1.0,434.0,0.0,0.0,0.0,0.0,0.0,8.29438747728323,15.0263617826446,338.45248970875565
27.0,2.0,367.0,0.0,0.0,0.0,0.0,0.0,18.07709172640022,15.932733298225513,194.2263406275353
23.0,3.0,248.0,0.0,0.0,4.0,92.0,1.0,2.632986695670068,7.112223591507642,1550.002839587059
56.0,4.0,461.0,205.0,179.0,116.0,76.0,41.0,8.912449922303395,8.867704056730362,7658.762185068711
49.0,11.0,445.0,29.0,246.0,275.0,76.0,31.0,8.19990548081746,6.8738102742769405,3208.9402080395985
71.0,9.0,310.0,0.0,8.0,8.0,142.0,1.0,13.92113944379242,12.07292536446934,2999.208535673621
73.0,6.0,6.0,0.0,0.0,0.0,0.0,0.0,25.915184193973246,17.10398750154969,188.8413066262271
75.0,8.0,496.0,0.0,0.0,0.0,0.0,0.0,16.16322720643686,6.087577625825086,165.09614091163075
68.0,3.0,208.0,0.0,0.0,0.0,0.0,0.0,4.108529655454233,7.015318354009905,747.0748466491174
29.0,10.0,333.0,0.0,0.0,0.0,4.0,0.0,16.864660043500223,9.73332270242426,683.846842378915
17.0,3.0,193.0,0.0,0.0,0.0,4.0,0.0,1.0043021752304455,11.97087101513302,195.518336574585
24.0,8.0,732.0,0.0,0.0,0.0,4.0,0.0,11.140210696424017,0.9630877137281844,2542.1981233634533
60.0,3.0,671.0,0.0,0.0,0.0,0.0,0.0,12.098702730649311,8.809691291461839,745.7549219506899
76.0,3.0,243.0,0.0,0.0,0.0,0.0,0.0,5.052046307501366,7.903146525288288,215.724342565814
14.0,4.0,485.0,90.0,299.0,124.0,88.0,13.0,8.167542867232033,9.058597951365966,4674.881135106876
45.0,10.0,467.0,8.0,28.0,36.0,345.0,31.0,10.973128783567144,5.970738380928137,2895.812491576231
61.0,1.0,434.0,0.0,0.0,0.0,4.0,0.0,7.945985228999675,15.018571242985267,844.9323136556354
1.0,11.0,460.0,26.0,181.0,258.0,168.0,33.0,9.962645622340808,8.072874293111585,3120.74169834448
62.0,3.0,106.0,0.0,0.0,0.0,0.0,0.0,3.073441134076342,11.095110755265733,145.8691032268038
78.0,5.0,725.0,0.0,8.0,0.0,52.0,9.0,9.070241290224336,2.015531296198522,3294.9890624355166
42.0,7.0,445.0,52.0,220.0,288.0,84.0,29.0,8.206196547824872,6.991069937790441,3961.018385494743
68.0,3.0,243.0,0.0,0.0,0.0,0.0,0.0,4.9113859530431965,8.036490160042328,516.3186050212629
28.0,1.0,805.0,0.0,0.0,0.0,0.0,0.0,12.056995135965956,19.938372654177392,159.70590958169848
72.0,3.0,101.0,0.0,0.0,0.0,0.0,0.0,4.932005373649822,9.939278280972,364.66009870096417
28.0,1.0,779.0,0.0,0.0,0.0,0.0,0.0,7.062909223053058,16.03829520827298,413.5509474548066
69.0,3.0,136.0,0.0,0.0,0.0,0.0,0.0,8.122544446101717,7.137401103306205,240.3502674852567
45.0,10.0,347.0,0.0,16.0,28.0,277.0,36.0,11.945864422065396,7.258437462806168,3151.8363820179493
68.0,3.0,208.0,0.0,0.0,0.0,0.0,0.0,5.045595393906076,5.944549397511652,849.1488665021405
62.0,3.0,117.0,0.0,0.0,0.0,0.0,0.0,3.925269376748655,13.85090360679436,205.87594908269455
66.0,2.0,392.0,0.0,0.0,0.0,0.0,0.0,20.012601433578237,14.898058021972428,472.2340283381855
59.0,6.0,629.0,0.0,0.0,0.0,0.0,0.0,23.00579228746452,11.92758653348212,266.0144146440944
9.0,8.0,272.0,0.0,0.0,0.0,0.0,0.0,13.981827211233906,8.920984435257441,168.0714945437931
16.0,1.0,420.0,32.0,60.0,234.0,267.0,11.0,7.049933869546532,9.881674003611677,1630.1527403080524
0.0,2.0,813.0,0.0,0.0,0.0,0.0,0.0,25.88963367952267,20.9798866881349,357.53434249887505
15.0,8.0,207.0,0.0,0.0,0.0,8.0,0.0,5.971466401016146,4.982924433621462,2072.065177150784
72.0,3.0,150.0,0.0,0.0,0.0,0.0,0.0,9.177225554539044,10.812765738079625,73.61021990804839
73.0,6.0,13.0,0.0,0.0,0.0,0.0,0.0,21.93449301001653,14.139754385087,223.9554302171122
11.0,5.0,476.0,4.0,20.0,56.0,326.0,11.0,4.016379663399976,8.061156980906517,2995.7943007435933
29.0,10.0,33.0,0.0,0.0,0.0,0.0,0.0,19.01185130208589,11.077859868325564,784.1525035997664
23.0,3.0,248.0,0.0,0.0,12.0,100.0,1.0,2.982861634372627,6.911043714429453,2292.474757652514
68.0,3.0,240.0,0.0,0.0,0.0,0.0,0.0,5.972869910470994,8.146464832561314,170.5316030207201
64.0,6.0,15.0,0.0,0.0,0.0,0.0,0.0,20.97864883671971,12.024859381519263,580.549678820072
17.0,3.0,98.0,0.0,0.0,0.0,0.0,0.0,2.9408762572801845,11.09391025950136,173.99753018869157
20.0,9.0,334.0,0.0,0.0,0.0,4.0,1.0,16.960330267444906,10.902239949059467,722.1690178097369
65.0,1.0,774.0,0.0,0.0,0.0,4.0,0.0,6.163750203122634,14.264603716399357,692.11964256134
74.0,8.0,704.0,0.0,0.0,0.0,4.0,0.0,12.859936131222588,2.004891137166469,370.9749489564821
59.0,6.0,600.0,0.0,0.0,0.0,0.0,0.0,21.943052467128755,10.933434158574352,143.51165330791247
78.0,5.0,218.0,0.0,0.0,0.0,60.0,3.0,6.146477922779351,4.971245974081692,2403.629964447956
31.0,3.0,149.0,0.0,0.0,0.0,0.0,0.0,8.12230090327043,10.94523051031296,97.84153696187182
17.0,3.0,196.0,0.0,0.0,0.0,0.0,0.0,1.9759443096706288,12.90051629329712,112.81407384199642
15.0,8.0,223.0,0.0,0.0,0.0,40.0,4.0,5.974418710467781,5.004516779474945,1532.923550748597
59.0,6.0,565.0,0.0,0.0,0.0,0.0,0.0,20.37370289583108,8.88078637974517,115.58992784816688
86.0,10.0,450.0,8.0,24.0,40.0,399.0,51.0,8.04233216990498,5.14037936786987,2306.453099756022
77.0,4.0,302.0,12.0,72.0,251.0,246.0,11.0,12.180130545131508,10.061949984021409,3090.8178389194018
3.0,0.0,490.0,87.0,285.0,157.0,92.0,17.0,6.993316135661306,9.03906355985803,2915.9500350568
45.0,10.0,741.0,0.0,12.0,12.0,68.0,14.0,10.925831216448588,4.032016077414365,3181.320975895587
45.0,10.0,714.0,0.0,0.0,0.0,20.0,1.0,13.086788637887413,4.070002788456117,3111.291714738177
59.0,6.0,611.0,0.0,0.0,0.0,0.0,0.0,25.098744920963767,13.103294149329908,127.6959077158402
23.0,3.0,93.0,0.0,0.0,0.0,0.0,0.0,1.9423836038448727,10.913123556940617,195.7226976461858
74.0,8.0,723.0,0.0,0.0,0.0,4.0,0.0,13.160920390108338,2.025948558173128,428.7931033418771
93.0,1.0,432.0,0.0,0.0,0.0,0.0,0.0,8.93312584441104,16.093050427149596,320.4897295998811
66.0,2.0,404.0,0.0,0.0,0.0,4.0,1.0,17.656964609182396,13.040128865747617,619.2850610871941
38.0,0.0,449.0,79.0,245.0,233.0,72.0,42.0,6.880516839959078,7.911644690030835,4689.38043502801
94.0,7.0,461.0,189.0,225.0,104.0,80.0,44.0,9.205060910546104,9.053483783614803,3278.9648371084813
59.0,6.0,552.0,0.0,0.0,0.0,0.0,0.0,22.14332631149076,10.927997437437732,156.31083244501443
86.0,10.0,744.0,4.0,16.0,24.0,148.0,40.0,10.146891455225008,3.9709767294040312,1684.7686659575766
25.0,8.0,524.0,0.0,0.0,0.0,0.0,0.0,13.943482588102128,4.04742360799219,927.5370887248235
77.0,4.0,463.0,89.0,253.0,153.0,132.0,30.0,9.94836884546876,8.85948961135167,4542.783521430163
74.0,8.0,718.0,0.0,0.0,0.0,4.0,0.0,13.82996676947106,2.973183617493373,365.1290387569485
82.0,8.0,646.0,0.0,0.0,0.0,0.0,0.0,11.903943294765728,3.013406637357449,405.060944212412
59.0,6.0,604.0,0.0,0.0,0.0,0.0,0.0,25.0130607602734,14.022296453168693,136.83160691805418
80.0,3.0,149.0,0.0,0.0,0.0,0.0,0.0,8.013794000687605,12.002048027996414,173.82220086353857
29.0,10.0,319.0,0.0,0.0,4.0,40.0,0.0,13.808172188657348,7.002861541270159,1241.1530386463826
15.0,8.0,678.0,0.0,0.0,0.0,0.0,1.0,9.016440463019846,5.15669405503654,1103.6480457570303
45.0,10.0,465.0,0.0,8.0,48.0,236.0,35.0,10.122279591582116,3.954194921051938,2504.9767987680552
9.0,8.0,668.0,0.0,0.0,0.0,0.0,0.0,13.24952470269786,8.078902213750354,103.01038204126397
59.0,6.0,594.0,0.0,0.0,0.0,0.0,0.0,22.83882335907925,11.973438473635458,146.32993846542084
57.0,3.0,216.0,0.0,0.0,0.0,0.0,0.0,7.842129487792974,6.033892485529069,214.57519697426773
24.0,8.0,703.0,4.0,0.0,8.0,28.0,6.0,10.964492035977704,1.0115643484999166,1990.2616772636327
67.0,1.0,780.0,0.0,0.0,0.0,0.0,0.0,9.711600129720924,19.84889082307494,80.30591609031433
68.0,3.0,210.0,0.0,0.0,0.0,0.0,0.0,5.099608171558671,6.118182198007634,753.8104802436899
61.0,1.0,430.0,0.0,0.0,0.0,0.0,0.0,7.929278599811028,15.05660979303716,781.4985787306713
23.0,3.0,96.0,0.0,0.0,0.0,0.0,0.0,2.104774430169401,9.983177491792537,684.0706434398298
43.0,8.0,547.0,0.0,0.0,0.0,0.0,0.0,21.10518926497289,10.0559786567684,88.29321761891102
93.0,1.0,442.0,0.0,0.0,0.0,8.0,0.0,6.9851180345441,13.982546396393971,1235.005076455254
13.0,5.0,475.0,0.0,16.0,56.0,313.0,6.0,4.201516168203465,8.95497345848262,2155.657082580081
24.0,8.0,706.0,0.0,0.0,0.0,4.0,0.0,12.787327153279596,1.9279184153414544,1193.2008441842415
60.0,3.0,290.0,0.0,0.0,0.0,0.0,0.0,13.91408196342783,10.09061958777056,988.1952337647344
59.0,6.0,568.0,0.0,0.0,0.0,0.0,0.0,19.024613960396017,8.0674675285878,146.4482907145063
29.0,10.0,589.0,0.0,0.0,0.0,0.0,0.0,17.054786375104445,7.857492764042268,1047.1003002862712
21.0,9.0,337.0,0.0,0.0,0.0,24.0,1.0,16.134698968139066,8.971412585894063,1365.1015868351176
14.0,4.0,491.0,16.0,112.0,280.0,181.0,12.0,8.047382729942939,10.971621849180146,3589.009865416227
37.0,1.0,200.0,0.0,4.0,0.0,72.0,0.0,3.9625798857900976,11.985139382958108,2150.3362539635195
21.0,9.0,320.0,0.0,0.0,12.0,60.0,2.0,14.018096384934584,8.00742073249392,1015.1943967986308
61.0,1.0,800.0,0.0,0.0,0.0,0.0,0.0,10.225595840493137,16.845152314194287,572.396801822507
21.0,9.0,338.0,0.0,0.0,0.0,28.0,1.0,16.09249575727908,9.912046836837922,1184.943800707376
15.0,8.0,213.0,0.0,0.0,0.0,0.0,0.0,7.093586386862411,5.0107488391412645,1114.7825418153325
14.0,4.0,490.0,52.0,178.0,258.0,117.0,13.0,6.910982821528433,8.903995136131432,8443.743519104844
57.0,3.0,120.0,0.0,0.0,0.0,0.0,0.0,9.816510172079536,10.040341027789042,244.38638549021528
32.0,6.0,575.0,0.0,0.0,0.0,0.0,0.0,15.883293972176595,5.947836480661154,772.5428092853197
24.0,8.0,743.0,0.0,4.0,8.0,56.0,11.0,9.82639740788725,2.0630769502532025,1835.1644487810568
15.0,8.0,229.0,0.0,0.0,0.0,0.0,0.0,6.892730824327977,3.9818125846122743,1557.8585052290196
74.0,8.0,708.0,0.0,0.0,0.0,4.0,1.0,11.960929965782364,2.0707822166688192,594.2600869055366
67.0,1.0,746.0,0.0,0.0,0.0,0.0,0.0,11.916172228726277,22.077823767543716,86.89062444267036
56.0,4.0,461.0,184.0,218.0,112.0,80.0,44.0,9.003945506641239,8.932353898004932,8576.12689753527
9.0,8.0,690.0,0.0,0.0,0.0,0.0,0.0,16.903234377816677,11.018325946452354,124.41518503853098
88.0,9.0,302.0,8.0,54.0,216.0,283.0,11.0,11.80711091175735,10.048734610243642,3045.520405770134
9.0,8.0,689.0,0.0,0.0,0.0,0.0,0.0,15.924630428187392,10.099528861853866,155.37769472447692
70.0,3.0,92.0,0.0,0.0,0.0,0.0,0.0,6.133613339076027,12.990777419099178,149.95726623329662
66.0,2.0,48.0,0.0,0.0,0.0,0.0,0.0,19.97407770270234,12.88082179786,321.454574321487
63.0,2.0,373.0,0.0,0.0,0.0,0.0,1.0,17.936188371405976,13.85913662188873,375.8607020444354
66.0,2.0,379.0,0.0,0.0,0.0,0.0,0.0,19.93513790443864,14.04529608030983,243.00594463538792
32.0,6.0,585.0,0.0,0.0,0.0,0.0,0.0,16.001262487900846,4.819607211006398,391.1632101102426
64.0,6.0,35.0,0.0,0.0,0.0,0.0,0.0,18.88096866297761,11.99159792061044,942.4797512607834
13.0,5.0,188.0,0.0,12.0,36.0,221.0,11.0,4.046081497596807,8.187839845051322,1604.9092528098038
17.0,3.0,98.0,0.0,0.0,0.0,0.0,0.0,3.001982094072991,11.03346342665819,114.58464428636836
45.0,10.0,354.0,0.0,4.0,16.0,60.0,18.0,12.00680466506543,3.921985662090005,4046.0492436354007
76.0,3.0,162.0,0.0,0.0,0.0,0.0,0.0,7.116952392234649,11.140479104925,148.85370761011393
14.0,4.0,486.0,128.0,299.0,108.0,68.0,42.0,7.923343394305264,8.148236753351478,4792.239990315809
15.0,8.0,679.0,0.0,0.0,0.0,0.0,0.0,10.06128527426009,3.967968237275039,982.5104577924848
72.0,3.0,161.0,0.0,0.0,0.0,0.0,0.0,5.993024728223723,9.079452700847066,530.2477852653938
25.0,8.0,531.0,0.0,0.0,0.0,0.0,0.0,15.0526424607085,5.992680583652528,559.2846905486276
60.0,3.0,289.0,0.0,0.0,0.0,0.0,0.0,12.01424862485082,9.0560485712563,393.6355983725877
73.0,6.0,11.0,0.0,0.0,0.0,0.0,0.0,20.86600560095172,13.004682458311803,111.70735364294804
65.0,1.0,181.0,0.0,12.0,68.0,338.0,5.0,5.047249495457935,10.15931023288478,1144.758327550821
32.0,6.0,560.0,0.0,0.0,0.0,0.0,0.0,18.026853286126364,8.081773884368081,423.4815579967906
26.0,8.0,641.0,0.0,0.0,0.0,0.0,0.0,13.983875681286335,6.8557499649140565,686.0065727609431
63.0,2.0,300.0,8.0,16.0,32.0,417.0,5.0,13.015876594671234,10.977809797986104,2390.06967925371
57.0,3.0,121.0,0.0,0.0,0.0,0.0,0.0,8.935668340024273,9.065642124451031,218.9551476549476
79.0,9.0,37.0,0.0,0.0,0.0,0.0,0.0,17.988722940719754,10.179096954520867,341.2408682961424
78.0,5.0,222.0,0.0,0.0,0.0,56.0,4.0,5.005238717719126,5.0586575263671865,3631.948870899932
25.0,8.0,687.0,0.0,0.0,0.0,0.0,0.0,16.830981281265085,8.074299931694096,790.9876493655212
44.0,8.0,638.0,0.0,0.0,0.0,0.0,1.0,10.849583788825916,5.041901034213226,432.0809048892956
24.0,8.0,706.0,0.0,0.0,0.0,4.0,0.0,13.007467875524137,1.030965711914486,940.496614334142
32.0,6.0,562.0,0.0,0.0,0.0,0.0,0.0,17.110973190593693,7.088237428050617,547.5485471574231
45.0,10.0,331.0,0.0,4.0,0.0,48.0,1.0,14.159913710914353,5.992758815629214,3408.980207402219
67.0,1.0,201.0,0.0,0.0,4.0,0.0,0.0,3.9901967085784817,13.970013717690872,398.1629647356733
21.0,9.0,402.0,0.0,0.0,0.0,4.0,1.0,16.861582752892105,12.173527586266347,927.2718726362012
27.0,2.0,411.0,0.0,0.0,0.0,0.0,0.0,21.034377101777736,17.103129415622565,128.80778705377102
14.0,4.0,486.0,103.0,281.0,163.0,76.0,33.0,7.800353162747265,8.173315107164589,5229.834737375028
43.0,8.0,516.0,0.0,0.0,0.0,0.0,0.0,20.871782360606147,9.986731356532273,124.86613616076822
74.0,8.0,719.0,0.0,0.0,0.0,0.0,0.0,15.018592019051871,4.121871866018972,571.7248329387597
28.0,1.0,782.0,0.0,0.0,0.0,0.0,0.0,9.953274423866995,20.03002181982758,57.67222043846877
43.0,8.0,541.0,0.0,0.0,0.0,0.0,0.0,23.011495325707923,13.13539616700211,79.54603238611341
28.0,1.0,794.0,0.0,0.0,0.0,0.0,0.0,10.00032762833516,18.958070818964654,159.29948696482182
13.0,5.0,475.0,4.0,28.0,52.0,389.0,12.0,3.789941692601576,8.873820006893256,2116.4629346023225
93.0,1.0,442.0,0.0,0.0,0.0,48.0,0.0,6.894831440175991,14.059336032368678,1545.415884942088
1.0,11.0,351.0,8.0,24.0,54.0,397.0,44.0,11.092459829310531,5.908253411170381,2006.6466789518663
26.0,8.0,634.0,0.0,0.0,0.0,0.0,0.0,12.085515077422055,3.894505015305958,826.8242354923764
61.0,1.0,434.0,0.0,0.0,0.0,4.0,1.0,8.361409959512237,16.0132816583647,639.5755983915656
30.0,9.0,306.0,0.0,4.0,4.0,60.0,1.0,14.838590532000644,12.01569596033359,1467.510732091294
59.0,6.0,607.0,0.0,0.0,0.0,0.0,0.0,23.840932381031628,11.91193399592463,143.75528986643488
24.0,8.0,734.0,0.0,0.0,0.0,4.0,1.0,11.07804223449268,0.9616514063326996,2134.181616300972
75.0,8.0,498.0,0.0,0.0,0.0,0.0,0.0,15.90772471993868,4.979924958826395,143.7818938327609
28.0,1.0,751.0,0.0,0.0,0.0,0.0,0.0,11.97686317569958,21.0369897566764,254.144527439535
27.0,2.0,400.0,0.0,0.0,0.0,0.0,0.0,17.859495749827577,14.899725817412405,137.06534786338148
49.0,11.0,446.0,16.0,101.0,250.0,286.0,36.0,8.029871324450898,5.875707736668061,2821.185213814003
76.0,3.0,103.0,0.0,0.0,0.0,0.0,0.0,4.987678960691306,8.994081105001033,232.63718786799336
15.0,8.0,229.0,0.0,0.0,0.0,4.0,0.0,6.92341944889284,3.858812957336728,1700.7881375188615
67.0,1.0,257.0,0.0,0.0,0.0,0.0,0.0,5.910275671352167,17.109209029661077,272.6579593818836
57.0,3.0,666.0,0.0,0.0,0.0,0.0,0.0,8.993897852406754,5.977340284916575,456.021634142127
43.0,8.0,541.0,0.0,0.0,0.0,0.0,0.0,24.044735021668032,13.960635383930612,34.97607568421868
82.0,8.0,649.0,0.0,0.0,0.0,0.0,1.0,12.84378485376173,3.0577816002786267,370.8647700174282
79.0,9.0,33.0,0.0,0.0,0.0,0.0,0.0,19.02090701278097,11.053536505256966,461.9741458562221
75.0,8.0,494.0,0.0,0.0,0.0,0.0,0.0,17.016679659428302,6.063124401711656,203.10251491464436
17.0,3.0,173.0,0.0,0.0,0.0,0.0,1.0,2.1271014516106685,9.123659191488953,349.47339812948326
59.0,6.0,615.0,0.0,0.0,0.0,0.0,0.0,21.849357570708296,10.933727521360067,146.49673580019268
94.0,7.0,462.0,60.0,227.0,266.0,108.0,23.0,9.000281402957913,7.015062646114156,3459.843894244668
84.0,11.0,446.0,38.0,171.0,312.0,132.0,33.0,8.866684467435388,6.953784238398302,3678.5407904776025
62.0,3.0,119.0,0.0,0.0,0.0,0.0,0.0,3.127406260502901,13.927529577747864,145.23974316900149
1.0,11.0,346.0,8.0,16.0,58.0,397.0,11.0,12.136771597892018,8.081949470703183,3284.901862523491
28.0,1.0,753.0,0.0,0.0,0.0,0.0,0.0,6.950688653597482,17.158473109599036,361.9857788417425
62.0,3.0,114.0,0.0,0.0,0.0,0.0,0.0,2.999689859784777,13.003156496795208,196.45395489991796
26.0,8.0,634.0,0.0,0.0,0.0,0.0,0.0,11.083546247044682,3.912934275187572,1141.2097019992457
60.0,3.0,142.0,0.0,0.0,0.0,0.0,0.0,9.945453953951883,8.05478599292596,928.2562184539828
0.0,2.0,73.0,0.0,0.0,0.0,0.0,0.0,26.23859354043338,20.959993618803555,650.3522133366397
32.0,6.0,592.0,0.0,0.0,0.0,0.0,0.0,15.982325380104598,7.059414938324942,965.5131727812872
55.0,4.0,463.0,89.0,285.0,121.0,136.0,35.0,10.008154235728634,9.024775586795988,8477.06411634105
9.0,8.0,644.0,0.0,0.0,0.0,0.0,0.0,14.982197541019236,7.91693255686818,139.03243810523486
20.0,9.0,333.0,0.0,0.0,0.0,4.0,0.0,16.840942769291857,10.069348444638804,940.5284942714808
26.0,8.0,670.0,0.0,0.0,0.0,0.0,0.0,13.012466935641193,6.879518112200336,890.494487492419
79.0,9.0,44.0,0.0,0.0,0.0,0.0,0.0,18.929877489151316,9.965285774210582,606.0080104695245
76.0,3.0,162.0,0.0,0.0,0.0,0.0,0.0,6.6507491893222594,10.99678417108793,105.48231766066876
59.0,6.0,597.0,0.0,0.0,0.0,0.0,0.0,24.244630735903804,12.992600612412774,111.20900995320706
78.0,5.0,730.0,0.0,4.0,8.0,56.0,14.0,7.807662890574717,3.129559231499704,2956.0684895504496
23.0,3.0,245.0,0.0,0.0,0.0,0.0,0.0,3.913996467492667,9.11450772667532,194.38883187251872
59.0,6.0,555.0,0.0,0.0,0.0,0.0,0.0,21.948491547126707,10.975900779936056,157.02249547409417
58.0,6.0,63.0,0.0,0.0,0.0,0.0,0.0,22.9586519618212,12.031095242829007,58.10961895491133
58.0,6.0,64.0,0.0,0.0,0.0,0.0,0.0,24.013259066553083,13.170496075455956,101.61285640001948
43.0,8.0,514.0,0.0,0.0,0.0,0.0,0.0,21.072406846051464,10.034617357493875,40.61170887063437
74.0,8.0,512.0,0.0,0.0,0.0,0.0,0.0,16.8895573279225,5.923629783053517,265.34069075055857
48.0,0.0,471.0,8.0,40.0,96.0,394.0,12.0,4.856580199963069,9.042359012086678,2989.7570842164887
45.0,10.0,713.0,0.0,0.0,8.0,44.0,4.0,12.747128449050631,5.0666900612398935,2544.667523921007
69.0,3.0,121.0,0.0,0.0,0.0,0.0,0.0,7.951989819924402,8.883843307933184,188.00628183057904
12.0,5.0,178.0,4.0,0.0,16.0,149.0,1.0,4.169598263648389,10.995967799965332,2176.37900912731
24.0,8.0,702.0,0.0,0.0,4.0,8.0,0.0,10.989355507798962,0.1466202534557353,1763.5174775200355
45.0,10.0,740.0,4.0,8.0,16.0,87.0,13.0,11.014588844374885,3.9802155923602,2615.360001871717
73.0,6.0,11.0,0.0,0.0,0.0,0.0,0.0,21.974726430039404,13.064336914766209,172.82281086814538
23.0,3.0,247.0,0.0,0.0,0.0,24.0,2.0,4.025729660924056,5.908254628818254,2213.3080576778866
78.0,5.0,224.0,0.0,0.0,4.0,84.0,5.0,5.122367722499943,4.958213205999077,3261.074065594693
27.0,2.0,400.0,0.0,0.0,0.0,4.0,0.0,18.03224504456609,15.038015729064997,169.53061112373803
45.0,10.0,329.0,0.0,0.0,4.0,32.0,1.0,14.11290112425432,4.9754421026895645,2450.664374255948
74.0,8.0,718.0,0.0,0.0,0.0,8.0,0.0,14.130707516375804,2.977228469224912,585.9475991913562
15.0,8.0,735.0,0.0,0.0,0.0,8.0,1.0,9.017500319947208,1.878877669324992,1493.3635665185338
74.0,8.0,534.0,0.0,0.0,0.0,0.0,0.0,15.198582171337446,4.006988564959193,325.6852959511623
82.0,8.0,649.0,0.0,0.0,0.0,0.0,1.0,13.116194074273974,3.087963806269606,504.4925964332554
79.0,9.0,44.0,0.0,0.0,0.0,0.0,0.0,19.24004828295424,10.85770705327756,290.9457099297425
59.0,6.0,620.0,0.0,0.0,0.0,0.0,0.0,22.994610759247266,12.12906915112102,18.35713132279124
24.0,8.0,729.0,0.0,0.0,0.0,28.0,2.0,7.990944309603472,1.9852050131761296,1669.642186421023
45.0,10.0,716.0,0.0,4.0,4.0,28.0,5.0,12.02032491674831,2.0805202060559367,2419.560977157309
0.0,2.0,391.0,0.0,0.0,0.0,0.0,0.0,21.94269645219184,15.963222483303872,329.07952292752543
59.0,6.0,614.0,0.0,0.0,0.0,0.0,0.0,21.094499695218484,10.18743752266152,177.6088826873181
29.0,10.0,345.0,0.0,0.0,0.0,4.0,0.0,15.892779454857113,8.858048535976588,806.3607243680982
5.0,0.0,449.0,84.0,259.0,210.0,76.0,37.0,6.858286894492813,8.112527478065537,3285.290028194811
73.0,6.0,6.0,0.0,0.0,0.0,0.0,0.0,25.00034885644189,17.037588729188357,131.81475524520675
43.0,8.0,681.0,0.0,0.0,0.0,0.0,0.0,18.99264526273003,8.999436115325455,93.1861713822373
18.0,4.0,491.0,20.0,208.0,227.0,134.0,14.0,7.905170682405681,10.206285723998263,6347.2255625317575
69.0,3.0,215.0,0.0,0.0,0.0,0.0,0.0,6.132460490832394,5.989478481178768,220.3867320033832
57.0,3.0,660.0,0.0,0.0,0.0,0.0,0.0,9.98382500480561,6.005944482925991,231.3081408978941
45.0,10.0,715.0,0.0,8.0,4.0,52.0,11.0,11.278141643685554,2.8448707645938813,4017.467015789524
78.0,5.0,481.0,8.0,20.0,64.0,429.0,17.0,6.197030935021392,6.045408987830978,4538.286031875959
21.0,9.0,402.0,0.0,0.0,0.0,8.0,1.0,16.969747577243393,11.883733888338496,1130.3655620962588
74.0,8.0,648.0,0.0,0.0,0.0,0.0,1.0,11.946691765820926,3.0684392021627462,262.0385483265936
69.0,3.0,216.0,0.0,0.0,0.0,0.0,0.0,7.840006327659317,5.883616335660884,346.3242071578424
74.0,8.0,522.0,0.0,0.0,0.0,0.0,0.0,13.936847980692551,4.071766435849296,351.5683421592235
12.0,5.0,175.0,0.0,0.0,0.0,4.0,0.0,0.0169721864766157,11.00213842580593,1447.7746744149645
57.0,3.0,216.0,0.0,0.0,0.0,0.0,0.0,7.9563600854074,5.893815136167056,478.8602818848103
19.0,1.0,424.0,0.0,44.0,84.0,395.0,5.0,6.087231198813116,10.083121288730664,2174.726464042468
66.0,2.0,404.0,0.0,0.0,0.0,4.0,1.0,17.834653640098374,13.043784363482484,497.33928593105753
30.0,9.0,363.0,0.0,0.0,0.0,44.0,2.0,14.981562739153963,9.94920945061001,1562.535361328671
45.0,10.0,347.0,8.0,20.0,50.0,416.0,40.0,12.03911361474122,7.021223017765987,2777.667470716926
86.0,10.0,725.0,0.0,0.0,8.0,36.0,7.0,8.011065367840498,1.96040083574492,2201.485371701824
44.0,8.0,637.0,0.0,0.0,0.0,0.0,0.0,13.082893103951612,6.100943387986676,277.1303476939407
78.0,5.0,483.0,0.0,0.0,24.0,160.0,7.0,5.083294255875909,5.849277898416376,3114.834369212975
64.0,6.0,23.0,0.0,0.0,0.0,0.0,0.0,23.90605042412248,15.02617575597177,334.2786027475591
0.0,2.0,389.0,0.0,0.0,0.0,0.0,0.0,21.968502198977085,17.825870935792874,358.3666429805186
75.0,8.0,495.0,0.0,0.0,0.0,0.0,0.0,18.16248982071874,7.022822624242181,128.12642689032188
69.0,3.0,159.0,0.0,0.0,0.0,0.0,0.0,7.166448731287005,8.982986248242783,222.6600135614886
59.0,6.0,597.0,0.0,0.0,0.0,0.0,0.0,23.944649465317077,12.961365826419785,114.37761758534285
63.0,2.0,388.0,0.0,0.0,0.0,0.0,0.0,21.114655550232733,16.047077408085155,1758.4104368722117
59.0,6.0,612.0,0.0,0.0,0.0,0.0,0.0,25.09244552384097,13.89797033483782,169.5162054110166
80.0,3.0,150.0,0.0,0.0,0.0,0.0,0.0,9.203587178902744,12.116259768807598,168.4453805939321
76.0,3.0,237.0,0.0,0.0,0.0,0.0,0.0,4.044527777712467,9.09981649288853,224.38410502029552
27.0,2.0,307.0,0.0,0.0,0.0,24.0,0.0,15.906074477014064,12.967719604330354,185.04820508955956
8.0,11.0,443.0,12.0,96.0,220.0,313.0,46.0,7.272396445186208,6.042104140833718,3143.958003693964
24.0,8.0,726.0,0.0,8.0,4.0,52.0,9.0,9.206574546534348,2.0010533601275178,1912.146517699562
78.0,5.0,220.0,0.0,4.0,20.0,158.0,8.0,5.982936484375585,5.0773912998086965,2477.27626895748
65.0,1.0,201.0,0.0,0.0,4.0,0.0,0.0,4.119640169349268,13.96716479822327,126.6944173021076
75.0,8.0,505.0,0.0,0.0,0.0,0.0,0.0,17.97967685612117,7.867957361649912,59.12824986216315
68.0,3.0,233.0,0.0,0.0,0.0,0.0,0.0,4.111238694443882,7.01190064733505,455.8829165351531
76.0,3.0,80.0,0.0,0.0,0.0,0.0,0.0,4.886145265810688,12.147124665611145,243.25392701475832
34.0,10.0,716.0,0.0,4.0,4.0,28.0,5.0,12.048231008674268,1.9739056646946769,1373.095993270217
63.0,2.0,370.0,0.0,0.0,0.0,0.0,0.0,20.033261269393645,15.129195974154468,1921.496419247878
68.0,3.0,233.0,0.0,0.0,0.0,0.0,0.0,4.113725588489508,8.004645937944126,583.7210760122734
74.0,8.0,538.0,0.0,0.0,0.0,0.0,0.0,13.90328158955165,2.9843694877828906,240.13739038192145
34.0,10.0,716.0,0.0,4.0,4.0,24.0,5.0,12.079662924633851,2.908462866918596,1542.4124377372275
32.0,6.0,720.0,0.0,0.0,0.0,8.0,0.0,13.775199222765696,3.069815980805257,1042.9025279784296
73.0,6.0,26.0,0.0,0.0,0.0,0.0,0.0,23.86004056205113,14.986982844333852,25.139453754480623
74.0,8.0,706.0,0.0,0.0,0.0,4.0,0.0,13.13703009464249,2.0788850414222897,600.0047486061939
75.0,8.0,506.0,0.0,0.0,0.0,0.0,0.0,18.00440217885672,7.088664284286248,117.5812432594808
79.0,9.0,333.0,0.0,0.0,0.0,4.0,0.0,16.79359005236547,10.077508766261529,837.0536660057651
32.0,6.0,588.0,0.0,0.0,0.0,0.0,0.0,17.863970145793864,8.007943759858195,385.95606064933975
86.0,10.0,452.0,4.0,32.0,90.0,487.0,43.0,8.129537086377072,4.952020375333395,881.612241924255
76.0,3.0,100.0,0.0,0.0,0.0,0.0,0.0,3.880738186263908,10.070714603646213,173.76550041703226
45.0,10.0,353.0,0.0,12.0,16.0,102.0,22.0,11.980935738488052,4.890528367302701,3407.378449607198
75.0,8.0,507.0,0.0,0.0,0.0,0.0,0.0,19.1190339501904,7.883496795651496,58.98889209792976
28.0,1.0,804.0,0.0,0.0,0.0,0.0,0.0,13.037894715862349,19.07787500900852,260.03717058650614
26.0,8.0,641.0,0.0,0.0,0.0,0.0,0.0,14.005012012434117,5.884091262590347,392.9646280079664
58.0,6.0,54.0,0.0,0.0,0.0,0.0,0.0,25.99678168105685,14.928760046915457,123.17876849652436
28.0,1.0,796.0,0.0,0.0,0.0,0.0,0.0,10.049863191117383,18.906694988365388,248.0895610357333
72.0,3.0,160.0,0.0,0.0,0.0,0.0,0.0,5.873223540340045,8.892867442679815,466.5605673212575
24.0,8.0,710.0,0.0,0.0,0.0,4.0,0.0,11.164299463886358,0.0,2713.2728911923014
29.0,10.0,325.0,0.0,0.0,4.0,24.0,1.0,13.971193756836964,5.975946503839114,1807.442188501897
62.0,3.0,119.0,0.0,0.0,0.0,0.0,0.0,2.9774527587041595,14.048512758150874,166.32122689169574
57.0,3.0,666.0,0.0,0.0,0.0,0.0,0.0,8.932775358016633,5.958583294245094,240.99947345436408
15.0,8.0,679.0,0.0,0.0,0.0,0.0,0.0,9.97847685275914,4.2280469302216,804.5954035866971
0.0,2.0,812.0,0.0,0.0,0.0,0.0,0.0,26.09406631215193,22.035721250005736,431.3910791462392
67.0,1.0,757.0,0.0,0.0,0.0,0.0,0.0,8.074652422657586,17.996745047089874,57.48501916878728
78.0,5.0,728.0,0.0,0.0,4.0,44.0,6.0,8.04590730467984,1.9393601966175869,3398.5370446665625
47.0,11.0,443.0,12.0,93.0,224.0,316.0,40.0,7.060617432879797,6.040712864912083,2616.2190099294858
63.0,2.0,378.0,0.0,0.0,0.0,0.0,0.0,19.03972913631377,13.846036561972417,1672.5284012824825
28.0,1.0,767.0,0.0,0.0,0.0,0.0,1.0,8.953646550452,17.178552938042998,342.89587947314
70.0,3.0,255.0,0.0,0.0,0.0,0.0,0.0,8.21230061365016,14.053483305373453,84.41275813920296
29.0,10.0,591.0,0.0,0.0,0.0,0.0,0.0,16.995682004671966,6.911936078777148,609.2289709112212
62.0,3.0,94.0,0.0,0.0,0.0,0.0,0.0,2.9428979742161703,10.08851499339118,310.877627515098
33.0,3.0,124.0,0.0,0.0,0.0,0.0,0.0,10.043797022241623,11.06643088395882,119.18287799517668
73.0,6.0,15.0,0.0,0.0,0.0,0.0,0.0,20.978442079785,12.0233502220784,62.64456608557726
64.0,6.0,27.0,0.0,0.0,0.0,0.0,0.0,23.982206001357845,14.98874860808919,607.7950141363723
29.0,10.0,575.0,0.0,0.0,0.0,0.0,0.0,15.021271656531056,6.231542765928294,1052.688558395532
28.0,1.0,748.0,0.0,0.0,0.0,0.0,0.0,11.749448415218396,21.029730854516984,82.68593899965634
68.0,3.0,239.0,0.0,0.0,0.0,0.0,0.0,5.088633742573013,7.982632379675507,340.5941102736868
59.0,6.0,599.0,0.0,0.0,0.0,0.0,0.0,22.897822269115064,12.186467329144978,141.33382980607274
17.0,3.0,173.0,0.0,0.0,0.0,4.0,1.0,2.081403490351344,8.973858460521086,538.1849803871901
32.0,6.0,567.0,0.0,0.0,0.0,0.0,0.0,17.98415374561266,7.072528637172849,164.7258167632321
29.0,10.0,326.0,0.0,0.0,0.0,4.0,0.0,15.053288254240266,6.091882405191653,1530.7574637270163
27.0,2.0,830.0,0.0,0.0,0.0,0.0,0.0,23.921731996233746,21.022875473726863,71.66537630519595
15.0,8.0,227.0,0.0,0.0,0.0,16.0,0.0,8.04647497966485,2.017713490802646,1683.781885739657
71.0,9.0,348.0,0.0,28.0,50.0,410.0,6.0,13.16774142409135,8.90429594913794,577.6818395723272
34.0,10.0,591.0,0.0,0.0,0.0,4.0,0.0,16.00053463782859,6.935436146801622,1403.8984800434905
35.0,7.0,462.0,77.0,286.0,202.0,84.0,30.0,9.075281529068528,8.026059250409562,3436.470589590904
30.0,9.0,364.0,0.0,20.0,20.0,297.0,5.0,13.187066596965812,8.888730522940474,1730.1368734587445
63.0,2.0,399.0,0.0,0.0,0.0,8.0,1.0,16.692143496484288,13.957139109705512,1117.0812093857123
76.0,3.0,103.0,0.0,0.0,0.0,0.0,0.0,5.145051129310742,9.090135004107273,191.11155231129527
62.0,3.0,109.0,0.0,0.0,0.0,0.0,0.0,5.849732211832877,15.900915386985956,87.34129462230493
78.0,5.0,219.0,0.0,0.0,4.0,48.0,4.0,7.21262486158974,2.927269755026932,2743.354042231629
3.0,0.0,474.0,32.0,144.0,240.0,193.0,12.0,5.775291387661924,9.04643909870843,4262.139958041968
0.0,2.0,385.0,0.0,0.0,0.0,0.0,0.0,21.883545461585467,17.954150512024096,470.8458074902893
28.0,1.0,753.0,0.0,0.0,0.0,0.0,0.0,7.343773950016985,17.009389851973662,270.1015788590918
29.0,10.0,325.0,0.0,0.0,4.0,28.0,1.0,13.826982666972588,5.85012384061399,1522.988214119104
63.0,2.0,374.0,0.0,0.0,0.0,4.0,1.0,17.99760562510874,13.103603380357509,1156.189838824808
15.0,8.0,674.0,0.0,0.0,0.0,0.0,0.0,9.976427798202394,2.931450737000399,1045.1117921684738
29.0,10.0,321.0,0.0,0.0,0.0,36.0,1.0,14.82241535416498,9.001692539951591,1355.6630725656764
16.0,1.0,424.0,0.0,44.0,72.0,419.0,4.0,5.950148758094037,11.039663845593472,2235.090691778821
78.0,5.0,479.0,0.0,4.0,24.0,177.0,5.0,5.977037376282876,5.085383445018651,3931.453300391625
76.0,3.0,105.0,0.0,0.0,0.0,0.0,0.0,6.072853585062418,10.995174826746029,205.0528506124999
44.0,8.0,669.0,0.0,0.0,0.0,0.0,0.0,11.066501135817182,7.002355503337614,170.12396695840442
13.0,5.0,188.0,0.0,12.0,20.0,223.0,8.0,3.76391201752127,8.050184521927665,1737.9271767949965
66.0,2.0,32.0,0.0,0.0,0.0,0.0,0.0,18.956107739054808,12.01492563298952,575.9263061840553
43.0,8.0,553.0,0.0,0.0,0.0,0.0,0.0,23.038891680098654,12.012139809495606,81.11530139259743
15.0,8.0,212.0,0.0,0.0,0.0,0.0,0.0,8.158299417185715,5.924964872763776,685.0958329882719
28.0,1.0,799.0,0.0,0.0,0.0,0.0,0.0,10.95647353427148,17.982567510488487,89.60625921883464
76.0,3.0,89.0,0.0,0.0,0.0,0.0,0.0,5.9799401418,10.884528826457611,98.77126926658772
61.0,1.0,802.0,0.0,0.0,0.0,0.0,0.0,11.0275790862601,18.09956622302333,327.7832384718848
29.0,10.0,593.0,0.0,0.0,0.0,4.0,0.0,15.924260945316362,7.799530676435438,1354.4199655392642
34.0,10.0,579.0,0.0,0.0,0.0,12.0,0.0,15.079871779401444,5.068872523789774,1402.8713429663862
32.0,6.0,578.0,0.0,0.0,0.0,4.0,0.0,15.015074279265978,4.091857382883762,1066.750821710762
76.0,3.0,100.0,0.0,0.0,0.0,0.0,0.0,5.193027439239618,9.976042737259904,105.31420710347504
11.0,5.0,188.0,0.0,20.0,40.0,263.0,9.0,3.932791368409141,7.825909698002609,1957.4341971708216
82.0,8.0,526.0,0.0,0.0,0.0,0.0,0.0,14.027931165837328,3.075694532362574,233.7972680016596
61.0,1.0,777.0,0.0,0.0,0.0,0.0,0.0,6.953866493861413,16.198920579857425,657.7810453516807
22.0,2.0,313.0,12.0,181.0,204.0,200.0,9.0,10.965296842875892,9.925915656985785,3017.984852165447
83.0,11.0,456.0,4.0,28.0,95.0,453.0,49.0,7.23782146484293,5.021112235835757,3604.880162045769
9.0,8.0,270.0,0.0,0.0,0.0,0.0,0.0,14.075674853874975,8.932442678390746,225.27162956526573
74.0,8.0,522.0,0.0,0.0,0.0,0.0,0.0,14.910873127553565,3.8704221299859496,131.37571414669327
48.0,0.0,187.0,0.0,24.0,52.0,274.0,7.0,4.13613049457211,8.993961319156965,3845.254269969229
28.0,1.0,751.0,0.0,0.0,0.0,0.0,0.0,13.091111959810824,22.044698072835104,302.0645174554215
63.0,2.0,407.0,0.0,0.0,4.0,12.0,2.0,16.131373098186334,11.937905959986509,1616.5470601460938
80.0,3.0,254.0,0.0,0.0,0.0,0.0,0.0,8.826171317935188,12.94031394763539,245.7212465704661
78.0,5.0,219.0,0.0,0.0,0.0,24.0,2.0,6.943757350703375,3.0956064089743407,3337.713531447141
27.0,2.0,394.0,0.0,0.0,0.0,4.0,1.0,17.059500678566017,14.003784589391158,129.8765872546244
5.0,0.0,490.0,64.0,191.0,257.0,117.0,22.0,6.794001611937988,7.961058915228142,3928.434228237018
43.0,8.0,556.0,0.0,0.0,0.0,0.0,0.0,20.808613596363266,9.844070501445254,98.45203788920368
78.0,5.0,478.0,0.0,16.0,36.0,298.0,12.0,4.929477565261919,5.9869781193866745,2819.9816647736525
12.0,5.0,178.0,4.0,0.0,12.0,137.0,1.0,4.055937568215028,10.921602706251756,2278.836274036272
62.0,3.0,98.0,0.0,0.0,0.0,0.0,0.0,3.0321944329764614,11.067443043305609,219.1111118074601
73.0,6.0,28.0,0.0,0.0,0.0,0.0,0.0,24.09769104537805,15.020317900460888,113.1323094334428
29.0,10.0,340.0,0.0,0.0,0.0,4.0,0.0,16.999472156077513,7.9213105369020385,950.4552016051572
41.0,7.0,486.0,84.0,299.0,150.0,84.0,30.0,6.874504552634716,7.984083188181211,4715.269175936951
43.0,8.0,551.0,0.0,0.0,0.0,0.0,0.0,20.09289418159404,9.872185681428318,48.89481970849707
26.0,8.0,651.0,0.0,0.0,0.0,0.0,1.0,12.010016460821426,4.169024046667216,635.1422400456179
29.0,10.0,330.0,0.0,0.0,0.0,28.0,2.0,13.889432465164768,5.004168944179219,1652.025763864279
68.0,3.0,222.0,0.0,0.0,4.0,64.0,7.0,5.108710151562206,5.062101388567031,665.5934726480579
45.0,10.0,322.0,0.0,4.0,12.0,86.0,6.0,13.974464851620484,6.926249644579356,2375.5707548701644
67.0,1.0,752.0,0.0,0.0,0.0,0.0,0.0,8.226247598818404,18.144715794495145,133.27989762144827
83.0,11.0,468.0,12.0,77.0,169.0,383.0,28.0,8.003020972212639,5.986678483272915,3000.466463299585
30.0,9.0,360.0,0.0,0.0,20.0,91.0,5.0,13.89593225553514,8.924842355950267,1715.7417252301989
47.0,11.0,445.0,48.0,210.0,311.0,84.0,36.0,7.892486150133616,7.083853330450804,3331.571672002743
59.0,6.0,602.0,0.0,0.0,0.0,0.0,0.0,23.90368410320244,13.03392285420432,142.1764063029977
75.0,8.0,513.0,0.0,0.0,0.0,0.0,0.0,18.898364766023068,7.900520648955761,143.7972561836711
60.0,3.0,292.0,0.0,0.0,0.0,0.0,0.0,14.06069218874309,12.072784363371854,629.2709409216626
43.0,8.0,518.0,0.0,0.0,0.0,0.0,0.0,20.02924311754161,8.932624709782974,66.60820411802058
25.0,8.0,696.0,0.0,0.0,0.0,0.0,0.0,16.03631773292076,7.04509552938644,855.2835467637252
82.0,8.0,649.0,0.0,0.0,0.0,0.0,1.0,12.003922734193626,2.849621074314664,361.72680412258256
60.0,3.0,671.0,0.0,0.0,0.0,0.0,0.0,11.831112468969115,8.145550922053362,681.446914691484
25.0,8.0,687.0,0.0,0.0,0.0,0.0,0.0,18.05311172009673,8.996822171775932,353.69830523096647
15.0,8.0,678.0,0.0,0.0,0.0,0.0,1.0,9.061948065589355,4.078039263664259,1164.6634332784804
62.0,3.0,108.0,0.0,0.0,0.0,0.0,0.0,4.974607550626994,14.063353567730552,124.04006586213904
32.0,6.0,563.0,0.0,0.0,0.0,0.0,0.0,17.848274280946153,6.872205517437233,498.0558380035694
25.0,8.0,653.0,0.0,0.0,0.0,0.0,0.0,14.797078634360911,6.0146573197313975,1229.5912536618566
15.0,8.0,732.0,0.0,0.0,0.0,4.0,1.0,11.033333559407616,0.9721597248644194,2047.588344733512
69.0,3.0,125.0,0.0,0.0,0.0,0.0,0.0,8.9912540970554,10.069489420653852,60.489562442043095
9.0,8.0,280.0,0.0,0.0,0.0,0.0,0.0,18.02204415605775,12.008484697106049,87.85699570835959
73.0,6.0,6.0,0.0,0.0,0.0,0.0,0.0,25.153714022631657,15.973108494254204,178.17441784224528
55.0,4.0,488.0,152.0,223.0,86.0,112.0,14.0,8.890937479970463,10.049894463780593,6038.015459862101
34.0,10.0,723.0,0.0,0.0,0.0,4.0,0.0,13.869521832249946,3.035710027145907,744.7851393668928
11.0,5.0,188.0,0.0,16.0,32.0,212.0,4.0,4.032152400527127,8.99922349203188,2975.8120388141024
19.0,1.0,180.0,0.0,0.0,12.0,187.0,2.0,4.780826138281181,11.972561224833685,3141.5943496519635
0.0,2.0,826.0,0.0,0.0,0.0,0.0,0.0,26.9382010429356,22.02125385703065,368.1562924143076
70.0,3.0,110.0,0.0,0.0,0.0,0.0,0.0,6.970890107339348,13.940648284363483,146.1281590106648
23.0,3.0,250.0,0.0,0.0,0.0,20.0,0.0,1.918475721374984,7.999402685502984,1825.063944802169
9.0,8.0,271.0,0.0,0.0,0.0,0.0,0.0,15.856190992777687,10.06921844203126,127.64522204301798
15.0,8.0,725.0,0.0,0.0,8.0,40.0,8.0,7.96187345824946,1.9863708346477011,1434.2303321740037
45.0,10.0,349.0,0.0,12.0,16.0,147.0,5.0,13.074263749240428,7.925274824840571,3884.98872249455
56.0,4.0,461.0,124.0,269.0,116.0,96.0,51.0,9.05622181529041,7.888355660095386,8216.61578659121
82.0,8.0,535.0,0.0,0.0,0.0,0.0,0.0,15.93103634301024,5.0677805027545935,76.43173279614226
5.0,0.0,449.0,112.0,233.0,212.0,76.0,38.0,8.068630314935922,8.021754006332594,3619.391148911356
74.0,8.0,707.0,0.0,0.0,0.0,4.0,0.0,13.88529170935962,3.034454463620178,442.344996659036
9.0,8.0,290.0,0.0,0.0,0.0,0.0,0.0,13.874929993454533,9.985764434212806,121.77124054926873
58.0,6.0,61.0,0.0,0.0,0.0,0.0,0.0,22.947008999906437,13.034964022196094,58.87862835923885
15.0,8.0,213.0,0.0,0.0,0.0,0.0,0.0,6.907475250118325,4.996337497719126,1070.2372265343945
75.0,8.0,493.0,0.0,0.0,0.0,0.0,0.0,18.18570727070362,7.004679493973404,124.54821837027112
37.0,1.0,437.0,0.0,4.0,4.0,129.0,2.0,5.1792662619268,11.970615613819955,2465.984553361155
0.0,2.0,388.0,0.0,0.0,0.0,0.0,0.0,21.12279131017587,15.89480289685685,851.6362881971118
86.0,10.0,465.0,4.0,12.0,40.0,217.0,34.0,9.979591728318082,3.942255474528343,2723.567306219563
76.0,3.0,164.0,0.0,0.0,0.0,0.0,0.0,5.91710778681155,9.903565276402048,114.81232096908978
65.0,1.0,197.0,0.0,4.0,0.0,4.0,0.0,3.964271431778841,13.217236072949389,608.7001512849458
15.0,8.0,731.0,0.0,0.0,0.0,4.0,0.0,10.188728878569997,0.9348001752568657,2147.758227407124
62.0,3.0,84.0,0.0,0.0,0.0,0.0,0.0,4.900820323553702,12.93692170998445,75.78755732185412
76.0,3.0,164.0,0.0,0.0,0.0,0.0,0.0,5.783842982874395,10.110330515886744,72.9547843904987
62.0,3.0,113.0,0.0,0.0,0.0,0.0,0.0,3.116829231114395,12.96807490591268,91.80678656264573
25.0,8.0,686.0,0.0,0.0,0.0,0.0,0.0,19.176839860996424,9.951690610934897,171.27733627656454
0.0,2.0,828.0,0.0,0.0,0.0,0.0,0.0,25.81344631011273,22.031633054512778,126.01214756265324
14.0,4.0,490.0,53.0,251.0,179.0,114.0,14.0,7.0669536794837216,8.890397285598013,5664.015760064884
9.0,8.0,288.0,0.0,0.0,0.0,0.0,0.0,13.920388954144457,10.958587352872884,119.57543728585848
0.0,2.0,384.0,0.0,0.0,0.0,0.0,0.0,21.845929581269942,17.111467794116844,470.8909333297162
17.0,3.0,93.0,0.0,0.0,0.0,0.0,0.0,2.033819801544718,10.827605154305022,201.8599326567522
27.0,2.0,411.0,0.0,0.0,0.0,0.0,0.0,20.836387842537835,16.98560391841933,38.42955768760666
32.0,6.0,567.0,0.0,0.0,0.0,0.0,0.0,17.998954277203982,7.03078209507473,188.775898150206
72.0,3.0,150.0,0.0,0.0,0.0,0.0,0.0,7.926354290614759,11.021472273990248,100.56295956370558
24.0,8.0,734.0,0.0,0.0,0.0,4.0,1.0,10.871337584528794,0.8960399046490889,1990.9239582774496
86.0,10.0,744.0,0.0,28.0,12.0,161.0,41.0,9.051968999629544,3.97960154656597,2651.3007557900182
15.0,8.0,678.0,0.0,0.0,0.0,0.0,1.0,9.142012860054376,4.945214543824815,984.1551505620314
34.0,10.0,723.0,0.0,0.0,0.0,4.0,0.0,12.837485291782,1.9823594422829076,1464.0250875950069
62.0,3.0,97.0,0.0,0.0,0.0,0.0,0.0,2.8370562814973512,11.88668444106382,225.79370840423692
68.0,3.0,217.0,0.0,0.0,0.0,0.0,0.0,6.101539282929103,6.093484820249926,534.0688478015342
24.0,8.0,729.0,0.0,0.0,8.0,24.0,3.0,7.796218067144955,1.9619319444948424,2253.1248005784773
59.0,6.0,612.0,0.0,0.0,0.0,0.0,0.0,24.89301692120076,13.946676498723251,92.43512434476972
26.0,8.0,643.0,0.0,0.0,0.0,0.0,0.0,13.96807259902789,7.983774014194351,79.83264856398634
66.0,2.0,47.0,0.0,0.0,0.0,0.0,0.0,19.987958001888,12.867025076894246,174.0222766049337
15.0,8.0,702.0,0.0,0.0,4.0,8.0,0.0,11.052647501525364,0.0462336624910139,1628.4961982949164
93.0,1.0,438.0,0.0,0.0,0.0,72.0,1.0,7.050910822003193,13.958752011637106,855.2780568000135
64.0,6.0,39.0,0.0,0.0,0.0,0.0,0.0,19.129986105457977,9.978270715249836,330.32300223005046
61.0,1.0,433.0,0.0,0.0,0.0,0.0,0.0,8.75746393625215,15.9953890442811,504.5591612094617
62.0,3.0,80.0,0.0,0.0,0.0,0.0,0.0,5.087906344328075,11.99549828121132,149.82821120146934
77.0,4.0,457.0,37.0,265.0,193.0,148.0,35.0,10.188620693248918,8.024966921507021,3426.130854855631
11.0,5.0,478.0,0.0,16.0,36.0,284.0,10.0,4.92337343908514,6.073757387102277,2445.530410232526
43.0,8.0,502.0,0.0,0.0,0.0,0.0,0.0,20.141218908981063,9.102156967465849,88.24914807886175
15.0,8.0,222.0,0.0,0.0,0.0,44.0,2.0,5.077682746118086,5.948070012764127,2542.9229152733437
57.0,3.0,663.0,0.0,0.0,0.0,0.0,1.0,10.01439793993884,4.955292909788522,571.6507081501877
58.0,6.0,54.0,0.0,0.0,0.0,0.0,0.0,26.101202883190314,14.98059847523064,112.48459930188314
88.0,9.0,302.0,12.0,61.0,239.0,265.0,8.0,11.966944684446318,10.01849920254208,1705.5033803448316
67.0,1.0,764.0,0.0,0.0,0.0,4.0,0.0,4.917820288570194,15.112477662618884,251.05252859262237
33.0,3.0,286.0,0.0,0.0,0.0,0.0,0.0,13.881496703864755,12.058413692777457,62.9273572262017
55.0,4.0,461.0,115.0,314.0,124.0,92.0,35.0,9.050661892592316,8.004668348427538,9216.607702873662
67.0,1.0,791.0,0.0,0.0,0.0,0.0,0.0,7.900650080686102,17.832425168151225,79.9977894945076
74.0,8.0,706.0,0.0,0.0,0.0,4.0,0.0,11.94441110734718,0.9774930204293404,402.0567315687967
53.0,4.0,488.0,168.0,216.0,86.0,92.0,16.0,9.157047567629514,8.909453818721822,6528.52890086802
15.0,8.0,675.0,0.0,0.0,0.0,0.0,0.0,9.825199820062483,3.0038160176583526,406.5778728642274
9.0,8.0,279.0,0.0,0.0,0.0,0.0,0.0,17.184360104031526,10.954146018173931,116.04886195056604
94.0,7.0,445.0,105.0,293.0,154.0,64.0,47.0,8.059871323197592,7.822794363386189,3223.364119561064
30.0,9.0,361.0,0.0,0.0,12.0,70.0,4.0,14.167357363673286,8.980934215674061,1515.9132183017316
68.0,3.0,206.0,0.0,0.0,0.0,12.0,2.0,4.996493009474177,6.01197685613302,1146.1169026168795
58.0,6.0,66.0,0.0,0.0,0.0,0.0,0.0,23.996962340859398,13.156421798751587,25.23656085644413
58.0,6.0,60.0,0.0,0.0,0.0,0.0,0.0,23.135542257583708,12.959934321691607,82.54049605715569
59.0,6.0,603.0,0.0,0.0,0.0,0.0,0.0,23.787454723444785,13.019810995230657,158.85490527170438
25.0,8.0,525.0,0.0,0.0,0.0,0.0,0.0,15.058625024330832,4.921217892488638,1089.3308639394686
83.0,11.0,452.0,8.0,28.0,81.0,484.0,23.0,7.959060617909854,4.8975770580634,2480.160905532379
75.0,8.0,510.0,0.0,0.0,0.0,0.0,0.0,16.654694110039536,5.922641003354451,173.9103264712817
37.0,1.0,427.0,0.0,4.0,46.0,457.0,4.0,9.009734103620069,11.932077404061484,2228.0118375007755
15.0,8.0,634.0,0.0,0.0,0.0,0.0,0.0,11.818258555454216,3.847084003494169,373.5482309896136
69.0,3.0,216.0,0.0,0.0,0.0,0.0,0.0,8.011949976354959,7.089340681762575,375.8869160920393
59.0,6.0,597.0,0.0,0.0,0.0,0.0,0.0,24.828509180258635,13.128032642758605,113.45525972794616
37.0,1.0,180.0,0.0,8.0,28.0,240.0,3.0,5.109454798498375,10.965074998790428,2112.7315582700053
70.0,3.0,91.0,0.0,0.0,0.0,0.0,0.0,7.238747200768958,13.050609473613097,182.62075211001232
26.0,8.0,639.0,0.0,0.0,0.0,0.0,0.0,13.86928131102878,7.908834954637084,278.029617092243
29.0,10.0,321.0,0.0,0.0,4.0,40.0,1.0,14.955305167076418,7.881015651176776,1531.8669102232109
28.0,1.0,770.0,0.0,0.0,0.0,0.0,0.0,9.12600468446031,17.83405602023503,90.78069420317252
43.0,8.0,682.0,0.0,0.0,0.0,0.0,0.0,20.038081438188044,10.993493221603746,71.73838756846585
15.0,8.0,227.0,0.0,0.0,0.0,12.0,0.0,8.090126836260044,3.1464249332138685,1542.783024633118
43.0,8.0,546.0,0.0,0.0,0.0,0.0,0.0,21.835321288158426,12.05922033755196,46.90864197865727
34.0,10.0,714.0,0.0,0.0,0.0,20.0,1.0,13.920562891635312,4.010815354317511,1134.919342651909
68.0,3.0,233.0,0.0,0.0,0.0,0.0,0.0,4.025629888003146,7.082038422625622,652.2746187713394
75.0,8.0,518.0,0.0,0.0,0.0,0.0,0.0,19.964470434478848,9.077322955648754,167.0240521067512
57.0,3.0,121.0,0.0,0.0,0.0,0.0,0.0,7.8109476838302365,9.223841639244045,297.9417769128534
12.0,5.0,190.0,0.0,4.0,8.0,116.0,2.0,3.112296913860716,9.938978291157095,1939.0914583250967
25.0,8.0,505.0,0.0,0.0,0.0,0.0,0.0,18.07436136756865,7.931166034650547,492.3024697974533
29.0,10.0,331.0,0.0,0.0,4.0,32.0,0.0,14.16281360964826,5.982907778010915,995.7085683437126
67.0,1.0,788.0,0.0,0.0,0.0,0.0,0.0,5.864281541978318,16.95740981597271,58.64524884138072
28.0,1.0,801.0,0.0,0.0,0.0,0.0,1.0,11.147846678988987,17.99916198418697,298.22583555545407
93.0,1.0,429.0,0.0,0.0,0.0,0.0,0.0,8.974260240315262,16.054507817258923,315.0874635441393
59.0,6.0,552.0,0.0,0.0,0.0,0.0,0.0,20.963309310936584,10.98563954090396,61.75182958227705
45.0,10.0,324.0,0.0,12.0,12.0,112.0,5.0,12.92138553659844,8.031777771077236,2783.2568689531167
76.0,3.0,102.0,0.0,0.0,0.0,0.0,0.0,4.181109584330923,10.030766658358656,332.3596542253836
21.0,9.0,361.0,0.0,0.0,12.0,74.0,4.0,14.070598283563502,9.000851572917862,1515.0912663807237
45.0,10.0,464.0,8.0,36.0,55.0,470.0,19.0,10.03985992559085,4.926255265239077,2643.728948557583
65.0,1.0,198.0,0.0,4.0,0.0,4.0,0.0,3.958594060548516,13.166277011269706,781.5582286963983
32.0,6.0,584.0,0.0,0.0,0.0,0.0,0.0,15.032527157916926,4.11080034996358,662.7891126023799
15.0,8.0,634.0,0.0,0.0,0.0,0.0,0.0,10.893051864275789,4.153571753189351,1259.099809729651
29.0,10.0,587.0,0.0,0.0,0.0,0.0,0.0,16.944337024958013,8.026652360263743,884.9069849507072
30.0,9.0,306.0,0.0,4.0,4.0,60.0,1.0,14.995276879122406,11.980252426971228,1570.6183255308065
21.0,9.0,324.0,0.0,4.0,8.0,78.0,5.0,13.793257813478272,7.916490959031685,1166.648097785922
43.0,8.0,516.0,0.0,0.0,0.0,0.0,0.0,20.09500899958362,9.072724983295098,66.48961386912363
13.0,5.0,190.0,0.0,4.0,12.0,136.0,2.0,3.065102735970073,10.02591866833596,2234.5530496677748
32.0,6.0,583.0,0.0,0.0,0.0,0.0,0.0,16.81978165236181,5.952709423525562,390.3614473143268
32.0,6.0,719.0,0.0,0.0,0.0,0.0,0.0,14.903052723109113,3.816396441574351,568.6540512924264
17.0,3.0,196.0,0.0,0.0,0.0,0.0,0.0,0.9893191183506082,11.923360497839624,497.3161410625541
32.0,6.0,584.0,0.0,0.0,0.0,0.0,0.0,14.830340000725984,4.0386487596405685,543.9138448144845
79.0,9.0,332.0,0.0,0.0,0.0,20.0,2.0,16.184063381470086,9.969655077278436,875.0212591293243
43.0,8.0,554.0,0.0,0.0,0.0,0.0,0.0,21.103210511714103,9.956338292093625,65.73916602553615
78.0,5.0,478.0,0.0,20.0,32.0,280.0,7.0,5.136002011260781,5.843541781742726,2720.5787152957305
23.0,3.0,237.0,0.0,0.0,0.0,0.0,0.0,3.964220968548861,7.973514631504308,173.39167702961862
13.0,5.0,188.0,0.0,16.0,28.0,225.0,8.0,3.9970115683854233,8.089899827348521,1758.5338796451229
26.0,8.0,657.0,0.0,0.0,0.0,0.0,0.0,14.111308073140467,6.022062774926285,803.9117503633034
27.0,2.0,836.0,0.0,0.0,0.0,0.0,0.0,22.049285952717103,18.914059495458176,31.710534623353983
80.0,3.0,147.0,0.0,0.0,0.0,0.0,0.0,9.096767068881222,11.95719609248478,237.47280800780143
78.0,5.0,448.0,0.0,92.0,200.0,325.0,47.0,7.010753979214722,7.020604119794398,2634.129726994634
32.0,6.0,563.0,0.0,0.0,0.0,0.0,0.0,17.77699231913007,7.0202565806311,297.8109637751877
65.0,1.0,441.0,0.0,0.0,4.0,52.0,0.0,5.868848536074987,12.870286052809924,1073.1688592553971
78.0,5.0,483.0,0.0,4.0,40.0,224.0,6.0,5.112359942317199,6.062822322797845,2709.6667605699686
17.0,3.0,176.0,0.0,0.0,0.0,4.0,0.0,1.288349705910133,10.002616939433306,548.4759517702383
74.0,8.0,705.0,0.0,0.0,0.0,0.0,0.0,14.149450462120225,2.966698184136481,295.53403232659434
70.0,3.0,88.0,0.0,0.0,0.0,0.0,0.0,5.946854793796177,11.990159203483906,96.43855609670004
75.0,8.0,501.0,0.0,0.0,0.0,0.0,0.0,19.226794165223136,7.904839069327517,126.05268065439364
9.0,8.0,273.0,0.0,0.0,0.0,0.0,0.0,15.073133520119256,9.054674082591092,198.68709929402644
45.0,10.0,465.0,0.0,8.0,56.0,241.0,37.0,10.027653574807596,5.068665478485948,2541.1813697302427
26.0,8.0,679.0,0.0,0.0,0.0,0.0,1.0,10.125667103155193,4.86377559686965,630.0357596385284
26.0,8.0,695.0,0.0,0.0,0.0,0.0,0.0,15.974475168412631,7.984661915452945,600.4920450408546
28.0,1.0,769.0,0.0,0.0,0.0,0.0,0.0,8.817222568602032,16.810485865289884,712.2579694629028
59.0,6.0,509.0,0.0,0.0,0.0,0.0,0.0,18.981366042092134,7.986257292145007,164.29742370371324
37.0,1.0,441.0,0.0,0.0,4.0,92.0,0.0,5.091433583692725,13.106925935787851,1814.485359177371
34.0,10.0,587.0,0.0,0.0,0.0,0.0,0.0,16.942238918626053,7.899213563124829,592.4516892747263
34.0,10.0,723.0,0.0,0.0,0.0,4.0,0.0,13.802830199236874,2.8425953370468617,987.6298711570408
25.0,8.0,653.0,0.0,0.0,0.0,0.0,0.0,14.036681548607898,5.882985414950599,1009.452157739832
0.0,2.0,824.0,0.0,0.0,0.0,0.0,0.0,24.99505397603837,19.914228402750297,748.5418316622862
73.0,6.0,19.0,0.0,0.0,0.0,0.0,0.0,22.039783012459488,13.054477262517626,36.62358787372301
15.0,8.0,635.0,0.0,0.0,0.0,0.0,1.0,12.261595081475305,4.968304911806639,1582.300869598606
28.0,1.0,433.0,0.0,0.0,0.0,0.0,0.0,8.956615977314865,16.06407110707499,424.44526183261775
81.0,0.0,473.0,20.0,93.0,250.0,234.0,12.0,6.025372197203639,10.034075368194198,4775.439473886203
24.0,8.0,729.0,0.0,0.0,8.0,28.0,4.0,7.923116351393481,2.1131825434045384,2774.593572335589
45.0,10.0,465.0,0.0,36.0,32.0,375.0,19.0,10.013183927508424,4.957588918649874,2332.6673171774705
75.0,8.0,513.0,0.0,0.0,0.0,0.0,0.0,19.96285989484528,8.901534589856178,67.40500874190215
8.0,11.0,443.0,8.0,104.0,210.0,307.0,44.0,7.030943801442115,7.0008891591896525,2397.5597727289023
74.0,8.0,536.0,0.0,0.0,0.0,0.0,0.0,14.978305598708236,3.979030520925443,450.34235101963554
28.0,1.0,756.0,0.0,0.0,0.0,0.0,0.0,7.82945611488832,18.936037441059927,77.58179224667094
32.0,6.0,570.0,0.0,0.0,0.0,0.0,0.0,17.968346770609717,8.984442053410397,221.54109301642876
32.0,6.0,586.0,0.0,0.0,0.0,0.0,0.0,15.02572491679083,5.057520704543668,603.4379326938362
43.0,8.0,552.0,0.0,0.0,0.0,0.0,0.0,21.876250522836877,10.962736581610928,86.83383727783219
68.0,3.0,235.0,0.0,0.0,0.0,0.0,1.0,3.772865531021536,7.131697968607778,779.0714792717029
28.0,1.0,748.0,0.0,0.0,0.0,0.0,0.0,12.026238862783424,20.968783714980205,159.77099267509186
72.0,3.0,150.0,0.0,0.0,0.0,0.0,0.0,8.94196597373309,11.99917052798518,122.6540348342868
2.0,11.0,351.0,20.0,28.0,86.0,443.0,25.0,10.88217088081274,7.009113363620373,3085.627215128796
43.0,8.0,553.0,0.0,0.0,0.0,0.0,0.0,22.069761303440423,11.95874083292136,34.29855694403825
74.0,8.0,706.0,0.0,0.0,0.0,4.0,0.0,12.03204017929415,0.973456897590359,641.9102094629006
66.0,2.0,46.0,0.0,0.0,0.0,0.0,0.0,21.133711075419573,14.073257311316487,247.26246297548656
60.0,3.0,142.0,0.0,0.0,0.0,0.0,0.0,10.131040091748982,8.117108942113386,686.6465901762538
15.0,8.0,648.0,0.0,0.0,0.0,4.0,0.0,11.841692345684638,1.980618342798875,1659.3813495252602
58.0,6.0,605.0,0.0,0.0,0.0,0.0,0.0,24.008271460837538,14.081912703466454,101.62747542458516
25.0,8.0,503.0,0.0,0.0,0.0,0.0,0.0,18.11947883033033,7.967932998060254,695.8486731552516
43.0,8.0,518.0,0.0,0.0,0.0,0.0,0.0,19.9815359468713,8.819743207692873,80.48700187235747
9.0,8.0,290.0,0.0,0.0,0.0,0.0,0.0,14.052496691527864,10.11592422988266,43.44395788380635
43.0,8.0,682.0,0.0,0.0,0.0,0.0,0.0,20.14490314268116,10.048213323014863,62.54358786090648
59.0,6.0,515.0,0.0,0.0,0.0,0.0,0.0,19.97443116123591,8.827266234427691,98.68689082459308
12.0,5.0,168.0,0.0,4.0,0.0,60.0,1.0,2.018916315353569,9.967056454811829,3034.2807492164998
15.0,8.0,675.0,0.0,0.0,0.0,0.0,0.0,9.864509581507534,3.979927579244776,987.4896794968328
32.0,6.0,718.0,0.0,0.0,0.0,4.0,0.0,13.97162412369467,3.0491242226822077,865.0882680512048
79.0,9.0,36.0,0.0,0.0,0.0,0.0,0.0,17.865361426754024,10.283193750303049,643.5057562084315
60.0,3.0,292.0,0.0,0.0,0.0,0.0,0.0,13.9511975458674,11.11644748133891,768.5959092255513
93.0,1.0,776.0,0.0,0.0,0.0,4.0,1.0,7.021434820876918,14.987954550890509,1229.2639919756186
25.0,8.0,647.0,0.0,0.0,0.0,0.0,1.0,13.095053140372078,4.0514699443737685,936.8332012180692
59.0,6.0,64.0,0.0,0.0,0.0,0.0,0.0,23.91138266727798,13.138083779142008,86.28900406570267
23.0,3.0,251.0,0.0,0.0,0.0,12.0,0.0,3.216449265037902,6.916921848586392,1994.1632292253755
27.0,2.0,838.0,0.0,0.0,0.0,0.0,0.0,22.067276851815247,19.04380324211059,38.97765660767893
34.0,10.0,716.0,0.0,0.0,4.0,16.0,6.0,11.949525192268393,2.021211188672416,1210.6666340526538
37.0,1.0,438.0,0.0,0.0,0.0,80.0,0.0,6.909829477685413,12.933798456092028,2170.6459338677
21.0,9.0,320.0,0.0,0.0,0.0,36.0,1.0,15.100186843970471,8.991386931401156,1403.7538392227152
20.0,9.0,337.0,0.0,0.0,0.0,20.0,1.0,16.067881152330905,9.026963378733386,1075.112142372786
82.0,8.0,496.0,0.0,0.0,0.0,0.0,0.0,16.096968699167636,5.979594044692061,211.5028669919416
72.0,3.0,163.0,0.0,0.0,0.0,0.0,0.0,6.9500479504371135,11.151915449265251,378.4214507044396
59.0,6.0,615.0,0.0,0.0,0.0,0.0,0.0,21.997708266412094,10.10067437830094,186.80798499304552
88.0,9.0,299.0,0.0,24.0,50.0,411.0,6.0,12.949782310802895,9.00045948793055,1619.7229967403553
30.0,9.0,348.0,0.0,24.0,54.0,410.0,8.0,13.10365453018263,8.016661477936788,1137.8610355453154
13.0,5.0,178.0,4.0,0.0,4.0,132.0,1.0,3.769592825807371,11.11796597124697,2238.843612623549
71.0,9.0,301.0,8.0,4.0,60.0,401.0,8.0,12.883104360291034,9.973761035846008,405.5195609134298
72.0,3.0,120.0,0.0,0.0,0.0,0.0,0.0,10.099055090674682,9.87251281326364,566.8636239005639
65.0,1.0,200.0,0.0,4.0,0.0,8.0,0.0,4.855534329395224,13.044123795237644,937.7855904031098
68.0,3.0,247.0,0.0,0.0,0.0,32.0,2.0,3.9333243531267983,5.909439337729794,797.3029402766837
58.0,6.0,61.0,0.0,0.0,0.0,0.0,0.0,22.880376034878037,13.00518930619869,71.82908100244033
44.0,8.0,636.0,0.0,0.0,0.0,0.0,0.0,10.945396545524533,6.050400171135385,227.9889301669353
72.0,3.0,124.0,0.0,0.0,0.0,0.0,0.0,10.047922756050353,11.930908895351603,638.9323502505217
49.0,11.0,462.0,55.0,206.0,284.0,108.0,31.0,8.97902906643054,6.990599590356125,5711.308256444819
89.0,0.0,449.0,74.0,254.0,233.0,72.0,41.0,6.92985793952386,7.937789583576724,4512.382734948875
68.0,3.0,216.0,0.0,0.0,0.0,0.0,0.0,8.265801855568238,6.096418891100473,203.0564257258958
45.0,10.0,738.0,0.0,16.0,20.0,129.0,24.0,10.34720542963749,3.069269091335161,3561.128119243364
60.0,3.0,665.0,0.0,0.0,0.0,0.0,0.0,10.98650808066599,7.178727950058292,1155.055837078769
1.0,11.0,346.0,0.0,24.0,54.0,431.0,36.0,11.995757489321326,7.987856048305415,4087.0489774562297
25.0,8.0,521.0,0.0,0.0,0.0,0.0,0.0,15.96636849871352,5.022809871821091,774.2612288995249
59.0,6.0,594.0,0.0,0.0,0.0,0.0,0.0,22.940612526513597,12.01989589830586,199.06571026157863
61.0,1.0,433.0,0.0,0.0,0.0,0.0,0.0,7.855029583769413,15.910556194067247,617.469807783081
80.0,3.0,147.0,0.0,0.0,0.0,0.0,0.0,8.928518079263496,11.8694831743828,88.88597214921828
59.0,6.0,611.0,0.0,0.0,0.0,0.0,0.0,25.14616731741013,13.019984332779476,128.60552625082548
76.0,3.0,104.0,0.0,0.0,0.0,0.0,0.0,4.982693893499598,11.917076757195002,168.4941708510161
21.0,9.0,361.0,0.0,0.0,16.0,78.0,5.0,14.03988575271598,9.05648707173282,1263.55029584883
43.0,8.0,518.0,0.0,0.0,0.0,0.0,0.0,20.085549660528788,9.062412275417584,90.50002980497098
37.0,1.0,180.0,0.0,4.0,4.0,133.0,2.0,5.081746988850785,12.131532354803962,2388.49010320124
59.0,6.0,619.0,0.0,0.0,0.0,0.0,0.0,21.96047448874135,11.011324017773475,134.0746459330271
25.0,8.0,659.0,0.0,0.0,0.0,0.0,0.0,14.063725971025615,5.082755863912129,700.4926568196556
32.0,6.0,574.0,0.0,0.0,0.0,0.0,0.0,16.10049735291243,4.964103987948623,596.0456699487596
93.0,1.0,415.0,0.0,0.0,4.0,337.0,1.0,9.008623057191368,13.073396093767656,1486.4603092510404
25.0,8.0,528.0,0.0,0.0,0.0,0.0,0.0,16.995263507419622,6.799283660591384,523.2734489043186
77.0,4.0,458.0,8.0,146.0,259.0,232.0,23.0,9.96150331687623,7.165114498639819,3181.6487529522938
43.0,8.0,550.0,0.0,0.0,0.0,0.0,0.0,21.85247437935894,12.060684059070038,72.44259207469001
73.0,6.0,1.0,0.0,0.0,0.0,0.0,0.0,26.78684787572928,17.98155949278923,170.2029623447438
66.0,2.0,306.0,0.0,4.0,4.0,82.0,1.0,15.160162109627548,10.922547814119472,546.938835123348
0.0,2.0,813.0,0.0,0.0,0.0,0.0,0.0,24.95555498310032,20.97507358401582,731.9994538614758
47.0,11.0,443.0,16.0,185.0,276.0,160.0,40.0,6.797815285244531,7.136208303083846,2900.946642641113
34.0,10.0,700.0,0.0,0.0,4.0,8.0,0.0,12.001644817909987,1.002286612959676,1358.3307962993772
57.0,3.0,662.0,0.0,0.0,0.0,0.0,1.0,10.14204854853534,4.916824829043999,330.14959238624004
68.0,3.0,207.0,0.0,0.0,0.0,8.0,0.0,5.861427854842916,3.949027541743036,856.8832911983161
76.0,3.0,164.0,0.0,0.0,0.0,0.0,0.0,5.862933495236392,9.999579319397297,134.97179525759253
15.0,8.0,223.0,0.0,0.0,0.0,32.0,3.0,4.951258853701174,5.118995889636047,2256.236534334044
63.0,2.0,399.0,0.0,0.0,0.0,12.0,0.0,17.308621407385047,14.002177560367006,1466.3004245169832
9.0,8.0,262.0,0.0,0.0,0.0,0.0,0.0,17.06541787761646,13.001561509345638,115.44111569002148
65.0,1.0,200.0,0.0,4.0,0.0,72.0,0.0,4.047926660233906,11.892551990592027,893.8988949842873
23.0,3.0,250.0,0.0,0.0,0.0,36.0,0.0,1.9984593935465964,7.985305084605605,1195.4735092290491
13.0,5.0,179.0,0.0,8.0,28.0,174.0,1.0,3.8557186970932937,9.91984280418466,1904.0431909626304
72.0,3.0,244.0,0.0,0.0,0.0,0.0,0.0,5.979364889946323,8.055678934690585,730.4439920812447
65.0,1.0,184.0,0.0,4.0,4.0,120.0,1.0,5.045607567883652,12.006754451688211,772.9515306735318
31.0,3.0,150.0,0.0,0.0,0.0,0.0,0.0,8.058570168298473,11.96252920816682,100.63300899241877
43.0,8.0,546.0,0.0,0.0,0.0,0.0,0.0,21.93689851446798,12.103479987385404,59.062756902005646
28.0,1.0,793.0,0.0,0.0,0.0,0.0,0.0,9.915378875748406,19.98906436241524,287.0234919725132
51.0,11.0,462.0,41.0,176.0,316.0,124.0,29.0,9.022415033514353,6.966219293194579,3337.3810603812058
11.0,5.0,447.0,16.0,125.0,211.0,265.0,38.0,6.041278543990221,7.195283710418197,2019.428335543164
30.0,9.0,364.0,0.0,20.0,24.0,351.0,5.0,12.818873526465882,9.04425947109428,1525.9073788385708
15.0,8.0,659.0,0.0,0.0,0.0,0.0,1.0,13.001459702908262,3.998847780888836,1073.3922089063951
12.0,5.0,182.0,4.0,0.0,0.0,96.0,0.0,3.965011105951036,12.011385869853957,2263.9119494860265
24.0,8.0,739.0,4.0,0.0,4.0,40.0,11.0,11.128448212159384,1.8319315740217093,2716.3747201949445
77.0,4.0,313.0,12.0,185.0,200.0,204.0,11.0,10.70167547317937,10.070153911704791,2734.857595155234
82.0,8.0,520.0,0.0,0.0,0.0,0.0,0.0,14.836502453509333,4.072903212384561,499.69721616553375
65.0,1.0,201.0,0.0,0.0,0.0,4.0,0.0,4.885015997148412,13.830865501520014,160.15276601534683
28.0,1.0,809.0,0.0,0.0,0.0,0.0,0.0,10.892506497337406,19.91012363907645,420.0246165599634
45.0,10.0,717.0,0.0,0.0,8.0,48.0,7.0,11.883331334157177,3.8915424793813926,2735.729975565607
0.0,2.0,71.0,0.0,0.0,0.0,0.0,0.0,23.037914094026977,16.823280803912972,387.4352743478004
59.0,6.0,624.0,0.0,0.0,0.0,0.0,0.0,22.228710162163324,11.009899925314704,113.78172228491536
76.0,3.0,100.0,0.0,0.0,0.0,0.0,0.0,3.988230512780897,9.990903068130782,230.73725009273295
29.0,10.0,329.0,0.0,0.0,4.0,40.0,1.0,13.80666864941148,5.871343693514293,1553.3916167188845
68.0,3.0,209.0,0.0,0.0,0.0,0.0,0.0,5.84107726789655,6.018403901126164,583.048696960076
82.0,8.0,494.0,0.0,0.0,0.0,0.0,0.0,17.041534467623883,5.944363200056618,153.15091255409646
9.0,8.0,274.0,0.0,0.0,0.0,0.0,0.0,15.00796487287088,10.0248071540933,156.04280563271735
95.0,4.0,317.0,86.0,187.0,145.0,120.0,14.0,9.10013642445906,10.084028987625189,3814.78615514048
60.0,3.0,145.0,0.0,0.0,0.0,0.0,0.0,10.615832513470204,10.020305562919738,1046.054686829492
31.0,3.0,152.0,0.0,0.0,0.0,0.0,0.0,9.887707530873502,12.986496505431694,56.48932406179279
0.0,2.0,823.0,0.0,0.0,0.0,0.0,0.0,23.877912739318944,18.976126410997423,344.9146721829369
62.0,3.0,106.0,0.0,0.0,0.0,0.0,0.0,4.030825989567768,10.900423662047949,206.40826030304112
26.0,8.0,272.0,0.0,0.0,0.0,0.0,0.0,15.032488658429818,8.98106257485672,276.4409090314587
59.0,6.0,626.0,0.0,0.0,0.0,0.0,0.0,22.23667279204109,11.023923807829483,65.62040051298041
27.0,2.0,816.0,0.0,0.0,0.0,0.0,0.0,24.0600225439227,21.123154402684357,82.89369525914735
87.0,0.0,448.0,8.0,40.0,133.0,432.0,41.0,7.244194403165828,6.031903619378314,3972.393996164428
57.0,3.0,144.0,0.0,0.0,0.0,0.0,0.0,9.8849925570973,10.015828733658994,82.63584002118434
61.0,1.0,778.0,0.0,0.0,0.0,4.0,0.0,5.843749424707803,14.922562265143394,457.2540218570468
43.0,8.0,556.0,0.0,0.0,0.0,0.0,0.0,20.96733685957154,10.08814493730354,32.77037249782215
81.0,0.0,419.0,0.0,16.0,72.0,429.0,6.0,6.099765990734774,10.918256159518544,2849.146370669996
73.0,6.0,9.0,0.0,0.0,0.0,0.0,0.0,25.96292047811796,17.03844772668853,66.49699563906023
57.0,3.0,663.0,0.0,0.0,0.0,0.0,1.0,10.27298823462763,4.928261490583238,431.1801943805731
7.0,4.0,485.0,140.0,289.0,84.0,112.0,9.0,8.119916798329676,10.046042151994078,4646.024659616732
94.0,7.0,445.0,52.0,204.0,317.0,68.0,41.0,7.873629461321908,7.041728950226624,4787.781766418155
68.0,3.0,217.0,0.0,0.0,0.0,0.0,0.0,5.95801580521882,5.005436831046964,474.94245442042273
45.0,10.0,744.0,4.0,20.0,24.0,158.0,36.0,9.928442981785173,4.116744437771362,3024.890642233136
43.0,8.0,682.0,0.0,0.0,0.0,0.0,0.0,19.85204221025071,11.108529677392696,98.883582265553
29.0,10.0,587.0,0.0,0.0,0.0,0.0,0.0,16.991723084082764,8.114560489000265,554.5316886729343
66.0,2.0,381.0,0.0,0.0,0.0,0.0,0.0,17.990732341116495,11.921468756771354,391.2688237344872
21.0,9.0,402.0,0.0,0.0,0.0,8.0,2.0,16.987185256919197,11.059004917366517,665.8336157568854
67.0,1.0,764.0,0.0,0.0,0.0,4.0,0.0,4.935041523528284,15.079534635355568,216.5434964155612
9.0,8.0,264.0,0.0,0.0,0.0,0.0,0.0,15.686451475998917,10.967998438335052,129.04958117119534
59.0,6.0,64.0,0.0,0.0,0.0,0.0,0.0,24.212482152283528,13.049454406972403,167.5573865004726
15.0,8.0,735.0,0.0,0.0,0.0,8.0,0.0,8.81488202366552,2.104018274407269,2066.3234606571864
50.0,11.0,470.0,20.0,51.0,182.0,396.0,17.0,9.832630140919182,6.118605956324079,4176.031401814841
63.0,2.0,399.0,0.0,0.0,0.0,8.0,0.0,17.200753843390338,13.931229910221887,1154.6234492568792
63.0,2.0,403.0,0.0,0.0,0.0,4.0,0.0,18.079585747907085,12.817953082158205,2953.541632579586
78.0,5.0,456.0,4.0,32.0,40.0,416.0,62.0,7.14668638185414,4.926402343135917,3924.952683732413
59.0,6.0,601.0,0.0,0.0,0.0,0.0,0.0,24.12460921091814,13.019347208531178,61.76880614118782
15.0,8.0,676.0,0.0,0.0,0.0,0.0,0.0,9.819950475328,2.1912832028783145,1648.0402624732094
67.0,1.0,782.0,0.0,0.0,0.0,0.0,0.0,10.94614748984648,21.00322941591778,84.7998654737972
78.0,5.0,221.0,0.0,0.0,8.0,56.0,9.0,6.979615728249149,2.8020542625340075,2980.8588846513067
41.0,7.0,461.0,96.0,324.0,116.0,76.0,34.0,9.139205383997028,8.075610789863502,3771.934855618399
32.0,6.0,721.0,0.0,0.0,0.0,4.0,0.0,13.94560079872058,4.0980397712253325,909.870667198073
45.0,10.0,323.0,0.0,4.0,8.0,68.0,1.0,14.000727174592551,7.037192353354785,3855.119274896429
67.0,1.0,782.0,0.0,0.0,0.0,0.0,0.0,10.003810113866331,20.02682873391517,142.98101314749547
11.0,5.0,478.0,0.0,16.0,36.0,246.0,10.0,4.9786452392143925,5.889937491905086,1481.4314084877878
13.0,5.0,181.0,0.0,8.0,56.0,307.0,4.0,5.098951210662644,10.950253958045304,1897.6568532254312
45.0,10.0,465.0,4.0,20.0,48.0,321.0,36.0,10.049191789953197,5.00421769776697,3261.485322399996
37.0,1.0,421.0,0.0,12.0,36.0,446.0,5.0,8.214198516796976,12.03481579559564,2279.641733268121
80.0,3.0,153.0,0.0,0.0,0.0,0.0,0.0,7.957657426376502,13.035002675210617,158.59752578604233
69.0,3.0,160.0,0.0,0.0,0.0,0.0,0.0,5.909076229553825,8.937386132849795,219.07031114308285
88.0,9.0,352.0,8.0,32.0,72.0,425.0,37.0,12.12828110203641,8.067569952936195,1765.792529739932
34.0,10.0,722.0,0.0,0.0,0.0,8.0,0.0,12.944311511458254,2.032261216898245,1695.5410158038308
15.0,8.0,212.0,0.0,0.0,0.0,0.0,1.0,8.892408751756424,5.058501835308091,1327.8397917832867
75.0,8.0,510.0,0.0,0.0,0.0,0.0,0.0,16.98067154685382,5.983466899596729,210.7239953768478
28.0,1.0,804.0,0.0,0.0,0.0,0.0,0.0,12.914344974652398,18.860784654047208,393.7285818737624
62.0,3.0,256.0,0.0,0.0,0.0,0.0,0.0,4.920624505342127,15.057942752709272,104.22363982142132
63.0,2.0,388.0,0.0,0.0,0.0,0.0,0.0,20.954153299865357,15.936196405951568,789.0451895526905
59.0,6.0,623.0,0.0,0.0,0.0,0.0,0.0,22.070749721012373,11.05667214008545,40.41853992832248
57.0,3.0,129.0,0.0,0.0,0.0,0.0,0.0,11.886569070286845,11.077496786923254,100.81723387677272
43.0,8.0,547.0,0.0,0.0,0.0,0.0,0.0,21.07175311670778,11.144687652101918,49.715180722845695
91.0,0.0,476.0,12.0,28.0,88.0,399.0,11.0,5.120754901217189,8.894551015723465,4770.383789615526
43.0,8.0,499.0,0.0,0.0,0.0,0.0,0.0,18.87269450001779,7.866994062190889,87.26762747271978
59.0,6.0,614.0,0.0,0.0,0.0,0.0,0.0,20.90744341615212,10.014959071050477,144.33775579790776
28.0,1.0,755.0,0.0,0.0,0.0,0.0,0.0,8.054746663195203,17.897958906055667,119.84909866490476
13.0,5.0,179.0,0.0,16.0,20.0,221.0,2.0,3.949888664401957,9.94978774181786,2135.154423822345
86.0,10.0,743.0,0.0,0.0,12.0,56.0,12.0,9.982665172421374,2.1489447158648303,1697.7408224975384
11.0,5.0,482.0,0.0,12.0,36.0,244.0,10.0,3.791664631275336,7.087805652164553,2567.573017444676
59.0,6.0,630.0,0.0,0.0,0.0,0.0,0.0,21.213609720091405,9.013009820395231,230.7520882376272
26.0,8.0,696.0,0.0,0.0,0.0,0.0,0.0,15.93133125568226,7.010611733855286,735.5959763550674
75.0,8.0,494.0,0.0,0.0,0.0,0.0,0.0,17.10378833034511,6.102836568568903,216.3627069036327
81.0,0.0,419.0,0.0,12.0,60.0,423.0,6.0,7.072871095498227,10.930728603306754,6842.787731944797
63.0,2.0,306.0,0.0,4.0,4.0,56.0,1.0,15.00972844351691,12.088631917289966,1855.0690752689857
12.0,5.0,198.0,0.0,4.0,0.0,4.0,0.0,2.722582104256314,12.93846404065043,1348.4461638546672
91.0,0.0,472.0,12.0,52.0,122.0,383.0,13.0,4.973128722707771,8.031761112268637,3511.683761170232
32.0,6.0,592.0,0.0,0.0,0.0,0.0,0.0,17.01851344765722,7.159625016673,602.5866923826994
66.0,2.0,379.0,0.0,0.0,0.0,0.0,0.0,19.638275360923544,13.908434890147722,161.14569523696622
24.0,8.0,648.0,0.0,0.0,0.0,4.0,1.0,11.841587637258334,2.160928565937798,545.962007916781
9.0,8.0,269.0,0.0,0.0,0.0,0.0,0.0,18.08406479212312,14.016602588875497,61.94428778618181
64.0,6.0,14.0,0.0,0.0,0.0,0.0,0.0,19.9164414752962,11.981363511201057,1132.465420095203
59.0,6.0,555.0,0.0,0.0,0.0,0.0,0.0,21.85792625236444,11.019334758813194,49.56572324174007
25.0,8.0,505.0,0.0,0.0,0.0,0.0,0.0,18.090148234757176,7.982615441450637,780.0628712285254
48.0,0.0,471.0,32.0,92.0,159.0,306.0,10.0,6.057131882249079,8.877222480761755,2610.654588692842
15.0,8.0,728.0,0.0,0.0,4.0,44.0,6.0,8.028281659579998,2.8813793731189574,2048.9862848220077
34.0,10.0,573.0,0.0,0.0,0.0,0.0,0.0,16.061283026476016,4.971303980071823,711.5942319738247
25.0,8.0,694.0,0.0,0.0,0.0,0.0,0.0,17.088687332828837,8.074090428991052,343.87941520697416
79.0,9.0,38.0,0.0,0.0,0.0,0.0,0.0,18.854706443816127,11.992068008536345,410.74421435330174
72.0,3.0,162.0,0.0,0.0,0.0,0.0,0.0,6.854657941409067,10.916809994215244,156.518251910996
35.0,7.0,445.0,87.0,297.0,165.0,68.0,30.0,7.997612608055131,8.090789268779785,3466.723015218812
63.0,2.0,306.0,0.0,4.0,4.0,52.0,1.0,15.072308819419703,11.853538067902878,1599.7913053921347
0.0,2.0,823.0,0.0,0.0,0.0,0.0,0.0,22.80348153520384,18.161654391964028,510.5408948348078
45.0,10.0,467.0,4.0,56.0,58.0,459.0,16.0,9.882748726082337,6.038865774727144,2713.667645501783
73.0,6.0,3.0,0.0,0.0,0.0,0.0,0.0,25.950572888519947,16.93502378015372,169.79800601209698
56.0,4.0,461.0,125.0,270.0,128.0,84.0,40.0,9.124488314214371,7.992422766307195,8648.250047772035
55.0,4.0,461.0,159.0,229.0,108.0,84.0,40.0,9.003591683595184,9.061596113205992,4718.280763187639
94.0,7.0,445.0,40.0,218.0,307.0,84.0,33.0,7.843589732826729,7.087847244366564,3879.22043609525
67.0,1.0,787.0,0.0,0.0,0.0,0.0,0.0,7.0013459416606345,17.996801159915947,83.69933599212075
78.0,5.0,726.0,0.0,8.0,8.0,60.0,14.0,9.05198206038801,1.935667194345984,2923.688816282141
32.0,6.0,536.0,0.0,0.0,0.0,0.0,0.0,16.071022049176815,4.876476442984272,481.2802463517954
0.0,2.0,815.0,0.0,0.0,0.0,0.0,0.0,25.929726098258698,21.897664484252395,341.30556649162025
23.0,3.0,94.0,0.0,0.0,0.0,0.0,0.0,2.8886185723066133,10.05366883007559,144.95401100716114
34.0,10.0,591.0,0.0,0.0,0.0,4.0,0.0,16.01302410334568,7.002045468440633,1162.8139712745965
25.0,8.0,685.0,0.0,0.0,0.0,0.0,0.0,18.035433196934186,8.95932127062369,187.4456342199926
27.0,2.0,836.0,0.0,0.0,0.0,0.0,0.0,22.008610627992184,18.12658995864026,83.6016969250191
68.0,3.0,207.0,0.0,0.0,0.0,8.0,0.0,5.978847088360099,5.076028365004256,511.5812405778613
74.0,8.0,508.0,0.0,0.0,0.0,0.0,0.0,17.935050558465196,6.933598241336601,99.9513692680667
75.0,8.0,530.0,0.0,0.0,0.0,0.0,0.0,16.983974273408165,7.023497560877848,207.48111469079765
4.0,0.0,486.0,122.0,287.0,108.0,72.0,38.0,7.904172732116132,8.019588446016252,5010.222420134613
79.0,9.0,35.0,0.0,0.0,0.0,0.0,0.0,20.16234268855165,11.9629301590331,434.3621512585997
32.0,6.0,39.0,0.0,0.0,0.0,0.0,0.0,18.878398254888417,9.965018797205868,280.44738688597687
29.0,10.0,42.0,0.0,0.0,0.0,0.0,0.0,18.088146659045147,9.834717039067934,429.9646411832935
13.0,5.0,183.0,4.0,0.0,4.0,120.0,1.0,2.8675536720253585,10.881384297635153,2257.5010288285857
52.0,4.0,317.0,124.0,168.0,139.0,116.0,12.0,10.20888693512462,9.969649005760864,7583.273991806352
12.0,5.0,168.0,0.0,4.0,0.0,32.0,0.0,2.072380256652226,10.97499036703866,2652.866223128702
60.0,3.0,285.0,0.0,0.0,0.0,0.0,0.0,14.263895141541948,11.889673720669494,877.5706980053765
76.0,3.0,89.0,0.0,0.0,0.0,0.0,0.0,6.08456976983031,10.968572232396808,117.1989092040786
22.0,2.0,312.0,8.0,173.0,192.0,220.0,10.0,11.085768159984152,11.160344388181109,2248.9148707351383
66.0,2.0,392.0,0.0,0.0,0.0,0.0,0.0,20.122961170517957,14.885129307133402,508.2480670526126
32.0,6.0,536.0,0.0,0.0,0.0,0.0,0.0,14.928392058638057,4.008516387188964,626.178201762234
89.0,0.0,443.0,25.0,212.0,300.0,100.0,46.0,6.964116126815478,6.892449759883998,4226.934289907974
45.0,10.0,717.0,0.0,0.0,12.0,56.0,11.0,11.982884660287649,2.920562939355107,3597.14832996848
74.0,8.0,585.0,0.0,0.0,0.0,0.0,0.0,16.921163856139874,6.008588780655271,153.49234695618608
73.0,6.0,30.0,0.0,0.0,0.0,0.0,0.0,24.103382962668967,13.941259194965266,255.30991508624516
60.0,3.0,142.0,0.0,0.0,0.0,0.0,0.0,10.242345202238251,8.08898135681769,777.6366939825256
93.0,1.0,416.0,0.0,0.0,0.0,44.0,1.0,8.064409574241873,13.916670326739538,1087.8132000578396
75.0,8.0,513.0,0.0,0.0,0.0,0.0,0.0,19.847974570981545,8.936558861563608,65.05163319763301
83.0,11.0,444.0,4.0,44.0,109.0,472.0,44.0,8.123008898646674,4.981174089612954,3578.949769263563
64.0,6.0,40.0,0.0,0.0,0.0,0.0,0.0,19.98748950577868,10.889059417405717,573.6535838465333
57.0,3.0,662.0,0.0,0.0,0.0,0.0,1.0,9.934823816840984,4.9323633801752855,304.62326546394
67.0,1.0,791.0,0.0,0.0,0.0,0.0,0.0,7.010516700755766,17.869922185036977,188.2951053016948
0.0,2.0,814.0,0.0,0.0,0.0,0.0,0.0,25.920833433997736,21.97169314210309,390.2357645866712
17.0,3.0,193.0,0.0,0.0,0.0,4.0,0.0,0.8984553393106008,11.982126926020994,465.7017973357388
29.0,10.0,331.0,0.0,0.0,4.0,40.0,0.0,13.94107098174791,6.998740035107215,1104.801340540415
72.0,3.0,161.0,0.0,0.0,0.0,0.0,0.0,7.034521996533856,8.972898149092325,809.4433807114195
0.0,2.0,835.0,0.0,0.0,0.0,0.0,0.0,23.872976025629256,19.907675076397016,535.8717642615304
13.0,5.0,475.0,4.0,28.0,60.0,388.0,12.0,3.912830550292224,8.944113992157288,2025.0023124863344
66.0,2.0,406.0,0.0,0.0,4.0,28.0,1.0,16.112920738288306,11.01010461036859,956.5748918545556
1.0,11.0,351.0,4.0,32.0,58.0,439.0,33.0,11.049170564382896,5.95593112084709,3390.3595545979942
73.0,6.0,11.0,0.0,0.0,0.0,0.0,0.0,21.14307310310836,12.89348220636951,166.06748070389443
0.0,2.0,818.0,0.0,0.0,0.0,0.0,0.0,23.857757886792044,20.144557577563344,637.8675396491519
58.0,6.0,61.0,0.0,0.0,0.0,0.0,0.0,22.899534371138294,13.048922759601007,117.43670375464792
12.0,5.0,202.0,0.0,0.0,4.0,0.0,0.0,4.083014010637311,12.922911878996263,1789.600337253824
79.0,9.0,44.0,0.0,0.0,0.0,0.0,0.0,17.908853390540198,10.069959268674042,281.08630331416384
45.0,10.0,724.0,0.0,0.0,0.0,8.0,0.0,13.9088509663613,3.05001838030653,2636.522223352172
68.0,3.0,243.0,0.0,0.0,0.0,0.0,0.0,5.061002219718253,7.944842141346819,495.654584748112
37.0,1.0,419.0,0.0,8.0,60.0,416.0,5.0,6.87735517757792,11.95558046332922,2067.048624994228
67.0,1.0,260.0,0.0,0.0,0.0,0.0,0.0,5.831167038516056,17.162054964855926,41.18971706879137
59.0,6.0,509.0,0.0,0.0,0.0,0.0,0.0,18.973579232456675,7.016462649376607,184.7735838688532
0.0,2.0,828.0,0.0,0.0,0.0,0.0,0.0,27.21471758297497,22.079322157258037,482.1310752760552
15.0,8.0,650.0,0.0,0.0,0.0,0.0,0.0,10.783385527849225,3.0560986743887253,582.2087796704301
44.0,8.0,276.0,0.0,0.0,0.0,0.0,0.0,14.002397211983997,8.955061762299268,244.0468375521189
12.0,5.0,170.0,0.0,0.0,4.0,8.0,0.0,0.8663099735921514,10.935176850508787,3040.346898773593
28.0,1.0,751.0,0.0,0.0,0.0,0.0,0.0,11.91378964111306,21.93034087583745,388.63347121702566
68.0,3.0,222.0,0.0,0.0,4.0,64.0,5.0,4.983235862609861,4.994347057802674,613.1195289530923
45.0,10.0,744.0,0.0,24.0,28.0,258.0,38.0,9.150295127973726,3.774777094021087,2248.3770214574297
59.0,6.0,622.0,0.0,0.0,0.0,0.0,0.0,23.113374630964103,12.12525405520192,115.91075423131234
24.0,8.0,732.0,0.0,0.0,0.0,4.0,0.0,10.973188999508157,1.0859007647406111,1397.088610670541
25.0,8.0,659.0,0.0,0.0,0.0,0.0,1.0,12.910700024016878,4.070644521128099,927.356596765516
57.0,3.0,133.0,0.0,0.0,0.0,0.0,0.0,8.112299952512046,8.091371834650202,235.91367368362697
25.0,8.0,521.0,0.0,0.0,0.0,0.0,0.0,16.095899167612583,5.063242461795251,791.6348257061961
58.0,6.0,606.0,0.0,0.0,0.0,0.0,0.0,25.861125989155557,14.992203591051595,123.08589605945592
58.0,6.0,60.0,0.0,0.0,0.0,0.0,0.0,21.932388059618336,12.940085039438909,121.04931872641632
29.0,10.0,575.0,0.0,0.0,0.0,4.0,0.0,14.999291919949052,6.036353917551051,1573.561804015871
93.0,1.0,434.0,0.0,0.0,0.0,4.0,1.0,7.094049124079717,14.968672274397417,667.1431237393506
2.0,11.0,464.0,8.0,44.0,62.0,475.0,19.0,10.122973790670471,6.0584242520170815,3556.922581749172
29.0,10.0,323.0,0.0,4.0,0.0,40.0,0.0,13.87756792575619,7.171738418150673,1478.1733611768589
75.0,8.0,529.0,0.0,0.0,0.0,0.0,0.0,17.10388112402855,5.911680601463266,173.91036395086604
86.0,10.0,730.0,0.0,4.0,12.0,84.0,17.0,8.06590962883667,3.027290489019056,1057.98290831827
45.0,10.0,741.0,0.0,8.0,4.0,64.0,11.0,11.02938288777962,3.076298102838216,2281.377910851505
15.0,8.0,702.0,0.0,0.0,4.0,8.0,0.0,11.067350657436885,0.0058453017670217,1825.9330535442396
26.0,8.0,639.0,0.0,0.0,0.0,0.0,0.0,13.865109081440416,6.933146416482015,640.9759788427929
34.0,10.0,591.0,0.0,0.0,0.0,0.0,0.0,16.087193877131426,6.911156836982249,721.7882304300772
26.0,8.0,675.0,0.0,0.0,0.0,0.0,0.0,10.80038026989818,3.8784961827187434,632.6622776902474
16.0,1.0,419.0,4.0,56.0,137.0,352.0,6.0,6.993757327968014,11.079102055097716,2516.464841840592
25.0,8.0,683.0,0.0,0.0,0.0,0.0,0.0,18.035263935582723,8.144443622478159,617.8615361528538
57.0,3.0,663.0,0.0,0.0,0.0,0.0,0.0,10.950786914997485,5.891449390452202,402.9154851883862
45.0,10.0,359.0,4.0,32.0,36.0,350.0,37.0,10.870971322615276,5.9256699293493424,2848.575746249593
45.0,10.0,741.0,0.0,8.0,12.0,56.0,11.0,10.74423988865992,3.078114200952837,3365.579855436487
27.0,2.0,367.0,0.0,0.0,0.0,0.0,0.0,17.81247395875974,15.887419268877364,188.58686924945704
67.0,1.0,260.0,0.0,0.0,0.0,0.0,0.0,6.049323933547687,17.032202222342676,237.3096430248999
9.0,8.0,278.0,0.0,0.0,0.0,0.0,0.0,18.02592562103517,13.03002910133871,112.773383514684
82.0,8.0,535.0,0.0,0.0,0.0,0.0,0.0,16.969084929070295,6.129429610065905,94.8153823152178
45.0,10.0,744.0,0.0,24.0,32.0,224.0,39.0,9.038036707107844,3.939255087197562,2600.692946043447
57.0,3.0,660.0,0.0,0.0,0.0,0.0,0.0,10.023557248160625,5.855843315121988,316.8690235840229
63.0,2.0,390.0,0.0,0.0,0.0,0.0,0.0,22.00286502545695,15.816805681688624,1224.288322580521
82.0,8.0,496.0,0.0,0.0,0.0,0.0,0.0,16.01596634892485,5.958622724823373,365.45753588086166
74.0,8.0,512.0,0.0,0.0,0.0,0.0,0.0,17.085012367022376,6.080264076399609,115.7794507877659
71.0,9.0,299.0,8.0,20.0,55.0,402.0,8.0,12.012460089510611,10.009138273951688,1560.3763374082596
82.0,8.0,538.0,0.0,0.0,0.0,0.0,0.0,13.87111758908229,3.028909792702704,542.4699096129816
75.0,8.0,511.0,0.0,0.0,0.0,0.0,0.0,17.965823983461853,6.96655846500156,50.594200472132464
66.0,2.0,401.0,0.0,0.0,0.0,8.0,0.0,16.99188969117047,13.095307398843536,407.9143532978246
62.0,3.0,111.0,0.0,0.0,0.0,0.0,0.0,6.016081261888249,13.904790711224193,152.2775805664485
75.0,8.0,505.0,0.0,0.0,0.0,0.0,0.0,17.85098180711603,8.109480327335495,77.81751450389464
26.0,8.0,644.0,0.0,0.0,0.0,0.0,0.0,13.969555366740064,8.139257826416923,532.4480294570232
51.0,11.0,462.0,59.0,209.0,281.0,112.0,29.0,8.965589313630158,6.84299654545049,2763.121174104984
68.0,3.0,212.0,0.0,0.0,0.0,0.0,1.0,9.123639977624435,5.025406936639126,179.07286298287235
82.0,8.0,539.0,0.0,0.0,0.0,0.0,0.0,14.94994138797201,4.981962327644292,396.06099012097593
67.0,1.0,756.0,0.0,0.0,0.0,0.0,0.0,9.137712298459176,17.97911118190544,89.24036403267576
79.0,9.0,332.0,0.0,0.0,0.0,16.0,1.0,16.01135972861663,9.90441441405774,813.3339092586413
66.0,2.0,49.0,0.0,0.0,0.0,0.0,0.0,20.118630246466388,13.965646512801143,186.76405244725248
29.0,10.0,333.0,0.0,0.0,0.0,4.0,0.0,16.987889866518096,9.852362170895752,1015.7811621395044
34.0,10.0,579.0,0.0,0.0,0.0,12.0,0.0,15.030320892821765,4.88205039488434,1154.749893624363
12.0,5.0,190.0,0.0,4.0,12.0,120.0,2.0,3.2603169119072155,9.97148811232066,2122.030959876193
81.0,0.0,485.0,102.0,324.0,95.0,96.0,12.0,7.995743726475033,9.019984329603938,2728.1913092427512
24.0,8.0,702.0,0.0,0.0,4.0,8.0,4.0,10.952234093027451,0.0823822736107984,2008.732464571138
80.0,3.0,162.0,0.0,0.0,0.0,0.0,0.0,6.809570105968207,11.001612589821374,94.75714595319046
28.0,1.0,768.0,0.0,0.0,0.0,0.0,1.0,9.800761033328564,18.11280523639776,175.31515087523437
86.0,10.0,743.0,4.0,0.0,8.0,56.0,13.0,9.969648050219346,1.9496877298351216,2066.216427478196
37.0,1.0,421.0,4.0,24.0,81.0,426.0,6.0,7.235038328828467,10.968518545838432,2521.7291486433114
25.0,8.0,696.0,0.0,0.0,0.0,0.0,0.0,15.209968399632196,6.88311739403278,714.7309560885285
70.0,3.0,112.0,0.0,0.0,0.0,0.0,0.0,6.163178821063738,13.112457135109617,84.71676051200427
59.0,6.0,619.0,0.0,0.0,0.0,0.0,0.0,22.05170544294652,11.008805530381242,174.11742753459197
45.0,10.0,712.0,0.0,0.0,0.0,8.0,1.0,14.199751282431157,3.923238695889805,2766.592985945741
44.0,8.0,276.0,0.0,0.0,0.0,0.0,0.0,14.075958687316854,10.12480481506297,131.82539490411878
17.0,3.0,174.0,0.0,0.0,0.0,20.0,0.0,1.0424976290022454,8.959040357201399,679.985886406712
84.0,11.0,470.0,20.0,71.0,241.0,317.0,27.0,8.935242923952849,6.042435181385624,3057.674944169034
21.0,9.0,402.0,0.0,0.0,0.0,4.0,1.0,16.85064674651583,11.98548060546256,766.2828597873969
63.0,2.0,388.0,0.0,0.0,0.0,0.0,0.0,20.99215540359694,15.956926382294183,1872.5956325764575
9.0,8.0,270.0,0.0,0.0,0.0,0.0,0.0,15.01315239996341,8.981691528384276,134.52397343757002
13.0,5.0,187.0,0.0,12.0,24.0,180.0,2.0,2.871491916701148,10.003355303522016,1839.2740175050037
59.0,6.0,601.0,0.0,0.0,0.0,0.0,0.0,24.102255994043304,12.967003198806482,207.62913060633664
32.0,6.0,575.0,0.0,0.0,0.0,0.0,0.0,16.019360294813893,6.100450339981418,496.9877650785544
50.0,11.0,470.0,16.0,81.0,217.0,335.0,25.0,9.0742227535291,6.007094366427672,4235.685999395513
31.0,3.0,148.0,0.0,0.0,0.0,0.0,0.0,9.859720828280992,11.97863074959103,73.9495426347779
0.0,2.0,812.0,0.0,0.0,0.0,0.0,0.0,24.96213605209724,22.140709414356657,561.5933206894285
15.0,8.0,219.0,0.0,0.0,0.0,44.0,4.0,5.924654665955643,4.01382236499585,2508.9366110672045
45.0,10.0,322.0,0.0,4.0,12.0,86.0,6.0,13.851498722789469,6.932163626854268,2653.468454413439
82.0,8.0,521.0,0.0,0.0,0.0,0.0,0.0,14.993366073408827,5.007088355169147,321.8311206366427
24.0,8.0,706.0,0.0,0.0,0.0,4.0,0.0,12.921173785282669,2.0726694680381,908.5571682295866
28.0,1.0,752.0,0.0,0.0,0.0,0.0,0.0,8.145070781331595,17.962023779526522,361.2893253209684
76.0,3.0,103.0,0.0,0.0,0.0,0.0,0.0,3.9582166774572887,9.099959674745929,174.89648877627386
13.0,5.0,475.0,12.0,24.0,88.0,390.0,13.0,4.87826026268332,9.167611097892538,2029.7298001151469
9.0,8.0,274.0,0.0,0.0,0.0,0.0,0.0,15.09065951350592,10.0786179756539,130.45111513740434
82.0,8.0,523.0,0.0,0.0,0.0,0.0,0.0,15.015076592520296,5.100026264607679,193.0286421725181
23.0,3.0,247.0,0.0,0.0,0.0,28.0,2.0,4.045612583205988,5.957432010406405,1826.0201356933137
43.0,8.0,684.0,0.0,0.0,0.0,0.0,0.0,20.008657114677863,9.929379095582837,81.35070933760525
15.0,8.0,702.0,0.0,0.0,4.0,12.0,4.0,11.137650445735195,0.0,1580.4428891411887
33.0,3.0,294.0,0.0,0.0,0.0,0.0,0.0,13.02523847339248,13.078556639224187,143.5041153897075
15.0,8.0,733.0,0.0,0.0,4.0,4.0,1.0,10.102955451402186,0.1237325323048131,2087.1552578262767
34.0,10.0,720.0,0.0,0.0,0.0,8.0,0.0,14.08041889957254,2.991102369745359,1118.3081873971662
62.0,3.0,81.0,0.0,0.0,0.0,0.0,0.0,3.1800621552108925,11.996648758639893,174.58418846100642
43.0,8.0,681.0,0.0,0.0,0.0,0.0,0.0,18.89015668741263,10.11914744794024,58.87359208747474
74.0,8.0,719.0,0.0,0.0,0.0,4.0,0.0,13.943206646646244,3.143838696073395,478.7251934695804
58.0,6.0,50.0,0.0,0.0,0.0,0.0,0.0,25.072385130663527,14.100838544805246,30.232830587930984
15.0,8.0,222.0,0.0,0.0,0.0,60.0,3.0,5.073255879981498,5.839692856955353,2197.62997533023
43.0,8.0,500.0,0.0,0.0,0.0,0.0,0.0,20.012550893498734,8.935514808934887,80.1565134130607
93.0,1.0,774.0,0.0,0.0,0.0,4.0,0.0,6.044813137623848,14.885223310773211,683.4908478510752
24.0,8.0,648.0,0.0,0.0,0.0,4.0,0.0,11.754631910368902,1.9578931978754832,582.8031219598718
44.0,8.0,143.0,0.0,0.0,0.0,0.0,0.0,10.944895600603466,7.988667614886366,324.29331323936816
70.0,3.0,88.0,0.0,0.0,0.0,0.0,0.0,4.762184352992062,12.01818569861155,249.5727066627149
80.0,3.0,253.0,0.0,0.0,0.0,0.0,0.0,6.912454889838773,14.006557899956682,126.04766406077492
59.0,6.0,606.0,0.0,0.0,0.0,0.0,0.0,24.94416819452769,14.1598468721426,173.0236027913862
15.0,8.0,663.0,0.0,0.0,0.0,0.0,1.0,10.626001858433868,5.081327379866989,1250.4641939300973
73.0,6.0,30.0,0.0,0.0,0.0,0.0,0.0,22.879658522315182,14.085032765817523,124.76650366881874
75.0,8.0,618.0,0.0,0.0,0.0,0.0,0.0,20.090462110844623,9.197283475516782,89.3836898977065
41.0,7.0,486.0,126.0,305.0,108.0,68.0,44.0,8.000138882109141,8.02650362156917,4474.217896388591
27.0,2.0,389.0,0.0,0.0,0.0,0.0,0.0,20.66200888647788,16.975735271779698,24.541373001758103
43.0,8.0,515.0,0.0,0.0,0.0,0.0,0.0,19.885672212988908,8.893033054981814,77.75497700452762
28.0,1.0,802.0,0.0,0.0,0.0,0.0,0.0,9.80037402815167,18.057055284654098,298.62211619827536
24.0,8.0,738.0,4.0,4.0,16.0,68.0,9.0,9.863613640709762,2.896836462982068,2676.664732451232
76.0,3.0,88.0,0.0,0.0,0.0,0.0,0.0,5.935811512525272,12.004547702708733,127.46635760731584
66.0,2.0,306.0,0.0,4.0,4.0,60.0,1.0,15.245876401310284,12.206688499483272,665.1045183426678
26.0,8.0,679.0,0.0,0.0,0.0,0.0,1.0,9.855536241202236,4.802043042933985,908.2718537637064
61.0,1.0,434.0,0.0,0.0,0.0,4.0,1.0,7.0084168029236364,14.945649050693694,620.616446365682
17.0,3.0,173.0,0.0,0.0,0.0,4.0,1.0,0.9533501475299668,9.032946408570266,479.90911445079337
27.0,2.0,399.0,0.0,0.0,0.0,12.0,0.0,17.023851002187943,13.94469881942201,172.81614351136335
74.0,8.0,512.0,0.0,0.0,0.0,0.0,0.0,16.983913822226082,5.880103512053241,207.4185778048772
68.0,3.0,242.0,0.0,0.0,0.0,0.0,0.0,5.927019083126641,7.117355772520476,213.44095917277767
62.0,3.0,81.0,0.0,0.0,0.0,0.0,0.0,2.9530079375161997,11.947842591946648,237.834284273534
64.0,6.0,27.0,0.0,0.0,0.0,0.0,0.0,24.010337079029117,14.86115103755947,386.4932183440488
10.0,0.0,473.0,20.0,92.0,179.0,290.0,11.0,5.843427497629469,8.996281067835815,2373.998452745951
0.0,2.0,828.0,0.0,0.0,0.0,0.0,0.0,27.028186564043903,22.116222418102588,124.28844125444672
0.0,2.0,821.0,0.0,0.0,0.0,0.0,0.0,24.73376715925865,19.957467723215085,374.5012321436898
74.0,8.0,581.0,0.0,0.0,0.0,0.0,0.0,16.851454263023598,6.068112935504638,314.51649050943405
87.0,0.0,443.0,32.0,171.0,246.0,192.0,51.0,7.132982218202425,7.003859004170613,4095.926959186519
15.0,8.0,226.0,0.0,0.0,0.0,4.0,1.0,7.948508143161164,2.979836908770812,1614.9830466592407
93.0,1.0,774.0,0.0,0.0,0.0,4.0,0.0,5.9823330722748045,14.949328196576666,877.0486532235345
17.0,3.0,173.0,0.0,0.0,0.0,4.0,1.0,1.9401367745713485,8.976528205348359,450.1465363873225
15.0,8.0,732.0,0.0,0.0,0.0,4.0,0.0,10.755315525028545,2.239981997599008,1499.2560918344248
15.0,8.0,646.0,0.0,0.0,0.0,0.0,0.0,11.94023681785148,2.824873948313472,891.5722926159212
74.0,8.0,718.0,0.0,0.0,0.0,4.0,0.0,13.913891592320356,3.0552062986720285,471.5387090152805
26.0,8.0,679.0,0.0,0.0,0.0,0.0,0.0,9.980785201974914,4.046545294702257,1471.644451747523
28.0,1.0,755.0,0.0,0.0,0.0,0.0,0.0,8.18876921802466,16.962951776753673,446.003885503915
44.0,8.0,645.0,0.0,0.0,0.0,0.0,0.0,12.846854267423153,6.986137649246079,371.28977689683
82.0,8.0,526.0,0.0,0.0,0.0,0.0,0.0,14.135115401234506,2.911203217030703,307.18479522768325
34.0,10.0,722.0,0.0,0.0,4.0,4.0,0.0,12.800285620677798,1.926230278962053,1757.7420640554224
63.0,2.0,376.0,0.0,0.0,0.0,0.0,0.0,18.949284354026904,13.111122135830616,1940.3270047458184
72.0,3.0,124.0,0.0,0.0,0.0,0.0,0.0,10.15849831529034,10.981151286726728,365.0318151846706
66.0,2.0,380.0,0.0,0.0,0.0,4.0,1.0,18.00520655851699,11.990211418182708,491.6757853600029
43.0,8.0,556.0,0.0,0.0,0.0,0.0,0.0,19.93727799739515,9.98497261610892,78.07663012420998
64.0,6.0,12.0,0.0,0.0,0.0,0.0,0.0,22.00590753570042,13.927097349285852,568.2096258100239
16.0,1.0,181.0,0.0,12.0,96.0,375.0,7.0,4.794596491608672,10.094225782133018,1590.4198990356872
43.0,8.0,548.0,0.0,0.0,0.0,0.0,0.0,20.97045203612926,11.103259721470502,59.60831086308677
37.0,1.0,184.0,0.0,4.0,4.0,128.0,1.0,5.011412329767805,11.867148595017074,1798.856830091255
9.0,8.0,264.0,0.0,0.0,0.0,0.0,0.0,15.85244050160591,12.102453193409044,169.62618810319384
24.0,8.0,708.0,0.0,0.0,0.0,4.0,1.0,12.067511010474956,1.0508180803641336,1427.0428670054475
69.0,3.0,666.0,0.0,0.0,0.0,0.0,0.0,8.926466110136431,5.931689691595287,299.6294425293606
23.0,3.0,222.0,0.0,0.0,0.0,52.0,4.0,5.026112806771708,5.124834048492176,1746.4648236756111
27.0,2.0,832.0,0.0,0.0,0.0,0.0,0.0,23.117256976675,18.9881991980776,39.66512324993025
27.0,2.0,830.0,0.0,0.0,0.0,0.0,0.0,23.94721981427068,21.10888362263676,86.81459992484739
27.0,2.0,837.0,0.0,0.0,0.0,0.0,0.0,22.0133442295774,18.95586509382726,77.3861344515288
59.0,6.0,607.0,0.0,0.0,0.0,0.0,0.0,22.98594543379353,11.90420535204845,26.728947850681408
59.0,6.0,67.0,0.0,0.0,0.0,0.0,0.0,21.94808726663424,12.05116387667296,65.02801067723615
67.0,1.0,757.0,0.0,0.0,0.0,0.0,0.0,7.709222471222204,18.073402972796327,57.44954240089377
68.0,3.0,215.0,0.0,0.0,0.0,0.0,0.0,7.158775820734879,6.017990765583559,153.61391405682966
62.0,3.0,92.0,0.0,0.0,0.0,0.0,0.0,5.8935962483077935,13.011088393551002,62.68422368282948
82.0,8.0,526.0,0.0,0.0,0.0,0.0,0.0,14.102133907591702,2.954852714308007,321.3491967116249
61.0,1.0,800.0,0.0,0.0,0.0,0.0,0.0,10.82930433879364,17.974957813725,345.016191697038
15.0,8.0,735.0,0.0,0.0,0.0,8.0,0.0,9.013161290462264,1.1296143394077431,2046.5170867344127
45.0,10.0,323.0,0.0,4.0,8.0,68.0,4.0,13.944996667160584,6.927054454682163,3292.1896478920858
29.0,10.0,579.0,0.0,0.0,0.0,12.0,0.0,14.77610661615054,4.9008131148990985,1178.6378791994773
76.0,3.0,89.0,0.0,0.0,0.0,0.0,0.0,6.052400876841042,10.988800374400816,108.30557322753452
9.0,8.0,690.0,0.0,0.0,0.0,0.0,0.0,16.819347002601397,10.092646425735817,200.27554571274632
62.0,3.0,81.0,0.0,0.0,0.0,0.0,0.0,3.0044214930048634,12.054513662188857,232.71814740757108
45.0,10.0,699.0,4.0,0.0,4.0,32.0,8.0,11.044023048368718,2.081495099939339,2435.9469181403174
48.0,0.0,476.0,12.0,32.0,84.0,433.0,12.0,4.770396806494397,8.019856238007385,3424.7516629052584
65.0,1.0,201.0,0.0,0.0,4.0,0.0,0.0,4.125744538372319,13.990426240998149,398.7040400668871
28.0,1.0,775.0,0.0,0.0,0.0,0.0,1.0,7.811238394028605,15.988294646093108,494.64063706264847
59.0,6.0,599.0,0.0,0.0,0.0,0.0,0.0,23.09005234627388,12.059456447409705,177.6173000537418
67.0,1.0,752.0,0.0,0.0,0.0,0.0,0.0,8.109761540800436,17.97708717872811,160.30627125991757
77.0,4.0,457.0,54.0,324.0,120.0,148.0,39.0,10.202412358166654,7.979760177840111,2998.0581240110705
59.0,6.0,611.0,0.0,0.0,0.0,0.0,0.0,24.953881131792617,13.911504592606942,164.5577336996445
43.0,8.0,513.0,0.0,0.0,0.0,0.0,0.0,19.83368858832084,8.983314064997941,78.88206110143535
59.0,6.0,596.0,0.0,0.0,0.0,0.0,0.0,22.98299317751844,12.041531115744638,246.64323662291253
18.0,4.0,485.0,46.0,320.0,131.0,116.0,11.0,8.065886617972755,9.97157510346296,7713.166810570583
59.0,6.0,627.0,0.0,0.0,0.0,0.0,0.0,22.948810522245687,12.069932112567535,151.88801143400318
42.0,7.0,445.0,28.0,273.0,234.0,88.0,32.0,9.001443805901514,8.148395698695998,3637.5971752859023
23.0,3.0,235.0,0.0,0.0,0.0,0.0,1.0,3.0695955410953464,7.9622097284674,1053.7694241104516
48.0,0.0,187.0,0.0,12.0,32.0,229.0,5.0,4.06244219953824,9.008137235605782,2683.9750840586967
20.0,9.0,320.0,0.0,0.0,0.0,40.0,0.0,15.136911157223158,8.787221362248657,917.7321610775572
74.0,8.0,705.0,0.0,0.0,0.0,0.0,0.0,13.950977811793972,2.986491071853369,76.21601162501395
76.0,3.0,236.0,0.0,0.0,0.0,0.0,0.0,1.8910227617668856,10.084696801339147,232.15028239323283
28.0,1.0,782.0,0.0,0.0,0.0,0.0,0.0,9.898345033878188,20.122405875085946,154.53968302479555
68.0,3.0,204.0,0.0,0.0,0.0,0.0,0.0,5.274294816383652,5.952950791418575,543.7957301808599
74.0,8.0,705.0,0.0,0.0,0.0,4.0,0.0,14.026857291513988,1.896910190003424,520.7762553400257
28.0,1.0,803.0,0.0,0.0,0.0,0.0,1.0,11.913733000974991,19.078486853544565,147.60550400029734
26.0,8.0,634.0,0.0,0.0,0.0,0.0,1.0,12.099322141406695,4.963715631984183,592.659989224964
28.0,1.0,768.0,0.0,0.0,0.0,0.0,1.0,10.18661758868734,18.10469282430966,284.9607255663999
20.0,9.0,337.0,0.0,0.0,0.0,16.0,1.0,15.756813091950358,9.049395871458117,1448.4869050402174
15.0,8.0,662.0,0.0,0.0,0.0,0.0,1.0,9.210623803416068,4.947715851365048,1344.7209075407995
63.0,2.0,369.0,0.0,0.0,0.0,0.0,0.0,18.97300158024813,14.945060463114796,1461.5202113990742
82.0,8.0,496.0,0.0,0.0,0.0,0.0,0.0,15.882199532827595,6.034124332178107,197.4699282058256
28.0,1.0,767.0,0.0,0.0,0.0,0.0,1.0,8.95072650963289,17.004487845284032,611.4916606822962
17.0,3.0,113.0,0.0,0.0,0.0,0.0,0.0,2.897132839132954,13.220719301641754,352.4370929940303
68.0,3.0,239.0,0.0,0.0,0.0,0.0,0.0,4.928787657652965,7.93965950642756,189.5438969362747
7.0,4.0,488.0,178.0,232.0,80.0,84.0,29.0,8.86452351428666,9.10579535333395,4712.758110740244
23.0,3.0,252.0,0.0,0.0,0.0,72.0,1.0,2.9184038237782657,6.932122086987596,1531.8869783282694
12.0,5.0,189.0,0.0,4.0,0.0,84.0,1.0,1.9203278024444013,10.123622504062796,2317.9336792134063
30.0,9.0,348.0,0.0,24.0,44.0,412.0,4.0,13.158656685588928,9.109105220037776,1519.666037055362
83.0,11.0,456.0,12.0,28.0,97.0,488.0,54.0,6.723692848978416,4.953858500019074,3433.977672314175
62.0,3.0,98.0,0.0,0.0,0.0,0.0,0.0,3.0786470224570883,11.106255432687098,338.20828657318725
63.0,2.0,307.0,0.0,0.0,0.0,12.0,0.0,15.927108650167016,13.009186294696558,1267.8553637869757
23.0,3.0,250.0,0.0,0.0,0.0,44.0,0.0,2.0486460421036243,8.04988436705964,1484.0024043812634
13.0,5.0,181.0,0.0,8.0,52.0,293.0,5.0,4.130441601232442,10.06465585926561,2641.7300421759446
31.0,3.0,151.0,0.0,0.0,0.0,0.0,0.0,9.05476254705289,13.120263301661389,150.4465586098966
60.0,3.0,673.0,0.0,0.0,0.0,0.0,0.0,11.919398051145468,7.024448691705368,968.9287963529816
87.0,0.0,447.0,24.0,111.0,214.0,268.0,27.0,5.963543133522864,8.08540216890123,5324.406601236297
37.0,1.0,417.0,0.0,0.0,12.0,310.0,2.0,7.858523357323004,12.953289755680167,2464.708914730049
22.0,2.0,314.0,4.0,64.0,226.0,275.0,9.0,10.989521406662966,10.992372260828772,2621.4992838317485
59.0,6.0,605.0,0.0,0.0,0.0,0.0,0.0,23.994615858936932,13.084184220047332,207.80432856323844
21.0,9.0,332.0,0.0,0.0,0.0,4.0,0.0,16.99327177213601,10.165094187386297,1307.9961633660455
1.0,11.0,350.0,8.0,46.0,77.0,426.0,47.0,10.820716458659408,8.041601071580441,3829.4910423070182
25.0,8.0,658.0,0.0,0.0,0.0,0.0,0.0,15.215107768241037,5.940111100739248,643.7316097320852
44.0,8.0,637.0,0.0,0.0,0.0,0.0,0.0,13.061217841110215,6.065334339202133,251.5115595979422
0.0,2.0,816.0,0.0,0.0,0.0,0.0,0.0,24.03797649754621,20.88827964102052,421.15366538902106
34.0,10.0,575.0,0.0,0.0,0.0,0.0,0.0,16.113787055826517,6.029925393898383,1004.407013245073
62.0,3.0,104.0,0.0,0.0,0.0,0.0,0.0,3.9967116711194186,10.955070945184604,176.48224237428906
22.0,2.0,317.0,134.0,179.0,124.0,108.0,20.0,10.205783790372116,9.126406851574654,2688.861104920556
78.0,5.0,478.0,0.0,8.0,36.0,233.0,6.0,5.085166776724012,6.115148422001738,2844.6130314192524
28.0,1.0,772.0,0.0,0.0,0.0,0.0,0.0,9.948931475028324,17.90892042477099,87.77089248004779
22.0,2.0,313.0,32.0,226.0,163.0,176.0,9.0,10.82580626926075,10.008942724624358,2943.341545441778
61.0,1.0,430.0,0.0,0.0,0.0,16.0,1.0,8.084045748980554,13.933800825176348,771.6424009871572
33.0,3.0,131.0,0.0,0.0,0.0,0.0,0.0,13.025196659947277,12.08843289912084,190.83928345726665
2.0,11.0,467.0,4.0,44.0,38.0,479.0,16.0,11.139711523776764,6.123163054215354,3557.916238377488
47.0,11.0,443.0,20.0,122.0,234.0,265.0,39.0,7.007250198539863,6.912695718477422,3712.984176610464
17.0,3.0,176.0,0.0,0.0,0.0,4.0,0.0,0.955241576861818,9.924424369491666,557.2168533508963
1.0,11.0,350.0,8.0,36.0,78.0,423.0,47.0,11.028008399596,8.072360283327294,2076.0114441036576
76.0,3.0,100.0,0.0,0.0,0.0,0.0,0.0,3.9159644328587095,10.999609287063311,284.33030115265313
9.0,8.0,281.0,0.0,0.0,0.0,0.0,0.0,16.97811429699554,11.995744044064224,84.30220274129115
24.0,8.0,708.0,0.0,0.0,0.0,4.0,1.0,12.044574933813466,1.8904059666399624,1405.2419891884083
32.0,6.0,584.0,0.0,0.0,0.0,0.0,0.0,15.956700680201658,4.968109403022089,672.9003134196978
81.0,0.0,419.0,0.0,36.0,68.0,427.0,5.0,6.861701981167911,11.059827398682431,5449.90740732841
25.0,8.0,681.0,0.0,0.0,0.0,0.0,0.0,19.16389901093122,9.01834594082899,248.52098079121032
75.0,8.0,513.0,0.0,0.0,0.0,0.0,0.0,19.06243216750681,7.944428833498583,85.66260484490604
21.0,9.0,337.0,0.0,0.0,0.0,16.0,1.0,15.816327065152567,8.87759372892666,1050.7559761361238
32.0,6.0,592.0,0.0,0.0,0.0,0.0,0.0,16.87135464759246,6.871370385208147,673.46748073988
29.0,10.0,328.0,0.0,0.0,0.0,4.0,0.0,14.98701834806256,7.130226868498256,1432.6232139074314
23.0,3.0,238.0,0.0,0.0,0.0,0.0,0.0,1.7490070039573402,8.005992189253055,139.6643540027205
91.0,0.0,476.0,16.0,36.0,80.0,429.0,10.0,5.003184453871503,8.058423600429503,6525.258208750363
9.0,8.0,292.0,0.0,0.0,0.0,0.0,0.0,14.100036514955242,11.06494831503718,133.64068060630336
45.0,10.0,353.0,4.0,8.0,20.0,116.0,26.0,12.078902586810743,5.855398722694444,2782.1626283339083
70.0,3.0,89.0,0.0,0.0,0.0,0.0,0.0,7.108506079825817,10.8828261144276,51.77896329497405
21.0,9.0,320.0,0.0,0.0,4.0,48.0,0.0,15.090721605108332,8.824714160269817,1421.810730446433
60.0,3.0,673.0,0.0,0.0,0.0,0.0,0.0,10.821800630555945,7.052632353567391,1176.1158476155258
44.0,8.0,660.0,0.0,0.0,0.0,0.0,0.0,9.201630660170029,6.201105523252144,293.33287023824624
82.0,8.0,646.0,0.0,0.0,0.0,0.0,0.0,11.601249956553715,3.059182005941908,275.91910437224186
63.0,2.0,399.0,0.0,0.0,0.0,8.0,1.0,17.141366779025635,14.094277409758984,1647.130842850754
92.0,0.0,447.0,20.0,70.0,212.0,311.0,37.0,5.912383433884816,7.20379010800102,4733.903178051229
15.0,8.0,225.0,0.0,0.0,0.0,12.0,0.0,6.969956229375037,2.9802767605088003,1792.5588012498176
17.0,3.0,116.0,0.0,0.0,0.0,0.0,0.0,1.874298638056769,13.005979549986575,487.2608391915744
32.0,6.0,559.0,0.0,0.0,0.0,0.0,0.0,17.954832453123647,8.138660170241279,318.69147738574446
73.0,6.0,0.0,0.0,0.0,0.0,0.0,0.0,27.059206678304424,18.024500052589666,71.79036401483519
91.0,0.0,471.0,28.0,76.0,161.0,328.0,13.0,5.979614314629609,8.093890823118144,4261.305184309539
20.0,9.0,336.0,0.0,0.0,0.0,32.0,0.0,16.051256075485377,9.995566213311283,1084.6155388641714
26.0,8.0,272.0,0.0,0.0,0.0,0.0,0.0,13.923916079000712,9.049049192173785,164.17477244571896
80.0,3.0,153.0,0.0,0.0,0.0,0.0,0.0,7.924607349074994,13.011891918403707,153.00558962281224
75.0,8.0,517.0,0.0,0.0,0.0,0.0,0.0,18.857059896863923,8.045602983545482,126.28298000296198
74.0,8.0,522.0,0.0,0.0,0.0,0.0,0.0,14.04831156819483,2.8745692682451995,296.7572682133477
15.0,8.0,206.0,0.0,0.0,0.0,8.0,0.0,5.01275456980424,4.878452377871087,2016.2866775583925
45.0,10.0,323.0,0.0,4.0,0.0,48.0,0.0,14.134999488665963,7.012894498167588,2468.4821727165195
82.0,8.0,647.0,0.0,0.0,0.0,0.0,1.0,12.881534950980091,4.014570889440622,290.94202262674423
9.0,8.0,644.0,0.0,0.0,0.0,0.0,0.0,14.930265539315746,8.026577141329406,191.1755206755567
57.0,3.0,121.0,0.0,0.0,0.0,0.0,0.0,8.01308365087729,9.167833110816485,105.26796288512055
75.0,8.0,494.0,0.0,0.0,0.0,0.0,0.0,17.048432128775545,6.0713881276175234,162.13282730061204
62.0,3.0,81.0,0.0,0.0,0.0,0.0,0.0,3.1025255300807366,12.024718979343984,314.6591248501252
22.0,2.0,296.0,0.0,0.0,12.0,145.0,2.0,14.005255851939982,13.086690190712668,688.9300069689673
82.0,8.0,526.0,0.0,0.0,0.0,0.0,0.0,13.959747983262004,2.952391614714118,447.8740436519879
18.0,4.0,491.0,12.0,180.0,256.0,137.0,12.0,8.057955592970016,10.164438772676473,5304.388883235155
15.0,8.0,737.0,0.0,0.0,4.0,4.0,1.0,9.86525646121687,0.8628617019877535,2187.911423626096
23.0,3.0,245.0,0.0,0.0,0.0,0.0,0.0,4.946968958563716,7.965530602418201,330.97802392991395
66.0,2.0,381.0,0.0,0.0,0.0,0.0,0.0,18.829956255265117,11.759794718617712,490.4380994480068
24.0,8.0,706.0,0.0,0.0,0.0,4.0,0.0,13.124751610240953,1.0693666052220314,2184.581756371901
65.0,1.0,440.0,0.0,0.0,0.0,24.0,0.0,6.04584457793958,14.025332687588309,543.078937329079
28.0,1.0,801.0,0.0,0.0,0.0,0.0,1.0,11.113092192219671,18.92714818649896,412.1667027994679
31.0,3.0,150.0,0.0,0.0,0.0,0.0,0.0,8.95600010662772,11.108823884126863,82.20147040765733
24.0,8.0,701.0,0.0,4.0,0.0,16.0,4.0,10.938604480289202,0.0,2060.0599126465654
19.0,1.0,424.0,0.0,24.0,76.0,414.0,5.0,6.237154924764061,11.065992395239263,1928.431493772111
33.0,3.0,154.0,0.0,0.0,0.0,0.0,0.0,11.921861410760252,12.959841485546583,146.85176469453114
60.0,3.0,140.0,0.0,0.0,0.0,0.0,0.0,11.066614459290117,8.8131266225917,494.1040070912458
74.0,8.0,534.0,0.0,0.0,0.0,0.0,0.0,14.987222817915551,3.945512696797043,238.0200630916003
0.0,2.0,814.0,0.0,0.0,0.0,0.0,0.0,26.14508496918427,22.83694023663793,195.8139273268447
37.0,1.0,180.0,0.0,4.0,12.0,221.0,2.0,5.061934053459271,11.103573505513117,1802.6366758390327
59.0,6.0,621.0,0.0,0.0,0.0,0.0,0.0,22.250120277426447,11.06643740131154,106.7324262459427
60.0,3.0,292.0,0.0,0.0,0.0,0.0,0.0,13.82169018919077,11.983923168652217,645.6670172933218
25.0,8.0,524.0,0.0,0.0,0.0,0.0,1.0,12.941528639458149,3.881422141323241,951.5020701531068
72.0,3.0,101.0,0.0,0.0,0.0,0.0,0.0,5.217180435510607,9.9457857085261,679.7095444474575
66.0,2.0,404.0,0.0,0.0,0.0,4.0,1.0,17.90903021760255,13.091518164971436,889.5044142853452
13.0,5.0,188.0,0.0,20.0,40.0,235.0,6.0,4.244571168823692,8.007013041377837,1398.307336686777
72.0,3.0,244.0,0.0,0.0,0.0,0.0,0.0,6.062102179588154,8.03590074219335,456.8195568591096
91.0,0.0,472.0,12.0,40.0,76.0,449.0,11.0,5.04091522333189,7.126707416598002,5885.054484031591
24.0,8.0,699.0,0.0,4.0,4.0,24.0,5.0,11.89984333343094,1.994037186814219,2109.778268931865
28.0,1.0,768.0,0.0,0.0,0.0,0.0,1.0,10.736807575622764,18.04496308947805,325.0035122691894
17.0,3.0,238.0,0.0,0.0,0.0,0.0,0.0,2.0070558920922643,9.100644547228397,333.0906516384706
28.0,1.0,796.0,0.0,0.0,0.0,0.0,0.0,10.902529874739882,20.04003558189964,357.519205353944
31.0,3.0,148.0,0.0,0.0,0.0,0.0,0.0,9.929304453080366,11.931608679513044,82.07846720725568
44.0,8.0,669.0,0.0,0.0,0.0,0.0,0.0,12.090287465947174,5.928077518372621,466.96049115925433
17.0,3.0,96.0,0.0,0.0,0.0,0.0,0.0,1.9645691593354035,9.86716871651515,185.23373652033675
24.0,8.0,729.0,0.0,0.0,0.0,20.0,1.0,8.138728928298885,1.9177351810464112,2699.849514075553
27.0,2.0,371.0,0.0,0.0,0.0,0.0,0.0,20.13324766110053,15.921489393646825,165.91416216533187
81.0,0.0,421.0,4.0,16.0,81.0,422.0,5.0,7.084477175296392,11.971986743013144,3389.62759174164
72.0,3.0,159.0,0.0,0.0,0.0,0.0,0.0,8.104174443733577,10.098067838338464,702.1388825891349
7.0,4.0,488.0,203.0,154.0,116.0,88.0,34.0,9.046045447936686,9.143184457747717,4563.332078440323
11.0,5.0,478.0,0.0,8.0,36.0,237.0,5.0,5.187292933405007,5.853434278373403,1669.0179138688218
63.0,2.0,378.0,0.0,0.0,0.0,0.0,0.0,20.18104162431639,14.061589260861366,788.2755644255917
28.0,1.0,203.0,0.0,0.0,4.0,0.0,0.0,4.834139045107961,13.941561146028087,586.0081597294615
70.0,3.0,255.0,0.0,0.0,0.0,0.0,0.0,8.878246819318313,15.082887512385597,113.24517351386469
15.0,8.0,652.0,0.0,0.0,0.0,4.0,0.0,11.089373836644931,2.003908364378437,1283.8117150232702
59.0,6.0,629.0,0.0,0.0,0.0,0.0,0.0,23.046417192508923,12.043455050041407,175.374615457443
75.0,8.0,499.0,0.0,0.0,0.0,0.0,0.0,19.179348367856388,9.018616957046577,54.25373453307353
65.0,1.0,180.0,0.0,0.0,32.0,256.0,3.0,5.139788469647265,11.001089035642757,839.2975435521105
92.0,0.0,472.0,4.0,48.0,120.0,393.0,11.0,5.009751820899714,7.982956184104642,4866.906365460514
11.0,5.0,447.0,24.0,72.0,193.0,332.0,29.0,6.075551720300234,7.024006486459611,2799.1362221274017
44.0,8.0,143.0,0.0,0.0,0.0,0.0,0.0,11.068601250435057,8.080641226057258,150.29629516516138
66.0,2.0,306.0,0.0,4.0,4.0,60.0,1.0,14.963363811978631,12.0499309220341,728.6072789484832
76.0,3.0,237.0,0.0,0.0,0.0,0.0,0.0,3.008674418119877,9.132892676295414,224.52245103689225
43.0,8.0,501.0,0.0,0.0,0.0,0.0,0.0,19.02831806613413,7.929878493232903,125.64503067254458
58.0,6.0,54.0,0.0,0.0,0.0,0.0,0.0,26.05946074098782,14.89263413315516,156.18426070178862
7.0,4.0,486.0,126.0,281.0,114.0,72.0,36.0,8.056444310736511,9.038755913076118,5341.307702865165
37.0,1.0,423.0,0.0,0.0,68.0,392.0,4.0,5.925673606978358,11.042445351886087,2890.824275924785
22.0,2.0,300.0,4.0,20.0,32.0,409.0,2.0,12.927328259981024,11.034037657129202,2684.4028084527345
86.0,10.0,744.0,0.0,28.0,20.0,178.0,37.0,8.824355567544002,3.9566811816489738,2117.911273366562
9.0,8.0,292.0,0.0,0.0,0.0,0.0,0.0,14.029267136393877,12.067388135412042,114.2891004213406
20.0,9.0,332.0,0.0,0.0,0.0,16.0,1.0,16.06643280572597,9.9012478315484,1182.685313211879
16.0,1.0,424.0,0.0,4.0,72.0,381.0,5.0,5.875807958241172,11.17390197901267,2061.947751816372
24.0,8.0,737.0,0.0,0.0,0.0,8.0,1.0,8.928896633100392,1.0457564745676338,2324.19109921626
60.0,3.0,142.0,0.0,0.0,0.0,0.0,0.0,9.968720859836932,8.077833117948652,832.7716807582287
57.0,3.0,122.0,0.0,0.0,0.0,0.0,0.0,9.887233017327574,9.954056873093126,107.71720909668852
68.0,3.0,210.0,0.0,0.0,0.0,0.0,0.0,3.9729254075121614,7.070049737175362,696.2385055686237
70.0,3.0,87.0,0.0,0.0,0.0,0.0,0.0,6.980319028500598,11.027646950041024,79.36676666045655
17.0,3.0,115.0,0.0,0.0,0.0,0.0,0.0,2.174324329994133,12.893559799130587,97.88843497294076
83.0,11.0,452.0,4.0,40.0,104.0,477.0,42.0,8.25258656388029,5.044700987265711,3635.68614154138
59.0,6.0,552.0,0.0,0.0,0.0,0.0,0.0,21.00544738035552,10.8932791565593,121.70982402756594
29.0,10.0,344.0,0.0,0.0,0.0,4.0,0.0,16.04371960316756,8.026244442993718,1736.6841234771885
45.0,10.0,467.0,0.0,36.0,42.0,440.0,21.0,11.040879574741153,5.922852105233215,2556.3769077092606
9.0,8.0,264.0,0.0,0.0,0.0,0.0,0.0,16.141105472251226,12.11024566157868,49.89386661215828
92.0,0.0,472.0,16.0,44.0,87.0,430.0,13.0,5.158798627353153,8.078812285213896,5011.7263788380005
34.0,10.0,591.0,0.0,0.0,0.0,0.0,0.0,16.08220321663918,6.933657419048963,1118.767679636107
27.0,2.0,398.0,0.0,0.0,0.0,12.0,1.0,17.144904545340683,14.042469514630502,178.22313355194348
15.0,8.0,227.0,0.0,0.0,0.0,16.0,1.0,7.996013323331847,3.1554788418526147,2645.503596376064
76.0,3.0,89.0,0.0,0.0,0.0,0.0,0.0,6.119036881518025,10.962032533810792,77.83512234689331
8.0,11.0,448.0,8.0,36.0,117.0,448.0,40.0,6.191258278664561,5.891202679903519,2745.6872435446594
59.0,6.0,67.0,0.0,0.0,0.0,0.0,0.0,21.920432817652973,10.95242791493679,181.7548559813395
28.0,1.0,775.0,0.0,0.0,0.0,0.0,1.0,7.87841253118827,16.043720685402896,497.6496351857739
67.0,1.0,789.0,0.0,0.0,0.0,0.0,0.0,8.124750808335337,17.920881363407478,59.02172498914966
79.0,9.0,334.0,0.0,0.0,0.0,4.0,0.0,18.11205217640403,11.949459914200531,528.8172393767045
43.0,8.0,549.0,0.0,0.0,0.0,0.0,0.0,19.932315357993662,11.015801734489209,93.82944535913528
27.0,2.0,409.0,0.0,0.0,0.0,0.0,0.0,19.831184194061144,15.929497738907338,44.67167759788372
37.0,1.0,184.0,0.0,4.0,4.0,128.0,1.0,4.972142044163291,11.966856837941725,2049.550434705261
34.0,10.0,575.0,0.0,0.0,0.0,0.0,0.0,15.885699155864652,6.023268758274838,942.5068495691264
54.0,4.0,486.0,152.0,256.0,90.0,92.0,28.0,7.91161998653028,9.025758236358032,7252.358318589393
60.0,3.0,127.0,0.0,0.0,0.0,0.0,0.0,12.9367458967601,10.928706808233324,699.4064396744498
59.0,6.0,607.0,0.0,0.0,0.0,0.0,0.0,23.947360878613583,12.028108046495843,127.45334539862868
25.0,8.0,696.0,0.0,0.0,0.0,0.0,0.0,16.024034988628614,7.051096581785354,792.9965766790382
29.0,10.0,337.0,0.0,0.0,0.0,16.0,1.0,15.777542189783574,8.989257443981536,1132.752709508311
60.0,3.0,288.0,0.0,0.0,0.0,0.0,0.0,14.076981552737768,10.877116867784736,550.5329576648527
22.0,2.0,298.0,4.0,28.0,84.0,405.0,9.0,11.980658713649255,9.923561233909826,3050.721030202053
28.0,1.0,795.0,0.0,0.0,0.0,0.0,0.0,11.145076211356011,19.898180867721035,411.77768792736777
32.0,6.0,567.0,0.0,0.0,0.0,0.0,0.0,17.931447328822735,6.715557726543189,164.33182988200414
60.0,3.0,285.0,0.0,0.0,0.0,0.0,0.0,15.04816629037474,12.068086238767968,592.3392074395206
15.0,8.0,679.0,0.0,0.0,0.0,0.0,0.0,10.062889963969424,3.792913221237728,1052.7898383347238
43.0,8.0,550.0,0.0,0.0,0.0,0.0,0.0,21.907280491003057,12.054597150673336,57.892818824951306
27.0,2.0,836.0,0.0,0.0,0.0,0.0,0.0,22.13645091738196,19.033769578648023,125.32335853905973
28.0,1.0,796.0,0.0,0.0,0.0,0.0,0.0,10.033680493572374,19.09851792271358,123.14184014207804
29.0,10.0,328.0,0.0,0.0,0.0,4.0,0.0,16.111405577462776,6.895537018461872,1300.8775750398372
81.0,0.0,471.0,20.0,48.0,140.0,373.0,9.0,5.003556014838265,8.950362849811416,2813.66044392766
11.0,5.0,482.0,0.0,12.0,36.0,244.0,11.0,3.9651135333425622,6.9801095883687685,1986.2358114723745
44.0,8.0,668.0,0.0,0.0,0.0,0.0,0.0,13.09756320343062,8.100109343034081,252.41585722833312
57.0,3.0,128.0,0.0,0.0,0.0,0.0,0.0,11.027364510016914,9.943702134611058,135.23870814634984
25.0,8.0,533.0,0.0,0.0,0.0,0.0,0.0,16.03733753617682,6.007077919806546,919.0507678574
67.0,1.0,750.0,0.0,0.0,0.0,0.0,0.0,13.812283158993525,22.99386699495483,144.3214581469376
28.0,1.0,809.0,0.0,0.0,0.0,0.0,0.0,11.039839801724057,18.994873220284184,294.0768734667232
29.0,10.0,345.0,0.0,0.0,0.0,4.0,0.0,16.95955858019235,8.915720851624299,1128.8407040460756
9.0,8.0,273.0,0.0,0.0,0.0,0.0,0.0,14.951171553390529,9.05748090021938,154.33289636999368
58.0,6.0,59.0,0.0,0.0,0.0,0.0,0.0,22.943690098849547,12.9998625039256,41.40358130763106
15.0,8.0,207.0,0.0,0.0,0.0,8.0,0.0,5.985518313786828,3.900532994908377,1879.9505033268208
44.0,8.0,670.0,0.0,0.0,0.0,0.0,0.0,12.797169963779842,7.054445253118255,337.355025060293
58.0,6.0,50.0,0.0,0.0,0.0,0.0,0.0,25.07656536757354,14.951893324755517,56.532102194198366
9.0,8.0,268.0,0.0,0.0,0.0,0.0,0.0,17.88532126776932,13.01921602276319,130.1682070029083
70.0,3.0,80.0,0.0,0.0,0.0,0.0,0.0,5.177860283461235,11.977311928793425,221.5766838154933
45.0,10.0,331.0,0.0,0.0,4.0,28.0,0.0,14.166755737032938,5.988425996932068,3663.140206943708
18.0,4.0,488.0,211.0,167.0,100.0,84.0,32.0,8.944082020140195,8.87877596077121,5229.976110745987
72.0,3.0,150.0,0.0,0.0,0.0,0.0,0.0,7.730575278091041,11.00328260544611,461.2138228654589
2.0,11.0,458.0,12.0,76.0,219.0,326.0,24.0,10.072341452780044,7.022585010631398,4369.196908986833
71.0,9.0,299.0,0.0,20.0,40.0,402.0,6.0,13.050948187105966,9.07474165136972,2079.7503323641326
78.0,5.0,218.0,0.0,0.0,4.0,68.0,6.0,6.016916321411477,5.038060093091708,2730.548730293107
65.0,1.0,203.0,0.0,0.0,4.0,0.0,0.0,4.95455874095366,13.976662871454248,262.9589647993828
24.0,8.0,708.0,0.0,0.0,0.0,4.0,1.0,12.026344057979625,1.1297991349233312,1416.6800031170203
32.0,6.0,564.0,0.0,0.0,0.0,0.0,0.0,17.084616591572157,7.021334806723803,469.40479698109567
9.0,8.0,263.0,0.0,0.0,0.0,0.0,0.0,15.017894301359473,10.894637616240376,137.8168716433411
25.0,8.0,499.0,0.0,0.0,0.0,0.0,0.0,18.8369710370685,8.973644459938908,544.7609470046084
27.0,2.0,834.0,0.0,0.0,0.0,0.0,0.0,22.97788545948773,20.02905875159102,22.556384165553656
21.0,9.0,363.0,0.0,0.0,8.0,64.0,1.0,15.096791420814224,9.937647663247551,1609.3155877837362
27.0,2.0,836.0,0.0,0.0,0.0,0.0,0.0,22.015846084983345,19.03277856840507,82.5119423320303
82.0,8.0,539.0,0.0,0.0,0.0,0.0,0.0,15.164292561387736,3.843828148359335,268.60293902641723
80.0,3.0,253.0,0.0,0.0,0.0,0.0,0.0,7.900597640860669,13.722269128577544,72.65874944195268
9.0,8.0,266.0,0.0,0.0,0.0,0.0,0.0,15.123933977989342,11.055954659281756,99.30363024250848
70.0,3.0,253.0,0.0,0.0,0.0,0.0,0.0,8.18192584743627,14.039441693470003,44.2334823843236
44.0,8.0,660.0,0.0,0.0,0.0,0.0,0.0,10.236100030566996,6.004381964887907,480.4113547400869
57.0,3.0,138.0,0.0,0.0,0.0,0.0,0.0,8.115459683072084,9.033991565150068,368.9494324143037
43.0,8.0,553.0,0.0,0.0,0.0,0.0,0.0,22.918254486282365,11.936443242590771,45.10781277273541
29.0,10.0,343.0,0.0,0.0,0.0,16.0,0.0,14.837953077622384,8.106732580409668,1053.9594767962149
69.0,3.0,101.0,0.0,0.0,0.0,0.0,0.0,5.130410270314287,9.946414676462526,176.4219048824292
15.0,8.0,702.0,0.0,0.0,4.0,8.0,1.0,11.000270434003156,0.0,2020.63834489616
59.0,6.0,611.0,0.0,0.0,0.0,0.0,0.0,24.85245793744689,13.947725437088094,26.993134296633944
0.0,2.0,813.0,0.0,0.0,0.0,0.0,0.0,25.037122898447173,20.96518575148855,812.4049902024714
3.0,0.0,474.0,20.0,96.0,178.0,311.0,22.0,6.014135569888439,8.119023553110633,3894.434217887757
90.0,0.0,443.0,12.0,197.0,268.0,160.0,46.0,7.018188750344301,7.09301726411217,4651.267720096879
26.0,8.0,692.0,0.0,0.0,0.0,0.0,0.0,17.026009609181603,8.005751766647299,664.2410001804691
9.0,8.0,272.0,0.0,0.0,0.0,0.0,0.0,14.924314469544356,9.133561303247372,135.7146122357241
71.0,9.0,365.0,0.0,0.0,28.0,126.0,4.0,14.252575760602433,9.004627503833296,1639.776174458713
69.0,3.0,240.0,0.0,0.0,0.0,0.0,0.0,5.877321482478548,7.049147817413111,333.2520543559033
28.0,1.0,762.0,0.0,0.0,0.0,4.0,0.0,5.116585844710225,14.903523610508756,588.9497691190015
71.0,9.0,352.0,12.0,55.0,197.0,317.0,45.0,11.068597372682612,7.863224614065424,1321.0114031608027
81.0,0.0,422.0,16.0,61.0,304.0,196.0,8.0,8.06517935237348,10.911690968831468,3644.56676021941
69.0,3.0,666.0,0.0,0.0,0.0,0.0,0.0,8.879307676796728,6.086761820055661,267.1767543962165
72.0,3.0,163.0,0.0,0.0,0.0,0.0,0.0,8.231713221147967,10.131847293420067,91.80146943257252
32.0,6.0,719.0,0.0,0.0,0.0,4.0,0.0,15.031618812898405,3.985256747789111,979.4514019137088
37.0,1.0,441.0,0.0,4.0,0.0,84.0,0.0,5.010972312771583,12.022275935281666,1578.143706412147
28.0,1.0,796.0,0.0,0.0,0.0,0.0,0.0,11.254772667012816,19.8777381703992,142.54798015768262
0.0,2.0,821.0,0.0,0.0,0.0,0.0,0.0,25.930242222603678,20.03146872080872,369.5830501180411
43.0,8.0,556.0,0.0,0.0,0.0,0.0,0.0,21.004137310001024,10.038223768424452,54.17153303793702
79.0,9.0,36.0,0.0,0.0,0.0,0.0,0.0,17.9893424599768,11.040121947693722,533.3903939228219
59.0,6.0,610.0,0.0,0.0,0.0,0.0,0.0,26.122913633209567,14.911048065310322,190.2373409437272
32.0,6.0,568.0,0.0,0.0,0.0,0.0,0.0,18.855214169101032,6.9860874478380985,561.5343091853256
24.0,8.0,704.0,0.0,0.0,0.0,4.0,0.0,13.0748744217208,1.9940846265802423,547.1985814084558
23.0,3.0,247.0,0.0,0.0,0.0,48.0,4.0,5.142480256231061,6.074783479578949,2213.985755703592
37.0,1.0,424.0,0.0,12.0,76.0,425.0,5.0,6.000558449105935,10.935418012590716,1765.7079578339165
67.0,1.0,760.0,0.0,0.0,0.0,4.0,0.0,4.966538181633803,15.003750676998212,290.21765367805426
62.0,3.0,107.0,0.0,0.0,0.0,0.0,0.0,4.802329203689343,14.993801129039287,150.26297009213312
57.0,3.0,138.0,0.0,0.0,0.0,0.0,0.0,8.095010730979904,8.876783433280027,243.73754778375968
26.0,8.0,691.0,0.0,0.0,0.0,0.0,0.0,16.246334474321422,10.079581456591017,247.0405159026861
65.0,1.0,178.0,4.0,0.0,16.0,149.0,1.0,4.024769889617068,10.98220784256,837.6457653365709
67.0,1.0,789.0,0.0,0.0,0.0,0.0,0.0,8.070141401199535,18.0210454616465,107.97464888865709
67.0,1.0,202.0,0.0,0.0,4.0,0.0,0.0,4.129666047841068,13.05579469454258,477.133139088818
32.0,6.0,576.0,0.0,0.0,0.0,0.0,0.0,15.934822823428926,6.044339859355138,545.9730673846992
9.0,8.0,277.0,0.0,0.0,0.0,0.0,0.0,16.999206253308806,11.97290142959757,124.0907886029864
25.0,8.0,524.0,0.0,0.0,0.0,0.0,0.0,13.052897042857357,4.010968639400032,767.8310811392116
73.0,6.0,15.0,0.0,0.0,0.0,0.0,0.0,21.060217623595392,12.09365917734196,237.56106047266584
32.0,6.0,719.0,0.0,0.0,0.0,4.0,0.0,15.124019236560976,3.071345156757673,682.4542659472188
60.0,3.0,127.0,0.0,0.0,0.0,0.0,0.0,12.986284627987027,10.962024937366882,831.4044966156839
24.0,8.0,697.0,0.0,4.0,0.0,16.0,4.0,10.953379865158398,1.0433089171344143,2293.51163679626
64.0,6.0,16.0,0.0,0.0,0.0,0.0,0.0,20.957989524850355,12.99124322776714,582.8279118387788
78.0,5.0,223.0,0.0,0.0,0.0,20.0,1.0,6.096693238354474,5.049022059594672,3201.737151926503
86.0,10.0,450.0,4.0,12.0,40.0,301.0,50.0,7.917636926906202,3.894709816976606,4278.887117419478
67.0,1.0,787.0,0.0,0.0,0.0,0.0,0.0,7.987278311317816,18.003129354880166,177.76765962031638
36.0,7.0,463.0,136.0,183.0,116.0,108.0,23.0,9.10935922197448,8.99266061907649,2934.168606522868
29.0,10.0,345.0,0.0,0.0,0.0,16.0,1.0,16.069764581557283,8.899076614457305,1089.545059505904
67.0,1.0,780.0,0.0,0.0,0.0,0.0,0.0,9.948977811463648,20.01628311224976,84.42317580737202
66.0,2.0,338.0,0.0,0.0,0.0,24.0,2.0,15.884619873735916,9.910441580136204,708.9729243091267
73.0,6.0,31.0,0.0,0.0,0.0,0.0,0.0,22.94745018236328,15.055184284667789,324.5576316547542
74.0,8.0,568.0,0.0,0.0,0.0,0.0,0.0,19.157389773472577,8.09009142450383,184.16505039173236
45.0,10.0,714.0,0.0,0.0,0.0,16.0,1.0,13.992597264061867,3.938457232325917,3486.5801925045757
37.0,1.0,417.0,0.0,0.0,0.0,92.0,1.0,7.915410446099063,12.9380926251803,2108.6969533642377
53.0,4.0,488.0,153.0,250.0,94.0,92.0,20.0,8.033941473756656,8.994806048163637,6208.085131247853
73.0,6.0,22.0,0.0,0.0,0.0,0.0,0.0,21.08669159491697,11.943273080620308,252.6774435338628
34.0,10.0,587.0,0.0,0.0,0.0,0.0,0.0,16.87430377808551,6.978709882379075,403.93114057067714
15.0,8.0,728.0,0.0,0.0,4.0,36.0,4.0,7.976135489111039,3.0451930998998606,2049.396665379313
32.0,6.0,536.0,0.0,0.0,0.0,0.0,0.0,15.884612608167526,3.982025070731788,476.9321224229459
12.0,5.0,190.0,0.0,4.0,12.0,124.0,2.0,3.086597809714612,10.101419503602935,2036.2562598354095
28.0,1.0,760.0,0.0,0.0,0.0,4.0,0.0,4.945353228147678,15.08702925433916,487.32285999439335
71.0,9.0,346.0,0.0,28.0,54.0,431.0,46.0,12.046195823012678,6.953232749048076,1614.9765539223256
77.0,4.0,460.0,30.0,88.0,334.0,185.0,36.0,10.838175265920322,7.935505694832286,3596.847370917549
15.0,8.0,229.0,0.0,0.0,0.0,0.0,0.0,7.031605495557206,3.960787553577454,847.9804505892545
59.0,6.0,607.0,0.0,0.0,0.0,0.0,0.0,22.96644262366714,11.99758607680586,179.60714372635408
74.0,8.0,512.0,0.0,0.0,0.0,0.0,0.0,16.806213097089604,5.794261163395912,48.49009392695616
44.0,8.0,637.0,0.0,0.0,0.0,0.0,0.0,12.020795889989843,6.109826316307037,248.04876026757287
70.0,3.0,110.0,0.0,0.0,0.0,0.0,0.0,6.872820758860844,13.755747300904313,123.99500636427634
28.0,1.0,796.0,0.0,0.0,0.0,0.0,0.0,10.970004619497905,19.859418446357093,212.0458852448611
21.0,9.0,324.0,0.0,0.0,16.0,91.0,5.0,13.981566723722327,8.918126979689035,1612.568612453919
29.0,10.0,36.0,0.0,0.0,0.0,0.0,0.0,18.01838256565001,11.019182840737914,714.0254085354976
54.0,4.0,488.0,169.0,170.0,100.0,104.0,25.0,9.116888417480231,9.020797014227483,8672.257041918607
62.0,3.0,119.0,0.0,0.0,0.0,0.0,0.0,2.9803628141534504,13.871565353218015,146.5494843598104
73.0,6.0,11.0,0.0,0.0,0.0,0.0,0.0,22.066830543384988,13.03438045575553,110.92683528575373
37.0,1.0,439.0,0.0,0.0,0.0,92.0,0.0,6.948089714752366,12.931499531589123,1723.881456489829
59.0,6.0,64.0,0.0,0.0,0.0,0.0,0.0,24.0086289236679,13.01706794012575,272.8039082930008
58.0,6.0,66.0,0.0,0.0,0.0,0.0,0.0,23.9715489249003,13.012276174234,158.74466136379598
74.0,8.0,510.0,0.0,0.0,0.0,0.0,0.0,17.0994955916103,5.846696713149808,380.2162891380469
9.0,8.0,281.0,0.0,0.0,0.0,0.0,0.0,17.206407721823467,11.85847328610474,84.59708956028337
23.0,3.0,93.0,0.0,0.0,0.0,0.0,0.0,1.1701269303458133,11.059222944605986,272.95342640889675
67.0,1.0,747.0,0.0,0.0,0.0,0.0,0.0,12.044908941839893,21.988737306786568,126.86525134063037
20.0,9.0,337.0,0.0,0.0,0.0,16.0,1.0,16.108828864535766,8.975695666408026,1353.5700273738398
69.0,3.0,135.0,0.0,0.0,0.0,0.0,0.0,7.895961457661381,7.068549755305762,172.9059814636398
67.0,1.0,787.0,0.0,0.0,0.0,0.0,0.0,8.195973498179276,17.98728590797734,165.28008035146314
56.0,4.0,488.0,171.0,161.0,96.0,108.0,16.0,9.00013160375818,9.049961650459702,2358.9281715116617
16.0,1.0,477.0,4.0,40.0,96.0,390.0,10.0,5.144952536589395,9.950412042924958,1315.8636756936803
45.0,10.0,741.0,4.0,8.0,16.0,68.0,15.0,11.10945969930022,4.092944254100317,2805.2553148981447
87.0,0.0,472.0,24.0,96.0,160.0,333.0,21.0,6.055281082413497,7.900385202215425,3187.132003580659
11.0,5.0,482.0,0.0,0.0,32.0,178.0,8.0,3.799581890256709,7.064843745630345,2360.736616093971
28.0,1.0,802.0,0.0,0.0,0.0,0.0,0.0,11.059804372206347,18.009204557251156,286.0409120538409
8.0,11.0,444.0,8.0,97.0,217.0,323.0,31.0,8.104888335323649,6.103241312775464,2530.774276985987
25.0,8.0,653.0,0.0,0.0,0.0,0.0,0.0,14.98257460828256,6.027630719239309,563.5006825607179
9.0,8.0,261.0,0.0,0.0,0.0,0.0,0.0,16.193487487171453,11.971391906824053,175.43074287132035
13.0,5.0,181.0,0.0,8.0,52.0,263.0,4.0,5.00982570888516,10.970016265876271,2212.1023113807296
59.0,6.0,631.0,0.0,0.0,0.0,0.0,0.0,21.975251408321355,10.879907321174406,127.81216759079628
87.0,0.0,448.0,16.0,40.0,164.0,413.0,50.0,7.134929242937102,5.956141803264828,4285.835445842913
24.0,8.0,702.0,0.0,0.0,4.0,8.0,4.0,11.043288943038084,0.0,3093.0483230533737
73.0,6.0,8.0,0.0,0.0,0.0,0.0,0.0,25.090943164240525,16.083522871603066,62.78905602216077
67.0,1.0,792.0,0.0,0.0,0.0,0.0,0.0,7.982744524298108,19.08245498520445,72.3911724270791
59.0,6.0,611.0,0.0,0.0,0.0,0.0,0.0,24.904182384067845,14.059769339468293,151.4220403812034
9.0,8.0,268.0,0.0,0.0,0.0,0.0,0.0,17.951251100958622,13.008571630324544,118.4566325885321
76.0,3.0,237.0,0.0,0.0,0.0,0.0,0.0,3.2110759138050144,9.005760751117514,212.431560505266
64.0,6.0,39.0,0.0,0.0,0.0,0.0,0.0,19.197092109430244,9.9568218994184,669.9266059076142
27.0,2.0,414.0,0.0,0.0,0.0,0.0,0.0,20.109458780482917,17.03979786913861,156.31093981084675
66.0,2.0,379.0,0.0,0.0,0.0,0.0,0.0,20.15105282606439,12.869133612370034,476.4113766959719
66.0,2.0,404.0,0.0,0.0,0.0,4.0,1.0,17.9153404587639,13.028609071909178,676.6961522994214
23.0,3.0,236.0,0.0,0.0,0.0,0.0,0.0,2.0561550922212097,10.124676848815708,211.69187473470524
11.0,5.0,478.0,0.0,20.0,32.0,269.0,8.0,5.072493559618992,6.890046306973105,1929.5911092255835
29.0,10.0,330.0,0.0,0.0,0.0,20.0,1.0,14.044901482809973,5.061318011647923,1176.9894861015216
74.0,8.0,719.0,0.0,0.0,0.0,0.0,0.0,14.890614163988902,4.02344178495282,344.75135638788385
92.0,0.0,472.0,16.0,44.0,111.0,418.0,14.0,5.047953408094955,6.993497012648649,3721.3850329739935
0.0,2.0,388.0,0.0,0.0,0.0,0.0,0.0,20.983594781566865,16.028150953552714,873.5969132397669
60.0,3.0,673.0,0.0,0.0,0.0,0.0,0.0,11.969563193039988,8.002288718597658,1024.3654908830963
57.0,3.0,142.0,0.0,0.0,0.0,0.0,0.0,10.194599730755964,8.002641194713059,39.59088798210415
28.0,1.0,801.0,0.0,0.0,0.0,0.0,1.0,10.826916941321262,18.03620978952304,158.90910281851257
32.0,6.0,43.0,0.0,0.0,0.0,0.0,0.0,18.95792279933813,8.934443727031182,185.88586905579635
44.0,8.0,638.0,0.0,0.0,0.0,0.0,1.0,11.049894992477784,4.909076988915968,457.9980199152141
74.0,8.0,706.0,0.0,0.0,0.0,4.0,0.0,12.889729288837025,0.9575291573628384,404.2428858915435
76.0,3.0,94.0,0.0,0.0,0.0,0.0,0.0,2.9533180309073503,9.941892294434789,199.29803797974893
27.0,2.0,839.0,0.0,0.0,0.0,0.0,0.0,24.795389364847843,23.13963690821049,74.38469828466268
64.0,6.0,39.0,0.0,0.0,0.0,0.0,0.0,18.98436571426228,10.0866985926387,504.39218369713154
82.0,8.0,496.0,0.0,0.0,0.0,0.0,0.0,15.889812005494512,5.937952324145201,308.52579403181835
28.0,1.0,779.0,0.0,0.0,0.0,0.0,1.0,7.975711817326153,16.002307010197164,670.3695862669293
62.0,3.0,104.0,0.0,0.0,0.0,0.0,0.0,3.7616390562974895,11.083110402860845,212.05307116601836
59.0,6.0,611.0,0.0,0.0,0.0,0.0,0.0,25.13590106191574,13.938972168327274,112.35605656128624
17.0,3.0,238.0,0.0,0.0,0.0,0.0,0.0,1.902518224246937,9.08379599907525,439.6744949779245
15.0,8.0,732.0,0.0,0.0,0.0,4.0,1.0,11.009299002645673,1.0381557627125482,2239.125818375329
78.0,5.0,218.0,0.0,0.0,8.0,64.0,4.0,6.051995883114267,4.078805886707897,3241.9010505794445
0.0,2.0,824.0,0.0,0.0,0.0,0.0,0.0,24.81828600980245,20.003119687529058,434.3448482818719
76.0,3.0,101.0,0.0,0.0,0.0,0.0,0.0,4.89651276352764,10.01201180973272,184.7473645110365
82.0,8.0,496.0,0.0,0.0,0.0,0.0,0.0,17.13962169176017,6.123653827780984,297.56355650093576
57.0,3.0,145.0,0.0,0.0,0.0,0.0,0.0,10.92254506212396,9.8913575161811,118.2536978481578
43.0,8.0,542.0,0.0,0.0,0.0,0.0,0.0,23.116091562567448,13.143105505882604,117.24184857981612
69.0,3.0,121.0,0.0,0.0,0.0,0.0,0.0,8.841606937860337,9.737494193780876,62.28543554012754
43.0,8.0,514.0,0.0,0.0,0.0,0.0,0.0,20.087145926964016,8.989881927189646,66.26999731660209
25.0,8.0,647.0,0.0,0.0,0.0,0.0,1.0,12.935037832202712,4.103643211778048,1208.7199191756044
25.0,8.0,694.0,0.0,0.0,0.0,0.0,0.0,17.011947683510204,7.940422109946622,728.8798315598798
60.0,3.0,145.0,0.0,0.0,0.0,0.0,0.0,11.044119893176566,9.957006793607738,1053.2914983673377
63.0,2.0,392.0,0.0,0.0,0.0,0.0,0.0,19.824958827973983,15.077435789513936,1807.3081216355536
25.0,8.0,503.0,0.0,0.0,0.0,0.0,0.0,18.318455860818386,8.13108967853354,52.52455170735686
12.0,5.0,189.0,0.0,0.0,4.0,36.0,1.0,1.9734841405507997,10.038647061941736,2566.547829335965
28.0,1.0,803.0,0.0,0.0,0.0,0.0,1.0,12.125183603678725,18.95647843428417,159.6889092139254
44.0,8.0,665.0,0.0,0.0,0.0,0.0,0.0,10.090758860895283,7.0021836867885385,155.27920741425444
43.0,8.0,688.0,0.0,0.0,0.0,0.0,0.0,20.96708727771719,10.986890648434558,34.50886510465736
31.0,3.0,123.0,0.0,0.0,0.0,0.0,0.0,9.205069372439317,10.883821366816536,54.85222435349706
24.0,8.0,722.0,0.0,0.0,0.0,8.0,0.0,12.9985063614067,0.9808725406570632,2891.9574336359296
69.0,3.0,138.0,0.0,0.0,0.0,0.0,0.0,7.923956879892267,8.894849941675607,77.04694223912622
25.0,8.0,504.0,0.0,0.0,0.0,0.0,0.0,19.170132030634857,9.038910915608769,74.95733761595739
26.0,8.0,668.0,0.0,0.0,0.0,0.0,0.0,13.02489311138238,8.129182154898153,246.82583308971897
58.0,6.0,57.0,0.0,0.0,0.0,0.0,0.0,25.063806029240503,14.020784852808228,94.1712205392288
57.0,3.0,212.0,0.0,0.0,0.0,0.0,1.0,7.926870426766532,4.983707283146802,451.2355587273521
69.0,3.0,239.0,0.0,0.0,0.0,0.0,0.0,5.879627646872628,7.04692788160138,193.3451467620431
29.0,10.0,590.0,0.0,0.0,0.0,0.0,0.0,17.983678467153194,9.015630937945224,470.5422309881189
73.0,6.0,0.0,0.0,0.0,0.0,0.0,0.0,26.936966160768776,17.969957150749092,66.72871229344555
79.0,9.0,44.0,0.0,0.0,0.0,0.0,0.0,19.11212733588022,10.01640431262145,689.5904220380767
11.0,5.0,484.0,8.0,24.0,52.0,355.0,11.0,4.96340792796427,7.027463480602538,2378.7542262830734
24.0,8.0,648.0,0.0,0.0,0.0,0.0,1.0,12.00493939132202,2.160837841772564,615.285893983303
28.0,1.0,809.0,0.0,0.0,0.0,0.0,0.0,10.940931312037025,19.94144847748202,80.97296699257056
72.0,3.0,124.0,0.0,0.0,0.0,0.0,0.0,10.035767946169347,11.855132797285934,417.1391169503793
2.0,11.0,351.0,20.0,32.0,90.0,443.0,25.0,11.048550174735643,6.94768650567861,2911.5156758093794
78.0,5.0,221.0,0.0,0.0,8.0,64.0,7.0,7.214411568308236,3.047777985229343,4320.456353158055
75.0,8.0,496.0,0.0,0.0,0.0,0.0,0.0,16.24303448735765,5.871634597069605,206.5654346667573
86.0,10.0,742.0,4.0,8.0,20.0,113.0,25.0,9.277485219273286,2.854592171769665,1942.6589381708889
61.0,1.0,434.0,0.0,0.0,0.0,4.0,1.0,7.228019403344294,15.057487463227837,745.0055722396156
28.0,1.0,779.0,0.0,0.0,0.0,0.0,0.0,8.305006198314988,16.01247659737787,647.9353558965107
73.0,6.0,10.0,0.0,0.0,0.0,0.0,0.0,21.14697734226841,12.972123955233611,192.860627582656
0.0,2.0,822.0,0.0,0.0,0.0,0.0,0.0,22.938031064689653,18.937313897020548,449.1942996186364
4.0,0.0,490.0,48.0,181.0,261.0,107.0,13.0,7.001557325756758,9.039408629124022,5522.505658969647
66.0,2.0,404.0,0.0,0.0,0.0,4.0,1.0,18.09804519895269,13.104078482189594,396.5861380898368
25.0,8.0,505.0,0.0,0.0,0.0,0.0,0.0,18.05288131957714,6.935241186664053,773.4760241051348
76.0,3.0,80.0,0.0,0.0,0.0,0.0,0.0,4.962705292710456,11.975672085986195,147.6926332559761
93.0,1.0,440.0,0.0,0.0,0.0,4.0,0.0,6.026830329352347,13.81016829161109,1029.735988766556
73.0,6.0,11.0,0.0,0.0,0.0,0.0,0.0,22.06888277469284,13.109171109667836,150.3952736994236
75.0,8.0,518.0,0.0,0.0,0.0,0.0,0.0,19.75992812880921,9.080171380950652,112.96859139710467
29.0,10.0,340.0,0.0,0.0,0.0,4.0,0.0,17.28606866541998,7.86007881581837,693.9144815173006
43.0,8.0,513.0,0.0,0.0,0.0,0.0,0.0,18.841156926132737,9.046760433728508,59.85075977048324
63.0,2.0,300.0,0.0,20.0,20.0,352.0,2.0,12.926491593402869,10.868419770584769,2612.778970782713
23.0,3.0,185.0,0.0,0.0,28.0,136.0,2.0,3.1366681525444564,9.033775158097573,1812.4189318170895
74.0,8.0,718.0,0.0,0.0,0.0,4.0,0.0,13.768734398672224,2.914627926313605,392.1317933275416
76.0,3.0,80.0,0.0,0.0,0.0,0.0,0.0,5.223798049944052,12.065840422353387,201.85970655952457
13.0,5.0,188.0,0.0,20.0,28.0,237.0,6.0,4.12340302050263,8.006301080403162,1367.3852277275682
0.0,2.0,826.0,0.0,0.0,0.0,0.0,0.0,26.973492986084487,21.973635501720263,271.00190168459926
71.0,9.0,365.0,0.0,0.0,24.0,96.0,6.0,13.913519329725515,9.045940824212696,1494.4941681734415
32.0,6.0,577.0,0.0,0.0,0.0,8.0,0.0,15.101706591288604,5.22203339391604,959.5978753349744
26.0,8.0,692.0,0.0,0.0,0.0,0.0,0.0,15.908888649124153,7.926345246624471,209.2607781735823
60.0,3.0,289.0,0.0,0.0,0.0,0.0,0.0,11.820445934175847,9.163894124801333,711.560355469412
21.0,9.0,324.0,0.0,4.0,24.0,116.0,4.0,13.979555417725132,8.091710732516983,1473.3530195622468
28.0,1.0,808.0,0.0,0.0,0.0,0.0,0.0,12.161453988602773,20.98792342508876,333.04099864060845
75.0,8.0,492.0,0.0,0.0,0.0,0.0,0.0,17.061057073129408,6.014017361390654,224.03448071888013
43.0,8.0,556.0,0.0,0.0,0.0,0.0,0.0,20.976711885250044,10.078886985668593,81.27473804564514
26.0,8.0,642.0,0.0,0.0,0.0,0.0,0.0,14.945403563438456,7.945127223258402,473.2653281812621
93.0,1.0,417.0,0.0,0.0,12.0,271.0,1.0,7.958744452536487,13.069426312180916,1389.278023913139
84.0,11.0,468.0,8.0,40.0,118.0,475.0,21.0,8.748648982257937,5.835385637624291,3224.512681280856
78.0,5.0,448.0,8.0,56.0,202.0,355.0,49.0,7.053118303002457,5.90775617039628,3544.188971472908
44.0,8.0,633.0,0.0,0.0,0.0,0.0,0.0,13.159767569184067,6.000303921708377,146.25865822804184
27.0,2.0,816.0,0.0,0.0,0.0,0.0,0.0,24.07041234291536,20.923321459300137,68.36718667627916
28.0,1.0,794.0,0.0,0.0,0.0,0.0,0.0,9.825845642837022,18.92282318838959,48.15413095642954
15.0,8.0,647.0,0.0,0.0,0.0,0.0,1.0,12.952775662653725,3.9132667369940752,1195.2015702411093
32.0,6.0,571.0,0.0,0.0,0.0,0.0,0.0,19.113265467080165,9.057962060356914,289.21369036503603
45.0,10.0,700.0,0.0,0.0,4.0,4.0,0.0,13.088791077890162,1.961595628766589,3755.3903843671096
13.0,5.0,188.0,0.0,12.0,20.0,224.0,7.0,3.9688941983923054,7.911098427156259,2105.0280536137257
59.0,6.0,600.0,0.0,0.0,0.0,0.0,0.0,21.78170754892338,11.035032574281653,117.5400776978551
15.0,8.0,223.0,0.0,0.0,0.0,24.0,4.0,6.09664115810506,3.965946571701632,1977.4726819666653
32.0,6.0,718.0,0.0,0.0,0.0,4.0,0.0,13.920264877558145,2.869070616132792,954.8263549539096
23.0,3.0,188.0,0.0,20.0,40.0,267.0,13.0,4.11956413466884,8.113718656448532,1565.6763695552531
13.0,5.0,183.0,0.0,0.0,4.0,108.0,1.0,3.109239751232654,11.081741141752394,751.8964953778208
77.0,4.0,457.0,102.0,305.0,108.0,124.0,42.0,10.105003821809412,8.045067503807616,4208.180481895428
64.0,6.0,13.0,0.0,0.0,0.0,0.0,0.0,22.30232539525894,13.047212259102494,365.5948272366621
72.0,3.0,161.0,0.0,0.0,0.0,0.0,0.0,7.170969878659198,8.955640397087747,1129.0799104624473
0.0,2.0,812.0,0.0,0.0,0.0,0.0,0.0,26.037377062878203,21.92734378393654,263.419673474134
74.0,8.0,723.0,0.0,0.0,0.0,4.0,0.0,14.017921124509517,3.044242808284819,581.5459976838406
68.0,3.0,205.0,0.0,0.0,0.0,0.0,0.0,5.99801733591204,5.012981004492533,647.2838151492731
63.0,2.0,403.0,0.0,0.0,0.0,4.0,1.0,18.00160819833051,12.895625793111066,1715.5509278402144
75.0,8.0,497.0,0.0,0.0,0.0,0.0,0.0,18.030522533906304,7.065422536374941,59.08886558745299
57.0,3.0,142.0,0.0,0.0,0.0,0.0,0.0,10.072069716557918,7.935068702067815,68.55569419171127
63.0,2.0,310.0,0.0,8.0,4.0,120.0,0.0,13.94237731617331,11.024692081896596,2374.8287711044795
78.0,5.0,456.0,4.0,24.0,36.0,371.0,35.0,7.182075563756546,4.999262829930036,3209.947909548305
72.0,3.0,159.0,0.0,0.0,0.0,0.0,0.0,7.844895314770067,9.098108626591614,636.3542689462455
62.0,3.0,114.0,0.0,0.0,0.0,0.0,0.0,3.1699467824047063,13.069316327671691,249.14789488167972
23.0,3.0,188.0,0.0,12.0,40.0,221.0,9.0,3.826203313751746,8.04831174363355,1750.7214363622438
68.0,3.0,206.0,0.0,0.0,0.0,20.0,2.0,5.161966397238257,5.012845522121168,838.8647826127652
13.0,5.0,179.0,0.0,8.0,28.0,180.0,2.0,2.9429608005007646,10.110493699526044,2422.4484212910093
26.0,8.0,642.0,0.0,0.0,0.0,0.0,0.0,14.807504839731228,8.032376077387935,577.242913812665
79.0,9.0,337.0,0.0,0.0,0.0,28.0,1.0,16.00892545775033,8.984237284206264,985.0099094289914
15.0,8.0,733.0,0.0,0.0,4.0,4.0,1.0,10.087401346870111,0.0,2028.4595672927005
2.0,11.0,351.0,12.0,28.0,62.0,455.0,24.0,10.988071228268147,6.928839386385827,2912.550480346801
70.0,3.0,91.0,0.0,0.0,0.0,0.0,0.0,8.118725798850406,13.09438028808189,137.2539903261104
8.0,11.0,456.0,8.0,36.0,72.0,509.0,56.0,7.038077002658959,4.973836839916079,3941.072742298785
74.0,8.0,526.0,0.0,0.0,0.0,0.0,0.0,14.095179580896188,2.9518112165036534,349.9602034349668
11.0,5.0,185.0,0.0,0.0,20.0,128.0,1.0,3.02098786665314,8.937561624698207,2551.2203000498143
48.0,0.0,187.0,0.0,12.0,36.0,244.0,4.0,3.968553315563229,8.996820583654616,3222.979811970135
59.0,6.0,609.0,0.0,0.0,0.0,0.0,0.0,24.03776467922832,13.052853904645184,272.75947283014074
19.0,1.0,181.0,0.0,16.0,52.0,299.0,5.0,4.026172503832521,10.058584453429932,1993.632717278935
74.0,8.0,706.0,0.0,0.0,0.0,4.0,0.0,11.935810925680345,0.9546219232297876,402.799233275996
59.0,6.0,605.0,0.0,0.0,0.0,0.0,0.0,25.09468895897591,13.903252687110708,99.73063585464467
15.0,8.0,734.0,0.0,0.0,0.0,8.0,1.0,10.99023861432216,0.0141540375459226,2177.553472853286
0.0,2.0,390.0,0.0,0.0,0.0,0.0,0.0,21.95677810671048,16.096489274629214,362.1033323934599
16.0,1.0,419.0,0.0,12.0,60.0,433.0,6.0,6.990775695865223,11.99798721385003,1770.4064696486348
43.0,8.0,545.0,0.0,0.0,0.0,0.0,0.0,20.797286748619992,10.90772789119644,63.02539877804739
60.0,3.0,671.0,0.0,0.0,0.0,0.0,0.0,11.922436329421387,7.972105623939631,898.5746593205864
15.0,8.0,732.0,0.0,0.0,0.0,4.0,0.0,11.027136283833894,1.9280295793841893,1365.2418524941038
1.0,11.0,350.0,4.0,46.0,98.0,429.0,37.0,11.009929575993688,7.039932202351506,4040.113967055923
71.0,9.0,349.0,0.0,12.0,20.0,187.0,5.0,12.780456961037174,8.047858962300355,2901.39177701412
24.0,8.0,738.0,4.0,4.0,16.0,64.0,10.0,10.031849668612512,2.052468187515425,2147.0103857873582
27.0,2.0,830.0,0.0,0.0,0.0,0.0,0.0,23.98405311449257,20.002513426377195,42.70147717489389
18.0,4.0,488.0,197.0,160.0,104.0,104.0,22.0,8.949747768748631,8.958231797155138,3486.613232992283
45.0,10.0,467.0,8.0,44.0,54.0,471.0,20.0,9.86838114704062,5.962889663123954,2666.402073842577
43.0,8.0,548.0,0.0,0.0,0.0,0.0,0.0,22.096014069695663,10.764556197905527,42.77813077431846
78.0,5.0,730.0,0.0,4.0,8.0,56.0,13.0,8.083340641189332,3.0789908591763107,2806.3162108115093
76.0,3.0,160.0,0.0,0.0,0.0,0.0,0.0,5.913417953293578,8.96567556603805,165.19097135613606
15.0,8.0,223.0,0.0,0.0,0.0,24.0,1.0,6.000280439706031,5.0957183079185695,1874.055040533092
63.0,2.0,305.0,0.0,0.0,8.0,44.0,2.0,14.930408631669303,12.06242265651476,1734.3735265961714
29.0,10.0,326.0,0.0,0.0,0.0,12.0,0.0,15.05269335213505,5.844414781383371,1360.3970574875946
50.0,11.0,470.0,12.0,68.0,181.0,384.0,22.0,9.907956091188836,5.927449740792778,3406.9323109558145
67.0,1.0,745.0,0.0,0.0,0.0,0.0,0.0,13.795673429150249,22.972829525969388,163.95144413216266
75.0,8.0,498.0,0.0,0.0,0.0,0.0,0.0,15.962796512484031,5.039595664530134,109.67870991930512
76.0,3.0,101.0,0.0,0.0,0.0,0.0,0.0,4.981812775627841,9.904574468266349,73.55205766898582
78.0,5.0,220.0,0.0,4.0,16.0,144.0,5.0,6.172887618809293,4.855862489486383,3741.524872944874
91.0,0.0,472.0,12.0,80.0,142.0,351.0,18.0,5.930977112884096,8.066413622008627,3952.235826745443
25.0,8.0,656.0,0.0,0.0,0.0,0.0,0.0,14.84066849261129,5.986919476330868,722.9116792269474
16.0,1.0,180.0,0.0,0.0,36.0,278.0,5.0,5.86480884924542,10.926890921037996,1126.810627313556
74.0,8.0,719.0,0.0,0.0,0.0,4.0,0.0,14.066676567080432,2.865215268182438,567.5901088826188
31.0,3.0,157.0,0.0,0.0,0.0,0.0,0.0,9.777460411797495,12.976060356911116,76.55928956520096
15.0,8.0,212.0,0.0,0.0,0.0,0.0,0.0,8.924824821600684,5.062553029140539,346.611698829743
28.0,1.0,795.0,0.0,0.0,0.0,0.0,0.0,11.95523432773425,20.823547702723943,348.4456930785105
25.0,8.0,525.0,0.0,0.0,0.0,0.0,0.0,14.075433219339436,4.941819372194958,929.4055794872386
12.0,5.0,167.0,4.0,0.0,0.0,64.0,0.0,2.978908130769741,11.07830472471697,2019.7451311090172
49.0,11.0,462.0,38.0,210.0,273.0,136.0,21.0,9.079762254875355,6.972242230056862,3813.1664167586537
59.0,6.0,617.0,0.0,0.0,0.0,0.0,0.0,19.968412914957597,8.989684323313691,56.5430314822711
58.0,6.0,17.0,0.0,0.0,0.0,0.0,0.0,22.06881847934667,12.991879906627783,123.1409169944442
76.0,3.0,80.0,0.0,0.0,0.0,0.0,0.0,4.768557010723172,11.99207864729648,219.34766454566196
17.0,3.0,195.0,0.0,0.0,0.0,4.0,0.0,0.0378461359480885,10.91514329866603,482.15092870810537
24.0,8.0,732.0,0.0,0.0,0.0,4.0,0.0,11.25502674223996,2.0831551061281406,1548.0165640873342
72.0,3.0,125.0,0.0,0.0,0.0,0.0,0.0,8.947291409816893,9.768213659788984,208.19182612709477
69.0,3.0,134.0,0.0,0.0,0.0,0.0,0.0,9.134304674072414,6.998020918424727,195.49097353976808
28.0,1.0,770.0,0.0,0.0,0.0,0.0,0.0,9.075472182850426,17.896043362314167,99.519376535582
66.0,2.0,46.0,0.0,0.0,0.0,0.0,0.0,21.79774452734285,14.00963858397795,285.1298995405153
51.0,11.0,462.0,38.0,214.0,281.0,124.0,24.0,8.884963143119593,6.834311783819232,4706.750249782105
70.0,3.0,92.0,0.0,0.0,0.0,0.0,0.0,5.909073559677268,12.951358500758024,142.78566449287607
73.0,6.0,26.0,0.0,0.0,0.0,0.0,0.0,24.93959920699786,15.075965529958008,330.6474680054717
26.0,8.0,651.0,0.0,0.0,0.0,0.0,1.0,13.183160137369326,4.060951855250958,485.46127352104565
61.0,1.0,779.0,0.0,0.0,0.0,0.0,0.0,8.081939100192523,15.981330916568917,624.9955111322704
86.0,10.0,465.0,0.0,8.0,56.0,219.0,35.0,10.019598851983355,4.043992232511695,1170.9352235524043
1.0,11.0,458.0,38.0,131.0,314.0,170.0,18.0,9.936837794063251,6.98803230489605,3499.4734867021843
15.0,8.0,677.0,0.0,0.0,0.0,0.0,0.0,9.837607015478346,2.96587930714114,2341.617230744531
27.0,2.0,838.0,0.0,0.0,0.0,0.0,0.0,21.913481941471563,18.918705016116657,32.95774864456956
66.0,2.0,402.0,0.0,0.0,0.0,8.0,1.0,17.079206572100336,11.994854006810264,705.6358031738542
44.0,8.0,668.0,0.0,0.0,0.0,0.0,0.0,13.004888696769278,8.11031196375085,292.636389793853
32.0,6.0,582.0,0.0,0.0,0.0,0.0,0.0,16.919215992902124,5.960580123068464,458.7632483412337
28.0,1.0,805.0,0.0,0.0,0.0,0.0,0.0,12.04016959735741,19.960089517319886,209.75579579975192
24.0,8.0,722.0,0.0,0.0,0.0,4.0,0.0,13.0230413198133,1.9182241440932697,2112.4119930824672
93.0,1.0,438.0,0.0,0.0,0.0,72.0,0.0,7.136736861716281,14.081559607588146,1253.205913059796
15.0,8.0,206.0,0.0,0.0,0.0,16.0,1.0,5.197208914534786,5.035764854800493,1357.1109794618976
57.0,3.0,133.0,0.0,0.0,0.0,0.0,0.0,7.975183286538042,7.89860958724085,57.13836968157824
81.0,0.0,421.0,0.0,20.0,60.0,443.0,4.0,6.999328368276087,12.051247692282798,4107.24342517613
79.0,9.0,32.0,0.0,0.0,0.0,0.0,0.0,17.936300580746998,10.957744840304548,551.1386867547981
23.0,3.0,250.0,0.0,0.0,0.0,32.0,0.0,2.0474430429688493,7.799937434815039,1563.8764133937889
57.0,3.0,142.0,0.0,0.0,0.0,0.0,0.0,9.91573117800078,7.921223016449965,248.8910944451009
60.0,3.0,673.0,0.0,0.0,0.0,0.0,0.0,11.961764641052325,7.096679694175448,1438.5172005058268
75.0,8.0,493.0,0.0,0.0,0.0,0.0,0.0,17.911621550410903,7.899697422305965,171.49590109663168
68.0,3.0,210.0,0.0,0.0,0.0,4.0,1.0,4.0561514427849525,6.0483886817664665,423.56303606005525
58.0,6.0,65.0,0.0,0.0,0.0,0.0,0.0,24.090113808296728,13.105407094894996,169.60239697147813
11.0,5.0,476.0,8.0,20.0,68.0,353.0,11.0,3.965108028052233,8.135166470996811,1711.3154363182502
64.0,6.0,11.0,0.0,0.0,0.0,0.0,0.0,22.33749497204961,13.086312665427684,227.8797083564885
79.0,9.0,37.0,0.0,0.0,0.0,0.0,0.0,18.022030714145536,9.95196164167504,436.1914844341191
63.0,2.0,391.0,0.0,0.0,0.0,0.0,0.0,21.94903384191199,16.02947240272104,1023.103020807482
15.0,8.0,213.0,0.0,0.0,0.0,0.0,0.0,7.17186084145561,4.025928056109126,1554.29666100671
67.0,1.0,785.0,0.0,0.0,0.0,0.0,0.0,10.07941677755738,20.14585294596936,99.84987132941468
1.0,11.0,458.0,18.0,203.0,275.0,152.0,22.0,10.039067221360684,7.931604623780999,4346.33752539758
43.0,8.0,554.0,0.0,0.0,0.0,0.0,0.0,20.95327014080532,10.093353040876387,55.78581543845841
32.0,6.0,570.0,0.0,0.0,0.0,0.0,0.0,19.18922711298736,9.019474556718546,181.94963843918345
60.0,3.0,142.0,0.0,0.0,0.0,0.0,0.0,9.637030246873469,8.117858398333286,968.0806393763992
18.0,4.0,485.0,87.0,341.0,88.0,84.0,14.0,7.99477378566435,9.143197231945006,4807.721351249082
30.0,9.0,360.0,0.0,4.0,16.0,91.0,4.0,14.042060582633406,9.995318691519426,1389.1659676767893
33.0,3.0,128.0,0.0,0.0,0.0,0.0,0.0,11.046283176573686,9.940959418286074,104.2899458472014
52.0,4.0,317.0,94.0,205.0,135.0,116.0,14.0,9.03775392977661,9.901739988471714,8483.417897910858
29.0,10.0,342.0,0.0,0.0,0.0,0.0,0.0,17.89577165721165,10.02327137524231,1122.4668333336258
60.0,3.0,673.0,0.0,0.0,0.0,0.0,0.0,11.105054830721548,7.953148504020713,1266.2263249108755
88.0,9.0,299.0,4.0,36.0,82.0,403.0,9.0,11.874111727147245,8.93496967307912,1973.7008848885391
59.0,6.0,598.0,0.0,0.0,0.0,0.0,0.0,21.922535869199656,10.96696491956616,157.08727635892978
25.0,8.0,524.0,0.0,0.0,0.0,0.0,0.0,14.109014816932264,3.9969959243071,1339.695783675127
61.0,1.0,777.0,0.0,0.0,0.0,0.0,0.0,7.049261643289022,16.05801763225384,578.3715379672768
78.0,5.0,480.0,4.0,44.0,68.0,453.0,11.0,4.905254959660956,7.057625205530479,3565.827424491008
69.0,3.0,215.0,0.0,0.0,0.0,0.0,0.0,6.767095613904447,6.136099399468678,404.3895049849119
23.0,3.0,185.0,0.0,0.0,28.0,146.0,2.0,3.0665984523941607,9.057351726752408,2071.725345234569
61.0,1.0,430.0,0.0,0.0,0.0,16.0,1.0,8.07268760990394,15.031680471763648,591.0342635423291
88.0,9.0,346.0,8.0,20.0,46.0,391.0,14.0,12.13872458419046,8.045417412173688,1874.5080099522563
68.0,3.0,222.0,0.0,0.0,0.0,48.0,3.0,4.828246123209552,5.114682723849946,848.2037737085378
71.0,9.0,349.0,4.0,12.0,40.0,321.0,9.0,12.766825400600352,8.004682323439017,1613.3691586571304
44.0,8.0,660.0,0.0,0.0,0.0,0.0,0.0,8.866831602343629,5.963796119074187,275.7470917753397
15.0,8.0,647.0,0.0,0.0,0.0,0.0,1.0,13.006743641888749,3.8925351849528966,887.8047720487449
29.0,10.0,328.0,0.0,0.0,0.0,8.0,0.0,15.001426554734346,7.022672969338687,1334.5735266333393
27.0,2.0,836.0,0.0,0.0,0.0,0.0,0.0,21.851349144546862,18.01453628613025,31.703368649877405
43.0,8.0,518.0,0.0,0.0,0.0,0.0,0.0,20.04168487268662,8.758658707306726,45.30356619565042
30.0,9.0,348.0,0.0,24.0,40.0,412.0,6.0,13.069656056671016,9.052241166684816,1117.4533541884557
66.0,2.0,48.0,0.0,0.0,0.0,0.0,0.0,20.02517262658749,12.863110209520247,167.6827592090576
31.0,3.0,148.0,0.0,0.0,0.0,0.0,0.0,10.132227905431652,13.069432425966204,59.14772217452665
45.0,10.0,356.0,0.0,4.0,12.0,72.0,7.0,12.922528761565609,5.060686421274455,2387.679093560033
43.0,8.0,681.0,0.0,0.0,0.0,0.0,0.0,18.91137493795301,8.890493023381204,123.0446119410018
68.0,3.0,208.0,0.0,0.0,0.0,0.0,0.0,3.932578270398324,7.010040809749028,494.67406162843537
24.0,8.0,734.0,0.0,0.0,0.0,8.0,1.0,11.032156250269626,0.0879986941718718,2803.011791319402
77.0,4.0,463.0,122.0,274.0,120.0,116.0,47.0,10.16571280855309,9.071451019960618,3641.079716610378
28.0,1.0,771.0,0.0,0.0,0.0,0.0,0.0,8.097656060767946,16.998463197188862,350.0422122199796
25.0,8.0,525.0,0.0,0.0,0.0,0.0,0.0,15.033792862585443,4.934284995282483,1464.453976008087
24.0,8.0,737.0,0.0,0.0,4.0,8.0,1.0,9.912361364238512,0.971188927434073,1996.600515791628
73.0,6.0,1.0,0.0,0.0,0.0,0.0,0.0,28.01772674334113,19.14242152435449,100.19492808465374
28.0,1.0,796.0,0.0,0.0,0.0,0.0,0.0,9.924853337394856,19.005327351990516,185.44407903320408
66.0,2.0,404.0,0.0,0.0,0.0,4.0,1.0,18.21899663401088,12.034845812462075,566.9158692102245
78.0,5.0,218.0,0.0,0.0,0.0,68.0,5.0,5.904597805412145,5.238626956906515,3372.759336899175
25.0,8.0,692.0,0.0,0.0,0.0,0.0,0.0,17.00131624745937,8.001327578983851,922.04194966041
21.0,9.0,363.0,0.0,0.0,0.0,28.0,1.0,15.686236087896212,10.901248451190767,1477.5626296758958
80.0,3.0,87.0,0.0,0.0,0.0,0.0,0.0,6.886526494321611,12.193691646582804,179.28782755989437
7.0,4.0,485.0,121.0,315.0,84.0,92.0,13.0,7.908069408652181,9.105662839851652,7016.183397745492
57.0,3.0,665.0,0.0,0.0,0.0,0.0,0.0,11.165173351934422,7.034441459830953,482.8724162658174
57.0,3.0,663.0,0.0,0.0,0.0,0.0,1.0,9.957088203460012,4.971680399068641,414.2627478551101
78.0,5.0,454.0,0.0,12.0,28.0,216.0,16.0,6.978096012973122,4.09208672832966,3912.472529768683
73.0,6.0,15.0,0.0,0.0,0.0,0.0,0.0,21.006416056028527,11.98394092919955,52.54352674481622
63.0,2.0,390.0,0.0,0.0,0.0,0.0,0.0,21.903596197756382,16.11475936357277,346.214902351824
43.0,8.0,501.0,0.0,0.0,0.0,0.0,0.0,19.08647090835156,7.899625505032551,82.4365874836187
82.0,8.0,539.0,0.0,0.0,0.0,0.0,0.0,15.136075897377117,3.922832511156261,278.12695136308446
62.0,3.0,118.0,0.0,0.0,0.0,0.0,0.0,3.956369815795476,13.030072017055708,116.36961774405074
15.0,8.0,676.0,0.0,0.0,0.0,4.0,0.0,8.962551411718602,1.9422692472830223,1352.5526533290206
73.0,6.0,29.0,0.0,0.0,0.0,0.0,0.0,22.802917488531104,13.97815032451186,208.1412499419192
74.0,8.0,526.0,0.0,0.0,0.0,0.0,0.0,14.086062654247216,3.025075046760158,349.9985914503863
64.0,6.0,39.0,0.0,0.0,0.0,0.0,0.0,19.15319141874453,9.938583366688984,737.5443613471101
33.0,3.0,294.0,0.0,0.0,0.0,0.0,0.0,12.967943490672056,12.99720818095618,255.40985002326588
73.0,6.0,26.0,0.0,0.0,0.0,0.0,0.0,24.189998271491778,14.872310663163496,172.1062892270596
26.0,8.0,272.0,0.0,0.0,0.0,0.0,0.0,15.128995506792611,8.98482383508086,330.78208206239856
25.0,8.0,497.0,0.0,0.0,0.0,0.0,0.0,16.95245599900583,6.894748529542485,912.0701948014976
43.0,8.0,541.0,0.0,0.0,0.0,0.0,0.0,22.925887083801157,13.089494926369008,87.94868334715774
59.0,6.0,608.0,0.0,0.0,0.0,0.0,0.0,23.9696572768142,13.12198741245767,152.6279600869623
73.0,6.0,20.0,0.0,0.0,0.0,0.0,0.0,22.076643796925783,12.964145850335113,46.55384103030228
26.0,8.0,659.0,0.0,0.0,0.0,0.0,0.0,13.971830071050316,4.909668229524841,603.6661002686361
27.0,2.0,394.0,0.0,0.0,0.0,4.0,1.0,18.142927350789368,13.961617811574582,117.60548386274102
15.0,8.0,652.0,0.0,0.0,0.0,4.0,0.0,10.953987036623102,1.933741625326736,1458.4702006243974
74.0,8.0,718.0,0.0,0.0,0.0,4.0,0.0,14.09353923655333,3.015970913959191,474.71622124240673
58.0,6.0,58.0,0.0,0.0,0.0,0.0,0.0,21.89018251422778,12.003741980624651,33.78250971386158
67.0,1.0,756.0,0.0,0.0,0.0,0.0,0.0,8.021682213445716,18.008334703922685,66.89411525633109
11.0,5.0,185.0,0.0,8.0,20.0,177.0,2.0,2.962592766446151,9.128120386095285,1442.8221943890978
68.0,3.0,235.0,0.0,0.0,0.0,0.0,1.0,3.018584070575304,8.00855701379668,522.1837322592319
63.0,2.0,404.0,0.0,0.0,0.0,4.0,1.0,18.156643963280075,12.879582236769297,2660.085506998535
63.0,2.0,392.0,0.0,0.0,0.0,0.0,0.0,20.97843326636149,15.089657114449206,1505.946081275345
66.0,2.0,392.0,0.0,0.0,0.0,0.0,0.0,20.952661660238068,15.034647445691071,457.27103097437214
93.0,1.0,774.0,0.0,0.0,0.0,4.0,0.0,6.01135986224461,15.115533771551434,631.5156342061023
37.0,1.0,184.0,0.0,4.0,4.0,133.0,1.0,5.069698460039178,12.098757927405144,2079.4560495411206
29.0,10.0,589.0,0.0,0.0,0.0,0.0,0.0,16.68822771140395,8.122223773935934,1033.5979292436598
15.0,8.0,228.0,0.0,0.0,0.0,16.0,0.0,8.053035810340203,1.9976629845744385,2220.9151781912974
30.0,9.0,360.0,0.0,4.0,16.0,104.0,4.0,14.100035086172667,10.135023682512749,1161.9716502679269
79.0,9.0,37.0,0.0,0.0,0.0,0.0,0.0,17.96806900511061,10.056933805480108,738.6677440256758
18.0,4.0,485.0,141.0,287.0,74.0,96.0,16.0,8.102140453722635,8.822518377533694,4804.904083498351
45.0,10.0,331.0,0.0,0.0,4.0,44.0,1.0,13.686509425237317,5.96971126928899,2287.776426945243
68.0,3.0,245.0,0.0,0.0,0.0,0.0,0.0,4.907886268226248,8.116317415620644,489.9459644752565
86.0,10.0,450.0,4.0,8.0,32.0,284.0,37.0,6.979714220134979,4.013242010794461,2357.6418464574426
33.0,3.0,127.0,0.0,0.0,0.0,0.0,0.0,13.005474494472445,12.014972610857082,119.06598332131384
64.0,6.0,14.0,0.0,0.0,0.0,0.0,0.0,20.03135965899568,11.96721378157251,185.5569478698683
7.0,4.0,485.0,133.0,305.0,74.0,100.0,12.0,8.205047047780608,8.917658989590857,4572.781200603506
63.0,2.0,376.0,0.0,0.0,0.0,0.0,0.0,19.11812316664744,12.942387414561187,1184.79565265163
43.0,8.0,513.0,0.0,0.0,0.0,0.0,0.0,19.956340802544226,8.94601268446531,68.30551642554546
62.0,3.0,84.0,0.0,0.0,0.0,0.0,0.0,5.016774531596285,12.901075385725534,199.7370253371122
59.0,6.0,608.0,0.0,0.0,0.0,0.0,0.0,25.051689807167005,14.01117625572686,134.4987107100963
78.0,5.0,220.0,0.0,8.0,12.0,146.0,7.0,5.868312013753129,3.999237392750469,2588.8712658597983
59.0,6.0,618.0,0.0,0.0,0.0,0.0,0.0,19.0138534883696,7.840978154938922,181.23342903247112
63.0,2.0,395.0,0.0,0.0,0.0,4.0,1.0,18.07574618655154,14.12501354464299,1354.673699780658
78.0,5.0,222.0,0.0,0.0,0.0,44.0,4.0,4.867254476540321,5.031622532970328,3264.260220117307
67.0,1.0,790.0,0.0,0.0,0.0,0.0,0.0,6.731317327074188,17.993606846366415,39.902271395746816
2.0,11.0,470.0,12.0,136.0,297.0,212.0,27.0,9.095641401002377,7.070528719234824,4658.963752964119
0.0,2.0,815.0,0.0,0.0,0.0,0.0,0.0,26.064013142937757,21.969012354177192,529.3964795302744
81.0,0.0,471.0,20.0,52.0,142.0,371.0,13.0,4.835971707740226,8.09087447058299,3775.4583506791896
67.0,1.0,759.0,0.0,0.0,0.0,4.0,0.0,5.158340270939131,16.13012127048915,457.68406712771343
59.0,6.0,607.0,0.0,0.0,0.0,0.0,0.0,22.816702075527257,11.919647724296672,135.42703944314374
29.0,10.0,591.0,0.0,0.0,0.0,4.0,0.0,16.074409909985878,6.940152670761868,1174.9783072233497
13.0,5.0,183.0,4.0,0.0,12.0,132.0,1.0,3.031703816332491,9.923736637062463,2516.178426353802
17.0,3.0,173.0,0.0,0.0,0.0,0.0,1.0,1.8133192258162063,9.008648010710925,320.28852011048923
23.0,3.0,247.0,0.0,0.0,0.0,20.0,2.0,3.9657413790650793,5.948729558383078,1429.2773610672025
73.0,6.0,17.0,0.0,0.0,0.0,0.0,0.0,22.254039311390653,12.034539683717735,43.35916223259904
69.0,3.0,134.0,0.0,0.0,0.0,0.0,0.0,9.045267434620056,6.9899868693489084,198.5303933285296
4.0,0.0,474.0,20.0,106.0,215.0,264.0,19.0,6.04186409659342,7.84933024109189,7236.679859297319
70.0,3.0,88.0,0.0,0.0,0.0,0.0,0.0,5.70765603572023,11.961319987958191,64.29669724355512
23.0,3.0,93.0,0.0,0.0,0.0,0.0,0.0,1.936248609691969,10.965763798139577,388.2801672309353
58.0,6.0,54.0,0.0,0.0,0.0,0.0,0.0,25.898892819372502,15.063567656694469,126.12900774159502
79.0,9.0,345.0,0.0,0.0,0.0,4.0,0.0,16.299716059289867,9.013542983597151,522.253356165325
59.0,6.0,598.0,0.0,0.0,0.0,0.0,0.0,22.84209981558028,10.90601357511395,189.35599886647896
66.0,2.0,392.0,0.0,0.0,0.0,0.0,0.0,21.11838824036278,15.084932235980524,440.85602030549455
57.0,3.0,128.0,0.0,0.0,0.0,0.0,0.0,11.049155373819374,9.9597396439077,133.3821562989637
29.0,10.0,575.0,0.0,0.0,0.0,0.0,0.0,16.01708162533633,5.868918459325002,941.0446950026792
15.0,8.0,205.0,0.0,0.0,0.0,0.0,0.0,6.25631385310975,4.894777237640033,1535.731552568185
45.0,10.0,329.0,0.0,0.0,4.0,40.0,2.0,13.915712892172898,5.950718920336024,3641.894965629117
64.0,6.0,35.0,0.0,0.0,0.0,0.0,0.0,19.010083570263905,12.026988723510764,808.1876589794683
32.0,6.0,585.0,0.0,0.0,0.0,0.0,0.0,15.967391198540726,5.05542959528812,585.9953487429783
65.0,1.0,203.0,0.0,0.0,4.0,0.0,0.0,4.889148483598281,13.945085963500269,259.4614884957684
22.0,2.0,302.0,12.0,96.0,249.0,244.0,13.0,10.879467500826005,8.954008811976422,2349.387610408333
34.0,10.0,579.0,0.0,0.0,0.0,12.0,0.0,15.256474124428454,5.105686811118676,1364.6723689803712
74.0,8.0,719.0,0.0,0.0,0.0,4.0,0.0,13.971461139876602,3.098355138767712,519.3665498296067
59.0,6.0,603.0,0.0,0.0,0.0,0.0,0.0,25.101179480958184,14.032170741088477,126.74392182565649
24.0,8.0,733.0,0.0,0.0,4.0,8.0,1.0,11.10206727201774,0.0,2193.4055904979086
20.0,9.0,335.0,0.0,0.0,0.0,0.0,0.0,18.209943792704813,11.089981515552374,667.1537243541283
21.0,9.0,336.0,0.0,0.0,0.0,32.0,1.0,15.794398637773815,9.92476736339243,1088.2493843980212
67.0,1.0,192.0,0.0,0.0,0.0,4.0,0.0,3.990017245496965,14.893521317980047,403.17879080578746
59.0,6.0,67.0,0.0,0.0,0.0,0.0,0.0,23.050619701245232,11.934736090693844,291.3822976507918
32.0,6.0,583.0,0.0,0.0,0.0,0.0,0.0,17.118984054054085,5.9044509222342585,309.3577044106891
73.0,6.0,29.0,0.0,0.0,0.0,0.0,0.0,22.86955314555269,14.08035159531959,289.06260897387835
59.0,6.0,597.0,0.0,0.0,0.0,0.0,0.0,23.93218415350666,12.03789681258482,162.49911711569516
28.0,1.0,775.0,0.0,0.0,0.0,4.0,1.0,6.84881415016113,14.907101801856548,513.2557183665074
27.0,2.0,834.0,0.0,0.0,0.0,0.0,0.0,23.023992202473806,19.90003512725293,136.05150819388354
81.0,0.0,422.0,12.0,60.0,217.0,284.0,10.0,6.792040500612259,11.059853721269084,3896.9360494029024
24.0,8.0,706.0,0.0,0.0,0.0,4.0,0.0,11.962675381079215,1.1169510804382623,2037.5979984218395
17.0,3.0,194.0,0.0,0.0,0.0,4.0,0.0,0.0,10.94322177182135,456.9766754059054
68.0,3.0,216.0,0.0,0.0,0.0,0.0,0.0,8.172627268400465,6.028904435621382,222.91185270694044
50.0,11.0,458.0,12.0,74.0,209.0,342.0,23.0,9.822757568011896,7.027596534407973,2873.309851839749
74.0,8.0,704.0,0.0,0.0,0.0,4.0,0.0,12.866116143756647,2.013126205891864,367.368218995413
23.0,3.0,483.0,0.0,0.0,16.0,92.0,6.0,4.949945707992029,6.028226453991018,1365.3913126924017
62.0,3.0,111.0,0.0,0.0,0.0,0.0,0.0,6.0299314519605645,14.087710031799466,61.857480570532026
78.0,5.0,483.0,0.0,0.0,24.0,152.0,5.0,4.805896057278603,5.907358432823386,2475.423354581319
70.0,3.0,253.0,0.0,0.0,0.0,0.0,0.0,7.861210814453878,13.970678127500776,192.01650304843983
86.0,10.0,469.0,4.0,28.0,44.0,343.0,30.0,8.777396871937938,4.044208037280304,2190.685054220128
75.0,8.0,530.0,0.0,0.0,0.0,0.0,0.0,16.934380860609384,6.923196555896621,165.22767198082576
70.0,3.0,92.0,0.0,0.0,0.0,0.0,0.0,4.965476548274054,12.118413852509846,250.6635734131881
57.0,3.0,122.0,0.0,0.0,0.0,0.0,0.0,9.033892120912762,10.02476993197492,104.89858739460604
45.0,10.0,467.0,0.0,32.0,40.0,386.0,30.0,11.019266141762738,6.13193753904299,2417.2558736116985
25.0,8.0,654.0,0.0,0.0,0.0,0.0,0.0,16.19652540596563,6.850005321817515,765.680692599298
66.0,2.0,338.0,0.0,0.0,0.0,24.0,1.0,15.952051455901902,11.036019183967817,671.6628818150549
16.0,1.0,419.0,4.0,52.0,141.0,352.0,6.0,6.930389683688413,11.148762631481857,1335.2540846977356
77.0,4.0,457.0,68.0,337.0,92.0,136.0,41.0,10.114702251211128,8.108304540466545,3607.131561891903
76.0,3.0,100.0,0.0,0.0,0.0,0.0,0.0,4.125473227700403,9.906466217720563,156.86422200974846
67.0,1.0,748.0,0.0,0.0,0.0,0.0,0.0,12.182761200634232,22.059941557243448,77.74622033288614
67.0,1.0,191.0,0.0,0.0,0.0,4.0,0.0,3.961771976745804,14.030096803863572,417.14705946149206
37.0,1.0,184.0,0.0,4.0,0.0,96.0,0.0,4.995151124093274,12.128185255786496,2467.5123689140164
74.0,8.0,535.0,0.0,0.0,0.0,0.0,0.0,16.112097458603746,4.85381610267943,110.09524665084724
26.0,8.0,668.0,0.0,0.0,0.0,0.0,0.0,13.081653883748942,7.971694415009063,133.09689162305742
43.0,8.0,514.0,0.0,0.0,0.0,0.0,0.0,19.938022329422346,9.03845681266315,69.67328731959628
58.0,6.0,52.0,0.0,0.0,0.0,0.0,0.0,24.78358615763249,14.014048755738566,111.66774611329548
93.0,1.0,440.0,0.0,0.0,0.0,24.0,0.0,6.014814474526546,13.992023434460624,1161.0117378404834
37.0,1.0,440.0,0.0,0.0,0.0,24.0,0.0,6.066341709285605,14.025755903712092,1849.7969036535392
43.0,8.0,543.0,0.0,0.0,0.0,0.0,0.0,22.1463277204324,11.969317442655043,73.63352101319505
28.0,1.0,762.0,0.0,0.0,0.0,4.0,0.0,4.91510578069038,15.06775931259718,310.739519903041
58.0,6.0,57.0,0.0,0.0,0.0,0.0,0.0,25.72847522425805,15.033896736513007,92.55149558651644
29.0,10.0,331.0,0.0,0.0,4.0,32.0,1.0,13.867871624649124,6.162601580137734,1493.246411864836
72.0,3.0,124.0,0.0,0.0,0.0,0.0,0.0,10.175216119855316,11.060617332972797,145.2903549991476
63.0,2.0,388.0,0.0,0.0,0.0,0.0,0.0,21.18813486616868,16.872490858868424,977.6482325995878
44.0,8.0,276.0,0.0,0.0,0.0,0.0,0.0,13.890081218273068,8.945971293607919,328.10364550862965
61.0,1.0,430.0,0.0,0.0,0.0,12.0,0.0,7.950618491389711,15.125489227541824,521.1902191646317
29.0,10.0,575.0,0.0,0.0,0.0,0.0,0.0,16.111025162444626,5.967163967901186,1059.6260203419668
71.0,9.0,349.0,0.0,12.0,28.0,258.0,6.0,13.01359294951644,7.89517717242372,1581.705128659677
75.0,8.0,509.0,0.0,0.0,0.0,0.0,0.0,19.064035880868808,7.055951998956616,95.96002669952222
59.0,6.0,600.0,0.0,0.0,0.0,0.0,0.0,22.150524507353943,10.991175423187102,138.66905255197332
73.0,6.0,15.0,0.0,0.0,0.0,0.0,0.0,20.71933865935915,11.930208589502,166.63969848291268
68.0,3.0,239.0,0.0,0.0,0.0,0.0,0.0,6.010272585987064,7.068736545794475,103.12418536693662
73.0,6.0,10.0,0.0,0.0,0.0,0.0,0.0,20.878402133023013,13.024417181170834,167.84868019984728
28.0,1.0,762.0,0.0,0.0,0.0,4.0,0.0,4.823640725452335,14.911441775163809,764.7394829880452
23.0,3.0,249.0,0.0,0.0,0.0,80.0,4.0,3.994034161254157,6.007237699527519,1452.8910323018654
59.0,6.0,631.0,0.0,0.0,0.0,0.0,0.0,20.92221603465307,10.009709574024374,187.32952841587732
15.0,8.0,679.0,0.0,0.0,0.0,0.0,0.0,10.103099215927152,4.94361647548367,1079.2599339310152
64.0,6.0,35.0,0.0,0.0,0.0,0.0,0.0,20.11589404600427,11.945373710352722,1160.026570861012
86.0,10.0,744.0,0.0,24.0,36.0,317.0,31.0,8.927679712648724,3.9806625921555616,2536.330872228203
63.0,2.0,295.0,0.0,20.0,20.0,348.0,0.0,13.064940732734025,11.021497366903406,2109.885992766414
22.0,2.0,313.0,4.0,223.0,189.0,177.0,11.0,10.978087508716408,9.931552785464408,2899.597306340366
33.0,3.0,293.0,0.0,0.0,0.0,0.0,0.0,11.974580894710378,9.943391798476696,174.83536685540398
60.0,3.0,291.0,0.0,0.0,0.0,0.0,0.0,12.9138791781834,11.071823985548512,626.7270005098139
26.0,8.0,691.0,0.0,0.0,0.0,0.0,0.0,16.07239947838471,9.03426841436565,869.6968154632735
37.0,1.0,415.0,0.0,0.0,8.0,386.0,1.0,8.82777777547587,13.066668954030549,1548.082492813706
26.0,8.0,650.0,0.0,0.0,0.0,0.0,0.0,12.075363535420074,2.834900933640306,788.0458815143904
26.0,8.0,695.0,0.0,0.0,0.0,0.0,0.0,16.0280822005536,7.908804314399565,603.2168823818415
33.0,3.0,286.0,0.0,0.0,0.0,0.0,0.0,13.81064394757026,12.92008791098265,158.85816013005362
0.0,2.0,385.0,0.0,0.0,0.0,0.0,0.0,23.046917383705697,18.028241945113173,527.469924221735
93.0,1.0,776.0,0.0,0.0,0.0,4.0,0.0,7.02966908522967,15.050549506033947,343.8297428435466
69.0,3.0,215.0,0.0,0.0,0.0,0.0,0.0,7.001377997262192,6.064037082992911,345.1554503516297
33.0,3.0,130.0,0.0,0.0,0.0,0.0,0.0,12.039632686666064,11.824760900237052,62.6775671602517
31.0,3.0,155.0,0.0,0.0,0.0,0.0,0.0,10.012696200129664,11.939583517945014,92.86525721136958
76.0,3.0,245.0,0.0,0.0,0.0,0.0,0.0,3.920969541862444,8.015802207090191,312.13602760153503
68.0,3.0,212.0,0.0,0.0,0.0,0.0,0.0,8.08103364739139,4.960846337432434,590.6125004359477
24.0,8.0,738.0,4.0,8.0,20.0,108.0,20.0,10.04220134495585,2.937940348612672,2674.150541631216
63.0,2.0,382.0,0.0,0.0,0.0,0.0,0.0,18.914046651596244,13.060724126204924,1953.592286922584
30.0,9.0,349.0,0.0,12.0,16.0,147.0,5.0,12.94442200250051,7.96939544357027,1633.1180920375584
52.0,4.0,488.0,181.0,159.0,100.0,104.0,26.0,8.982917172480912,8.90777082422998,1984.14381697017
73.0,6.0,8.0,0.0,0.0,0.0,0.0,0.0,24.96769430578999,16.004635230091854,142.68771286367542
17.0,3.0,114.0,0.0,0.0,0.0,0.0,0.0,2.965897016839928,12.963993774649156,386.3625400793443
15.0,8.0,231.0,0.0,0.0,0.0,20.0,1.0,6.907201235350534,3.884420348427958,1748.2589937388898
82.0,8.0,649.0,0.0,0.0,0.0,0.0,1.0,13.131608459195805,2.831073573989394,442.8760712978829
26.0,8.0,668.0,0.0,0.0,0.0,0.0,0.0,12.981652071095777,9.01550938758942,73.71731652544334
37.0,1.0,424.0,0.0,20.0,104.0,397.0,4.0,5.058177323866463,10.0363321800884,1923.8960709155083
12.0,5.0,165.0,0.0,4.0,0.0,20.0,0.0,1.1034588672011607,10.94024503997582,2706.313016562467
67.0,1.0,764.0,0.0,0.0,0.0,0.0,0.0,5.018840627332321,15.962816042268452,393.079921739859
52.0,4.0,487.0,115.0,223.0,98.0,120.0,13.0,8.709828744521468,9.992633937767357,6396.810364721386
70.0,3.0,90.0,0.0,0.0,0.0,0.0,0.0,6.79158431467714,12.951238766317564,225.85538478155107
9.0,8.0,264.0,0.0,0.0,0.0,0.0,0.0,16.15007081479885,12.20992742048954,172.72744197043664
69.0,3.0,137.0,0.0,0.0,0.0,0.0,0.0,7.993737932201072,8.92096753983846,183.1167267807677
43.0,8.0,549.0,0.0,0.0,0.0,0.0,0.0,20.15101614236347,10.07728817496002,71.18267930920763
93.0,1.0,442.0,0.0,0.0,0.0,24.0,0.0,7.028648958871816,14.031459947958304,1053.8219920403476
45.0,10.0,349.0,0.0,12.0,24.0,233.0,6.0,13.10957366914144,7.875492736790042,3247.9268978327027
25.0,8.0,692.0,0.0,0.0,0.0,0.0,0.0,15.98280225426467,7.977819278186494,761.9037664193908
4.0,0.0,474.0,36.0,102.0,232.0,243.0,19.0,5.979713856996576,7.949278571837183,3872.210336973828
78.0,5.0,456.0,8.0,36.0,103.0,482.0,49.0,7.050122758312402,5.015268884987925,3394.9209646826434
29.0,10.0,39.0,0.0,0.0,0.0,0.0,0.0,19.079700504035333,9.965001359051124,457.7414269221307
80.0,3.0,254.0,0.0,0.0,0.0,0.0,0.0,8.962170599998908,14.007355782954225,248.03469951213629
43.0,8.0,682.0,0.0,0.0,0.0,0.0,0.0,20.07563999180589,9.92107058077284,87.06669574009116
82.0,8.0,498.0,0.0,0.0,0.0,0.0,0.0,15.935590904977683,6.114661756078898,82.50954971602548
15.0,8.0,674.0,0.0,0.0,0.0,0.0,0.0,9.057981685038632,4.033286252174935,452.5105242390427
78.0,5.0,483.0,0.0,0.0,32.0,178.0,5.0,3.873601662383635,6.167337822203483,3674.137136436987
59.0,6.0,629.0,0.0,0.0,0.0,0.0,0.0,22.13595921648046,10.92954763002999,190.1239789992731
43.0,8.0,682.0,0.0,0.0,0.0,0.0,0.0,20.185952529755596,11.161057539980456,78.985829523783
50.0,11.0,470.0,12.0,89.0,232.0,316.0,28.0,8.874334846764116,5.917318974137266,2787.547831595344
66.0,2.0,35.0,0.0,0.0,0.0,0.0,0.0,19.899113478224447,11.988710492934317,388.5013094469219
59.0,6.0,515.0,0.0,0.0,0.0,0.0,0.0,20.09465149877809,9.118000699874736,52.1634924677514
24.0,8.0,698.0,0.0,0.0,4.0,8.0,0.0,12.046462317049617,1.2388486668739431,2702.2929230180216
43.0,8.0,556.0,0.0,0.0,0.0,0.0,0.0,20.931793114303744,10.15463820313731,29.4639044956586
91.0,0.0,474.0,36.0,101.0,216.0,260.0,17.0,5.972577293648767,8.086765539287798,4625.395600060052
67.0,1.0,758.0,0.0,0.0,0.0,0.0,0.0,9.19684873599478,19.155636708584407,58.6208281522962
69.0,3.0,666.0,0.0,0.0,0.0,0.0,0.0,8.975492550533886,6.026039356498824,334.3247050762119
25.0,8.0,685.0,0.0,0.0,0.0,0.0,0.0,17.971516349812116,9.035724469721544,775.3679362307889
58.0,6.0,605.0,0.0,0.0,0.0,0.0,0.0,25.117483039033367,14.114561439880372,97.8769172235902
15.0,8.0,647.0,0.0,0.0,0.0,0.0,1.0,13.079341926750145,3.969188344972385,1502.6545758465854
80.0,3.0,91.0,0.0,0.0,0.0,0.0,0.0,8.09666159293616,13.023365063659725,118.98092020686956
31.0,3.0,125.0,0.0,0.0,0.0,0.0,0.0,8.818520156415913,9.941476127896502,83.10364798544971
12.0,5.0,190.0,0.0,4.0,12.0,120.0,2.0,2.9880984993033963,10.085947506265605,3156.5053789382805
34.0,10.0,700.0,0.0,0.0,4.0,12.0,4.0,11.970894265375092,0.9823304548935564,1637.7720942206442
58.0,6.0,59.0,0.0,0.0,0.0,0.0,0.0,22.10605300932048,11.96457188132664,113.58102389622358
44.0,8.0,638.0,0.0,0.0,0.0,0.0,0.0,11.086657062164436,3.898601827832056,572.7204776024874
12.0,5.0,198.0,0.0,4.0,0.0,4.0,0.0,2.912068749960395,12.970581123696848,3229.2531257555947
59.0,6.0,618.0,0.0,0.0,0.0,0.0,0.0,19.85660884196896,7.982825939407314,118.50264330390402
37.0,1.0,425.0,0.0,4.0,32.0,399.0,3.0,7.073466742333657,11.929447120522402,1797.570237703016
45.0,10.0,356.0,0.0,4.0,20.0,74.0,7.0,12.963832513031184,5.989835641900701,2908.092072188831
68.0,3.0,212.0,0.0,0.0,0.0,0.0,1.0,7.848063369184534,5.053466153505307,474.83933495624586
32.0,6.0,574.0,0.0,0.0,0.0,0.0,0.0,16.12066174098764,5.89281194425425,684.6981257476596
87.0,0.0,472.0,12.0,48.0,87.0,430.0,13.0,5.140722419466744,7.954627217176129,3054.1416529755047
63.0,2.0,392.0,0.0,0.0,0.0,0.0,0.0,20.920545610699783,15.05684878737103,1819.90348552163
15.0,8.0,214.0,0.0,0.0,0.0,0.0,1.0,7.988701128392754,4.079803150119404,1095.0457107667935
28.0,1.0,761.0,0.0,0.0,0.0,4.0,0.0,5.972847183137589,15.974524564863705,427.8531668652873
1.0,11.0,460.0,12.0,56.0,222.0,307.0,51.0,10.97381820608206,8.064538099156978,4934.454224778007
18.0,4.0,426.0,13.0,234.0,200.0,166.0,13.0,9.159008081753049,10.934016828830968,4107.054489409121
67.0,1.0,792.0,0.0,0.0,0.0,0.0,0.0,8.902832289507623,19.196973920201195,37.70567596736748
34.0,10.0,720.0,0.0,0.0,0.0,4.0,0.0,13.929373437651178,3.996615333201688,1153.0961662925893
27.0,2.0,371.0,0.0,0.0,0.0,0.0,0.0,21.02916379506133,16.040413499904698,159.73547654203958
33.0,3.0,291.0,0.0,0.0,0.0,0.0,0.0,13.085651449381164,10.952859330633666,142.09820156741426
27.0,2.0,398.0,0.0,0.0,0.0,12.0,1.0,17.091859431607222,13.943434270217208,188.02384539872384
0.0,2.0,820.0,0.0,0.0,0.0,0.0,0.0,25.294806602155457,21.07720363656182,385.9416081141067
78.0,5.0,480.0,16.0,48.0,159.0,386.0,23.0,6.238082466840352,6.979334402558198,2873.7905032698054
14.0,4.0,490.0,86.0,243.0,176.0,96.0,13.0,6.921596477787887,9.07329504805813,6399.509275487367
29.0,10.0,43.0,0.0,0.0,0.0,0.0,0.0,17.90482106921508,9.013445795672832,338.9140932158556
80.0,3.0,254.0,0.0,0.0,0.0,0.0,0.0,9.103760338777253,14.14627157980931,135.9923744389299
93.0,1.0,440.0,0.0,0.0,0.0,8.0,0.0,5.997643972968725,13.97624266378686,1192.3987851772335
75.0,8.0,618.0,0.0,0.0,0.0,0.0,0.0,20.087780740645982,9.108217637311668,72.10457634526594
24.0,8.0,734.0,0.0,0.0,0.0,8.0,1.0,10.941050580367117,0.0,2162.948845825604
66.0,2.0,402.0,0.0,0.0,0.0,4.0,1.0,16.92109761325647,12.004108925144402,598.3899514629163
60.0,3.0,288.0,0.0,0.0,0.0,0.0,0.0,13.956739715849768,9.994714121422438,495.0489045441864
73.0,6.0,15.0,0.0,0.0,0.0,0.0,0.0,19.921317797585377,12.021878166086172,324.9248356797006
30.0,9.0,405.0,0.0,0.0,4.0,12.0,2.0,15.948368971368836,12.027764629125503,884.3519152103637
63.0,2.0,403.0,0.0,0.0,0.0,4.0,0.0,18.003162244227454,13.081833451472535,1761.5331832523923
75.0,8.0,519.0,0.0,0.0,0.0,0.0,0.0,19.11885938134255,8.16959838856977,104.73237675400983
21.0,9.0,402.0,0.0,0.0,0.0,4.0,1.0,16.929536366066035,12.042451275612624,804.453818436295
67.0,1.0,201.0,0.0,0.0,4.0,0.0,0.0,4.048893206748222,13.955484113280216,372.30306384961375
81.0,0.0,477.0,12.0,92.0,108.0,373.0,11.0,6.047637758379056,9.993369340489645,2910.9366812889007
21.0,9.0,320.0,0.0,0.0,0.0,36.0,1.0,14.807237010836763,8.959460625455476,1162.998600937176
76.0,3.0,104.0,0.0,0.0,0.0,0.0,0.0,4.939571365255303,11.00078685998638,215.37155060077868
17.0,3.0,114.0,0.0,0.0,0.0,0.0,0.0,4.0135949558117465,13.131874252727508,335.57858012435463
65.0,1.0,181.0,0.0,8.0,56.0,297.0,5.0,4.010471793316515,10.031821548544404,1027.5119455179151
28.0,1.0,795.0,0.0,0.0,0.0,0.0,0.0,10.909603238491028,20.040193353243023,92.50966567847648
15.0,8.0,734.0,0.0,0.0,0.0,4.0,1.0,11.114845974260344,1.0277325766266985,1543.464988879059
32.0,6.0,572.0,0.0,0.0,0.0,0.0,0.0,20.04869565974423,8.92118540203841,219.8928593360914
73.0,6.0,25.0,0.0,0.0,0.0,0.0,0.0,23.102904169947507,13.943917460764782,82.50241631614325
26.0,8.0,691.0,0.0,0.0,0.0,0.0,0.0,16.292841951191726,9.009938623890568,782.9493729455421
9.0,8.0,282.0,0.0,0.0,0.0,0.0,0.0,18.403917699645167,12.878447018273327,62.17199232539527
11.0,5.0,482.0,0.0,0.0,32.0,161.0,7.0,4.084910850049943,6.9471795860777465,470.27024388956
63.0,2.0,390.0,0.0,0.0,0.0,0.0,0.0,21.06738776948471,14.828175949089742,329.04550385653675
32.0,6.0,582.0,0.0,0.0,0.0,0.0,0.0,16.06517128078862,6.171436385017593,811.7246664759264
63.0,2.0,391.0,0.0,0.0,0.0,0.0,0.0,21.870795644650784,17.02656709378347,496.90609957322494
45.0,10.0,323.0,0.0,4.0,4.0,68.0,1.0,14.09057709167394,7.199781994759885,3764.614661800129
82.0,8.0,520.0,0.0,0.0,0.0,0.0,0.0,14.050803014966622,4.108427776165207,341.6773481570877
15.0,8.0,728.0,0.0,0.0,4.0,44.0,6.0,8.180227885886806,2.9386378339328725,2534.3984864364247
82.0,8.0,521.0,0.0,0.0,0.0,0.0,0.0,16.059412553492873,6.099491657579674,228.0684625968164
63.0,2.0,307.0,0.0,0.0,0.0,24.0,0.0,16.003448405534954,12.964694542976462,1070.606514336643
34.0,10.0,591.0,0.0,0.0,0.0,4.0,0.0,15.944244616325866,6.984022296322127,612.5777953924745
32.0,6.0,718.0,0.0,0.0,0.0,4.0,0.0,14.099532460235318,3.0933588046938394,946.3497108787448
65.0,1.0,197.0,0.0,4.0,0.0,4.0,0.0,4.115728447705214,13.076243301171194,517.7327135446535
66.0,2.0,46.0,0.0,0.0,0.0,0.0,0.0,20.95870997062645,14.117134750709251,234.4396159038953
45.0,10.0,349.0,0.0,16.0,24.0,279.0,13.0,13.077305703505065,7.04423856425745,2824.561144745122
28.0,1.0,751.0,0.0,0.0,0.0,0.0,0.0,11.815639082568277,21.113524483694125,361.60581967159015
91.0,0.0,472.0,12.0,44.0,87.0,430.0,13.0,5.146531949930814,8.144876440796272,3056.643199120248
76.0,3.0,164.0,0.0,0.0,0.0,0.0,0.0,5.990353198511855,9.971662091574176,110.14947610852508
27.0,2.0,413.0,0.0,0.0,0.0,0.0,0.0,18.920589967558435,14.95943306193571,60.91066458602085
20.0,9.0,333.0,0.0,0.0,0.0,4.0,0.0,17.085943402234673,10.19559834295882,583.0022562130508
82.0,8.0,534.0,0.0,0.0,0.0,0.0,0.0,15.131756938513636,4.002532496256338,129.41335222045154
2.0,11.0,467.0,8.0,16.0,48.0,328.0,38.0,10.829421045649353,4.939002832258532,2426.755271854149
15.0,8.0,648.0,0.0,0.0,0.0,0.0,0.0,11.983373321248427,1.936189175326383,1100.8547081146692
26.0,8.0,642.0,0.0,0.0,0.0,0.0,0.0,15.07141894648245,7.102510729932312,263.44239885324424
21.0,9.0,320.0,0.0,0.0,12.0,60.0,2.0,13.88721994543717,8.920196972926014,1188.530231141788
58.0,6.0,59.0,0.0,0.0,0.0,0.0,0.0,22.940124715820524,11.874923049810931,103.1960182283225
43.0,8.0,516.0,0.0,0.0,0.0,0.0,0.0,21.203824849472813,10.102768041005453,67.72383693103141
45.0,10.0,357.0,8.0,12.0,52.0,196.0,41.0,10.929300792007586,5.1188950764413175,2591.0965159597363
44.0,8.0,667.0,0.0,0.0,0.0,0.0,0.0,12.0493505321076,8.107706431881537,458.19507691217416
83.0,11.0,444.0,12.0,48.0,127.0,454.0,26.0,8.043278361354407,6.05850171431864,2841.0828162943744
26.0,8.0,272.0,0.0,0.0,0.0,0.0,0.0,15.070503482148515,8.968213036068537,652.6772063987733
32.0,6.0,560.0,0.0,0.0,0.0,0.0,0.0,19.049596402812345,8.00067631153264,314.0197253406831
86.0,10.0,743.0,4.0,8.0,16.0,64.0,11.0,8.978053080238467,2.123767124908108,1776.8550631681187
10.0,0.0,474.0,44.0,184.0,251.0,134.0,19.0,6.894934222054219,7.862114682708283,4212.241693385677
81.0,0.0,485.0,90.0,299.0,120.0,92.0,12.0,7.778461013331657,9.033373913455264,4242.631973885023
86.0,10.0,738.0,4.0,12.0,20.0,129.0,25.0,10.022968074832812,3.025385273230192,2626.4894888588865
68.0,3.0,135.0,0.0,0.0,0.0,0.0,0.0,6.957871950559902,7.085960236327736,102.65653462622
78.0,5.0,478.0,0.0,36.0,36.0,348.0,15.0,5.062975160573563,6.029165724613305,2997.716188764419
72.0,3.0,123.0,0.0,0.0,0.0,0.0,0.0,8.774171621941171,12.011031456698126,381.7884798094231
62.0,3.0,104.0,0.0,0.0,0.0,0.0,0.0,5.075375576584064,10.96090871246088,183.3318644939163
82.0,8.0,535.0,0.0,0.0,0.0,0.0,0.0,17.06783894552042,5.118251546966845,119.86854514856874
68.0,3.0,209.0,0.0,0.0,0.0,0.0,0.0,5.040617065385425,7.037210313552232,585.8162904197163
62.0,3.0,92.0,0.0,0.0,0.0,0.0,0.0,6.071040346245604,13.038595977333872,76.67158143481548
79.0,9.0,35.0,0.0,0.0,0.0,0.0,0.0,19.87929694023552,11.900126924956927,350.2193545123277
43.0,8.0,554.0,0.0,0.0,0.0,0.0,0.0,20.95172752645121,9.99425939167682,85.11566562272557
69.0,3.0,121.0,0.0,0.0,0.0,0.0,0.0,9.12466637571874,9.923605055864394,98.67015733018196
29.0,10.0,43.0,0.0,0.0,0.0,0.0,0.0,19.052808366527326,10.17370391269454,283.82849630065687
23.0,3.0,248.0,0.0,0.0,12.0,100.0,2.0,2.8852454728547885,6.949999051467218,2179.971710317144
25.0,8.0,693.0,0.0,0.0,0.0,0.0,0.0,15.796314631638213,7.0582409785973175,793.2672288311593
43.0,8.0,681.0,0.0,0.0,0.0,0.0,0.0,18.72201918944827,9.01662759844911,106.88785758028943
26.0,8.0,644.0,0.0,0.0,0.0,0.0,0.0,13.770237814088588,7.952459044837853,407.1325072048221
82.0,8.0,648.0,0.0,0.0,0.0,0.0,0.0,12.04788843953381,3.0987220555686688,511.4021829368646
15.0,8.0,651.0,0.0,0.0,0.0,0.0,1.0,12.067100080400463,3.8825075861325393,1272.4423389853105
72.0,3.0,164.0,0.0,0.0,0.0,0.0,0.0,5.99047788137979,10.00351992405094,886.7921838596002
80.0,3.0,91.0,0.0,0.0,0.0,0.0,0.0,7.975684180015545,12.916183820729591,143.64585198680604
43.0,8.0,502.0,0.0,0.0,0.0,0.0,0.0,19.90007572641325,8.980560073366705,47.65684222931301
66.0,2.0,377.0,0.0,0.0,0.0,0.0,0.0,19.01138101635673,13.00491093260676,373.2628921433133
37.0,1.0,415.0,0.0,0.0,8.0,390.0,1.0,9.04926679120443,13.06082032419727,1573.8552703194518
0.0,2.0,821.0,0.0,0.0,0.0,0.0,0.0,26.012596009112155,20.90868317808393,425.1466741790777
78.0,5.0,448.0,16.0,52.0,157.0,408.0,50.0,6.961414823226331,6.014175230483058,3849.4263643265786
79.0,9.0,332.0,0.0,0.0,0.0,16.0,1.0,15.859455131673032,9.996151714901368,681.3593415001295
25.0,8.0,653.0,0.0,0.0,0.0,0.0,0.0,14.075414943895096,5.051229424048216,657.9762512310891
76.0,3.0,162.0,0.0,0.0,0.0,0.0,0.0,7.159920302289551,10.973664056695698,161.9324359659557
73.0,6.0,3.0,0.0,0.0,0.0,0.0,0.0,26.121171545267323,16.938994845409354,286.0500329805683
76.0,3.0,101.0,0.0,0.0,0.0,0.0,0.0,4.9522523270804495,9.916706591949316,231.0627567995859
32.0,6.0,584.0,0.0,0.0,0.0,0.0,0.0,16.090712874095487,4.965468504607128,685.0439762138024
59.0,6.0,616.0,0.0,0.0,0.0,0.0,0.0,20.12752761030752,8.16183275693336,148.65660236278168
23.0,3.0,247.0,0.0,0.0,0.0,24.0,1.0,3.919674347073625,7.161217073083527,1344.1427884281757
68.0,3.0,212.0,0.0,0.0,0.0,0.0,0.0,8.113954329923818,5.223457798722793,465.0398721168752
65.0,1.0,201.0,0.0,0.0,0.0,4.0,0.0,4.93558110322806,14.902923947363924,143.44568870243393
57.0,3.0,122.0,0.0,0.0,0.0,0.0,0.0,9.740127033525935,10.00637652565478,338.7506819293251
43.0,8.0,546.0,0.0,0.0,0.0,0.0,0.0,22.048434750557472,12.03747496770524,74.7441759292366
29.0,10.0,591.0,0.0,0.0,0.0,4.0,0.0,16.135359408911896,6.9826035604162255,1583.9063316941713
21.0,9.0,324.0,0.0,4.0,8.0,95.0,4.0,13.92958145779104,7.982335043118799,1724.8970875553075
15.0,8.0,729.0,0.0,0.0,8.0,24.0,6.0,9.155286230467912,1.8711417873922271,1815.5299167769024
45.0,10.0,713.0,0.0,0.0,0.0,28.0,1.0,14.029789679628667,5.0578822879570975,3766.5924093597673
68.0,3.0,211.0,0.0,0.0,0.0,0.0,0.0,7.896954965170638,4.976449785662414,319.50077130527427
23.0,3.0,233.0,0.0,0.0,0.0,0.0,0.0,3.948868839862863,6.943685905035299,837.0264014974587
81.0,0.0,428.0,12.0,53.0,293.0,219.0,5.0,8.033451258483325,11.120110202675912,4258.976217248075
20.0,9.0,336.0,0.0,0.0,0.0,40.0,1.0,14.921534563848306,9.014870439262369,1390.3292777861088
24.0,8.0,743.0,0.0,4.0,12.0,60.0,11.0,10.025127919363284,1.9161437359700115,2720.908639069424
45.0,10.0,349.0,0.0,12.0,20.0,253.0,5.0,13.009623610866909,7.97852353019323,3487.539159975589
21.0,9.0,321.0,0.0,0.0,4.0,36.0,1.0,15.016312878640596,7.912326548775903,1090.6036316136456
25.0,8.0,686.0,0.0,0.0,0.0,0.0,0.0,18.933804481956805,10.018824189050324,105.80733208159226
59.0,6.0,624.0,0.0,0.0,0.0,0.0,0.0,22.04804952042728,11.93945700354729,180.23833669152165
80.0,3.0,151.0,0.0,0.0,0.0,0.0,0.0,8.974192220998109,13.029213623963464,192.3623285750843
26.0,8.0,653.0,0.0,0.0,0.0,0.0,0.0,13.828825218575064,6.15022576912929,1401.967699084376
29.0,10.0,36.0,0.0,0.0,0.0,0.0,0.0,18.147009400863364,10.146256049707612,1008.049612450225
28.0,1.0,748.0,0.0,0.0,0.0,0.0,0.0,12.14387406622445,22.088624261104595,151.77375998106868
59.0,6.0,605.0,0.0,0.0,0.0,0.0,0.0,25.04628196412925,14.024737792393712,263.48273378023333
66.0,2.0,378.0,0.0,0.0,0.0,0.0,0.0,19.15447339340976,14.016604342430313,210.50460003120708
73.0,6.0,10.0,0.0,0.0,0.0,0.0,0.0,20.92361122587796,13.008837664024227,310.6129833821731
45.0,10.0,358.0,0.0,8.0,12.0,60.0,17.0,11.994801525691749,3.9665440527968734,2583.5059824115438
37.0,1.0,441.0,0.0,0.0,4.0,40.0,0.0,4.940755128211904,12.872793971901595,2384.4063564959365
58.0,6.0,63.0,0.0,0.0,0.0,0.0,0.0,22.756510076528944,12.884789289780196,124.01280305072318
0.0,2.0,71.0,0.0,0.0,0.0,0.0,0.0,22.976936190778616,16.923047526245956,89.71746209930309
64.0,6.0,14.0,0.0,0.0,0.0,0.0,0.0,19.96369970238911,12.064395576988302,755.8634289015774
20.0,9.0,337.0,0.0,0.0,0.0,16.0,1.0,16.073616473934106,8.855453542812945,1497.9423675711307
26.0,8.0,644.0,0.0,0.0,0.0,0.0,0.0,14.913649514531546,8.007083074969765,337.1951476920999
63.0,2.0,374.0,0.0,0.0,0.0,4.0,1.0,18.15822744341453,14.192264738461322,2324.780156014972
31.0,3.0,149.0,0.0,0.0,0.0,0.0,0.0,8.086770969975298,11.015467122357023,52.003422867646265
82.0,8.0,522.0,0.0,0.0,0.0,0.0,0.0,14.082777722607068,2.8118193305087757,332.8444965646413
78.0,5.0,454.0,4.0,16.0,32.0,338.0,33.0,7.001861872722234,4.945924493825176,2928.909949746079
1.0,11.0,458.0,22.0,161.0,310.0,160.0,30.0,9.90928350257662,7.036148978383834,4349.294720567218
9.0,8.0,264.0,0.0,0.0,0.0,0.0,0.0,15.91232606526009,11.90866979947607,111.87237049482428
29.0,10.0,39.0,0.0,0.0,0.0,0.0,0.0,18.73867930842013,10.1374433193555,304.10945688101555
69.0,3.0,139.0,0.0,0.0,0.0,0.0,0.0,7.124142008606432,8.005331319057513,215.55701161776807
74.0,8.0,535.0,0.0,0.0,0.0,0.0,0.0,15.947658072090334,4.87334728991082,114.23772334980175
78.0,5.0,222.0,0.0,0.0,0.0,40.0,4.0,4.8757182355790185,4.994530590842869,1365.4056412014806
37.0,1.0,425.0,0.0,0.0,16.0,338.0,3.0,6.987450248635491,12.931350407667304,1628.577620066075
75.0,8.0,493.0,0.0,0.0,0.0,0.0,0.0,17.83586188188352,7.111919763378415,73.41553189215468
24.0,8.0,729.0,0.0,0.0,8.0,24.0,6.0,9.110889980597538,2.079969142900385,2574.717611648932
15.0,8.0,230.0,0.0,0.0,0.0,0.0,1.0,8.04591561027602,3.032613525811095,1634.832317656112
27.0,2.0,412.0,0.0,0.0,0.0,0.0,0.0,19.103764565369666,16.088126817377557,152.23784372810394
58.0,6.0,18.0,0.0,0.0,0.0,0.0,0.0,21.844603305346723,13.045691929709372,97.576814168215
12.0,5.0,190.0,0.0,4.0,8.0,84.0,2.0,2.087695380471638,10.213287309858655,2972.4174527511814
28.0,1.0,767.0,0.0,0.0,0.0,0.0,1.0,8.016537034653945,17.018195758457686,361.8757981457626
68.0,3.0,210.0,0.0,0.0,0.0,4.0,1.0,3.887478348328248,6.042261644622489,674.4314882710536
72.0,3.0,150.0,0.0,0.0,0.0,0.0,0.0,8.05393016931073,11.010970458551316,90.89768359635316
73.0,6.0,13.0,0.0,0.0,0.0,0.0,0.0,21.937483346730197,12.797761726449632,308.6600497763931
63.0,2.0,306.0,0.0,4.0,4.0,65.0,0.0,14.878372787914476,11.039863392431004,2246.8229727433627
60.0,3.0,292.0,0.0,0.0,0.0,0.0,0.0,13.920600410891003,11.934762388824156,569.8895612556964
33.0,3.0,286.0,0.0,0.0,0.0,0.0,0.0,13.88803403565838,12.92759926284523,79.72571702488807
82.0,8.0,534.0,0.0,0.0,0.0,0.0,0.0,15.977547326651198,5.007209221261675,116.56813411742334
61.0,1.0,775.0,0.0,0.0,0.0,0.0,1.0,8.12886841805585,15.97347519380594,662.3046222071887
62.0,3.0,256.0,0.0,0.0,0.0,0.0,0.0,4.905989339600276,16.01556899178085,123.25494732313754
62.0,3.0,117.0,0.0,0.0,0.0,0.0,0.0,3.969498057553956,14.017178803085594,142.22907290964824
0.0,2.0,390.0,0.0,0.0,0.0,0.0,0.0,21.69990703751993,16.02688058548275,388.6886453692106
37.0,1.0,436.0,0.0,0.0,0.0,24.0,0.0,5.877486626808212,13.894773071203316,1216.6811691295395
67.0,1.0,786.0,0.0,0.0,0.0,0.0,0.0,11.04611108049211,20.979476542238093,64.7524936539477
15.0,8.0,733.0,0.0,0.0,4.0,8.0,0.0,11.019107040428509,0.0557404658403616,2104.687178041733
72.0,3.0,161.0,0.0,0.0,0.0,0.0,0.0,6.950023269073984,9.090656656419638,477.3923915899102
15.0,8.0,634.0,0.0,0.0,0.0,0.0,1.0,11.842687454482096,4.921211028173596,995.2693775993718
27.0,2.0,369.0,0.0,0.0,0.0,0.0,0.0,18.96358734441306,14.911915394912397,117.42450024389504
12.0,5.0,166.0,0.0,0.0,4.0,24.0,1.0,0.8008164113893284,10.048826795631348,2854.5896853606214
32.0,6.0,590.0,0.0,0.0,0.0,0.0,0.0,18.115803174129088,9.021885078217796,405.5269166879728
72.0,3.0,124.0,0.0,0.0,0.0,0.0,0.0,10.141947544758,10.958388156755566,651.668196361262
43.0,8.0,545.0,0.0,0.0,0.0,0.0,0.0,20.94076967413997,11.03211174845702,34.338832553142424
81.0,0.0,420.0,4.0,60.0,123.0,362.0,8.0,6.018795744502194,9.959945273852842,5152.480190790428
66.0,2.0,48.0,0.0,0.0,0.0,0.0,0.0,19.95264807453899,12.90875972609947,258.6552128543013
22.0,2.0,304.0,8.0,28.0,115.0,370.0,7.0,11.919109267344194,10.975658660325731,2118.3134681783654
34.0,10.0,579.0,0.0,0.0,0.0,12.0,0.0,14.935179204125715,4.994904447383809,1495.5344168989202
72.0,3.0,123.0,0.0,0.0,0.0,0.0,0.0,9.165656788159836,12.11696021913077,262.23975010569745
60.0,3.0,293.0,0.0,0.0,0.0,0.0,0.0,13.010539778810596,10.051361422390244,972.6289917592997
74.0,8.0,540.0,0.0,0.0,0.0,0.0,0.0,14.99469300439379,4.056009129680952,463.1052668359056
68.0,3.0,214.0,0.0,0.0,0.0,0.0,1.0,8.079662142042437,4.943538313521861,622.3201217326479
59.0,6.0,617.0,0.0,0.0,0.0,0.0,0.0,21.01536297929078,9.980992905056322,178.29387422949333
59.0,6.0,604.0,0.0,0.0,0.0,0.0,0.0,25.13501309538947,13.807832353448015,40.24729854340354
86.0,10.0,744.0,4.0,16.0,20.0,143.0,38.0,10.244162616597702,3.892732696436637,1628.3237284270372
25.0,8.0,659.0,0.0,0.0,0.0,0.0,1.0,13.16386240886073,4.868691964553023,701.2053803084322
44.0,8.0,663.0,0.0,0.0,0.0,0.0,1.0,10.833623674105064,4.829998684782919,402.4802600327362
26.0,8.0,641.0,0.0,0.0,0.0,0.0,0.0,14.21340040438019,5.974621935387522,708.5224707158505
60.0,3.0,673.0,0.0,0.0,0.0,0.0,0.0,12.02630996104808,7.049538993466994,911.7185876044896
34.0,10.0,716.0,0.0,0.0,4.0,16.0,5.0,13.112145901085256,1.9453067783152664,1207.5628740329155
26.0,8.0,696.0,0.0,0.0,0.0,0.0,0.0,15.094930962072535,6.776323848016491,381.6165585246507
27.0,2.0,409.0,0.0,0.0,0.0,0.0,0.0,20.03149040630286,15.987900962936523,119.38859542438782
20.0,9.0,320.0,0.0,0.0,0.0,40.0,0.0,15.118723969356672,9.01431680063106,1457.6411084372842
0.0,2.0,821.0,0.0,0.0,0.0,0.0,0.0,25.024432065972043,20.123916948239323,283.8765334228164
93.0,1.0,436.0,0.0,0.0,4.0,48.0,0.0,6.057069869258758,13.025465454604268,1079.2731094620162
59.0,6.0,67.0,0.0,0.0,0.0,0.0,0.0,21.894399169532296,10.867600273531052,16.28017658912315
82.0,8.0,709.0,0.0,0.0,0.0,0.0,1.0,12.97739013159291,2.9736549015165967,426.8193599728946
69.0,3.0,139.0,0.0,0.0,0.0,0.0,0.0,8.023031464396707,7.967082044930562,174.24971803364474
58.0,6.0,20.0,0.0,0.0,0.0,0.0,0.0,22.08058556338444,12.910516851021594,100.06019668087714
15.0,8.0,662.0,0.0,0.0,0.0,0.0,0.0,9.098949547261626,4.9190287010978935,1460.3256479514598
75.0,8.0,513.0,0.0,0.0,0.0,0.0,0.0,20.07291788425423,8.85774563286409,45.24168144646691
74.0,8.0,705.0,0.0,0.0,0.0,0.0,0.0,14.004688758825328,3.095559276406572,226.43992048734
59.0,6.0,64.0,0.0,0.0,0.0,0.0,0.0,23.904247754471765,13.038648722772171,220.87074714370775
91.0,0.0,476.0,12.0,24.0,92.0,433.0,11.0,4.997810024267582,7.994879045547061,4406.389111970519
21.0,9.0,324.0,0.0,4.0,12.0,101.0,5.0,14.184127136201184,7.940540530477653,1313.310081550099
29.0,10.0,324.0,0.0,0.0,12.0,78.0,5.0,14.044930227003034,7.913110304228057,1512.2686289159233
5.0,0.0,490.0,48.0,165.0,276.0,108.0,13.0,6.959036069616361,9.034035123758724,3828.543908496686
24.0,8.0,722.0,0.0,0.0,0.0,8.0,0.0,12.985236498613698,1.8763733792442343,1950.4534202502696
31.0,3.0,152.0,0.0,0.0,0.0,0.0,0.0,10.100972378670551,12.976846850961111,93.56948448606482
30.0,9.0,361.0,0.0,0.0,12.0,78.0,4.0,14.871296325030618,8.980246615042292,1421.8319448035477
60.0,3.0,673.0,0.0,0.0,0.0,0.0,0.0,10.817496415825056,6.909004938217007,941.04032706613
75.0,8.0,518.0,0.0,0.0,0.0,0.0,0.0,20.00175134609744,9.02479944613977,158.2219138850076
26.0,8.0,692.0,0.0,0.0,0.0,0.0,0.0,16.034681473964902,7.741305169425079,605.2886593619128
58.0,6.0,57.0,0.0,0.0,0.0,0.0,0.0,25.089913877874487,14.954457696228827,129.8778735825036
70.0,3.0,90.0,0.0,0.0,0.0,0.0,0.0,6.950990992061626,12.857047616635787,256.5110196087325
29.0,10.0,37.0,0.0,0.0,0.0,0.0,0.0,17.97330959144757,9.927259825609813,982.7231473341124
67.0,1.0,789.0,0.0,0.0,0.0,0.0,0.0,7.865740354040619,19.07942171734681,33.65554835535398
43.0,8.0,547.0,0.0,0.0,0.0,0.0,0.0,20.999368788130973,11.188988828378486,84.85729811469791
24.0,8.0,729.0,0.0,0.0,8.0,24.0,6.0,8.703259549129774,1.8503819864659647,2567.3566462081867
59.0,6.0,623.0,0.0,0.0,0.0,0.0,0.0,21.08957323009518,10.00150700464974,120.05556613848094
32.0,6.0,582.0,0.0,0.0,0.0,0.0,0.0,17.220304628858106,5.991114890379029,275.89372049391005
80.0,3.0,151.0,0.0,0.0,0.0,0.0,0.0,9.18077132423616,12.98155060185436,85.4781191296517
9.0,8.0,281.0,0.0,0.0,0.0,0.0,0.0,17.13683316212834,11.976136330843234,30.73054514276676
14.0,4.0,426.0,0.0,217.0,212.0,180.0,12.0,8.959295222425512,10.839837749958626,5213.782800364747
61.0,1.0,430.0,0.0,0.0,0.0,8.0,1.0,7.765331249916242,15.064848932802567,983.2824122308316
60.0,3.0,287.0,0.0,0.0,0.0,0.0,0.0,14.09919396552509,9.939024386757978,912.1456742997932
2.0,11.0,466.0,8.0,46.0,193.0,382.0,24.0,9.998937156135195,7.000348692898091,3485.0475198047807
65.0,1.0,184.0,0.0,4.0,0.0,88.0,0.0,5.009618685051252,11.899024645981218,793.1244425452127
28.0,1.0,779.0,0.0,0.0,0.0,0.0,0.0,8.132440249752085,17.238104409104665,392.37825649896286
15.0,8.0,728.0,0.0,0.0,4.0,32.0,1.0,7.945152886478922,2.911446197772608,2097.510874246225
32.0,6.0,43.0,0.0,0.0,0.0,0.0,0.0,19.199883677662694,9.90343799066439,215.40404486280977
32.0,6.0,536.0,0.0,0.0,0.0,0.0,0.0,14.907295702665236,3.845430447603622,795.490209736535
67.0,1.0,191.0,0.0,0.0,0.0,4.0,0.0,3.156045099232724,14.145766429612108,302.71009265515914
27.0,2.0,396.0,0.0,0.0,0.0,0.0,0.0,18.06735127334949,16.021983412483003,22.997249530649068
74.0,8.0,709.0,0.0,0.0,0.0,4.0,1.0,11.758071763996856,2.0960595646591957,414.8577363207142
68.0,3.0,214.0,0.0,0.0,0.0,0.0,0.0,7.922165131793781,4.06721739357421,709.743438209771
15.0,8.0,635.0,0.0,0.0,0.0,0.0,0.0,12.967653179760196,5.008952049459885,600.3942294132697
59.0,6.0,610.0,0.0,0.0,0.0,0.0,0.0,26.047267254759472,15.108227708126158,143.77318345505591
66.0,2.0,382.0,0.0,0.0,0.0,0.0,0.0,18.93050693202804,13.044652044984216,443.27425191372896
63.0,2.0,378.0,0.0,0.0,0.0,0.0,0.0,19.884332230050287,14.070666598762577,438.2817865580877
93.0,1.0,430.0,0.0,0.0,0.0,8.0,1.0,7.886630619079528,15.054121156606072,934.8845616546096
81.0,0.0,475.0,4.0,24.0,44.0,331.0,8.0,4.0198651690421965,8.953789370583598,3593.218898975677
44.0,8.0,673.0,0.0,0.0,0.0,0.0,0.0,11.17767435805632,7.163097009312095,232.67419586021552
27.0,2.0,397.0,0.0,0.0,0.0,0.0,0.0,18.08469657716025,14.863950350883467,120.37051277928909
43.0,8.0,548.0,0.0,0.0,0.0,0.0,0.0,21.974878593049585,11.08208497343573,82.15881343903278
34.0,10.0,592.0,0.0,0.0,0.0,0.0,0.0,17.088857591263604,6.8550041910941655,862.2615194730452
26.0,8.0,641.0,0.0,0.0,0.0,0.0,0.0,13.083787697345656,5.912243538967997,451.9926582694187
0.0,2.0,815.0,0.0,0.0,0.0,0.0,0.0,25.85196030464327,22.05765686417834,357.76882542865974
59.0,6.0,515.0,0.0,0.0,0.0,0.0,0.0,20.01546664961697,8.926748250683179,136.48378601973448
66.0,2.0,402.0,0.0,0.0,0.0,4.0,1.0,17.06067103034318,12.047618912512444,455.7017957243692
84.0,11.0,468.0,12.0,32.0,111.0,470.0,23.0,8.886047137816506,4.993149200620297,1881.446920458192
37.0,1.0,440.0,0.0,0.0,4.0,16.0,0.0,6.034051118114498,12.890111861272151,562.0362426067087
74.0,8.0,510.0,0.0,0.0,0.0,0.0,0.0,17.15017110719088,4.995270350535524,313.87370383152506
11.0,5.0,478.0,0.0,28.0,24.0,302.0,10.0,4.898376263681167,6.94596046388154,1856.5678308643623
65.0,1.0,201.0,0.0,0.0,4.0,0.0,0.0,3.9084758942796665,14.056581357196444,715.5115322669188
73.0,6.0,11.0,0.0,0.0,0.0,0.0,0.0,21.94948335319756,13.057437610038033,319.0413983547362
72.0,3.0,155.0,0.0,0.0,0.0,0.0,0.0,9.969370249601209,11.990859128709705,106.62258373316855
25.0,8.0,658.0,0.0,0.0,0.0,0.0,0.0,14.011183468895188,5.969541492045291,1126.3580053763358
37.0,1.0,436.0,0.0,0.0,4.0,96.0,0.0,6.165414357560921,13.092412932861649,1641.8054915207565
1.0,11.0,466.0,12.0,44.0,107.0,446.0,18.0,10.141900567854831,5.9652495864996204,3244.223831999744
2.0,11.0,467.0,8.0,28.0,36.0,345.0,32.0,11.103497791363653,6.131962451161952,4211.623278532464
33.0,3.0,284.0,0.0,0.0,0.0,0.0,0.0,13.971821438336436,11.91555984317069,74.6733986556323
15.0,8.0,227.0,0.0,0.0,0.0,16.0,0.0,7.882409363459888,2.994579091067759,1992.9430081192515
78.0,5.0,451.0,4.0,8.0,20.0,123.0,22.0,7.767314959134953,3.0566574084132334,3119.1277860085
45.0,10.0,464.0,4.0,40.0,46.0,462.0,19.0,9.799433695581923,5.003178931812808,2173.7622911254457
17.0,3.0,238.0,0.0,0.0,0.0,0.0,0.0,2.046445913722801,8.912828590474223,395.1677937330171
17.0,3.0,119.0,0.0,0.0,0.0,0.0,0.0,3.1610409930890206,14.05398021705788,96.54494357255476
9.0,8.0,277.0,0.0,0.0,0.0,0.0,0.0,18.0626846128077,11.968849282243864,105.824567398638
78.0,5.0,454.0,4.0,24.0,36.0,355.0,37.0,7.023121136747396,5.073914935500119,2915.2735871275218
76.0,3.0,104.0,0.0,0.0,0.0,0.0,0.0,5.062888884774608,10.935294480282034,353.0071038268491
81.0,0.0,475.0,4.0,16.0,52.0,325.0,6.0,3.891165270758736,9.142566775134464,4114.753498999343
43.0,8.0,556.0,0.0,0.0,0.0,0.0,0.0,20.94901374741659,10.063997189868829,43.13973260285172
82.0,8.0,709.0,0.0,0.0,0.0,0.0,1.0,13.145496674175352,2.814396919100385,428.3068121375707
44.0,8.0,679.0,0.0,0.0,0.0,0.0,1.0,10.03368385720856,4.9819432715559575,377.07080301881166
32.0,6.0,574.0,0.0,0.0,0.0,0.0,0.0,15.934780078641277,5.88095056779896,660.9696868447056
61.0,1.0,800.0,0.0,0.0,0.0,0.0,0.0,10.231607267205634,17.013519457935747,439.887532765894
45.0,10.0,715.0,0.0,4.0,8.0,52.0,11.0,11.972103686174934,3.0030967558883743,3361.7486239794657
17.0,3.0,234.0,0.0,0.0,0.0,0.0,1.0,3.1432804151189746,7.944819406738344,351.2012720536706
29.0,10.0,330.0,0.0,0.0,0.0,28.0,1.0,13.904371734296875,4.850816860490042,1061.2250508794568
59.0,6.0,625.0,0.0,0.0,0.0,0.0,0.0,21.184091775638223,10.13884246722801,129.40981027784957
67.0,1.0,811.0,0.0,0.0,0.0,0.0,0.0,10.926352883146478,21.83020492381273,53.06916367398039
23.0,3.0,246.0,0.0,0.0,0.0,48.0,1.0,3.066290406769256,6.918052584928208,1265.2765161478396
71.0,9.0,348.0,0.0,20.0,58.0,390.0,8.0,13.110151989696352,7.976206820357328,1332.8047997869935
29.0,10.0,593.0,0.0,0.0,0.0,0.0,0.0,17.110498326870303,7.988558510717678,932.617145937903
8.0,11.0,456.0,4.0,24.0,48.0,380.0,42.0,6.987715306379129,4.979117075334393,2410.6058111209627
28.0,1.0,775.0,0.0,0.0,0.0,4.0,1.0,7.021934249099518,15.945638409844785,580.7099928520347
68.0,3.0,208.0,0.0,0.0,0.0,0.0,0.0,3.850470012675866,6.938710271207028,659.6402949030445
11.0,5.0,478.0,0.0,16.0,32.0,265.0,8.0,5.0375530992979085,6.123109822908625,705.8354825526429
2.0,11.0,466.0,12.0,54.0,179.0,384.0,23.0,9.995350060721083,6.924837495748313,2752.2572460602805
86.0,10.0,468.0,12.0,36.0,161.0,436.0,24.0,9.188425867624836,6.08171072276842,1557.4332162684111
82.0,8.0,496.0,0.0,0.0,0.0,0.0,0.0,16.256664629772107,4.8070663908106175,63.43908500319707
72.0,3.0,125.0,0.0,0.0,0.0,0.0,0.0,7.9847475509688435,10.002217408236662,435.4260042962893
28.0,1.0,782.0,0.0,0.0,0.0,0.0,0.0,10.008509285416812,19.97306447866716,103.5320455956095
80.0,3.0,150.0,0.0,0.0,0.0,0.0,0.0,8.81620595164296,11.247630546578154,158.34290858942217
64.0,6.0,43.0,0.0,0.0,0.0,0.0,0.0,18.04804330271792,8.993336067399888,854.2657414096723
15.0,8.0,678.0,0.0,0.0,0.0,0.0,1.0,9.135335856286716,3.815213691370997,1666.208067004856
0.0,2.0,813.0,0.0,0.0,0.0,0.0,0.0,25.114068543625656,21.03809796931499,564.6637067376489
70.0,3.0,80.0,0.0,0.0,0.0,0.0,0.0,5.038293618361426,12.01496349344869,181.08871292922765
29.0,10.0,344.0,0.0,0.0,0.0,4.0,0.0,15.857757117566232,8.012316965520462,1170.5113542941322
73.0,6.0,15.0,0.0,0.0,0.0,0.0,0.0,21.15876222038579,12.062310653615782,172.7365150337495
70.0,3.0,112.0,0.0,0.0,0.0,0.0,0.0,5.812956460586521,12.95382627398664,103.87464027627536
88.0,9.0,459.0,20.0,133.0,286.0,170.0,30.0,10.81983206571404,8.802841325720657,969.1329622642728
79.0,9.0,345.0,0.0,0.0,0.0,4.0,0.0,16.07849180884736,8.933603520626868,646.4858145901629
28.0,1.0,793.0,0.0,0.0,0.0,0.0,0.0,10.591363175987542,19.860913117539656,167.173270798102
9.0,8.0,267.0,0.0,0.0,0.0,0.0,0.0,17.96503320217126,14.072097711209736,112.64749483450406
30.0,9.0,405.0,0.0,0.0,4.0,12.0,2.0,15.950560873503983,11.800722168207786,721.8343803852653
29.0,10.0,39.0,0.0,0.0,0.0,0.0,0.0,18.81254816668771,10.087555969612737,353.6823590275801
37.0,1.0,422.0,12.0,64.0,275.0,230.0,12.0,7.121813582127899,9.919254540226431,1700.1340700935975
26.0,8.0,272.0,0.0,0.0,0.0,0.0,0.0,14.121239486375314,8.847650936223445,556.9444414509347
60.0,3.0,140.0,0.0,0.0,0.0,0.0,0.0,10.17881664472325,8.103658875725422,697.2568691182178
62.0,3.0,98.0,0.0,0.0,0.0,0.0,0.0,2.931102925402121,10.989381128588414,148.97931526563028
59.0,6.0,598.0,0.0,0.0,0.0,0.0,0.0,22.977533707499617,11.061191537540838,103.0047821688652
23.0,3.0,210.0,0.0,0.0,0.0,4.0,1.0,3.971962739494233,6.064963137174846,2341.2194485356376
17.0,3.0,99.0,0.0,0.0,0.0,0.0,0.0,1.0961589282149644,10.954914439602746,509.58538828531033
44.0,8.0,660.0,0.0,0.0,0.0,0.0,0.0,10.086218137908602,5.722336840058127,239.6609108201979
28.0,1.0,804.0,0.0,0.0,0.0,0.0,0.0,13.03580084875477,19.181718198963964,105.75434861237942
21.0,9.0,338.0,0.0,0.0,0.0,12.0,2.0,16.789857582512553,10.942307044748883,990.0575701850936
88.0,9.0,350.0,20.0,50.0,154.0,377.0,27.0,10.970239054359435,6.894616581098015,1814.1244662584256
74.0,8.0,506.0,0.0,0.0,0.0,0.0,0.0,17.96336074764771,6.997204522572388,215.2141878505644
28.0,1.0,779.0,0.0,0.0,0.0,0.0,1.0,7.99880327031388,16.050179264059906,742.6545000101436
62.0,3.0,107.0,0.0,0.0,0.0,0.0,0.0,4.957696968651876,15.05135298210309,53.85414536900516
93.0,1.0,415.0,0.0,0.0,4.0,277.0,0.0,9.898073945832458,13.892472340002326,1208.830191234813
44.0,8.0,661.0,0.0,0.0,0.0,0.0,0.0,11.100978956193591,5.997405563352785,562.6343263408908
24.0,8.0,697.0,0.0,4.0,0.0,24.0,3.0,10.756867776573603,1.064598222732786,2262.8748257290035
29.0,10.0,327.0,0.0,0.0,0.0,20.0,0.0,14.805672342577653,6.935981468951846,1025.0122292066808
91.0,0.0,476.0,4.0,20.0,60.0,347.0,11.0,3.905985691586616,9.000025470864472,3950.201582502939
29.0,10.0,331.0,0.0,0.0,4.0,40.0,0.0,13.929343205264304,7.0236897855629365,1042.4402436582093
43.0,8.0,681.0,0.0,0.0,0.0,0.0,0.0,19.03243671494515,9.051875020035656,59.79892782318781
23.0,3.0,94.0,0.0,0.0,0.0,0.0,0.0,2.9914118384851136,10.045381564330938,344.11075966788644
72.0,3.0,101.0,0.0,0.0,0.0,0.0,0.0,4.848162981075979,8.896411445070068,702.7307057323738
28.0,1.0,769.0,0.0,0.0,0.0,0.0,0.0,8.948472997128817,17.180233354574977,592.8122367996
73.0,6.0,11.0,0.0,0.0,0.0,0.0,0.0,22.224782121679308,13.158659641601975,227.4108138958803
33.0,3.0,294.0,0.0,0.0,0.0,0.0,0.0,12.991988262295612,12.999105186312184,35.75130475846989
73.0,6.0,25.0,0.0,0.0,0.0,0.0,0.0,24.035613099398724,14.92311535321026,79.74378730546724
59.0,6.0,603.0,0.0,0.0,0.0,0.0,0.0,23.979223425935867,12.809368014623177,154.35262213903914
27.0,2.0,375.0,0.0,0.0,0.0,0.0,0.0,19.971031927785457,14.903120693788532,148.34113619492155
62.0,3.0,82.0,0.0,0.0,0.0,0.0,0.0,3.959237801473392,12.21510405550421,95.66447041564004
0.0,2.0,823.0,0.0,0.0,0.0,0.0,0.0,23.223199385054286,18.953561006678004,617.649186144635
3.0,0.0,473.0,32.0,118.0,222.0,233.0,14.0,5.993491890766566,9.14181318104149,5248.271525325997
26.0,8.0,695.0,0.0,0.0,0.0,0.0,0.0,16.047835056491103,7.939228154752964,300.0991162530448
58.0,6.0,52.0,0.0,0.0,0.0,0.0,0.0,23.892041272010268,13.992851839545352,171.89998999467363
81.0,0.0,181.0,0.0,20.0,84.0,377.0,6.0,5.1087992635687,10.116872453794986,2326.0273995211205
25.0,8.0,527.0,0.0,0.0,0.0,0.0,0.0,16.85376048710194,7.078891006823694,671.0064481434622
12.0,5.0,190.0,0.0,8.0,20.0,150.0,3.0,3.157523910997597,10.06168796054802,1718.5084606344433
73.0,6.0,7.0,0.0,0.0,0.0,0.0,0.0,25.86652011453992,17.118183422706192,86.47487929850952
66.0,2.0,402.0,0.0,0.0,0.0,12.0,1.0,16.99196217572471,11.939328482505683,613.7862726256141
62.0,3.0,81.0,0.0,0.0,0.0,0.0,0.0,3.081802457513102,12.10633712014506,239.963714396916
30.0,9.0,363.0,0.0,0.0,4.0,72.0,2.0,15.090548445488778,9.863403826932148,1307.7205973795544
68.0,3.0,214.0,0.0,0.0,0.0,0.0,1.0,7.893904676322795,4.031517824669045,555.3240171667647
15.0,8.0,206.0,0.0,0.0,0.0,8.0,2.0,4.786060980283126,6.018897822545527,1723.021389607952
75.0,8.0,513.0,0.0,0.0,0.0,0.0,0.0,20.19323794957112,9.0081784946063,74.69696738842661
22.0,2.0,312.0,20.0,223.0,172.0,182.0,8.0,10.971569764399655,9.964217170700865,2669.6779770453363
24.0,8.0,732.0,0.0,0.0,0.0,4.0,0.0,10.879611423555373,1.0604352042075518,1388.9260435617186
32.0,6.0,582.0,0.0,0.0,0.0,0.0,0.0,16.19403892753203,6.184105143076715,562.9556578169304
69.0,3.0,244.0,0.0,0.0,0.0,0.0,0.0,6.031730955506724,9.046565028451916,238.22606390786711
69.0,3.0,136.0,0.0,0.0,0.0,0.0,0.0,7.863315661643935,7.04028918622028,148.67646161170632
68.0,3.0,235.0,0.0,0.0,0.0,0.0,1.0,3.2527932780019704,6.980312025093324,947.717713498866
73.0,6.0,30.0,0.0,0.0,0.0,0.0,0.0,23.074554081921168,14.211339943867422,239.89207190922264
27.0,2.0,398.0,0.0,0.0,0.0,12.0,0.0,15.749107474494933,13.948713665577758,142.1369393871571
81.0,0.0,428.0,16.0,89.0,280.0,196.0,6.0,8.17700460944849,10.966587403699943,4626.106717317363
57.0,3.0,664.0,0.0,0.0,0.0,0.0,0.0,9.912094343313193,7.064294614290993,227.9469407202736
43.0,8.0,546.0,0.0,0.0,0.0,0.0,0.0,22.264993908710007,12.007366118942214,48.1314845662332
69.0,3.0,243.0,0.0,0.0,0.0,0.0,0.0,5.172830491303884,9.087418243076332,295.413806899538
33.0,3.0,130.0,0.0,0.0,0.0,0.0,0.0,11.98671841118498,11.93039839540525,136.00291013594602
81.0,0.0,475.0,0.0,12.0,52.0,276.0,4.0,4.102943360516097,8.907731217200158,3569.5507356317007
0.0,2.0,824.0,0.0,0.0,0.0,0.0,0.0,23.93940131490257,20.121883817463424,315.4159880082606
77.0,4.0,457.0,76.0,335.0,116.0,124.0,36.0,9.900497334459866,7.932788255792282,5065.383690247639
15.0,8.0,650.0,0.0,0.0,0.0,0.0,0.0,11.007228089392994,3.1383074217860383,1170.7849903467902
78.0,5.0,483.0,0.0,0.0,24.0,160.0,7.0,5.069215953501641,5.978302791393334,2627.5767913416826
63.0,2.0,376.0,0.0,0.0,0.0,0.0,0.0,19.101965456886944,13.01601623761958,1894.5462249131187
67.0,1.0,752.0,0.0,0.0,0.0,0.0,0.0,8.033700347422574,18.014136973246842,95.90224160715168
81.0,0.0,489.0,28.0,141.0,283.0,137.0,11.0,6.983714690869889,10.021647112347653,4832.714259521178
86.0,10.0,465.0,4.0,16.0,52.0,302.0,31.0,10.141520432575048,5.04549551367834,2132.919429718281
15.0,8.0,678.0,0.0,0.0,0.0,0.0,1.0,9.02209611084661,3.9563118628823646,408.6449109297588
68.0,3.0,245.0,0.0,0.0,0.0,0.0,0.0,3.820176415584104,7.9105589704749075,445.5737894378743
86.0,10.0,744.0,0.0,28.0,20.0,203.0,38.0,8.834016278821888,4.070943581974258,1759.2796997637931
59.0,6.0,515.0,0.0,0.0,0.0,0.0,0.0,18.91318207202953,7.950433833878247,241.2730942210415
93.0,1.0,434.0,0.0,0.0,0.0,4.0,1.0,8.19111574917458,15.109806162553491,1015.1861205971674
29.0,10.0,590.0,0.0,0.0,0.0,0.0,0.0,17.89262861802809,9.090529288906993,408.4989950231939
24.0,8.0,648.0,0.0,0.0,0.0,4.0,1.0,12.03394919743286,2.1069813853660597,1620.8952141247682
61.0,1.0,800.0,0.0,0.0,0.0,0.0,0.0,10.887432736953144,18.08840422310655,226.59908148645752
28.0,1.0,757.0,0.0,0.0,0.0,0.0,0.0,7.977321763871937,17.998427271531057,138.20992417276983
57.0,3.0,121.0,0.0,0.0,0.0,0.0,0.0,8.956093785066154,9.972938608410846,222.24987375498583
29.0,10.0,39.0,0.0,0.0,0.0,0.0,0.0,19.082633609792893,9.995052945623804,369.56786349946935
33.0,3.0,128.0,0.0,0.0,0.0,0.0,0.0,11.13615745839183,9.895813468502231,136.8186199914376
74.0,8.0,722.0,0.0,0.0,4.0,4.0,0.0,11.995110796281542,0.9511088727742372,685.1351854514481
9.0,8.0,292.0,0.0,0.0,0.0,0.0,0.0,14.05597568635376,11.088282737870802,149.5544615449365
77.0,4.0,459.0,24.0,150.0,283.0,168.0,39.0,10.865075095762505,8.882375218276668,2973.743211668086
9.0,8.0,277.0,0.0,0.0,0.0,0.0,0.0,17.085482645433665,11.981970606477333,101.66213578158752
28.0,1.0,767.0,0.0,0.0,0.0,0.0,1.0,9.028502929107669,16.94655219283776,239.9297963771101
45.0,10.0,741.0,4.0,8.0,16.0,68.0,14.0,10.903498312884976,2.8255821551590565,3347.908061480331
70.0,3.0,90.0,0.0,0.0,0.0,0.0,0.0,6.977421217617255,14.027222206480372,136.67073396210233
74.0,8.0,567.0,0.0,0.0,0.0,0.0,0.0,18.07948330005702,7.055436856905451,175.70102372496933
73.0,6.0,7.0,0.0,0.0,0.0,0.0,0.0,27.003393073472537,17.07667759459029,192.9107350432176
59.0,6.0,600.0,0.0,0.0,0.0,0.0,0.0,22.92588927240049,11.083492753191504,271.85464002254736
15.0,8.0,229.0,0.0,0.0,0.0,0.0,0.0,6.976465923754316,4.024038569704642,1376.802630074447
81.0,0.0,422.0,8.0,40.0,178.0,331.0,8.0,6.994965087162647,11.035466088771544,4377.381577975888
61.0,1.0,430.0,0.0,0.0,0.0,4.0,0.0,7.896754999956434,14.92580309501677,899.8016914966506
75.0,8.0,616.0,0.0,0.0,0.0,0.0,0.0,20.1829714381568,9.052617387684853,43.216814791453686
0.0,2.0,827.0,0.0,0.0,0.0,0.0,0.0,28.068496245147085,23.06354872074603,122.69887664699615
63.0,2.0,305.0,0.0,4.0,8.0,88.0,1.0,14.962348259548532,12.01083991297697,2728.954847410199
72.0,3.0,160.0,0.0,0.0,0.0,0.0,0.0,5.968704965667347,8.952696604409791,818.2695878128548
16.0,1.0,419.0,0.0,36.0,78.0,417.0,7.0,7.1308475893014265,11.019115138161084,1699.3022514365705
29.0,10.0,341.0,0.0,0.0,0.0,4.0,0.0,16.976996211524916,10.105238326038236,820.0680118380553
0.0,2.0,818.0,0.0,0.0,0.0,0.0,0.0,23.9355393488357,19.991793717619448,498.8306209425701
74.0,8.0,708.0,0.0,0.0,0.0,4.0,1.0,11.698124846605369,1.8858096165968183,579.8698871425408
32.0,6.0,581.0,0.0,0.0,0.0,0.0,0.0,17.221417100268372,6.170258799678822,777.9845871262698
74.0,8.0,705.0,0.0,0.0,0.0,0.0,0.0,13.921055539962923,2.8023176568687687,229.61713345075765
59.0,6.0,624.0,0.0,0.0,0.0,0.0,0.0,22.221894601897088,10.985462297876762,235.4299861731679
12.0,5.0,171.0,0.0,4.0,0.0,4.0,0.0,3.142511373241205,12.01132552534582,2312.517693606789
65.0,1.0,774.0,0.0,0.0,0.0,4.0,0.0,5.8596276226009385,14.01178341338905,1011.0927978053244
73.0,6.0,3.0,0.0,0.0,0.0,0.0,0.0,25.945223612213685,17.219093136841916,216.57876673618995
62.0,3.0,98.0,0.0,0.0,0.0,0.0,0.0,3.0316507557918357,10.976895642708532,81.09674419771899
86.0,10.0,742.0,0.0,8.0,20.0,90.0,20.0,8.974247993572279,3.1114006968667547,2182.5820869694503
76.0,3.0,82.0,0.0,0.0,0.0,0.0,0.0,3.8780002450568953,11.999131938605322,165.41250629714978
34.0,10.0,587.0,0.0,0.0,0.0,0.0,0.0,16.98670067103749,7.024881698641821,268.6777180738467
32.0,6.0,39.0,0.0,0.0,0.0,0.0,0.0,18.92590434043994,9.945803140376134,508.1538457322499
27.0,2.0,400.0,0.0,0.0,0.0,4.0,1.0,17.14767288720863,15.063050289878662,98.99656486809003
28.0,1.0,808.0,0.0,0.0,0.0,0.0,0.0,11.919274208714771,19.93251653564053,420.7000886957972
29.0,10.0,331.0,0.0,0.0,4.0,28.0,0.0,14.051894029353145,6.049218389035459,1298.055310469886
78.0,5.0,448.0,4.0,24.0,100.0,481.0,41.0,7.310270396004186,5.834073535615003,3280.0873433067354
89.0,0.0,447.0,20.0,64.0,209.0,328.0,31.0,6.005898583085157,6.9441210596983485,4223.54507983325
28.0,1.0,754.0,0.0,0.0,0.0,0.0,0.0,7.864713016478861,17.899928782035147,428.8515072149924
60.0,3.0,141.0,0.0,0.0,0.0,0.0,0.0,12.004034614326736,8.991913299674753,907.713229464322
71.0,9.0,348.0,0.0,12.0,40.0,333.0,5.0,13.062085038385684,8.900048226610549,1579.8445805570511
10.0,0.0,473.0,16.0,115.0,248.0,214.0,12.0,6.036141284506836,8.968914633546554,2865.9318643580687
61.0,1.0,802.0,0.0,0.0,0.0,0.0,0.0,10.11373225037381,18.094552394306632,549.6098733602998
88.0,9.0,299.0,8.0,28.0,63.0,414.0,7.0,12.088781759144789,9.032219471442364,1393.955377480294
45.0,10.0,346.0,8.0,16.0,40.0,354.0,13.0,11.937745144059624,8.02254435668146,2481.13109476323
2.0,11.0,458.0,30.0,85.0,321.0,209.0,26.0,10.101296307146518,8.111756958191485,4245.347288216677
64.0,6.0,31.0,0.0,0.0,0.0,0.0,0.0,23.099564515776017,15.010737527404126,660.174466662964
93.0,1.0,430.0,0.0,0.0,0.0,4.0,0.0,8.130058775993957,15.025742621414969,1083.899815938188
74.0,8.0,537.0,0.0,0.0,0.0,0.0,0.0,17.09843178931652,5.042144945504629,77.60585107731971
66.0,2.0,38.0,0.0,0.0,0.0,0.0,0.0,18.071820398222314,11.970007198003792,526.7088505573095
75.0,8.0,494.0,0.0,0.0,0.0,0.0,0.0,17.005458878755075,6.09363380703296,107.60785050361105
15.0,8.0,214.0,0.0,0.0,0.0,0.0,0.0,7.7684031304126595,4.880385611810071,1135.8383375667618
23.0,3.0,233.0,0.0,0.0,0.0,0.0,0.0,4.129821632364096,6.893354166856514,835.5548059219874
28.0,1.0,794.0,0.0,0.0,0.0,0.0,0.0,10.061571248212152,19.04922953705437,55.51089870217027
69.0,3.0,239.0,0.0,0.0,0.0,0.0,0.0,6.0668714862015625,7.910505188651072,232.13381310878492
76.0,3.0,104.0,0.0,0.0,0.0,0.0,0.0,4.069417882330782,10.944117395128082,202.59546332353597
62.0,3.0,113.0,0.0,0.0,0.0,0.0,0.0,2.985476964311195,12.938659387929228,348.6863007587731
66.0,2.0,38.0,0.0,0.0,0.0,0.0,0.0,18.90965357626449,12.14924407875788,221.53410419717125
43.0,8.0,681.0,0.0,0.0,0.0,0.0,0.0,17.77358748871435,8.97421411122924,130.8437396560391
69.0,3.0,121.0,0.0,0.0,0.0,0.0,0.0,7.985786767234425,8.913330849016813,95.51574260279004
77.0,4.0,458.0,8.0,66.0,184.0,363.0,23.0,10.156590814471636,6.928778321565767,4468.518995477476
67.0,1.0,747.0,0.0,0.0,0.0,0.0,0.0,11.150657778398552,20.84924182541876,84.09180903844842
0.0,2.0,76.0,0.0,0.0,0.0,0.0,0.0,25.90643379708004,20.933678304645888,279.17997554941024
33.0,3.0,284.0,0.0,0.0,0.0,0.0,0.0,14.076374926825784,12.08731150350699,284.2664591352108
60.0,3.0,673.0,0.0,0.0,0.0,0.0,0.0,11.078987811833056,6.901249504598744,1205.5796315938885
67.0,1.0,752.0,0.0,0.0,0.0,0.0,0.0,8.000163326565634,18.02507490253477,83.2491104219217
15.0,8.0,634.0,0.0,0.0,0.0,0.0,0.0,10.978820925596734,3.832734914714047,1039.315195641817
67.0,1.0,201.0,0.0,0.0,0.0,4.0,0.0,3.921669096005228,13.965961360650928,409.1392600395537
58.0,6.0,61.0,0.0,0.0,0.0,0.0,0.0,23.180833391546813,12.781289821504974,65.70556027741515
57.0,3.0,212.0,0.0,0.0,0.0,0.0,0.0,9.125076751709472,5.88541055884179,212.2977259613312
21.0,9.0,320.0,0.0,0.0,4.0,36.0,0.0,14.990627548387392,8.976395718362996,1409.445676915249
67.0,1.0,788.0,0.0,0.0,0.0,0.0,0.0,7.036356766498797,17.034398922165483,158.08635708713643
59.0,6.0,598.0,0.0,0.0,0.0,0.0,0.0,22.064325455286305,10.954793991244305,121.14030438037594
67.0,1.0,257.0,0.0,0.0,0.0,0.0,0.0,4.8500610697111135,16.186967787532293,194.64692391212407
58.0,6.0,51.0,0.0,0.0,0.0,0.0,0.0,24.07791707761128,13.829404225443982,103.89833007037456
75.0,8.0,508.0,0.0,0.0,0.0,0.0,0.0,18.96860490083805,6.932349222266411,84.7329640975465
78.0,5.0,224.0,0.0,4.0,12.0,132.0,7.0,4.969982260164115,4.89732868949856,3611.1873563151753
11.0,5.0,478.0,0.0,16.0,32.0,265.0,8.0,4.8470856865379055,5.9558004433207135,2029.7225689021316
74.0,8.0,719.0,0.0,0.0,0.0,4.0,0.0,13.871581330100463,3.118248268111461,557.2302965506012
48.0,0.0,475.0,4.0,28.0,52.0,386.0,11.0,4.054026331132634,8.975706736717399,3712.3613067676174
34.0,10.0,720.0,0.0,0.0,0.0,8.0,0.0,13.995329036682266,4.045109453300276,1785.1127868626138
86.0,10.0,743.0,4.0,0.0,8.0,52.0,12.0,10.204615103288305,1.945605338458218,2066.726125683001
66.0,2.0,404.0,0.0,0.0,0.0,4.0,1.0,18.040286916175575,12.038574728510724,815.6705003114344
62.0,3.0,114.0,0.0,0.0,0.0,0.0,0.0,3.966831917080121,13.100406348586334,133.24106527531592
32.0,6.0,563.0,0.0,0.0,0.0,0.0,0.0,18.02274650948877,6.878699557165817,821.7286006548143
74.0,8.0,510.0,0.0,0.0,0.0,0.0,0.0,17.084563340997313,6.00564047767924,244.35455555099173
37.0,1.0,184.0,4.0,0.0,0.0,104.0,0.0,4.059717628812606,12.035023721818076,1878.7861877479309
4.0,0.0,474.0,36.0,106.0,228.0,243.0,19.0,5.966639260601638,8.129463545324858,9383.659247941008
60.0,3.0,142.0,0.0,0.0,0.0,0.0,0.0,9.883933773299814,7.966364984903716,775.0317137823331
15.0,8.0,229.0,0.0,0.0,0.0,4.0,0.0,6.971520790057473,3.965216949234716,1812.184055433965
17.0,3.0,250.0,0.0,0.0,0.0,40.0,0.0,1.997826831011996,8.052710992138538,700.6068246652388
68.0,3.0,245.0,0.0,0.0,0.0,0.0,0.0,5.067702002462421,7.87932913498629,173.66127176257282
5.0,0.0,490.0,52.0,197.0,245.0,107.0,13.0,7.116021039810801,9.065270406761323,5167.2577121994655
67.0,1.0,763.0,0.0,0.0,0.0,0.0,0.0,6.166854587252883,15.989863261863652,239.76906317417647
13.0,5.0,187.0,0.0,24.0,56.0,317.0,7.0,4.146411469390883,8.963868673546443,2926.0754974616216
64.0,6.0,39.0,0.0,0.0,0.0,0.0,0.0,18.899047789438995,9.996208102846268,531.0670795025646
23.0,3.0,236.0,0.0,0.0,0.0,0.0,0.0,3.122842756113557,8.949391913856106,210.3476034744784
75.0,8.0,616.0,0.0,0.0,0.0,0.0,0.0,19.143336403379912,7.834055345004333,69.4434644125786
75.0,8.0,568.0,0.0,0.0,0.0,0.0,0.0,18.94931451801308,7.003744444152229,102.41884445627832
60.0,3.0,287.0,0.0,0.0,0.0,0.0,0.0,13.037914289375584,10.018409260357464,747.7688131241156
67.0,1.0,191.0,0.0,0.0,0.0,4.0,0.0,3.857043276651056,14.025200157028296,228.14919276332887
59.0,6.0,604.0,0.0,0.0,0.0,0.0,0.0,25.754659181719163,13.987650381367896,175.85229155099464
82.0,8.0,648.0,0.0,0.0,0.0,4.0,0.0,11.989747523821675,1.9600435794453477,372.483050282814
75.0,8.0,505.0,0.0,0.0,0.0,0.0,0.0,17.945555300126625,6.903348156370352,58.54289301399685
91.0,0.0,471.0,28.0,88.0,171.0,314.0,13.0,6.045235524403117,9.105255646749915,3662.1359474232127
15.0,8.0,663.0,0.0,0.0,0.0,0.0,0.0,11.103248341422455,5.966512588137545,588.2539564716069
68.0,3.0,207.0,0.0,0.0,0.0,8.0,0.0,4.958595440905116,5.060715734905578,693.0993582512106
68.0,3.0,247.0,0.0,0.0,0.0,40.0,1.0,4.041415857998959,5.864781629323281,917.8468476417576
44.0,8.0,673.0,0.0,0.0,0.0,0.0,0.0,11.045462722429956,6.903448936546788,291.66129754085125
25.0,8.0,530.0,0.0,0.0,0.0,0.0,0.0,16.87160294719951,7.027454557400031,712.5704286596584
28.0,1.0,754.0,0.0,0.0,0.0,0.0,0.0,9.02492921019123,18.045860352409715,240.16724894294785
29.0,10.0,341.0,0.0,0.0,0.0,0.0,0.0,18.02381213688909,9.945890337903544,895.5611633035103
68.0,3.0,211.0,0.0,0.0,0.0,0.0,0.0,7.0443481914728325,4.878218782781502,462.755093718716
28.0,1.0,772.0,0.0,0.0,0.0,0.0,0.0,9.91841028698281,19.04253561539723,60.86182244034817
17.0,3.0,174.0,0.0,0.0,0.0,20.0,0.0,0.9637238447389658,8.927909536937284,706.5528918409176
0.0,2.0,383.0,0.0,0.0,0.0,0.0,0.0,22.0939451705358,16.878315315363064,293.5648781277565
82.0,8.0,534.0,0.0,0.0,0.0,0.0,0.0,15.053521381313262,4.058993513769824,202.7899277878036
67.0,1.0,752.0,0.0,0.0,0.0,0.0,0.0,8.11321007741857,17.978706052323723,131.10172199863925
67.0,1.0,764.0,0.0,0.0,0.0,4.0,0.0,5.078991543493027,15.964526025337223,225.63712249721053
15.0,8.0,729.0,0.0,0.0,0.0,20.0,1.0,7.991634673383139,2.0246099938731965,2260.5459780074343
25.0,8.0,656.0,0.0,0.0,0.0,0.0,0.0,13.904957305741757,5.147962890370778,1143.6326292327817
31.0,3.0,157.0,0.0,0.0,0.0,0.0,0.0,11.199565843885084,12.957653824378456,77.94135749963105
25.0,8.0,524.0,0.0,0.0,0.0,0.0,0.0,12.913759336708344,3.947477794183442,1312.7027367984876
33.0,3.0,124.0,0.0,0.0,0.0,0.0,0.0,10.892967186630276,11.013465111005358,141.8588749531447
4.0,0.0,474.0,20.0,100.0,199.0,286.0,21.0,5.87588051688431,8.052074012051428,4483.108053915177
61.0,1.0,779.0,0.0,0.0,0.0,4.0,0.0,7.1618507666231705,16.083880823156306,660.4847366532119
25.0,8.0,684.0,0.0,0.0,0.0,0.0,0.0,18.864829561411,8.86781601215821,127.31112351915148
58.0,6.0,64.0,0.0,0.0,0.0,0.0,0.0,23.921428155098923,13.020716544582266,91.10348762975124
78.0,5.0,730.0,0.0,4.0,8.0,64.0,18.0,7.855662473372484,2.988292316100704,2470.2983977197587
45.0,10.0,712.0,0.0,0.0,4.0,16.0,1.0,13.119236994029384,3.006423040614967,2985.756353991256
74.0,8.0,581.0,0.0,0.0,0.0,0.0,0.0,16.912865557946144,5.957728645045714,156.4741052654081
15.0,8.0,736.0,0.0,0.0,0.0,4.0,0.0,11.2737760165708,1.944766717765053,857.5147959935227
82.0,8.0,524.0,0.0,0.0,0.0,0.0,0.0,14.045666910990272,4.00007994983948,245.60521544822376
79.0,9.0,337.0,0.0,0.0,0.0,32.0,1.0,14.935953713098463,9.059470321383085,851.5920778704841
30.0,9.0,349.0,0.0,12.0,20.0,139.0,5.0,13.144283347482126,8.142542684460604,1708.351936350714
25.0,8.0,684.0,0.0,0.0,0.0,0.0,0.0,19.14431729510037,9.940027947373872,805.0625169380687
26.0,8.0,692.0,0.0,0.0,0.0,0.0,0.0,16.24346312789105,8.059675504255901,136.648274505185
16.0,1.0,477.0,4.0,28.0,88.0,398.0,10.0,5.19976242697514,9.99080610895885,1015.1669549772978
79.0,9.0,33.0,0.0,0.0,0.0,0.0,0.0,19.969279373054697,11.10357986139106,381.8264705176535
59.0,6.0,615.0,0.0,0.0,0.0,0.0,0.0,21.06339599275293,9.888283739508244,153.07310141080703
0.0,2.0,384.0,0.0,0.0,0.0,0.0,0.0,22.259683628951176,17.0416386063039,529.3549225636203
28.0,1.0,803.0,0.0,0.0,0.0,0.0,1.0,11.074788687499687,19.038927268764763,430.0578385971339
44.0,8.0,679.0,0.0,0.0,0.0,0.0,0.0,10.12456169084607,3.952098755484622,233.31221544542885
31.0,3.0,151.0,0.0,0.0,0.0,0.0,0.0,8.884307987261499,13.989788592614303,80.26938913622247
28.0,1.0,808.0,0.0,0.0,0.0,0.0,0.0,12.036998384477611,19.987635057599057,111.73835598647536
73.0,6.0,29.0,0.0,0.0,0.0,0.0,0.0,21.98703315714313,12.8564528423395,70.6759717538333
43.0,8.0,514.0,0.0,0.0,0.0,0.0,0.0,21.01098874465138,9.938000571857948,96.47231907738866
29.0,10.0,337.0,0.0,0.0,0.0,24.0,1.0,15.934524283838034,9.863859364324506,1173.4144411245677
73.0,6.0,70.0,0.0,0.0,0.0,0.0,0.0,24.06754015317464,13.919072675489886,195.3482423313077
93.0,1.0,429.0,0.0,0.0,0.0,0.0,0.0,9.053689284034403,15.945987339013802,287.6450839527319
69.0,3.0,134.0,0.0,0.0,0.0,0.0,0.0,9.012529158885558,7.98840164625011,46.2704172657042
68.0,3.0,247.0,0.0,0.0,0.0,52.0,1.0,4.028383327623414,6.127221591393787,565.0681826204258
32.0,6.0,573.0,0.0,0.0,0.0,4.0,0.0,15.143926112455429,5.118237694285236,962.2655745569188
76.0,3.0,80.0,0.0,0.0,0.0,0.0,0.0,5.1615777120105735,12.011982070604912,167.4165208995255
28.0,1.0,809.0,0.0,0.0,0.0,0.0,0.0,10.937528853230912,19.856489021603537,162.7508257861222
63.0,2.0,378.0,0.0,0.0,0.0,0.0,0.0,20.059764609844876,14.043853102577884,1264.0259159379716
23.0,3.0,173.0,0.0,0.0,0.0,4.0,1.0,1.0014465476568752,8.952834071118552,1312.2459001471605
58.0,6.0,61.0,0.0,0.0,0.0,0.0,0.0,23.04496342868926,13.039145299279294,57.00811867085347
73.0,6.0,6.0,0.0,0.0,0.0,0.0,0.0,24.85541714938598,16.050862504574653,246.43981945028915
78.0,5.0,451.0,0.0,4.0,32.0,164.0,34.0,7.844217471503618,3.1335438117561134,4211.981406808
33.0,3.0,129.0,0.0,0.0,0.0,0.0,0.0,11.939828485651311,10.94950381278037,148.5504322303027
9.0,8.0,690.0,0.0,0.0,0.0,0.0,0.0,16.91348076306305,10.96255680250441,124.11996620075725
58.0,6.0,69.0,0.0,0.0,0.0,0.0,0.0,22.81163159062876,14.008106494912814,176.43188007326452
68.0,3.0,208.0,0.0,0.0,0.0,0.0,0.0,4.964723060748982,6.127010298667644,633.4104050091265
0.0,2.0,814.0,0.0,0.0,0.0,0.0,0.0,25.83382191178489,22.88568318679649,192.15167493181772
25.0,8.0,533.0,0.0,0.0,0.0,0.0,0.0,16.160174743356635,6.089950156030669,1317.7071874952371
64.0,6.0,44.0,0.0,0.0,0.0,0.0,0.0,18.006150782980573,10.004299454741146,643.3473705545513
79.0,9.0,32.0,0.0,0.0,0.0,0.0,0.0,18.88380284757786,11.014610224968663,407.04450438355855
0.0,2.0,74.0,0.0,0.0,0.0,0.0,0.0,26.87400684744544,21.03479065672817,504.0512697956835
21.0,9.0,337.0,0.0,0.0,0.0,16.0,1.0,16.143613666413614,10.104278819200625,1415.062591940547
79.0,9.0,37.0,0.0,0.0,0.0,0.0,0.0,18.077372149013165,9.986637112992575,751.2939313290854
25.0,8.0,531.0,0.0,0.0,0.0,0.0,0.0,16.280885285176133,6.951132907305635,610.8516031274398
68.0,3.0,207.0,0.0,0.0,0.0,8.0,0.0,5.99507170694465,4.02683974668212,984.298875334471
32.0,6.0,585.0,0.0,0.0,0.0,0.0,0.0,16.145744955975275,4.941112770507146,707.9668122324051
26.0,8.0,272.0,0.0,0.0,0.0,0.0,0.0,14.13336271991595,8.980058056157226,202.2052139199224
76.0,3.0,101.0,0.0,0.0,0.0,0.0,0.0,5.113345693955833,9.910759707213598,133.0725955146317
44.0,8.0,670.0,0.0,0.0,0.0,0.0,0.0,11.915054678834531,6.921569273206773,267.45810014872404
62.0,3.0,93.0,0.0,0.0,0.0,0.0,0.0,0.9346426071419944,10.99955901822119,179.62392703692043
2.0,11.0,458.0,34.0,144.0,302.0,169.0,18.0,9.963685185465556,7.02775417684347,4233.68122175796
24.0,8.0,723.0,0.0,0.0,0.0,4.0,0.0,14.226596494219034,3.1151171153403743,1546.0279863206204
34.0,10.0,592.0,0.0,0.0,0.0,0.0,0.0,16.012880992922838,7.176399004721471,372.9175856105484
25.0,8.0,687.0,0.0,0.0,0.0,0.0,0.0,17.99019431750674,8.978079858123944,680.2084968562798
31.0,3.0,123.0,0.0,0.0,0.0,0.0,0.0,9.96448246571538,10.966400931591236,90.75049965994216
13.0,5.0,477.0,0.0,56.0,81.0,398.0,7.0,6.017719051855968,10.065734355319403,1547.482845598912
26.0,8.0,696.0,0.0,0.0,0.0,0.0,0.0,14.831545807887156,7.082886225724101,258.7052391038991
43.0,8.0,543.0,0.0,0.0,0.0,0.0,0.0,22.13759528835406,11.910485750830444,120.77668091762028
43.0,8.0,683.0,0.0,0.0,0.0,0.0,0.0,17.98590673740953,8.978328160556803,99.56130146192616
0.0,2.0,820.0,0.0,0.0,0.0,0.0,0.0,25.02948278625508,21.031715301769623,588.4421698456192
15.0,8.0,680.0,0.0,0.0,0.0,0.0,0.0,8.7646050653257,3.87285329674886,1471.4559940265158
29.0,10.0,318.0,0.0,0.0,12.0,52.0,3.0,13.77054527498909,8.06118515413814,1332.4364849095316
74.0,8.0,718.0,0.0,0.0,0.0,8.0,0.0,13.039384684192347,3.163570711102597,501.9804393084714
0.0,2.0,818.0,0.0,0.0,0.0,0.0,0.0,24.043812570299608,18.96638885127834,843.1072754750726
68.0,3.0,204.0,0.0,0.0,0.0,4.0,0.0,5.024914400195657,5.151104709612997,595.0506220755599
34.0,10.0,714.0,0.0,0.0,0.0,20.0,1.0,14.265580716199654,3.958562800531083,1795.9182320427724
27.0,2.0,832.0,0.0,0.0,0.0,0.0,0.0,22.90191281684981,19.053145638978123,124.6834078837848
0.0,2.0,74.0,0.0,0.0,0.0,0.0,0.0,26.965838470764226,22.143886572182748,544.6691397022051
57.0,3.0,121.0,0.0,0.0,0.0,0.0,0.0,8.932925195838962,9.13887927311997,272.4716414938018
24.0,8.0,734.0,0.0,0.0,0.0,8.0,1.0,10.873540812069376,0.0481661003716542,2135.3129147037207
67.0,1.0,748.0,0.0,0.0,0.0,0.0,0.0,12.053717329443565,21.01688667957843,109.10502032979112
21.0,9.0,363.0,0.0,0.0,4.0,56.0,1.0,14.907701403609186,10.061110079581178,1181.6471090741206
63.0,2.0,401.0,0.0,0.0,0.0,12.0,1.0,17.02679519353375,11.955118604991563,1420.8169878756974
23.0,3.0,252.0,0.0,0.0,0.0,60.0,1.0,3.049856782887576,8.015813561370086,1955.850340546588
27.0,2.0,413.0,0.0,0.0,0.0,0.0,0.0,18.84880641336096,14.99963313466354,135.1544071563996
75.0,8.0,508.0,0.0,0.0,0.0,0.0,0.0,18.006428747442335,7.052340072269806,168.85618320015166
58.0,6.0,60.0,0.0,0.0,0.0,0.0,0.0,23.149969421027578,13.074059426655806,114.86386859467996
32.0,6.0,575.0,0.0,0.0,0.0,4.0,0.0,14.99549277129768,5.90328374272505,1018.2181347563652
20.0,9.0,320.0,0.0,0.0,0.0,52.0,0.0,14.815404916148204,9.037726656827774,1302.3912636493956
15.0,8.0,657.0,0.0,0.0,0.0,0.0,0.0,13.9120972625783,6.011124430153455,678.0286251931153
2.0,11.0,464.0,8.0,44.0,98.0,467.0,18.0,10.017026884741878,4.910094157541009,4139.374579095989
28.0,1.0,761.0,0.0,0.0,0.0,4.0,0.0,5.958797203246498,15.860424160981056,356.9755956405905
37.0,1.0,436.0,0.0,0.0,0.0,68.0,0.0,6.901407132021394,14.041857858923336,1938.2877164595693
66.0,2.0,310.0,4.0,4.0,8.0,176.0,0.0,13.802966782631644,10.973532511240592,875.2195637527965
74.0,8.0,708.0,0.0,0.0,0.0,4.0,1.0,10.884882794873691,1.036998343555164,486.22274676692393
32.0,6.0,720.0,0.0,0.0,0.0,8.0,0.0,14.099975884344252,3.9345876169207465,974.4727145215908
77.0,4.0,463.0,93.0,279.0,125.0,132.0,35.0,9.768765054565366,9.038447642501652,3992.366259404628
75.0,8.0,616.0,0.0,0.0,0.0,0.0,0.0,20.05715855826668,8.920853638462106,155.13158132125147
91.0,0.0,471.0,16.0,48.0,94.0,403.0,11.0,4.900609522163717,8.11071331975915,4507.346158750399
78.0,5.0,480.0,8.0,40.0,76.0,449.0,12.0,4.860669936795193,7.0957855139641,3839.3094117072446
74.0,8.0,722.0,0.0,0.0,4.0,4.0,0.0,12.90496591397831,1.9117679877677785,525.6445870549795
59.0,6.0,601.0,0.0,0.0,0.0,0.0,0.0,23.960607830600388,13.098170690990054,22.294223869315385
61.0,1.0,432.0,0.0,0.0,0.0,0.0,0.0,9.09298689168302,15.101326395226025,895.5692986506551
68.0,3.0,214.0,0.0,0.0,0.0,0.0,1.0,8.056904156641027,3.9893362204665466,471.8060850439372
26.0,8.0,635.0,0.0,0.0,0.0,0.0,1.0,12.941151933620931,4.961716163571905,659.821871961824
27.0,2.0,396.0,0.0,0.0,0.0,0.0,0.0,18.10100597366253,14.907022828384966,192.8182081121149
15.0,8.0,228.0,0.0,0.0,0.0,8.0,1.0,8.998431316306261,1.9512084386783195,1655.0503813222808
43.0,8.0,556.0,0.0,0.0,0.0,0.0,0.0,19.91643846132773,9.959169822685254,50.84403656987698
58.0,6.0,54.0,0.0,0.0,0.0,0.0,0.0,25.107933935451637,14.857625294684087,133.38417691820777
9.0,8.0,264.0,0.0,0.0,0.0,0.0,0.0,16.052803136198385,10.744932254126176,53.742265903228805
44.0,8.0,660.0,0.0,0.0,0.0,0.0,0.0,9.988187340452786,6.046975535138504,199.9353671762378
71.0,9.0,348.0,0.0,28.0,54.0,427.0,7.0,11.821450699123323,8.041643402826129,1895.1978488417287
78.0,5.0,455.0,0.0,4.0,12.0,127.0,10.0,6.851893199662807,3.9848432248588823,4274.807856050927
29.0,10.0,324.0,0.0,0.0,12.0,95.0,5.0,14.03819802477563,8.986999257882934,1827.1679442572429
66.0,2.0,47.0,0.0,0.0,0.0,0.0,0.0,20.933879689969142,13.969133930646697,258.10862904327604
9.0,8.0,283.0,0.0,0.0,0.0,0.0,0.0,17.014137063121822,11.94560295569264,97.22923424346114
60.0,3.0,665.0,0.0,0.0,0.0,0.0,0.0,10.81987277259413,6.8612980867134485,1574.0789091958063
59.0,6.0,606.0,0.0,0.0,0.0,0.0,0.0,25.995284450509644,15.226958632533163,191.5025323512748
86.0,10.0,453.0,4.0,20.0,16.0,176.0,36.0,9.021780027551126,3.0863272093607024,1951.195882969532
62.0,3.0,94.0,0.0,0.0,0.0,0.0,0.0,3.1871653687101307,10.078810683352884,174.66297761564616
79.0,9.0,36.0,0.0,0.0,0.0,0.0,0.0,17.998201387190907,10.938481761280483,390.4411918354434
9.0,8.0,277.0,0.0,0.0,0.0,0.0,0.0,17.02369211649224,11.82382608398732,101.2973785130114
32.0,6.0,575.0,0.0,0.0,0.0,4.0,0.0,15.87933442632252,5.98909000293421,1139.9775203734794
29.0,10.0,327.0,0.0,0.0,4.0,20.0,0.0,14.872519590966846,6.904405159410364,1166.7598380549732
27.0,2.0,833.0,0.0,0.0,0.0,0.0,0.0,22.859078779024703,19.00199491092797,64.14207075912637
34.0,10.0,575.0,0.0,0.0,0.0,4.0,0.0,15.912161075115243,6.09064192130236,893.5769739319257
67.0,1.0,792.0,0.0,0.0,0.0,0.0,0.0,8.92749317098539,19.09449297877634,56.81661766537307
63.0,2.0,308.0,0.0,0.0,4.0,24.0,2.0,15.95955950900915,12.031206514705694,2172.3948864192976
37.0,1.0,440.0,0.0,0.0,0.0,4.0,0.0,6.025967076842149,13.886251903531106,2105.4256188867066
76.0,3.0,101.0,0.0,0.0,0.0,0.0,0.0,4.902716110665558,9.954278753535364,207.34053334679905
78.0,5.0,730.0,0.0,4.0,12.0,88.0,17.0,7.911450540623862,3.134577106719936,3492.9366354272297
45.0,10.0,739.0,4.0,4.0,8.0,72.0,10.0,11.143461364646528,3.068673027749688,3235.349179656875
80.0,3.0,151.0,0.0,0.0,0.0,0.0,0.0,8.945486715819547,13.013121629886216,68.27657517074647
79.0,9.0,33.0,0.0,0.0,0.0,0.0,0.0,18.954559064218017,11.107146311945012,270.10538214318365
59.0,6.0,599.0,0.0,0.0,0.0,0.0,0.0,23.83106671357921,12.02800588149387,116.9035738068376
86.0,10.0,730.0,0.0,4.0,8.0,48.0,10.0,7.834522056598124,2.008181062903435,2303.820705071255
75.0,8.0,519.0,0.0,0.0,0.0,0.0,0.0,19.0006104811104,7.9154700303861425,229.56399120919735
15.0,8.0,732.0,0.0,0.0,0.0,4.0,0.0,11.05307962888994,0.9736653515913404,2348.4917864422064
37.0,1.0,180.0,0.0,4.0,64.0,334.0,5.0,4.86132009281658,10.938252110044871,1763.7009997934729
71.0,9.0,364.0,0.0,20.0,36.0,356.0,7.0,12.9353728467665,9.119880761011077,1241.8200473054958
15.0,8.0,646.0,0.0,0.0,0.0,0.0,0.0,11.958562664011902,3.054283805020285,1176.1359103537886
74.0,8.0,534.0,0.0,0.0,0.0,0.0,0.0,15.098421825361386,3.841298548134227,355.6822143815796
59.0,6.0,609.0,0.0,0.0,0.0,0.0,0.0,24.13589706577503,12.82690670808287,171.2691328196156
73.0,6.0,29.0,0.0,0.0,0.0,0.0,0.0,22.985631018902705,14.015017688515156,182.429384827968
86.0,10.0,743.0,0.0,0.0,12.0,56.0,12.0,9.956086203532394,2.1421354104252344,2349.993569809336
29.0,10.0,329.0,0.0,0.0,4.0,32.0,1.0,14.171317205549352,5.030662376063421,1143.4791622836476
63.0,2.0,405.0,0.0,0.0,4.0,40.0,1.0,16.16840231487672,11.902158600881952,2039.785468663424
58.0,6.0,62.0,0.0,0.0,0.0,0.0,0.0,21.696759839782697,11.832349720294632,37.95360915615044
66.0,2.0,47.0,0.0,0.0,0.0,0.0,0.0,20.000697207761963,13.041028814213696,328.7361068067536
59.0,6.0,607.0,0.0,0.0,0.0,0.0,0.0,22.74185652074537,12.00190011630115,230.17428889493425
0.0,2.0,825.0,0.0,0.0,0.0,0.0,0.0,27.32999201822808,23.04987352299746,207.02096966751057
9.0,8.0,668.0,0.0,0.0,0.0,0.0,0.0,12.814280179567158,7.903105953032266,83.82930392370453
82.0,8.0,534.0,0.0,0.0,0.0,0.0,0.0,15.082413903599704,4.000059209382744,265.9200876058865
33.0,3.0,126.0,0.0,0.0,0.0,0.0,0.0,11.955630753223405,11.028456878805224,209.7898734840018
61.0,1.0,800.0,0.0,0.0,0.0,0.0,0.0,9.902212262466234,16.83347907661442,393.35783467885614
26.0,8.0,638.0,0.0,0.0,0.0,0.0,1.0,10.9349135171835,4.995732437450292,702.1930768550143
81.0,0.0,181.0,0.0,8.0,72.0,333.0,5.0,5.219287338968456,11.06780626494046,4283.605622258485
24.0,8.0,706.0,0.0,0.0,0.0,8.0,0.0,12.958462590816334,1.992915465924765,2476.3161108035847
28.0,1.0,806.0,0.0,0.0,0.0,0.0,1.0,10.931187190394834,19.09667012299903,364.9318496342213
32.0,6.0,569.0,0.0,0.0,0.0,0.0,0.0,17.996144399343898,7.080915721870393,121.73653700528722
57.0,3.0,144.0,0.0,0.0,0.0,0.0,0.0,9.922000569500357,9.019152864545974,102.52387873557508
32.0,6.0,536.0,0.0,0.0,0.0,0.0,0.0,16.124243595607133,4.070186442413792,633.7085382884798
15.0,8.0,678.0,0.0,0.0,0.0,0.0,1.0,9.083198860230786,3.9689303571158576,1363.5619714874013
59.0,6.0,67.0,0.0,0.0,0.0,0.0,0.0,22.096698078782307,12.040079017026704,170.54890055381895
9.0,8.0,274.0,0.0,0.0,0.0,0.0,0.0,15.072402107674062,10.035078511881482,204.61660397419487
57.0,3.0,120.0,0.0,0.0,0.0,0.0,0.0,9.897847991515818,9.99531664747984,325.4823973488361
43.0,8.0,513.0,0.0,0.0,0.0,0.0,0.0,20.030834602744697,8.919777031179597,89.69646649570875
44.0,8.0,672.0,0.0,0.0,0.0,0.0,0.0,13.27002961825119,8.964145016875301,122.80881014657189
59.0,6.0,597.0,0.0,0.0,0.0,0.0,0.0,23.995410338429508,13.050241050259723,29.88134931891797
69.0,3.0,136.0,0.0,0.0,0.0,0.0,0.0,9.179040561381782,7.01018212128128,218.2978344916885
75.0,8.0,510.0,0.0,0.0,0.0,0.0,0.0,16.978600982884068,5.970988408810645,161.7869012806283
27.0,2.0,838.0,0.0,0.0,0.0,0.0,0.0,22.96504062893563,18.835086973799665,69.15035659513043
21.0,9.0,324.0,0.0,4.0,20.0,100.0,5.0,14.0467441220011,7.973701667488809,1329.830905351849
32.0,6.0,39.0,0.0,0.0,0.0,0.0,0.0,19.018841762046737,10.146667850613216,141.0465098006756
2.0,11.0,464.0,12.0,48.0,73.0,472.0,17.0,9.904691448227476,5.8350010477231,3724.5157130260905
33.0,3.0,129.0,0.0,0.0,0.0,0.0,0.0,11.866835052655809,10.899205065556067,203.6884193816558
24.0,8.0,697.0,0.0,4.0,0.0,24.0,6.0,10.721016851087937,0.8263427035017329,1766.1449182153297
34.0,10.0,718.0,0.0,0.0,0.0,4.0,0.0,14.112257065220009,2.964122943487633,1579.8955755866211
16.0,1.0,424.0,0.0,40.0,88.0,395.0,5.0,5.961223140680515,10.115604244769996,1531.0646897902393
45.0,10.0,715.0,0.0,8.0,4.0,56.0,11.0,10.909365028880885,3.167346212668141,3514.932762165813
17.0,3.0,114.0,0.0,0.0,0.0,0.0,0.0,3.0740185613126885,13.118471530949192,224.69000637232108
74.0,8.0,706.0,0.0,0.0,0.0,4.0,0.0,13.108228499871045,2.096349032418455,580.0755223242949
23.0,3.0,252.0,0.0,0.0,0.0,60.0,1.0,3.101990157319884,7.938642879470835,1941.6876280677352
59.0,6.0,611.0,0.0,0.0,0.0,0.0,0.0,24.85923627293991,14.108845456830377,51.47358883267909
68.0,3.0,239.0,0.0,0.0,0.0,0.0,0.0,5.181418516949782,7.060453661044526,217.9861423889595
59.0,6.0,67.0,0.0,0.0,0.0,0.0,0.0,21.89832503297356,12.003568969532347,232.63847866582347
68.0,3.0,210.0,0.0,0.0,0.0,0.0,1.0,3.915893223971072,6.981890778372786,549.7184827809473
75.0,8.0,519.0,0.0,0.0,0.0,0.0,0.0,18.873288995887226,8.057493102151984,139.46859002003197
58.0,6.0,55.0,0.0,0.0,0.0,0.0,0.0,24.984151307232835,13.926385844523963,161.4886599338033
8.0,11.0,444.0,8.0,48.0,114.0,459.0,44.0,7.10412423864483,6.013948874660682,2638.110751707002
70.0,3.0,89.0,0.0,0.0,0.0,0.0,0.0,6.2587869449295095,10.96733199606977,140.7979185331204
28.0,1.0,800.0,0.0,0.0,0.0,0.0,0.0,10.104801715756407,16.918411512813506,281.8531450913585
59.0,6.0,623.0,0.0,0.0,0.0,0.0,0.0,21.842173939504068,11.028689064601735,230.7331929068736
59.0,6.0,67.0,0.0,0.0,0.0,0.0,0.0,21.930859484299635,10.852130211675597,155.01627938693397
76.0,3.0,104.0,0.0,0.0,0.0,0.0,0.0,4.8849694082898,10.96723774100029,175.83402983852648
34.0,10.0,579.0,0.0,0.0,0.0,20.0,1.0,13.95725562036598,4.985338856378201,1234.1929489135769
25.0,8.0,694.0,0.0,0.0,0.0,0.0,0.0,17.06431106215766,8.10319679215148,636.0813564726885
76.0,3.0,102.0,0.0,0.0,0.0,0.0,0.0,2.941631790609965,10.176896741897975,316.73972533790146
64.0,6.0,23.0,0.0,0.0,0.0,0.0,0.0,23.72039858965701,16.104826420116314,245.67670290207457
66.0,2.0,376.0,0.0,0.0,0.0,0.0,0.0,19.064796677124097,13.018806668842736,444.7487208608425
23.0,3.0,210.0,0.0,0.0,0.0,4.0,1.0,3.8551176680807178,5.952314521005326,1932.0887284509183
9.0,8.0,281.0,0.0,0.0,0.0,0.0,0.0,16.8423508405722,12.97402834972019,84.39282660979953
15.0,8.0,651.0,0.0,0.0,0.0,0.0,1.0,11.984869796934428,4.055957869902128,1428.1022142257814
9.0,8.0,271.0,0.0,0.0,0.0,0.0,0.0,15.846730956258508,11.024634501517305,126.49146999964164
73.0,6.0,26.0,0.0,0.0,0.0,0.0,0.0,24.041943611040047,14.99707708867236,129.23398173381523
86.0,10.0,725.0,0.0,0.0,8.0,48.0,9.0,8.095197323607557,1.9997623419815715,1517.560577514723
28.0,1.0,759.0,0.0,0.0,0.0,4.0,0.0,6.00260355656739,15.904892726189557,304.7763836096708
29.0,10.0,328.0,0.0,0.0,0.0,4.0,0.0,15.828153095737726,6.87260172321315,1171.176814861612
60.0,3.0,142.0,0.0,0.0,0.0,0.0,0.0,9.979080034816716,6.945205448251228,1573.830512681337
83.0,11.0,444.0,8.0,48.0,114.0,463.0,44.0,8.108421870074455,5.034574147785019,4922.943316536435
9.0,8.0,282.0,0.0,0.0,0.0,0.0,0.0,18.29126541713731,12.950214368495285,52.65035079112709
78.0,5.0,223.0,0.0,0.0,0.0,24.0,1.0,4.965340068058222,5.041728308171996,3330.921070435186
15.0,8.0,218.0,0.0,0.0,8.0,76.0,4.0,6.151493880738688,3.9620826711639214,1814.760301093929
2.0,11.0,466.0,16.0,50.0,159.0,408.0,25.0,9.814282354022913,7.103569963587613,2439.389782449574
32.0,6.0,572.0,0.0,0.0,0.0,0.0,0.0,20.065324356079376,9.006690392890812,305.0412039547044
84.0,11.0,470.0,20.0,57.0,190.0,390.0,19.0,9.026897378395256,6.039856591314831,2751.016697231859
28.0,1.0,769.0,0.0,0.0,0.0,0.0,0.0,9.91699572031655,16.984758435529702,461.0143357673463
0.0,2.0,390.0,0.0,0.0,0.0,0.0,0.0,21.002010842948856,14.987164084273614,472.6432074442959
80.0,3.0,91.0,0.0,0.0,0.0,0.0,0.0,7.830823363407608,13.07940045548437,120.49030293406804
15.0,8.0,659.0,0.0,0.0,0.0,0.0,0.0,13.903998342713985,5.144791176934393,396.7448270908472
34.0,10.0,700.0,0.0,0.0,4.0,12.0,5.0,11.742147856345468,2.1254569777467958,1181.796113102634
67.0,1.0,258.0,0.0,0.0,0.0,0.0,0.0,5.0432016304866085,15.910450378011571,76.7692736628621
34.0,10.0,718.0,0.0,0.0,0.0,8.0,0.0,13.817149333991592,3.004811367072115,1348.0620262858365
74.0,8.0,522.0,0.0,0.0,0.0,0.0,0.0,13.9166174730249,3.925627425604839,393.7893576722085
71.0,9.0,348.0,0.0,32.0,63.0,398.0,5.0,13.022117491448697,8.930995736416353,1965.346411958408
45.0,10.0,346.0,8.0,20.0,46.0,430.0,40.0,12.17249772192496,6.9584684521014095,3578.588301440114
0.0,2.0,828.0,0.0,0.0,0.0,0.0,0.0,26.19477130841412,21.17276708586739,408.8857511442935
75.0,8.0,501.0,0.0,0.0,0.0,0.0,0.0,18.953213134325743,8.026151812456026,125.37169596816896
79.0,9.0,335.0,0.0,0.0,0.0,0.0,0.0,16.98047123319151,11.083307548290213,540.7312674108288
67.0,1.0,257.0,0.0,0.0,0.0,0.0,0.0,4.877324230810985,16.06157469786327,248.57027927443
82.0,8.0,498.0,0.0,0.0,0.0,0.0,0.0,15.85345046209493,5.071517781211684,122.73946778944315
26.0,8.0,650.0,0.0,0.0,0.0,0.0,0.0,12.025521938356516,3.049102695650717,1338.7643628288124
34.0,10.0,720.0,0.0,0.0,0.0,8.0,0.0,14.072104842684098,3.040839245214569,833.3377682058881
75.0,8.0,509.0,0.0,0.0,0.0,0.0,0.0,18.89284433051587,8.010011780860264,65.36298316177209
59.0,6.0,552.0,0.0,0.0,0.0,0.0,0.0,20.98841316704145,11.041735182261723,51.3971874643396
33.0,3.0,128.0,0.0,0.0,0.0,0.0,0.0,10.962964907251909,10.092384653286802,148.4159548081558
15.0,8.0,231.0,0.0,0.0,0.0,12.0,0.0,7.128459763979577,2.9562485219470616,1833.9037234946
63.0,2.0,371.0,0.0,0.0,0.0,0.0,0.0,19.879529537408075,15.827514409353087,621.4717494528189
93.0,1.0,778.0,0.0,0.0,0.0,4.0,0.0,6.037871771869883,15.06151713800323,1031.4102409938134
82.0,8.0,524.0,0.0,0.0,0.0,0.0,0.0,13.93951350595386,4.078332908855563,388.4252816185769
59.0,6.0,603.0,0.0,0.0,0.0,0.0,0.0,23.968724472084684,13.020566851836843,135.07154300171675
43.0,8.0,623.0,0.0,0.0,0.0,0.0,0.0,21.79070390597221,10.923056401591426,80.10605986355405
65.0,1.0,202.0,0.0,0.0,4.0,0.0,0.0,3.0569236979761483,12.974635759857096,831.306487994775
24.0,8.0,704.0,0.0,0.0,0.0,4.0,0.0,12.990382000829168,1.0554036303814482,1233.9387933445776
66.0,2.0,45.0,0.0,0.0,0.0,0.0,0.0,20.981232608124635,14.186509829845455,206.91232122508524
91.0,0.0,476.0,8.0,20.0,56.0,361.0,9.0,4.020019462352418,8.014990107904062,4011.997871233129
34.0,10.0,724.0,0.0,0.0,0.0,8.0,0.0,12.814525944085446,3.09313841840948,1392.146259550401
11.0,5.0,481.0,12.0,28.0,56.0,433.0,17.0,5.991550357624505,5.977384120194288,2310.006273677673
27.0,2.0,834.0,0.0,0.0,0.0,0.0,0.0,23.8005902787449,19.96247107842398,28.216070914942154
24.0,8.0,698.0,0.0,0.0,4.0,12.0,4.0,11.941494188341265,0.9652961038304716,1872.66357661557
9.0,8.0,282.0,0.0,0.0,0.0,0.0,0.0,18.22093570996138,13.117055009458143,69.53288464261274
93.0,1.0,203.0,0.0,0.0,0.0,4.0,0.0,4.94598878766282,13.987538979123212,133.0461186816704
59.0,6.0,597.0,0.0,0.0,0.0,0.0,0.0,24.142478382323464,12.87773198252387,45.4375295069442
59.0,6.0,620.0,0.0,0.0,0.0,0.0,0.0,23.00491491129044,12.01698684833493,56.29337402185156
44.0,8.0,276.0,0.0,0.0,0.0,0.0,0.0,14.01023389331093,8.955045160714922,226.37147094151484
32.0,6.0,582.0,0.0,0.0,0.0,0.0,0.0,17.065311397396908,5.952911020097501,525.0451839649179
22.0,2.0,302.0,16.0,36.0,230.0,271.0,8.0,11.887558337617817,9.955869934843102,2912.921332707024
15.0,8.0,228.0,0.0,0.0,0.0,8.0,1.0,7.699551338824263,1.8522469044580356,2050.4387535677147
34.0,10.0,720.0,0.0,0.0,0.0,8.0,0.0,14.17177916877286,3.006544807501384,1368.3231013818065
45.0,10.0,579.0,0.0,0.0,0.0,12.0,0.0,15.137703358525467,5.037518179901633,1168.3065167983764
71.0,9.0,300.0,0.0,12.0,28.0,330.0,3.0,13.130660127618354,10.903024118006716,1505.3250734862452
29.0,10.0,590.0,0.0,0.0,0.0,0.0,0.0,18.91848541085456,9.144067853412688,494.91509455045
3.0,0.0,473.0,20.0,101.0,247.0,225.0,12.0,6.147040664688743,9.917903347825382,5144.475744993286
15.0,8.0,651.0,0.0,0.0,0.0,0.0,1.0,13.097252124628412,4.000618856315279,1000.6866115138932
69.0,3.0,216.0,0.0,0.0,0.0,0.0,0.0,8.19634168456897,5.972280312923929,178.35812092621043
26.0,8.0,653.0,0.0,0.0,0.0,0.0,0.0,13.921817143514636,4.9942570245014455,677.2003881780344
26.0,8.0,640.0,0.0,0.0,0.0,0.0,0.0,16.045071448379275,9.052076813996145,122.11236887663796
63.0,2.0,376.0,0.0,0.0,0.0,0.0,0.0,18.84079947107726,13.059359033860026,1108.5266923708932
15.0,8.0,734.0,0.0,0.0,0.0,4.0,1.0,10.986886674001031,0.0625049971323995,1948.129882799729
5.0,0.0,490.0,94.0,323.0,119.0,76.0,13.0,8.18253861031941,9.051719289994349,4487.904680235971
20.0,9.0,321.0,0.0,0.0,4.0,36.0,1.0,15.002524895181615,8.899660735829318,1553.32776154739
4.0,0.0,474.0,32.0,80.0,175.0,314.0,17.0,5.760446787812876,8.07333052013082,6053.115334780886
75.0,8.0,509.0,0.0,0.0,0.0,0.0,0.0,18.09021438547299,7.055021874915121,182.82912740202607
62.0,3.0,98.0,0.0,0.0,0.0,0.0,0.0,2.822535565788677,10.868660596798708,271.67251937746306
15.0,8.0,648.0,0.0,0.0,0.0,4.0,0.0,12.012276912651132,2.086878695226364,1101.628761031645
15.0,8.0,651.0,0.0,0.0,0.0,0.0,1.0,12.982288836653728,4.084537913921549,1291.8375045728558
21.0,9.0,361.0,0.0,0.0,16.0,56.0,4.0,14.976528809473043,9.065645628381198,1376.164506189834
15.0,8.0,675.0,0.0,0.0,0.0,0.0,0.0,9.959342977658636,3.871156508148381,1436.9955946150217
74.0,8.0,537.0,0.0,0.0,0.0,0.0,0.0,15.934722478742726,4.872817151529296,223.20658238613743
30.0,9.0,361.0,0.0,0.0,24.0,79.0,6.0,13.968229047036866,8.857412298113726,1595.1116085975607
45.0,10.0,744.0,4.0,16.0,20.0,143.0,32.0,10.035675251223497,2.863828834579952,3638.473227995759
68.0,3.0,214.0,0.0,0.0,0.0,0.0,1.0,8.132498209343787,3.957015576807137,455.9315122002873
17.0,3.0,114.0,0.0,0.0,0.0,0.0,0.0,3.060566177166074,11.8465267046223,424.1813380255084
77.0,4.0,313.0,4.0,204.0,203.0,178.0,9.0,11.201853978668575,10.047059186381272,2535.2097358895603
74.0,8.0,722.0,0.0,0.0,0.0,8.0,0.0,12.98117994700652,2.053261960175433,592.0305839481854
82.0,8.0,646.0,0.0,0.0,0.0,0.0,0.0,11.998462098314256,3.176733384690161,263.9005783208445
79.0,9.0,332.0,0.0,0.0,0.0,8.0,1.0,17.218204345236714,10.970422378947209,770.093984790988
32.0,6.0,580.0,0.0,0.0,0.0,0.0,0.0,16.139017763526248,4.878537725577098,503.412383411879
15.0,8.0,731.0,0.0,0.0,0.0,8.0,1.0,9.84824476007849,1.0699283802915172,2397.263226620932
68.0,3.0,241.0,0.0,0.0,0.0,0.0,0.0,4.98713025229329,7.936723130047599,195.46853288254468
2.0,11.0,467.0,4.0,32.0,40.0,416.0,21.0,9.852479065564534,5.094351193366902,3227.419751316392
32.0,6.0,718.0,0.0,0.0,0.0,4.0,0.0,13.884465587719369,2.809623251296533,946.4431091143996
33.0,3.0,145.0,0.0,0.0,0.0,0.0,0.0,11.008356492455086,9.934202274057457,191.33935421340573
29.0,10.0,593.0,0.0,0.0,0.0,4.0,0.0,16.054067334314656,7.996757702688838,1049.16693283607
26.0,8.0,645.0,0.0,0.0,0.0,0.0,0.0,14.101026902069115,6.929287071885327,477.6449404213443
24.0,8.0,698.0,0.0,0.0,0.0,8.0,0.0,11.892730721487156,0.901034635888976,2868.7742278495098
25.0,8.0,685.0,0.0,0.0,0.0,0.0,0.0,17.99181345253008,10.20470157408728,221.1415139527218
24.0,8.0,699.0,0.0,4.0,4.0,28.0,5.0,12.171288576957444,2.043111164843492,2753.506029144231
24.0,8.0,725.0,0.0,0.0,8.0,40.0,7.0,8.049007554935876,2.0598086985950133,3140.3179684925103
9.0,8.0,689.0,0.0,0.0,0.0,0.0,0.0,15.924842130252872,10.065595328500892,129.05041082695965
59.0,6.0,614.0,0.0,0.0,0.0,0.0,0.0,20.0231759998244,8.886459442223758,134.81548500572865
82.0,8.0,648.0,0.0,0.0,0.0,4.0,1.0,11.9521849630469,2.104364732873492,462.34152362362346
48.0,0.0,475.0,4.0,20.0,72.0,360.0,7.0,4.944069829358247,9.836842351367476,2759.443690884987
24.0,8.0,702.0,0.0,0.0,4.0,8.0,0.0,11.052942829290703,0.0,2798.616860793284
93.0,1.0,429.0,0.0,0.0,0.0,0.0,0.0,8.985592855184706,15.935785686946272,473.34337738970345
8.0,11.0,456.0,12.0,28.0,97.0,488.0,54.0,7.13621270063467,4.946240691458673,3209.904330256126
59.0,6.0,600.0,0.0,0.0,0.0,0.0,0.0,23.10906002045152,10.999786550266071,180.1463061094753
27.0,2.0,408.0,0.0,0.0,0.0,0.0,0.0,20.021851823471216,17.155567842954245,169.3509305760847
32.0,6.0,592.0,0.0,0.0,0.0,0.0,0.0,16.914560737255215,7.109976050309505,645.5225391670593
37.0,1.0,423.0,0.0,0.0,40.0,347.0,4.0,5.689255735010965,11.950371244788323,1652.6337625909534
37.0,1.0,415.0,0.0,0.0,0.0,204.0,0.0,10.094229258979276,13.891913335018309,1913.2382704088784
44.0,8.0,663.0,0.0,0.0,0.0,0.0,1.0,10.192217421315387,5.133599813071203,314.8720541021144
57.0,3.0,128.0,0.0,0.0,0.0,0.0,0.0,10.865805890987014,10.011875834261074,103.75220291728684
73.0,6.0,13.0,0.0,0.0,0.0,0.0,0.0,22.172496666040885,14.01055902557218,186.46297971885187
34.0,10.0,577.0,0.0,0.0,0.0,16.0,1.0,13.847004168642751,4.061157043716547,1388.2694898074158
62.0,3.0,84.0,0.0,0.0,0.0,0.0,0.0,5.180755225901125,13.04520728332282,56.423289266897385
59.0,6.0,565.0,0.0,0.0,0.0,0.0,0.0,19.96665239809147,9.035652311788455,153.73956196573656
25.0,8.0,505.0,0.0,0.0,0.0,0.0,0.0,17.994571461864297,8.00806230812007,718.9971178614633
80.0,3.0,163.0,0.0,0.0,0.0,0.0,0.0,7.232125178891071,10.909353059467174,117.99283178655206
13.0,5.0,190.0,0.0,4.0,24.0,136.0,3.0,3.0833731702136364,9.044045643010373,3474.122943736787
57.0,3.0,212.0,0.0,0.0,0.0,0.0,0.0,8.968891989438548,4.774227076835727,492.1216814086284
45.0,10.0,579.0,0.0,0.0,0.0,16.0,1.0,14.143111252800786,4.963223239916069,2718.517226424012
72.0,3.0,161.0,0.0,0.0,0.0,0.0,0.0,7.121336999826049,9.093701775886627,608.6534668629569
74.0,8.0,585.0,0.0,0.0,0.0,0.0,0.0,17.015646724360014,5.023253359619003,349.2443183612427
57.0,3.0,145.0,0.0,0.0,0.0,0.0,0.0,10.763437476101949,9.993402185390174,322.54545719544643
72.0,3.0,123.0,0.0,0.0,0.0,0.0,0.0,9.026847595342756,11.040899281984249,468.2744084852403
32.0,6.0,577.0,0.0,0.0,0.0,8.0,0.0,14.933973934164149,4.105742557084101,899.8481564872736
82.0,8.0,538.0,0.0,0.0,0.0,0.0,0.0,13.937132848603191,2.972311693423806,278.2228423143365
79.0,9.0,334.0,0.0,0.0,0.0,4.0,0.0,16.996632360835616,11.040158258449695,613.9908674379561
23.0,3.0,246.0,0.0,0.0,0.0,64.0,1.0,3.0806122561126363,7.0773616667045465,1322.627913822913
59.0,6.0,598.0,0.0,0.0,0.0,0.0,0.0,21.889711949921804,10.817572399303495,168.056964806112
29.0,10.0,343.0,0.0,0.0,0.0,16.0,0.0,14.830180537823871,8.113080661731486,1273.6979391300583
69.0,3.0,136.0,0.0,0.0,0.0,0.0,0.0,8.993086466423366,7.000441958778824,172.7165824499746
81.0,0.0,475.0,4.0,24.0,60.0,376.0,9.0,5.17271339370642,9.01467940404294,3338.2154733596803
75.0,8.0,492.0,0.0,0.0,0.0,0.0,0.0,17.140181990478393,5.981873897787329,224.1844212352369
64.0,6.0,10.0,0.0,0.0,0.0,0.0,0.0,20.853427669588104,13.042219196486192,111.19626531818614
43.0,8.0,551.0,0.0,0.0,0.0,0.0,0.0,19.726987820791727,10.166858807263164,64.94699064769786
82.0,8.0,498.0,0.0,0.0,0.0,0.0,0.0,16.18410174357713,5.058518694934016,114.36616516845342
28.0,1.0,762.0,0.0,0.0,0.0,4.0,0.0,4.947688287028153,14.909945236220212,566.2606384319957
27.0,2.0,397.0,0.0,0.0,0.0,4.0,1.0,18.18394223287213,14.110032560158473,160.55679774782834
0.0,2.0,818.0,0.0,0.0,0.0,0.0,0.0,25.022154249066983,19.988240575546385,338.34486618498977
25.0,8.0,530.0,0.0,0.0,0.0,0.0,0.0,17.04844485585712,6.901586642886381,873.3269462834801
12.0,5.0,175.0,0.0,0.0,0.0,4.0,0.0,0.0,10.96640517308334,806.8830585268529
22.0,2.0,315.0,12.0,102.0,213.0,242.0,6.0,11.174542791732378,10.02642979120919,2959.335228101928
82.0,8.0,521.0,0.0,0.0,0.0,0.0,0.0,15.987939581742513,5.073055701684626,311.3830692795831
25.0,8.0,529.0,0.0,0.0,0.0,0.0,0.0,16.012561411705562,5.968544369672478,763.6376999708776
74.0,8.0,535.0,0.0,0.0,0.0,0.0,0.0,15.843268574036223,4.952514791919032,148.94724531503465
21.0,9.0,332.0,0.0,0.0,0.0,20.0,1.0,16.05976215837704,9.995381031567122,1179.4264816463665
32.0,6.0,721.0,0.0,0.0,0.0,4.0,0.0,14.84575016164622,3.835892880625939,623.9532910094745
29.0,10.0,333.0,0.0,0.0,0.0,0.0,0.0,16.766476308155053,10.21068975164061,900.3713039057958
65.0,1.0,200.0,0.0,4.0,0.0,8.0,0.0,4.063411849760732,12.957509614646142,829.2935446243986
93.0,1.0,442.0,0.0,0.0,0.0,24.0,0.0,7.053503698172595,14.039188952752678,1129.3377694679216
59.0,6.0,555.0,0.0,0.0,0.0,0.0,0.0,23.04953075964551,11.879161648819084,158.85508835638214
60.0,3.0,284.0,0.0,0.0,0.0,0.0,0.0,13.893419046741304,12.051369445047117,1048.4949645099591
8.0,11.0,444.0,16.0,44.0,173.0,412.0,32.0,8.09528991673691,5.922219786677251,2594.778058147684
67.0,1.0,783.0,0.0,0.0,0.0,0.0,0.0,9.12653570639938,19.040796388989143,155.31007353510563
0.0,2.0,819.0,0.0,0.0,0.0,0.0,0.0,24.01891790838583,19.08556833424959,214.86946805757557
26.0,8.0,632.0,0.0,0.0,0.0,0.0,1.0,11.937882422249052,5.039729570139904,822.8304335732225
34.0,10.0,720.0,0.0,0.0,0.0,4.0,0.0,14.892073294408288,4.045969410523017,845.1042570878293
58.0,6.0,61.0,0.0,0.0,0.0,0.0,0.0,23.0309870478481,12.987268979420197,78.4421305869212
15.0,8.0,728.0,0.0,0.0,8.0,36.0,3.0,7.815299132144651,1.950455866233928,1999.063752953589
12.0,5.0,183.0,4.0,0.0,12.0,145.0,1.0,3.938775208055453,10.996504883017373,2853.8741099643967
82.0,8.0,649.0,0.0,0.0,0.0,0.0,1.0,13.227607274084868,2.954172683754579,450.48295142469743
61.0,1.0,775.0,0.0,0.0,0.0,4.0,1.0,6.993904074993601,16.110118146186753,518.5920704329964
17.0,3.0,113.0,0.0,0.0,0.0,0.0,0.0,3.0651151314725547,13.000779306441473,445.7655915877677
76.0,3.0,160.0,0.0,0.0,0.0,0.0,0.0,5.984231281381359,9.102715122535162,213.05283000271183
60.0,3.0,145.0,0.0,0.0,0.0,0.0,0.0,11.944700033027878,9.910182116154886,961.1182644386312
68.0,3.0,204.0,0.0,0.0,0.0,0.0,0.0,5.0129277001293335,4.923038698629849,857.9368864959591
65.0,1.0,200.0,0.0,4.0,0.0,32.0,0.0,4.021867874389297,12.974173230874298,603.9090990526095
23.0,3.0,248.0,0.0,0.0,0.0,76.0,3.0,3.974376325397964,7.073465942514688,1304.1589757077638
23.0,3.0,96.0,0.0,0.0,0.0,0.0,0.0,1.80242926487842,9.900716518542918,569.133938755991
11.0,5.0,482.0,0.0,0.0,44.0,187.0,9.0,3.9085726942170793,7.054606389077952,1456.821817286661
57.0,3.0,216.0,0.0,0.0,0.0,0.0,0.0,8.073942704003272,5.884745960307024,478.2260055326948
11.0,5.0,187.0,0.0,12.0,24.0,187.0,3.0,3.0994498142277416,8.994515214727931,2007.0534512391412
15.0,8.0,651.0,0.0,0.0,0.0,0.0,1.0,13.1699833562335,3.87906248367593,1267.528870097727
63.0,2.0,311.0,0.0,0.0,4.0,36.0,2.0,15.14922048104814,13.055409644025726,1847.8275254890427
79.0,9.0,332.0,0.0,0.0,0.0,8.0,1.0,17.286873209616964,10.953829812613115,680.5190646527544
79.0,9.0,38.0,0.0,0.0,0.0,0.0,0.0,18.828169102432124,11.8509625576744,289.1740964620793
28.0,1.0,809.0,0.0,0.0,0.0,0.0,0.0,11.936232116109323,20.05515098377429,137.99840848456515
0.0,2.0,384.0,0.0,0.0,0.0,0.0,0.0,21.92241213267673,16.09874132326575,522.3258681188457
26.0,8.0,644.0,0.0,0.0,0.0,0.0,0.0,15.072019387958308,7.997953778448494,115.04437515483534
26.0,8.0,635.0,0.0,0.0,0.0,0.0,1.0,12.127178892860693,4.069588529321185,1248.8910587896514
24.0,8.0,697.0,0.0,4.0,0.0,20.0,7.0,10.935838884523886,1.006228292301827,2121.69641260405
65.0,1.0,184.0,0.0,4.0,4.0,120.0,1.0,4.1756134693077405,12.027309313316357,896.7644449921497
72.0,3.0,125.0,0.0,0.0,0.0,0.0,0.0,9.249183102821902,11.052284062902046,606.0370906387778
33.0,3.0,154.0,0.0,0.0,0.0,0.0,0.0,12.071896598760729,13.146105875717396,159.3750846577664
17.0,3.0,176.0,0.0,0.0,0.0,0.0,0.0,0.8869784773643551,10.158635665775387,435.8226019196427
32.0,6.0,583.0,0.0,0.0,0.0,0.0,0.0,17.011045520248327,5.922700120497026,245.38362846296135
75.0,8.0,529.0,0.0,0.0,0.0,0.0,0.0,16.882993006343483,6.837428516709013,147.60314388095023
80.0,3.0,91.0,0.0,0.0,0.0,0.0,0.0,8.071164004124752,12.841542701535989,47.49816544168245
59.0,6.0,618.0,0.0,0.0,0.0,0.0,0.0,20.1088674062863,8.997103883132231,104.26194306133551
86.0,10.0,742.0,0.0,12.0,16.0,114.0,20.0,8.920237105635271,2.9941320424113624,2250.018051115394
59.0,6.0,565.0,0.0,0.0,0.0,0.0,0.0,20.142683640897417,9.035294539174046,122.79697270181003
32.0,6.0,583.0,0.0,0.0,0.0,0.0,0.0,17.947951954445614,7.1765621150376,117.12204828548892
25.0,8.0,497.0,0.0,0.0,0.0,0.0,0.0,16.771789155202004,7.007922337350213,348.0068667153855
25.0,8.0,525.0,0.0,0.0,0.0,0.0,0.0,13.92562129770663,4.940546348166719,728.3399905862756
48.0,0.0,472.0,16.0,92.0,137.0,344.0,14.0,6.15093964494208,7.87016198295876,2564.594122534761
58.0,6.0,68.0,0.0,0.0,0.0,0.0,0.0,22.972937719589,11.941559635157544,176.29054352415187
74.0,8.0,704.0,0.0,0.0,0.0,4.0,0.0,13.046184923141398,1.9768752124253055,306.5627244598902
28.0,1.0,770.0,0.0,0.0,0.0,0.0,0.0,9.211608254288972,17.835186054815296,213.0068818101061
82.0,8.0,510.0,0.0,0.0,0.0,0.0,0.0,16.870351707996246,6.039349975291627,342.3324339644932
28.0,1.0,757.0,0.0,0.0,0.0,0.0,0.0,6.95155524022373,18.089690090629603,180.03912554204467
45.0,10.0,467.0,0.0,40.0,42.0,417.0,21.0,11.138031676728506,5.952153051758899,3231.007936809369
23.0,3.0,93.0,0.0,0.0,0.0,0.0,0.0,1.896384235155196,11.103516524838076,334.1321793963281
95.0,4.0,463.0,89.0,322.0,96.0,136.0,41.0,10.000953986487978,8.967491889989217,4089.3263692115056
45.0,10.0,716.0,0.0,4.0,4.0,24.0,5.0,12.140575400919811,1.904946215839304,2340.62694318248
37.0,1.0,439.0,0.0,0.0,12.0,259.0,1.0,7.223125653850752,11.95711612754428,1682.721455575575
64.0,6.0,31.0,0.0,0.0,0.0,0.0,0.0,22.9191468098068,13.887272281974646,651.8597192995543
59.0,6.0,631.0,0.0,0.0,0.0,0.0,0.0,22.08803703967768,10.912768734111712,156.43865088626558
26.0,8.0,657.0,0.0,0.0,0.0,0.0,0.0,12.974612773229246,6.0570467067392535,875.9073140383916
9.0,8.0,288.0,0.0,0.0,0.0,0.0,0.0,14.15870403332788,11.125062999057382,144.4017712436479
79.0,9.0,333.0,0.0,0.0,0.0,0.0,0.0,16.911603028360997,9.88233463970952,641.4068778151238
31.0,3.0,151.0,0.0,0.0,0.0,0.0,0.0,8.915833462097286,12.997231887028606,24.30811223482723
20.0,9.0,338.0,0.0,0.0,0.0,24.0,1.0,16.03810605236436,10.197111337107948,1345.0511199008972
0.0,2.0,829.0,0.0,0.0,0.0,0.0,0.0,25.91593432296741,20.972932178352927,610.1330862661837
61.0,1.0,429.0,0.0,0.0,0.0,0.0,0.0,8.9678206009102,16.196668926614425,642.7497953791107
81.0,0.0,473.0,20.0,96.0,208.0,265.0,12.0,6.213977852825012,9.03706831825798,4404.042201505919
66.0,2.0,38.0,0.0,0.0,0.0,0.0,0.0,17.781966403853538,11.936685784025869,606.6625842940632
66.0,2.0,47.0,0.0,0.0,0.0,0.0,0.0,19.905304165365607,13.021177854216578,208.85960491846004
13.0,5.0,190.0,0.0,4.0,12.0,148.0,2.0,3.252411178837495,9.851656480481456,1879.973012860293
59.0,6.0,627.0,0.0,0.0,0.0,0.0,0.0,23.03906761312316,10.805076958836825,168.92193405952423
63.0,2.0,399.0,0.0,0.0,0.0,12.0,1.0,16.976847712165444,13.923505795620637,1645.425954844449
28.0,1.0,756.0,0.0,0.0,0.0,0.0,0.0,9.152936979001929,19.12891427151396,132.3214148877259
1.0,11.0,351.0,12.0,32.0,58.0,459.0,23.0,11.032338247108862,5.8282550367147685,3274.99547283263
43.0,8.0,623.0,0.0,0.0,0.0,0.0,0.0,22.128662146160377,10.917211567815094,79.31948845161506
0.0,2.0,813.0,0.0,0.0,0.0,0.0,0.0,24.983855171064885,20.958709051777216,191.49742018386985
29.0,10.0,33.0,0.0,0.0,0.0,0.0,0.0,20.0948288164642,11.960661483643742,331.4743338775792
33.0,3.0,126.0,0.0,0.0,0.0,0.0,0.0,12.09177653361937,10.911187796935817,141.51705323975338
79.0,9.0,44.0,0.0,0.0,0.0,0.0,0.0,18.042936271003654,10.132252320858946,431.5251097871013
66.0,2.0,405.0,0.0,0.0,4.0,32.0,2.0,16.04974256499257,12.02585063951766,687.0982846895544
10.0,0.0,471.0,16.0,96.0,129.0,352.0,11.0,6.03877234361356,9.14384189225061,2702.943740325344
67.0,1.0,192.0,0.0,0.0,0.0,4.0,0.0,4.041367008814778,14.934760568414212,254.8496538424363
72.0,3.0,162.0,0.0,0.0,0.0,0.0,0.0,6.887970601635768,10.946002232984217,555.7646039247165
76.0,3.0,105.0,0.0,0.0,0.0,0.0,0.0,4.98890800606821,10.940638923825274,231.8059663486192
9.0,8.0,264.0,0.0,0.0,0.0,0.0,0.0,16.046179872278174,12.001077024888872,49.16164478415628
61.0,1.0,777.0,0.0,0.0,0.0,4.0,0.0,6.99221135272179,16.111198574575173,310.29469812273646
79.0,9.0,37.0,0.0,0.0,0.0,0.0,0.0,17.947581056310046,9.891625253404202,832.5264445103317
32.0,6.0,575.0,0.0,0.0,0.0,4.0,0.0,15.925078531973934,6.03709502884707,687.774609225424
43.0,8.0,541.0,0.0,0.0,0.0,0.0,0.0,22.930204798934263,13.184316287217973,135.22806461817487
31.0,3.0,147.0,0.0,0.0,0.0,0.0,0.0,9.154619134922344,12.86492023103794,49.495530715354434
43.0,8.0,514.0,0.0,0.0,0.0,0.0,0.0,20.73405268787131,10.005699160313892,39.56585378401798
66.0,2.0,34.0,0.0,0.0,0.0,0.0,0.0,18.83376927824905,11.83580036573346,667.0328486855425
62.0,3.0,93.0,0.0,0.0,0.0,0.0,0.0,1.0449804740578696,10.968971692485484,234.7109651026217
43.0,8.0,514.0,0.0,0.0,0.0,0.0,0.0,19.87750516028577,8.980364589645268,91.1473203184872
78.0,5.0,482.0,0.0,0.0,36.0,175.0,8.0,4.256256305489695,6.983863807784465,3061.803999005692
59.0,6.0,604.0,0.0,0.0,0.0,0.0,0.0,24.827965127133726,13.830859436053478,44.5098356847956
74.0,8.0,709.0,0.0,0.0,0.0,0.0,0.0,13.193628349323394,2.0042545069492306,219.4276225538005
9.0,8.0,292.0,0.0,0.0,0.0,0.0,0.0,14.17632116680624,12.113097720741909,109.87480979660025
68.0,3.0,135.0,0.0,0.0,0.0,0.0,0.0,7.057097512722265,6.968382131339265,217.64787800733265
29.0,10.0,342.0,0.0,0.0,0.0,0.0,0.0,17.841763967656593,10.13500580212456,1054.9528538516438
67.0,1.0,757.0,0.0,0.0,0.0,0.0,0.0,6.804866819245355,17.0164915391231,376.19053451781485
28.0,1.0,800.0,0.0,0.0,0.0,0.0,0.0,9.972817855328614,17.169374628126423,456.0829929188329
72.0,3.0,125.0,0.0,0.0,0.0,0.0,0.0,7.935329926208672,10.980304810307842,420.4127012910007
25.0,8.0,693.0,0.0,0.0,0.0,0.0,0.0,16.11284028616233,7.098871738642995,801.2252726576271
45.0,10.0,711.0,0.0,0.0,8.0,36.0,7.0,12.112654822635848,3.0436844982594087,3701.8613910401928
29.0,10.0,326.0,0.0,0.0,0.0,8.0,0.0,15.068190120674329,5.964420966828338,1245.2154266276252
45.0,10.0,700.0,0.0,0.0,4.0,12.0,5.0,12.06064275239493,1.961936719460328,2864.487144242911
22.0,2.0,313.0,4.0,190.0,203.0,192.0,8.0,11.029979959039467,9.8662775040718,1997.8752628361476
67.0,1.0,750.0,0.0,0.0,0.0,0.0,0.0,13.932914390056167,22.965417867694903,367.3720550054143
12.0,5.0,165.0,0.0,0.0,4.0,8.0,0.0,0.9665338137488484,11.039131923897251,2847.67663131328
17.0,3.0,114.0,0.0,0.0,0.0,0.0,0.0,4.240177340510252,13.02672831608009,527.727704434264
37.0,1.0,441.0,0.0,0.0,4.0,56.0,0.0,5.204482930858819,12.977335628610422,1531.4948366774397
78.0,5.0,483.0,0.0,0.0,28.0,164.0,7.0,3.949478724144924,6.844036284886074,3284.512076226976
59.0,6.0,509.0,0.0,0.0,0.0,0.0,0.0,18.91757420522668,8.017772639012659,36.06151057218046
20.0,9.0,320.0,0.0,0.0,8.0,56.0,2.0,14.041539921210964,7.8590392647072065,959.974515337665
23.0,3.0,173.0,0.0,0.0,0.0,16.0,0.0,0.8171782507389147,9.056735910882164,1377.0525142423908
16.0,1.0,477.0,0.0,24.0,96.0,401.0,4.0,4.850984342826799,10.000160424757912,2239.9355561437933
15.0,8.0,702.0,0.0,0.0,4.0,8.0,4.0,11.473526581407386,0.0500604644962068,1537.8615339512269
58.0,6.0,56.0,0.0,0.0,0.0,0.0,0.0,25.91822340171817,14.92819100022706,77.75772743481392
75.0,8.0,506.0,0.0,0.0,0.0,0.0,0.0,18.091492168824622,6.970095982185743,173.79531520145974
8.0,11.0,456.0,8.0,32.0,80.0,501.0,54.0,7.164036827089828,4.841035827150469,3914.0428067216144
59.0,6.0,607.0,0.0,0.0,0.0,0.0,0.0,23.00780325078744,11.943875523279717,153.40489063037845
88.0,9.0,350.0,20.0,55.0,214.0,324.0,25.0,10.983876863691068,6.97130003890074,1771.4682824004456
37.0,1.0,417.0,0.0,0.0,4.0,213.0,1.0,6.973779206957481,13.147532489575063,1572.9970113432678
63.0,2.0,407.0,0.0,0.0,4.0,12.0,1.0,15.92341248090338,11.913954630231176,3143.227175201393
68.0,3.0,211.0,0.0,0.0,0.0,0.0,0.0,6.923528341402009,5.084357139845305,791.0635119838391
28.0,1.0,805.0,0.0,0.0,0.0,0.0,0.0,12.076714263032098,19.9233213740142,106.76292674710535
30.0,9.0,366.0,0.0,4.0,8.0,89.0,1.0,14.71845950539042,10.089611638444357,1323.0033555341115
68.0,3.0,211.0,0.0,0.0,0.0,0.0,0.0,6.995118802049007,6.034654030945033,422.3239398906082
45.0,10.0,699.0,0.0,4.0,4.0,24.0,5.0,11.982136209893524,2.0541873166170244,3320.9111751092078
0.0,2.0,76.0,0.0,0.0,0.0,0.0,0.0,26.05573021775443,20.987072086580007,323.68581101543367
13.0,5.0,187.0,0.0,24.0,40.0,275.0,6.0,4.0410934282686855,9.119039415188745,1446.294038290537
86.0,10.0,744.0,0.0,28.0,12.0,190.0,38.0,9.176342136813632,3.946958372921345,2207.096463229768
77.0,4.0,459.0,10.0,222.0,217.0,168.0,35.0,10.961828114919314,9.025801947458351,2880.166905418489
45.0,10.0,351.0,12.0,36.0,79.0,442.0,36.0,10.968027260503131,6.85847185330632,2255.912221414532
37.0,1.0,200.0,0.0,4.0,0.0,40.0,0.0,5.091509111511913,13.063630782390234,1603.6135107826342
59.0,6.0,68.0,0.0,0.0,0.0,0.0,0.0,22.994639197415093,11.856936839276722,24.70607927880444
45.0,10.0,347.0,4.0,16.0,28.0,276.0,24.0,12.085036877926845,6.950701642799551,2845.789384294551
22.0,2.0,302.0,16.0,109.0,253.0,223.0,15.0,11.0038708857009,8.974588618365921,3194.6035752404
68.0,3.0,212.0,0.0,0.0,0.0,0.0,0.0,8.148525142725537,5.01619672744382,656.1611227150255
15.0,8.0,227.0,0.0,0.0,0.0,16.0,0.0,6.968240847249992,2.9305680828465843,1894.7003875952437
75.0,8.0,508.0,0.0,0.0,0.0,0.0,0.0,18.10242290085941,7.032108641396239,201.36537477915863
83.0,11.0,452.0,8.0,32.0,101.0,488.0,26.0,8.024714945922694,5.0450200220025,3005.8778065561983
63.0,2.0,401.0,0.0,0.0,0.0,8.0,1.0,16.925923272917178,11.90898562696937,1842.9308351672232
74.0,8.0,585.0,0.0,0.0,0.0,0.0,0.0,16.111166625775958,5.092410194645804,258.68325592577645
29.0,10.0,330.0,0.0,0.0,0.0,20.0,1.0,14.029117308135374,4.949301694473568,1102.6713772186038
74.0,8.0,723.0,0.0,0.0,0.0,4.0,0.0,14.023389846998125,3.053330949972484,505.3588988597167
33.0,3.0,156.0,0.0,0.0,0.0,0.0,0.0,10.747565057243866,11.98008113144946,323.52476521104626
59.0,6.0,544.0,0.0,0.0,0.0,0.0,0.0,23.915671766748915,12.939445239229997,193.118681072128
25.0,8.0,533.0,0.0,0.0,0.0,0.0,0.0,15.704760552428294,5.925448776359847,771.4833431631014
66.0,2.0,34.0,0.0,0.0,0.0,0.0,0.0,19.949573481601757,11.80643306392994,182.1969715451507
76.0,3.0,103.0,0.0,0.0,0.0,0.0,0.0,4.0671152288793255,9.053654713981686,134.02299590144725
80.0,3.0,149.0,0.0,0.0,0.0,0.0,0.0,6.977536823093238,10.874306443480751,200.995441018975
27.0,2.0,408.0,0.0,0.0,0.0,0.0,0.0,20.074033844797885,15.937636212831867,105.48233308768616
19.0,1.0,180.0,0.0,4.0,16.0,231.0,2.0,4.9172383592334254,10.992359447584814,420.3379184998533
45.0,10.0,700.0,0.0,0.0,4.0,12.0,5.0,12.022495288790042,1.9275252753542107,3567.161690846436
0.0,2.0,824.0,0.0,0.0,0.0,0.0,0.0,25.15752083599459,20.00160562823323,707.9095626304853
34.0,10.0,592.0,0.0,0.0,0.0,0.0,0.0,16.265036386988303,7.083490513361748,1129.2260080254584
59.0,6.0,598.0,0.0,0.0,0.0,0.0,0.0,21.944786187286905,11.10920262918975,143.15578485809635
75.0,8.0,616.0,0.0,0.0,0.0,0.0,0.0,20.01821477653952,9.03287728495042,144.26453448185126
12.0,5.0,171.0,0.0,4.0,0.0,4.0,0.0,2.91659547592211,11.995981945466824,2500.939021126744
64.0,6.0,31.0,0.0,0.0,0.0,0.0,0.0,23.04044112869216,13.8905901223914,512.0760938454249
73.0,6.0,29.0,0.0,0.0,0.0,0.0,0.0,21.895860132680884,13.165193394858504,128.20426316770565
37.0,1.0,417.0,0.0,0.0,4.0,187.0,1.0,6.860030958939821,13.04139439642533,1641.1263325750592
29.0,10.0,320.0,0.0,0.0,4.0,52.0,1.0,14.94316549697398,7.944567856181599,1575.3672436941883
0.0,2.0,822.0,0.0,0.0,0.0,0.0,0.0,24.03238545542142,18.934662473051507,720.2094794707273
70.0,3.0,255.0,0.0,0.0,0.0,0.0,0.0,8.96070091095754,14.984648861345532,161.32362262281063
73.0,6.0,13.0,0.0,0.0,0.0,0.0,0.0,22.096689692693925,14.095738954524824,253.5473933595496
74.0,8.0,704.0,0.0,0.0,0.0,4.0,0.0,12.821718359517805,2.1867214950960334,427.9070705306259
15.0,8.0,230.0,0.0,0.0,0.0,0.0,1.0,7.8967425072299875,3.972694228343856,1123.1619569922177
83.0,11.0,452.0,0.0,36.0,75.0,463.0,43.0,8.127318143089862,5.015586095485895,3669.119088488497
63.0,2.0,404.0,0.0,0.0,0.0,4.0,1.0,17.929335520594393,12.884279563206862,1614.57153302721
58.0,6.0,50.0,0.0,0.0,0.0,0.0,0.0,24.96101621154953,14.981417884940116,28.22357795188291
25.0,8.0,524.0,0.0,0.0,0.0,0.0,0.0,13.969216099510204,3.9305148704098034,1673.0246976304752
0.0,2.0,390.0,0.0,0.0,0.0,0.0,0.0,20.95841135784696,16.007988276554524,824.1598147488835
21.0,9.0,363.0,0.0,0.0,4.0,40.0,1.0,14.877919368604545,10.034837491612697,1076.9286716875906
70.0,3.0,91.0,0.0,0.0,0.0,0.0,0.0,6.868040068990514,13.018433172071262,67.21933825703316
67.0,1.0,790.0,0.0,0.0,0.0,0.0,0.0,7.100734890000081,18.093139994888222,61.307036295187
44.0,8.0,671.0,0.0,0.0,0.0,0.0,0.0,12.064079098579136,7.975496125583651,306.22814389518766
67.0,1.0,260.0,0.0,0.0,0.0,0.0,0.0,6.01117275318986,17.01359632037832,31.89635356290718
30.0,9.0,360.0,0.0,0.0,20.0,88.0,6.0,14.01523089414065,8.87026382175031,1554.6516437658922
79.0,9.0,334.0,0.0,0.0,0.0,0.0,0.0,17.923751971224426,10.931346067769724,799.1159182047456
71.0,9.0,346.0,8.0,24.0,58.0,423.0,44.0,12.081516449784903,6.900870220671615,2272.2467654735137
73.0,6.0,1.0,0.0,0.0,0.0,0.0,0.0,28.01742504883509,18.96360363367705,82.87294477708906
59.0,6.0,627.0,0.0,0.0,0.0,0.0,0.0,22.97337013784689,12.035362899807248,192.91528596047945
31.0,3.0,151.0,0.0,0.0,0.0,0.0,0.0,8.98440309453753,13.14153798065457,92.33672015232229
57.0,3.0,662.0,0.0,0.0,0.0,0.0,0.0,9.0877307335977,5.037476623014597,355.48126743458977
83.0,11.0,444.0,8.0,85.0,211.0,345.0,30.0,8.010184660290205,5.846430757098854,2245.453522878392
73.0,6.0,8.0,0.0,0.0,0.0,0.0,0.0,25.127795562912414,15.958582701698994,68.28838680601466
28.0,1.0,809.0,0.0,0.0,0.0,0.0,0.0,11.918517125353569,20.03425173074848,306.6585723738945
79.0,9.0,37.0,0.0,0.0,0.0,0.0,0.0,17.97895360694548,10.961635156587604,377.7291744590564
25.0,8.0,693.0,0.0,0.0,0.0,0.0,0.0,15.940690565652476,6.898797946206536,69.74863732978258
57.0,3.0,133.0,0.0,0.0,0.0,0.0,0.0,8.016311319700817,7.912719113813224,244.57351837726603
62.0,3.0,83.0,0.0,0.0,0.0,0.0,0.0,4.782821736869999,14.027599414065309,76.3468314480298
20.0,9.0,336.0,0.0,0.0,0.0,32.0,0.0,15.916978782492077,9.923485402299844,984.6946787034768
66.0,2.0,379.0,0.0,0.0,0.0,0.0,0.0,19.79962618656113,12.89679903336427,336.47794719456283
25.0,8.0,694.0,0.0,0.0,0.0,0.0,0.0,16.956456951106812,8.078656196359754,677.8063740925403
45.0,10.0,714.0,0.0,0.0,0.0,20.0,1.0,13.928092719408893,3.956791131170112,2753.44007756398
82.0,8.0,538.0,0.0,0.0,0.0,0.0,0.0,13.680133716378078,3.113180283385965,233.8151362675815
59.0,6.0,614.0,0.0,0.0,0.0,0.0,0.0,21.05111312819314,8.999878811428,176.33045235276134
27.0,2.0,839.0,0.0,0.0,0.0,0.0,0.0,24.87642453478826,22.82465570527012,43.54178863850435
57.0,3.0,212.0,0.0,0.0,0.0,0.0,0.0,7.989889813470498,5.127085564504945,449.4120000582198
23.0,3.0,245.0,0.0,0.0,0.0,0.0,0.0,4.97021796364611,7.912782341067919,144.68293554084778
24.0,8.0,743.0,4.0,4.0,4.0,60.0,13.0,8.999107090946728,2.052399890647613,2075.024200174014
24.0,8.0,732.0,0.0,0.0,0.0,4.0,0.0,10.708853388576362,2.145350696357865,1372.9325532702676
26.0,8.0,272.0,0.0,0.0,0.0,0.0,0.0,13.974606824917252,8.070256576063489,242.065112935796
34.0,10.0,718.0,0.0,0.0,0.0,4.0,0.0,13.00662719530956,2.006317605881656,1206.4802393927407
63.0,2.0,404.0,0.0,0.0,0.0,4.0,1.0,18.099069198743607,12.168542476557848,3126.355416036035
74.0,8.0,506.0,0.0,0.0,0.0,0.0,0.0,18.005635973069626,7.034913992995713,296.00975444068354
93.0,1.0,430.0,0.0,0.0,0.0,16.0,1.0,7.959811638413215,14.01574600671469,1018.415998814392
17.0,3.0,250.0,0.0,0.0,0.0,12.0,0.0,2.029099868785869,7.99568304194282,441.9047043490844
17.0,3.0,97.0,0.0,0.0,0.0,0.0,0.0,1.9775571924308435,11.978720360734986,202.63208823525963
66.0,2.0,32.0,0.0,0.0,0.0,0.0,0.0,18.96686949565896,10.941571676275103,150.7822868786859
26.0,8.0,635.0,0.0,0.0,0.0,0.0,1.0,11.82644095504904,5.038657490184719,583.716678079897
61.0,1.0,429.0,0.0,0.0,0.0,0.0,0.0,9.16476262746587,16.018118567525192,505.4532652578202
89.0,0.0,447.0,24.0,52.0,197.0,344.0,35.0,6.011914915903538,6.995841406999052,4293.884517945156
68.0,3.0,211.0,0.0,0.0,0.0,0.0,0.0,7.832186795500077,4.9456956892787485,617.2780045275301
81.0,0.0,489.0,48.0,189.0,246.0,122.0,12.0,7.0404090578339815,10.023938652228868,3977.126019303679
0.0,2.0,74.0,0.0,0.0,0.0,0.0,0.0,26.97023608687253,20.925843703185564,322.4854164678933
80.0,3.0,153.0,0.0,0.0,0.0,0.0,0.0,8.046161956987174,13.043833083167158,180.88398904006837
16.0,1.0,420.0,20.0,80.0,189.0,296.0,11.0,6.150509545479501,10.00647948588291,1582.7296003465317
43.0,8.0,553.0,0.0,0.0,0.0,0.0,0.0,22.95022446842266,12.052855431868029,29.88066063289739
72.0,3.0,244.0,0.0,0.0,0.0,0.0,0.0,5.91251458468556,8.134728666867574,365.923299238687
65.0,1.0,440.0,0.0,0.0,4.0,8.0,0.0,5.966771537844006,14.004372800462903,1157.269558840729
78.0,5.0,456.0,4.0,24.0,48.0,363.0,37.0,6.981221984033932,4.9930777098509385,4345.868461690833
67.0,1.0,201.0,0.0,0.0,4.0,0.0,0.0,3.889673998646444,13.808202018277868,536.6097399190273
86.0,10.0,456.0,4.0,44.0,95.0,486.0,46.0,7.923064220668232,5.067086339865847,2705.0373322373607
19.0,1.0,181.0,0.0,8.0,76.0,338.0,6.0,5.254120881519728,11.004166735063697,1273.650684064881
86.0,10.0,464.0,8.0,40.0,101.0,460.0,17.0,9.068527094920965,4.86029766365214,1635.3751145107935
23.0,3.0,246.0,0.0,0.0,0.0,44.0,1.0,3.0460364344557083,6.99180687502628,1905.328896035376
37.0,1.0,419.0,0.0,16.0,64.0,434.0,6.0,6.084023366865817,11.02406921345055,2417.7725224221026
24.0,8.0,697.0,0.0,4.0,0.0,12.0,4.0,10.796020303298656,0.9255876175815648,2663.1512345357023
23.0,3.0,251.0,0.0,0.0,0.0,0.0,1.0,2.943418338761981,6.893916448457789,1935.6951903691545
32.0,6.0,584.0,0.0,0.0,0.0,0.0,0.0,15.902754714636036,5.045094885571991,471.7339623588424
68.0,3.0,243.0,0.0,0.0,0.0,0.0,0.0,5.026066060578616,8.953431887322145,217.9527551274836
9.0,8.0,266.0,0.0,0.0,0.0,0.0,0.0,14.995951976468458,11.005800572478847,62.68985562083828
15.0,8.0,219.0,0.0,0.0,4.0,44.0,4.0,7.103800821284146,2.864424951375909,2299.7870755285057
34.0,10.0,720.0,0.0,0.0,0.0,8.0,0.0,13.88485496250822,4.012927898652146,956.9008431483652
32.0,6.0,586.0,0.0,0.0,0.0,0.0,0.0,15.933245416672072,4.9687656841010215,376.9030132572751
58.0,6.0,56.0,0.0,0.0,0.0,0.0,0.0,25.034920338884515,13.993441567773974,138.61743918324282
75.0,8.0,530.0,0.0,0.0,0.0,0.0,0.0,18.003627784678297,6.904357504287055,86.43188585743967
27.0,2.0,396.0,0.0,0.0,0.0,0.0,0.0,18.15049756603217,15.082501634938764,189.7302352519201
79.0,9.0,38.0,0.0,0.0,0.0,0.0,0.0,19.03703250118429,12.0308436960494,431.6553459210435
57.0,3.0,145.0,0.0,0.0,0.0,0.0,0.0,11.027565571630866,9.161489519997618,144.09944419399747
23.0,3.0,173.0,0.0,0.0,0.0,16.0,0.0,2.124045246368009,9.054617014681885,1462.9462123264775
33.0,3.0,145.0,0.0,0.0,0.0,0.0,0.0,11.011678538154529,9.935993049878546,175.03293621805463
45.0,10.0,738.0,4.0,8.0,16.0,68.0,15.0,10.144186064867664,3.1800013375036507,3747.162277527014
9.0,8.0,283.0,0.0,0.0,0.0,0.0,0.0,16.902896913777013,11.087573083068996,142.5152348744789
45.0,10.0,738.0,4.0,16.0,16.0,135.0,31.0,10.03437884074782,3.9326278573558255,2575.471377043808
84.0,11.0,464.0,8.0,48.0,99.0,470.0,20.0,10.119211690433268,5.970254633195988,3526.7964050081728
76.0,3.0,245.0,0.0,0.0,0.0,0.0,0.0,4.919615382559038,8.088533516196156,328.26267200373024
27.0,2.0,397.0,0.0,0.0,0.0,0.0,0.0,19.01448172802942,14.96140951564798,151.94455205710793
78.0,5.0,725.0,0.0,8.0,0.0,48.0,7.0,8.957084647775643,1.929530461464247,2461.5219640840305
93.0,1.0,438.0,0.0,0.0,0.0,72.0,1.0,7.058064258666349,13.998640782332556,1350.2291310797398
25.0,8.0,504.0,0.0,0.0,0.0,0.0,0.0,19.028075752513352,9.088439854263862,643.6027767169393
45.0,10.0,716.0,0.0,0.0,4.0,20.0,6.0,12.06358122360174,1.95037062933664,2536.9494975977827
82.0,8.0,539.0,0.0,0.0,0.0,0.0,0.0,14.962037495950424,4.035243911803663,187.5449278502849
63.0,2.0,395.0,0.0,0.0,0.0,8.0,0.0,17.005067159726163,14.071387720328762,1229.8820782235014
17.0,3.0,250.0,0.0,0.0,0.0,48.0,1.0,2.94729622728443,6.955422025462355,671.17791283591
58.0,6.0,58.0,0.0,0.0,0.0,0.0,0.0,22.16238175254745,11.989221547704686,140.29050201523566
15.0,8.0,659.0,0.0,0.0,0.0,0.0,0.0,13.847200171088549,4.979107787526762,736.3126768524934
82.0,8.0,498.0,0.0,0.0,0.0,0.0,0.0,17.12206120061235,5.853880005280215,348.2747719628106
30.0,9.0,348.0,0.0,12.0,44.0,318.0,6.0,12.8557229660371,8.092778572037275,1327.4603910280107
93.0,1.0,440.0,0.0,0.0,0.0,4.0,0.0,5.925146114590337,13.99366779835326,1129.487349855276
15.0,8.0,214.0,0.0,0.0,0.0,0.0,1.0,8.074546364747963,4.967649772658732,1172.0408529780348
65.0,1.0,202.0,0.0,0.0,4.0,0.0,0.0,3.0762971116218765,12.974285389992462,268.5840201098365
71.0,9.0,299.0,4.0,48.0,103.0,374.0,9.0,11.862548735084507,8.986476890546681,1511.5556684273058
58.0,6.0,58.0,0.0,0.0,0.0,0.0,0.0,22.110500598875408,11.907258915375987,54.52359525864726
15.0,8.0,662.0,0.0,0.0,0.0,0.0,1.0,8.979944714266834,4.906395669312128,503.1810107585922
79.0,9.0,44.0,0.0,0.0,0.0,0.0,0.0,18.98003042288155,10.88027837526568,581.5899400149633
78.0,5.0,480.0,20.0,40.0,105.0,424.0,13.0,5.000753369154762,6.963220081977054,3929.4134077854096
31.0,3.0,150.0,0.0,0.0,0.0,0.0,0.0,9.073008684697015,11.866893149119004,106.61945910869537
27.0,2.0,830.0,0.0,0.0,0.0,0.0,0.0,24.27221525293042,20.027008597570717,36.761633822604814
67.0,1.0,790.0,0.0,0.0,0.0,0.0,0.0,6.768056298982743,16.829267660840426,137.2833566998288
73.0,6.0,11.0,0.0,0.0,0.0,0.0,0.0,21.807319369092035,13.002169607157128,255.99613421327555
45.0,10.0,741.0,0.0,12.0,16.0,60.0,12.0,10.900464988888489,3.957098320117253,3825.855199277756
76.0,3.0,89.0,0.0,0.0,0.0,0.0,0.0,5.87545818268379,11.05119093341993,87.06151851306667
26.0,8.0,650.0,0.0,0.0,0.0,0.0,0.0,10.942767762785923,2.9879199561891308,637.2607768760985
63.0,2.0,309.0,0.0,4.0,8.0,127.0,1.0,14.08521444567356,12.153930969928911,2499.493639321749
28.0,1.0,795.0,0.0,0.0,0.0,0.0,0.0,11.040685646140442,19.92105253644465,349.49113841988657
12.0,5.0,182.0,0.0,0.0,4.0,100.0,1.0,4.113139778859048,10.905624023384966,2119.051256817976
28.0,1.0,755.0,0.0,0.0,0.0,0.0,0.0,8.158228173347533,17.020589391395706,331.5708852924545
86.0,10.0,744.0,4.0,20.0,24.0,154.0,36.0,10.086066171579208,3.946162259691085,1681.418298874788
78.0,5.0,482.0,0.0,0.0,40.0,171.0,9.0,3.7925161955839504,7.080715585253921,2573.725241223759
33.0,3.0,129.0,0.0,0.0,0.0,0.0,0.0,12.120870004717156,10.088476549424804,130.87824665976186
83.0,11.0,444.0,12.0,48.0,132.0,437.0,50.0,6.97304618028255,5.949765335657695,3196.3706666848566
61.0,1.0,777.0,0.0,0.0,0.0,4.0,0.0,6.980201433671336,15.96653284860558,387.59256597104223
58.0,6.0,51.0,0.0,0.0,0.0,0.0,0.0,24.28447663109557,13.948371475533744,60.5371269722095
29.0,10.0,344.0,0.0,0.0,0.0,4.0,0.0,16.11584575984669,8.058670437188947,1277.4235951474018
28.0,1.0,755.0,0.0,0.0,0.0,0.0,0.0,8.0459669911374,16.852086062496163,476.5856935411186
74.0,8.0,708.0,0.0,0.0,0.0,4.0,1.0,10.868170811627888,1.0404838551200752,370.6871351880984
88.0,9.0,459.0,56.0,273.0,159.0,140.0,36.0,10.154020657355638,9.098392691384351,2018.0850781465624
71.0,9.0,346.0,4.0,32.0,67.0,430.0,46.0,12.088543403436551,7.882916788321151,2914.5430849046365
30.0,9.0,364.0,0.0,12.0,28.0,288.0,5.0,12.906503340869367,9.030769023723428,1467.794321223928
61.0,1.0,429.0,0.0,0.0,0.0,0.0,0.0,9.121272165428127,16.061718946215827,712.7792568089727
58.0,6.0,70.0,0.0,0.0,0.0,0.0,0.0,23.838359229719224,13.86369769221079,34.2012838276931
45.0,10.0,740.0,4.0,8.0,16.0,82.0,12.0,10.913852043712986,3.9402415570150855,2925.555194841352
76.0,3.0,94.0,0.0,0.0,0.0,0.0,0.0,3.228954062417753,10.936495704694924,248.8801376948992
78.0,5.0,454.0,0.0,12.0,24.0,241.0,11.0,6.20499282770957,4.970549973985707,3515.304636378878
59.0,6.0,554.0,0.0,0.0,0.0,0.0,0.0,21.01974893738937,9.977963536254432,129.83623213031626
20.0,9.0,345.0,0.0,0.0,0.0,4.0,0.0,15.80248728156428,8.95613850843497,757.6414812300982
78.0,5.0,481.0,8.0,24.0,96.0,465.0,38.0,7.021521036143104,6.121336649811177,4305.057522376429
64.0,6.0,33.0,0.0,0.0,0.0,0.0,0.0,18.92470336626421,10.957525161367329,882.8506359873244
75.0,8.0,508.0,0.0,0.0,0.0,0.0,0.0,18.176780113148222,7.017097315964284,138.09054109790165
57.0,3.0,120.0,0.0,0.0,0.0,0.0,0.0,9.788342915305131,10.981661920545823,96.56863108872832
43.0,8.0,516.0,0.0,0.0,0.0,0.0,0.0,20.977610927461505,9.900885193543882,83.8053818904071
43.0,8.0,553.0,0.0,0.0,0.0,0.0,0.0,21.9688639101486,11.895931265327071,64.53389016966766
73.0,6.0,25.0,0.0,0.0,0.0,0.0,0.0,23.030815427560768,15.00798758004244,201.6177805315314
70.0,3.0,110.0,0.0,0.0,0.0,0.0,0.0,6.667773008921769,14.90658600278356,198.73161249219604
28.0,1.0,769.0,0.0,0.0,0.0,0.0,0.0,9.055289392418608,16.956966700742683,482.9766068348719
31.0,3.0,155.0,0.0,0.0,0.0,0.0,0.0,10.056577699343174,12.029800593056308,91.94494127778712
45.0,10.0,353.0,4.0,4.0,24.0,102.0,26.0,12.065978475063083,5.998501637753533,2879.457693609079
67.0,1.0,764.0,0.0,0.0,0.0,4.0,0.0,4.899356267006627,16.165185077383267,243.59420715576323
62.0,3.0,79.0,0.0,0.0,0.0,0.0,0.0,4.276940618089316,12.159080053179844,68.36849586644341
75.0,8.0,505.0,0.0,0.0,0.0,0.0,0.0,17.809974363251452,7.9314899872227,158.8102460900733
25.0,8.0,525.0,0.0,0.0,0.0,0.0,0.0,14.957345351011252,4.949095434424605,776.0725218069269
76.0,3.0,236.0,0.0,0.0,0.0,0.0,0.0,1.9425156800574552,8.981745170207937,288.17887407538063
29.0,10.0,323.0,0.0,4.0,0.0,56.0,1.0,14.019622289185843,6.968808999985822,1258.611236680209
80.0,3.0,158.0,0.0,0.0,0.0,0.0,0.0,7.001065398036625,9.875652334247023,231.7418238008414
26.0,8.0,643.0,0.0,0.0,0.0,0.0,0.0,13.994539395278268,8.005477459310438,341.37118372114634
78.0,5.0,479.0,4.0,8.0,44.0,280.0,11.0,5.871122492535384,4.879120474374044,4570.816857544213
26.0,8.0,657.0,0.0,0.0,0.0,0.0,0.0,14.187888120243928,5.863296943523138,117.69678405876095
75.0,8.0,518.0,0.0,0.0,0.0,0.0,0.0,18.95966431972679,8.972133155899018,153.48370365215374
9.0,8.0,290.0,0.0,0.0,0.0,0.0,0.0,13.902336691312453,9.994321410269684,87.25338115489086
58.0,6.0,606.0,0.0,0.0,0.0,0.0,0.0,24.92215447800328,14.044247318445825,106.7483421432552
29.0,10.0,333.0,0.0,0.0,0.0,0.0,0.0,16.953952408883456,10.147481268615548,1044.306235174545
70.0,3.0,88.0,0.0,0.0,0.0,0.0,0.0,4.840062176549681,11.965841294418416,206.45887013349451
25.0,8.0,504.0,0.0,0.0,0.0,0.0,0.0,19.91814376545693,9.080336329158827,817.8558651738751
17.0,3.0,116.0,0.0,0.0,0.0,0.0,0.0,1.7366033923873982,11.913755823062752,327.61919560831126
77.0,4.0,313.0,20.0,218.0,165.0,194.0,9.0,10.911613765035696,9.924383822347885,2968.304314683923
62.0,3.0,104.0,0.0,0.0,0.0,0.0,0.0,4.861030218301825,11.990721304625238,214.7697281996049
26.0,8.0,653.0,0.0,0.0,0.0,0.0,0.0,14.02568961415602,4.904415050665285,588.0103417716101
9.0,8.0,267.0,0.0,0.0,0.0,0.0,0.0,17.92861467523408,14.08570049949298,202.50764324788017
24.0,8.0,722.0,0.0,0.0,0.0,8.0,0.0,12.930809748185084,2.0490722161304054,1491.8234850023
23.0,3.0,238.0,0.0,0.0,0.0,0.0,1.0,2.071871948155446,9.044717965498576,943.4012509205317
60.0,3.0,291.0,0.0,0.0,0.0,0.0,0.0,12.751359050602415,11.042625315324257,592.8916588791831
68.0,3.0,135.0,0.0,0.0,0.0,0.0,0.0,7.808114346784722,8.035754909486561,348.3693375662354
76.0,3.0,103.0,0.0,0.0,0.0,0.0,0.0,4.10039370377962,9.11936749744114,180.94028680010945
82.0,8.0,522.0,0.0,0.0,0.0,0.0,0.0,14.91138598373154,4.015388641604064,482.74041759059895
82.0,8.0,534.0,0.0,0.0,0.0,0.0,0.0,14.969926641569836,4.031290672359338,248.9965705911854
63.0,2.0,392.0,0.0,0.0,0.0,0.0,0.0,21.05533380267353,14.91185092099106,1370.7861206431735
59.0,6.0,614.0,0.0,0.0,0.0,0.0,0.0,21.06349281435516,10.07404087189017,104.2980469121458
60.0,3.0,288.0,0.0,0.0,0.0,0.0,0.0,15.081590314571969,10.964183183102335,538.9108015570798
19.0,1.0,424.0,0.0,28.0,72.0,418.0,6.0,6.167300030031787,11.0684927234667,1710.984202340887
33.0,3.0,127.0,0.0,0.0,0.0,0.0,0.0,13.01534508503198,12.138933235106556,136.4223262667199
80.0,3.0,162.0,0.0,0.0,0.0,0.0,0.0,7.054613013540047,10.969105578270426,115.38702068358322
4.0,0.0,474.0,36.0,118.0,222.0,237.0,17.0,5.804842840803479,8.01723714146436,6019.729293426215
15.0,8.0,728.0,0.0,0.0,8.0,40.0,8.0,8.255039819190328,1.961483914662165,1674.3138227980214
81.0,0.0,473.0,16.0,92.0,128.0,345.0,12.0,6.052196209391951,8.996198653668161,5568.7086236482455
29.0,10.0,36.0,0.0,0.0,0.0,0.0,0.0,18.076187788589607,10.942041847601056,805.0427370022547
57.0,3.0,665.0,0.0,0.0,0.0,0.0,0.0,10.952969945630915,7.1171141310911175,308.3040586557466
83.0,11.0,456.0,4.0,32.0,96.0,489.0,53.0,6.695561832287609,4.890171342652522,2762.4174407816704
10.0,0.0,474.0,56.0,189.0,267.0,113.0,22.0,7.05617801270652,7.902640952941762,3187.286536439108
15.0,8.0,651.0,0.0,0.0,0.0,0.0,1.0,13.041764832245578,3.893660038871495,1433.9489970957131
1.0,11.0,346.0,4.0,32.0,66.0,427.0,45.0,12.333137415609356,7.842901717992676,4058.036809948075
27.0,2.0,399.0,0.0,0.0,0.0,12.0,0.0,16.913145006420415,12.986300366391449,166.40534748115175
64.0,6.0,23.0,0.0,0.0,0.0,0.0,0.0,23.91571516307272,14.924524783171153,392.6885596189803
22.0,2.0,298.0,4.0,12.0,55.0,402.0,9.0,13.073851746550686,9.924701207222723,3427.2419605261
28.0,1.0,775.0,0.0,0.0,0.0,0.0,1.0,8.090957535255372,15.77780318118222,509.0909706538295
58.0,6.0,58.0,0.0,0.0,0.0,0.0,0.0,21.85475143011752,11.9816699150403,146.7246458752947
37.0,1.0,184.0,0.0,4.0,0.0,124.0,0.0,5.003517679836532,11.95123336308688,1428.0251974516182
0.0,2.0,812.0,0.0,0.0,0.0,0.0,0.0,26.084478039112152,21.86254428858977,481.8694518506007
72.0,3.0,125.0,0.0,0.0,0.0,0.0,0.0,7.954804339983958,11.078296878397676,512.6510214868645
44.0,8.0,661.0,0.0,0.0,0.0,0.0,0.0,10.857962077275172,6.017378829654856,345.409225070416
77.0,4.0,459.0,20.0,129.0,282.0,178.0,29.0,11.010498016141304,9.05551363692622,3146.578247442332
58.0,6.0,51.0,0.0,0.0,0.0,0.0,0.0,23.833049306440557,12.977649122556937,108.73168568913232
79.0,9.0,334.0,0.0,0.0,0.0,0.0,0.0,18.052544098663976,11.911651013386956,611.2359475312272
59.0,6.0,605.0,0.0,0.0,0.0,0.0,0.0,24.94134423952374,13.91138464466406,163.93510768854773
44.0,8.0,290.0,0.0,0.0,0.0,0.0,0.0,14.109582181502224,10.05330473934333,155.5166907723019
28.0,1.0,801.0,0.0,0.0,0.0,0.0,1.0,10.905720666808588,17.989222420000768,385.798466698946
20.0,9.0,320.0,0.0,0.0,4.0,48.0,1.0,15.094598634450422,8.080748695225706,1276.7648240832696
59.0,6.0,77.0,0.0,0.0,0.0,0.0,0.0,25.94173116923311,15.021108990720936,148.5088347601431
68.0,3.0,216.0,0.0,0.0,0.0,0.0,0.0,8.04827997315323,7.01983044906345,297.1509524264709
70.0,3.0,87.0,0.0,0.0,0.0,0.0,0.0,6.862501974123454,11.937567165607389,180.143451303276
24.0,8.0,737.0,0.0,0.0,0.0,8.0,1.0,9.078067463739837,1.130937060575471,2543.5930874292094
92.0,0.0,447.0,20.0,44.0,192.0,357.0,25.0,6.158447752164622,7.097225046591902,3821.887514232273
27.0,2.0,397.0,0.0,0.0,0.0,0.0,0.0,18.966259873519945,15.06321412913913,113.21766735021464
66.0,2.0,47.0,0.0,0.0,0.0,0.0,0.0,21.259152664114342,13.947603239048368,278.1914527361949
12.0,5.0,190.0,0.0,4.0,8.0,80.0,2.0,2.0587504269214096,9.987082259856347,1751.0499884556573
60.0,3.0,127.0,0.0,0.0,0.0,0.0,0.0,13.013822008183045,12.001388894026116,460.0255851831608
60.0,3.0,290.0,0.0,0.0,0.0,0.0,0.0,14.101213949523231,9.994618222035523,464.9054937878511
0.0,2.0,820.0,0.0,0.0,0.0,0.0,0.0,26.0092297983881,20.805164174272186,273.97236442057607
29.0,10.0,339.0,0.0,0.0,0.0,4.0,0.0,17.13639370218823,8.91950445902734,1130.549722032689
17.0,3.0,250.0,0.0,0.0,0.0,44.0,0.0,2.029527014471616,7.999970572017723,826.5647378855994
44.0,8.0,669.0,0.0,0.0,0.0,0.0,0.0,11.077657849975378,6.968603692092093,266.36756608417403
78.0,5.0,479.0,0.0,4.0,20.0,156.0,5.0,6.003899058603143,4.910858539729994,3437.474322846671
27.0,2.0,412.0,0.0,0.0,0.0,0.0,0.0,20.029758318902985,15.862779988332823,81.89498581349473
17.0,3.0,115.0,0.0,0.0,0.0,0.0,0.0,1.917820189292248,12.93163994245144,227.42683440552716
72.0,3.0,120.0,0.0,0.0,0.0,0.0,0.0,10.056227229321804,9.970382836101273,1067.351986514707
33.0,3.0,156.0,0.0,0.0,0.0,0.0,0.0,10.982323622385344,12.07778170407135,244.33780654652216
9.0,8.0,292.0,0.0,0.0,0.0,0.0,0.0,13.904576960443457,11.052151570806195,62.13507673910459
0.0,2.0,816.0,0.0,0.0,0.0,0.0,0.0,25.08513717063613,22.039208995522365,195.0822365882117
61.0,1.0,773.0,0.0,0.0,0.0,4.0,0.0,6.805765405665036,16.01377876510629,550.2001225928932
88.0,9.0,460.0,22.0,89.0,335.0,187.0,35.0,10.789627407892358,7.937090393364168,764.0260361504504
84.0,11.0,468.0,20.0,28.0,199.0,402.0,21.0,8.774791387094826,5.953783741511823,2687.308677949662
73.0,6.0,4.0,0.0,0.0,0.0,0.0,0.0,26.9537281144454,17.971299280269495,39.52805295649315
62.0,3.0,98.0,0.0,0.0,0.0,0.0,0.0,2.791049328084661,11.005891769176545,325.735008887335
72.0,3.0,101.0,0.0,0.0,0.0,0.0,0.0,5.128667374265827,8.957799769771677,557.053152755757
60.0,3.0,142.0,0.0,0.0,0.0,0.0,0.0,9.920795072793933,7.993400280391427,807.3620937123421
31.0,3.0,153.0,0.0,0.0,0.0,0.0,0.0,7.996224009181714,12.045551193867478,63.58342798152807
59.0,6.0,609.0,0.0,0.0,0.0,0.0,0.0,23.92765592415991,12.985394501157392,147.3203040307686
27.0,2.0,397.0,0.0,0.0,0.0,0.0,0.0,18.87041321067642,15.026068402356731,111.34561093844758
15.0,8.0,635.0,0.0,0.0,0.0,0.0,1.0,12.753466023861364,5.131533482521514,543.1202385609647
17.0,3.0,174.0,0.0,0.0,0.0,20.0,0.0,1.127070460491176,9.179047067660386,708.2528504981991
32.0,6.0,571.0,0.0,0.0,0.0,0.0,0.0,19.0130615474098,9.068814640326258,172.1451327234987
28.0,1.0,777.0,0.0,0.0,0.0,4.0,0.0,6.957951406845658,16.00646628755439,626.6839022375444
62.0,3.0,92.0,0.0,0.0,0.0,0.0,0.0,5.86389279377367,12.874269971353684,151.80344565079938
9.0,8.0,268.0,0.0,0.0,0.0,0.0,0.0,17.85906171429121,14.106349449670924,187.42977223609452
24.0,8.0,698.0,0.0,0.0,4.0,8.0,0.0,12.033095806104107,0.9998081274478764,1771.744916744212
24.0,8.0,722.0,0.0,0.0,4.0,4.0,0.0,13.124393287720943,2.0566125169707985,1657.071892096238
93.0,1.0,430.0,0.0,0.0,0.0,16.0,0.0,7.867226552990045,14.048977977339556,630.3318133331838
26.0,8.0,642.0,0.0,0.0,0.0,0.0,0.0,14.852397917704026,8.241018180920362,242.7734098098134
25.0,8.0,528.0,0.0,0.0,0.0,0.0,0.0,18.05303206527558,8.002937971832303,741.0420925752704
58.0,6.0,58.0,0.0,0.0,0.0,0.0,0.0,22.97484907221588,12.84693806109565,63.06868998274186
15.0,8.0,662.0,0.0,0.0,0.0,0.0,0.0,8.824206072942859,5.958398733331687,842.8140993108403
9.0,8.0,282.0,0.0,0.0,0.0,0.0,0.0,17.956303748043606,13.031841447494394,118.1474005754967
61.0,1.0,799.0,0.0,0.0,0.0,0.0,0.0,10.936719760805726,18.039369732689963,162.6987379536229
29.0,10.0,333.0,0.0,0.0,0.0,4.0,0.0,17.211379900779463,10.094016226495755,1163.1229568161211
65.0,1.0,774.0,0.0,0.0,0.0,4.0,0.0,6.077209605224936,13.857958564070984,409.4004678480748
9.0,8.0,266.0,0.0,0.0,0.0,0.0,0.0,14.985207992540513,11.885901846177378,106.88645735762844
25.0,8.0,532.0,0.0,0.0,0.0,0.0,0.0,17.130553716319643,7.01771120957859,417.6720277020932
26.0,8.0,632.0,0.0,0.0,0.0,0.0,0.0,11.86714426715745,5.982961619520419,1168.9551087247917
33.0,3.0,126.0,0.0,0.0,0.0,0.0,0.0,11.840279168505807,12.041822525707335,207.58059232590364
82.0,8.0,646.0,0.0,0.0,0.0,0.0,0.0,12.1163378836233,3.0643245507974517,363.4673745410259
45.0,10.0,717.0,0.0,0.0,8.0,40.0,7.0,12.02331771893378,3.877329003244656,2849.4230439092216
15.0,8.0,647.0,0.0,0.0,0.0,0.0,1.0,12.865418497613195,3.941776149370487,1223.434352705058
59.0,6.0,627.0,0.0,0.0,0.0,0.0,0.0,22.76484955958377,12.0226991466034,166.40872529692382
37.0,1.0,441.0,0.0,0.0,4.0,36.0,0.0,6.047800038434298,13.207391136210894,2182.4635050543297
16.0,1.0,424.0,0.0,36.0,80.0,402.0,4.0,6.18398425056697,11.057435321898664,1451.320613974483
73.0,6.0,8.0,0.0,0.0,0.0,0.0,0.0,24.91068457656779,15.978125776642877,200.9159010116623
57.0,3.0,660.0,0.0,0.0,0.0,0.0,0.0,9.852521768149852,6.079894541987523,388.9452416227389
68.0,3.0,247.0,0.0,0.0,0.0,24.0,2.0,4.071517933261824,6.0937208805016665,790.5311849877153
82.0,8.0,538.0,0.0,0.0,0.0,0.0,0.0,13.869945534301808,3.091298672008996,252.4933051455467
62.0,3.0,93.0,0.0,0.0,0.0,0.0,0.0,1.9474771001085605,11.11116843561841,291.432100783979
66.0,2.0,335.0,0.0,0.0,0.0,0.0,0.0,17.02201521192129,9.940880385372536,833.9029902939851
25.0,8.0,647.0,0.0,0.0,0.0,0.0,1.0,12.988629233409158,4.043786585198816,1374.3333853514418
76.0,3.0,101.0,0.0,0.0,0.0,0.0,0.0,4.982380906623416,8.967174688919513,141.2408078343018
15.0,8.0,213.0,0.0,0.0,0.0,0.0,0.0,6.919677773626903,5.144758681308925,1444.78036126635
57.0,3.0,666.0,0.0,0.0,0.0,0.0,0.0,8.977424829680174,5.974914168000633,208.6957049636388
9.0,8.0,280.0,0.0,0.0,0.0,0.0,0.0,18.13134315043267,12.026483318572916,50.87576601006009
87.0,0.0,447.0,28.0,134.0,197.0,258.0,28.0,5.884542891326605,7.999409272385527,4871.163988809384
76.0,3.0,89.0,0.0,0.0,0.0,0.0,0.0,5.899987983593405,10.893912654785606,98.19659033090336
17.0,3.0,95.0,0.0,0.0,0.0,4.0,0.0,0.8926623232142237,9.95484536822898,425.5734553246449
69.0,3.0,135.0,0.0,0.0,0.0,0.0,0.0,7.119041912892659,7.132219935344654,355.8660600576525
76.0,3.0,164.0,0.0,0.0,0.0,0.0,0.0,6.029538175036327,10.033333469041867,165.0768157153664
80.0,3.0,151.0,0.0,0.0,0.0,0.0,0.0,8.768023288679137,13.05339743631814,101.27057424592653
59.0,6.0,603.0,0.0,0.0,0.0,0.0,0.0,23.948811386196702,12.927176195183575,128.096178070862
77.0,4.0,459.0,44.0,287.0,156.0,148.0,42.0,10.06523800869007,9.142126400069344,3845.8248119035543
70.0,3.0,112.0,0.0,0.0,0.0,0.0,0.0,5.974305919503438,13.128943270874826,286.03902200752464
25.0,8.0,655.0,0.0,0.0,0.0,0.0,0.0,13.94697161709742,5.222780785931272,997.2525931693672
86.0,10.0,464.0,8.0,48.0,105.0,464.0,17.0,10.007381261926485,6.005373491937168,2125.509812093018
66.0,2.0,405.0,0.0,0.0,4.0,20.0,1.0,15.916212917319644,12.04016171661925,860.6235821582791
57.0,3.0,128.0,0.0,0.0,0.0,0.0,0.0,12.002951345475145,10.795880934916156,85.18588364772708
83.0,11.0,452.0,12.0,12.0,60.0,408.0,35.0,7.946417933524485,4.995985484651017,4769.505418277796
30.0,9.0,361.0,0.0,0.0,16.0,87.0,6.0,13.994181731965275,8.964866891318836,1685.402055014959
69.0,3.0,161.0,0.0,0.0,0.0,0.0,0.0,6.877509761843921,9.02119222840838,213.8770325997565
15.0,8.0,736.0,0.0,0.0,0.0,4.0,0.0,10.112227420875987,2.043850687725858,992.092022151794
68.0,3.0,216.0,0.0,0.0,0.0,0.0,0.0,7.976157668839551,6.021123250361823,499.020020967856
11.0,5.0,472.0,20.0,52.0,119.0,398.0,14.0,6.030040467115118,6.942386806123366,1788.2728090205444
28.0,1.0,755.0,0.0,0.0,0.0,0.0,0.0,7.888897125781436,17.016815157621004,330.48747871639614
9.0,8.0,280.0,0.0,0.0,0.0,0.0,0.0,18.065631040325584,11.994203445097122,94.1389893769537
2.0,11.0,351.0,8.0,24.0,58.0,427.0,47.0,12.042921045859808,6.948537570936655,2884.63285482213
73.0,6.0,22.0,0.0,0.0,0.0,0.0,0.0,20.91712058252836,12.05962282439752,130.3937541663675
82.0,8.0,646.0,0.0,0.0,0.0,0.0,0.0,11.89009876454375,2.9031042563439944,533.59866516861
80.0,3.0,151.0,0.0,0.0,0.0,0.0,0.0,9.02545443274824,12.882720305915573,65.46655658349405
63.0,2.0,300.0,8.0,16.0,32.0,413.0,5.0,13.083788148818185,11.046195000303388,1984.264091662384
69.0,3.0,160.0,0.0,0.0,0.0,0.0,0.0,5.943597686700865,9.924295401500578,351.5512746432926
59.0,6.0,598.0,0.0,0.0,0.0,0.0,0.0,23.110603946448084,12.084038089154696,155.4571802392769
17.0,3.0,234.0,0.0,0.0,0.0,0.0,1.0,3.329505032060967,8.048188470505783,434.0187175701327
68.0,3.0,215.0,0.0,0.0,0.0,0.0,0.0,6.725383256962201,5.976835454204445,389.2340187399711
43.0,8.0,545.0,0.0,0.0,0.0,0.0,0.0,20.79285844814138,11.071330008609364,25.08378063504226
17.0,3.0,173.0,0.0,0.0,0.0,0.0,1.0,1.8611860538333864,9.03760028499334,273.6818673699516
61.0,1.0,799.0,0.0,0.0,0.0,0.0,1.0,12.07210436804598,18.948972196916664,166.51191599315203
29.0,10.0,345.0,0.0,0.0,0.0,4.0,0.0,17.26699694956247,9.07041298262286,1662.045502343698
28.0,1.0,809.0,0.0,0.0,0.0,0.0,0.0,10.789462689206236,19.100852629884617,358.5088558286704
26.0,8.0,650.0,0.0,0.0,0.0,0.0,0.0,10.882422433487402,3.0115036729550853,942.9575933980536
30.0,9.0,364.0,0.0,20.0,20.0,297.0,6.0,13.19470971796095,9.0583173456371,1160.8998556081815
66.0,2.0,300.0,8.0,16.0,32.0,413.0,5.0,12.91849195952076,11.000029754905832,1021.3021885365214
89.0,0.0,447.0,20.0,48.0,184.0,369.0,28.0,6.203973022256997,6.933245197745722,4647.289506464841
25.0,8.0,499.0,0.0,0.0,0.0,0.0,0.0,18.927064824087427,9.057346266105634,250.17365349368515
45.0,10.0,323.0,0.0,4.0,0.0,52.0,1.0,13.995822549737722,6.896783327236973,2922.8679125492285
63.0,2.0,393.0,0.0,0.0,0.0,0.0,0.0,21.085950746837803,15.96923517772651,589.520277204054
60.0,3.0,142.0,0.0,0.0,0.0,0.0,0.0,10.03177189529284,7.89999066844445,900.1779502548814
32.0,6.0,559.0,0.0,0.0,0.0,0.0,0.0,18.34309758307251,7.990981733625246,120.60699917481634
71.0,9.0,298.0,4.0,24.0,61.0,392.0,7.0,13.007646703403596,9.91439614393711,2352.3707774836707
74.0,8.0,534.0,0.0,0.0,0.0,0.0,0.0,16.09684189731833,4.875103742443343,78.04329516759955
44.0,8.0,636.0,0.0,0.0,0.0,0.0,0.0,10.858090464115175,6.061760413591872,416.1470364120295
27.0,2.0,398.0,0.0,0.0,0.0,12.0,1.0,16.920963437839923,14.189525163466246,301.9230882848265
65.0,1.0,441.0,0.0,0.0,4.0,44.0,0.0,5.888644165987193,12.99690357365748,1019.5388295921545
69.0,3.0,216.0,0.0,0.0,0.0,0.0,0.0,7.901896667452431,5.997803166467056,330.4886759923688
69.0,3.0,666.0,0.0,0.0,0.0,0.0,0.0,8.809976532616831,5.998914591501021,322.5234424068875
59.0,6.0,554.0,0.0,0.0,0.0,0.0,0.0,22.05515617720689,11.019637305001694,166.84233795688718
59.0,6.0,621.0,0.0,0.0,0.0,0.0,0.0,22.011989932845665,11.004650697189335,178.85629182583824
62.0,3.0,83.0,0.0,0.0,0.0,0.0,0.0,5.176449368592652,12.8517085995308,126.13629662733388
2.0,11.0,464.0,12.0,36.0,123.0,462.0,17.0,8.917888489844396,6.091748606380444,2766.361062596148
58.0,6.0,60.0,0.0,0.0,0.0,0.0,0.0,21.85263363399116,11.928678282069976,126.99526008518592
23.0,3.0,237.0,0.0,0.0,0.0,0.0,0.0,2.99982985410121,8.829582695146817,1139.7857645228817
31.0,3.0,148.0,0.0,0.0,0.0,0.0,0.0,9.033794258207989,12.04509085521356,65.79597522496223
9.0,8.0,271.0,0.0,0.0,0.0,0.0,0.0,16.157848090438407,10.02418692299904,112.21319446190694
67.0,1.0,202.0,0.0,4.0,0.0,0.0,0.0,3.045044828101662,13.086561745321012,502.23948391057417
12.0,5.0,170.0,0.0,0.0,4.0,8.0,0.0,1.292464739707053,11.060403032562704,2111.1014305767944
62.0,3.0,98.0,0.0,0.0,0.0,0.0,0.0,2.9048636844721742,11.16793016170462,243.13867811698927
76.0,3.0,89.0,0.0,0.0,0.0,0.0,0.0,6.906729360688208,11.99358330943168,121.97081853834132
9.0,8.0,276.0,0.0,0.0,0.0,0.0,0.0,13.795379991264792,9.027517295219756,108.65407772005491
72.0,3.0,124.0,0.0,0.0,0.0,0.0,0.0,11.024053011498886,12.045439972769756,875.9924016719228
28.0,1.0,760.0,0.0,0.0,0.0,4.0,0.0,4.062189230346665,14.925087862792983,419.9002912391503
61.0,1.0,429.0,0.0,0.0,0.0,0.0,0.0,8.946706434411361,15.97846902985094,725.5156829578525
27.0,2.0,413.0,0.0,0.0,0.0,0.0,0.0,19.834168953588083,16.03510286378582,68.8171774961843
76.0,3.0,162.0,0.0,0.0,0.0,0.0,0.0,7.046275582968836,11.004275974068348,162.38331967945348
45.0,10.0,739.0,0.0,0.0,12.0,40.0,11.0,11.057321179539072,1.8935848693700503,3210.2072306780324
27.0,2.0,389.0,0.0,0.0,0.0,0.0,0.0,22.25774843826734,18.04239304484796,58.848863647788335
73.0,6.0,26.0,0.0,0.0,0.0,0.0,0.0,23.817975803155853,14.885872407513512,174.70031975873687
24.0,8.0,723.0,0.0,0.0,0.0,4.0,0.0,13.169720859945675,2.112507593278772,2805.5234632405645
32.0,6.0,590.0,0.0,0.0,0.0,0.0,0.0,19.00221630770437,9.068083067214063,324.7009545930022
88.0,9.0,303.0,8.0,53.0,205.0,291.0,10.0,11.955846293966156,8.956818651026513,1843.5267316090649
86.0,10.0,465.0,12.0,24.0,32.0,341.0,22.0,10.016268961295763,5.122737227595676,2459.4543671692727
93.0,1.0,434.0,0.0,0.0,0.0,4.0,1.0,7.952371865124741,14.868999836787667,638.5402622282066
25.0,8.0,529.0,0.0,0.0,0.0,0.0,0.0,16.973153617472985,6.888486327806263,840.3038579573525
60.0,3.0,141.0,0.0,0.0,0.0,0.0,0.0,12.046869350256884,9.136494795896196,664.7576478463542
67.0,1.0,788.0,0.0,0.0,0.0,0.0,0.0,7.150785240922404,18.05587980507041,338.85026687220403
27.0,2.0,399.0,0.0,0.0,0.0,8.0,0.0,16.963667563826192,14.085041088071865,160.19433931575622
72.0,3.0,123.0,0.0,0.0,0.0,0.0,0.0,9.165400437814869,10.956787510494284,215.85536846453965
93.0,1.0,430.0,0.0,0.0,0.0,12.0,0.0,8.082894851041551,14.93306765536242,658.1260376593501
27.0,2.0,834.0,0.0,0.0,0.0,0.0,0.0,24.00924239669567,20.193237043786336,53.34317674039551
76.0,3.0,105.0,0.0,0.0,0.0,0.0,0.0,4.872639991007797,9.920958777562126,124.75069802603517
25.0,8.0,520.0,0.0,0.0,0.0,0.0,0.0,14.852158554069922,4.031099548929596,946.4044767662562
44.0,8.0,661.0,0.0,0.0,0.0,0.0,0.0,10.971091952501574,5.950191997378204,272.44356483022057
58.0,6.0,52.0,0.0,0.0,0.0,0.0,0.0,23.824331576648824,14.086475245855896,168.7557737989139
25.0,8.0,503.0,0.0,0.0,0.0,0.0,0.0,17.984075523104963,8.011278292067669,187.93826127430304
24.0,8.0,700.0,0.0,0.0,4.0,12.0,4.0,12.902162276270587,1.9292281343819144,2363.96599527845
32.0,6.0,584.0,0.0,0.0,0.0,0.0,0.0,16.055833504183447,4.717023240881745,483.920497776366
21.0,9.0,332.0,0.0,0.0,0.0,8.0,0.0,16.95751486418963,10.079162573671864,784.6889983941243
12.0,5.0,170.0,0.0,0.0,4.0,0.0,0.0,0.9539049699024884,12.04403154301908,733.1922740180721
44.0,8.0,668.0,0.0,0.0,0.0,0.0,0.0,13.034580768316216,8.04859714050782,254.8984996194666
88.0,9.0,352.0,4.0,54.0,172.0,331.0,32.0,11.972529732016945,8.156962139395292,1146.7816484648529
64.0,6.0,10.0,0.0,0.0,0.0,0.0,0.0,22.08449300947374,13.11123127938944,658.214155389186
17.0,3.0,116.0,0.0,0.0,0.0,0.0,0.0,2.987763653306692,12.127271792466924,556.768553884527
23.0,3.0,249.0,0.0,0.0,0.0,60.0,2.0,3.875037658751937,6.184388675710303,1467.6609777004078
66.0,2.0,377.0,0.0,0.0,0.0,0.0,0.0,18.94358580349565,12.055716908514396,221.45584230347103
71.0,9.0,346.0,4.0,24.0,54.0,431.0,45.0,11.98480208303354,7.005369152913376,2011.1631663726748
11.0,5.0,484.0,0.0,20.0,44.0,303.0,12.0,3.95253802724843,7.079985397566839,2121.952905246076
68.0,3.0,209.0,0.0,0.0,0.0,0.0,0.0,5.998852777924954,6.046121023141346,565.0819605697914
28.0,1.0,758.0,0.0,0.0,0.0,0.0,0.0,9.035201671278784,18.021140202616028,73.44814180142802
65.0,1.0,184.0,4.0,0.0,4.0,116.0,1.0,4.079069300827,12.02283888145681,986.3407373519672
86.0,10.0,451.0,4.0,0.0,20.0,123.0,16.0,8.227119964069642,2.9131002684970886,1559.7404534487005
67.0,1.0,780.0,0.0,0.0,0.0,0.0,0.0,9.981989550373674,19.921941743768382,276.7694150106176
69.0,3.0,161.0,0.0,0.0,0.0,0.0,0.0,6.025509689031033,9.005284042072706,189.0321328648827
26.0,8.0,658.0,0.0,0.0,0.0,0.0,0.0,15.140941679626236,7.035637695381629,96.83092281894618
76.0,3.0,162.0,0.0,0.0,0.0,0.0,0.0,7.038025425893682,10.997720926217958,128.07240990900405
26.0,8.0,640.0,0.0,0.0,0.0,0.0,0.0,15.8870800954484,9.018337026824447,167.03328573426327
78.0,5.0,730.0,0.0,4.0,16.0,76.0,15.0,8.04189284826176,3.101885138066914,2539.5503122739256
24.0,8.0,700.0,0.0,4.0,0.0,12.0,5.0,12.140658076898571,1.9755509290499416,2077.8731124988503
71.0,9.0,298.0,4.0,24.0,80.0,381.0,9.0,11.99254570961102,10.028921293154395,1375.4633417923635
29.0,10.0,587.0,0.0,0.0,0.0,0.0,0.0,16.873305587817622,8.143443322060838,347.6615915268837
28.0,1.0,809.0,0.0,0.0,0.0,0.0,0.0,10.905934162212494,18.930096294103578,309.7255372547448
30.0,9.0,366.0,4.0,4.0,4.0,171.0,1.0,14.03978204573886,10.031152947660786,1418.402583388881
59.0,6.0,599.0,0.0,0.0,0.0,0.0,0.0,22.993046598286277,12.028082208459644,168.4459564410117
44.0,8.0,667.0,0.0,0.0,0.0,0.0,0.0,11.811327616373514,7.847166255927292,297.75446071168113
60.0,3.0,288.0,0.0,0.0,0.0,0.0,0.0,14.109862324957362,9.952109395478898,913.811111469238
59.0,6.0,628.0,0.0,0.0,0.0,0.0,0.0,22.321638621716925,11.032550575055534,149.9267555957132
32.0,6.0,43.0,0.0,0.0,0.0,0.0,0.0,18.8337729328222,9.180736757466008,246.1909830059463
69.0,3.0,161.0,0.0,0.0,0.0,0.0,0.0,6.9335539303592135,8.874595054875792,239.44848784862137
82.0,8.0,520.0,0.0,0.0,0.0,0.0,0.0,15.120041826501224,4.064496829777803,282.9725650557849
23.0,3.0,93.0,0.0,0.0,0.0,0.0,0.0,1.989616004480094,10.911160854104043,443.64577817603526
25.0,8.0,530.0,0.0,0.0,0.0,0.0,0.0,17.08758998220544,6.931210706597807,613.4761212303844
43.0,8.0,516.0,0.0,0.0,0.0,0.0,0.0,20.86712895558544,9.989306541711445,65.11615742027526
45.0,10.0,724.0,0.0,0.0,4.0,8.0,1.0,13.065357482495184,2.065798439714472,2735.488942595778
28.0,1.0,778.0,0.0,0.0,0.0,4.0,0.0,5.960631361574134,15.908069486209,381.0377339614277
59.0,6.0,614.0,0.0,0.0,0.0,0.0,0.0,21.26183674487831,9.089927864808526,98.76623013961
58.0,6.0,605.0,0.0,0.0,0.0,0.0,0.0,25.039225508752207,14.09016590586843,114.26283241241003
9.0,8.0,690.0,0.0,0.0,0.0,0.0,0.0,18.158082711936316,10.94015599113985,96.27770731403136
29.0,10.0,343.0,0.0,0.0,0.0,16.0,0.0,15.229471839933831,8.157741179090275,1117.7730414031814
67.0,1.0,748.0,0.0,0.0,0.0,0.0,0.0,11.76510346734808,21.275951230894997,123.40675287142336
68.0,3.0,215.0,0.0,0.0,0.0,0.0,0.0,6.8634930275520185,6.037828797212464,620.5560278113
88.0,9.0,350.0,16.0,46.0,132.0,403.0,26.0,10.84974089013176,7.070385284182522,1574.207347054343
62.0,3.0,83.0,0.0,0.0,0.0,0.0,0.0,4.616041705213598,12.97693598493106,183.5735362811228
78.0,5.0,455.0,0.0,8.0,16.0,150.0,7.0,6.778817461653544,4.069265150880162,3088.881234348441
71.0,9.0,364.0,0.0,12.0,36.0,356.0,6.0,12.914336108368918,9.058884749475167,1729.0743519707266
88.0,9.0,303.0,4.0,54.0,146.0,349.0,26.0,11.941123373463425,8.974774724539646,2001.4480868775083
28.0,1.0,782.0,0.0,0.0,0.0,0.0,0.0,11.028751523922416,20.955983886334508,178.53939557538948
76.0,3.0,105.0,0.0,0.0,0.0,0.0,0.0,5.054168063420067,11.096052869110322,145.47586939019774
28.0,1.0,779.0,0.0,0.0,0.0,0.0,1.0,7.919388327246578,15.96940881734372,655.9056118953541
16.0,1.0,419.0,0.0,36.0,72.0,423.0,7.0,7.068866171309157,11.01565498753664,1612.387488806187
86.0,10.0,468.0,8.0,36.0,134.0,463.0,21.0,8.829856683789343,5.9359740490402215,1622.4496474516754
26.0,8.0,650.0,0.0,0.0,0.0,0.0,0.0,11.114315854626648,4.007693752570679,566.9484752433656
23.0,3.0,252.0,0.0,0.0,0.0,52.0,0.0,2.0789771716257306,7.98308623537804,1825.7101962409572
20.0,9.0,332.0,0.0,0.0,0.0,16.0,1.0,17.056432870123604,10.044129660972455,1197.9099254977064
27.0,2.0,395.0,0.0,0.0,0.0,4.0,1.0,17.903654761232932,13.928601068844843,117.7557356455686
43.0,8.0,502.0,0.0,0.0,0.0,0.0,0.0,20.141221729481664,8.962182267446368,67.18533100125872
65.0,1.0,201.0,0.0,0.0,0.0,4.0,0.0,3.9576757831570455,14.084469082344365,271.0888691542332
60.0,3.0,291.0,0.0,0.0,0.0,0.0,0.0,12.854630870907608,10.883293025394671,591.8773856136787
32.0,6.0,584.0,0.0,0.0,0.0,0.0,0.0,14.984974000936017,3.906944949325456,690.6669069422686
83.0,11.0,444.0,12.0,76.0,202.0,359.0,30.0,8.232692005828783,6.134112073856265,3034.6904488154014
59.0,6.0,609.0,0.0,0.0,0.0,0.0,0.0,23.79135130287992,13.08701172820117,137.913406039944
76.0,3.0,237.0,0.0,0.0,0.0,0.0,0.0,3.0857087198652984,9.05043174761058,294.6162354943123
29.0,10.0,323.0,0.0,4.0,12.0,98.0,7.0,12.81607401579134,6.875945687652317,1686.105990187434
59.0,6.0,600.0,0.0,0.0,0.0,0.0,0.0,23.041300321702668,12.04936363584851,195.6702181707231
34.0,10.0,700.0,0.0,4.0,0.0,12.0,5.0,12.065046973483806,1.049519607848393,1219.7054292812406
17.0,3.0,99.0,0.0,0.0,0.0,0.0,0.0,1.8348895056352297,11.87154619235546,192.7708413044328
15.0,8.0,675.0,0.0,0.0,0.0,0.0,0.0,9.9313536153205,4.077475000283783,1143.97011180182
77.0,4.0,459.0,24.0,253.0,184.0,164.0,43.0,10.07908835293568,9.04646964291129,2642.9126196793954
43.0,8.0,681.0,0.0,0.0,0.0,0.0,0.0,19.34254429018878,9.048980883779006,108.10085118924708
25.0,8.0,659.0,0.0,0.0,0.0,0.0,1.0,13.049450871042296,4.021256028288461,1429.1198080477116
9.0,8.0,292.0,0.0,0.0,0.0,0.0,0.0,13.84285014613998,10.930521296578265,99.22738548083495
45.0,10.0,713.0,0.0,0.0,0.0,28.0,1.0,14.078172123504592,4.983706378063925,3121.0053117357656
60.0,3.0,291.0,0.0,0.0,0.0,0.0,0.0,12.897624118615594,11.011599990223472,748.4043555713417
45.0,10.0,346.0,8.0,24.0,50.0,409.0,33.0,11.998251011273371,7.09265674184666,3755.351031067963
67.0,1.0,791.0,0.0,0.0,0.0,0.0,0.0,8.222461222444291,18.100387244311342,290.6393805237176
29.0,10.0,575.0,0.0,0.0,0.0,0.0,0.0,16.14640963140079,5.968127362792376,695.5764279671133
70.0,3.0,253.0,0.0,0.0,0.0,0.0,0.0,8.125762210676196,13.884353404783836,80.59835759659623
58.0,6.0,65.0,0.0,0.0,0.0,0.0,0.0,22.956194241912705,12.976839595898191,40.67798284491613
25.0,8.0,524.0,0.0,0.0,0.0,0.0,0.0,14.24623803986966,4.00030355556211,1193.1856686621306
29.0,10.0,345.0,0.0,0.0,0.0,12.0,0.0,16.093273526619722,8.995612322631912,1497.8620213343706
44.0,8.0,661.0,0.0,0.0,0.0,0.0,0.0,10.317988507620369,5.955006653324866,287.8584797280072
32.0,6.0,588.0,0.0,0.0,0.0,0.0,0.0,16.98382001510579,8.151776491858168,659.2128258808611
72.0,3.0,164.0,0.0,0.0,0.0,0.0,0.0,6.307767566048391,10.03716611291372,970.634774754582
18.0,4.0,491.0,28.0,300.0,155.0,118.0,14.0,7.921462958688678,10.032571065355524,4031.470376010696
0.0,2.0,386.0,0.0,0.0,0.0,0.0,0.0,22.916815733191,18.092337128733845,801.6636283111159
31.0,3.0,149.0,0.0,0.0,0.0,0.0,0.0,8.036045728312311,12.028070880221154,65.17604344602522
26.0,8.0,670.0,0.0,0.0,0.0,0.0,0.0,12.976456610498602,7.062354798402885,1186.2240718121895
9.0,8.0,279.0,0.0,0.0,0.0,0.0,0.0,16.965963807012397,11.116060569251154,60.48733230572866
33.0,3.0,130.0,0.0,0.0,0.0,0.0,0.0,11.700859005038716,12.922262453739368,131.44475471116343
76.0,3.0,160.0,0.0,0.0,0.0,0.0,0.0,6.133844183618542,9.09297521526221,179.09534756755176
68.0,3.0,239.0,0.0,0.0,0.0,0.0,0.0,4.987334504324697,7.964538405855326,611.7104426379764
11.0,5.0,448.0,12.0,92.0,202.0,327.0,44.0,6.827221795896755,6.023818316779625,2830.043404226675
61.0,1.0,799.0,0.0,0.0,0.0,0.0,0.0,11.055226251052424,18.0657457831486,204.1321497978713
17.0,3.0,176.0,0.0,0.0,0.0,4.0,0.0,0.9449745903281076,10.015622314529924,484.0762648213781
29.0,10.0,339.0,0.0,0.0,0.0,4.0,0.0,17.185837600571713,8.970810790308972,1626.8773078108024
59.0,6.0,618.0,0.0,0.0,0.0,0.0,0.0,18.949123764905156,7.986811469812525,163.72831636328797
74.0,8.0,705.0,0.0,0.0,0.0,4.0,0.0,13.800548654056628,2.963464256585955,572.1990145524068
79.0,9.0,36.0,0.0,0.0,0.0,0.0,0.0,17.8484761469294,10.90223153672284,693.9288786609866
78.0,5.0,448.0,8.0,65.0,212.0,336.0,47.0,6.803148628631047,5.924712874890558,2304.4466231287
70.0,3.0,86.0,0.0,0.0,0.0,0.0,0.0,6.980914335898029,12.018489278115252,267.0172654086863
25.0,8.0,524.0,0.0,0.0,0.0,0.0,1.0,12.82638041996736,2.893036286522743,946.4438295385464
62.0,3.0,104.0,0.0,0.0,0.0,0.0,0.0,3.9258153071410975,10.910847798037109,145.3241457737876
59.0,6.0,552.0,0.0,0.0,0.0,0.0,0.0,20.861705139983044,11.104026874058796,67.75702010714555
68.0,3.0,241.0,0.0,0.0,0.0,0.0,0.0,4.943113350071106,7.0169229450939845,505.847365960826
78.0,5.0,219.0,0.0,0.0,4.0,48.0,4.0,7.187722626631863,2.989832966680778,2610.523632821641
15.0,8.0,732.0,0.0,0.0,0.0,4.0,0.0,10.935925537215448,0.9274197463769912,1158.8987468293712
26.0,8.0,692.0,0.0,0.0,0.0,0.0,0.0,17.074903822007585,8.090561582893152,222.11040808578505
59.0,6.0,605.0,0.0,0.0,0.0,0.0,0.0,24.103376152922003,13.033626043110464,248.98230345686497
33.0,3.0,130.0,0.0,0.0,0.0,0.0,0.0,11.959972164411909,11.911399522786558,226.26728658524564
9.0,8.0,277.0,0.0,0.0,0.0,0.0,0.0,17.044407513082422,12.10116486683425,131.5777072167399
59.0,6.0,630.0,0.0,0.0,0.0,0.0,0.0,19.839378200063827,9.210840976967464,152.3164406924014
16.0,1.0,424.0,0.0,16.0,96.0,406.0,5.0,6.087360331426886,11.004850916073256,1321.7512585202053
34.0,10.0,722.0,0.0,0.0,4.0,4.0,0.0,12.937444855686582,2.0562495221282804,1908.5177130614409
70.0,3.0,88.0,0.0,0.0,0.0,0.0,0.0,5.095844003226628,12.034236566721766,273.832467745945
74.0,8.0,705.0,0.0,0.0,0.0,0.0,0.0,13.077057002840345,1.9451922495643408,278.0702395638859
15.0,8.0,657.0,0.0,0.0,0.0,0.0,0.0,14.273207459289708,5.150858634079629,520.5975436219271
15.0,8.0,226.0,0.0,0.0,0.0,0.0,0.0,8.95527082391343,3.051715555218784,1715.033752580493
86.0,10.0,464.0,20.0,36.0,197.0,392.0,19.0,9.14091833432487,6.078578585928357,1588.6861160561082
64.0,6.0,13.0,0.0,0.0,0.0,0.0,0.0,23.089260540868302,13.888273139077294,654.8275977757207
25.0,8.0,525.0,0.0,0.0,0.0,0.0,0.0,15.22384846376136,5.0942652866833145,1422.2646668750558
73.0,6.0,19.0,0.0,0.0,0.0,0.0,0.0,21.71839331825704,13.024843630483057,367.73599974944847
21.0,9.0,320.0,0.0,0.0,4.0,48.0,0.0,14.95122508582072,9.095585681600202,1681.757639633738
26.0,8.0,695.0,0.0,0.0,0.0,0.0,0.0,16.180487274178756,8.10795053178468,351.8116337419917
79.0,9.0,332.0,0.0,0.0,0.0,8.0,0.0,16.9773561435049,10.97021915714334,619.6200524946112
74.0,8.0,508.0,0.0,0.0,0.0,0.0,0.0,17.934381782843428,7.038749071153745,150.09572491043272
0.0,2.0,824.0,0.0,0.0,0.0,0.0,0.0,24.96760486654959,19.924864158669006,331.60026255623444
61.0,1.0,777.0,0.0,0.0,0.0,0.0,0.0,7.050263086799207,15.918294941928414,544.5124491920411
61.0,1.0,431.0,0.0,0.0,0.0,0.0,0.0,9.034717115666067,15.98809741798126,478.49193997442006
26.0,8.0,670.0,0.0,0.0,0.0,0.0,0.0,12.964123720059256,7.1573699268706905,706.850087902279
43.0,8.0,545.0,0.0,0.0,0.0,0.0,0.0,22.084455134137908,11.886335412730883,65.6500886686282
9.0,8.0,275.0,0.0,0.0,0.0,0.0,0.0,15.112140951451469,11.07199268825359,104.42438400288464
63.0,2.0,403.0,0.0,0.0,0.0,8.0,0.0,16.979812934281483,12.973888494497112,1056.6323855860455
15.0,8.0,231.0,0.0,0.0,0.0,12.0,0.0,6.939089109400732,3.990980601323016,1614.6256063113444
32.0,6.0,590.0,0.0,0.0,0.0,0.0,0.0,17.86066450075482,9.098819461987697,604.3993261258537
59.0,6.0,607.0,0.0,0.0,0.0,0.0,0.0,23.951320734426552,13.02455888528604,279.1356221886348
29.0,10.0,42.0,0.0,0.0,0.0,0.0,0.0,18.01814449641869,9.968970392506623,500.91742674071
0.0,2.0,388.0,0.0,0.0,0.0,0.0,0.0,21.116447745351195,16.13603943672682,597.6373800639559
62.0,3.0,94.0,0.0,0.0,0.0,0.0,0.0,2.8479302549746346,10.03467747238694,352.6428288617
21.0,9.0,402.0,0.0,0.0,0.0,8.0,2.0,16.987823091103273,11.807175818489862,1120.253739238538
15.0,8.0,635.0,0.0,0.0,0.0,0.0,1.0,13.159023795868936,4.914926262531883,449.69456635424086
0.0,2.0,823.0,0.0,0.0,0.0,0.0,0.0,22.892373451065243,18.94047301627719,602.415058209099
66.0,2.0,305.0,0.0,4.0,8.0,82.0,1.0,14.936274107977058,11.94720294651886,727.9590132092206
24.0,8.0,732.0,0.0,0.0,0.0,4.0,0.0,11.063039089277886,0.9650481985554497,1340.178726092826
66.0,2.0,376.0,0.0,0.0,0.0,0.0,0.0,19.071420638824165,13.06993770014578,382.85449693569126
72.0,3.0,124.0,0.0,0.0,0.0,0.0,0.0,10.107835494984494,11.00023459674652,398.32036409579456
67.0,1.0,748.0,0.0,0.0,0.0,0.0,0.0,12.030069477072598,22.05897634691988,34.966123199142174
43.0,8.0,558.0,0.0,0.0,0.0,0.0,0.0,21.088635589469405,10.05319316641768,88.28158897258056
67.0,1.0,811.0,0.0,0.0,0.0,0.0,0.0,11.1048268347492,21.856251240661926,124.776422569079
60.0,3.0,665.0,0.0,0.0,0.0,0.0,0.0,10.951557001077424,6.995878354068398,1426.9325292249296
23.0,3.0,245.0,0.0,0.0,0.0,0.0,0.0,4.118766069763371,8.982564034873132,423.720321118651
62.0,3.0,97.0,0.0,0.0,0.0,0.0,0.0,1.991402933412517,11.88092735785914,177.34584877697486
15.0,8.0,663.0,0.0,0.0,0.0,0.0,1.0,9.855446851040291,4.789786584297548,1167.698646157614
66.0,2.0,338.0,0.0,0.0,0.0,20.0,2.0,15.774609500608255,11.047285172522308,815.470304906293
22.0,2.0,315.0,0.0,56.0,235.0,270.0,7.0,11.828342318161493,9.985866180491335,3315.016528271713
76.0,3.0,162.0,0.0,0.0,0.0,0.0,0.0,6.977945633017551,10.891517610827387,192.6977332170719
58.0,6.0,78.0,0.0,0.0,0.0,0.0,0.0,25.963756458218864,14.95876863286541,27.99711820672789
62.0,3.0,85.0,0.0,0.0,0.0,0.0,0.0,4.159803490167319,13.058038654077269,158.04984253098866
80.0,3.0,151.0,0.0,0.0,0.0,0.0,0.0,8.667187539883503,12.932988886392796,70.84181970048485
17.0,3.0,115.0,0.0,0.0,0.0,0.0,0.0,2.9694866412879266,14.04960831937138,131.533896410741
43.0,8.0,501.0,0.0,0.0,0.0,0.0,0.0,19.05691082278992,7.932996544709764,90.9784530618958
60.0,3.0,292.0,0.0,0.0,0.0,0.0,0.0,14.110540817982413,10.842869247315422,383.1285248334528
17.0,3.0,250.0,0.0,0.0,0.0,16.0,0.0,2.0395494576795974,8.011752460327834,550.9120924625365
62.0,3.0,94.0,0.0,0.0,0.0,0.0,0.0,2.924441849413742,10.114504155558691,308.18452370039233
93.0,1.0,442.0,0.0,0.0,0.0,8.0,1.0,7.0784040512579605,13.954569691154948,1352.625550288344
67.0,1.0,746.0,0.0,0.0,0.0,0.0,0.0,12.121652488164296,22.03703077293057,42.31476199030341
24.0,8.0,739.0,4.0,4.0,4.0,44.0,11.0,10.787013455858265,2.078388056397665,1929.8227737882185
64.0,6.0,15.0,0.0,0.0,0.0,0.0,0.0,19.82565654759449,12.011790351780595,1097.8356088951348
33.0,3.0,293.0,0.0,0.0,0.0,0.0,0.0,11.886308521658812,9.965858452492752,146.0256572316852
45.0,10.0,357.0,4.0,12.0,16.0,150.0,30.0,11.084793495230205,4.002229831536468,3338.894063568483
88.0,9.0,352.0,16.0,32.0,95.0,402.0,44.0,11.830897910841813,7.9079277784039395,2177.5775297289133
9.0,8.0,288.0,0.0,0.0,0.0,0.0,0.0,14.027479883423194,10.85107950356179,35.46154043091003
61.0,1.0,429.0,0.0,0.0,0.0,0.0,0.0,9.165789135921775,15.863969554367293,457.3002570037183
17.0,3.0,93.0,0.0,0.0,0.0,0.0,0.0,2.092300994297476,11.033107513573423,432.9745640633751
63.0,2.0,374.0,0.0,0.0,0.0,0.0,0.0,18.80971968966329,14.03787725432751,2089.84946257902
84.0,11.0,470.0,16.0,99.0,312.0,230.0,27.0,8.95197272453563,6.990533127842955,2756.193537766933
27.0,2.0,838.0,0.0,0.0,0.0,0.0,0.0,23.11897376894929,19.94480893204608,95.12537272446797
32.0,6.0,560.0,0.0,0.0,0.0,0.0,0.0,18.100883444916352,7.971655097878732,702.7103504105178
32.0,6.0,582.0,0.0,0.0,0.0,0.0,0.0,16.91142094011516,5.892082173246604,458.7603809198274
9.0,8.0,276.0,0.0,0.0,0.0,0.0,0.0,13.064622659548238,9.12630076773102,119.60198248222171
82.0,8.0,496.0,0.0,0.0,0.0,0.0,0.0,15.984075966094975,6.039051736473241,335.23812989160643
59.0,6.0,621.0,0.0,0.0,0.0,0.0,0.0,21.920749731834643,11.044120852210847,90.37997353134764
65.0,1.0,200.0,0.0,4.0,0.0,32.0,0.0,4.077184310257282,11.918249693074998,1006.5154371446664
8.0,11.0,448.0,0.0,96.0,196.0,325.0,47.0,6.921490099492675,6.885520543414079,3829.8707506926335
66.0,2.0,300.0,4.0,8.0,16.0,319.0,3.0,13.874324447367943,11.00257453118431,620.2983836637338
43.0,8.0,516.0,0.0,0.0,0.0,0.0,0.0,20.97925526746873,9.924461776171576,72.55863345694745
65.0,1.0,202.0,0.0,0.0,4.0,0.0,0.0,4.03210198487069,13.123772814378022,592.9702679269418
60.0,3.0,291.0,0.0,0.0,0.0,0.0,0.0,12.989149126583214,11.077459504563722,513.5259983513712
9.0,8.0,266.0,0.0,0.0,0.0,0.0,0.0,14.9388713017741,11.871512883705131,114.43016583539266
28.0,1.0,778.0,0.0,0.0,0.0,4.0,0.0,6.225198378449836,16.182408876760956,391.3701193783188
15.0,8.0,230.0,0.0,0.0,0.0,0.0,1.0,8.01394268801607,2.92624212887143,2552.2081685913986
44.0,8.0,632.0,0.0,0.0,0.0,0.0,1.0,12.102807606366667,5.232972363517543,471.4373439344387
29.0,10.0,590.0,0.0,0.0,0.0,0.0,0.0,17.980834866345678,8.878917907913037,448.8972732277937
24.0,8.0,723.0,0.0,0.0,0.0,4.0,0.0,13.938769449908769,3.025760999006223,1534.2764055289233
23.0,3.0,247.0,0.0,0.0,0.0,48.0,2.0,4.033841976482885,5.951477171156027,1417.6566586318847
75.0,8.0,529.0,0.0,0.0,0.0,0.0,0.0,17.09675423373511,6.026790323855522,160.62014652088075
75.0,8.0,497.0,0.0,0.0,0.0,0.0,0.0,16.998115794830166,6.957648956604039,243.5633524694172
68.0,3.0,214.0,0.0,0.0,0.0,0.0,1.0,8.197379248437866,4.063096187459074,460.5411952903965
73.0,6.0,6.0,0.0,0.0,0.0,0.0,0.0,24.95217216609764,15.958668982073052,51.21516250505103
25.0,8.0,530.0,0.0,0.0,0.0,0.0,0.0,16.932637384914422,7.147729653823505,700.9204044193114
60.0,3.0,288.0,0.0,0.0,0.0,0.0,0.0,14.096155297635864,10.911984153807396,1052.9852912069107
82.0,8.0,496.0,0.0,0.0,0.0,0.0,0.0,15.975212572824766,4.905926304417501,291.42231395230874
74.0,8.0,540.0,0.0,0.0,0.0,4.0,0.0,15.119114226524667,2.9493158290090262,368.5682951258912
2.0,11.0,464.0,12.0,40.0,149.0,444.0,18.0,9.975500370259525,5.933109738644826,3393.1350852437504
76.0,3.0,245.0,0.0,0.0,0.0,0.0,0.0,3.789721213210608,7.977779284645272,246.7987635181765
73.0,6.0,11.0,0.0,0.0,0.0,0.0,0.0,21.923819092522415,12.899479632185756,100.5638187377558
76.0,3.0,160.0,0.0,0.0,0.0,0.0,0.0,5.884968242370693,8.891236512682195,180.27216387841696
63.0,2.0,388.0,0.0,0.0,0.0,0.0,0.0,20.93214262933344,16.128905822147168,713.581478418527
73.0,6.0,6.0,0.0,0.0,0.0,0.0,0.0,25.029184172304745,15.977777423975828,112.1583119695503
64.0,6.0,11.0,0.0,0.0,0.0,0.0,0.0,21.194649710299185,13.017117339100926,149.7847680487106
57.0,3.0,662.0,0.0,0.0,0.0,0.0,1.0,9.085980998844455,4.969420617262647,443.4696135835874
27.0,2.0,398.0,0.0,0.0,0.0,8.0,1.0,16.881506039210052,14.016702287283154,173.79814233784498
23.0,3.0,247.0,0.0,0.0,0.0,20.0,2.0,4.031965143096397,6.018289543216026,2000.0897303601828
58.0,6.0,66.0,0.0,0.0,0.0,0.0,0.0,23.93326273946976,13.922616216723624,176.45332790512757
0.0,2.0,823.0,0.0,0.0,0.0,0.0,0.0,23.87703431046505,18.9611546904526,400.5625557048813
20.0,9.0,345.0,0.0,0.0,0.0,4.0,0.0,16.852827941776603,8.886208944612191,1273.1507712178943
0.0,2.0,822.0,0.0,0.0,0.0,0.0,0.0,23.136051647095798,19.00135439371674,790.0823797157084
31.0,3.0,148.0,0.0,0.0,0.0,0.0,0.0,10.071319958598227,12.909182795352011,87.86853502187729
45.0,10.0,354.0,0.0,4.0,16.0,56.0,18.0,11.942585736840844,4.075064681795138,3765.6489535033984
82.0,8.0,538.0,0.0,0.0,0.0,0.0,0.0,13.8714750625445,3.0002224360013168,416.89650493728783
26.0,8.0,634.0,0.0,0.0,0.0,0.0,0.0,10.934087095658622,3.9269645550158656,594.918268491743
88.0,9.0,302.0,16.0,36.0,226.0,275.0,8.0,12.073581910063396,9.947681818241618,1328.994279881609
29.0,10.0,42.0,0.0,0.0,0.0,0.0,0.0,18.003440145148364,9.997013586480566,429.85363320863297
27.0,2.0,833.0,0.0,0.0,0.0,0.0,0.0,22.101510696399338,17.893916613649402,30.39634422752588
25.0,8.0,683.0,0.0,0.0,0.0,0.0,0.0,17.903143912361294,8.986220809879768,880.5928183149998
88.0,9.0,350.0,20.0,54.0,201.0,338.0,23.0,10.766891650453209,7.068789191689575,1856.6970907283733
74.0,8.0,567.0,0.0,0.0,0.0,0.0,0.0,17.93820304716297,6.973449779154084,79.71227428215332
72.0,3.0,101.0,0.0,0.0,0.0,0.0,0.0,5.009780749889838,9.32389869841413,903.2883350717764
24.0,8.0,706.0,0.0,0.0,0.0,4.0,0.0,12.137208176875234,0.8890239231482047,1118.863879914927
45.0,10.0,351.0,8.0,32.0,54.0,455.0,31.0,11.170562242856672,5.8073295097678335,2452.838520891253
22.0,2.0,312.0,8.0,156.0,190.0,223.0,11.0,10.84182129749258,11.075579904562812,3104.2867234959067
20.0,9.0,320.0,0.0,0.0,4.0,48.0,0.0,14.904000990049132,9.083938327593762,1657.1172732735456
23.0,3.0,235.0,0.0,0.0,0.0,0.0,1.0,3.080663970521168,8.160884392778406,864.1417388072211
15.0,8.0,662.0,0.0,0.0,0.0,0.0,0.0,9.058896333686407,5.88507548062667,644.6630185844805
28.0,1.0,777.0,0.0,0.0,0.0,0.0,0.0,7.18075765349334,16.015121019623148,661.6780593909839
37.0,1.0,441.0,0.0,4.0,0.0,60.0,0.0,4.9357260751791925,13.0605900205535,1948.5054718109725
72.0,3.0,159.0,0.0,0.0,0.0,0.0,0.0,7.9947670578210035,9.817153725435126,505.3070636353137
59.0,6.0,604.0,0.0,0.0,0.0,0.0,0.0,25.01118076606632,13.939764406942034,131.55458682667893
43.0,8.0,518.0,0.0,0.0,0.0,0.0,0.0,19.81039925017456,8.962208166259458,84.18999948568268
17.0,3.0,95.0,0.0,0.0,0.0,4.0,0.0,1.1795348128562289,10.076971954912418,296.3120151270996
43.0,8.0,547.0,0.0,0.0,0.0,0.0,0.0,20.83098875942965,11.18199902483234,62.05950251747478
45.0,10.0,356.0,0.0,4.0,12.0,72.0,8.0,13.059723519456291,5.922985870686401,2594.820252441588
25.0,8.0,696.0,0.0,0.0,0.0,0.0,0.0,15.24261415915567,6.971012187570549,501.8758172316248
67.0,1.0,192.0,0.0,0.0,0.0,4.0,0.0,4.039624138574476,14.879866720713071,350.06813286315173
29.0,10.0,339.0,0.0,0.0,0.0,4.0,0.0,16.847947426979335,8.799917591331893,1233.9256027357037
82.0,8.0,534.0,0.0,0.0,0.0,0.0,0.0,14.88837684119459,4.123803131335835,264.36840895844875
61.0,1.0,776.0,0.0,0.0,0.0,4.0,0.0,7.188943106532246,15.057087576306015,735.3572492047775
0.0,2.0,389.0,0.0,0.0,0.0,0.0,0.0,22.31337134564028,17.92667277785521,863.6249036913373
25.0,8.0,655.0,0.0,0.0,0.0,0.0,0.0,13.94074701739091,4.981141132196004,1345.3581109111965
62.0,3.0,83.0,0.0,0.0,0.0,0.0,0.0,4.961622768156236,14.06439073342814,171.4280048393829
79.0,9.0,38.0,0.0,0.0,0.0,0.0,0.0,18.009980510022377,12.000158500511969,824.735657891626
58.0,6.0,59.0,0.0,0.0,0.0,0.0,0.0,23.082285739652125,12.960321945296508,103.28299562006052
65.0,1.0,184.0,0.0,4.0,4.0,116.0,1.0,3.919136057759807,11.902615920023711,906.2862912407742
66.0,2.0,16.0,0.0,0.0,0.0,0.0,0.0,20.122156816761844,13.04214787241178,420.6739811646411
86.0,10.0,742.0,0.0,8.0,20.0,81.0,18.0,9.042739379018084,3.0475628559989385,1370.0456336336383
62.0,3.0,92.0,0.0,0.0,0.0,0.0,0.0,6.02230684765502,13.033237800092454,160.93665138789632
76.0,3.0,80.0,0.0,0.0,0.0,0.0,0.0,5.071297611938439,12.043964087882634,144.35841583682242
17.0,3.0,98.0,0.0,0.0,0.0,0.0,0.0,3.133669310734155,11.02574001074024,307.8432635253135
63.0,2.0,370.0,0.0,0.0,0.0,0.0,0.0,18.91321993599697,13.98924941370583,1438.721416768842
28.0,1.0,753.0,0.0,0.0,0.0,0.0,0.0,7.124302372943343,17.05116982772407,364.8085082247817
68.0,3.0,135.0,0.0,0.0,0.0,0.0,0.0,8.053937735588985,7.031700400452604,170.58004663113942
15.0,8.0,737.0,0.0,0.0,4.0,8.0,1.0,9.989937461800656,1.0669411263019992,1926.9014880923455
74.0,8.0,567.0,0.0,0.0,0.0,0.0,0.0,17.908140262431683,7.0889518199438735,65.23062126979032
78.0,5.0,483.0,0.0,0.0,20.0,108.0,7.0,4.13338574480003,6.030884142503961,2314.407705854419
60.0,3.0,290.0,0.0,0.0,0.0,0.0,0.0,12.9011043819613,10.022279208346651,1006.6497025885028
26.0,8.0,696.0,0.0,0.0,0.0,0.0,0.0,16.23600866359571,6.844797339413626,557.7081725808596
62.0,3.0,109.0,0.0,0.0,0.0,0.0,0.0,4.789093874468021,15.023629202579793,163.35368400654207
32.0,6.0,576.0,0.0,0.0,0.0,0.0,0.0,16.939612489887576,6.855262287648436,569.6501540751542
74.0,8.0,536.0,0.0,0.0,0.0,0.0,0.0,15.045018037640896,4.109409049633165,392.1176888678683
62.0,3.0,109.0,0.0,0.0,0.0,0.0,0.0,5.930932586834342,15.973852671845744,123.32345183077048
67.0,1.0,745.0,0.0,0.0,0.0,0.0,0.0,14.001473312440256,24.104464282894124,40.94342210018916
69.0,3.0,160.0,0.0,0.0,0.0,0.0,0.0,6.010425291248059,9.894106941666198,233.47344700390025
37.0,1.0,180.0,0.0,4.0,12.0,221.0,2.0,4.891545350676292,11.00987200606817,1750.4126839396556
45.0,10.0,331.0,0.0,0.0,4.0,28.0,0.0,13.915052071411807,7.01173841139719,3159.0324816932257
25.0,8.0,527.0,0.0,0.0,0.0,0.0,0.0,15.802441640087974,7.069195770356703,489.4227992859954
86.0,10.0,738.0,4.0,12.0,12.0,72.0,16.0,9.797099520874388,3.089777056514367,2536.261205248866
43.0,8.0,516.0,0.0,0.0,0.0,0.0,0.0,20.10616254778711,8.949914025155623,75.0222811811942
12.0,5.0,178.0,0.0,4.0,8.0,189.0,1.0,3.8043405251311873,10.926252452531548,2731.6722299810185
68.0,3.0,135.0,0.0,0.0,0.0,0.0,0.0,6.896856314333355,7.070055233744765,158.59453869856463
44.0,8.0,668.0,0.0,0.0,0.0,0.0,0.0,13.800604713318387,9.033525180913117,181.8311296379437
57.0,3.0,666.0,0.0,0.0,0.0,0.0,0.0,9.108860323845956,5.943217896324319,336.7985981728869
72.0,3.0,162.0,0.0,0.0,0.0,0.0,0.0,7.093877810094212,10.934010581201504,907.4335260422952
17.0,3.0,176.0,0.0,0.0,0.0,0.0,0.0,0.9556940316983276,8.96858970582851,340.03109539180264
64.0,6.0,33.0,0.0,0.0,0.0,0.0,0.0,20.092902663911016,11.114849058917557,910.2510231198464
87.0,0.0,448.0,12.0,48.0,185.0,384.0,45.0,6.982398199671979,6.003096520817281,4656.481168704475
43.0,8.0,550.0,0.0,0.0,0.0,0.0,0.0,21.109676812039037,11.987359034578144,80.72612940778981
15.0,8.0,659.0,0.0,0.0,0.0,0.0,1.0,13.107373369807688,4.977666278014067,748.2023253393537
76.0,3.0,100.0,0.0,0.0,0.0,0.0,0.0,3.7726271960003617,10.1796720031903,237.64327793539888
28.0,1.0,758.0,0.0,0.0,0.0,0.0,0.0,8.98887117003715,17.895586294276164,89.16071007760974
59.0,6.0,596.0,0.0,0.0,0.0,0.0,0.0,23.893516652740225,11.9601191656841,115.32517420075996
67.0,1.0,792.0,0.0,0.0,0.0,0.0,0.0,8.89908518363907,19.088778812583936,48.24662597892546
37.0,1.0,424.0,0.0,16.0,72.0,426.0,4.0,6.0183393689617,10.7956703091091,2220.996117564732
34.0,10.0,720.0,0.0,0.0,0.0,8.0,0.0,14.139007331106765,3.7662407598431815,1131.2261132414967
66.0,2.0,305.0,0.0,4.0,8.0,99.0,1.0,14.924945674110797,11.98519183536352,647.2904988122787
70.0,3.0,112.0,0.0,0.0,0.0,0.0,0.0,6.085213589598036,14.00121602651109,206.60102650588277
59.0,6.0,611.0,0.0,0.0,0.0,0.0,0.0,24.88990901768584,14.050273454438816,150.47147710841662
15.0,8.0,231.0,0.0,0.0,0.0,16.0,0.0,6.930237793832808,2.989553522910432,2087.21305009527
84.0,11.0,470.0,16.0,93.0,230.0,310.0,27.0,10.063137523005768,6.95471675427807,3364.8457351944394
68.0,3.0,239.0,0.0,0.0,0.0,0.0,0.0,5.995405582442825,7.860104081067722,238.48165774001967
58.0,6.0,54.0,0.0,0.0,0.0,0.0,0.0,26.214131600295573,15.01723115229675,139.86104292836396
67.0,1.0,764.0,0.0,0.0,0.0,4.0,0.0,4.989648870893942,15.991213524132618,330.506085189151
62.0,3.0,107.0,0.0,0.0,0.0,0.0,0.0,4.98868069575216,14.975733819849582,95.47489429550484
37.0,1.0,440.0,0.0,0.0,4.0,28.0,0.0,5.988502322260676,13.090489465201438,1800.0769997869054
63.0,2.0,305.0,0.0,4.0,4.0,52.0,2.0,14.973655679509063,11.986895892517028,2499.433875842022
65.0,1.0,774.0,0.0,0.0,0.0,4.0,0.0,5.934799659872722,14.966147924275615,479.43931995323146
29.0,10.0,36.0,0.0,0.0,0.0,0.0,0.0,17.756390216194177,10.879840957501848,750.240625163647
63.0,2.0,382.0,0.0,0.0,0.0,0.0,0.0,18.236861327241748,12.926897587992835,1437.4099398537992
25.0,8.0,694.0,0.0,0.0,0.0,0.0,0.0,16.908218506722548,7.975130977125744,762.6049698460532
72.0,3.0,155.0,0.0,0.0,0.0,0.0,0.0,10.037601194731408,11.921491730423476,545.6188421564251
25.0,8.0,653.0,0.0,0.0,0.0,0.0,0.0,14.94555222836899,6.105131868815516,776.5376893373506
78.0,5.0,482.0,0.0,0.0,28.0,134.0,7.0,4.030847416870238,7.085855012934084,4221.023793522545
80.0,3.0,149.0,0.0,0.0,0.0,0.0,0.0,8.195604534678147,12.020585359102116,194.328659342035
12.0,5.0,168.0,4.0,0.0,0.0,60.0,0.0,2.020835149183832,11.003796756363007,2655.598323013642
0.0,2.0,813.0,0.0,0.0,0.0,0.0,0.0,25.89203056760159,21.001590475900784,553.3159741116282
57.0,3.0,216.0,0.0,0.0,0.0,0.0,0.0,8.193825300218169,5.840187967231936,221.96867115804093
44.0,8.0,633.0,0.0,0.0,0.0,0.0,0.0,13.181199606155676,5.961924806848251,205.33854382143048
12.0,5.0,167.0,4.0,0.0,0.0,32.0,0.0,1.9086125822075244,10.970869369577915,2118.0735378507115
81.0,0.0,473.0,40.0,115.0,217.0,233.0,13.0,5.764350577011919,8.9559576273946,5050.199130654975
28.0,1.0,779.0,0.0,0.0,0.0,0.0,0.0,6.848066324495642,16.01044534683558,693.3144903390495
48.0,0.0,187.0,0.0,24.0,40.0,257.0,7.0,3.973884928089895,9.089437350216537,3042.379280790075
78.0,5.0,455.0,4.0,8.0,28.0,145.0,15.0,6.972801427961344,3.984461428929365,4543.645241377897
59.0,6.0,613.0,0.0,0.0,0.0,0.0,0.0,20.902899448502957,10.124845735217932,166.6431032894959
77.0,4.0,460.0,30.0,121.0,326.0,168.0,32.0,9.943572281864087,7.916147276209255,2951.6912829572843
60.0,3.0,292.0,0.0,0.0,0.0,0.0,0.0,14.06918010727915,11.099379837560123,729.635177051924
68.0,3.0,239.0,0.0,0.0,0.0,0.0,0.0,4.895637714945717,8.021140352232036,570.726088488685
34.0,10.0,587.0,0.0,0.0,0.0,0.0,0.0,17.746014304703312,8.028670113609806,287.3119568735063
11.0,5.0,472.0,8.0,36.0,84.0,433.0,13.0,4.84001285913767,8.079023097769985,762.8871467268601
9.0,8.0,281.0,0.0,0.0,0.0,0.0,0.0,16.861396037547028,11.984578044172371,121.37306792054892
58.0,6.0,77.0,0.0,0.0,0.0,0.0,0.0,26.13787408258636,14.927417848367194,28.62125537379934
0.0,2.0,72.0,0.0,0.0,0.0,0.0,0.0,24.039331839350137,19.23868821776343,933.7175143812055
27.0,2.0,397.0,0.0,0.0,0.0,4.0,1.0,18.147565714644557,14.902032574697898,126.4236584718784
62.0,3.0,118.0,0.0,0.0,0.0,0.0,0.0,3.869490713764621,14.019636435103177,52.67625501172315
0.0,2.0,390.0,0.0,0.0,0.0,0.0,0.0,21.017129147935385,15.066463795019072,334.0865142006496
80.0,3.0,254.0,0.0,0.0,0.0,0.0,0.0,7.976305225390101,13.037333430198649,71.95030279931306
32.0,6.0,580.0,0.0,0.0,0.0,0.0,0.0,17.042588733293215,6.044316126307087,457.9813350587673
81.0,0.0,477.0,4.0,60.0,103.0,390.0,9.0,5.036913971666452,8.934957309125213,4358.072488315699
80.0,3.0,91.0,0.0,0.0,0.0,0.0,0.0,7.806061121004158,13.043056837121217,192.30567362950796
28.0,1.0,767.0,0.0,0.0,0.0,0.0,1.0,7.759523190742202,16.07482303103808,492.3866645138688
68.0,3.0,237.0,0.0,0.0,0.0,0.0,0.0,3.920923601301304,9.11544967595105,630.4994096797907
29.0,10.0,37.0,0.0,0.0,0.0,0.0,0.0,18.059125069549697,11.090838517955818,368.4997075848226
67.0,1.0,788.0,0.0,0.0,0.0,0.0,0.0,5.899746642940099,16.949987627640848,289.4405167548068
82.0,8.0,535.0,0.0,0.0,0.0,0.0,0.0,16.14720705462188,5.018713585074239,66.93416848716379
28.0,1.0,748.0,0.0,0.0,0.0,0.0,0.0,12.003753700764031,21.089054276651854,199.80657874463796
15.0,8.0,214.0,0.0,0.0,0.0,0.0,1.0,7.828598242336543,4.073710271753551,2328.028095268593
26.0,8.0,692.0,0.0,0.0,0.0,0.0,0.0,17.204440975617924,8.00598000623186,289.59851469366754
27.0,2.0,412.0,0.0,0.0,0.0,0.0,0.0,18.825636201763874,15.96400452296179,171.717827590564
59.0,6.0,515.0,0.0,0.0,0.0,0.0,0.0,20.02420693088514,9.03858688931541,102.25634672944756
25.0,8.0,531.0,0.0,0.0,0.0,0.0,0.0,16.11777597676184,6.901240540359116,897.6871537281977
15.0,8.0,223.0,0.0,0.0,0.0,24.0,1.0,5.985516915505805,3.897567958514732,1822.9640503042808
74.0,8.0,522.0,0.0,0.0,0.0,0.0,0.0,15.07472790700021,4.031502158126807,369.139266310322
61.0,1.0,778.0,0.0,0.0,0.0,4.0,0.0,7.086927180701875,16.14293352296741,517.0799834419089
37.0,1.0,417.0,0.0,0.0,4.0,243.0,1.0,6.874924128892261,13.126892409239629,2288.448617377816
9.0,8.0,644.0,0.0,0.0,0.0,0.0,0.0,14.95740224537723,9.107414586692393,143.9063737789446
79.0,9.0,37.0,0.0,0.0,0.0,0.0,0.0,18.00494993315593,11.02177248407317,368.97509688300585
78.0,5.0,451.0,4.0,4.0,28.0,141.0,19.0,8.10687431898037,3.0395165145191925,3406.6042602396524
15.0,8.0,675.0,0.0,0.0,0.0,0.0,0.0,11.253751005476031,2.983536638876396,341.96097510061617
45.0,10.0,464.0,4.0,40.0,46.0,458.0,19.0,9.927898300882248,5.075674294246418,3704.926493796369
30.0,9.0,364.0,0.0,24.0,40.0,402.0,5.0,12.98497368618869,9.037585443424335,1683.2655652652531
68.0,3.0,239.0,0.0,0.0,0.0,0.0,0.0,4.963244471263088,7.94552638504569,232.98071724442943
27.0,2.0,413.0,0.0,0.0,0.0,0.0,0.0,19.80497311201643,15.907122764807916,18.66606481590265
0.0,2.0,825.0,0.0,0.0,0.0,0.0,0.0,27.04092670458457,22.002665295509697,426.366804396662
9.0,8.0,268.0,0.0,0.0,0.0,0.0,0.0,18.04443315442034,14.07029569454398,170.21493224331408
63.0,2.0,404.0,0.0,0.0,0.0,4.0,1.0,18.009475923999467,13.04312319160494,1374.3462308519308
8.0,11.0,444.0,12.0,88.0,210.0,331.0,38.0,7.110460493576904,5.92154528353357,3304.659070478143
68.0,3.0,217.0,0.0,0.0,0.0,0.0,0.0,5.902789816377154,5.966955817451761,490.7053530815434
0.0,2.0,828.0,0.0,0.0,0.0,0.0,0.0,25.78887881015441,20.96509495352477,449.4305427526107
62.0,3.0,108.0,0.0,0.0,0.0,0.0,0.0,5.049474870383351,14.0412717835129,143.19964498275215
9.0,8.0,288.0,0.0,0.0,0.0,0.0,0.0,14.066595024667787,10.87255043044514,107.62972371934988
93.0,1.0,436.0,0.0,0.0,4.0,80.0,0.0,5.998378078372941,12.937326002245095,1429.0729369875298
15.0,8.0,662.0,0.0,0.0,0.0,0.0,1.0,8.94699473902925,4.902137111461885,307.2476350152576
29.0,10.0,587.0,0.0,0.0,0.0,0.0,0.0,16.969601088171135,7.03840722122242,393.1994702248288
43.0,8.0,514.0,0.0,0.0,0.0,0.0,0.0,19.912406768797613,9.06593376833566,69.504002141494
33.0,3.0,294.0,0.0,0.0,0.0,0.0,0.0,13.03994453623745,14.05158306373832,211.26032386016243
74.0,8.0,506.0,0.0,0.0,0.0,0.0,0.0,18.15777956454249,7.048560079564786,168.27187333699857
22.0,2.0,315.0,20.0,54.0,242.0,249.0,10.0,11.055628308255322,11.034144285906663,3519.714665611871
9.0,8.0,277.0,0.0,0.0,0.0,0.0,0.0,16.841634046359676,12.090178344556266,47.65354414359599
27.0,2.0,411.0,0.0,0.0,0.0,0.0,0.0,20.7531704317103,17.114739559968836,52.76590725243802
25.0,8.0,528.0,0.0,0.0,0.0,0.0,0.0,17.91357592268713,8.070633527776604,435.5185242726394
58.0,6.0,66.0,0.0,0.0,0.0,0.0,0.0,24.007571533059643,13.872177205185327,185.36442703476035
64.0,6.0,12.0,0.0,0.0,0.0,0.0,0.0,22.189808963181576,13.932804835355078,262.59394774566806
70.0,3.0,90.0,0.0,0.0,0.0,0.0,0.0,6.959741195790785,12.909182663102078,176.90676551326686
74.0,8.0,722.0,0.0,0.0,0.0,8.0,0.0,12.915960905140569,2.004971186667935,611.2651653229507
67.0,1.0,259.0,0.0,0.0,0.0,0.0,0.0,5.104473059483667,15.997159589332904,238.9653820725593
75.0,8.0,511.0,0.0,0.0,0.0,0.0,0.0,17.706537580322887,6.930574375938733,62.1411355109909
27.0,2.0,816.0,0.0,0.0,0.0,0.0,0.0,23.917126102795866,21.03833267239025,39.10335449133266
11.0,5.0,187.0,0.0,16.0,28.0,233.0,5.0,4.025037801507516,8.966440137338529,1676.375814784839
22.0,2.0,298.0,4.0,36.0,115.0,374.0,9.0,12.24544563530557,10.099431651662812,2170.9301114831333
62.0,3.0,109.0,0.0,0.0,0.0,0.0,0.0,6.027409424123354,16.133843665028937,105.42691545706715
82.0,8.0,539.0,0.0,0.0,0.0,0.0,0.0,14.952094365581608,3.9358792443804487,434.0676812966578
29.0,10.0,327.0,0.0,0.0,4.0,20.0,0.0,15.091467044635774,6.983797858396795,1489.7224291814032
43.0,8.0,623.0,0.0,0.0,0.0,0.0,0.0,21.934370190345003,10.872865059704598,45.42890504880245
60.0,3.0,665.0,0.0,0.0,0.0,0.0,0.0,10.137105592419855,7.066798855464878,957.3321772925228
37.0,1.0,200.0,0.0,4.0,0.0,40.0,0.0,4.982722330581326,13.108426538651772,1540.5474441603667
43.0,8.0,546.0,0.0,0.0,0.0,0.0,0.0,21.83123272737041,11.910238700268392,39.70781012671529
27.0,2.0,408.0,0.0,0.0,0.0,0.0,0.0,20.14202913743697,16.926267191893903,47.650830891096106
45.0,10.0,579.0,0.0,0.0,0.0,12.0,0.0,14.854944376416231,4.949130796911313,2783.507931098752
0.0,2.0,835.0,0.0,0.0,0.0,0.0,0.0,22.94639970789352,20.12032175326456,423.5174763712708
58.0,6.0,77.0,0.0,0.0,0.0,0.0,0.0,26.09892762001826,15.036175341731647,139.023885507022
15.0,8.0,736.0,0.0,0.0,0.0,0.0,0.0,10.041273459546527,2.068950967368241,1253.4592488159096
34.0,10.0,716.0,0.0,4.0,4.0,24.0,5.0,11.9554202872854,2.0515386698741724,1275.9108576436804
28.0,1.0,802.0,0.0,0.0,0.0,0.0,0.0,9.908561451147834,17.886345402571273,358.2627433902136
17.0,3.0,95.0,0.0,0.0,0.0,0.0,0.0,0.9545862026265068,10.962603623539646,349.4378758207501
67.0,1.0,757.0,0.0,0.0,0.0,0.0,0.0,7.852655972700855,16.935150014745282,142.77443565652223
69.0,3.0,136.0,0.0,0.0,0.0,0.0,0.0,8.060800400774722,6.999459230434883,101.15500283703612
37.0,1.0,436.0,0.0,0.0,0.0,40.0,0.0,7.022500839164241,13.949017954149635,1870.9717205438135
75.0,8.0,502.0,0.0,0.0,0.0,0.0,0.0,20.030184030085717,9.000572084723146,44.40875195915814
29.0,10.0,36.0,0.0,0.0,0.0,0.0,0.0,17.72889252328734,9.91217140168368,1039.4769502486088
44.0,8.0,290.0,0.0,0.0,0.0,0.0,0.0,13.7647877988778,10.004549869952948,135.07485842053475
11.0,5.0,187.0,0.0,8.0,20.0,183.0,2.0,3.05162445051119,8.924161473954648,1966.25130134773
26.0,8.0,632.0,0.0,0.0,0.0,0.0,1.0,11.826724849063918,4.96738423907075,1057.562079697715
24.0,8.0,702.0,0.0,0.0,4.0,8.0,0.0,11.190121297551896,0.0,2656.1113179668937
32.0,6.0,581.0,0.0,0.0,0.0,0.0,0.0,16.876281783113605,6.040348813673315,251.4373181072721
62.0,3.0,92.0,0.0,0.0,0.0,0.0,0.0,5.830107209715955,13.04775590208985,50.42047448296951
68.0,3.0,243.0,0.0,0.0,0.0,0.0,0.0,5.029233147375874,8.979535051596303,189.3089393958798
17.0,3.0,238.0,0.0,0.0,0.0,0.0,1.0,1.980500327091829,8.98921817250162,440.9756528904842
74.0,8.0,508.0,0.0,0.0,0.0,0.0,0.0,17.916679935117465,7.014661943837235,141.08109113441105
44.0,8.0,661.0,0.0,0.0,0.0,0.0,0.0,11.147693238104097,5.957461397229113,368.0109740571321
63.0,2.0,382.0,0.0,0.0,0.0,0.0,0.0,18.81407242776562,12.94567105753744,1332.8745313940396
66.0,2.0,401.0,0.0,0.0,0.0,12.0,1.0,16.17532547278637,11.951243885630038,792.5844467376329
9.0,8.0,272.0,0.0,0.0,0.0,0.0,0.0,14.746294967703768,8.881159777191662,127.63934205369816
58.0,6.0,67.0,0.0,0.0,0.0,0.0,0.0,22.08326157370788,10.951771416198238,97.45148137067667
29.0,10.0,339.0,0.0,0.0,0.0,4.0,0.0,17.137299555801075,9.02028737455346,1640.4806343596822
68.0,3.0,205.0,0.0,0.0,0.0,0.0,0.0,5.744763157775953,5.066996091053913,468.5130038337674
15.0,8.0,702.0,0.0,0.0,4.0,8.0,0.0,10.71110370179048,0.1032546659780728,2391.6624714628506
16.0,1.0,180.0,0.0,4.0,16.0,248.0,3.0,5.117660977383813,10.870435404595662,513.9326451729322
30.0,9.0,362.0,0.0,4.0,4.0,68.0,0.0,15.089613626897568,10.93216187898734,1526.241986464715
63.0,2.0,369.0,0.0,0.0,0.0,0.0,0.0,18.76566695910841,14.085028119582722,1053.972479642997
57.0,3.0,120.0,0.0,0.0,0.0,0.0,0.0,10.133751333111142,9.994750224237706,283.9605638981481
29.0,10.0,345.0,0.0,0.0,0.0,12.0,0.0,16.068562560955076,8.874104118747267,1418.6534568186364
32.0,6.0,719.0,0.0,0.0,0.0,4.0,0.0,14.065298563251671,3.0125292987927645,669.1904978748214
24.0,8.0,734.0,0.0,0.0,0.0,4.0,1.0,11.01811348149068,0.0,3059.2333580452546
93.0,1.0,438.0,0.0,0.0,0.0,56.0,1.0,6.905936164420901,14.007249545529294,1178.5114108134396
43.0,8.0,516.0,0.0,0.0,0.0,0.0,0.0,20.080650157898063,8.901455462978241,87.80392406966135
26.0,8.0,635.0,0.0,0.0,0.0,0.0,1.0,11.775629314907412,4.971356041482398,1446.5752041070166
58.0,6.0,605.0,0.0,0.0,0.0,0.0,0.0,24.97300696364149,14.109548127157534,86.00514402294982
68.0,3.0,214.0,0.0,0.0,0.0,0.0,0.0,8.01189527205906,5.017402885749118,433.8841532230012
63.0,2.0,372.0,0.0,0.0,0.0,0.0,0.0,20.026272915414022,15.16552387195991,1615.5517387106495
28.0,1.0,795.0,0.0,0.0,0.0,0.0,0.0,11.228007236340574,19.977899357958837,71.15424968611171
71.0,9.0,364.0,0.0,12.0,24.0,255.0,5.0,14.092056830449907,8.913535084122975,1429.2801057742934
11.0,5.0,481.0,12.0,24.0,52.0,421.0,16.0,6.141192789479809,5.967090734161595,1810.9299961833945
43.0,8.0,545.0,0.0,0.0,0.0,0.0,0.0,20.950677896594936,10.967620101399682,66.00040770841242
33.0,3.0,126.0,0.0,0.0,0.0,0.0,0.0,12.097618831963295,11.045363389626512,162.51359514656824
28.0,1.0,760.0,0.0,0.0,0.0,4.0,0.0,5.005288005812895,14.987870491390474,257.7569461401619
93.0,1.0,438.0,0.0,0.0,0.0,48.0,1.0,7.356836271124846,14.02659731297915,1544.4619470307473
15.0,8.0,659.0,0.0,0.0,0.0,0.0,0.0,12.951918809567768,4.981940246436673,1145.8140265820357
58.0,6.0,58.0,0.0,0.0,0.0,0.0,0.0,22.029591963959863,11.901064043764864,88.70128874514339
24.0,8.0,739.0,0.0,4.0,8.0,64.0,14.0,10.032361922938446,2.0056349685948214,2299.55906554114
80.0,3.0,147.0,0.0,0.0,0.0,0.0,0.0,8.869874542230383,11.9425312235917,55.62193330190237
13.0,5.0,187.0,0.0,12.0,20.0,190.0,3.0,3.03510141410287,9.024208078621486,2519.60206915407
32.0,6.0,569.0,0.0,0.0,0.0,0.0,0.0,18.98278690124121,8.021365723324024,260.23597948228377
60.0,3.0,145.0,0.0,0.0,0.0,0.0,0.0,11.185856763916062,9.987787087933048,869.8203468042077
71.0,9.0,366.0,0.0,8.0,12.0,143.0,2.0,13.886436965361304,10.124812386661802,1396.2289896968962
62.0,3.0,79.0,0.0,0.0,0.0,0.0,0.0,4.152272726461111,11.987778067993233,69.75291271901148
68.0,3.0,237.0,0.0,0.0,0.0,0.0,0.0,4.123541642186334,9.146197112155663,442.3500980246249
23.0,3.0,222.0,0.0,0.0,0.0,60.0,5.0,4.984364329854717,4.937837720432922,2407.070209210909
58.0,6.0,20.0,0.0,0.0,0.0,0.0,0.0,23.272523862812,14.079413143938272,70.98530926233258
62.0,3.0,119.0,0.0,0.0,0.0,0.0,0.0,2.7869776386998133,13.991464827636529,176.81083924815246
64.0,6.0,33.0,0.0,0.0,0.0,0.0,0.0,19.04600408897059,11.111516198111202,590.5004865070158
59.0,6.0,602.0,0.0,0.0,0.0,0.0,0.0,23.939413615886536,12.003479755847035,107.91274101680636
26.0,8.0,659.0,0.0,0.0,0.0,0.0,1.0,13.193657541337194,3.9595375849834986,1196.6619355216114
25.0,8.0,527.0,0.0,0.0,0.0,0.0,0.0,16.005039658303637,5.825910055506651,590.5148375384587
84.0,11.0,468.0,12.0,32.0,103.0,470.0,20.0,8.895894012995718,5.057811709140927,2597.147831480181
45.0,10.0,717.0,0.0,0.0,8.0,40.0,8.0,12.086206275392664,2.813991231870657,2687.815303467808
23.0,3.0,246.0,0.0,0.0,0.0,28.0,1.0,2.9682729751564256,7.035010781942111,2092.0988591310297
32.0,6.0,577.0,0.0,0.0,0.0,12.0,0.0,15.073005144725284,4.946974915027597,791.4774204255419
26.0,8.0,691.0,0.0,0.0,0.0,0.0,0.0,16.02011811417547,9.112540651310852,132.42603180870805
22.0,2.0,316.0,0.0,168.0,206.0,215.0,8.0,10.08762776202933,11.146031639455352,3417.9697234392243
29.0,10.0,326.0,0.0,0.0,0.0,16.0,0.0,14.81591796791719,6.013573071058507,1327.7039167200724
68.0,3.0,241.0,0.0,0.0,0.0,0.0,0.0,5.045843801503657,7.106977993781812,588.3640427241083
62.0,3.0,80.0,0.0,0.0,0.0,0.0,0.0,4.871592154989086,12.07409149376643,59.32043332100682
67.0,1.0,750.0,0.0,0.0,0.0,0.0,0.0,13.085246242669289,22.98408672414909,55.870833306819286
30.0,9.0,363.0,0.0,0.0,4.0,64.0,1.0,15.001802878109611,10.07706252072193,1085.666761255157
23.0,3.0,96.0,0.0,0.0,0.0,0.0,0.0,2.12550665753579,10.044219419607732,368.83340251818
44.0,8.0,633.0,0.0,0.0,0.0,0.0,0.0,12.91841615208885,6.042365165151926,238.54124984795376
65.0,1.0,182.0,0.0,0.0,0.0,84.0,0.0,2.8881507264132877,10.781532959183735,892.2871123729635
26.0,8.0,640.0,0.0,0.0,0.0,0.0,0.0,15.081451208121058,7.854862200440717,185.8691064376316
44.0,8.0,667.0,0.0,0.0,0.0,0.0,0.0,12.896513151772082,8.01732787329819,268.0444400622192
58.0,6.0,17.0,0.0,0.0,0.0,0.0,0.0,20.91152548619184,11.932691253258364,132.53843071110833
2.0,11.0,467.0,4.0,52.0,46.0,467.0,19.0,9.806656226654097,6.021616388150058,2070.304880922278
28.0,1.0,796.0,0.0,0.0,0.0,0.0,0.0,10.99162306074484,19.096624983670484,394.2158957702955
45.0,10.0,699.0,0.0,4.0,0.0,28.0,5.0,10.86300500768109,0.938003919970154,2929.9436056565764
23.0,3.0,249.0,0.0,0.0,0.0,64.0,4.0,5.058368109248417,5.963141831874667,2184.1571923387696
72.0,3.0,101.0,0.0,0.0,0.0,0.0,0.0,4.993732253141293,10.063303815350494,650.7997065397566
61.0,1.0,418.0,0.0,0.0,0.0,16.0,1.0,9.905032649842433,14.93756091591659,657.0419525592037
64.0,6.0,33.0,0.0,0.0,0.0,0.0,0.0,19.15435399618915,10.907918526306169,842.6174696723491
0.0,2.0,386.0,0.0,0.0,0.0,0.0,0.0,22.91210634317857,17.96660665980167,514.6074968941433
23.0,3.0,96.0,0.0,0.0,0.0,0.0,0.0,1.9369958354055392,10.049986158419522,118.40711788037684
43.0,8.0,547.0,0.0,0.0,0.0,0.0,0.0,21.182887260637177,11.047860374730192,78.66666528234163
58.0,6.0,58.0,0.0,0.0,0.0,0.0,0.0,21.831917798651524,12.071072834625369,75.60263245106378
26.0,8.0,634.0,0.0,0.0,0.0,0.0,1.0,12.079778090603162,4.931275206099185,1132.7598041533015
3.0,0.0,473.0,32.0,93.0,210.0,258.0,12.0,6.125041543697386,9.15971207074436,3523.387528200439
28.0,1.0,794.0,0.0,0.0,0.0,0.0,0.0,10.020777161874344,19.070239937892055,106.23464256897051
37.0,1.0,440.0,0.0,0.0,4.0,36.0,0.0,5.933868809299118,13.040793032149509,2491.0813254514337
43.0,8.0,683.0,0.0,0.0,0.0,0.0,0.0,17.735432934951106,8.853849113243736,85.83361916524164
63.0,2.0,376.0,0.0,0.0,0.0,0.0,0.0,19.14805499811825,13.092817019069107,1926.0910448628829
34.0,10.0,587.0,0.0,0.0,0.0,0.0,0.0,17.151329994135445,8.050399222232286,481.8174442385341
9.0,8.0,288.0,0.0,0.0,0.0,0.0,0.0,13.975663204791164,10.92259891408475,121.63287800962785
66.0,2.0,49.0,0.0,0.0,0.0,0.0,0.0,20.03689893378192,14.003042061815972,175.12146182224004
23.0,3.0,248.0,0.0,0.0,28.0,134.0,7.0,3.938721780809837,7.088173555277995,1713.343184744659
44.0,8.0,667.0,0.0,0.0,0.0,0.0,0.0,12.115135937297136,7.995685223335991,466.3940032487271
32.0,6.0,536.0,0.0,0.0,0.0,0.0,0.0,15.124177643547014,4.002145002125951,439.0721999619391
25.0,8.0,524.0,0.0,0.0,0.0,0.0,0.0,13.974103624091612,2.9556038817873174,1244.454584680847
67.0,1.0,258.0,0.0,0.0,0.0,0.0,0.0,4.840716081752696,16.07401805558401,289.2641511906675
11.0,5.0,478.0,0.0,16.0,36.0,238.0,8.0,4.966893458398008,6.028699718421482,2168.7885685433885
63.0,2.0,305.0,0.0,4.0,4.0,56.0,1.0,14.971625476638016,12.085479127384708,1923.9007099216733
73.0,6.0,40.0,0.0,0.0,0.0,0.0,0.0,20.032149013193955,11.978163980385617,223.7412788721487
67.0,1.0,258.0,0.0,0.0,0.0,0.0,0.0,6.0777345830313045,16.004640847363305,187.2093296436765
29.0,10.0,327.0,0.0,0.0,4.0,20.0,0.0,15.17798523998902,6.92141191804689,1245.6607346296712
9.0,8.0,691.0,0.0,0.0,0.0,0.0,0.0,16.063967485400486,8.958952654642012,182.30730650420588
23.0,3.0,210.0,0.0,0.0,0.0,4.0,1.0,3.95538590062978,6.041625052528391,1118.2865714086029
69.0,3.0,125.0,0.0,0.0,0.0,0.0,0.0,8.055641771098337,9.967220031654454,192.6135646633084
59.0,6.0,629.0,0.0,0.0,0.0,0.0,0.0,21.997954876447693,11.006082531019334,255.4907064650373
43.0,8.0,547.0,0.0,0.0,0.0,0.0,0.0,20.86917367837637,10.902221899505824,28.821184284900976
26.0,8.0,653.0,0.0,0.0,0.0,0.0,0.0,14.034183129767564,4.987495618236831,477.76963768108857
73.0,6.0,4.0,0.0,0.0,0.0,0.0,0.0,26.824737056269253,17.932025435686914,84.1625383350761
75.0,8.0,568.0,0.0,0.0,0.0,0.0,0.0,19.064679891071457,8.06938862626926,62.50075010861127
26.0,8.0,691.0,0.0,0.0,0.0,0.0,0.0,16.03001011662881,8.993718405561012,445.1207094588893
80.0,3.0,253.0,0.0,0.0,0.0,0.0,0.0,8.099045285092583,14.037238092795024,109.71239231407488
25.0,8.0,693.0,0.0,0.0,0.0,0.0,0.0,15.960209556334377,6.893302413681147,612.4281347040989
15.0,8.0,651.0,0.0,0.0,0.0,0.0,0.0,12.003454313492036,4.181856574115284,1103.1258972822557
74.0,8.0,535.0,0.0,0.0,0.0,0.0,0.0,15.984091372201185,4.798624086396761,111.13400362567016
79.0,9.0,345.0,0.0,0.0,0.0,4.0,0.0,17.13187603394243,9.103536039725672,746.4514956901806
57.0,3.0,660.0,0.0,0.0,0.0,0.0,0.0,10.064714842520972,6.1835235178996895,279.1887609710611
33.0,3.0,154.0,0.0,0.0,0.0,0.0,0.0,11.99630525837612,12.896691840108067,277.0272965465957
27.0,2.0,373.0,0.0,0.0,0.0,4.0,1.0,17.96318303719311,14.06167241113702,113.85039075543172
15.0,8.0,226.0,0.0,0.0,0.0,4.0,1.0,8.048796878118507,3.053892125701616,1591.7177820258414
43.0,8.0,502.0,0.0,0.0,0.0,0.0,0.0,20.043499891388294,9.054175594185825,77.5171219514101
83.0,11.0,468.0,8.0,40.0,118.0,475.0,21.0,8.894439887362996,5.990104066599868,3347.875361073466
37.0,1.0,440.0,0.0,0.0,4.0,20.0,0.0,6.132615125555053,13.843327765774696,1405.9101275853066
23.0,3.0,173.0,0.0,0.0,0.0,16.0,1.0,2.09877621862248,9.028055015450516,1440.219213266147
30.0,9.0,310.0,0.0,8.0,8.0,137.0,1.0,14.078041541493288,10.976433429297616,1457.8509176587013
32.0,6.0,568.0,0.0,0.0,0.0,0.0,0.0,18.91045882480376,8.037230215678617,221.6870236098316
69.0,3.0,161.0,0.0,0.0,0.0,0.0,0.0,7.212806556580342,8.844687039817586,349.35567347225293
32.0,6.0,592.0,0.0,0.0,0.0,0.0,0.0,15.770929565955075,6.869442747345121,674.9126852054693
59.0,6.0,620.0,0.0,0.0,0.0,0.0,0.0,22.95566288838848,11.933417748550749,59.510607469819945
44.0,8.0,633.0,0.0,0.0,0.0,0.0,0.0,12.063999612840284,5.938969623319943,300.2794844142526
32.0,6.0,583.0,0.0,0.0,0.0,0.0,0.0,17.206774427893862,6.112524114439689,344.74613768685424
59.0,6.0,599.0,0.0,0.0,0.0,0.0,0.0,23.09945713452969,11.98803325458256,63.0974322701918
34.0,10.0,712.0,0.0,0.0,0.0,8.0,1.0,14.003678514850453,3.830480164753201,1238.8330447436408
63.0,2.0,382.0,0.0,0.0,0.0,0.0,0.0,18.976052517588545,13.02881907154969,1358.0386030748969
74.0,8.0,538.0,0.0,0.0,0.0,0.0,0.0,15.093541067647218,3.966650499659795,284.06343141694305
29.0,10.0,319.0,0.0,0.0,4.0,40.0,0.0,14.188150820321288,7.087426437218033,1418.649167881496
67.0,1.0,790.0,0.0,0.0,0.0,0.0,0.0,6.905690427261734,17.775593037537732,55.772447891356855
28.0,1.0,803.0,0.0,0.0,0.0,0.0,1.0,11.949182530257456,19.09713202981516,121.6527224084835
61.0,1.0,775.0,0.0,0.0,0.0,4.0,1.0,7.957726085853157,16.065072725319336,461.7845683527604
88.0,9.0,302.0,12.0,118.0,216.0,235.0,7.0,10.924109538563966,9.9631318942751,1226.4783519285545
44.0,8.0,667.0,0.0,0.0,0.0,0.0,0.0,11.888517555006937,8.00684570497134,450.9419661254018
44.0,8.0,670.0,0.0,0.0,0.0,0.0,0.0,12.89624511440732,6.991469896140769,321.242994913874
78.0,5.0,218.0,0.0,0.0,8.0,92.0,5.0,6.219265636914819,4.874549960936054,4219.583474403893
0.0,2.0,75.0,0.0,0.0,0.0,0.0,0.0,26.131111133548675,19.969941823432883,338.3053440687737
60.0,3.0,665.0,0.0,0.0,0.0,0.0,0.0,10.10049238848446,6.8174305324221445,1082.8539784252348
69.0,3.0,240.0,0.0,0.0,0.0,0.0,0.0,7.157219439855283,6.932053539173569,169.95341175875856
93.0,1.0,774.0,0.0,0.0,4.0,0.0,0.0,5.967311996832835,13.983414757316488,1111.9270651645968
27.0,2.0,396.0,0.0,0.0,0.0,0.0,0.0,17.72100276051673,14.911163812879298,153.0699491027336
78.0,5.0,223.0,0.0,0.0,0.0,24.0,1.0,4.848775089674877,4.931431733796408,3391.35460688523
78.0,5.0,220.0,0.0,4.0,16.0,144.0,5.0,5.804610175629309,4.88412381879116,3814.924878548849
44.0,8.0,645.0,0.0,0.0,0.0,0.0,0.0,13.016443313194031,6.983748120184495,209.229357631333
82.0,8.0,522.0,0.0,0.0,0.0,0.0,0.0,14.994942403401945,3.949669845663581,301.7626019038626
67.0,1.0,764.0,0.0,0.0,0.0,4.0,0.0,4.756176484600992,14.910218788868464,274.7000484461127
57.0,3.0,216.0,0.0,0.0,0.0,0.0,0.0,8.064845903766917,5.978211231729681,278.7940922675166
68.0,3.0,204.0,0.0,0.0,0.0,0.0,0.0,6.079428969859423,5.02264289143884,659.0724666259192
72.0,3.0,158.0,0.0,0.0,0.0,0.0,0.0,6.979082459065928,9.822791168009958,373.7291562993336
86.0,10.0,450.0,8.0,24.0,32.0,355.0,54.0,7.1913714508373765,4.985711962833231,2407.9711663025623
62.0,3.0,84.0,0.0,0.0,0.0,0.0,0.0,4.963993808556096,12.955601313257228,234.4045218565162
67.0,1.0,746.0,0.0,0.0,0.0,0.0,0.0,11.881482440542795,21.860149754006493,139.8724313892834
33.0,3.0,129.0,0.0,0.0,0.0,0.0,0.0,11.827876131912042,10.982115497073446,160.73163371200005
29.0,10.0,331.0,0.0,0.0,4.0,32.0,1.0,14.058794564226831,6.108911714378072,1613.3016260936013
0.0,2.0,826.0,0.0,0.0,0.0,0.0,0.0,27.038218930926668,22.148785926670644,134.98097326411994
43.0,8.0,554.0,0.0,0.0,0.0,0.0,0.0,21.87520932897076,11.058804236202144,37.56262644856333
32.0,6.0,582.0,0.0,0.0,0.0,0.0,0.0,16.911369772427385,5.885129151995723,248.08656961673185
45.0,10.0,714.0,0.0,0.0,0.0,20.0,1.0,13.963592501768323,4.046826842703713,2792.504120269673
59.0,6.0,630.0,0.0,0.0,0.0,0.0,0.0,19.87603520518854,9.160246634830058,68.55882151364625
57.0,3.0,216.0,0.0,0.0,0.0,0.0,0.0,7.043110858188964,6.112505435826051,552.628272716697
17.0,3.0,96.0,0.0,0.0,0.0,0.0,0.0,1.9524481082505163,9.088291908381024,495.0144226665247
32.0,6.0,580.0,0.0,0.0,0.0,0.0,0.0,15.97145789022556,5.1027363497232185,720.4020939957036
45.0,10.0,330.0,0.0,0.0,0.0,20.0,1.0,13.79315069748294,4.909879119477124,2614.2468215613903
61.0,1.0,802.0,0.0,0.0,0.0,0.0,0.0,10.094384531480326,17.99687469138415,170.04789999980838
63.0,2.0,376.0,0.0,0.0,0.0,0.0,0.0,19.07130872243373,12.957324964094031,452.17804344211015
15.0,8.0,225.0,0.0,0.0,0.0,8.0,0.0,7.973846431252308,2.884690074974727,1783.6053866897128
22.0,2.0,298.0,4.0,20.0,46.0,407.0,9.0,13.026849681669562,10.081880432925187,2749.421106934121
1.0,11.0,460.0,22.0,89.0,312.0,210.0,36.0,11.068811350929352,8.017617936675357,2933.673604304942
16.0,1.0,424.0,0.0,4.0,72.0,385.0,5.0,6.044157346972936,10.876772374670194,1037.6179965215144
76.0,3.0,164.0,0.0,0.0,0.0,0.0,0.0,5.930101381097448,9.92854811923639,167.12389782504292
23.0,3.0,250.0,0.0,0.0,0.0,20.0,0.0,3.098719602464421,6.883068279667058,2134.1842298403194
79.0,9.0,332.0,0.0,0.0,0.0,4.0,0.0,16.798595673670324,10.914594468462164,542.7407617452831
62.0,3.0,118.0,0.0,0.0,0.0,0.0,0.0,4.022617971031581,14.02858242478368,80.22414487361715
69.0,3.0,160.0,0.0,0.0,0.0,0.0,0.0,5.933470977478696,9.999294279817647,166.99181589178446
45.0,10.0,351.0,4.0,36.0,54.0,463.0,24.0,11.139474694508198,6.100861457256606,2890.0598187487744
78.0,5.0,478.0,0.0,16.0,40.0,305.0,15.0,5.019498755084655,6.010872419798359,3297.3177509918573
76.0,3.0,89.0,0.0,0.0,0.0,0.0,0.0,6.24803577412323,11.939179345068922,97.02000735730338
82.0,8.0,646.0,0.0,0.0,0.0,0.0,0.0,12.171689396807166,2.931871058331897,476.9525820517387
17.0,3.0,250.0,0.0,0.0,0.0,32.0,0.0,2.212471915658194,8.034914761827249,745.0525837084359
72.0,3.0,150.0,0.0,0.0,0.0,0.0,0.0,8.12209549135173,10.957617804947976,122.12502225295243
25.0,8.0,693.0,0.0,0.0,0.0,0.0,0.0,16.130015959110132,7.238058766976999,476.8691302415822
74.0,8.0,536.0,0.0,0.0,0.0,0.0,0.0,16.19388479250142,4.0347447951935065,212.38978619726888
23.0,3.0,235.0,0.0,0.0,0.0,0.0,0.0,3.0833256762780006,8.025776040655108,1111.7755094378506
20.0,9.0,336.0,0.0,0.0,0.0,32.0,1.0,15.968034841933104,10.16142208865975,1448.4415120349536
58.0,6.0,65.0,0.0,0.0,0.0,0.0,0.0,23.98454378105422,13.018352834649246,212.415792540745
45.0,10.0,712.0,0.0,0.0,0.0,12.0,1.0,13.924750138659002,3.1210581087387927,2341.6049238367395
80.0,3.0,91.0,0.0,0.0,0.0,0.0,0.0,7.967433762537502,13.063256507060771,134.35043047995967
32.0,6.0,592.0,0.0,0.0,0.0,0.0,0.0,17.130745034881375,6.948471728708391,802.0377116662189
20.0,9.0,336.0,0.0,0.0,0.0,40.0,1.0,15.092958236320634,9.917845099728355,1481.066246735175
32.0,6.0,536.0,0.0,0.0,0.0,0.0,0.0,16.04385485420114,4.000926498346617,597.8483866617024
12.0,5.0,171.0,0.0,4.0,0.0,0.0,0.0,3.156315885973864,12.834906834312648,1936.3166666154652
29.0,10.0,37.0,0.0,0.0,0.0,0.0,0.0,18.10828273983582,9.980500732683309,647.3203068815069
67.0,1.0,791.0,0.0,0.0,0.0,0.0,0.0,7.895227986235172,17.981610965983407,285.6424977244115
1.0,11.0,346.0,8.0,20.0,46.0,422.0,40.0,12.01007539724712,6.918991923765544,3646.309689019875
69.0,3.0,133.0,0.0,0.0,0.0,0.0,0.0,8.094937585846521,8.116499359752476,403.1108497207592
77.0,4.0,313.0,62.0,268.0,155.0,144.0,28.0,10.165444259004174,9.098393923952536,3863.831159392681
80.0,3.0,163.0,0.0,0.0,0.0,0.0,0.0,6.963031916407711,11.151527099268147,162.934743839294
61.0,1.0,799.0,0.0,0.0,0.0,0.0,0.0,10.889690512219056,17.8919328543984,159.38883682653355
26.0,8.0,691.0,0.0,0.0,0.0,0.0,0.0,16.054722946269663,9.984474332289029,359.6418853437935
0.0,2.0,386.0,0.0,0.0,0.0,0.0,0.0,23.001926550869985,17.882852811313455,387.5975698373532
12.0,5.0,195.0,0.0,0.0,0.0,4.0,0.0,0.0776733091041827,10.909651946409218,1624.5922753932084
88.0,9.0,299.0,8.0,40.0,96.0,385.0,7.0,12.089034642641968,9.023138391093717,1395.398983944311
43.0,8.0,514.0,0.0,0.0,0.0,0.0,0.0,21.157190367989937,9.881933374418953,67.98263623862346
44.0,8.0,660.0,0.0,0.0,0.0,0.0,0.0,9.938927723885175,6.044954150392477,296.97088002094966
93.0,1.0,438.0,0.0,0.0,0.0,80.0,0.0,6.940131613088579,13.212556351871736,931.653708688576
74.0,8.0,506.0,0.0,0.0,0.0,0.0,0.0,17.860085769016194,6.987873533656807,155.39816187549118
44.0,8.0,290.0,0.0,0.0,0.0,0.0,0.0,14.026345498661463,9.967562109381062,127.78138488076026
58.0,6.0,61.0,0.0,0.0,0.0,0.0,0.0,23.0214660616976,13.072463134635692,28.260995997464992
59.0,6.0,555.0,0.0,0.0,0.0,0.0,0.0,22.076180424082143,11.156401053577628,145.7583495410847
27.0,2.0,412.0,0.0,0.0,0.0,0.0,0.0,19.02050678468766,15.98844593547168,84.22986948386821
9.0,8.0,691.0,0.0,0.0,0.0,0.0,0.0,16.169127585345272,9.048149834095364,130.86082324185827
28.0,1.0,770.0,0.0,0.0,0.0,0.0,0.0,9.943968085589024,19.09305201619148,161.30767315938618
78.0,5.0,730.0,0.0,4.0,16.0,105.0,19.0,7.959683310787858,2.968429748824089,4125.268441477333
15.0,8.0,663.0,0.0,0.0,0.0,0.0,1.0,10.191440906058736,5.004275383237939,556.8579898661346
59.0,6.0,618.0,0.0,0.0,0.0,0.0,0.0,19.95801357780212,8.987242669037437,148.15617810354232
86.0,10.0,453.0,4.0,8.0,44.0,283.0,47.0,7.932557170148748,4.0443904516820215,1944.174311973601
17.0,3.0,194.0,0.0,0.0,0.0,4.0,0.0,0.7693558941818819,10.95434801034929,291.3944851116001
25.0,8.0,693.0,0.0,0.0,0.0,0.0,0.0,15.91710287837283,6.933195227306666,659.2194351400526
29.0,10.0,36.0,0.0,0.0,0.0,0.0,0.0,18.026690622629733,9.943127339121547,412.9571789120021
64.0,6.0,35.0,0.0,0.0,0.0,0.0,0.0,19.06794823712047,11.941669655779323,1167.1223222718354
93.0,1.0,416.0,0.0,0.0,0.0,52.0,1.0,8.173111495864388,14.12155620853602,1023.3719907954564
62.0,3.0,119.0,0.0,0.0,0.0,0.0,0.0,3.995561450944904,14.99289006803297,169.66947678827017
57.0,3.0,136.0,0.0,0.0,0.0,0.0,0.0,8.853546942048801,7.004242560022836,108.48077449990852
78.0,5.0,454.0,0.0,16.0,28.0,272.0,12.0,5.8861425651394805,5.027900516949479,3893.408640605149
80.0,3.0,147.0,0.0,0.0,0.0,0.0,0.0,9.055784276425376,12.89075845588321,148.01233707746988
61.0,1.0,434.0,0.0,0.0,0.0,0.0,0.0,8.046869369678115,16.211827551765335,736.880882427992
27.0,2.0,413.0,0.0,0.0,0.0,0.0,0.0,18.95646067718002,16.05772383942678,140.7787333945791
59.0,6.0,604.0,0.0,0.0,0.0,0.0,0.0,24.89748739566945,14.038228550394358,256.62081144959626
64.0,6.0,33.0,0.0,0.0,0.0,0.0,0.0,18.915489843076653,11.011586728604009,1377.690864957129
43.0,8.0,554.0,0.0,0.0,0.0,0.0,0.0,21.98982022163042,11.265462341614244,35.08140110795576
67.0,1.0,790.0,0.0,0.0,0.0,0.0,0.0,7.042228342236471,17.016247966115905,233.1930738761645
0.0,2.0,384.0,0.0,0.0,0.0,0.0,0.0,22.01710818206185,16.902368285232956,462.4935501670864
64.0,6.0,13.0,0.0,0.0,0.0,0.0,0.0,22.826159621174597,13.926379937090918,468.488805527824
75.0,8.0,517.0,0.0,0.0,0.0,0.0,0.0,18.81399720264796,7.905663338226511,73.65771536716186
31.0,3.0,149.0,0.0,0.0,0.0,0.0,0.0,8.0356587313827,10.95500701699335,101.07481859959783
8.0,11.0,448.0,8.0,32.0,107.0,474.0,52.0,6.798289355962944,5.968952246104908,3798.040500758676
15.0,8.0,735.0,0.0,0.0,0.0,8.0,0.0,8.916780874173886,2.086217024988899,1601.7882788875463
73.0,6.0,3.0,0.0,0.0,0.0,0.0,0.0,26.1303792390111,17.00741179140771,309.7013215323452
64.0,6.0,27.0,0.0,0.0,0.0,0.0,0.0,23.745433018100996,15.037322500989882,618.4296365429586
15.0,8.0,663.0,0.0,0.0,0.0,0.0,0.0,9.96472765397088,5.993556046766512,1278.793694841988
67.0,1.0,763.0,0.0,0.0,0.0,0.0,0.0,6.079624746461579,16.050186839180995,374.04306584988007
74.0,8.0,512.0,0.0,0.0,0.0,0.0,0.0,17.10035038060084,5.941743573861531,408.0940386632822
0.0,2.0,71.0,0.0,0.0,0.0,0.0,0.0,23.21300053496753,17.073594948050236,266.4098470020736
60.0,3.0,145.0,0.0,0.0,0.0,0.0,0.0,10.868453752190872,9.976504153907577,518.4305463312274
73.0,6.0,3.0,0.0,0.0,0.0,0.0,0.0,26.243104635570656,18.09814874527488,63.49556801718424
58.0,6.0,66.0,0.0,0.0,0.0,0.0,0.0,24.01409618236456,13.95678603782779,98.99864108878076
60.0,3.0,672.0,0.0,0.0,0.0,0.0,0.0,12.963531611187785,7.896794350023407,847.7004582830937
59.0,6.0,604.0,0.0,0.0,0.0,0.0,0.0,24.87716188540408,14.05675408543386,41.87407341073069
82.0,8.0,647.0,0.0,0.0,0.0,0.0,1.0,12.998737774033293,3.027006397113233,442.0257078570661
64.0,6.0,11.0,0.0,0.0,0.0,0.0,0.0,22.146480709414814,12.963481628766456,275.52933520953894
68.0,3.0,237.0,0.0,0.0,0.0,0.0,0.0,4.208768221293205,8.055148802089846,636.5301298902391
22.0,2.0,298.0,4.0,28.0,78.0,399.0,9.0,12.084719793396625,10.050933201074306,2087.493847581864
45.0,10.0,354.0,0.0,8.0,8.0,64.0,16.0,11.940544865309604,4.863363088402073,3537.5775542564074
59.0,6.0,515.0,0.0,0.0,0.0,0.0,0.0,20.20340156257437,8.92553209870534,124.75374550761208
65.0,1.0,198.0,0.0,4.0,0.0,20.0,0.0,3.025990637026375,11.983880827834454,941.4738579954848
17.0,3.0,119.0,0.0,0.0,0.0,0.0,0.0,3.040792079871776,14.076893466369716,112.43880243139398
17.0,3.0,234.0,0.0,0.0,0.0,0.0,1.0,1.7266580509332328,8.05625500225282,311.14446601290496
0.0,2.0,390.0,0.0,0.0,0.0,0.0,0.0,20.8755689309236,14.877023414806636,497.0269715519735
30.0,9.0,365.0,0.0,4.0,20.0,120.0,5.0,13.92356894334374,8.992214190651925,1495.3560980979678
29.0,10.0,339.0,0.0,0.0,0.0,4.0,0.0,17.094974619093993,8.946518072723189,1237.1644034289145
84.0,11.0,464.0,12.0,40.0,85.0,480.0,18.0,9.973504844152002,5.008993577088573,3899.02336688397
71.0,9.0,346.0,8.0,16.0,50.0,400.0,30.0,12.034682834842036,6.945397606239836,1727.0668037949854
17.0,3.0,250.0,0.0,0.0,0.0,32.0,0.0,1.8985351854786587,7.969991153901751,635.0363950035053
59.0,6.0,628.0,0.0,0.0,0.0,0.0,0.0,21.941095476155493,10.993387192112303,155.92357811475492
25.0,8.0,686.0,0.0,0.0,0.0,0.0,0.0,18.796531624573607,9.929523332405568,89.40514412861987
68.0,3.0,237.0,0.0,0.0,0.0,0.0,0.0,3.99151594151881,8.975307784588969,517.6017272456489
59.0,6.0,607.0,0.0,0.0,0.0,0.0,0.0,24.079385226468744,12.865457837302744,188.5840541614512
30.0,9.0,362.0,0.0,0.0,8.0,56.0,1.0,14.737048846267054,10.863864865375794,1070.115251253682
62.0,3.0,79.0,0.0,0.0,0.0,0.0,0.0,3.88167089134204,13.067884484999777,244.49462484946767
33.0,3.0,130.0,0.0,0.0,0.0,0.0,0.0,11.963779490651996,11.986468058711775,132.21207403583375
16.0,1.0,180.0,0.0,4.0,8.0,146.0,2.0,4.937450049255816,11.961195419578866,1648.6024638899935
86.0,10.0,469.0,4.0,40.0,56.0,475.0,20.0,9.019187402952356,5.250181186686504,1914.6681742781968
32.0,6.0,581.0,0.0,0.0,0.0,0.0,0.0,16.849030485759638,6.018587228870016,336.6075363513709
20.0,9.0,333.0,0.0,0.0,0.0,4.0,0.0,16.992602220219794,9.925254384712302,793.0654707034327
59.0,6.0,604.0,0.0,0.0,0.0,0.0,0.0,24.95476355350188,13.963303073687191,145.49472880711585
26.0,8.0,651.0,0.0,0.0,0.0,0.0,1.0,12.124720692811406,3.9361443067283424,680.5604604558745
78.0,5.0,224.0,0.0,0.0,12.0,92.0,6.0,6.104251433015223,5.013371665483872,3294.381728362664
80.0,3.0,253.0,0.0,0.0,0.0,0.0,0.0,8.00591138549233,14.038874374634316,97.64610032506842
64.0,6.0,14.0,0.0,0.0,0.0,0.0,0.0,19.863633081740705,12.020557046340068,494.536567614943
0.0,2.0,71.0,0.0,0.0,0.0,0.0,0.0,23.997848564576724,17.92167699357336,391.88810306026113
32.0,6.0,43.0,0.0,0.0,0.0,0.0,0.0,18.805425349103885,10.106960598229984,261.82442893667974
45.0,10.0,738.0,4.0,8.0,20.0,133.0,26.0,10.03378140745069,2.897570383947062,4113.519884564205
79.0,9.0,44.0,0.0,0.0,0.0,0.0,0.0,19.058335737494964,9.932648209838405,492.5018668293068
43.0,8.0,548.0,0.0,0.0,0.0,0.0,0.0,22.075017674828445,11.98967793985699,82.22512077033899
44.0,8.0,636.0,0.0,0.0,0.0,0.0,0.0,11.07593551786247,6.073316464874782,413.7051872702745
31.0,3.0,149.0,0.0,0.0,0.0,0.0,0.0,7.911592285737733,11.009705333738529,77.21893319338386
15.0,8.0,732.0,0.0,0.0,0.0,4.0,0.0,10.973554038352454,0.8940859777114765,1035.6394507083426
29.0,10.0,343.0,0.0,0.0,0.0,16.0,0.0,15.089580316262335,8.049605167221621,1294.577682484467
28.0,1.0,759.0,0.0,0.0,0.0,4.0,0.0,5.929767427881538,16.045197298254216,320.76595730380274
33.0,3.0,293.0,0.0,0.0,0.0,0.0,0.0,13.120060402386793,10.02103710328975,224.5139968427798
58.0,6.0,68.0,0.0,0.0,0.0,0.0,0.0,23.128542515500293,11.85382200652541,47.14044491487298
78.0,5.0,728.0,0.0,0.0,8.0,48.0,9.0,8.119614765679035,2.833340895562384,2571.7883689830373
2.0,11.0,466.0,16.0,44.0,95.0,438.0,21.0,10.916968692119168,5.902311439545104,3618.1594595368742
80.0,3.0,253.0,0.0,0.0,0.0,0.0,0.0,7.938327191092518,14.191168827873415,48.181173595464486
66.0,2.0,38.0,0.0,0.0,0.0,0.0,0.0,18.94283597136949,12.003266717038098,476.5065813550449
28.0,1.0,747.0,0.0,0.0,0.0,0.0,0.0,12.109658130529953,20.86087949797712,115.565409562091
20.0,9.0,336.0,0.0,0.0,0.0,36.0,0.0,15.177798101203694,9.94002832987912,1265.9589710819623
72.0,3.0,159.0,0.0,0.0,0.0,0.0,0.0,8.061473346671471,9.98224619899113,573.9223904989195
31.0,3.0,123.0,0.0,0.0,0.0,0.0,0.0,9.064955353689545,10.843767604994298,75.1649791909886
37.0,1.0,438.0,0.0,0.0,0.0,72.0,1.0,7.016157639839802,14.0869904995604,1510.4405547263086
60.0,3.0,673.0,0.0,0.0,0.0,0.0,0.0,11.11517725921778,6.929230446393085,1213.9729170409591
15.0,8.0,213.0,0.0,0.0,0.0,0.0,0.0,7.025644678043926,4.990189845304189,1461.523526452126
72.0,3.0,124.0,0.0,0.0,0.0,0.0,0.0,10.04309590149536,10.917823239482516,80.46706008459488
15.0,8.0,646.0,0.0,0.0,0.0,0.0,0.0,12.016197194732367,3.0454182401222285,1524.8385960365297
77.0,4.0,457.0,43.0,308.0,152.0,144.0,38.0,10.221076316316337,7.872320842756852,2217.534827807652
60.0,3.0,287.0,0.0,0.0,0.0,0.0,0.0,14.1087057762757,11.018088872303997,595.0804899736069
15.0,8.0,728.0,0.0,0.0,4.0,32.0,1.0,7.863695905274609,1.9869958841503608,1931.7312400706703
81.0,0.0,427.0,0.0,0.0,24.0,415.0,3.0,9.12598954409101,13.025780815667693,6475.230773339043
15.0,8.0,230.0,0.0,0.0,0.0,0.0,0.0,6.985174063314522,3.951659099133408,1733.7064718258875
25.0,8.0,681.0,0.0,0.0,0.0,0.0,0.0,17.89218524916041,8.942730259627572,762.6854951585053
24.0,8.0,697.0,0.0,4.0,0.0,20.0,6.0,11.190732999662574,0.9437785326175686,2532.493457515775
31.0,3.0,155.0,0.0,0.0,0.0,0.0,0.0,9.90988255637336,12.04748836672132,165.58482060292638
63.0,2.0,404.0,0.0,0.0,0.0,8.0,0.0,17.13257673102974,12.171039551283034,2374.400758903826
0.0,2.0,391.0,0.0,0.0,0.0,0.0,0.0,21.90965177619056,16.911830362038298,425.91748961650114
80.0,3.0,163.0,0.0,0.0,0.0,0.0,0.0,8.162164967314752,9.997468856260236,202.7327895825408
43.0,8.0,543.0,0.0,0.0,0.0,0.0,0.0,23.10148339431244,12.7468167862623,37.40005458350676
28.0,1.0,751.0,0.0,0.0,0.0,0.0,0.0,11.88223427562679,20.865535814676548,333.8049575503601
17.0,3.0,97.0,0.0,0.0,0.0,0.0,0.0,1.958114348942756,12.141277499791052,457.3126052265122
59.0,6.0,602.0,0.0,0.0,0.0,0.0,0.0,24.17098544977897,13.020174115715328,183.5641306663459
28.0,1.0,755.0,0.0,0.0,0.0,0.0,0.0,7.942231557826812,17.999875484562924,440.1820284965885
45.0,10.0,358.0,0.0,8.0,12.0,60.0,17.0,11.051050324268084,3.985230070860048,3099.9921389208757
26.0,8.0,659.0,0.0,0.0,0.0,0.0,1.0,13.108477618158274,3.951225254451281,951.6432862989342
9.0,8.0,280.0,0.0,0.0,0.0,0.0,0.0,18.10326241579417,12.05475391230399,99.08472651103877
29.0,10.0,590.0,0.0,0.0,0.0,0.0,0.0,17.913114383219998,8.979787990677863,314.8293500598003
29.0,10.0,345.0,0.0,0.0,0.0,12.0,0.0,15.645806862217226,8.928289907729397,1192.796315222865
60.0,3.0,142.0,0.0,0.0,0.0,0.0,0.0,9.832260818122233,7.887959645625171,410.55911141052354
71.0,9.0,366.0,0.0,8.0,4.0,132.0,2.0,13.835680201065172,9.971865361821337,1184.3079990039664
23.0,3.0,224.0,0.0,0.0,8.0,92.0,5.0,5.027985645547068,4.936552204563316,1927.700767350893
25.0,8.0,647.0,0.0,0.0,0.0,0.0,1.0,12.855452070958004,4.093059371367823,869.3846563958429
67.0,1.0,759.0,0.0,0.0,0.0,0.0,0.0,6.067500920715607,16.016193722364232,279.6493905618768
62.0,3.0,82.0,0.0,0.0,0.0,0.0,0.0,4.184909443789331,11.952634933660384,154.4878566128006
32.0,6.0,719.0,0.0,0.0,0.0,4.0,0.0,14.979164407183523,3.9721738784478458,1152.139119831728
93.0,1.0,434.0,0.0,0.0,0.0,4.0,0.0,7.737057902035024,14.936914305026091,487.0428374081204
12.0,5.0,198.0,0.0,4.0,0.0,4.0,0.0,3.966649783172635,12.93430426315624,2006.2249106099443
80.0,3.0,253.0,0.0,0.0,0.0,0.0,0.0,7.947856211420533,13.9652137086582,78.92109900164108
81.0,0.0,428.0,0.0,44.0,237.0,296.0,5.0,7.94916072493703,10.948584745751974,3718.352197379703
59.0,6.0,596.0,0.0,0.0,0.0,0.0,0.0,22.955148451407894,11.968939702220451,227.6135363527955
75.0,8.0,517.0,0.0,0.0,0.0,0.0,0.0,17.863309651679565,8.098446985317242,117.44410849085044
93.0,1.0,776.0,0.0,0.0,0.0,4.0,1.0,6.900093876385352,15.182383540570768,1248.5802009585416
43.0,8.0,502.0,0.0,0.0,0.0,0.0,0.0,19.99623552936935,8.999520100829338,114.12294901814744
25.0,8.0,656.0,0.0,0.0,0.0,0.0,0.0,14.8648594107713,6.002428904173691,524.9043410163199
72.0,3.0,163.0,0.0,0.0,0.0,0.0,0.0,7.029402802075462,10.046103784998206,491.2027251191497
60.0,3.0,127.0,0.0,0.0,0.0,0.0,0.0,13.08794477243106,11.988035608589549,1394.121672593667
62.0,3.0,119.0,0.0,0.0,0.0,0.0,0.0,2.980461671948688,14.18139364817828,132.59310980316363
25.0,8.0,499.0,0.0,0.0,0.0,0.0,0.0,18.889750110871823,9.091369264505762,255.9423725898446
60.0,3.0,288.0,0.0,0.0,0.0,0.0,0.0,13.945988950573293,11.13894812543609,433.0333617402785
28.0,1.0,797.0,0.0,0.0,0.0,0.0,0.0,10.83922243727636,20.93115660674893,114.45601643001817
76.0,3.0,80.0,0.0,0.0,0.0,0.0,0.0,3.795295552356484,12.002113099697004,205.21346995327144
33.0,3.0,156.0,0.0,0.0,0.0,0.0,0.0,12.057895052666783,11.899712521478149,155.3406049585907
81.0,0.0,489.0,56.0,179.0,251.0,115.0,13.0,6.897824197703764,9.147779632633132,3707.697868531377
27.0,2.0,836.0,0.0,0.0,0.0,0.0,0.0,22.054879566654847,19.050414085380574,38.079981670229785
25.0,8.0,533.0,0.0,0.0,0.0,0.0,0.0,16.12042483963527,6.0675192394983055,661.6618715236742
43.0,8.0,557.0,0.0,0.0,0.0,0.0,0.0,21.04752787052671,11.015437516640077,106.54753296846437
80.0,3.0,150.0,0.0,0.0,0.0,0.0,0.0,8.968815631687896,10.967052092888776,91.11218225607124
26.0,8.0,633.0,0.0,0.0,0.0,0.0,0.0,12.971986122695853,5.965026326798035,573.3207656630728
21.0,9.0,363.0,0.0,0.0,4.0,52.0,2.0,14.963180321487714,9.935132191034834,1294.0803979720502
31.0,3.0,148.0,0.0,0.0,0.0,0.0,0.0,9.074316232865922,12.087203475602356,70.32148713112697
70.0,3.0,110.0,0.0,0.0,0.0,0.0,0.0,7.013739225616689,13.97372287592009,104.71589729803551
59.0,6.0,63.0,0.0,0.0,0.0,0.0,0.0,23.14380649611179,12.066808463263657,102.29020192209244
69.0,3.0,136.0,0.0,0.0,0.0,0.0,0.0,7.802770252613658,6.803409620713723,151.64491050447674
25.0,8.0,653.0,0.0,0.0,0.0,0.0,0.0,13.837944246733624,4.865425152867795,585.3255668353362
23.0,3.0,238.0,0.0,0.0,0.0,0.0,1.0,2.040058157969168,9.102199306264108,416.9193541618233
15.0,8.0,205.0,0.0,0.0,0.0,0.0,0.0,5.881114782556388,4.985431281424366,1643.405603796304
70.0,3.0,80.0,0.0,0.0,0.0,0.0,0.0,4.203692852498563,11.931258085020971,136.73134016530145
59.0,6.0,602.0,0.0,0.0,0.0,0.0,0.0,23.949871153616524,12.971185466983092,148.02787228935313
61.0,1.0,430.0,0.0,0.0,0.0,16.0,1.0,7.883078263975915,14.08893090159476,718.0929843023225
62.0,3.0,107.0,0.0,0.0,0.0,0.0,0.0,4.871960526137747,14.938162555757266,193.02626626480816
62.0,3.0,81.0,0.0,0.0,0.0,0.0,0.0,2.9983898357572114,11.961061949273317,89.39209472507851
37.0,1.0,421.0,0.0,12.0,56.0,442.0,5.0,7.064530090426907,12.086065635014256,1579.9441624262745
17.0,3.0,98.0,0.0,0.0,0.0,0.0,0.0,2.954488240167184,10.973677489047985,181.2905993509857
32.0,6.0,570.0,0.0,0.0,0.0,0.0,0.0,18.889366875788674,8.985508417946045,273.7498536185046
65.0,1.0,197.0,0.0,0.0,4.0,0.0,0.0,5.185465831530886,14.038550134783236,551.2710219345836
28.0,1.0,806.0,0.0,0.0,0.0,0.0,0.0,11.094988075046803,19.873095342032347,126.72799847414714
33.0,3.0,120.0,0.0,0.0,0.0,0.0,0.0,10.042381810111795,10.022380361039769,216.7695559385959
29.0,10.0,319.0,0.0,0.0,4.0,28.0,0.0,15.093232276519888,7.0257325696976185,1006.488399196603
43.0,8.0,546.0,0.0,0.0,0.0,0.0,0.0,22.040615575270685,11.947527408349837,65.04157230940149
57.0,3.0,133.0,0.0,0.0,0.0,0.0,0.0,8.08841466891615,8.039425990897605,77.58359272222182
31.0,3.0,157.0,0.0,0.0,0.0,0.0,0.0,10.940059565143896,12.912248455493923,65.49081536171482
82.0,8.0,524.0,0.0,0.0,0.0,0.0,0.0,13.989908292433553,3.886373424012685,279.7864637642909
58.0,6.0,54.0,0.0,0.0,0.0,0.0,0.0,25.82049676235332,14.895903015963258,117.17244245607384
60.0,3.0,141.0,0.0,0.0,0.0,0.0,0.0,11.969306457039494,9.050813998331844,758.0337197099086
86.0,10.0,730.0,0.0,4.0,8.0,76.0,14.0,8.191185437188949,2.903348295452168,2727.4385482545104
44.0,8.0,633.0,0.0,0.0,0.0,0.0,0.0,13.121369376262804,5.963521193201644,130.39440404015446
25.0,8.0,694.0,0.0,0.0,0.0,0.0,0.0,18.118891306915494,7.828391894697468,665.3901770664171
23.0,3.0,232.0,0.0,0.0,0.0,0.0,0.0,2.9904659404400795,8.783969001912345,410.89002668459045
26.0,8.0,632.0,0.0,0.0,0.0,0.0,1.0,12.037967240557386,4.964011685233391,803.7792639089163
78.0,5.0,220.0,0.0,8.0,24.0,203.0,9.0,6.030718937702044,4.909332729928894,4102.081185551586
93.0,1.0,429.0,0.0,0.0,0.0,0.0,0.0,7.923408096642878,15.998189400378516,225.2113511315199
24.0,8.0,701.0,0.0,4.0,0.0,24.0,2.0,9.928961945973269,1.006792061060768,2092.623442022532
76.0,3.0,164.0,0.0,0.0,0.0,0.0,0.0,6.053861352497776,10.040989252908057,234.32223708605704
43.0,8.0,516.0,0.0,0.0,0.0,0.0,0.0,20.91856602987388,10.055964468464452,53.52929296960172
24.0,8.0,710.0,0.0,0.0,4.0,4.0,0.0,10.89979448369295,0.0,2234.4797714889564
0.0,2.0,388.0,0.0,0.0,0.0,0.0,0.0,21.036990030856582,15.996220904443115,513.3982316703483
71.0,9.0,346.0,8.0,20.0,42.0,434.0,40.0,11.94539115629436,7.217358281914718,1851.13221250384
67.0,1.0,749.0,0.0,0.0,0.0,0.0,0.0,11.890347555859409,21.89261925849748,102.96333866430066
27.0,2.0,395.0,0.0,0.0,0.0,4.0,1.0,17.81904710071081,14.093667488350269,136.22743364656174
73.0,6.0,11.0,0.0,0.0,0.0,0.0,0.0,21.015772120172496,13.005402856616213,354.2040852641879
15.0,8.0,647.0,0.0,0.0,0.0,0.0,1.0,12.948226856633024,4.032778356464419,1651.4703391109172
75.0,8.0,521.0,0.0,0.0,0.0,0.0,0.0,15.894958893350488,5.948453837450804,178.02742408097734
26.0,8.0,633.0,0.0,0.0,0.0,0.0,0.0,12.985369093544628,5.943216550341631,779.9239429166829
29.0,10.0,587.0,0.0,0.0,0.0,0.0,0.0,16.86260603539263,7.8286304293646,366.0075286593109
75.0,8.0,509.0,0.0,0.0,0.0,0.0,0.0,19.125745656360625,6.905585301675647,58.2048383880989
71.0,9.0,364.0,0.0,20.0,20.0,296.0,5.0,13.118293082627234,8.878277019346024,1504.9512274200354
43.0,8.0,502.0,0.0,0.0,0.0,0.0,0.0,19.961290947116677,8.873756234719291,69.06909516453327
62.0,3.0,119.0,0.0,0.0,0.0,0.0,0.0,4.020151467552493,14.959635421792324,123.00500782740306
9.0,8.0,272.0,0.0,0.0,0.0,0.0,0.0,13.875605397072858,9.058940383682772,119.77372513023306
9.0,8.0,263.0,0.0,0.0,0.0,0.0,0.0,14.961548149067424,10.815700934820065,69.29503541961117
22.0,2.0,312.0,8.0,110.0,193.0,266.0,9.0,11.16089698748226,10.989542194862434,2662.723158498488
9.0,8.0,644.0,0.0,0.0,0.0,0.0,0.0,15.232301771359566,7.981644020881267,227.52709280598344
74.0,8.0,581.0,0.0,0.0,0.0,0.0,0.0,16.776615343639627,5.855919039854975,387.4192801383192
59.0,6.0,594.0,0.0,0.0,0.0,0.0,0.0,23.00157413050618,12.038756359140224,172.61882364410062
33.0,3.0,124.0,0.0,0.0,0.0,0.0,0.0,9.86133236036312,10.913871473082752,185.0901273940058
59.0,6.0,629.0,0.0,0.0,0.0,0.0,0.0,23.1115093906829,12.127684723192145,138.17747199216473
57.0,3.0,133.0,0.0,0.0,0.0,0.0,0.0,8.059447688036359,7.035901055813383,390.5266821159311
0.0,2.0,71.0,0.0,0.0,0.0,0.0,0.0,23.106913988437167,17.138316661173526,364.75791069859577
67.0,1.0,790.0,0.0,0.0,0.0,0.0,0.0,7.020661807532174,18.095435073496105,163.51427076667778
8.0,11.0,444.0,12.0,109.0,240.0,292.0,32.0,7.899960011915312,6.023839015260745,3339.528172258373
45.0,10.0,353.0,0.0,8.0,8.0,86.0,19.0,12.004610177654596,5.072129307591517,2813.819960692548
65.0,1.0,440.0,0.0,0.0,0.0,4.0,0.0,6.04413035831575,14.083312265901966,530.6832128807341
9.0,8.0,280.0,0.0,0.0,0.0,0.0,0.0,17.082576330069955,11.186697973841923,112.6655660184693
28.0,1.0,770.0,0.0,0.0,0.0,0.0,0.0,9.07933438870078,18.036130060302096,150.41142476714666
37.0,1.0,423.0,0.0,4.0,64.0,416.0,5.0,6.0264355694030645,10.924961069396096,1756.2419324006871
37.0,1.0,184.0,0.0,4.0,0.0,124.0,0.0,5.097735593322088,11.933377852700504,2347.0742680238213
21.0,9.0,336.0,0.0,0.0,0.0,36.0,0.0,15.085341128066773,8.880052267205148,1462.1390287603638
76.0,3.0,243.0,0.0,0.0,0.0,0.0,0.0,5.000693960898507,8.993217801376666,162.09552109357193
75.0,8.0,530.0,0.0,0.0,0.0,0.0,0.0,17.140315835721093,7.067571581784374,79.3209492376206
67.0,1.0,792.0,0.0,0.0,0.0,0.0,0.0,9.038229070920485,19.036399740949516,51.37756753253436
60.0,3.0,141.0,0.0,0.0,0.0,0.0,0.0,11.902854131289418,9.03414746054376,1149.6308810024912
80.0,3.0,150.0,0.0,0.0,0.0,0.0,0.0,8.958340638180799,11.92095044545546,123.48684306480811
76.0,3.0,236.0,0.0,0.0,0.0,0.0,0.0,2.858947089493133,8.77633362835881,245.119276454715
57.0,3.0,666.0,0.0,0.0,0.0,0.0,0.0,9.055413502673526,6.043836050983404,413.7647307743171
2.0,11.0,470.0,16.0,79.0,207.0,351.0,24.0,9.003780139000323,6.10933679702524,3029.8450520114066
15.0,8.0,213.0,0.0,0.0,0.0,0.0,0.0,6.918980376442336,4.079706941212083,1232.4697796641435
25.0,8.0,647.0,0.0,0.0,0.0,0.0,1.0,12.929174818739812,3.9562986874874313,1041.3073956567644
78.0,5.0,219.0,0.0,0.0,4.0,32.0,4.0,7.126798931091587,3.0745306781972417,2794.1062048478543
15.0,8.0,205.0,0.0,0.0,0.0,0.0,0.0,5.960104124031903,4.97479772546132,1765.7272295449009
62.0,3.0,109.0,0.0,0.0,0.0,0.0,0.0,5.913725325725663,16.005411476993174,65.14997909732391
73.0,6.0,3.0,0.0,0.0,0.0,0.0,0.0,26.02699672065013,16.97408477270994,196.73575379265463
69.0,3.0,244.0,0.0,0.0,0.0,0.0,0.0,5.953360242504677,8.031917234815547,221.85677807932143
13.0,5.0,179.0,4.0,0.0,12.0,145.0,1.0,3.95472794584279,9.956024794988345,2495.715118450069
82.0,8.0,521.0,0.0,0.0,0.0,0.0,0.0,15.91284958476536,5.046041246399352,417.29450934593774
73.0,6.0,25.0,0.0,0.0,0.0,0.0,0.0,24.018667791462924,15.024731517810524,200.88375345506367
23.0,3.0,252.0,0.0,0.0,0.0,44.0,0.0,2.093562366458761,8.141768460931013,1424.848118849312
33.0,3.0,284.0,0.0,0.0,0.0,0.0,0.0,14.052530046900714,12.03679631286576,222.9699940289548
62.0,3.0,109.0,0.0,0.0,0.0,0.0,0.0,5.958774036618483,16.01771215738006,93.3411009508446
15.0,8.0,734.0,0.0,0.0,0.0,4.0,1.0,10.937386926210246,0.9627427758458,2147.2449136306705
22.0,2.0,297.0,0.0,4.0,16.0,355.0,1.0,12.815022201605156,13.06820150469872,2302.870267029208
9.0,8.0,281.0,0.0,0.0,0.0,0.0,0.0,18.14595727865289,12.984846942271002,55.75572971437053
73.0,6.0,29.0,0.0,0.0,0.0,0.0,0.0,22.93393306099857,13.93322134555006,115.52356002999936
31.0,3.0,155.0,0.0,0.0,0.0,0.0,0.0,10.191212854151498,12.04528753345172,72.10090874953721
81.0,0.0,489.0,52.0,229.0,202.0,126.0,12.0,7.143191445214395,9.976505820597472,3438.495419614997
93.0,1.0,432.0,0.0,0.0,0.0,4.0,0.0,8.902121123441974,15.197996305238217,847.5673576245312
67.0,1.0,792.0,0.0,0.0,0.0,0.0,0.0,8.012200945083706,19.044806634601738,127.21682603192052
43.0,8.0,542.0,0.0,0.0,0.0,0.0,0.0,22.90206248048981,11.889546721683407,34.101029621474
23.0,3.0,174.0,0.0,0.0,0.0,20.0,0.0,1.0203241892538322,9.00556468277286,1115.8259539692042
57.0,3.0,666.0,0.0,0.0,0.0,0.0,0.0,8.976825477622596,6.03176064775759,205.5007566733385
78.0,5.0,221.0,0.0,4.0,8.0,56.0,12.0,6.767015233386532,3.085889749127519,2324.6208759440456
9.0,8.0,273.0,0.0,0.0,0.0,0.0,0.0,16.17985003344356,9.88075383283682,106.11218534322208
66.0,2.0,405.0,0.0,0.0,4.0,24.0,2.0,16.0281997641067,12.001208196425962,827.1429255612651
82.0,8.0,494.0,0.0,0.0,0.0,0.0,0.0,17.06514383707359,5.920735031038018,61.773180258308095
0.0,2.0,385.0,0.0,0.0,0.0,0.0,0.0,23.10405354542992,18.03317248436451,597.4381601731329
28.0,1.0,755.0,0.0,0.0,0.0,0.0,0.0,7.96070722831609,16.93801043822413,346.7913991351397
29.0,10.0,344.0,0.0,0.0,0.0,4.0,0.0,16.052388679575536,8.071892040132854,1285.3499558986584
45.0,10.0,355.0,0.0,4.0,24.0,138.0,27.0,11.997026138114526,6.041001360539249,3390.508270946439
20.0,9.0,333.0,0.0,0.0,0.0,0.0,0.0,16.997329032604846,9.96290766246516,808.8903776001821
74.0,8.0,506.0,0.0,0.0,0.0,0.0,0.0,18.07998021313039,6.819416688384687,93.48938867331056
59.0,6.0,630.0,0.0,0.0,0.0,0.0,0.0,21.03379995328313,9.84443340965413,195.13227733540555
27.0,2.0,396.0,0.0,0.0,0.0,0.0,0.0,18.08199798737671,15.06552909387645,109.3282926275814
26.0,8.0,644.0,0.0,0.0,0.0,0.0,0.0,14.976005700372644,8.974284251452199,843.6057886194519
93.0,1.0,415.0,0.0,0.0,4.0,381.0,1.0,8.90611833962412,13.085051342890685,1129.7492881950222
45.0,10.0,355.0,4.0,0.0,24.0,91.0,13.0,12.910825105874524,7.0458792022510375,3124.043200663634
93.0,1.0,438.0,0.0,0.0,0.0,80.0,0.0,7.064846054198784,12.93821944090574,1319.3477785463133
63.0,2.0,391.0,0.0,0.0,0.0,0.0,0.0,21.91111958004635,16.958958061618837,479.12886448874434
26.0,8.0,633.0,0.0,0.0,0.0,0.0,0.0,13.19138079997244,5.999808161489256,498.290769773078
75.0,8.0,616.0,0.0,0.0,0.0,0.0,0.0,20.042320763398468,7.9888080089056785,61.41906311627288
25.0,8.0,659.0,0.0,0.0,0.0,0.0,1.0,13.020930129992186,4.179552899206514,1000.181911059955
44.0,8.0,632.0,0.0,0.0,0.0,0.0,1.0,11.902513926272828,5.132161896318568,284.70118562121985
68.0,3.0,207.0,0.0,0.0,0.0,8.0,0.0,6.009994816274821,4.818166718415924,704.1359975279993
66.0,2.0,310.0,4.0,4.0,16.0,195.0,1.0,13.979545557751754,11.058262186136878,806.6006308618461
32.0,6.0,567.0,0.0,0.0,0.0,0.0,0.0,19.00591064540804,6.971638433033847,230.71029062123336
74.0,8.0,538.0,0.0,0.0,0.0,0.0,0.0,13.914458227460813,3.1279851041293494,348.3482857610627
69.0,3.0,101.0,0.0,0.0,0.0,0.0,0.0,4.959336427370119,9.823463444701584,202.1785127242267
80.0,3.0,150.0,0.0,0.0,0.0,0.0,0.0,8.954876550277257,11.073021323294938,71.47190629287664
63.0,2.0,405.0,0.0,0.0,4.0,20.0,2.0,15.931630412443116,11.856744898357992,1993.1481175324552
43.0,8.0,681.0,0.0,0.0,0.0,0.0,0.0,17.974409195185245,9.078262298775078,80.82939263507298
76.0,3.0,162.0,0.0,0.0,0.0,0.0,0.0,7.012772451788023,11.062397513525092,107.36399796263892
33.0,3.0,286.0,0.0,0.0,0.0,0.0,0.0,14.073037667829032,12.036926186653355,61.28822022321002
20.0,9.0,336.0,0.0,0.0,0.0,24.0,2.0,16.00329992295163,10.026480963755969,1507.0019337668746
67.0,1.0,760.0,0.0,0.0,0.0,4.0,0.0,4.042238256520917,15.114283027914356,421.6402544817825
13.0,5.0,178.0,0.0,4.0,16.0,159.0,1.0,4.008562205756824,9.965707371294632,1481.1647791131252
24.0,8.0,699.0,0.0,4.0,4.0,28.0,4.0,12.213607912139365,2.0085023018794805,1970.8370019719405
9.0,8.0,261.0,0.0,0.0,0.0,0.0,0.0,15.81525674772546,11.927880603892856,38.64765558889162
28.0,1.0,803.0,0.0,0.0,0.0,0.0,0.0,12.120117709128207,18.925159921587117,356.0166014860824
25.0,8.0,528.0,0.0,0.0,0.0,0.0,0.0,17.91340497057364,8.082321953411757,176.11079038819412
75.0,8.0,515.0,0.0,0.0,0.0,0.0,0.0,20.21682026377528,8.197826380738178,68.33812988089629
33.0,3.0,124.0,0.0,0.0,0.0,0.0,0.0,9.938120392120537,11.168798027625389,195.51352744754945
70.0,3.0,90.0,0.0,0.0,0.0,0.0,0.0,6.970657970670849,12.984290849931533,72.89287313138765
28.0,1.0,756.0,0.0,0.0,0.0,0.0,0.0,9.164612529695727,18.95198968859508,86.53663776852191
70.0,3.0,87.0,0.0,0.0,0.0,0.0,0.0,6.9172504822526335,12.14417811062269,192.49816162357536
75.0,8.0,498.0,0.0,0.0,0.0,0.0,0.0,15.98139779448496,4.898326333098509,143.37896911159146
43.0,8.0,541.0,0.0,0.0,0.0,0.0,0.0,22.918636389525428,13.097682845635648,139.780749894728
43.0,8.0,502.0,0.0,0.0,0.0,0.0,0.0,19.99149799427641,9.20460430696244,138.38647003469558
25.0,8.0,530.0,0.0,0.0,0.0,0.0,0.0,16.99982633312885,7.029268386545052,849.3214661745947
9.0,8.0,288.0,0.0,0.0,0.0,0.0,0.0,14.065889103193284,11.156586127307078,105.95673907665947
32.0,6.0,41.0,0.0,0.0,0.0,0.0,0.0,19.917740082040886,11.019190572558358,555.9413930280883
44.0,8.0,633.0,0.0,0.0,0.0,0.0,0.0,13.005972909869117,6.149653784792683,227.24414269015
25.0,8.0,694.0,0.0,0.0,0.0,0.0,0.0,16.970819140691635,7.917689589431842,69.32037050202317
33.0,3.0,286.0,0.0,0.0,0.0,0.0,0.0,13.894889693827182,11.9857809791558,119.30401025878837
32.0,6.0,562.0,0.0,0.0,0.0,0.0,0.0,16.87387923590541,6.959337035332871,579.8391429767615
25.0,8.0,658.0,0.0,0.0,0.0,0.0,0.0,15.242606085888092,5.935566071601192,944.9553909502253
33.0,3.0,127.0,0.0,0.0,0.0,0.0,0.0,12.919546912746178,10.930441084854095,219.9053345112473
66.0,2.0,401.0,0.0,0.0,0.0,12.0,1.0,16.991082492551392,12.008991123161492,875.7088337272799
37.0,1.0,437.0,0.0,0.0,4.0,108.0,0.0,6.011416838709321,12.951505338983566,1670.4208937191695
58.0,6.0,60.0,0.0,0.0,0.0,0.0,0.0,21.99508487477755,12.03429058300276,98.9644866282485
61.0,1.0,779.0,0.0,0.0,0.0,0.0,0.0,8.12183463653802,17.099641991015634,285.46251758602784
26.0,8.0,632.0,0.0,0.0,0.0,0.0,1.0,11.913507602853988,5.147740419022405,1053.5047702978495
44.0,8.0,668.0,0.0,0.0,0.0,0.0,0.0,13.127917279044604,8.074384790736175,138.1989339823752
59.0,6.0,604.0,0.0,0.0,0.0,0.0,0.0,25.15696694746968,14.054082487693458,159.37415406224554
67.0,1.0,752.0,0.0,0.0,0.0,0.0,0.0,8.084000300760454,17.965499801677133,79.03598085213599
78.0,5.0,220.0,0.0,4.0,20.0,170.0,7.0,5.889473687983398,5.106876392667063,3414.274949043756
45.0,10.0,354.0,0.0,4.0,12.0,72.0,12.0,12.030997105809291,4.921937250757513,3588.294211969448
82.0,8.0,526.0,0.0,0.0,0.0,0.0,0.0,14.178715054180248,3.0252152470268165,480.2661755756188
28.0,1.0,770.0,0.0,0.0,0.0,0.0,0.0,9.051689234920063,17.846848177041288,87.78055404311925
59.0,6.0,596.0,0.0,0.0,0.0,0.0,0.0,23.016726195197556,11.92636362881608,25.13660904443606
27.0,2.0,836.0,0.0,0.0,0.0,0.0,0.0,22.081254430926677,18.13362286925418,76.0794510710537
82.0,8.0,494.0,0.0,0.0,0.0,0.0,0.0,17.257308017169393,5.901905812094791,166.46896081281395
65.0,1.0,199.0,0.0,0.0,4.0,0.0,0.0,4.969065227156881,14.132308295332091,588.8243594919383
4.0,0.0,473.0,28.0,88.0,208.0,269.0,11.0,6.002093657861352,9.132794801386211,8583.752443668922
24.0,8.0,700.0,0.0,0.0,4.0,12.0,2.0,12.976361527087132,2.030175773659734,2485.038514462793
66.0,2.0,405.0,0.0,0.0,4.0,12.0,2.0,15.927101085086877,12.06599015392476,728.7165394771237
0.0,2.0,827.0,0.0,0.0,0.0,0.0,0.0,27.79752572605777,23.993361877951617,531.6904882578425
24.0,8.0,734.0,0.0,0.0,0.0,4.0,1.0,10.985969014717003,1.1220741502856122,2285.029868329122
28.0,1.0,768.0,0.0,0.0,0.0,0.0,1.0,10.01872513832042,17.818886351011667,381.95523665079565
67.0,1.0,747.0,0.0,0.0,0.0,0.0,0.0,10.92428709659015,21.070414948101067,124.58416433052122
61.0,1.0,433.0,0.0,0.0,0.0,0.0,0.0,8.220252197435522,15.882698666464655,474.3391588339605
86.0,10.0,453.0,0.0,16.0,32.0,236.0,46.0,9.135005145345678,4.010967345262055,2013.597713908054
0.0,2.0,812.0,0.0,0.0,0.0,0.0,0.0,24.999550951428134,21.028002563525494,338.7368761101288
15.0,8.0,680.0,0.0,0.0,0.0,0.0,0.0,9.066387040488872,2.962990656282145,1608.941649295742
66.0,2.0,38.0,0.0,0.0,0.0,0.0,0.0,17.825982296856207,12.009278736805902,435.8827882696257
9.0,8.0,276.0,0.0,0.0,0.0,0.0,0.0,13.835290037117952,9.984407075025103,139.0581035952732
65.0,1.0,197.0,0.0,4.0,0.0,4.0,0.0,4.166339274065799,12.928247789352346,247.93384020471947
69.0,3.0,159.0,0.0,0.0,0.0,0.0,0.0,8.049414814703415,9.968934830676783,72.18440784029698
69.0,3.0,133.0,0.0,0.0,0.0,0.0,0.0,8.083940937881932,7.931420653903126,228.18420907436607
82.0,8.0,526.0,0.0,0.0,0.0,0.0,0.0,13.19835018999188,3.018363898082376,464.53949483386737
62.0,3.0,97.0,0.0,0.0,0.0,0.0,0.0,2.167690317238113,11.993004344523538,183.67768879287203
33.0,3.0,129.0,0.0,0.0,0.0,0.0,0.0,11.912647733885525,10.040706251470906,232.16372774794672
67.0,1.0,760.0,0.0,0.0,0.0,4.0,0.0,5.218683853625508,15.0189805237834,262.63216713804786
34.0,10.0,712.0,0.0,0.0,0.0,16.0,1.0,14.037304936933994,3.9910654272909074,1235.4229887832753
59.0,6.0,554.0,0.0,0.0,0.0,0.0,0.0,22.044830315654995,11.006113140651872,182.60102786894936
59.0,6.0,598.0,0.0,0.0,0.0,0.0,0.0,22.18452229507217,10.992391648633474,208.60774422542255
45.0,10.0,330.0,0.0,0.0,0.0,20.0,1.0,14.016200780375648,6.036051540168168,3000.332077123398
75.0,8.0,510.0,0.0,0.0,0.0,0.0,0.0,16.986811441183956,6.001380224349975,193.79219063917836
13.0,5.0,179.0,0.0,8.0,28.0,184.0,2.0,4.196338940985641,9.893303550314954,1807.8858858480648
68.0,3.0,213.0,0.0,0.0,0.0,0.0,0.0,6.880882788893393,5.024151986202293,413.1948779441237
15.0,8.0,674.0,0.0,0.0,0.0,0.0,0.0,10.013425164160063,3.042110007623989,1330.382987213772
29.0,10.0,343.0,0.0,0.0,0.0,16.0,0.0,14.933403375002728,8.069212820490115,995.6523614072344
59.0,6.0,630.0,0.0,0.0,0.0,0.0,0.0,20.02932622126208,8.929170961124234,151.9460932980983
68.0,3.0,237.0,0.0,0.0,0.0,0.0,0.0,4.01017587258699,8.9455295539321,549.2735210587184
28.0,1.0,777.0,0.0,0.0,0.0,4.0,0.0,7.135682558159775,16.08198431567401,455.9691511011594
69.0,3.0,240.0,0.0,0.0,0.0,0.0,0.0,6.003533680050369,7.025736502724456,68.39980601971557
21.0,9.0,363.0,0.0,0.0,4.0,40.0,2.0,14.882734690362977,10.020824600616336,1262.4714218545887
9.0,8.0,266.0,0.0,0.0,0.0,0.0,0.0,14.903497587306424,12.17529913313902,129.03379719858114
15.0,8.0,662.0,0.0,0.0,0.0,0.0,1.0,8.928555509448517,4.956431788744531,556.6332935619656
60.0,3.0,665.0,0.0,0.0,0.0,0.0,0.0,9.880551223756022,7.037026063823215,1044.3313797656383
37.0,1.0,423.0,0.0,0.0,16.0,290.0,2.0,6.100838731830184,11.864780103280108,1875.438287025152
17.0,3.0,234.0,0.0,0.0,0.0,4.0,1.0,1.8721102711637168,7.95333218795213,572.8783049092447
17.0,3.0,116.0,0.0,0.0,0.0,0.0,0.0,2.096343935506789,12.855386782467312,438.9838675519997
15.0,8.0,662.0,0.0,0.0,0.0,0.0,1.0,8.950449801253367,4.989060408429712,1635.9837248046806
65.0,1.0,441.0,0.0,0.0,4.0,32.0,0.0,6.007394815609758,13.09839864571876,884.2448110943009
24.0,8.0,731.0,0.0,0.0,0.0,8.0,0.0,9.928960564596428,1.2045252449439992,2648.194399769642
92.0,0.0,447.0,32.0,144.0,239.0,226.0,47.0,6.992626576726218,7.022534430374679,4912.763456013407
68.0,3.0,204.0,0.0,0.0,0.0,0.0,0.0,5.199302108354037,5.813752628569331,470.6392206172256
59.0,6.0,631.0,0.0,0.0,0.0,0.0,0.0,22.00910245735406,10.982885308012262,104.4772017121906
64.0,6.0,10.0,0.0,0.0,0.0,0.0,0.0,20.682624547152955,13.008157884198477,220.7350145104334
72.0,3.0,159.0,0.0,0.0,0.0,0.0,0.0,8.042951180281813,10.068216216241812,578.2948080924991
37.0,1.0,439.0,0.0,0.0,4.0,134.0,1.0,5.910965366175872,12.965396792917408,1953.891213591026
27.0,2.0,837.0,0.0,0.0,0.0,0.0,0.0,21.96650140489261,18.08496917273608,44.27961477060674
65.0,1.0,184.0,0.0,4.0,0.0,76.0,0.0,5.106633761584209,12.097868396851965,998.0082589784308
83.0,11.0,444.0,12.0,48.0,127.0,442.0,52.0,6.999756163548959,6.079267454063129,2604.8087418151526
82.0,8.0,647.0,0.0,0.0,0.0,0.0,1.0,13.03368408431912,3.82047812146252,222.29161516840128
64.0,6.0,23.0,0.0,0.0,0.0,0.0,0.0,23.953065955697262,15.985069504144992,163.3969033393836
59.0,6.0,597.0,0.0,0.0,0.0,0.0,0.0,24.037034558426,12.98349883244841,65.90840701751166
66.0,2.0,47.0,0.0,0.0,0.0,0.0,0.0,19.865399681698204,12.941267583548267,300.3239146879155
59.0,6.0,612.0,0.0,0.0,0.0,0.0,0.0,25.241895919214592,13.92239569446356,134.33644018608592
28.0,1.0,757.0,0.0,0.0,0.0,0.0,0.0,7.999528932137419,18.02588884464161,54.834670814317015
74.0,8.0,510.0,0.0,0.0,0.0,0.0,0.0,17.060270667229233,5.937041203269089,331.8553967027417
62.0,3.0,84.0,0.0,0.0,0.0,0.0,0.0,4.989966828667993,12.95458896932672,186.1193525694136
29.0,10.0,339.0,0.0,0.0,0.0,4.0,0.0,17.234952829824724,7.911122877245624,1769.87040967281
45.0,10.0,738.0,0.0,16.0,12.0,104.0,18.0,10.017010554901065,3.0412314914104472,2490.82657527415
17.0,3.0,238.0,0.0,0.0,0.0,0.0,0.0,1.977162080613388,8.965078482085387,274.01921810284153
9.0,8.0,277.0,0.0,0.0,0.0,0.0,0.0,18.25289332501252,11.909436736438586,133.3849724940125
44.0,8.0,663.0,0.0,0.0,0.0,0.0,1.0,10.269905089440796,6.021132063194443,506.64750621824055
44.0,8.0,645.0,0.0,0.0,0.0,0.0,0.0,13.053686564193008,6.908423582532838,299.8075169633351
76.0,3.0,102.0,0.0,0.0,0.0,0.0,0.0,4.000585188806473,9.878534383483146,306.94575921881534
80.0,3.0,149.0,0.0,0.0,0.0,0.0,0.0,8.027268073216824,11.860639807986276,129.15844825250207
32.0,6.0,582.0,0.0,0.0,0.0,0.0,0.0,17.08051171499664,5.783364519761455,489.2020920638994
15.0,8.0,214.0,0.0,0.0,0.0,0.0,0.0,8.112249044777986,5.04454349463284,1317.2302349135832
59.0,6.0,618.0,0.0,0.0,0.0,0.0,0.0,19.98379219741964,8.178472323981682,166.84730606755772
26.0,8.0,635.0,0.0,0.0,0.0,0.0,1.0,13.001649518819994,4.96922751252522,755.2563805181198
32.0,6.0,577.0,0.0,0.0,0.0,8.0,0.0,14.977323619405734,4.000212040983013,650.1392501899498
79.0,9.0,35.0,0.0,0.0,0.0,0.0,0.0,19.869735309904804,12.1626261611931,458.2060111331932
80.0,3.0,253.0,0.0,0.0,0.0,0.0,0.0,8.081809718778201,14.1194932017262,190.9696269876245
17.0,3.0,194.0,0.0,0.0,0.0,4.0,0.0,0.0494579052559822,10.988164216890151,471.4408408787411
59.0,6.0,629.0,0.0,0.0,0.0,0.0,0.0,22.90361524660441,11.962640731726058,204.09404280732855
0.0,2.0,823.0,0.0,0.0,0.0,0.0,0.0,22.862423054227108,19.042917243181734,585.8947138826134
17.0,3.0,234.0,0.0,0.0,0.0,4.0,1.0,2.244574380063097,8.164538888512547,538.1315173932178
32.0,6.0,568.0,0.0,0.0,0.0,0.0,0.0,18.91711186562712,6.884385260531896,281.7992530882036
15.0,8.0,675.0,0.0,0.0,0.0,0.0,0.0,11.128200466122737,4.004655717310174,740.7016086008199
76.0,3.0,106.0,0.0,0.0,0.0,0.0,0.0,4.021047476542124,11.006600979424675,217.65879852673888
88.0,9.0,352.0,12.0,56.0,219.0,302.0,46.0,10.92287465513951,8.018702475938591,2128.913187360116
17.0,3.0,196.0,0.0,0.0,0.0,0.0,0.0,0.9908488279656456,12.073805190463355,173.07215296948183
62.0,3.0,111.0,0.0,0.0,0.0,0.0,0.0,5.943512812823375,14.053245340197266,60.82665722941363
76.0,3.0,106.0,0.0,0.0,0.0,0.0,0.0,2.987750810930778,11.146864285551086,197.31143524445545
68.0,3.0,215.0,0.0,0.0,0.0,0.0,0.0,6.976035060740824,6.033934390530364,534.7576591798888
73.0,6.0,22.0,0.0,0.0,0.0,0.0,0.0,20.788621682805505,12.006307485721075,141.31578844041306
63.0,2.0,401.0,0.0,0.0,0.0,8.0,1.0,16.758309159168967,11.995090525322285,2669.3596557545084
45.0,10.0,353.0,0.0,16.0,24.0,136.0,31.0,11.988486504981127,4.9037542857075165,3299.381735889105
27.0,2.0,394.0,0.0,0.0,0.0,8.0,1.0,16.958752574033724,14.081898140088356,118.17562872910344
57.0,3.0,663.0,0.0,0.0,0.0,0.0,1.0,9.919584470028123,5.123288653725608,389.4235164249781
68.0,3.0,217.0,0.0,0.0,0.0,0.0,0.0,5.894310162940433,5.924091423046952,409.8004923823842
27.0,2.0,398.0,0.0,0.0,0.0,20.0,1.0,16.004595387146647,14.069160758107424,283.5220247384389
80.0,3.0,87.0,0.0,0.0,0.0,0.0,0.0,7.2066405862464356,11.905963731558847,227.17306323604808
67.0,1.0,782.0,0.0,0.0,0.0,0.0,0.0,10.054063257332036,20.0566317134068,68.42811158574946
9.0,8.0,644.0,0.0,0.0,0.0,0.0,0.0,13.70246147846053,8.02127665412112,104.40510043215164
59.0,6.0,608.0,0.0,0.0,0.0,0.0,0.0,23.87940696023987,13.13492396005499,189.2903160064997
12.0,5.0,165.0,0.0,4.0,0.0,12.0,0.0,1.7071878904499984,11.09693582586705,2633.485965980936
59.0,6.0,609.0,0.0,0.0,0.0,0.0,0.0,23.96319214004825,12.995160130449223,194.06933793685047
86.0,10.0,743.0,4.0,8.0,16.0,72.0,11.0,9.875233437841729,2.98797743842642,2099.675582801075
9.0,8.0,690.0,0.0,0.0,0.0,0.0,0.0,17.041603786307913,11.19747997932492,184.5581350586248
63.0,2.0,391.0,0.0,0.0,0.0,0.0,0.0,22.96578541133453,17.050578758082,424.1618930845715
66.0,2.0,305.0,0.0,4.0,4.0,72.0,1.0,14.999025752387716,12.068089165064013,768.7903356454995
28.0,1.0,433.0,0.0,0.0,0.0,0.0,0.0,8.966905253797297,17.12588180269375,673.1580855245077
67.0,1.0,749.0,0.0,0.0,0.0,0.0,0.0,12.089754599572306,21.90898112675669,106.13172792196602
59.0,6.0,554.0,0.0,0.0,0.0,0.0,0.0,20.878904950706943,9.917766365796282,177.2518190611695
76.0,3.0,164.0,0.0,0.0,0.0,0.0,0.0,6.053368744832627,9.992069509100103,73.41970563556497
60.0,3.0,284.0,0.0,0.0,0.0,0.0,0.0,13.860613264103677,11.955486887937836,698.4524919684447
32.0,6.0,572.0,0.0,0.0,0.0,0.0,0.0,19.75540553953579,8.902882079898733,267.3900368510567
34.0,10.0,723.0,0.0,0.0,0.0,4.0,0.0,14.102533185853114,3.14310354622433,928.1858882809952
45.0,10.0,351.0,16.0,24.0,69.0,452.0,35.0,11.078752321445783,6.867246518938881,2511.10508188939
79.0,9.0,36.0,0.0,0.0,0.0,0.0,0.0,17.843247386422096,11.093601877626345,351.1378784305705
37.0,1.0,441.0,0.0,4.0,0.0,92.0,0.0,5.015978041752189,11.977280075677232,1878.6886420411097
62.0,3.0,108.0,0.0,0.0,0.0,0.0,0.0,5.084629700380276,13.860383252801045,236.23342244043965
25.0,8.0,524.0,0.0,0.0,0.0,0.0,0.0,12.91410212633427,4.021078371005099,579.1659265601462
26.0,8.0,658.0,0.0,0.0,0.0,0.0,0.0,13.81403307463554,6.992590301674126,85.45960136204793
58.0,6.0,61.0,0.0,0.0,0.0,0.0,0.0,22.977063160444004,12.989075200808196,92.23040708840318
60.0,3.0,665.0,0.0,0.0,0.0,0.0,0.0,9.932740098186072,7.005075908019349,1039.809873670477
24.0,8.0,738.0,4.0,4.0,12.0,68.0,8.0,10.187894600432925,3.1364020168069686,2608.509581410376
32.0,6.0,43.0,0.0,0.0,0.0,0.0,0.0,17.870314155336168,9.06262387521414,182.1242909940526
28.0,1.0,748.0,0.0,0.0,0.0,0.0,0.0,11.888122874813629,22.04526603331612,145.95198864707288
69.0,3.0,101.0,0.0,0.0,0.0,0.0,0.0,6.03506042020914,9.09426012267464,131.93117588328485
23.0,3.0,482.0,0.0,0.0,40.0,171.0,9.0,4.021542646710197,6.95326183238842,1315.0363060332904
68.0,3.0,237.0,0.0,0.0,0.0,0.0,0.0,3.91677747777758,8.762937386390652,504.7953520026339
17.0,3.0,173.0,0.0,0.0,0.0,16.0,0.0,0.9310261346582714,8.832434358195197,783.4406647536726
70.0,3.0,90.0,0.0,0.0,0.0,0.0,0.0,6.982511087955312,13.900972398995798,92.55478305004584
57.0,3.0,660.0,0.0,0.0,0.0,0.0,0.0,8.980826809056625,6.0065927142436,513.0564419399916
67.0,1.0,811.0,0.0,0.0,0.0,0.0,0.0,11.059573610813652,22.00148572667935,154.5588770405614
28.0,1.0,777.0,0.0,0.0,0.0,0.0,0.0,7.092591848815725,15.93020176727363,700.9810463904907
16.0,1.0,180.0,0.0,8.0,44.0,248.0,3.0,5.082643362255403,10.869913821793572,1364.7388652377745
73.0,6.0,29.0,0.0,0.0,0.0,0.0,0.0,22.92453766249761,13.926340690752184,171.74508632163264
74.0,8.0,709.0,0.0,0.0,0.0,0.0,1.0,12.828978476613852,2.0840605465304898,366.4023838728892
30.0,9.0,364.0,0.0,4.0,20.0,169.0,5.0,14.00173850844233,8.936901707465942,1264.551221162376
74.0,8.0,567.0,0.0,0.0,0.0,0.0,0.0,17.763819420168506,7.096444976364489,107.94409516462676
37.0,1.0,439.0,0.0,0.0,4.0,158.0,1.0,6.716762809763553,13.035794766023084,1425.2045541297202
21.0,9.0,363.0,0.0,0.0,4.0,72.0,2.0,14.989224604791955,9.96804397217212,1819.6211799984665
9.0,8.0,271.0,0.0,0.0,0.0,0.0,0.0,15.922890231680311,9.914547968629456,106.54293205773988
73.0,6.0,10.0,0.0,0.0,0.0,0.0,0.0,20.69763456793653,12.00233193441285,265.83516567764275
68.0,3.0,240.0,0.0,0.0,0.0,0.0,0.0,7.262662821029641,7.015021587329801,615.2831434244222
93.0,1.0,776.0,0.0,0.0,0.0,4.0,1.0,7.031905997316025,15.024569046251976,1376.9262668920692
72.0,3.0,159.0,0.0,0.0,0.0,0.0,0.0,8.065227085507189,10.029795938001518,707.3603810898873
70.0,3.0,110.0,0.0,0.0,0.0,0.0,0.0,8.010125896605027,13.934496657277506,102.77944186006128
9.0,8.0,270.0,0.0,0.0,0.0,0.0,0.0,15.033498572251814,9.92230266495926,103.23235629175738
59.0,6.0,64.0,0.0,0.0,0.0,0.0,0.0,24.03189031424145,12.976198964311276,155.9872203168149
23.0,3.0,237.0,0.0,0.0,0.0,0.0,0.0,3.807893424640469,9.051964680838962,235.63031205302133
43.0,8.0,515.0,0.0,0.0,0.0,0.0,0.0,20.193899581603123,8.991082357527846,85.37181409910553
93.0,1.0,438.0,0.0,0.0,0.0,72.0,1.0,7.110857011346917,14.01447458514597,1062.3966050910035
45.0,10.0,715.0,0.0,4.0,8.0,36.0,11.0,11.085768546246776,2.140036736009943,4058.075403389792
20.0,9.0,336.0,0.0,0.0,0.0,32.0,1.0,15.952823846575408,10.000303222898305,1101.0718909685395
93.0,1.0,429.0,0.0,0.0,0.0,0.0,0.0,8.928492718478688,15.886852928558758,333.5745321127302
43.0,8.0,548.0,0.0,0.0,0.0,0.0,0.0,22.034518658284743,12.1400283647924,45.74860057729283
27.0,2.0,413.0,0.0,0.0,0.0,0.0,0.0,19.051070072497488,16.02519767871023,84.23710496254144
59.0,6.0,64.0,0.0,0.0,0.0,0.0,0.0,24.110793098231685,13.022816293156552,146.12329659662225
78.0,5.0,223.0,0.0,0.0,0.0,24.0,3.0,5.969480911566572,3.9602881243179007,3573.360986978896
70.0,3.0,92.0,0.0,0.0,0.0,0.0,0.0,5.241960803806586,12.004097805644276,271.7409497971121
77.0,4.0,459.0,16.0,151.0,269.0,181.0,34.0,10.998591282838005,9.02054931971,2497.28990814096
9.0,8.0,272.0,0.0,0.0,0.0,0.0,0.0,13.848270929534529,9.04509763599964,159.7175145896725
63.0,2.0,310.0,0.0,4.0,20.0,272.0,3.0,14.141066374264543,11.089114308900784,3122.8590880910706
27.0,2.0,394.0,0.0,0.0,0.0,4.0,1.0,17.944534333105228,14.827016143065284,28.80289311347263
26.0,8.0,643.0,0.0,0.0,0.0,0.0,0.0,14.019725908284316,7.999545188080591,856.849005632107
57.0,3.0,136.0,0.0,0.0,0.0,0.0,0.0,8.97332780615191,6.993128317043894,242.4834876069685
58.0,6.0,66.0,0.0,0.0,0.0,0.0,0.0,24.10649421155264,14.049790958036864,116.8689815713701
78.0,5.0,454.0,0.0,12.0,24.0,250.0,12.0,5.935418189969034,5.010131224747949,3018.173064224657
17.0,3.0,116.0,0.0,0.0,0.0,0.0,0.0,3.124978932304655,13.061557406945656,373.0965325681773
88.0,9.0,298.0,4.0,24.0,52.0,397.0,10.0,12.857760274105008,10.033863668242018,1376.2371365226015
84.0,11.0,470.0,12.0,102.0,232.0,303.0,35.0,8.955359914382234,6.0839035955874365,3204.3156554299835
67.0,1.0,258.0,0.0,0.0,0.0,0.0,0.0,5.944009879339866,16.19516051199936,316.17521582024153
12.0,5.0,170.0,0.0,0.0,4.0,0.0,0.0,1.036483976113928,11.97908682953728,1454.5925570621298
17.0,3.0,93.0,0.0,0.0,0.0,0.0,0.0,1.864055276766376,11.1090920687386,483.5119561613068
93.0,1.0,429.0,0.0,0.0,0.0,0.0,0.0,8.751496968259538,15.855367108827648,407.7808723169986
28.0,1.0,747.0,0.0,0.0,0.0,0.0,0.0,12.10381002665373,21.987496536815375,135.84883426656222
80.0,3.0,253.0,0.0,0.0,0.0,0.0,0.0,7.9684991997248815,14.121109405480563,36.27174296379523
17.0,3.0,119.0,0.0,0.0,0.0,0.0,0.0,3.948767923199608,13.956049652007115,222.6878369566165
63.0,2.0,309.0,0.0,4.0,8.0,122.0,1.0,14.132502451914876,11.936422977598957,2808.511781751037
88.0,9.0,352.0,0.0,32.0,56.0,437.0,35.0,12.155720612597936,7.910184182459974,1637.5837320036703
37.0,1.0,441.0,0.0,0.0,4.0,20.0,0.0,5.095910274306825,13.030266276145838,1239.173429275331
29.0,10.0,36.0,0.0,0.0,0.0,0.0,0.0,18.00557900549096,11.002102377753245,1075.4621701731417
12.0,5.0,198.0,4.0,0.0,0.0,24.0,0.0,3.998551771728202,12.25078998100293,2577.7132926909144
43.0,8.0,550.0,0.0,0.0,0.0,0.0,0.0,20.9989557530464,12.08646257463758,92.05904947565786
27.0,2.0,410.0,0.0,0.0,0.0,0.0,0.0,21.07367423953104,17.948247682969274,60.82944634282666
66.0,2.0,405.0,0.0,0.0,4.0,40.0,2.0,15.815692649498883,12.08227609106564,743.2258708462606
66.0,2.0,405.0,0.0,0.0,4.0,28.0,2.0,16.016982276250797,11.988493996299836,753.1443297284449
78.0,5.0,726.0,0.0,8.0,4.0,56.0,12.0,8.909767326711295,1.9271475687773616,2926.5144416142125
59.0,6.0,605.0,0.0,0.0,0.0,0.0,0.0,24.063119694738088,13.038718556265945,156.8619135270653
67.0,1.0,786.0,0.0,0.0,0.0,0.0,0.0,11.013526282720386,20.990270164534127,109.23821591146786
58.0,6.0,70.0,0.0,0.0,0.0,0.0,0.0,24.04303125543129,14.032420121688288,117.05540251095924
69.0,3.0,125.0,0.0,0.0,0.0,0.0,0.0,9.12985071450579,11.1259540888448,79.74244385737731
67.0,1.0,757.0,0.0,0.0,0.0,0.0,0.0,7.054096210976643,17.118594454690975,56.62032505842959
22.0,2.0,304.0,8.0,28.0,86.0,387.0,7.0,12.286193084454196,10.951133905923887,2445.276198477268
28.0,1.0,203.0,0.0,0.0,4.0,0.0,0.0,4.914215435857557,14.06293409084986,589.2289769316915
45.0,10.0,355.0,0.0,4.0,24.0,112.0,19.0,12.150467917269198,5.8796328825966455,3263.559818949526
57.0,3.0,665.0,0.0,0.0,0.0,0.0,0.0,10.03284248336318,7.146787031976904,254.23285403481188
9.0,8.0,689.0,0.0,0.0,0.0,0.0,0.0,16.035930765253585,9.97961340919468,123.88308695643951
63.0,2.0,370.0,0.0,0.0,0.0,0.0,0.0,19.99837462155121,14.974580036720402,1277.3301825059827
45.0,10.0,465.0,4.0,12.0,40.0,227.0,35.0,10.06885724187297,4.11487507325507,3015.1496640248406
33.0,3.0,286.0,0.0,0.0,0.0,0.0,0.0,13.222968995431222,12.972325237780664,177.71938821009056
16.0,1.0,424.0,0.0,20.0,80.0,418.0,6.0,5.858621756746823,11.022428223180071,1703.84790404264
76.0,3.0,103.0,0.0,0.0,0.0,0.0,0.0,4.869649838653769,8.986733409589226,300.67377532213874
80.0,3.0,163.0,0.0,0.0,0.0,0.0,0.0,8.281777519731795,10.147344610654958,136.2383396315391
27.0,2.0,834.0,0.0,0.0,0.0,0.0,0.0,23.894283925079083,19.99185496256585,43.21638563346692
0.0,2.0,824.0,0.0,0.0,0.0,0.0,0.0,24.1532132760856,20.10933492326597,304.74595798952504
58.0,6.0,60.0,0.0,0.0,0.0,0.0,0.0,23.037408547213538,12.993507963561672,46.67400196682697
23.0,3.0,234.0,0.0,0.0,0.0,0.0,1.0,2.866064428983917,8.166354070405953,933.1819915833948
9.0,8.0,279.0,0.0,0.0,0.0,0.0,0.0,16.846397045591136,12.054804354910168,95.68943317491453
25.0,8.0,687.0,0.0,0.0,0.0,0.0,0.0,18.10322998629354,8.003177661045806,204.258248722906
69.0,3.0,139.0,0.0,0.0,0.0,0.0,0.0,8.019627439705381,7.896075108900349,243.71957364247532
93.0,1.0,442.0,0.0,0.0,0.0,20.0,1.0,7.2003372828619465,13.957918135171193,1149.0615702492123
45.0,10.0,354.0,0.0,0.0,12.0,48.0,4.0,13.141350050784071,5.017985946467701,3466.8079645845974
43.0,8.0,518.0,0.0,0.0,0.0,0.0,0.0,20.018618944736144,8.943131562175285,86.29474643269259
66.0,2.0,376.0,0.0,0.0,0.0,0.0,0.0,19.166185839614464,12.94793425380901,269.69743780906464
78.0,5.0,480.0,8.0,52.0,158.0,391.0,24.0,5.657206879553915,7.0140108444637495,3752.689618508729
59.0,6.0,601.0,0.0,0.0,0.0,0.0,0.0,24.096519598064003,13.013795540741649,40.643638132180925
86.0,10.0,465.0,8.0,36.0,40.0,387.0,19.0,10.007185985984432,5.012329447933162,2528.869120697523
32.0,6.0,578.0,0.0,0.0,0.0,4.0,0.0,15.087421401504812,3.9822720793752655,901.2695875984232
78.0,5.0,218.0,0.0,0.0,0.0,64.0,4.0,5.998425553362404,4.0847136588423,4320.963104217045
37.0,1.0,439.0,0.0,0.0,8.0,218.0,1.0,6.136373616423424,11.930046795549393,1528.2636140849063
27.0,2.0,838.0,0.0,0.0,0.0,0.0,0.0,22.752922110528484,19.94283073586801,26.070196348195225
69.0,3.0,240.0,0.0,0.0,0.0,0.0,0.0,5.828979016972637,6.927863630738036,137.84935881836
32.0,6.0,582.0,0.0,0.0,0.0,0.0,0.0,17.041797416757106,5.779134692206485,207.65118578983208
32.0,6.0,583.0,0.0,0.0,0.0,0.0,0.0,17.967166195304618,7.133913158643644,163.0029068037406
21.0,9.0,402.0,0.0,0.0,0.0,8.0,2.0,17.015814448393048,12.019936170731178,465.38358222657104
71.0,9.0,364.0,0.0,12.0,28.0,272.0,5.0,14.035342807852198,9.87693309343578,1440.391295177487
37.0,1.0,436.0,0.0,0.0,0.0,72.0,0.0,5.99449004227338,12.96012511757716,2272.2365022175163
33.0,3.0,145.0,0.0,0.0,0.0,0.0,0.0,11.126334682546908,10.032180342159243,311.1840515059657
68.0,3.0,244.0,0.0,0.0,0.0,0.0,0.0,5.731500657316836,7.798476258558177,179.3219926998968
93.0,1.0,442.0,0.0,0.0,0.0,32.0,1.0,7.121274334176889,13.96779017755281,1220.6935296762251
29.0,10.0,330.0,0.0,0.0,0.0,20.0,1.0,13.922596556275163,5.940804567189111,1229.6488062030403
68.0,3.0,206.0,0.0,0.0,0.0,24.0,2.0,5.03034370487644,5.936186097753539,879.4515909422825
15.0,8.0,218.0,0.0,0.0,8.0,76.0,5.0,6.019588930973731,5.018071399816413,2069.3976544337224
68.0,3.0,206.0,0.0,0.0,0.0,24.0,2.0,5.015487147242669,6.03754709249972,770.5851460945106
72.0,3.0,162.0,0.0,0.0,0.0,0.0,0.0,6.803251962395317,10.879698722688008,523.4485545517732
71.0,9.0,348.0,0.0,12.0,40.0,310.0,5.0,13.051821279278403,7.820114681452308,1292.250130282343
24.0,8.0,710.0,0.0,0.0,0.0,4.0,1.0,12.018793945891328,1.0139621105424792,2301.1937282975614
78.0,5.0,726.0,0.0,8.0,16.0,60.0,15.0,9.032455907747416,2.080215362805236,3309.8109812665125
32.0,6.0,583.0,0.0,0.0,0.0,0.0,0.0,16.84142838561308,6.064510512923771,405.0518925131962
17.0,3.0,173.0,0.0,0.0,0.0,0.0,1.0,2.183002667104758,9.084718261769684,444.4132957270266
15.0,8.0,219.0,0.0,0.0,0.0,44.0,4.0,6.082623830829086,3.8830779502782304,2336.9965356064845
59.0,6.0,552.0,0.0,0.0,0.0,0.0,0.0,22.016142985648077,11.120127052954828,162.49183458138236
32.0,6.0,572.0,0.0,0.0,0.0,0.0,0.0,20.221238455415083,9.036792194913284,303.83180208372573
0.0,2.0,824.0,0.0,0.0,0.0,0.0,0.0,24.26535360030829,20.013791491133947,355.6827732234859
79.0,9.0,38.0,0.0,0.0,0.0,0.0,0.0,18.141550560623514,11.847302080519446,434.52052769930674
59.0,6.0,555.0,0.0,0.0,0.0,0.0,0.0,23.11662446501396,12.043019618086948,120.33244177933308
29.0,10.0,340.0,0.0,0.0,0.0,4.0,0.0,16.975339151111577,8.035022803583784,988.9899829985025
70.0,3.0,90.0,0.0,0.0,0.0,0.0,0.0,7.067385987869568,13.11595036068412,184.33915906943545
12.0,5.0,189.0,0.0,0.0,4.0,80.0,1.0,1.864736746577384,10.188350077757852,2378.936405276
44.0,8.0,663.0,0.0,0.0,0.0,0.0,1.0,9.907099851407873,4.958089055868391,355.1565296157327
45.0,10.0,354.0,0.0,0.0,12.0,52.0,4.0,13.0642913984822,4.874873348823564,3001.0089272975188
43.0,8.0,546.0,0.0,0.0,0.0,0.0,0.0,22.05272267253136,11.910149259493144,34.94319299701
37.0,1.0,425.0,0.0,0.0,12.0,302.0,2.0,7.164830618318593,12.886676420649929,1638.2033769043846
9.0,8.0,264.0,0.0,0.0,0.0,0.0,0.0,16.07905746861447,10.945997990423614,114.51004078322218
26.0,8.0,658.0,0.0,0.0,0.0,0.0,0.0,14.060702606112043,6.037493577111151,557.2161465434095
16.0,1.0,180.0,0.0,8.0,44.0,258.0,4.0,5.005013693308238,10.98160135305448,1504.0956853854232
9.0,8.0,268.0,0.0,0.0,0.0,0.0,0.0,18.13467051349001,14.17637833030236,168.20600568790576
44.0,8.0,671.0,0.0,0.0,0.0,0.0,0.0,11.967008473562748,8.016202890484482,528.0428116447224
74.0,8.0,506.0,0.0,0.0,0.0,0.0,0.0,18.031666667119698,6.847986454177265,69.76645078921462
83.0,11.0,452.0,12.0,32.0,83.0,490.0,28.0,7.819710381798413,4.861875848839531,3051.176646984808
82.0,8.0,523.0,0.0,0.0,0.0,0.0,0.0,14.74308183080809,3.962457552220182,262.01920098550795
37.0,1.0,439.0,0.0,0.0,12.0,255.0,1.0,6.85544420810784,12.143216395945071,1855.5520387383965
72.0,3.0,159.0,0.0,0.0,0.0,0.0,0.0,6.910593160964919,9.110177775454783,824.3313214147611
25.0,8.0,658.0,0.0,0.0,0.0,0.0,0.0,13.910835452199114,6.018954743214905,718.9451641891599
68.0,3.0,242.0,0.0,0.0,0.0,0.0,0.0,5.859739420242441,5.913187204357628,109.2259157579599
76.0,3.0,89.0,0.0,0.0,0.0,0.0,0.0,6.026776824387727,12.138859109877211,109.94402664195188
21.0,9.0,402.0,0.0,0.0,0.0,8.0,1.0,16.90958572030548,11.88136120495371,575.895707716554
74.0,8.0,537.0,0.0,0.0,0.0,0.0,0.0,17.03494091247969,4.983064193967517,175.55101326625174
1.0,11.0,351.0,4.0,24.0,62.0,443.0,43.0,11.966148743351685,6.910383265225876,2847.936218540995
26.0,8.0,657.0,0.0,0.0,0.0,0.0,0.0,13.886571813793635,6.084074484358485,905.3090109126284
43.0,8.0,553.0,0.0,0.0,0.0,0.0,0.0,22.00409106667085,11.998016858475491,73.5274964089109
76.0,3.0,236.0,0.0,0.0,0.0,0.0,0.0,2.9548868505839243,8.948168983123528,194.2121198130384
59.0,6.0,624.0,0.0,0.0,0.0,0.0,0.0,21.925701107616227,11.05116425891627,128.85680345140543
77.0,4.0,460.0,38.0,149.0,298.0,160.0,36.0,9.978452264651407,7.934246481610613,2846.836119114768
67.0,1.0,257.0,0.0,0.0,0.0,0.0,0.0,5.006449933385008,16.035923168824386,178.0717062049155
31.0,3.0,147.0,0.0,0.0,0.0,0.0,0.0,9.019601362102485,11.981601823640718,32.31256731947842
9.0,8.0,279.0,0.0,0.0,0.0,0.0,0.0,16.827919082740255,11.015090809493744,70.70493962050298
26.0,8.0,650.0,0.0,0.0,0.0,0.0,0.0,11.060229130409164,2.90257065042333,1395.8528727931505
17.0,3.0,193.0,0.0,0.0,0.0,4.0,0.0,0.7408040371716657,12.112862104785629,382.2946122131226
15.0,8.0,219.0,0.0,0.0,4.0,44.0,4.0,6.905470402858144,4.001964969136343,1913.471994981197
76.0,3.0,89.0,0.0,0.0,0.0,0.0,0.0,5.932452372164979,10.98135672087711,97.76492862513646
63.0,2.0,403.0,0.0,0.0,0.0,8.0,0.0,16.91365525609733,12.931080991000435,1506.3713828385237
66.0,2.0,406.0,0.0,0.0,4.0,40.0,1.0,16.06569614481072,10.967800367253115,979.5544856063584
59.0,6.0,600.0,0.0,0.0,0.0,0.0,0.0,21.778973046276292,10.923636730048448,174.03484348395963
25.0,8.0,497.0,0.0,0.0,0.0,0.0,0.0,18.10013472546795,7.028945073295729,88.37652136345504
45.0,10.0,738.0,0.0,12.0,16.0,64.0,16.0,10.198711049528049,2.9927874222066104,2327.701298396772
25.0,8.0,659.0,0.0,0.0,0.0,0.0,1.0,13.08232420601462,4.956309910906336,1210.487626716549
9.0,8.0,668.0,0.0,0.0,0.0,0.0,0.0,13.14722213742943,7.7929861546145744,102.0428059305748
28.0,1.0,757.0,0.0,0.0,0.0,0.0,0.0,8.101371984739082,17.911944068960388,98.94137808771244
26.0,8.0,668.0,0.0,0.0,0.0,0.0,0.0,12.854322647099671,7.952411650545513,184.46036094783375
62.0,3.0,85.0,0.0,0.0,0.0,0.0,0.0,3.9295992559218607,12.814187232953929,243.51589293194385
74.0,8.0,535.0,0.0,0.0,0.0,0.0,0.0,15.940143257417054,4.989273303374463,95.84438922781014
74.0,8.0,537.0,0.0,0.0,0.0,0.0,0.0,16.985968595357814,5.861493992208652,87.37005277492963
25.0,8.0,521.0,0.0,0.0,0.0,0.0,0.0,15.982742829690164,4.904875572056447,480.72418791089456
78.0,5.0,726.0,0.0,8.0,12.0,76.0,16.0,8.066359606998656,3.170644459600558,3539.037736217998
74.0,8.0,537.0,0.0,0.0,0.0,0.0,0.0,15.925115551147318,4.994626030319932,88.848767140179
26.0,8.0,634.0,0.0,0.0,0.0,0.0,0.0,12.016950743884768,3.965501777412594,861.0914766294147
58.0,6.0,55.0,0.0,0.0,0.0,0.0,0.0,24.99625421421816,13.94774944428175,156.73836350105853
17.0,3.0,95.0,0.0,0.0,0.0,4.0,0.0,0.8826422450772895,10.89886586338084,675.052623778204
66.0,2.0,35.0,0.0,0.0,0.0,0.0,0.0,19.12160392388301,11.982478384369175,238.52979856913672
11.0,5.0,447.0,12.0,69.0,215.0,321.0,48.0,7.007177497959827,7.13427947225679,3376.340878774104
12.0,5.0,168.0,0.0,4.0,0.0,68.0,1.0,1.8693250652083004,10.079189238627402,2492.229106818889
0.0,2.0,393.0,0.0,0.0,0.0,0.0,0.0,22.16829152524621,15.903924326531303,703.3924387526716
66.0,2.0,32.0,0.0,0.0,0.0,0.0,0.0,19.166403448205717,10.919518601264244,247.48865885732
12.0,5.0,202.0,0.0,0.0,4.0,0.0,0.0,3.04067094181882,12.989245605906056,1413.846910154701
0.0,2.0,824.0,0.0,0.0,0.0,0.0,0.0,24.10306299261257,19.94928674977521,695.3859625932248
59.0,6.0,599.0,0.0,0.0,0.0,0.0,0.0,22.87715032621197,11.880061923980454,141.74428568064667
25.0,8.0,504.0,0.0,0.0,0.0,0.0,0.0,19.068336829007038,9.093573210996654,239.60215619152
75.0,8.0,497.0,0.0,0.0,0.0,0.0,0.0,17.2045936776559,7.032233212561128,153.53977359306813
62.0,3.0,94.0,0.0,0.0,0.0,0.0,0.0,2.085778148158864,10.12474859148776,289.11601161081086
9.0,8.0,264.0,0.0,0.0,0.0,0.0,0.0,17.130580869744957,11.955365245687576,158.55395227454747
0.0,2.0,825.0,0.0,0.0,0.0,0.0,0.0,27.0365819546376,21.991365068369387,393.279586481177
26.0,8.0,638.0,0.0,0.0,0.0,0.0,1.0,10.967618975433432,5.018079578206003,1297.890363204439
79.0,9.0,334.0,0.0,0.0,0.0,0.0,0.0,17.778507745435476,12.240759583456768,401.9374196368068
73.0,6.0,9.0,0.0,0.0,0.0,0.0,0.0,25.98817567746148,17.06552809989225,58.95109044165348
66.0,2.0,377.0,0.0,0.0,0.0,0.0,0.0,18.840356373437952,12.907433050582766,573.011713340433
32.0,6.0,561.0,0.0,0.0,0.0,0.0,0.0,17.894796914809575,7.967886566176237,197.707268131474
75.0,8.0,618.0,0.0,0.0,0.0,0.0,0.0,19.98754610839811,9.019140257432458,85.43142695731149
32.0,6.0,581.0,0.0,0.0,0.0,0.0,0.0,17.12520938825636,5.978572513296249,483.7966461016094
59.0,6.0,568.0,0.0,0.0,0.0,0.0,0.0,19.00877091466448,8.054300703556022,29.098832906589976
59.0,6.0,596.0,0.0,0.0,0.0,0.0,0.0,22.84560830878624,12.09113515924867,201.41670866170767
67.0,1.0,259.0,0.0,0.0,0.0,0.0,0.0,4.914719747118273,15.881321736807507,292.1412323160402
31.0,3.0,155.0,0.0,0.0,0.0,0.0,0.0,9.934594284809108,12.09658504252433,80.88430951727781
28.0,1.0,777.0,0.0,0.0,0.0,0.0,0.0,6.9028872305178695,15.968884985383456,632.3302503538953
16.0,1.0,477.0,12.0,80.0,114.0,363.0,11.0,5.976676823259185,10.010244207046236,1243.8789369632768
78.0,5.0,482.0,0.0,12.0,36.0,243.0,10.0,3.982653321063252,6.837252092130323,2848.4922624589985
33.0,3.0,156.0,0.0,0.0,0.0,0.0,0.0,10.9219439351231,12.038219100057692,345.3850543738483
67.0,1.0,782.0,0.0,0.0,0.0,0.0,0.0,11.00680918103182,20.994901336515984,56.56481170993208
43.0,8.0,547.0,0.0,0.0,0.0,0.0,0.0,20.980435688561705,9.938097541693605,93.42060591365374
22.0,2.0,295.0,0.0,20.0,24.0,376.0,0.0,13.19701419251824,10.980061682676387,2696.496705565804
0.0,2.0,383.0,0.0,0.0,0.0,0.0,0.0,21.95945313509148,17.138993140532204,626.4444834368472
76.0,3.0,105.0,0.0,0.0,0.0,0.0,0.0,5.126696417097097,10.01321792035636,171.7199302647393
34.0,10.0,573.0,0.0,0.0,0.0,8.0,0.0,15.121468998309323,5.006457919443104,781.040814958262
58.0,6.0,606.0,0.0,0.0,0.0,0.0,0.0,26.12591511653469,14.87528061370185,43.7789255849458
62.0,3.0,118.0,0.0,0.0,0.0,0.0,0.0,4.044419122772784,14.061923335610116,66.00947388231909
70.0,3.0,80.0,0.0,0.0,0.0,0.0,0.0,5.072980769870059,12.912254506090513,149.82363857739256
45.0,10.0,358.0,4.0,8.0,12.0,81.0,16.0,10.92061359014705,4.042279550076696,3681.330424320609
15.0,8.0,213.0,0.0,0.0,0.0,0.0,0.0,6.831653034606403,4.82310685281051,1398.8859598805932
57.0,3.0,128.0,0.0,0.0,0.0,0.0,0.0,11.156374369912209,10.98822806348682,136.9333680252769
44.0,8.0,276.0,0.0,0.0,0.0,0.0,0.0,13.988533052934388,8.932590911873087,107.82461121191936
93.0,1.0,429.0,0.0,0.0,0.0,0.0,0.0,8.022128435632407,16.15098245122067,1042.4688844924417
59.0,6.0,628.0,0.0,0.0,0.0,0.0,0.0,21.87600325882197,11.122954304901278,139.34986019120856
66.0,2.0,378.0,0.0,0.0,0.0,0.0,0.0,19.85443281624973,13.96651214750108,189.82904474649172
69.0,3.0,215.0,0.0,0.0,0.0,0.0,0.0,7.180953969269815,5.906340356172624,283.8304233082358
74.0,8.0,709.0,0.0,0.0,0.0,0.0,0.0,13.040138723839004,1.8496180967996916,241.11967042533325
67.0,1.0,765.0,0.0,0.0,0.0,0.0,0.0,7.095551157942211,15.895868584443264,220.2529703724426
22.0,2.0,315.0,0.0,60.0,232.0,269.0,8.0,12.055204313096317,9.883635268176672,3014.619243494852
80.0,3.0,153.0,0.0,0.0,0.0,0.0,0.0,9.039126705530364,13.074441139606243,55.17545111534999
71.0,9.0,348.0,0.0,20.0,36.0,370.0,5.0,12.858766395543508,8.043789402698065,1845.486404478946
58.0,6.0,60.0,0.0,0.0,0.0,0.0,0.0,22.339445205266596,11.955927807738709,109.2769284753178
0.0,2.0,833.0,0.0,0.0,0.0,0.0,0.0,21.951931634823456,19.005392106176103,601.9069901425091
75.0,8.0,509.0,0.0,0.0,0.0,0.0,0.0,19.17656401385399,7.992864521083552,93.75935282370207
22.0,2.0,295.0,0.0,12.0,24.0,334.0,2.0,12.967392785979198,10.959050451785984,2292.1239072526323
30.0,9.0,364.0,0.0,12.0,28.0,250.0,5.0,12.914937820583464,8.96119376619303,1237.252817448718
65.0,1.0,180.0,0.0,4.0,64.0,348.0,5.0,5.288733665892612,10.828436605366871,937.6988903181611
80.0,3.0,91.0,0.0,0.0,0.0,0.0,0.0,8.00122601038325,12.974671935388658,132.86830807116314
59.0,6.0,624.0,0.0,0.0,0.0,0.0,0.0,22.188142253560816,10.93434993088202,160.87610026424568
25.0,8.0,524.0,0.0,0.0,0.0,0.0,0.0,12.809855776952569,3.8947614651711184,1232.236343065271
78.0,5.0,451.0,0.0,8.0,36.0,185.0,35.0,7.9725793136850545,3.9785223785973503,3425.191521886913
75.0,8.0,521.0,0.0,0.0,0.0,0.0,0.0,15.936722908842963,4.97166046301582,191.7081027023916
0.0,2.0,75.0,0.0,0.0,0.0,0.0,0.0,26.090336975710446,20.027454122161902,321.4461467912591
25.0,8.0,504.0,0.0,0.0,0.0,0.0,0.0,19.058845383495356,8.985267229942627,782.6065308184255
32.0,6.0,720.0,0.0,0.0,0.0,4.0,0.0,13.991898878075212,4.036316738342385,792.2936388379593
19.0,1.0,180.0,0.0,4.0,36.0,260.0,5.0,4.757186753503007,10.91803595881172,3288.649618649484
82.0,8.0,539.0,0.0,0.0,0.0,0.0,0.0,15.081909367399572,4.008578160213564,88.29173505274439
26.0,8.0,645.0,0.0,0.0,0.0,0.0,0.0,13.05479629671151,6.928536864275399,274.7292880972232
59.0,6.0,616.0,0.0,0.0,0.0,0.0,0.0,18.895851289372573,8.006958026763888,172.02690250942786
80.0,3.0,91.0,0.0,0.0,0.0,0.0,0.0,7.864599071192983,12.955013371761416,121.03328003427352
60.0,3.0,673.0,0.0,0.0,0.0,0.0,0.0,11.840131217106192,6.87582366033423,676.1699091893425
59.0,6.0,602.0,0.0,0.0,0.0,0.0,0.0,23.992401169384475,12.94589036904549,107.14632410266005
33.0,3.0,128.0,0.0,0.0,0.0,0.0,0.0,11.866199210557111,11.111317424642737,142.01838242425092
64.0,6.0,27.0,0.0,0.0,0.0,0.0,0.0,23.997794149762225,14.901095759135476,560.18855779236
82.0,8.0,494.0,0.0,0.0,0.0,0.0,0.0,16.979935399530063,5.996321348170182,77.62636623543503
13.0,5.0,190.0,0.0,4.0,12.0,144.0,2.0,3.0734285912927115,9.843581268765188,1502.04493265494
65.0,1.0,198.0,0.0,4.0,0.0,12.0,0.0,3.1957350523703014,12.053174666101222,642.5627361663512
32.0,6.0,564.0,0.0,0.0,0.0,0.0,0.0,17.003520978284616,6.893053506321514,474.2179292167804
62.0,3.0,119.0,0.0,0.0,0.0,0.0,0.0,2.9557807883551845,14.074146718720646,211.18429143457004
0.0,2.0,818.0,0.0,0.0,0.0,0.0,0.0,25.15965215762781,20.05812930086749,455.2196828978604
63.0,2.0,399.0,0.0,0.0,0.0,8.0,0.0,16.785426493378104,14.0397919651775,1188.7063228849927
63.0,2.0,395.0,0.0,0.0,0.0,4.0,1.0,18.07314553517017,13.965450409135912,1287.155986060299
27.0,2.0,414.0,0.0,0.0,0.0,0.0,0.0,19.82866437371548,17.186068397151818,86.28966855249081
23.0,3.0,96.0,0.0,0.0,0.0,0.0,0.0,1.9071226898264275,10.0207763274531,204.2990811817124
64.0,6.0,15.0,0.0,0.0,0.0,0.0,0.0,20.81823122999316,11.88994032945971,178.94512751119393
23.0,3.0,234.0,0.0,0.0,0.0,0.0,1.0,3.100809023799449,8.006332625118969,1440.9291226839937
31.0,3.0,155.0,0.0,0.0,0.0,0.0,0.0,11.079285955128254,11.918656031464328,115.82977811058066
17.0,3.0,93.0,0.0,0.0,0.0,0.0,0.0,2.140819099067879,10.92040241516266,228.75598621317533
43.0,8.0,499.0,0.0,0.0,0.0,0.0,0.0,18.834180155238773,8.031742499966727,88.96186668344706
23.0,3.0,482.0,0.0,16.0,36.0,252.0,13.0,3.8535067354125063,6.901362933334977,1658.1507286350732
69.0,3.0,125.0,0.0,0.0,0.0,0.0,0.0,7.748787730790949,10.93716899224008,93.67582272522787
59.0,6.0,616.0,0.0,0.0,0.0,0.0,0.0,19.84903416410772,8.981009326011714,30.634998785131945
12.0,5.0,183.0,0.0,0.0,0.0,76.0,0.0,3.229099462420138,10.98603602757967,2591.8034880642217
60.0,3.0,127.0,0.0,0.0,0.0,0.0,0.0,13.08887486307118,11.937582303056535,765.3208959343825
45.0,10.0,739.0,4.0,4.0,8.0,60.0,13.0,11.04128404715731,3.103954777645856,2585.022818533146
17.0,3.0,97.0,0.0,0.0,0.0,0.0,0.0,3.197373013071975,12.114597723517162,107.67244208066408
88.0,9.0,459.0,14.0,181.0,250.0,172.0,39.0,11.069144690362132,8.904153248894026,1277.277602821729
61.0,1.0,431.0,0.0,0.0,0.0,0.0,0.0,9.15366452352626,16.043123986566798,1116.2101778340411
48.0,0.0,187.0,0.0,4.0,24.0,150.0,3.0,2.8263877063287706,8.971112098231552,3287.481234162761
78.0,5.0,482.0,0.0,16.0,40.0,269.0,10.0,4.0184423759952335,7.034088116282775,3579.6611985840764
70.0,3.0,86.0,0.0,0.0,0.0,0.0,0.0,5.909783694707654,12.10788539086864,199.6662796595326
0.0,2.0,813.0,0.0,0.0,0.0,0.0,0.0,24.79616525996191,21.02471134606083,666.7762088134674
22.0,2.0,312.0,16.0,159.0,198.0,208.0,9.0,10.84555518721672,10.929775775589498,3004.837849915539
62.0,3.0,85.0,0.0,0.0,0.0,0.0,0.0,4.026839998714981,12.90075955378084,199.92330105963805
12.0,5.0,166.0,0.0,0.0,4.0,24.0,1.0,1.1828149645015738,10.028754603687185,3159.842933644152
33.0,3.0,286.0,0.0,0.0,0.0,0.0,0.0,13.903206606779577,12.01872714767985,75.35009825517747
0.0,2.0,393.0,0.0,0.0,0.0,0.0,0.0,20.897391384044333,15.011411184353644,572.7055244441669
59.0,6.0,610.0,0.0,0.0,0.0,0.0,0.0,25.91850620984744,14.976879259397684,159.97339394528703
62.0,3.0,80.0,0.0,0.0,0.0,0.0,0.0,5.085507568618371,11.911079117440863,65.29603848422998
15.0,8.0,646.0,0.0,0.0,0.0,0.0,0.0,11.738010665579518,3.027030636942429,1480.6038634563051
61.0,1.0,775.0,0.0,0.0,0.0,4.0,1.0,7.248484798679973,16.000372686927378,391.19859655431634
28.0,1.0,751.0,0.0,0.0,0.0,0.0,0.0,12.076428605140345,21.110743104318296,315.64073041691347
58.0,6.0,51.0,0.0,0.0,0.0,0.0,0.0,24.16271316921603,14.003480943185057,57.4800880382507
71.0,9.0,365.0,0.0,4.0,28.0,198.0,6.0,13.93675771435732,8.82063721115323,2178.6162343484475
12.0,5.0,166.0,0.0,0.0,4.0,24.0,1.0,1.234970767630918,9.956017930176252,3174.234803350216
11.0,5.0,480.0,12.0,36.0,69.0,460.0,14.0,5.913370276944913,5.987077913660511,2492.4409740503884
26.0,8.0,696.0,0.0,0.0,0.0,0.0,0.0,14.91333213666956,7.124923967841808,608.3461151614503
15.0,8.0,676.0,0.0,0.0,0.0,0.0,0.0,9.953585069365532,2.119098916736788,1540.6329324562298
64.0,6.0,27.0,0.0,0.0,0.0,0.0,0.0,24.127503379630262,15.017310800927577,1258.7508750708655
80.0,3.0,91.0,0.0,0.0,0.0,0.0,0.0,6.8759242166241945,13.086409559472566,123.21772869840257
59.0,6.0,555.0,0.0,0.0,0.0,0.0,0.0,21.988079602490156,11.04271965607445,146.04135417233215
15.0,8.0,634.0,0.0,0.0,0.0,0.0,0.0,12.18724902584437,4.009508913570045,514.4706268419463
24.0,8.0,699.0,4.0,0.0,4.0,28.0,4.0,11.094162594496709,0.9982086412255772,2076.3334081504804
67.0,1.0,259.0,0.0,0.0,0.0,0.0,0.0,5.196758833356499,16.084756038983674,257.0338229725636
76.0,3.0,100.0,0.0,0.0,0.0,0.0,0.0,3.89760559943238,10.04757527782725,250.17794464624345
24.0,8.0,699.0,0.0,4.0,4.0,28.0,4.0,11.195817301475694,0.9370418193997838,2511.0296963486585
72.0,3.0,159.0,0.0,0.0,0.0,0.0,0.0,8.08172184353124,8.972843141626917,913.1889260638776
2.0,11.0,470.0,20.0,51.0,183.0,395.0,19.0,8.727111447073133,6.1617489022503005,4004.708766593208
13.0,5.0,190.0,0.0,4.0,20.0,136.0,3.0,2.9760381683703665,9.090969849941986,1707.585806136599
58.0,6.0,77.0,0.0,0.0,0.0,0.0,0.0,25.995900826539305,14.939643947142091,58.64741837200812
73.0,6.0,0.0,0.0,0.0,0.0,0.0,0.0,27.86685191383103,18.930626101749382,31.24242724684041
25.0,8.0,504.0,0.0,0.0,0.0,0.0,0.0,19.032645242113063,8.766919664412228,195.7043036197069
26.0,8.0,638.0,0.0,0.0,0.0,0.0,0.0,10.81196597623658,4.8432474666269325,1328.9972795773444
9.0,8.0,266.0,0.0,0.0,0.0,0.0,0.0,14.96738734651438,12.029612623923905,144.78842945003004
59.0,6.0,612.0,0.0,0.0,0.0,0.0,0.0,24.96555916893789,13.99475882763734,137.81375226172827
67.0,1.0,785.0,0.0,0.0,0.0,0.0,0.0,10.048714778993276,20.137068777843336,34.85346552708236
24.0,8.0,710.0,0.0,0.0,0.0,4.0,0.0,12.078221904453107,0.9792501381062596,1333.0990494193131
29.0,10.0,44.0,0.0,0.0,0.0,0.0,0.0,18.10755975508918,10.0740220657799,375.9146646509851
73.0,6.0,5.0,0.0,0.0,0.0,0.0,0.0,25.04437608010226,16.879963790781034,24.88636667464837
93.0,1.0,415.0,0.0,0.0,4.0,257.0,0.0,8.738078385098769,14.06917704237693,1061.1193330960962
43.0,8.0,556.0,0.0,0.0,0.0,0.0,0.0,20.771684185552747,9.96259786666889,35.3130893041679
64.0,6.0,40.0,0.0,0.0,0.0,0.0,0.0,19.810528293052087,11.124801311426635,795.7061360142085
75.0,8.0,509.0,0.0,0.0,0.0,0.0,0.0,19.02557049159443,7.986597470299224,71.49892309848302
61.0,1.0,434.0,0.0,0.0,0.0,4.0,1.0,6.971978837764847,14.87721707747896,586.0385243498116
28.0,1.0,751.0,0.0,0.0,0.0,0.0,0.0,11.9622463428914,20.941750911439343,396.18636384109806
74.0,8.0,704.0,0.0,0.0,0.0,4.0,0.0,11.816173666741268,0.9916700608374864,632.2960706540164
59.0,6.0,627.0,0.0,0.0,0.0,0.0,0.0,22.92771857608249,10.975101065841242,160.88428442328146
75.0,8.0,517.0,0.0,0.0,0.0,0.0,0.0,18.981475207322298,7.961092475147214,145.21222742156692
93.0,1.0,434.0,0.0,0.0,0.0,8.0,1.0,8.040962204518207,14.91553329585188,696.8276117196854
33.0,3.0,294.0,0.0,0.0,0.0,0.0,0.0,13.144381489844362,13.176439149457368,142.04512746553533
31.0,3.0,148.0,0.0,0.0,0.0,0.0,0.0,9.806299443309676,13.118143037010462,82.36346452391408
33.0,3.0,126.0,0.0,0.0,0.0,0.0,0.0,12.016053458933651,11.02179606987011,150.49347383926022
9.0,8.0,281.0,0.0,0.0,0.0,0.0,0.0,17.147062070156593,13.11383987361708,90.27360202454231
65.0,1.0,441.0,0.0,4.0,0.0,52.0,0.0,4.752967872700681,12.753466211618884,920.5544960160393
32.0,6.0,720.0,0.0,0.0,0.0,4.0,0.0,14.128689347714957,3.920437707300048,906.157125723346
64.0,6.0,14.0,0.0,0.0,0.0,0.0,0.0,19.9989385084393,12.050033386371084,751.6715065812505
43.0,8.0,514.0,0.0,0.0,0.0,0.0,0.0,20.01041282135742,9.842759478520026,81.92404717942273
73.0,6.0,10.0,0.0,0.0,0.0,0.0,0.0,20.94688406308304,12.90916794067076,289.6629468002578
75.0,8.0,529.0,0.0,0.0,0.0,0.0,0.0,16.26843629905547,6.223102929792934,199.27623717626017
67.0,1.0,759.0,0.0,0.0,0.0,4.0,0.0,6.071637564455429,16.069806729145355,228.845654154305
67.0,1.0,749.0,0.0,0.0,0.0,0.0,0.0,12.01457419769986,22.942329658373808,75.25935150808785
60.0,3.0,673.0,0.0,0.0,0.0,0.0,0.0,11.241984743781298,7.971307358974739,1183.8901150556626
45.0,10.0,357.0,8.0,8.0,48.0,175.0,45.0,10.836891064877406,4.847829160510735,3574.905984622437
62.0,3.0,107.0,0.0,0.0,0.0,0.0,0.0,4.925903466572403,15.0193165517446,155.41623433361565
71.0,9.0,299.0,8.0,40.0,103.0,378.0,8.0,12.113239048041832,9.018752321121758,845.7845316973284
62.0,3.0,94.0,0.0,0.0,0.0,0.0,0.0,2.881172269968301,10.946833364135658,258.4478788915696
76.0,3.0,243.0,0.0,0.0,0.0,0.0,0.0,4.904668386404776,7.948136125877914,186.1060967462601
25.0,8.0,654.0,0.0,0.0,0.0,0.0,0.0,15.133498075207582,6.034592815936168,1091.4322296175944
29.0,10.0,344.0,0.0,0.0,0.0,4.0,0.0,16.172704026062647,8.032069889001317,697.6800010240447
58.0,6.0,68.0,0.0,0.0,0.0,0.0,0.0,22.949173689116844,11.994608070471092,121.93477682853488
21.0,9.0,363.0,0.0,0.0,0.0,32.0,2.0,15.07116403053286,10.041055681178548,1003.3704593271776
9.0,8.0,266.0,0.0,0.0,0.0,0.0,0.0,14.943705915853334,12.169783293204237,136.72728798741036
57.0,3.0,122.0,0.0,0.0,0.0,0.0,0.0,10.1517031511231,9.08671556233898,260.3618308205423
27.0,2.0,396.0,0.0,0.0,0.0,0.0,0.0,19.00185127300939,15.995509207710132,84.08548113290423
73.0,6.0,6.0,0.0,0.0,0.0,0.0,0.0,25.16899816244628,15.948322447275412,185.12425465317077
60.0,3.0,289.0,0.0,0.0,0.0,0.0,0.0,12.872480692889225,10.095932223602134,680.0050296118819
60.0,3.0,665.0,0.0,0.0,0.0,0.0,0.0,10.0932291198544,7.01034236228877,885.2433430150755
27.0,2.0,413.0,0.0,0.0,0.0,0.0,0.0,19.161190598196885,15.998062906157791,49.09539816633236
82.0,8.0,494.0,0.0,0.0,0.0,0.0,0.0,16.766136589264256,6.203771841892708,263.35515799656145
68.0,3.0,233.0,0.0,0.0,0.0,0.0,0.0,4.070780638656646,7.985050346735006,598.2130220646284
27.0,2.0,399.0,0.0,0.0,0.0,12.0,0.0,16.000712246262392,12.91293279816566,163.7596333464085
13.0,5.0,178.0,4.0,0.0,8.0,136.0,1.0,3.916987100781315,11.01171327934778,2376.4725654640047
77.0,4.0,459.0,12.0,133.0,290.0,170.0,33.0,11.022100510146709,8.90846985248152,3154.1682620194115
82.0,8.0,523.0,0.0,0.0,0.0,0.0,0.0,15.653704262913866,5.102672397688694,408.354574756922
0.0,2.0,390.0,0.0,0.0,0.0,0.0,0.0,21.85323993386996,15.994047356218498,881.8703239053608
65.0,1.0,202.0,0.0,4.0,0.0,0.0,0.0,3.1351512263196137,13.066077459627689,605.6646464870124
72.0,3.0,155.0,0.0,0.0,0.0,0.0,0.0,9.917920966396816,12.08048849113674,459.6230810447056
28.0,1.0,767.0,0.0,0.0,0.0,0.0,1.0,7.905244846808248,17.040400398252714,525.4520056888283
66.0,2.0,377.0,0.0,0.0,0.0,0.0,0.0,18.992552595204884,12.880127806468044,241.55650150317783
66.0,2.0,16.0,0.0,0.0,0.0,0.0,0.0,21.03324496903005,12.889811182225754,239.90114199157512
64.0,6.0,13.0,0.0,0.0,0.0,0.0,0.0,21.95253528817357,12.984677075230357,122.39722796774583
25.0,8.0,696.0,0.0,0.0,0.0,0.0,0.0,14.835169812509688,6.872249849575555,703.8126319473255
28.0,1.0,799.0,0.0,0.0,0.0,0.0,0.0,11.268767729388005,18.073701012755468,233.5228155156296
45.0,10.0,329.0,0.0,0.0,4.0,40.0,2.0,14.027520981556236,5.798444386069169,3466.179395124731
32.0,6.0,582.0,0.0,0.0,0.0,0.0,0.0,16.9995507050571,5.8832921323746,639.4174796711341
9.0,8.0,267.0,0.0,0.0,0.0,0.0,0.0,17.916858948449686,14.038774831549215,172.07925359216327
58.0,6.0,77.0,0.0,0.0,0.0,0.0,0.0,27.04162235651629,14.993936078775253,99.72083620933138
58.0,6.0,77.0,0.0,0.0,0.0,0.0,0.0,25.8164976428062,15.159809529642684,60.49115944171027
68.0,3.0,241.0,0.0,0.0,0.0,0.0,0.0,4.960736023012348,6.960950773180427,479.9294269972897
9.0,8.0,270.0,0.0,0.0,0.0,0.0,0.0,15.159267465162957,9.976432811451518,164.2519048120046
26.0,8.0,632.0,0.0,0.0,0.0,0.0,1.0,12.066677931563694,5.026037125764756,921.2413545447878
29.0,10.0,340.0,0.0,0.0,0.0,4.0,0.0,17.016087952894775,7.950061335737546,1073.3527934184938
67.0,1.0,757.0,0.0,0.0,0.0,0.0,0.0,8.12211167320977,18.025004013826035,115.04761323525126
0.0,2.0,818.0,0.0,0.0,0.0,0.0,0.0,24.945152423065487,20.06824800030755,552.3930254571063
30.0,9.0,361.0,0.0,0.0,16.0,79.0,5.0,14.087718567357532,8.928559496519737,1493.0986538909017
66.0,2.0,378.0,0.0,0.0,0.0,0.0,0.0,19.889707676618773,13.962480580890674,206.9585618962779
80.0,3.0,151.0,0.0,0.0,0.0,0.0,0.0,9.137470947989902,13.023174017677722,93.73748957526112
64.0,6.0,31.0,0.0,0.0,0.0,0.0,0.0,23.82176738901271,14.908891882852007,492.3563847352853
68.0,3.0,247.0,0.0,0.0,0.0,40.0,1.0,4.07074534067587,5.961611084048783,715.135879644281
32.0,6.0,576.0,0.0,0.0,0.0,0.0,0.0,16.139371146718457,5.887324075007707,516.5493690659829
33.0,3.0,131.0,0.0,0.0,0.0,0.0,0.0,13.120641605471093,12.031673991960968,157.63909446144396
62.0,3.0,256.0,0.0,0.0,0.0,0.0,0.0,4.997054340446924,15.035856348819888,65.13893263969096
75.0,8.0,502.0,0.0,0.0,0.0,0.0,0.0,19.99040355807553,9.01843603737715,169.7821237086945
32.0,6.0,583.0,0.0,0.0,0.0,0.0,0.0,18.10335993935741,6.754302111141664,380.319885711707
28.0,1.0,807.0,0.0,0.0,0.0,0.0,0.0,12.046783154805034,20.23846012469582,339.95399397528587
23.0,3.0,236.0,0.0,0.0,0.0,0.0,0.0,2.9564104069607287,8.989026272301599,136.69519857207513
26.0,8.0,640.0,0.0,0.0,0.0,0.0,0.0,16.080145659099966,8.15196801601933,153.11005373601884
78.0,5.0,450.0,8.0,20.0,28.0,349.0,54.0,8.130126769656574,4.075191260278774,3360.25939325766
74.0,8.0,538.0,0.0,0.0,0.0,0.0,0.0,14.01348968593296,2.9361303050503307,352.5443444086369
58.0,6.0,65.0,0.0,0.0,0.0,0.0,0.0,23.012203086632915,13.017237619556289,68.55987706275675
28.0,1.0,758.0,0.0,0.0,0.0,0.0,0.0,8.963672192278093,18.054555172928392,86.23211988397757
73.0,6.0,20.0,0.0,0.0,0.0,0.0,0.0,22.95642661580827,12.875844591694662,225.5234571213336
88.0,9.0,350.0,20.0,75.0,224.0,314.0,26.0,11.087817591051962,7.016908281875613,817.4073943473622
45.0,10.0,713.0,0.0,0.0,8.0,36.0,7.0,13.010677880828927,3.953704183699768,3246.397782859501
33.0,3.0,120.0,0.0,0.0,0.0,0.0,0.0,9.948086960773558,9.922141367640474,223.89158315491855
67.0,1.0,757.0,0.0,0.0,0.0,0.0,0.0,7.950814565746667,17.983333589911176,73.31445075590779
27.0,2.0,394.0,0.0,0.0,0.0,8.0,1.0,16.99903634189424,13.947379932013488,176.33247714772006
64.0,6.0,14.0,0.0,0.0,0.0,0.0,0.0,19.94381765838658,11.91959779131559,720.2464479825704
62.0,3.0,81.0,0.0,0.0,0.0,0.0,0.0,3.0567013607923648,12.1395989023123,275.5789562600752
73.0,6.0,22.0,0.0,0.0,0.0,0.0,0.0,20.962868801715,11.802619623945995,150.78478843878034
30.0,9.0,365.0,0.0,8.0,36.0,270.0,6.0,12.968424815620518,7.869646436518666,1234.9471567036903
28.0,1.0,751.0,0.0,0.0,0.0,0.0,0.0,13.114138134465705,21.03074409503688,244.66743409357372
88.0,9.0,302.0,4.0,95.0,247.0,235.0,10.0,10.973720125501629,10.047247057781076,1675.93883740171
58.0,6.0,54.0,0.0,0.0,0.0,0.0,0.0,25.88865064837635,14.976086299744486,92.37564713047055
80.0,3.0,147.0,0.0,0.0,0.0,0.0,0.0,9.049122492316144,12.033834428568332,185.28340821342908
33.0,3.0,129.0,0.0,0.0,0.0,0.0,0.0,11.995514578528622,10.956022712428476,188.51871673419652
73.0,6.0,2.0,0.0,0.0,0.0,0.0,0.0,25.949468024124325,17.004889113211927,22.81600069702373
75.0,8.0,515.0,0.0,0.0,0.0,0.0,0.0,19.90403574439557,9.216107221027643,76.25257370796497
17.0,3.0,114.0,0.0,0.0,0.0,0.0,0.0,2.7365332034307057,12.940018778627204,108.47204090726102
80.0,3.0,151.0,0.0,0.0,0.0,0.0,0.0,9.199812095534472,13.00924762198101,33.83469754872392
69.0,3.0,215.0,0.0,0.0,0.0,0.0,0.0,7.065159968800033,5.9730078042463095,271.9621333622026
24.0,8.0,699.0,0.0,4.0,4.0,28.0,4.0,12.06559088597127,2.125591330415324,2653.501465795643
64.0,6.0,31.0,0.0,0.0,0.0,0.0,0.0,22.891813027355497,14.919134249010002,480.60482036498667
22.0,2.0,316.0,31.0,213.0,198.0,163.0,12.0,10.08069265030158,11.1488900137669,2530.472504850655
11.0,5.0,480.0,12.0,28.0,52.0,444.0,14.0,5.86581043670729,6.046230632440026,2623.559558321901
65.0,1.0,200.0,0.0,4.0,0.0,68.0,0.0,5.187234724096355,11.947279169243384,988.9995491525648
26.0,8.0,692.0,0.0,0.0,0.0,0.0,0.0,16.911544751231546,8.077235550919013,266.6655891674085
31.0,3.0,148.0,0.0,0.0,0.0,0.0,0.0,9.849964314625131,11.93057161566488,25.77130448750305
58.0,6.0,63.0,0.0,0.0,0.0,0.0,0.0,22.94550673040648,11.941236948253112,107.25078690352596
75.0,8.0,497.0,0.0,0.0,0.0,0.0,0.0,17.109533116711553,6.976127801050213,56.59402552287098
65.0,1.0,199.0,0.0,0.0,4.0,8.0,0.0,5.110591768193804,12.915642128275818,755.9472396585466
4.0,0.0,489.0,40.0,175.0,259.0,123.0,14.0,7.006307154002641,10.120158497417442,6323.1256874679975
15.0,8.0,230.0,0.0,0.0,0.0,0.0,1.0,8.094292297702037,3.170053322293424,1639.014486962872
70.0,3.0,92.0,0.0,0.0,0.0,0.0,0.0,6.076159643535646,12.971425180586014,130.6926854068025
9.0,8.0,267.0,0.0,0.0,0.0,0.0,0.0,17.825452830472972,13.937965491730862,42.44758500024706
0.0,2.0,384.0,0.0,0.0,0.0,0.0,0.0,21.955745714164728,16.99519572450251,489.8306740245122
23.0,3.0,251.0,0.0,0.0,0.0,16.0,0.0,2.893079020587348,7.114998714595489,1216.9718794527494
73.0,6.0,19.0,0.0,0.0,0.0,0.0,0.0,22.9636603171221,12.974111407916672,66.28548293761368
44.0,8.0,637.0,0.0,0.0,0.0,0.0,0.0,12.117627472256888,5.933867066180111,448.7416677765335
88.0,9.0,460.0,8.0,80.0,274.0,263.0,36.0,10.974271653744802,7.917800421983332,2013.2507875931904
44.0,8.0,276.0,0.0,0.0,0.0,0.0,0.0,13.939841490612372,8.973727372395851,135.5822339535028
9.0,8.0,644.0,0.0,0.0,0.0,0.0,0.0,15.028786166455722,7.866203427950026,207.83131206057757
73.0,6.0,28.0,0.0,0.0,0.0,0.0,0.0,24.91141772344916,15.972699104905528,165.38846255412676
26.0,8.0,657.0,0.0,0.0,0.0,0.0,0.0,13.020479576704728,5.9985772273089975,847.6654247501655
50.0,11.0,470.0,16.0,99.0,316.0,226.0,27.0,8.909900634697488,6.984907010832061,2357.7400953956576
2.0,11.0,470.0,12.0,74.0,210.0,349.0,26.0,10.014790413182618,7.07159567090031,3588.7379290099902
71.0,9.0,352.0,4.0,32.0,71.0,422.0,41.0,11.922033070448752,7.997220949011242,1212.562901662985
23.0,3.0,93.0,0.0,0.0,0.0,0.0,0.0,2.0000061050377624,11.136190275756832,153.22047648839478
33.0,3.0,131.0,0.0,0.0,0.0,0.0,0.0,13.033838703692268,11.967390786717855,163.73981713016136
86.0,10.0,453.0,0.0,12.0,28.0,184.0,37.0,8.038690065400788,3.022581160171092,4090.4033214921774
62.0,3.0,113.0,0.0,0.0,0.0,0.0,0.0,2.9805893290993133,13.003886181839723,58.525697086686144
71.0,9.0,364.0,0.0,12.0,24.0,272.0,5.0,13.045851219408153,8.93333022319237,1847.6089558830963
68.0,3.0,204.0,0.0,0.0,0.0,0.0,0.0,5.02978225834504,6.0649559898859255,834.5931468612465
15.0,8.0,647.0,0.0,0.0,0.0,0.0,1.0,13.00035724481382,3.951407853046052,917.6785235859508
58.0,6.0,20.0,0.0,0.0,0.0,0.0,0.0,22.711543628857346,12.998896128121974,143.4364881410216
24.0,8.0,734.0,0.0,0.0,0.0,8.0,1.0,10.92621944972712,0.0542986605497738,2399.786675741568
76.0,3.0,164.0,0.0,0.0,0.0,0.0,0.0,6.060715375678522,9.971799798315493,181.3068447672605
29.0,10.0,340.0,0.0,0.0,0.0,4.0,0.0,17.050632810414353,8.075673041795358,1487.2830342695918
45.0,10.0,714.0,0.0,0.0,0.0,20.0,1.0,14.09572900951324,4.885897603901297,2179.2017612836007
28.0,1.0,760.0,0.0,0.0,0.0,4.0,0.0,4.888036883710128,15.092329451783463,297.3139111695823
58.0,6.0,606.0,0.0,0.0,0.0,0.0,0.0,25.00094877257083,13.95120751643569,106.41134690072006
67.0,1.0,191.0,0.0,0.0,4.0,0.0,0.0,3.986357841219716,14.029295617593894,434.478892946524
43.0,8.0,501.0,0.0,0.0,0.0,0.0,0.0,19.10160992664209,8.041244869006757,89.44871667206135
37.0,1.0,439.0,0.0,0.0,8.0,155.0,1.0,6.069504534893541,11.8849635671511,2122.952785881456
29.0,10.0,33.0,0.0,0.0,0.0,0.0,0.0,19.163618909491884,10.889450669161029,688.4187574500778
67.0,1.0,202.0,0.0,0.0,4.0,0.0,0.0,3.744121519973852,12.988375621844463,506.5444743610536
23.0,3.0,235.0,0.0,0.0,0.0,0.0,0.0,3.834131253610088,7.026013073745284,1671.4431379976877
32.0,6.0,588.0,0.0,0.0,0.0,0.0,0.0,18.01521476169968,8.149591334459938,278.27369674934266
74.0,8.0,534.0,0.0,0.0,0.0,0.0,0.0,15.16634263316538,4.0775439168433705,393.3447784881516
28.0,1.0,771.0,0.0,0.0,0.0,0.0,0.0,7.791168270129425,16.968148294644504,390.5782291149831
33.0,3.0,293.0,0.0,0.0,0.0,0.0,0.0,12.018180536819353,9.898322564319091,163.51905628987114
74.0,8.0,512.0,0.0,0.0,0.0,0.0,0.0,17.078690418878626,5.993143492714803,264.626903494403
9.0,8.0,271.0,0.0,0.0,0.0,0.0,0.0,15.876844597779748,9.979142263894715,126.23839992443462
43.0,8.0,541.0,0.0,0.0,0.0,0.0,0.0,23.00057380356748,13.005156478766963,51.36654357364634
76.0,3.0,88.0,0.0,0.0,0.0,0.0,0.0,5.181049774308481,11.00699510523293,212.9125838568962
30.0,9.0,365.0,0.0,12.0,28.0,271.0,3.0,12.815635580794366,9.04368897067137,1029.017142356361
28.0,1.0,808.0,0.0,0.0,0.0,0.0,0.0,12.154638256025876,20.943779344930544,103.53736288066428
75.0,8.0,521.0,0.0,0.0,0.0,0.0,0.0,15.064936783390102,4.827762094922921,127.66122195555602
24.0,8.0,697.0,0.0,4.0,0.0,16.0,5.0,11.01504951147362,1.0773594740219044,1891.7580543266608
28.0,1.0,807.0,0.0,0.0,0.0,0.0,0.0,12.141466283461662,20.105031070119537,262.7081741321084
75.0,8.0,495.0,0.0,0.0,0.0,0.0,0.0,18.06521330837227,7.037988900151599,123.1710206321698
67.0,1.0,750.0,0.0,0.0,0.0,0.0,0.0,13.007527437045864,22.993854474560283,108.62287332249493
67.0,1.0,748.0,0.0,0.0,0.0,0.0,0.0,12.009402367597486,21.988899572974137,67.63084348736174
70.0,3.0,89.0,0.0,0.0,0.0,0.0,0.0,5.924917606553741,12.045402441404608,213.54476510946245
43.0,8.0,546.0,0.0,0.0,0.0,0.0,0.0,21.83001622239076,12.06585247313486,83.10843951890858
60.0,3.0,284.0,0.0,0.0,0.0,0.0,0.0,13.989528522739288,12.138064961118346,471.2156791916358
9.0,8.0,644.0,0.0,0.0,0.0,0.0,0.0,14.98626217818727,8.962847281566273,220.04864625747675
32.0,6.0,587.0,0.0,0.0,0.0,0.0,0.0,16.881698178210343,7.978222559304877,395.7312841620471
66.0,2.0,380.0,0.0,0.0,0.0,0.0,0.0,18.07912995668121,12.977454242284718,590.7449888664
78.0,5.0,220.0,0.0,4.0,16.0,148.0,6.0,5.917068748930908,5.101072575617878,4348.190246800553
74.0,8.0,585.0,0.0,0.0,0.0,0.0,0.0,15.91190469959658,5.0168979867283205,205.42325034913367
78.0,5.0,219.0,0.0,0.0,0.0,36.0,4.0,7.129554948643875,2.904329746549565,3729.438418003034
33.0,3.0,291.0,0.0,0.0,0.0,0.0,0.0,12.84609442414051,11.103275122531617,144.97450231004268
86.0,10.0,742.0,4.0,12.0,20.0,146.0,32.0,8.94933048452592,3.0137216457706058,2595.5041301593333
45.0,10.0,323.0,0.0,4.0,12.0,64.0,3.0,13.130519032105957,5.8344275741742,2825.887956823575
43.0,8.0,515.0,0.0,0.0,0.0,0.0,0.0,19.941076095425,9.029934439961654,86.00997464022188
12.0,5.0,190.0,0.0,4.0,12.0,144.0,2.0,3.168785491001102,10.036768766098488,2236.0045539176067
44.0,8.0,632.0,0.0,0.0,0.0,0.0,1.0,12.030551730840005,4.84613242393109,479.0204030194186
82.0,8.0,709.0,0.0,0.0,0.0,4.0,1.0,12.929926454014373,2.112767794135223,501.0934960240261
64.0,6.0,43.0,0.0,0.0,0.0,0.0,0.0,19.006702179663648,10.018929713279835,676.0375140420057
60.0,3.0,671.0,0.0,0.0,0.0,0.0,0.0,11.880792661552269,8.029537387612852,1326.8933883270977
15.0,8.0,205.0,0.0,0.0,0.0,0.0,0.0,6.104128290013973,5.061530530430987,2178.008516304332
15.0,8.0,733.0,0.0,0.0,4.0,4.0,1.0,10.085132096827502,0.026496740097979,2382.4592280637125
73.0,6.0,29.0,0.0,0.0,0.0,0.0,0.0,23.06542441180061,13.94260723275211,322.7933107943783
62.0,3.0,97.0,0.0,0.0,0.0,0.0,0.0,1.95477884412943,10.900464093585493,229.27798547177585
25.0,8.0,499.0,0.0,0.0,0.0,0.0,0.0,19.054336974862075,9.000003808773837,328.07707295527547
66.0,2.0,376.0,0.0,0.0,0.0,0.0,0.0,18.988337613891748,13.08105479757876,500.5128760077352
82.0,8.0,498.0,0.0,0.0,0.0,0.0,0.0,15.970066848218194,4.993385508284981,64.49894861153605
15.0,8.0,651.0,0.0,0.0,0.0,0.0,0.0,11.96508601274882,4.120652909202973,1226.8159284305705
67.0,1.0,760.0,0.0,0.0,0.0,4.0,0.0,4.951879559633583,14.995597288419008,463.0803406404111
29.0,10.0,329.0,0.0,0.0,8.0,36.0,1.0,12.900855608247069,5.160006812683299,1234.2684866298266
63.0,2.0,296.0,0.0,0.0,12.0,130.0,1.0,14.007719655225204,12.823258585184924,2415.349557904547
76.0,3.0,106.0,0.0,0.0,0.0,0.0,0.0,4.0221805215573445,10.874301091170318,271.7900552926673
28.0,1.0,775.0,0.0,0.0,0.0,0.0,1.0,7.973228534234517,15.951564501276197,435.6904910957242
28.0,1.0,808.0,0.0,0.0,0.0,0.0,0.0,11.87129631919226,20.847044595850665,367.5714160585836
65.0,1.0,198.0,0.0,4.0,0.0,16.0,0.0,2.7328392243143966,12.101220134216604,819.6107261538612
71.0,9.0,352.0,8.0,51.0,177.0,337.0,32.0,11.967510373599673,8.097778030813938,693.9227994849111
80.0,3.0,91.0,0.0,0.0,0.0,0.0,0.0,6.846743746127794,11.954563188916024,284.06721756071187
77.0,4.0,313.0,50.0,238.0,157.0,164.0,9.0,10.405216256725756,9.92819877529506,3933.403211942995
23.0,3.0,251.0,0.0,0.0,0.0,16.0,0.0,3.0072149322177224,6.99496709714433,1833.659190703281
22.0,2.0,315.0,12.0,117.0,204.0,236.0,6.0,10.823153139603916,9.922020604219444,2956.939632475385
0.0,2.0,816.0,0.0,0.0,0.0,0.0,0.0,24.09065101458859,21.02189714206366,607.2657725929646
30.0,9.0,362.0,0.0,0.0,4.0,40.0,1.0,16.071567232144023,11.085247047962651,837.2635957602657
67.0,1.0,749.0,0.0,0.0,0.0,0.0,0.0,12.02860583981314,21.984373241528083,77.5525794850073
9.0,8.0,292.0,0.0,0.0,0.0,0.0,0.0,13.948571926979335,11.121948397395249,144.22165779117967
66.0,2.0,381.0,0.0,0.0,0.0,0.0,0.0,18.07767171129321,11.863646700522,442.1313584072795
67.0,1.0,758.0,0.0,0.0,0.0,0.0,0.0,9.08139638596163,17.892960755397272,70.29261655505822
59.0,6.0,631.0,0.0,0.0,0.0,0.0,0.0,21.881079284166848,10.91869936504282,201.0532930971158
58.0,6.0,65.0,0.0,0.0,0.0,0.0,0.0,23.002082425320527,12.94383143305182,32.74315279918052
59.0,6.0,598.0,0.0,0.0,0.0,0.0,0.0,21.92706214649862,10.8864529060315,154.1974550019145
30.0,9.0,362.0,0.0,4.0,4.0,60.0,0.0,14.940822345521909,11.093788703497662,1050.3408216217908
9.0,8.0,279.0,0.0,0.0,0.0,0.0,0.0,16.903201022788124,11.02765331192865,132.83676578100312
1.0,11.0,466.0,12.0,58.0,153.0,410.0,23.0,9.963704236176294,6.0300071610020085,2882.3687124553003
30.0,9.0,364.0,4.0,8.0,28.0,309.0,5.0,12.894599321835834,10.167317790014575,1074.936606621041
74.0,8.0,512.0,0.0,0.0,0.0,0.0,0.0,16.981012888936473,6.073853104747487,78.32030645009495
93.0,1.0,436.0,0.0,0.0,0.0,44.0,0.0,5.973934428395845,14.069252670270153,1255.448079242609
93.0,1.0,436.0,0.0,0.0,4.0,68.0,0.0,6.041844959440597,13.090855771993304,1094.2718159098297
73.0,6.0,6.0,0.0,0.0,0.0,0.0,0.0,24.971557512699626,16.989486006503252,119.21946326537596
9.0,8.0,267.0,0.0,0.0,0.0,0.0,0.0,17.919325911768738,14.058458126021137,68.86845974705923
29.0,10.0,341.0,0.0,0.0,0.0,0.0,0.0,17.8657959213933,9.938688093658117,1813.31631819504
67.0,1.0,785.0,0.0,0.0,0.0,0.0,0.0,9.877814544417657,19.94009873919004,97.57469648115442
79.0,9.0,335.0,0.0,0.0,0.0,0.0,0.0,17.203775073075445,10.906706648631998,791.9721625573833
0.0,2.0,825.0,0.0,0.0,0.0,0.0,0.0,26.917866307889145,21.940400468033975,169.91032310197036
63.0,2.0,382.0,0.0,0.0,0.0,0.0,1.0,17.973861162863212,13.01565496052,972.0623322262168
57.0,3.0,121.0,0.0,0.0,0.0,0.0,0.0,9.07186042950012,9.965267091066533,66.48952499823812
70.0,3.0,253.0,0.0,0.0,0.0,0.0,0.0,7.13001114828415,13.003419231297698,130.77390435790858
63.0,2.0,390.0,0.0,0.0,0.0,0.0,0.0,21.98110204030084,16.09687698375867,747.1024071343505
22.0,2.0,295.0,0.0,20.0,20.0,367.0,0.0,12.90733643624061,10.92362391608144,2094.472130264314
67.0,1.0,789.0,0.0,0.0,0.0,0.0,0.0,8.022168526752946,18.13436930797448,114.88425276571346
29.0,10.0,341.0,0.0,0.0,0.0,0.0,0.0,17.858480485343012,9.981569746985734,818.659278515294
23.0,3.0,246.0,0.0,0.0,0.0,48.0,1.0,3.0278782595531237,6.991780375064308,2138.674767329651
45.0,10.0,353.0,4.0,12.0,16.0,129.0,31.0,12.234765400584472,5.872457028719128,3548.483379247806
29.0,10.0,593.0,0.0,0.0,0.0,4.0,0.0,17.243967223624065,7.885884311258254,1150.364665181747
59.0,6.0,623.0,0.0,0.0,0.0,0.0,0.0,20.861370414457333,10.011434972937629,148.3403120787866
9.0,8.0,690.0,0.0,0.0,0.0,0.0,0.0,17.02963941261861,9.860503082497894,123.34364829953395
29.0,10.0,44.0,0.0,0.0,0.0,0.0,0.0,18.062720849349585,10.004982255170564,228.9268627762456
61.0,1.0,434.0,0.0,0.0,0.0,4.0,0.0,7.931311422893816,14.846115109327757,629.6123011331438
63.0,2.0,399.0,0.0,0.0,0.0,8.0,0.0,17.048410337306997,13.940665754323218,1594.5449950918787
64.0,6.0,14.0,0.0,0.0,0.0,0.0,0.0,20.87404469029728,12.094017636920308,138.16420692884012
32.0,6.0,559.0,0.0,0.0,0.0,0.0,0.0,17.000604447419434,7.060980651288285,745.6151828709458
63.0,2.0,382.0,0.0,0.0,0.0,0.0,0.0,17.757432023311814,12.843270621233092,1237.197428966682
32.0,6.0,592.0,0.0,0.0,0.0,0.0,0.0,16.051345629375138,6.036834276946963,1117.0686881506572
25.0,8.0,653.0,0.0,0.0,0.0,0.0,0.0,13.97298129652848,5.115325104844464,1090.380852994282
0.0,2.0,823.0,0.0,0.0,0.0,0.0,0.0,24.00148444196287,19.04363962761835,349.77261144413967
4.0,0.0,489.0,49.0,270.0,172.0,114.0,13.0,6.968712208780644,9.107463502003323,5020.917593567623
25.0,8.0,531.0,0.0,0.0,0.0,0.0,0.0,16.11877024201735,6.941659875919302,975.6019900363966
45.0,10.0,738.0,4.0,8.0,20.0,120.0,17.0,10.065128274771988,3.101173910525247,2664.149609827747
15.0,8.0,676.0,0.0,0.0,0.0,0.0,0.0,8.817730031089033,2.837266706990129,1086.5585026993806
81.0,0.0,422.0,12.0,64.0,267.0,238.0,12.0,6.946943065313009,11.176211180293564,5450.019270740479
0.0,2.0,833.0,0.0,0.0,0.0,0.0,0.0,22.164190368012235,18.076536704810152,478.76266681740776
20.0,9.0,335.0,0.0,0.0,0.0,0.0,0.0,17.058951110669344,10.925963922145051,863.9533865509277
74.0,8.0,585.0,0.0,0.0,0.0,0.0,0.0,17.1057092143782,5.162980435813944,408.6757774369863
62.0,3.0,109.0,0.0,0.0,0.0,0.0,0.0,6.064126887626979,16.09683441524605,72.98953034895852
63.0,2.0,374.0,0.0,0.0,0.0,0.0,1.0,18.04718128591152,12.90056511737266,1080.3627906353584
81.0,0.0,422.0,12.0,52.0,158.0,335.0,7.0,7.058666985190114,11.01734454283697,3709.025108991013
58.0,6.0,78.0,0.0,0.0,0.0,0.0,0.0,25.835335755783092,15.00127944049579,89.03544968717256
45.0,10.0,713.0,0.0,0.0,0.0,28.0,1.0,13.03936492086378,3.879509382001775,3414.1343181905045
9.0,8.0,263.0,0.0,0.0,0.0,0.0,0.0,14.923095715729836,11.055650237546168,137.95734617556678
83.0,11.0,444.0,12.0,50.0,177.0,398.0,25.0,7.8815922307201856,6.167099872845556,3237.036431016707
15.0,8.0,732.0,0.0,0.0,0.0,4.0,0.0,10.780718086619103,2.0560898460834647,2007.2855103496931
9.0,8.0,275.0,0.0,0.0,0.0,0.0,0.0,16.00638633607331,10.991904015567606,126.2001538943939
30.0,9.0,405.0,0.0,0.0,4.0,20.0,2.0,16.049756510507322,12.055454889958328,858.726985113887
66.0,2.0,379.0,0.0,0.0,0.0,0.0,0.0,19.83249797088263,13.040178498546402,413.18195017270665
63.0,2.0,407.0,0.0,0.0,0.0,16.0,1.0,17.17329786104241,13.075117295220574,2110.8726170966897
59.0,6.0,617.0,0.0,0.0,0.0,0.0,0.0,20.89622714789097,9.021124197906923,152.42178307940682
93.0,1.0,773.0,0.0,0.0,0.0,4.0,0.0,7.016437986498039,16.05846387132933,304.2275249671682
29.0,10.0,341.0,0.0,0.0,0.0,0.0,0.0,17.11919646420706,10.137886246651878,1164.4977753395085
45.0,10.0,741.0,0.0,12.0,8.0,60.0,13.0,10.988266619792038,3.9476912426620174,2273.6050917931434
28.0,1.0,753.0,0.0,0.0,0.0,0.0,0.0,7.100639921646295,16.961668803242148,357.4819375548912
17.0,3.0,172.0,0.0,0.0,0.0,20.0,1.0,1.088192013190977,8.93603702249019,507.3111850583524
23.0,3.0,251.0,0.0,0.0,0.0,12.0,1.0,3.9408398398016646,7.031158456012546,1466.1791429917328
60.0,3.0,285.0,0.0,0.0,0.0,0.0,0.0,14.945111243746588,12.119277822481507,510.4521492073992
57.0,3.0,146.0,0.0,0.0,0.0,0.0,0.0,10.06855237531926,9.018338011829888,503.5775887035156
22.0,2.0,312.0,8.0,203.0,180.0,206.0,10.0,9.905874083988715,11.16327731556671,2558.3368625196917
15.0,8.0,230.0,0.0,0.0,0.0,0.0,1.0,7.897045578790739,4.118907158475846,1325.4130079381334
58.0,6.0,59.0,0.0,0.0,0.0,0.0,0.0,22.913094196783085,11.953017027596305,168.39153169800795
58.0,6.0,59.0,0.0,0.0,0.0,0.0,0.0,22.02345221226093,12.020459325858097,120.03357212519305
59.0,6.0,630.0,0.0,0.0,0.0,0.0,0.0,21.0970127831376,8.983709518722563,141.82738606985816
61.0,1.0,802.0,0.0,0.0,0.0,0.0,0.0,9.985339879037667,17.943304129178983,346.34188724084134
33.0,3.0,284.0,0.0,0.0,0.0,0.0,0.0,14.12883775388227,11.93723023201906,226.8026899585184
45.0,10.0,331.0,0.0,0.0,4.0,36.0,1.0,13.9481544645044,5.985335192096073,3615.8237976947344
26.0,8.0,657.0,0.0,0.0,0.0,0.0,0.0,14.07094498039729,6.02283161716324,261.4095320524126
28.0,1.0,805.0,0.0,0.0,0.0,0.0,0.0,12.116284368388914,20.88143807289821,325.292281136134
43.0,8.0,688.0,0.0,0.0,0.0,0.0,0.0,20.91034740101452,10.9832379127409,68.41955846383874
45.0,10.0,356.0,0.0,4.0,12.0,64.0,7.0,13.12067911503454,5.976861622051391,3043.0093151119822
69.0,3.0,215.0,0.0,0.0,0.0,0.0,0.0,5.791613096616925,6.024459798706207,200.0878521641729
34.0,10.0,592.0,0.0,0.0,0.0,0.0,0.0,17.036227828469546,7.1603383575533535,250.34114513046896
9.0,8.0,644.0,0.0,0.0,0.0,0.0,0.0,14.903291721501184,7.984516206541341,127.50531854553904
66.0,2.0,402.0,0.0,0.0,0.0,4.0,1.0,17.058741220865485,12.113363011335396,443.235950182463
68.0,3.0,243.0,0.0,0.0,0.0,0.0,0.0,4.902832350581388,7.906133597410025,250.52616816971133
26.0,8.0,695.0,0.0,0.0,0.0,0.0,0.0,15.806365266897547,7.982324866441642,880.9231577049118
67.0,1.0,783.0,0.0,0.0,0.0,0.0,0.0,9.06485715288756,19.017761863373345,121.37639738287491
79.0,9.0,37.0,0.0,0.0,0.0,0.0,0.0,17.896246720814222,11.027081018057888,426.032912266732
28.0,1.0,752.0,0.0,0.0,0.0,0.0,0.0,7.732760375216872,18.066934902374324,105.00557014139692
78.0,5.0,728.0,0.0,0.0,4.0,44.0,7.0,8.07148280142811,2.036875811586705,2512.2324471180405
69.0,3.0,159.0,0.0,0.0,0.0,0.0,0.0,7.872729484311916,10.052577021534017,218.87695567276612
44.0,8.0,645.0,0.0,0.0,0.0,0.0,0.0,12.982265966039249,7.032230807072249,290.8991429429564
30.0,9.0,366.0,4.0,4.0,8.0,185.0,1.0,14.073133072913954,10.888231976535227,1752.0250453928516
63.0,2.0,407.0,0.0,0.0,0.0,12.0,1.0,16.938065614324625,13.15347223319211,3266.049075830483
73.0,6.0,5.0,0.0,0.0,0.0,0.0,0.0,24.91349111551812,16.909968621780266,165.52708302064025
20.0,9.0,321.0,0.0,0.0,0.0,28.0,1.0,15.178979079821886,9.017216238872797,1698.3889421673423
25.0,8.0,527.0,0.0,0.0,0.0,0.0,0.0,16.996093046255442,6.838472901170377,259.9903405578959
24.0,8.0,699.0,4.0,0.0,4.0,32.0,4.0,11.030777170498975,1.9679628045202333,1614.8021096962798
28.0,1.0,766.0,0.0,0.0,0.0,0.0,1.0,9.097676151666978,18.053500789435343,480.8804835665398
23.0,3.0,232.0,0.0,0.0,0.0,0.0,0.0,3.073231194739957,8.87346026713363,368.9174766873346
43.0,8.0,502.0,0.0,0.0,0.0,0.0,0.0,19.994035019870807,8.907899341656647,65.56977466401224
15.0,8.0,674.0,0.0,0.0,0.0,0.0,0.0,9.79491984545937,2.808222675157269,1467.12099143544
12.0,5.0,168.0,0.0,4.0,0.0,64.0,1.0,1.995532970370996,10.137586100210331,3316.9604746808886
23.0,3.0,248.0,0.0,0.0,16.0,96.0,4.0,3.9959053806658016,7.012948355089684,1913.478652084268
21.0,9.0,402.0,0.0,0.0,0.0,4.0,1.0,17.148508269004516,12.106449053921322,921.3614597220712
32.0,6.0,569.0,0.0,0.0,0.0,0.0,0.0,17.99035488524072,7.853195876162362,228.93994676364775
71.0,9.0,348.0,8.0,16.0,58.0,419.0,10.0,12.08401250708735,8.064897042913156,1445.551214222677
74.0,8.0,568.0,0.0,0.0,0.0,0.0,0.0,19.17951340799641,8.015034074936324,175.24570066073267
73.0,6.0,40.0,0.0,0.0,0.0,0.0,0.0,18.911990195442232,11.12047255071689,225.9098243172209
75.0,8.0,494.0,0.0,0.0,0.0,0.0,0.0,16.86604238965342,5.9304494153988045,210.7777326569832
22.0,2.0,315.0,12.0,101.0,213.0,243.0,7.0,10.994266396537515,11.000473661137097,3347.918746152724
26.0,8.0,635.0,0.0,0.0,0.0,0.0,1.0,12.90903799116854,4.971049115213266,638.5586266465864
63.0,2.0,407.0,0.0,0.0,0.0,8.0,0.0,16.916013838604915,13.085197973214653,1585.1405505568844
59.0,6.0,63.0,0.0,0.0,0.0,0.0,0.0,24.02402376615133,12.894737819211924,194.03149513848723
9.0,8.0,266.0,0.0,0.0,0.0,0.0,0.0,15.052870477091226,11.960791857306274,95.62763876240852
80.0,3.0,158.0,0.0,0.0,0.0,0.0,0.0,7.08570642044713,10.016375200392895,250.1464626562469
17.0,3.0,234.0,0.0,0.0,0.0,0.0,1.0,3.159693158232079,8.120960193448834,320.60957623332155
37.0,1.0,436.0,0.0,0.0,4.0,40.0,0.0,5.999904281693608,12.88947850469106,1998.642829016845
88.0,9.0,350.0,8.0,55.0,232.0,314.0,37.0,10.726312596516095,7.899212235387572,2019.142965610838
80.0,3.0,149.0,0.0,0.0,0.0,0.0,0.0,7.9588783831426335,11.975561849414266,193.61350328042897
70.0,3.0,88.0,0.0,0.0,0.0,0.0,0.0,6.162546956833315,11.938834088457275,119.93287374190642
32.0,6.0,721.0,0.0,0.0,0.0,4.0,0.0,14.921195720405636,3.991589015097379,507.0951343931338
9.0,8.0,690.0,0.0,0.0,0.0,0.0,0.0,17.01686728340269,9.8563940792238,193.6301606443751
45.0,10.0,323.0,0.0,4.0,12.0,90.0,5.0,12.899532965307907,6.101602239781558,3833.253955430837
58.0,6.0,50.0,0.0,0.0,0.0,0.0,0.0,24.92711613601165,14.034957625219942,98.78678840703871
64.0,6.0,14.0,0.0,0.0,0.0,0.0,0.0,20.85736537050502,11.940936438005789,324.47907193051293
27.0,2.0,375.0,0.0,0.0,0.0,0.0,0.0,18.84669600042909,14.98289287851256,156.37925864526446
45.0,10.0,331.0,0.0,0.0,4.0,28.0,0.0,14.127820414003136,7.136903099668776,4137.3406343507
59.0,6.0,552.0,0.0,0.0,0.0,0.0,0.0,21.900768182698368,10.94010921643125,126.00322701881451
28.0,1.0,779.0,0.0,0.0,0.0,0.0,0.0,8.051406312459457,15.824659217065744,706.8566983099728
67.0,1.0,791.0,0.0,0.0,0.0,0.0,0.0,8.071195126496507,19.080279644703342,291.51558471342145
28.0,1.0,757.0,0.0,0.0,0.0,0.0,0.0,7.146985083930612,17.107634972478582,459.1641663549046
25.0,8.0,521.0,0.0,0.0,0.0,0.0,0.0,15.912360354802844,4.887223950644876,560.508610852873
32.0,6.0,561.0,0.0,0.0,0.0,0.0,0.0,17.980645314391406,7.7962973534188125,261.79706470682424
15.0,8.0,674.0,0.0,0.0,0.0,0.0,0.0,9.800280008724732,2.894128447873281,1525.0070333224478
59.0,6.0,596.0,0.0,0.0,0.0,0.0,0.0,22.96542868062584,12.062128990268944,194.9280119741276
0.0,2.0,814.0,0.0,0.0,0.0,0.0,0.0,26.030853732310035,21.897629604059468,498.6777219755873
76.0,3.0,102.0,0.0,0.0,0.0,0.0,0.0,2.875317856506161,9.963374758668412,158.4919259784704
62.0,3.0,113.0,0.0,0.0,0.0,0.0,0.0,3.037310463158039,12.92094364427428,215.742327109231
59.0,6.0,555.0,0.0,0.0,0.0,0.0,0.0,22.1493154878743,11.101756349794016,133.93766226689306
28.0,1.0,793.0,0.0,0.0,0.0,0.0,0.0,10.963003070765565,20.000176103972453,163.4756741182213
61.0,1.0,799.0,0.0,0.0,0.0,0.0,1.0,11.889505509511173,18.89938882186954,213.810787858056
59.0,6.0,630.0,0.0,0.0,0.0,0.0,0.0,20.92726062513747,9.918996106394692,244.79750426805617
59.0,6.0,624.0,0.0,0.0,0.0,0.0,0.0,21.873458035296085,10.86379122940706,102.43360251452724
82.0,8.0,524.0,0.0,0.0,0.0,0.0,0.0,14.147914300105676,4.061855473164104,247.1144985955894
79.0,9.0,32.0,0.0,0.0,0.0,0.0,0.0,18.985191503550595,10.989517414556753,378.0981846653559
15.0,8.0,674.0,0.0,0.0,0.0,0.0,0.0,9.961664262974502,3.9463298905423625,1371.0382922490392
30.0,9.0,361.0,0.0,0.0,16.0,82.0,5.0,13.922746642122732,8.960978221812216,1191.7454531150595
79.0,9.0,38.0,0.0,0.0,0.0,0.0,0.0,18.11273400365137,12.0525648006771,582.160642330424
82.0,8.0,534.0,0.0,0.0,0.0,0.0,0.0,15.98488877625955,3.987348613470389,257.17149586443225
32.0,6.0,585.0,0.0,0.0,0.0,0.0,0.0,17.08068273898072,6.032965965472799,560.0113689621857
57.0,3.0,133.0,0.0,0.0,0.0,0.0,0.0,7.754147824025535,8.025962215083801,253.5127422848325
66.0,2.0,16.0,0.0,0.0,0.0,0.0,0.0,20.8161113759298,12.964549766724147,252.97985422461417
67.0,1.0,781.0,0.0,0.0,0.0,0.0,0.0,9.221846823598224,18.91230597797642,116.9392159932933
0.0,2.0,815.0,0.0,0.0,0.0,0.0,0.0,27.044545136231967,23.02484257638921,431.2569433010543
78.0,5.0,223.0,0.0,0.0,0.0,36.0,4.0,6.025294140789256,3.9632697792747695,3912.365746713485
61.0,1.0,777.0,0.0,0.0,0.0,0.0,0.0,7.038372665931971,15.90384696052548,560.6722106897256
93.0,1.0,776.0,0.0,0.0,0.0,4.0,1.0,7.019212975875727,14.016387024038735,1408.24022211965
93.0,1.0,429.0,0.0,0.0,0.0,0.0,0.0,8.026897364363018,15.097941881201557,975.618376948294
0.0,2.0,74.0,0.0,0.0,0.0,0.0,0.0,26.7752636365822,22.15037142507733,313.24180933311925
69.0,3.0,215.0,0.0,0.0,0.0,0.0,0.0,7.024188637685753,5.928843069393162,282.6886142973799
15.0,8.0,225.0,0.0,0.0,0.0,12.0,0.0,7.115850395675166,2.9962205360806355,2100.922349777937
0.0,2.0,71.0,0.0,0.0,0.0,0.0,0.0,22.929136378883143,16.896765175696597,321.2099772744134
44.0,8.0,638.0,0.0,0.0,0.0,0.0,0.0,10.708438524962386,5.117900934453941,345.6810608783957
73.0,6.0,70.0,0.0,0.0,0.0,0.0,0.0,23.953652565791806,14.10426227417975,49.95718792042288
26.0,8.0,633.0,0.0,0.0,0.0,0.0,0.0,12.07906708444912,5.938469323909045,715.6936827727139
78.0,5.0,224.0,0.0,4.0,16.0,140.0,5.0,6.231845436930854,5.122593021410896,2627.396123883705
29.0,10.0,590.0,0.0,0.0,0.0,0.0,0.0,18.00662681610474,8.064057922602831,423.292960896858
67.0,1.0,789.0,0.0,0.0,0.0,0.0,0.0,7.881490462587303,18.975952988303984,35.23040325657192
62.0,3.0,108.0,0.0,0.0,0.0,0.0,0.0,4.979543307516356,13.970190242334976,65.25928182835574
27.0,2.0,394.0,0.0,0.0,0.0,4.0,1.0,16.938934797366592,14.050337393606997,122.5422708968612
67.0,1.0,746.0,0.0,0.0,0.0,0.0,0.0,12.894602744735652,22.13787701427685,109.88826099920097
17.0,3.0,97.0,0.0,0.0,0.0,0.0,0.0,2.1659084872684518,11.967712995586604,159.65139426926925
62.0,3.0,109.0,0.0,0.0,0.0,0.0,0.0,6.080003966917261,15.965335283038646,55.985434964944815
21.0,9.0,361.0,0.0,0.0,0.0,56.0,2.0,14.959635022200189,8.955009540184031,1399.5948147935546
26.0,8.0,640.0,0.0,0.0,0.0,0.0,0.0,14.87222468543237,7.894651843165795,156.1725763432708
73.0,6.0,6.0,0.0,0.0,0.0,0.0,0.0,26.200587104928964,16.880273116513614,167.03678578893246
93.0,1.0,773.0,0.0,0.0,0.0,4.0,0.0,6.994427910469015,16.024670506550017,419.4694676612004
65.0,1.0,182.0,4.0,0.0,0.0,104.0,0.0,3.9511528746663087,11.93558321449984,926.989929257145
70.0,3.0,90.0,0.0,0.0,0.0,0.0,0.0,7.087850349838035,13.936519722812235,127.96644426173631
61.0,1.0,429.0,0.0,0.0,0.0,0.0,0.0,8.029476683526227,15.884337669704946,524.7676578550935
25.0,8.0,529.0,0.0,0.0,0.0,0.0,0.0,15.968937059234424,6.057349415530953,656.4092999217986
58.0,6.0,17.0,0.0,0.0,0.0,0.0,0.0,21.075567713419503,11.984060328745528,91.14164235629708
34.0,10.0,577.0,0.0,0.0,0.0,8.0,0.0,14.107669640508025,4.164615483544519,1589.695928825418
60.0,3.0,287.0,0.0,0.0,0.0,0.0,0.0,13.02362023314822,10.967024157852912,701.0926127716243
12.0,5.0,195.0,0.0,0.0,0.0,4.0,0.0,0.0,11.038390730585368,1161.0662174989352
70.0,3.0,255.0,0.0,0.0,0.0,0.0,0.0,9.019845616583057,14.904057233355308,92.37549162170592
59.0,6.0,617.0,0.0,0.0,0.0,0.0,0.0,20.913271273903774,9.874663903482086,161.9371499984813
59.0,6.0,64.0,0.0,0.0,0.0,0.0,0.0,24.153937916947925,13.032425658628808,271.8785259027886
73.0,6.0,69.0,0.0,0.0,0.0,0.0,0.0,22.94100427667331,14.137270841855722,268.525584039668
73.0,6.0,7.0,0.0,0.0,0.0,0.0,0.0,26.88466710933416,18.066669579516184,116.081934143574
21.0,9.0,361.0,0.0,0.0,4.0,72.0,3.0,15.024262737680036,9.995514768924012,1522.0637893437113
29.0,10.0,323.0,0.0,4.0,12.0,82.0,5.0,12.95640783131241,6.8980763870153945,1520.6689846720942
57.0,3.0,144.0,0.0,0.0,0.0,0.0,0.0,10.936868486958522,9.826319878066954,129.32712565349996
45.0,10.0,716.0,0.0,4.0,4.0,28.0,5.0,12.00398825410442,2.038436267587087,3885.289537050986
32.0,6.0,561.0,0.0,0.0,0.0,0.0,0.0,18.000774874860745,7.805462570839393,180.99116212049503
63.0,2.0,370.0,0.0,0.0,0.0,0.0,0.0,19.843900378802147,14.057195754710818,1851.911032629024
62.0,3.0,256.0,0.0,0.0,0.0,0.0,0.0,5.111586128407024,14.843415331555944,68.6776819490219
31.0,3.0,152.0,0.0,0.0,0.0,0.0,0.0,8.98350877202502,12.950963372719698,68.32656802512614
28.0,1.0,767.0,0.0,0.0,0.0,0.0,1.0,9.147833441975896,17.116316986372027,397.4781443525273
15.0,8.0,226.0,0.0,0.0,0.0,0.0,1.0,7.92016276232829,3.0001470241317008,2187.8170164393136
13.0,5.0,179.0,0.0,8.0,28.0,184.0,2.0,3.856992581496331,9.971554160167496,2060.189658620229
26.0,8.0,691.0,0.0,0.0,0.0,0.0,0.0,15.945346171060942,9.062800473971029,505.4480253847399
22.0,2.0,316.0,88.0,202.0,183.0,144.0,12.0,10.193158174427657,10.040229968088092,2138.786389232727
0.0,2.0,76.0,0.0,0.0,0.0,0.0,0.0,25.817861301231503,21.090079556647765,497.2660361071242
66.0,2.0,334.0,0.0,0.0,0.0,0.0,0.0,18.05409143626988,11.97357148542315,523.979990137933
44.0,8.0,665.0,0.0,0.0,0.0,0.0,0.0,10.198583207800072,6.951287626895764,253.4719379385436
59.0,6.0,552.0,0.0,0.0,0.0,0.0,0.0,22.21898220324519,11.104856334634178,236.1588485137558
34.0,10.0,577.0,0.0,0.0,0.0,8.0,0.0,15.071514407105402,4.079847047660092,1113.8716009762752
76.0,3.0,164.0,0.0,0.0,0.0,0.0,0.0,5.952014063500803,9.9073427062818,134.06155899261478
59.0,6.0,610.0,0.0,0.0,0.0,0.0,0.0,25.86010636953515,14.977114848340896,157.81117594831616
58.0,6.0,68.0,0.0,0.0,0.0,0.0,0.0,22.96197515228869,11.984806320570645,134.59623232563493
29.0,10.0,330.0,0.0,0.0,0.0,28.0,1.0,13.942735827246826,4.9372714269468485,1005.3908303297666
24.0,8.0,704.0,0.0,0.0,0.0,4.0,0.0,13.039289785063582,2.067894872411879,638.4767293909919
32.0,6.0,721.0,0.0,0.0,0.0,4.0,0.0,14.128333301881176,4.085303315262497,732.0856093212137
21.0,9.0,406.0,0.0,0.0,4.0,28.0,1.0,15.903229262825503,11.029625176008947,1069.6654779541211
60.0,3.0,672.0,0.0,0.0,0.0,0.0,0.0,12.902714410665393,8.968875938772266,912.3653836980612
28.0,1.0,793.0,0.0,0.0,0.0,0.0,0.0,11.082976563387335,20.097196938952383,148.56031428815675
9.0,8.0,691.0,0.0,0.0,0.0,0.0,0.0,15.73219107580428,9.053752686609132,220.85260398626167
34.0,10.0,724.0,0.0,0.0,0.0,8.0,0.0,13.125693210178175,2.977223841332824,959.0463429108283
27.0,2.0,408.0,0.0,0.0,0.0,0.0,0.0,19.97998323346737,15.897476407676638,40.7269895540619
9.0,8.0,292.0,0.0,0.0,0.0,0.0,0.0,14.01447197762849,11.002396343570132,75.48060743866407
29.0,10.0,343.0,0.0,0.0,0.0,16.0,0.0,14.964302963322544,8.087428773616647,1423.9481795197207
82.0,8.0,522.0,0.0,0.0,0.0,0.0,0.0,14.193580160221147,4.017878073453228,286.6579685145557
29.0,10.0,340.0,0.0,0.0,0.0,4.0,0.0,16.928468638686613,7.970910594065451,741.6316894582859
63.0,2.0,382.0,0.0,0.0,0.0,0.0,0.0,17.924557505069078,12.95693273649516,1620.602568679032
75.0,8.0,529.0,0.0,0.0,0.0,0.0,0.0,15.90883211376482,5.939070286142675,176.41594540675558
58.0,6.0,18.0,0.0,0.0,0.0,0.0,0.0,21.85930173095697,12.948670897691338,87.49869800762302
82.0,8.0,539.0,0.0,0.0,0.0,0.0,0.0,16.0711976906756,4.912929836830905,311.16345352625206
15.0,8.0,213.0,0.0,0.0,0.0,0.0,0.0,6.8841956223554135,5.083128112399333,1170.8605027472945
17.0,3.0,234.0,0.0,0.0,0.0,0.0,1.0,1.9838429936432207,8.031085693052498,294.8521629411342
29.0,10.0,590.0,0.0,0.0,0.0,0.0,0.0,18.07105230499451,8.975041191868511,558.4485993608481
17.0,3.0,238.0,0.0,0.0,0.0,0.0,0.0,2.1245057084431367,9.06860524271987,154.98904731580538
0.0,2.0,75.0,0.0,0.0,0.0,0.0,0.0,25.847351595121467,20.045411060095425,443.1658839919056
26.0,8.0,651.0,0.0,0.0,0.0,0.0,1.0,12.998049958270402,4.033910391753164,787.2979263456615
68.0,3.0,209.0,0.0,0.0,0.0,0.0,0.0,5.964435110439763,6.103111634486359,526.5942234780989
77.0,4.0,459.0,28.0,158.0,250.0,177.0,24.0,11.043279313394816,9.06242219169078,2603.8767250062283
69.0,3.0,159.0,0.0,0.0,0.0,0.0,0.0,6.919472085175736,9.923447806393812,223.22950626726825
60.0,3.0,284.0,0.0,0.0,0.0,0.0,0.0,13.813271438206248,12.087186786310632,504.6996193903305
57.0,3.0,666.0,0.0,0.0,0.0,0.0,0.0,9.162384577158436,6.048346076513447,331.3931803151251
57.0,3.0,129.0,0.0,0.0,0.0,0.0,0.0,12.05223271829293,11.10175061487682,94.42485165778328
75.0,8.0,495.0,0.0,0.0,0.0,0.0,0.0,18.058083704479817,7.01468701813771,64.44440923001491
32.0,6.0,559.0,0.0,0.0,0.0,0.0,0.0,18.11309664220276,7.862484393053001,608.0772583716632
59.0,6.0,610.0,0.0,0.0,0.0,0.0,0.0,25.94722373836128,15.040614556312702,136.28229156920298
27.0,2.0,408.0,0.0,0.0,0.0,0.0,0.0,21.10336980841774,17.045077900133304,65.28193616883011
71.0,9.0,299.0,4.0,36.0,80.0,405.0,11.0,11.983934886617329,8.962441026985106,748.0439451028479
83.0,11.0,452.0,4.0,28.0,74.0,458.0,38.0,8.004503592540514,5.016540746644648,1696.15147929511
12.0,5.0,167.0,4.0,0.0,0.0,40.0,0.0,2.945863377964613,11.129709148566624,2614.8586227861742
76.0,3.0,100.0,0.0,0.0,0.0,0.0,0.0,3.829103546402481,10.016575716974971,182.395820851392
43.0,8.0,688.0,0.0,0.0,0.0,0.0,0.0,21.213813835707352,12.061521106998535,86.56372681398169
73.0,6.0,3.0,0.0,0.0,0.0,0.0,0.0,26.999130187290543,18.03976916824401,184.23984437648207
43.0,8.0,501.0,0.0,0.0,0.0,0.0,0.0,18.95325969482495,8.000419453542545,63.199001917099686
33.0,3.0,130.0,0.0,0.0,0.0,0.0,0.0,12.165848050411563,12.023462979947404,263.1894874090598
9.0,8.0,282.0,0.0,0.0,0.0,0.0,0.0,17.894419693722483,12.943090209056384,88.31604916259265
59.0,6.0,622.0,0.0,0.0,0.0,0.0,0.0,23.18352165689017,11.957165964538063,133.67785758764347
82.0,8.0,520.0,0.0,0.0,0.0,0.0,0.0,14.922368315141217,4.022147380328973,323.7822944474895
70.0,3.0,87.0,0.0,0.0,0.0,0.0,0.0,8.045592942526357,12.035154623549584,126.77472183359576
62.0,3.0,108.0,0.0,0.0,0.0,0.0,0.0,5.097615029270379,13.868127353158988,96.88646412466365
9.0,8.0,267.0,0.0,0.0,0.0,0.0,0.0,18.942174415376787,13.922945918245729,44.25596112699243
82.0,8.0,538.0,0.0,0.0,0.0,0.0,0.0,14.047256838640983,2.97579396312817,353.74023493635025
62.0,3.0,79.0,0.0,0.0,0.0,0.0,0.0,4.222991485853678,13.160438430322946,163.03550580945347
61.0,1.0,776.0,0.0,0.0,0.0,4.0,0.0,6.932135645775708,14.977367028382163,775.8203147337829
32.0,6.0,574.0,0.0,0.0,0.0,0.0,0.0,15.928149809562491,4.968992058396164,607.1421280995728
59.0,6.0,627.0,0.0,0.0,0.0,0.0,0.0,22.14273553826821,10.842283117910014,144.63436626783138
73.0,6.0,4.0,0.0,0.0,0.0,0.0,0.0,27.0606860903936,17.938786383322757,63.404406226455
23.0,3.0,233.0,0.0,0.0,0.0,0.0,0.0,3.9107840855359943,7.094761333405185,329.2850193712283
28.0,1.0,433.0,0.0,0.0,0.0,0.0,0.0,8.910493537304225,16.033568817770806,452.8816028190285
73.0,6.0,5.0,0.0,0.0,0.0,0.0,0.0,24.891860263413623,17.01832169338518,61.140077347165104
59.0,6.0,62.0,0.0,0.0,0.0,0.0,0.0,22.002943005490643,11.94242395834,140.30289995520258
67.0,1.0,759.0,0.0,0.0,0.0,0.0,0.0,5.834279749215776,15.970566879951036,288.7453377343712
70.0,3.0,86.0,0.0,0.0,0.0,0.0,0.0,5.830916971827786,12.092058271903095,156.80524940473964
93.0,1.0,776.0,0.0,0.0,0.0,4.0,1.0,7.077559942526115,15.00013659272207,1338.770760870913
82.0,8.0,646.0,0.0,0.0,0.0,0.0,0.0,11.863275876059856,3.0461090329235296,253.25492000617365
72.0,3.0,123.0,0.0,0.0,0.0,0.0,0.0,8.996031052007568,12.08486430951998,289.6876324530385
78.0,5.0,224.0,0.0,0.0,12.0,88.0,6.0,5.846864816261961,4.904754043851615,4046.092315591957
59.0,6.0,613.0,0.0,0.0,0.0,0.0,0.0,21.926234345637617,10.132179300713972,178.9470432959732
75.0,8.0,510.0,0.0,0.0,0.0,0.0,0.0,16.931800556777482,5.983318101563481,221.65642620134247
23.0,3.0,224.0,0.0,0.0,16.0,96.0,7.0,5.029048678521017,4.876911220913528,2201.28004548486
9.0,8.0,276.0,0.0,0.0,0.0,0.0,0.0,14.29246756678125,10.01536167740772,180.44388389247175
70.0,3.0,112.0,0.0,0.0,0.0,0.0,0.0,5.976516629701633,12.926320202047574,139.8505323398807
23.0,3.0,252.0,0.0,0.0,0.0,56.0,1.0,2.8750968477693477,7.084272142028516,2328.4624388516963
68.0,3.0,247.0,0.0,0.0,0.0,32.0,2.0,4.129146397589495,5.909702311067876,614.4431775207793
28.0,1.0,779.0,0.0,0.0,0.0,0.0,0.0,6.927106360858869,15.767785481233163,406.748310533292
74.0,8.0,536.0,0.0,0.0,0.0,0.0,0.0,14.91402290333244,3.997693540674746,307.2057664804958
59.0,6.0,602.0,0.0,0.0,0.0,0.0,0.0,23.88293256372914,13.118219640261817,177.37230533278233
29.0,10.0,593.0,0.0,0.0,0.0,4.0,0.0,16.901002507773935,8.017520440467532,1303.53104794801
24.0,8.0,737.0,0.0,0.0,4.0,12.0,0.0,9.211507170780193,0.8108959740830546,1744.785596423659
43.0,8.0,545.0,0.0,0.0,0.0,0.0,0.0,21.794799292078288,11.03809083335735,91.97891508632505
28.0,1.0,808.0,0.0,0.0,0.0,0.0,0.0,13.076165617250982,21.00966595618321,72.75696714349912
80.0,3.0,163.0,0.0,0.0,0.0,0.0,0.0,6.96247589122213,11.069822212826464,162.5672334250228
79.0,9.0,36.0,0.0,0.0,0.0,0.0,0.0,17.741658572529552,9.892140302211608,772.6906271628185
78.0,5.0,220.0,0.0,8.0,12.0,132.0,6.0,5.915972559301833,4.027299986025711,4260.098487561824
26.0,8.0,643.0,0.0,0.0,0.0,0.0,0.0,13.99322241220881,7.961638389330516,1056.7964776139238
77.0,4.0,457.0,49.0,323.0,143.0,136.0,37.0,10.093200175941092,7.9678576368879135,3063.685282279834
82.0,8.0,510.0,0.0,0.0,0.0,0.0,0.0,16.979471543546186,6.10864747739039,343.01827708909445
26.0,8.0,670.0,0.0,0.0,0.0,0.0,0.0,13.136870406978003,7.083240939873469,677.6502650556395
25.0,8.0,529.0,0.0,0.0,0.0,0.0,0.0,15.80426026492332,6.012221994745624,453.24424407599264
9.0,8.0,288.0,0.0,0.0,0.0,0.0,0.0,13.818340085273444,11.02303568877539,123.47240086315269
65.0,1.0,198.0,0.0,4.0,0.0,4.0,0.0,3.819012262580438,13.102995709124292,1005.3681196775202
28.0,1.0,793.0,0.0,0.0,0.0,0.0,0.0,10.897293904833102,19.96242957329996,229.62821832387715
80.0,3.0,149.0,0.0,0.0,0.0,0.0,0.0,7.881758764951471,12.014805573326392,209.11806236518257
68.0,3.0,242.0,0.0,0.0,0.0,0.0,0.0,6.152386678725485,6.062773715432715,474.7181663158002
63.0,2.0,393.0,0.0,0.0,0.0,0.0,0.0,21.040789922603256,16.019074144984625,718.7086201879156
17.0,3.0,176.0,0.0,0.0,0.0,4.0,1.0,1.0079659348198509,8.898285217653367,325.96889234497127
21.0,9.0,406.0,0.0,0.0,0.0,12.0,1.0,16.155308307247214,11.889476734594457,935.0760274556976
24.0,8.0,698.0,0.0,0.0,4.0,4.0,0.0,11.971987598382643,0.9480535277801748,1771.6939801243243
15.0,8.0,728.0,0.0,0.0,4.0,52.0,9.0,7.774605807753024,3.1624473451426525,1486.514410169577
69.0,3.0,161.0,0.0,0.0,0.0,0.0,0.0,7.089848634661145,9.17318806202845,167.20474461609214
75.0,8.0,501.0,0.0,0.0,0.0,0.0,0.0,18.78605391260453,7.967905270383487,130.60259390606865
59.0,6.0,552.0,0.0,0.0,0.0,0.0,0.0,21.005176961664517,11.05521276420408,89.36472057570936
28.0,1.0,751.0,0.0,0.0,0.0,0.0,0.0,11.969650667588516,21.01915840563897,465.45320252653295
43.0,8.0,546.0,0.0,0.0,0.0,0.0,0.0,21.87882090432657,12.087183322327752,71.52085300305654
24.0,8.0,703.0,4.0,0.0,8.0,36.0,11.0,10.03383631931289,1.0991260232982285,1747.301270316097
74.0,8.0,567.0,0.0,0.0,0.0,0.0,0.0,17.9677432389605,7.164378684304951,53.83263674286857
24.0,8.0,703.0,0.0,0.0,8.0,36.0,11.0,9.943871924097996,1.863929918381368,2584.177981871584
32.0,6.0,574.0,0.0,0.0,0.0,0.0,0.0,15.855581481908462,5.067258971914214,710.5706899601159
67.0,1.0,759.0,0.0,0.0,0.0,4.0,0.0,5.130701455930423,14.910315605835748,207.21387159359583
15.0,8.0,678.0,0.0,0.0,0.0,0.0,1.0,9.088716452175468,3.843614336291532,1743.889725758428
80.0,3.0,254.0,0.0,0.0,0.0,0.0,0.0,7.945381695824467,12.96209491507155,212.2933083569215
0.0,2.0,393.0,0.0,0.0,0.0,0.0,0.0,22.061971956063,15.99718064135545,393.28392087226575
43.0,8.0,558.0,0.0,0.0,0.0,0.0,0.0,20.105781948708124,9.090740663499396,120.2638458908021
57.0,3.0,144.0,0.0,0.0,0.0,0.0,0.0,10.009715258174165,9.026158240201132,178.20230393839478
74.0,8.0,538.0,0.0,0.0,0.0,0.0,0.0,15.152404811838624,4.169464197955978,322.568814989149
69.0,3.0,159.0,0.0,0.0,0.0,0.0,0.0,8.12704783084361,10.212075065002542,217.8334430108018
28.0,1.0,800.0,0.0,0.0,0.0,0.0,0.0,10.142891691927534,17.055589023731844,267.8105621546815
78.0,5.0,451.0,4.0,4.0,24.0,135.0,18.0,8.023434838294579,3.057484929450108,3213.777513223149
63.0,2.0,374.0,0.0,0.0,0.0,4.0,1.0,18.081488717262943,13.833369894574332,1415.2916166629177
73.0,6.0,22.0,0.0,0.0,0.0,0.0,0.0,20.970977181565186,12.052465388690027,120.36486199976652
1.0,11.0,460.0,30.0,171.0,276.0,168.0,35.0,10.133604816398748,8.034991660195038,3968.67632109646
28.0,1.0,802.0,0.0,0.0,0.0,0.0,0.0,10.017311881997232,17.023919449010858,296.36714510858985
70.0,3.0,255.0,0.0,0.0,0.0,0.0,0.0,8.89306753636003,14.956282245792147,68.75562865798771
59.0,6.0,77.0,0.0,0.0,0.0,0.0,0.0,26.07282560711823,15.013512393274572,141.65288596196632
43.0,8.0,518.0,0.0,0.0,0.0,0.0,0.0,19.993476355144143,8.903415395786327,98.60639279118682
15.0,8.0,735.0,0.0,0.0,0.0,8.0,0.0,8.952292198966132,1.9070033329480955,1577.8950296712046
58.0,6.0,606.0,0.0,0.0,0.0,0.0,0.0,25.00603612603163,14.12305525373171,97.13137111801522
30.0,9.0,365.0,0.0,8.0,24.0,202.0,5.0,12.932298431932375,9.059801626814432,1589.654920279057
82.0,8.0,494.0,0.0,0.0,0.0,0.0,0.0,16.599601676790464,6.091218697613405,94.41414058509304
58.0,6.0,605.0,0.0,0.0,0.0,0.0,0.0,23.847336606433696,13.013320841171478,189.2201086198834
73.0,6.0,6.0,0.0,0.0,0.0,0.0,0.0,25.01052235007687,15.906765243203983,339.37035338876166
66.0,2.0,401.0,0.0,0.0,0.0,8.0,1.0,16.940420837121245,11.965805147715216,425.6689868453004
45.0,10.0,330.0,0.0,0.0,0.0,20.0,1.0,13.958843734218766,5.079277931866264,2706.1715971706262
29.0,10.0,44.0,0.0,0.0,0.0,0.0,0.0,19.063973965020068,10.983219753823082,567.5678260272307
59.0,6.0,627.0,0.0,0.0,0.0,0.0,0.0,21.941631468307097,10.781562021791633,49.07174364476992
43.0,8.0,688.0,0.0,0.0,0.0,0.0,0.0,20.95209530520531,11.21030748129054,40.46591286078663
31.0,3.0,157.0,0.0,0.0,0.0,0.0,0.0,11.083474073303984,12.991496819160131,18.26887650551132
66.0,2.0,401.0,0.0,0.0,0.0,8.0,1.0,16.984469459867505,12.06161031696636,542.810453405802
76.0,3.0,236.0,0.0,0.0,0.0,0.0,0.0,2.102596159932681,8.907891698828065,270.33181365526576
62.0,3.0,81.0,0.0,0.0,0.0,0.0,0.0,4.124608708648706,13.028902478977132,157.10740360405327
12.0,5.0,166.0,0.0,0.0,4.0,12.0,0.0,0.9932698681260712,10.948351449325534,1251.3767090371548
15.0,8.0,213.0,0.0,0.0,0.0,0.0,0.0,7.021266598949904,4.043394560318693,1106.007170449746
71.0,9.0,352.0,16.0,50.0,197.0,326.0,50.0,10.63772167453562,8.030432910291372,1437.6284563060274
67.0,1.0,752.0,0.0,0.0,0.0,0.0,0.0,7.951001664870471,18.01739019343936,33.546271308232406
67.0,1.0,257.0,0.0,0.0,0.0,0.0,0.0,5.163730831679659,16.058107386898104,249.35152721220095
22.0,2.0,304.0,8.0,24.0,186.0,323.0,7.0,11.927770853587358,10.885782555845086,2797.6463001628736
28.0,1.0,759.0,0.0,0.0,0.0,4.0,0.0,5.936595590615358,16.051033010453036,371.4080774086775
32.0,6.0,592.0,0.0,0.0,0.0,0.0,0.0,16.97295286964389,6.985297114757154,783.268112920094
84.0,11.0,468.0,8.0,36.0,99.0,466.0,21.0,9.021573922282826,4.865806709549185,3840.959891441125
26.0,8.0,639.0,0.0,0.0,0.0,0.0,0.0,13.993613575804334,7.1047722506586055,217.26025765764183
74.0,8.0,535.0,0.0,0.0,0.0,0.0,0.0,17.099357437594946,5.86627932357309,75.18431917059132
43.0,8.0,557.0,0.0,0.0,0.0,0.0,0.0,20.96133076480111,11.10588675013716,72.0956284260795
67.0,1.0,759.0,0.0,0.0,0.0,4.0,0.0,6.029874178395185,15.927633905240194,222.11146558440535
0.0,2.0,383.0,0.0,0.0,0.0,0.0,0.0,22.18239627930348,17.05133392587741,731.6932746236154
28.0,1.0,794.0,0.0,0.0,0.0,0.0,0.0,10.044347398926472,19.066903864302287,72.25230051320995
59.0,6.0,596.0,0.0,0.0,0.0,0.0,0.0,22.975282193814625,12.006600099393518,124.5860390315094
12.0,5.0,167.0,4.0,0.0,0.0,32.0,0.0,2.939209893264539,11.897288221619815,2038.1195491303977
0.0,2.0,824.0,0.0,0.0,0.0,0.0,0.0,23.98427173340642,19.969992543418392,368.9358839178221
28.0,1.0,773.0,0.0,0.0,0.0,4.0,0.0,7.14454396651408,15.954203095091763,655.0903804561073
26.0,8.0,653.0,0.0,0.0,0.0,0.0,0.0,14.089292025884356,6.006568985313034,138.50801795694855
32.0,6.0,588.0,0.0,0.0,0.0,0.0,0.0,16.814681761396606,8.206715684925875,301.19646796181564
15.0,8.0,737.0,0.0,0.0,4.0,12.0,1.0,9.146064115740714,1.071279016223587,2234.381260761296
24.0,8.0,697.0,0.0,4.0,0.0,20.0,6.0,10.965918136584332,0.9571775509907836,2808.643754970091
15.0,8.0,223.0,0.0,0.0,0.0,24.0,1.0,5.975504283350706,4.950729795983312,1553.9808035994483
67.0,1.0,747.0,0.0,0.0,0.0,0.0,0.0,11.032056141933328,20.908750814653335,110.68252011170644
75.0,8.0,494.0,0.0,0.0,0.0,0.0,0.0,16.997276813600877,5.936631545547577,98.37098237329964
23.0,3.0,236.0,0.0,0.0,0.0,0.0,0.0,2.104779631580738,9.106734400227335,405.44551831798
62.0,3.0,104.0,0.0,0.0,0.0,0.0,0.0,3.847117795039163,11.052659769034088,79.9690127195782
59.0,6.0,625.0,0.0,0.0,0.0,0.0,0.0,20.926827370312413,10.07124361362149,167.30734804521435
0.0,2.0,812.0,0.0,0.0,0.0,0.0,0.0,25.95194069187388,21.95943169270146,658.6743735037908
78.0,5.0,218.0,0.0,0.0,8.0,72.0,5.0,5.769169895421453,4.997733392867472,3196.608556817089
69.0,3.0,160.0,0.0,0.0,0.0,0.0,0.0,5.84158763205252,8.856857538470575,174.70369649113746
27.0,2.0,838.0,0.0,0.0,0.0,0.0,0.0,22.274217397112523,18.98483591883361,35.57897635259999
74.0,8.0,536.0,0.0,0.0,0.0,0.0,0.0,16.031847513330796,4.961943458069936,52.831754570233095
59.0,6.0,515.0,0.0,0.0,0.0,0.0,0.0,19.993436982395934,9.09006713973666,133.3227825126944
68.0,3.0,205.0,0.0,0.0,0.0,0.0,0.0,5.949828824515808,4.973865052541109,362.0177582882504
13.0,5.0,183.0,4.0,0.0,12.0,140.0,1.0,4.012711339780442,11.097012972281169,2401.0744465064327
61.0,1.0,773.0,0.0,0.0,0.0,4.0,0.0,6.739697268273022,15.922822747683425,503.25384888529976
66.0,2.0,382.0,0.0,0.0,0.0,0.0,1.0,17.921092200813476,13.097624801806692,577.5713617262976
82.0,8.0,539.0,0.0,0.0,0.0,0.0,0.0,15.031952438797216,4.026688036979984,241.70655640571584
68.0,3.0,243.0,0.0,0.0,0.0,0.0,0.0,6.245529793227603,9.0500084477865,135.29898226438098
61.0,1.0,779.0,0.0,0.0,0.0,0.0,0.0,8.160632970811479,16.057933177382118,615.6150761048867
23.0,3.0,247.0,0.0,0.0,0.0,40.0,1.0,3.9087741141017593,6.059539191356977,2022.513721819169
93.0,1.0,776.0,0.0,0.0,0.0,4.0,1.0,7.001371343420711,14.85457430330352,1620.8430768399346
0.0,2.0,385.0,0.0,0.0,0.0,0.0,0.0,23.093931213581893,17.933389577121282,526.4702169557877
32.0,6.0,581.0,0.0,0.0,0.0,0.0,0.0,17.068582153656198,6.054672284814308,262.7767999915804
57.0,3.0,121.0,0.0,0.0,0.0,0.0,0.0,7.938848740880655,9.950275563766423,120.89333733782728
11.0,5.0,481.0,4.0,8.0,60.0,318.0,10.0,6.104081489839736,5.028276868449379,2155.139666883443
25.0,8.0,533.0,0.0,0.0,0.0,0.0,0.0,15.889778930582343,5.85966415363384,670.162788411531
27.0,2.0,409.0,0.0,0.0,0.0,0.0,0.0,19.96541692190615,16.165394549133616,141.5385359308085
86.0,10.0,465.0,8.0,28.0,40.0,354.0,18.0,9.917584014976864,4.776797483765403,2353.650182912174
75.0,8.0,499.0,0.0,0.0,0.0,0.0,0.0,18.90565102477921,8.992343109766841,166.50591288257382
58.0,6.0,50.0,0.0,0.0,0.0,0.0,0.0,24.914507726823857,15.129573411991393,206.54719680922025
75.0,8.0,507.0,0.0,0.0,0.0,0.0,0.0,19.038809058621155,7.974602710588797,52.88757813729605
45.0,10.0,357.0,0.0,16.0,20.0,129.0,31.0,11.188421299130852,5.05956371222667,2550.1725147699235
21.0,9.0,361.0,0.0,0.0,0.0,56.0,2.0,14.986632473267496,8.922795860263653,1442.414788863974
25.0,8.0,692.0,0.0,0.0,0.0,0.0,0.0,17.00148439503835,7.940710555270964,549.4803285986504
68.0,3.0,240.0,0.0,0.0,0.0,0.0,0.0,6.007175678010915,7.080444892207844,294.84909063383014
28.0,1.0,765.0,0.0,0.0,0.0,0.0,0.0,7.0617433400165535,17.012093964186857,103.12258787051124
58.0,6.0,77.0,0.0,0.0,0.0,0.0,0.0,26.16281793262112,14.982901150317904,92.3593271044032
58.0,6.0,52.0,0.0,0.0,0.0,0.0,0.0,24.139528470449303,13.988161314190336,170.32463863178418
59.0,6.0,555.0,0.0,0.0,0.0,0.0,0.0,22.12728000693438,11.85890221123276,104.23084863703151
57.0,3.0,122.0,0.0,0.0,0.0,0.0,0.0,9.01398374428524,9.90758745639796,93.17063989777316
33.0,3.0,284.0,0.0,0.0,0.0,0.0,0.0,14.051327902809517,12.00568357318298,173.52645424511712
1.0,11.0,466.0,4.0,50.0,165.0,390.0,23.0,11.011359593666894,6.960738244670355,4504.783064144644
25.0,8.0,686.0,0.0,0.0,0.0,0.0,0.0,19.12240382899752,10.057363750869165,145.67825405859685
75.0,8.0,495.0,0.0,0.0,0.0,0.0,0.0,18.10398770133725,7.080061207739544,53.2211759348087
24.0,8.0,703.0,0.0,4.0,0.0,24.0,4.0,10.949051933250445,0.8923722751498167,2932.761985749723
66.0,2.0,379.0,0.0,0.0,0.0,0.0,0.0,19.82990152984676,13.943045662657717,396.8661020999106
62.0,3.0,111.0,0.0,0.0,0.0,0.0,0.0,5.983750915073653,13.988496597031409,83.53173988756102
37.0,1.0,437.0,0.0,4.0,0.0,120.0,0.0,4.790877524359618,12.088353258583878,2137.861981803051
31.0,3.0,148.0,0.0,0.0,0.0,0.0,0.0,9.972342148970876,11.841745629767198,75.55094508186187
74.0,8.0,709.0,0.0,0.0,0.0,0.0,1.0,12.77828802178144,2.903475120139574,394.6523747182218
66.0,2.0,379.0,0.0,0.0,0.0,0.0,0.0,19.98224691835709,13.936940765965533,228.78452835260583
28.0,1.0,808.0,0.0,0.0,0.0,0.0,0.0,12.026224726719144,20.96024818328394,345.863817705764
59.0,6.0,554.0,0.0,0.0,0.0,0.0,0.0,21.02718877811533,10.011832266517697,156.8025638278664
58.0,6.0,68.0,0.0,0.0,0.0,0.0,0.0,23.08325651232273,12.033877767546086,116.79672727228028
59.0,6.0,623.0,0.0,0.0,0.0,0.0,0.0,21.05223509181067,10.064061772304347,155.37108093417962
25.0,8.0,692.0,0.0,0.0,0.0,0.0,0.0,16.002868234403476,8.070172370721574,776.9265739294694
59.0,6.0,615.0,0.0,0.0,0.0,0.0,0.0,20.96884021330025,10.1296474735797,113.41099473726064
30.0,9.0,365.0,0.0,0.0,32.0,171.0,4.0,14.21560649157826,8.900052221017567,1278.254005132026
32.0,6.0,583.0,0.0,0.0,0.0,0.0,0.0,16.792952411581055,6.041384632503327,144.28348542038134
68.0,3.0,243.0,0.0,0.0,0.0,0.0,0.0,4.889119714123881,8.876001028497502,483.811656880731
44.0,8.0,668.0,0.0,0.0,0.0,0.0,0.0,13.1119011445925,7.905510796202916,167.20116237266097
62.0,3.0,106.0,0.0,0.0,0.0,0.0,0.0,2.745342370556369,10.084687597643274,337.5132311706968
63.0,2.0,390.0,0.0,0.0,0.0,0.0,0.0,20.88923293380695,15.120800531266358,1332.1112493093435
59.0,6.0,611.0,0.0,0.0,0.0,0.0,0.0,25.115966235876943,14.085690004116053,103.63951769281992
75.0,8.0,506.0,0.0,0.0,0.0,0.0,0.0,17.982138106976805,7.017333366820101,93.68182567930558
21.0,9.0,336.0,0.0,0.0,0.0,32.0,1.0,15.933404337884458,9.884194659260803,1584.4909043385403
23.0,3.0,234.0,0.0,0.0,0.0,0.0,1.0,2.1539710120099382,7.943795193634009,306.6790914787498
63.0,2.0,407.0,0.0,0.0,0.0,16.0,1.0,15.946718382602116,12.907781985250738,2577.145045666334
15.0,8.0,213.0,0.0,0.0,0.0,0.0,0.0,6.949631576551392,4.99794360840222,1104.5784515716482
75.0,8.0,506.0,0.0,0.0,0.0,0.0,0.0,18.00206023036015,7.0253847512974845,110.6455116613518
43.0,8.0,549.0,0.0,0.0,0.0,0.0,0.0,20.003046268472332,9.991656999201652,103.91371574821925
71.0,9.0,301.0,4.0,8.0,36.0,346.0,7.0,12.883845212550114,9.950037504070789,1732.4254009163192
43.0,8.0,553.0,0.0,0.0,0.0,0.0,0.0,21.98103134538365,12.079705426243631,97.4103927008032
45.0,10.0,716.0,0.0,0.0,4.0,12.0,1.0,12.803888918360428,2.8511574183204726,3057.3079974180137
68.0,3.0,135.0,0.0,0.0,0.0,0.0,0.0,8.078311404265907,7.108985278916425,447.89694192849805
15.0,8.0,230.0,0.0,0.0,0.0,0.0,1.0,8.065536730638199,4.009722510124331,2388.113956500626
43.0,8.0,499.0,0.0,0.0,0.0,0.0,0.0,18.967555327264648,7.996894731291827,86.32093087606091
58.0,6.0,68.0,0.0,0.0,0.0,0.0,0.0,23.147564876558416,11.95182770117971,187.17464852093647
24.0,8.0,739.0,0.0,4.0,8.0,60.0,14.0,10.104502570733093,2.139955813059081,2408.399219815432
25.0,8.0,686.0,0.0,0.0,0.0,0.0,0.0,19.283602304225287,10.146844523469932,91.34629995944712
62.0,3.0,79.0,0.0,0.0,0.0,0.0,0.0,5.1479607159715925,13.14935308025262,62.13240271141908
62.0,3.0,82.0,0.0,0.0,0.0,0.0,0.0,3.926408768638016,11.085293493353698,135.5127171440436
57.0,3.0,121.0,0.0,0.0,0.0,0.0,0.0,7.989143345137053,9.07713442161724,222.0729535555084
60.0,3.0,673.0,0.0,0.0,0.0,0.0,0.0,10.702989510046338,6.915191546773783,998.206254248002
68.0,3.0,242.0,0.0,0.0,0.0,0.0,0.0,6.194558876394223,6.948490021012905,130.07106922956186
24.0,8.0,734.0,0.0,0.0,4.0,8.0,1.0,11.225143008155056,0.0547949242782066,2092.8628897953413
32.0,6.0,587.0,0.0,0.0,0.0,0.0,0.0,17.076201658429486,8.031443948566222,664.5356601536204
44.0,8.0,668.0,0.0,0.0,0.0,0.0,0.0,12.963417351455943,8.012445616639118,136.55401091472626
73.0,6.0,19.0,0.0,0.0,0.0,0.0,0.0,21.936649434825107,12.95242823721848,157.2962279038738
27.0,2.0,367.0,0.0,0.0,0.0,0.0,0.0,19.031485768747324,16.189359519381377,187.24602272466268
15.0,8.0,227.0,0.0,0.0,0.0,16.0,1.0,7.968104364632035,1.98904728519843,1752.5958149773553
76.0,3.0,100.0,0.0,0.0,0.0,0.0,0.0,4.079463449106509,10.15676785666831,209.44205708548776
65.0,1.0,199.0,0.0,0.0,4.0,0.0,0.0,5.196601234480704,14.068135729810429,682.0268817402706
17.0,3.0,115.0,0.0,0.0,0.0,0.0,0.0,3.010123929265315,12.875950669552465,170.25345586786602
71.0,9.0,348.0,0.0,24.0,40.0,406.0,6.0,13.20445597733209,8.960717374058898,2057.1000207442244
27.0,2.0,832.0,0.0,0.0,0.0,0.0,0.0,21.896451192106145,19.051263591303275,71.43154886574413
43.0,8.0,551.0,0.0,0.0,0.0,0.0,0.0,19.95516053323537,10.006790807314328,34.01179677766566
15.0,8.0,735.0,0.0,0.0,0.0,8.0,0.0,9.980197600434751,1.987390591249584,1538.2361437177344
9.0,8.0,273.0,0.0,0.0,0.0,0.0,0.0,15.168447060652618,9.003058239061664,161.92798060801792
34.0,10.0,592.0,0.0,0.0,0.0,0.0,0.0,16.94516851900114,6.885875927627912,286.1819872559767
73.0,6.0,1.0,0.0,0.0,0.0,0.0,0.0,28.11325734928524,17.958501548810606,46.00942806928073
25.0,8.0,685.0,0.0,0.0,0.0,0.0,0.0,17.986114283072993,8.969018766074338,825.9711657968255
1.0,11.0,350.0,20.0,42.0,156.0,379.0,26.0,10.904986499745393,7.0323062057474495,2914.0827038937227
15.0,8.0,678.0,0.0,0.0,0.0,0.0,1.0,9.108817803094174,5.034602169170674,308.1431664634093
74.0,8.0,707.0,0.0,0.0,0.0,4.0,0.0,14.063650304985233,2.981112070638124,644.1533150821153
57.0,3.0,120.0,0.0,0.0,0.0,0.0,0.0,9.97338292441314,10.100341598317634,109.74301881555652
64.0,6.0,14.0,0.0,0.0,0.0,0.0,0.0,20.210814918416013,11.990468811244387,697.0444663240484
45.0,10.0,322.0,0.0,4.0,12.0,86.0,5.0,14.0041901238038,7.058743290437183,2449.093021044612
25.0,8.0,527.0,0.0,0.0,0.0,0.0,0.0,15.86540215175168,7.029541628956135,718.0761169905077
79.0,9.0,37.0,0.0,0.0,0.0,0.0,0.0,18.00039681695368,9.786022842079744,739.3209883430018
59.0,6.0,600.0,0.0,0.0,0.0,0.0,0.0,21.993230016326454,10.996952125673662,196.05220941051851
24.0,8.0,699.0,0.0,4.0,0.0,20.0,6.0,10.99366962483347,1.044077396029254,2680.2148156700805
60.0,3.0,673.0,0.0,0.0,0.0,0.0,0.0,10.898668930467943,7.003215262267572,833.9265359662849
0.0,2.0,833.0,0.0,0.0,0.0,0.0,0.0,22.151228051196,18.0745516627759,684.3942580640962
31.0,3.0,152.0,0.0,0.0,0.0,0.0,0.0,10.01819283031239,14.035562820699957,39.03726831317796
88.0,9.0,350.0,16.0,73.0,239.0,305.0,27.0,10.984025252908244,7.769541367014405,1561.8180260994586
58.0,6.0,60.0,0.0,0.0,0.0,0.0,0.0,23.03757426277024,13.05732796710211,45.23647926481043
32.0,6.0,588.0,0.0,0.0,0.0,0.0,0.0,17.864874732305413,7.944895516775519,216.3904791231942
75.0,8.0,507.0,0.0,0.0,0.0,0.0,0.0,19.152912905662102,8.110674142239064,62.66745282104492
15.0,8.0,634.0,0.0,0.0,0.0,0.0,0.0,11.152595511094164,3.9563342073817847,1588.264506493298
75.0,8.0,529.0,0.0,0.0,0.0,0.0,0.0,16.922345407818256,6.97350532651037,128.3343931714069
45.0,10.0,329.0,0.0,0.0,8.0,36.0,1.0,12.955991835043593,4.979553330023574,3929.655174381706
63.0,2.0,374.0,0.0,0.0,0.0,4.0,1.0,18.22474380898329,13.083678524026256,2019.0584161557165
34.0,10.0,591.0,0.0,0.0,0.0,0.0,0.0,16.01202598091259,7.0410160380409685,749.0635975876957
15.0,8.0,229.0,0.0,0.0,0.0,0.0,0.0,7.177489056839968,4.0864254361730845,1060.1599697339411
25.0,8.0,533.0,0.0,0.0,0.0,0.0,0.0,14.8836304473988,4.929221714766952,617.4352562750146
82.0,8.0,522.0,0.0,0.0,0.0,0.0,0.0,15.07904595158702,4.154108479248754,336.2120639321918
15.0,8.0,677.0,0.0,0.0,0.0,0.0,0.0,11.20844437152416,2.8449877236301364,1126.8275133631294
67.0,1.0,258.0,0.0,0.0,0.0,0.0,0.0,5.0621488159856,16.0744385743802,175.90518626163447
59.0,6.0,554.0,0.0,0.0,0.0,0.0,0.0,21.85417173365468,10.861734850397855,199.4111117843436
59.0,6.0,617.0,0.0,0.0,0.0,0.0,0.0,20.043144558342703,9.015667141715268,338.7883494112777
59.0,6.0,600.0,0.0,0.0,0.0,0.0,0.0,22.93604347819161,12.013673242895742,184.5973536320868
27.0,2.0,394.0,0.0,0.0,0.0,4.0,1.0,17.780610696281112,13.850504722825374,58.041776684261656
66.0,2.0,380.0,0.0,0.0,0.0,4.0,1.0,18.093528583721863,12.05451244326814,460.3088733220902
28.0,1.0,758.0,0.0,0.0,0.0,0.0,0.0,8.936069645791004,18.87629602572941,145.86104523427625
30.0,9.0,361.0,0.0,0.0,4.0,72.0,3.0,15.033031123015752,10.133644289894528,1562.8013951352646
0.0,2.0,383.0,0.0,0.0,0.0,0.0,0.0,22.164228492123755,17.99017634368799,385.2389125032132
32.0,6.0,588.0,0.0,0.0,0.0,0.0,0.0,18.003424726946555,8.181628211609764,683.8307865568846
33.0,3.0,293.0,0.0,0.0,0.0,0.0,0.0,13.026315095869732,10.170860756548572,376.1694714539348
78.0,5.0,223.0,0.0,0.0,0.0,32.0,4.0,5.956260365449805,3.709166526388204,2652.946698248998
82.0,8.0,521.0,0.0,0.0,0.0,0.0,0.0,14.873503945999888,5.004917329881615,264.05335273411634
33.0,3.0,154.0,0.0,0.0,0.0,0.0,0.0,12.032004397362629,12.943962266815824,64.57306613008622
29.0,10.0,327.0,0.0,0.0,4.0,20.0,0.0,14.948999300065552,7.024854374624409,1572.2254587298694
75.0,8.0,618.0,0.0,0.0,0.0,0.0,0.0,20.028222180389264,8.907775523306428,86.81627583929252
67.0,1.0,783.0,0.0,0.0,0.0,0.0,0.0,9.84414245436903,20.157308217348294,163.4080890872443
58.0,6.0,63.0,0.0,0.0,0.0,0.0,0.0,23.978829991462348,12.988218384201527,98.3844771018487
31.0,3.0,123.0,0.0,0.0,0.0,0.0,0.0,10.116399541578623,10.95675418717004,72.51788312481952
74.0,8.0,535.0,0.0,0.0,0.0,0.0,0.0,16.12183183857822,5.0633379993128935,79.15109696249274
0.0,2.0,391.0,0.0,0.0,0.0,0.0,0.0,21.997849853002563,15.92629045381288,449.8059884019799
17.0,3.0,195.0,0.0,0.0,0.0,4.0,0.0,0.1536224504155349,11.032905718918894,306.6953799476205
25.0,8.0,656.0,0.0,0.0,0.0,0.0,0.0,14.966788809418516,6.1808114755945365,643.3508411102409
22.0,2.0,315.0,0.0,60.0,231.0,270.0,7.0,11.891427521886426,9.999844542680709,2103.7779608882074
43.0,8.0,684.0,0.0,0.0,0.0,0.0,0.0,19.00090842288666,10.032679333313846,56.78060055044598
78.0,5.0,223.0,0.0,0.0,0.0,24.0,1.0,5.898045508069173,4.036551902956123,3465.28288626018
28.0,1.0,756.0,0.0,0.0,0.0,0.0,0.0,8.980566201019302,18.95997740886708,99.82391055412396
17.0,3.0,234.0,0.0,0.0,0.0,0.0,1.0,2.053707203553858,7.882563638800904,366.8364663875499
58.0,6.0,54.0,0.0,0.0,0.0,0.0,0.0,26.05954615360857,15.034563292396452,110.49621479172124
67.0,1.0,756.0,0.0,0.0,0.0,0.0,0.0,8.099554334051122,18.027055852526864,128.948675768512
22.0,2.0,304.0,8.0,32.0,106.0,371.0,7.0,11.887420276954446,10.05219707880397,2941.139593830133
9.0,8.0,281.0,0.0,0.0,0.0,0.0,0.0,17.027317808793264,12.059003060720602,54.40438272780408
26.0,8.0,651.0,0.0,0.0,0.0,0.0,0.0,11.967013210867917,4.029107508081179,653.9488560353898
43.0,8.0,547.0,0.0,0.0,0.0,0.0,0.0,21.03091792353929,10.86044254034551,97.30640904293357
28.0,1.0,759.0,0.0,0.0,0.0,4.0,0.0,5.050581664325712,15.004403558188097,437.8429049581959
0.0,2.0,815.0,0.0,0.0,0.0,0.0,0.0,26.06192896550738,22.116414552060075,412.22970005502617
45.0,10.0,714.0,0.0,0.0,0.0,20.0,1.0,13.962077418466365,5.083843270648709,3030.5727945946096
45.0,10.0,712.0,0.0,0.0,0.0,16.0,1.0,13.03951385994843,2.998051038139532,3762.00076231642
78.0,5.0,483.0,0.0,4.0,40.0,216.0,5.0,4.921962648087724,6.038020731702758,4133.114845376143
78.0,5.0,221.0,0.0,0.0,8.0,68.0,5.0,7.289331466464315,4.048150392904567,3144.081790843148
79.0,9.0,44.0,0.0,0.0,0.0,0.0,0.0,18.88653500776961,10.06140187901316,473.3543046551134
37.0,1.0,422.0,20.0,64.0,233.0,272.0,11.0,6.874651036955264,10.035448256955858,2434.8375802681057
63.0,2.0,392.0,0.0,0.0,0.0,0.0,0.0,19.894764816507465,14.97298393949906,1169.4324713665223
75.0,8.0,495.0,0.0,0.0,0.0,0.0,0.0,17.933402280787334,6.890407184617143,165.69376196409317
80.0,3.0,153.0,0.0,0.0,0.0,0.0,0.0,7.878688588061458,12.92034172115907,176.9725502359737
17.0,3.0,99.0,0.0,0.0,0.0,0.0,0.0,1.206201285102,11.088784579338263,373.2871801451892
28.0,1.0,747.0,0.0,0.0,0.0,0.0,0.0,11.15786066505808,20.966592528751985,86.64573172669932
25.0,8.0,654.0,0.0,0.0,0.0,0.0,0.0,15.117285903256285,6.008919574212498,727.3476594321636
9.0,8.0,276.0,0.0,0.0,0.0,0.0,0.0,14.254994654623337,9.122858961338736,132.31003159378832
58.0,6.0,21.0,0.0,0.0,0.0,0.0,0.0,21.19839782953633,12.000242414144669,107.21341639573352
27.0,2.0,394.0,0.0,0.0,0.0,8.0,1.0,17.107182043522126,14.086875498506606,200.9230597817736
17.0,3.0,116.0,0.0,0.0,0.0,0.0,0.0,3.172498953929473,12.911719498056073,343.95883156777984
66.0,2.0,406.0,0.0,0.0,4.0,28.0,1.0,16.073488370554994,11.06748927056688,959.5564884081716
45.0,10.0,711.0,0.0,0.0,8.0,20.0,4.0,12.971935567485607,3.079291843991293,3093.109063756868
78.0,5.0,219.0,0.0,0.0,4.0,44.0,4.0,5.939987184429041,4.02794345122132,3337.1764152441574
17.0,3.0,174.0,0.0,0.0,0.0,44.0,0.0,2.088545808680991,7.998369172778053,727.2825903092007
68.0,3.0,243.0,0.0,0.0,0.0,0.0,0.0,6.104106036927714,7.952915229189594,196.4099588905828
23.0,3.0,252.0,0.0,0.0,0.0,52.0,0.0,2.8275926249298005,7.982040411198608,1424.312324039273
45.0,10.0,711.0,0.0,0.0,8.0,20.0,5.0,12.963031155864508,3.127793663723782,3338.6322328612787
0.0,2.0,71.0,0.0,0.0,0.0,0.0,0.0,22.80477335547938,16.929252400794226,562.8657192656369
62.0,3.0,106.0,0.0,0.0,0.0,0.0,0.0,4.131239141463343,9.943913267817592,117.8953869531727
23.0,3.0,251.0,0.0,0.0,0.0,4.0,1.0,2.9852389753703727,8.143887005163648,1849.7246879015015
73.0,6.0,40.0,0.0,0.0,0.0,0.0,0.0,19.892247748146133,11.882044381910324,277.7382085447341
58.0,6.0,57.0,0.0,0.0,0.0,0.0,0.0,24.89342002995803,14.057405278403168,125.69300172378269
45.0,10.0,353.0,0.0,4.0,20.0,82.0,13.0,12.942679450288116,5.9610356613492295,3930.417664283142
88.0,9.0,350.0,20.0,42.0,160.0,375.0,27.0,11.027695274866014,6.996849882686383,1843.5806389005056
67.0,1.0,191.0,0.0,0.0,4.0,0.0,0.0,3.989858797885821,13.925440268013109,208.8815154869396
74.0,8.0,567.0,0.0,0.0,0.0,0.0,0.0,19.00430846193116,6.94511600972705,117.29154583578377
78.0,5.0,221.0,0.0,4.0,8.0,84.0,8.0,6.961303285846782,2.974558838466443,2729.975081410967
0.0,2.0,391.0,0.0,0.0,0.0,0.0,0.0,22.02653666755895,16.971689081524744,880.4258688422578
61.0,1.0,433.0,0.0,0.0,0.0,0.0,0.0,8.950896706543688,16.070426231093442,517.9084965421977
58.0,6.0,57.0,0.0,0.0,0.0,0.0,0.0,25.0202502627732,14.082150887212158,26.05101976926554
68.0,3.0,204.0,0.0,0.0,0.0,0.0,0.0,5.044375586351979,6.08106673812622,887.653479042679
0.0,2.0,814.0,0.0,0.0,0.0,0.0,0.0,25.935337765773948,22.985539836573327,607.7160994336605
80.0,3.0,147.0,0.0,0.0,0.0,0.0,0.0,8.137334762846438,11.95469279490927,178.78997394580546
37.0,1.0,438.0,0.0,0.0,0.0,48.0,1.0,7.073815348062573,13.967823836941438,2156.397167094981
9.0,8.0,267.0,0.0,0.0,0.0,0.0,0.0,18.010944798296464,13.94036766816037,176.81222490107154
0.0,2.0,815.0,0.0,0.0,0.0,0.0,0.0,25.94294941216727,22.075736762248965,552.2634325600818
29.0,10.0,343.0,0.0,0.0,0.0,20.0,0.0,14.788623570015195,7.887402401446624,1016.8302322887704
66.0,2.0,305.0,0.0,4.0,4.0,56.0,1.0,14.76371836161109,11.92229936743193,940.99462745531
32.0,6.0,576.0,0.0,0.0,0.0,0.0,0.0,17.05459318545565,6.975072382725841,749.502402751876
15.0,8.0,737.0,0.0,0.0,0.0,8.0,1.0,9.05790113435065,0.9986916249875516,1612.1685446104418
66.0,2.0,49.0,0.0,0.0,0.0,0.0,0.0,21.08857782414712,15.273166020484163,241.80212357244145
0.0,2.0,74.0,0.0,0.0,0.0,0.0,0.0,27.00146481663576,21.90258240540326,171.55146463842246
34.0,10.0,591.0,0.0,0.0,0.0,4.0,0.0,15.94186438294409,7.03302586093589,1157.6027898900925
75.0,8.0,492.0,0.0,0.0,0.0,0.0,0.0,16.938945664260302,7.096008472915708,168.74138319935565
0.0,2.0,75.0,0.0,0.0,0.0,0.0,0.0,25.92284003250103,19.96003526618358,436.8403425579801
86.0,10.0,452.0,12.0,36.0,106.0,475.0,27.0,7.885191625645652,4.977531126342924,3182.642007897768
43.0,8.0,504.0,0.0,0.0,0.0,0.0,0.0,19.1759179690722,9.05110667612041,101.1575206582262
37.0,1.0,436.0,0.0,0.0,0.0,72.0,0.0,6.9381702424376455,12.95325137517977,2263.0027644449424
63.0,2.0,393.0,0.0,0.0,0.0,0.0,0.0,21.174132882524603,16.095164696243717,1051.066199728962
75.0,8.0,498.0,0.0,0.0,0.0,0.0,0.0,16.015630576008242,4.953925629826891,157.20408332670732
59.0,6.0,552.0,0.0,0.0,0.0,0.0,0.0,20.97741207925801,9.977388736664205,133.6040644782997
65.0,1.0,200.0,0.0,4.0,0.0,8.0,0.0,4.084480498473636,12.98292951068075,1057.785933486736
0.0,2.0,823.0,0.0,0.0,0.0,0.0,0.0,24.056390205601357,19.04716683350836,634.360825636623
86.0,10.0,452.0,8.0,40.0,109.0,476.0,38.0,8.233301570557128,4.8387285065895,2261.776895741784
61.0,1.0,434.0,0.0,0.0,0.0,4.0,0.0,8.090903888543115,15.07923171606259,714.9903855569462
29.0,10.0,344.0,0.0,0.0,0.0,4.0,0.0,16.09350791661838,7.940529874749403,1617.7639031732112
62.0,3.0,117.0,0.0,0.0,0.0,0.0,0.0,4.003491793343826,14.10384617195167,80.95808333717449
59.0,6.0,611.0,0.0,0.0,0.0,0.0,0.0,24.964994695170503,13.9334660138009,76.42652067070084
82.0,8.0,646.0,0.0,0.0,0.0,0.0,1.0,13.024444223155252,3.117765089865646,372.0963561013469
15.0,8.0,650.0,0.0,0.0,0.0,0.0,0.0,11.820339961157051,3.954531535542947,1205.7310064299377
24.0,8.0,733.0,0.0,0.0,4.0,8.0,0.0,10.124074273372882,0.0,2427.5677250255176
78.0,5.0,220.0,0.0,8.0,20.0,203.0,7.0,6.071246648367228,5.044861254783718,3974.7715505005967
63.0,2.0,308.0,0.0,0.0,4.0,40.0,2.0,15.973977492559785,11.926635062796956,2244.837475784073
28.0,1.0,807.0,0.0,0.0,0.0,0.0,0.0,11.859687481523572,19.039315480428066,199.4942553007114
59.0,6.0,614.0,0.0,0.0,0.0,0.0,0.0,20.94305634221921,9.075713007825302,203.7299770793485
73.0,6.0,25.0,0.0,0.0,0.0,0.0,0.0,24.02406679689474,15.119235956072531,48.81453039062908
86.0,10.0,453.0,12.0,20.0,44.0,351.0,29.0,8.883846469091914,3.972795885580905,2819.531675431719
84.0,11.0,468.0,12.0,32.0,115.0,466.0,23.0,7.980183616940802,5.007564828721442,3987.934557109186
69.0,3.0,133.0,0.0,0.0,0.0,0.0,0.0,7.850639491484025,8.061083225206838,166.1851704447665
68.0,3.0,217.0,0.0,0.0,0.0,0.0,0.0,6.026422338702244,5.099375767158401,892.6704821727977
74.0,8.0,704.0,0.0,0.0,0.0,4.0,0.0,13.076297385696767,2.024609519020244,288.090471758781
9.0,8.0,268.0,0.0,0.0,0.0,0.0,0.0,18.14410691485301,14.061956228788151,116.36796754433956
63.0,2.0,370.0,0.0,0.0,0.0,0.0,0.0,19.23891222879873,14.19827802852529,1003.443877196349
23.0,3.0,224.0,0.0,0.0,12.0,109.0,7.0,5.020584267824659,5.049176160051382,2267.635828625581
86.0,10.0,469.0,8.0,44.0,37.0,474.0,17.0,9.103913727062109,5.008790014878988,1990.9477179762896
23.0,3.0,483.0,0.0,0.0,20.0,132.0,6.0,4.9418525527396495,5.932896097786668,1824.9809720628489
28.0,1.0,754.0,0.0,0.0,0.0,0.0,0.0,8.031330843008705,18.04924111881161,335.65411069217555
72.0,3.0,158.0,0.0,0.0,0.0,0.0,0.0,6.961687560048089,10.09037252400246,576.3273435113257
68.0,3.0,239.0,0.0,0.0,0.0,0.0,0.0,6.174023383924032,8.085864824065812,208.4445760329058
27.0,2.0,394.0,0.0,0.0,0.0,4.0,1.0,17.134934858591294,13.949109151422292,166.3804926326969
28.0,1.0,798.0,0.0,0.0,0.0,0.0,0.0,11.08313264573262,21.099811929347325,185.94186397664836
15.0,8.0,228.0,0.0,0.0,0.0,8.0,1.0,9.074547286771187,1.9426507458599125,1432.3361481899913
81.0,0.0,489.0,41.0,268.0,174.0,118.0,13.0,6.932768573842697,9.06225674714217,3116.100944816854
62.0,3.0,106.0,0.0,0.0,0.0,0.0,0.0,3.0089999202988564,11.054522933422442,198.6586017543342
28.0,1.0,772.0,0.0,0.0,0.0,0.0,0.0,9.985246978458468,19.04418776325787,256.1862339307534
17.0,3.0,234.0,0.0,0.0,0.0,0.0,1.0,2.9930285103165843,7.9772398584747375,303.0409359162313
32.0,6.0,571.0,0.0,0.0,0.0,0.0,0.0,18.761193090382637,9.134307850113531,203.3151201640688
12.0,5.0,182.0,4.0,0.0,0.0,96.0,0.0,3.983832194429503,12.14677595159318,2356.697343849089
29.0,10.0,339.0,0.0,0.0,0.0,4.0,0.0,17.007464459264263,8.993640303173354,681.8631717961607
15.0,8.0,229.0,0.0,0.0,0.0,4.0,0.0,6.126119915792853,3.928500194529512,2313.1203510804357
25.0,8.0,503.0,0.0,0.0,0.0,0.0,0.0,18.019093446638,7.971166867952819,481.1977165623607
59.0,6.0,607.0,0.0,0.0,0.0,0.0,0.0,22.88153219969576,12.108669357532683,220.0350766403386
59.0,6.0,509.0,0.0,0.0,0.0,0.0,0.0,19.015996283631647,8.021006418768893,65.74359179630093
75.0,8.0,529.0,0.0,0.0,0.0,0.0,0.0,16.02043309615459,5.85895467600398,215.1956163725594
58.0,6.0,65.0,0.0,0.0,0.0,0.0,0.0,22.983633523819574,13.033239883489642,119.05242651765388
27.0,2.0,396.0,0.0,0.0,0.0,0.0,0.0,19.00776859138242,16.084612288049154,168.30627510887766
43.0,8.0,553.0,0.0,0.0,0.0,0.0,0.0,23.03250651419142,11.986612330395412,81.24559333363662
34.0,10.0,714.0,0.0,0.0,0.0,20.0,1.0,14.181122018278735,3.97802407499328,1226.9005028970914
37.0,1.0,184.0,0.0,4.0,0.0,120.0,0.0,5.001100198972158,12.184369157933924,2122.141460421009
73.0,6.0,19.0,0.0,0.0,0.0,0.0,0.0,22.06080555143135,12.96847620475494,194.2862872996531
43.0,8.0,550.0,0.0,0.0,0.0,0.0,0.0,21.07132679624169,11.933473325962382,69.90070565658141
32.0,6.0,592.0,0.0,0.0,0.0,0.0,0.0,16.838954704376597,6.966313641064635,609.3411666099028
26.0,8.0,639.0,0.0,0.0,0.0,0.0,0.0,14.042807127597126,8.020806348652355,309.0110507826104
33.0,3.0,132.0,0.0,0.0,0.0,0.0,0.0,10.9614748337285,11.158390253856812,164.97764678272546
73.0,6.0,15.0,0.0,0.0,0.0,0.0,0.0,20.812792320367848,11.99764694039371,202.6385120144206
9.0,8.0,276.0,0.0,0.0,0.0,0.0,0.0,13.931550289406312,9.045129077516158,94.7631196643459
67.0,1.0,745.0,0.0,0.0,0.0,0.0,0.0,13.991755571795684,23.904748244127,60.552735619465565
32.0,6.0,559.0,0.0,0.0,0.0,0.0,0.0,18.039435889767184,8.06286283649739,617.9869931407032
32.0,6.0,582.0,0.0,0.0,0.0,0.0,0.0,16.027597474883894,6.038938046367713,706.1247491193128
27.0,2.0,311.0,0.0,0.0,8.0,36.0,2.0,15.157179820250123,12.92413559993177,225.1613659533193
45.0,10.0,359.0,4.0,24.0,40.0,267.0,40.0,10.951182827368148,5.984842761557033,2266.386303334604
82.0,8.0,520.0,0.0,0.0,0.0,0.0,0.0,13.954019996860032,4.072598379597473,369.7462206946818
32.0,6.0,592.0,0.0,0.0,0.0,0.0,0.0,16.79306352114948,6.78091752795157,674.110484430514
32.0,6.0,559.0,0.0,0.0,0.0,0.0,0.0,17.78403420580302,6.951079834832721,571.8564114933715
25.0,8.0,658.0,0.0,0.0,0.0,0.0,0.0,13.83899363755635,6.010750148841551,1275.7855556461918
74.0,8.0,510.0,0.0,0.0,0.0,0.0,0.0,16.987618193762128,5.960096928035727,289.6043055289254
68.0,3.0,213.0,0.0,0.0,0.0,0.0,0.0,7.070743002620906,3.928240872399275,585.4565599480532
61.0,1.0,433.0,0.0,0.0,0.0,0.0,0.0,9.196018948151542,16.875115512312643,602.7750157011528
93.0,1.0,442.0,0.0,0.0,0.0,20.0,1.0,6.939215242638258,14.152492037298869,1227.4915613598814
28.0,1.0,761.0,0.0,0.0,0.0,4.0,0.0,6.15113839874574,15.983082279457427,444.96996564015967
67.0,1.0,763.0,0.0,0.0,0.0,0.0,0.0,5.945241948472314,15.987115936073966,179.01161895246474
15.0,8.0,206.0,0.0,0.0,0.0,24.0,2.0,4.984018195108696,6.161444972388665,1751.3258806765907
28.0,1.0,782.0,0.0,0.0,0.0,0.0,0.0,10.012149596235547,20.171862778717948,83.97801317083324
74.0,8.0,510.0,0.0,0.0,0.0,0.0,0.0,16.981596434880533,6.105566588311132,354.3678642868924
28.0,1.0,756.0,0.0,0.0,0.0,0.0,0.0,9.048708590311628,19.049443352046964,90.883333429681
73.0,6.0,5.0,0.0,0.0,0.0,0.0,0.0,25.05960231475979,16.98721644269321,158.93278661644163
34.0,10.0,720.0,0.0,0.0,0.0,8.0,0.0,14.026733895387675,3.027194767373902,1092.6591928209198
2.0,11.0,351.0,4.0,36.0,70.0,459.0,21.0,11.12640611776462,5.933035647600783,3626.600840095256
88.0,9.0,460.0,20.0,81.0,308.0,212.0,41.0,11.054460748107196,8.096424886606595,3024.288047445466
86.0,10.0,452.0,8.0,28.0,105.0,476.0,26.0,8.089810364427827,5.109363346969928,1624.0784579526114
33.0,3.0,284.0,0.0,0.0,0.0,0.0,0.0,13.931935830279464,11.943595130836878,150.30970337538636
68.0,3.0,235.0,0.0,0.0,0.0,0.0,1.0,2.833119997695399,6.877670275405396,645.8528173634903
33.0,3.0,156.0,0.0,0.0,0.0,0.0,0.0,10.907808975466272,12.17650426625116,317.30422979525434
59.0,6.0,554.0,0.0,0.0,0.0,0.0,0.0,21.844365617622984,11.009464339979322,144.23938912426087
33.0,3.0,294.0,0.0,0.0,0.0,0.0,0.0,11.932364354676771,13.178771878447185,46.43893914247376
82.0,8.0,538.0,0.0,0.0,0.0,0.0,0.0,15.011431944755964,3.9959767379578506,255.939528994962
33.0,3.0,284.0,0.0,0.0,0.0,0.0,0.0,14.204507765540225,11.939470598364416,200.98823557920133
9.0,8.0,279.0,0.0,0.0,0.0,0.0,0.0,17.083894973577117,10.948557045692066,85.56516087433836
73.0,6.0,26.0,0.0,0.0,0.0,0.0,0.0,23.947203867704868,13.88662878544102,182.2832427133261
24.0,8.0,703.0,4.0,0.0,4.0,32.0,5.0,10.954398751836742,0.9757409705230966,2933.9166510230025
0.0,2.0,819.0,0.0,0.0,0.0,0.0,0.0,23.97648198028108,18.961318959227288,197.503137964542
22.0,2.0,297.0,0.0,4.0,16.0,317.0,1.0,12.979213147338877,12.873236981288976,2916.304175798076
59.0,6.0,623.0,0.0,0.0,0.0,0.0,0.0,21.066864573382343,10.090885593730771,300.9354566420699
75.0,8.0,495.0,0.0,0.0,0.0,0.0,0.0,17.90851194855316,6.93309172419344,160.83472245462124
67.0,1.0,258.0,0.0,0.0,0.0,0.0,0.0,5.014571114410362,16.119984656754855,329.16669789723966
28.0,1.0,800.0,0.0,0.0,0.0,0.0,0.0,10.983423142710777,16.92871639478686,317.4597228222304
59.0,6.0,604.0,0.0,0.0,0.0,0.0,0.0,24.84791046408547,13.92471579071493,135.23903876700956
61.0,1.0,433.0,0.0,0.0,0.0,0.0,1.0,7.986964774705326,16.046038121101255,617.5055688917197
25.0,8.0,653.0,0.0,0.0,0.0,0.0,0.0,14.324862602762703,6.181839134756181,947.8769229476004
26.0,8.0,658.0,0.0,0.0,0.0,0.0,0.0,14.062757782256734,6.976146180975036,68.01463688395526
25.0,8.0,655.0,0.0,0.0,0.0,0.0,0.0,14.0850451508623,3.9549475968671706,1248.9722729050393
70.0,3.0,255.0,0.0,0.0,0.0,0.0,0.0,7.991687801670674,13.92456506375654,72.67335187476515
82.0,8.0,709.0,0.0,0.0,0.0,4.0,0.0,13.045445149648437,1.8993385603159696,463.419330983014
15.0,8.0,231.0,0.0,0.0,0.0,8.0,0.0,6.925871763518076,4.076554568784136,1878.6235004248983
57.0,3.0,666.0,0.0,0.0,0.0,0.0,0.0,9.132699395918523,6.159247851571118,329.7224218154475
15.0,8.0,231.0,0.0,0.0,0.0,24.0,2.0,6.976912919762136,3.865779264278956,1828.119739574604
15.0,8.0,207.0,0.0,0.0,0.0,8.0,0.0,5.785280494576284,3.901722115666593,1952.628582441777
27.0,2.0,834.0,0.0,0.0,0.0,0.0,0.0,23.841534546330863,19.95441456876094,78.46001893179641
86.0,10.0,742.0,0.0,12.0,16.0,80.0,17.0,9.115636929750716,2.9534744220565927,2096.1392598577577
0.0,2.0,828.0,0.0,0.0,0.0,0.0,0.0,25.939473051214375,22.081937987255746,448.186108511845
44.0,8.0,645.0,0.0,0.0,0.0,0.0,0.0,13.023789056381762,6.871162410075786,335.5531719570856
75.0,8.0,519.0,0.0,0.0,0.0,0.0,0.0,18.998591109308403,7.104104275087795,63.00544308066435
66.0,2.0,405.0,0.0,0.0,4.0,40.0,1.0,14.950497784250976,11.9932794077512,1019.9262447372251
86.0,10.0,742.0,0.0,8.0,20.0,68.0,14.0,9.17097838118192,3.0880451671411104,2004.259952044588
15.0,8.0,206.0,0.0,0.0,0.0,8.0,1.0,4.963057293826427,5.985791423810161,2204.3225687532417
78.0,5.0,481.0,8.0,20.0,64.0,442.0,17.0,5.853098722296111,5.848350250923032,2592.3374728964623
71.0,9.0,301.0,8.0,4.0,44.0,357.0,7.0,13.139825399475352,9.953995149139224,1622.8565413286035
88.0,9.0,460.0,8.0,75.0,241.0,297.0,32.0,10.77928084627194,8.000914384189537,2601.8031027617844
0.0,2.0,76.0,0.0,0.0,0.0,0.0,0.0,26.184287059249968,21.026142479627897,427.2766004806077
33.0,3.0,284.0,0.0,0.0,0.0,0.0,0.0,14.204225345004604,12.01221111194735,202.9608838728593
61.0,1.0,776.0,0.0,0.0,0.0,4.0,0.0,6.991375581952188,15.1823793661924,683.8256775541718
68.0,3.0,239.0,0.0,0.0,0.0,0.0,0.0,4.978263931485201,8.1371538440086,604.3735145707102
86.0,10.0,453.0,0.0,12.0,28.0,192.0,38.0,8.776101232409111,3.958741994080256,2184.447067140436
0.0,2.0,75.0,0.0,0.0,0.0,0.0,0.0,26.1032637061854,19.87992779682651,630.0628598420568
59.0,6.0,616.0,0.0,0.0,0.0,0.0,0.0,19.925145610945737,8.949568039472807,104.96138185815715
27.0,2.0,838.0,0.0,0.0,0.0,0.0,0.0,22.916254642497904,19.818366405507334,142.74653386793483
0.0,2.0,391.0,0.0,0.0,0.0,0.0,0.0,22.03229692751119,16.029433117019085,299.452196699615
59.0,6.0,597.0,0.0,0.0,0.0,0.0,0.0,24.0791246240638,13.017909703289938,143.6521380102385
44.0,8.0,667.0,0.0,0.0,0.0,0.0,0.0,12.032856617332495,7.10993718362449,201.58222135893072
12.0,5.0,166.0,0.0,4.0,0.0,20.0,0.0,0.9725115174563436,11.006036509957578,2122.182836134613
11.0,5.0,481.0,4.0,20.0,48.0,362.0,15.0,6.047714676141127,5.990433586906109,2303.605355955526
25.0,8.0,533.0,0.0,0.0,0.0,0.0,0.0,14.806543537752688,5.132425941237035,1233.098955235578
9.0,8.0,279.0,0.0,0.0,0.0,0.0,0.0,16.832208041620024,10.980102142770026,93.29272668799082
67.0,1.0,780.0,0.0,0.0,0.0,0.0,0.0,9.677159666058062,20.08993069447356,104.26620467975022
78.0,5.0,224.0,0.0,0.0,16.0,96.0,6.0,5.747268556501544,5.026740726249885,2535.297519649582
32.0,6.0,583.0,0.0,0.0,0.0,0.0,0.0,17.909120243648402,6.970572598860527,191.19458347180128
67.0,1.0,745.0,0.0,0.0,0.0,0.0,0.0,13.89709649949742,24.018412064012796,102.22239748895764
0.0,2.0,829.0,0.0,0.0,0.0,0.0,0.0,26.23202408275294,21.01267571350988,439.1376489675874
33.0,3.0,291.0,0.0,0.0,0.0,0.0,0.0,12.914980922459543,10.93883130398826,300.4055752627243
59.0,6.0,631.0,0.0,0.0,0.0,0.0,0.0,21.84774884833502,11.046529518165546,111.76718474658368
29.0,10.0,339.0,0.0,0.0,0.0,4.0,0.0,16.116857520019067,9.014787799306784,1268.532449505324
31.0,3.0,148.0,0.0,0.0,0.0,0.0,0.0,9.86885219157822,11.91108050665202,106.42584607847286
82.0,8.0,498.0,0.0,0.0,0.0,0.0,0.0,16.03984306675925,4.90927450665845,157.14296083142537
24.0,8.0,697.0,0.0,4.0,0.0,16.0,4.0,10.925595476309098,0.0,2622.6840705474533
0.0,2.0,818.0,0.0,0.0,0.0,0.0,0.0,25.0283826824117,19.94764148812257,476.73552494007816
84.0,11.0,468.0,12.0,40.0,115.0,470.0,21.0,7.780963420804533,4.965870718746844,5048.019348801239
57.0,3.0,133.0,0.0,0.0,0.0,0.0,0.0,8.889736061994101,8.072141312577868,100.58628710878033
73.0,6.0,15.0,0.0,0.0,0.0,0.0,0.0,20.12155699746637,11.9333003344324,130.3915130630724
75.0,8.0,497.0,0.0,0.0,0.0,0.0,0.0,17.079013509555633,6.941698671359324,258.287960810781
67.0,1.0,746.0,0.0,0.0,0.0,0.0,0.0,12.17022806724123,22.106377227697102,118.67282913504168
75.0,8.0,509.0,0.0,0.0,0.0,0.0,0.0,18.961520026051524,7.176220815550815,101.0313768328088
43.0,8.0,557.0,0.0,0.0,0.0,0.0,0.0,21.123381284165983,11.0034618150218,79.7082619358721
64.0,6.0,15.0,0.0,0.0,0.0,0.0,0.0,20.871178814650005,12.081278888961409,248.85634664664016
61.0,1.0,777.0,0.0,0.0,0.0,0.0,0.0,7.170976161934542,16.02161624606072,535.262846315568
27.0,2.0,394.0,0.0,0.0,0.0,4.0,1.0,17.04863299008366,13.940734085706282,115.02106376370396
78.0,5.0,451.0,4.0,4.0,20.0,139.0,18.0,8.033600861418076,2.894493269120677,3633.011067017456
12.0,5.0,170.0,0.0,0.0,4.0,0.0,0.0,0.7351064815942221,10.921657715050966,2117.101744841086
73.0,6.0,5.0,0.0,0.0,0.0,0.0,0.0,25.166414457766177,17.04563902011463,30.58782071296228
23.0,3.0,483.0,0.0,4.0,28.0,174.0,6.0,4.879788558547441,6.048017497925248,1504.2545510553343
32.0,6.0,573.0,0.0,0.0,0.0,0.0,0.0,14.96997247131512,4.97795812023417,1025.9049556612858
60.0,3.0,291.0,0.0,0.0,0.0,0.0,0.0,12.884047571896945,11.066978056424416,551.4042502511996
68.0,3.0,204.0,0.0,0.0,0.0,0.0,0.0,4.97763601282108,6.022239214448351,586.43173226166
27.0,2.0,830.0,0.0,0.0,0.0,0.0,0.0,24.01930712279432,21.13983768455288,127.50737419756128
17.0,3.0,115.0,0.0,0.0,0.0,0.0,0.0,3.125553090646104,13.01695896089398,134.38318982613444
28.0,1.0,760.0,0.0,0.0,0.0,4.0,0.0,5.031040059644861,14.948991299392658,490.2484541428522
15.0,8.0,652.0,0.0,0.0,0.0,0.0,0.0,11.02992079748838,1.8679710611800788,1503.586828963808
73.0,6.0,25.0,0.0,0.0,0.0,0.0,0.0,23.002708626688893,14.954995804492802,28.692837170187065
63.0,2.0,390.0,0.0,0.0,0.0,0.0,0.0,20.97893881011565,14.999589685209216,887.6174691406309
84.0,11.0,468.0,8.0,40.0,115.0,470.0,24.0,9.287913221548646,4.97471525324931,1625.6854736215637
67.0,1.0,781.0,0.0,0.0,0.0,0.0,0.0,8.865018284719653,19.98002206207949,108.81068218048205
88.0,9.0,303.0,8.0,64.0,206.0,291.0,25.0,12.118813606052766,8.956955405160157,1740.3606079485028
75.0,8.0,498.0,0.0,0.0,0.0,0.0,0.0,16.097999924483194,4.946618376630201,147.3717200766188
63.0,2.0,372.0,0.0,0.0,0.0,0.0,0.0,19.964964793362327,14.945843859214593,1825.7254253203396
32.0,6.0,572.0,0.0,0.0,0.0,0.0,0.0,19.731423708699896,8.996035165961215,249.4957594804773
45.0,10.0,351.0,8.0,24.0,49.0,382.0,45.0,11.916447869120558,5.972441039387792,3381.5896775528377
21.0,9.0,363.0,0.0,0.0,4.0,40.0,2.0,15.105937994439785,9.875718071003323,1281.3458265237243
74.0,8.0,537.0,0.0,0.0,0.0,0.0,0.0,16.032850136910277,4.955431844049346,173.95772461338294
12.0,5.0,195.0,0.0,0.0,0.0,4.0,0.0,0.130072424774861,11.237868574518735,1387.997188711332
78.0,5.0,450.0,4.0,16.0,32.0,295.0,43.0,7.067346121750736,4.022933503297233,3093.952663052402
78.0,5.0,455.0,0.0,4.0,24.0,138.0,17.0,7.04524998836117,3.974182323386996,3229.7451937666924
26.0,8.0,645.0,0.0,0.0,0.0,0.0,0.0,13.140709420033817,6.935147220617928,723.1265460702408
74.0,8.0,512.0,0.0,0.0,0.0,0.0,0.0,17.02200963383176,5.881432305412298,124.66386972232976
45.0,10.0,358.0,0.0,4.0,16.0,60.0,17.0,11.868210289218316,3.973693014779562,2466.306446032429
59.0,6.0,625.0,0.0,0.0,0.0,0.0,0.0,21.79458327378967,10.111688858399525,110.58920786274588
26.0,8.0,696.0,0.0,0.0,0.0,0.0,0.0,16.01287093407194,6.97925941067038,95.7939389677888
17.0,3.0,113.0,0.0,0.0,0.0,0.0,0.0,2.9290757410994277,13.266486705939728,116.53242530767136
32.0,6.0,590.0,0.0,0.0,0.0,0.0,0.0,18.05081063519147,8.971634175164588,570.635593204566
28.0,1.0,799.0,0.0,0.0,0.0,0.0,0.0,11.034437057677184,18.09833998810854,519.6245137780716
58.0,6.0,18.0,0.0,0.0,0.0,0.0,0.0,21.824677691980952,13.051873390080912,104.52184840279304
80.0,3.0,153.0,0.0,0.0,0.0,0.0,0.0,8.109079741278244,13.209374747620677,154.13037421848483
23.0,3.0,248.0,0.0,0.0,0.0,92.0,3.0,4.098326981299013,6.875318978704526,1930.8893324153137
73.0,6.0,20.0,0.0,0.0,0.0,0.0,0.0,22.084738254641124,12.950900811541244,52.21680280639991
15.0,8.0,207.0,0.0,0.0,0.0,8.0,0.0,5.924532680918917,3.87875030912143,2248.738821786715
33.0,3.0,127.0,0.0,0.0,0.0,0.0,0.0,13.172035611549273,12.093752444450672,172.97556882838836
23.0,3.0,232.0,0.0,0.0,0.0,0.0,0.0,3.0515812690055517,7.926077628715624,339.7529581383238
26.0,8.0,658.0,0.0,0.0,0.0,0.0,0.0,14.949996917087692,5.9831818925088776,696.205317918585
26.0,8.0,696.0,0.0,0.0,0.0,0.0,0.0,14.98397617038282,7.0533778277594825,808.4729940098389
1.0,11.0,350.0,16.0,40.0,86.0,443.0,27.0,10.785575934411918,6.991502216552,3213.3318287115626
67.0,1.0,811.0,0.0,0.0,0.0,0.0,0.0,12.114257796636425,21.97054930298468,330.1756124502666
33.0,3.0,132.0,0.0,0.0,0.0,0.0,0.0,11.2355230238953,11.970289240622956,260.0275157926742
65.0,1.0,203.0,0.0,0.0,4.0,0.0,0.0,4.882279429344491,13.965819357666604,737.9516420826692
43.0,8.0,546.0,0.0,0.0,0.0,0.0,0.0,22.01274868893853,11.937590939518095,32.24461470753183
59.0,6.0,628.0,0.0,0.0,0.0,0.0,0.0,22.084050608397767,10.963705193441715,143.53011693892554
26.0,8.0,641.0,0.0,0.0,0.0,0.0,0.0,14.056564606141915,6.910134517719834,1221.496600159531
32.0,6.0,586.0,0.0,0.0,0.0,0.0,0.0,15.014396845238194,4.976574521214464,698.0898587400229
63.0,2.0,372.0,0.0,0.0,0.0,0.0,0.0,19.96120038178306,14.97788233743991,2156.8351583918325
70.0,3.0,87.0,0.0,0.0,0.0,0.0,0.0,7.049704461250948,11.047202555976863,83.22942675367068
12.0,5.0,171.0,0.0,4.0,0.0,12.0,0.0,2.9466753250427344,12.077535266724098,3414.421051602804
32.0,6.0,590.0,0.0,0.0,0.0,0.0,0.0,18.056335759142804,9.05826980945901,480.1617713436369
13.0,5.0,179.0,0.0,8.0,28.0,167.0,2.0,4.062217226999084,9.9542313269048,2075.047544710937
86.0,10.0,453.0,8.0,20.0,48.0,355.0,35.0,7.746584857852045,3.95338874178058,1940.0730688706967
74.0,8.0,709.0,0.0,0.0,0.0,4.0,0.0,12.891296023566133,2.164923735347517,247.96669386012024
72.0,3.0,158.0,0.0,0.0,0.0,0.0,0.0,7.165817222310641,9.93888318169627,104.39658778056004
86.0,10.0,743.0,0.0,8.0,16.0,64.0,12.0,9.05170863782268,1.939264360974566,1896.8590726237665
62.0,3.0,113.0,0.0,0.0,0.0,0.0,0.0,4.006603068799602,14.024316738057337,150.9283917744065
28.0,1.0,757.0,0.0,0.0,0.0,0.0,0.0,6.904109827041207,16.922945218851524,129.08496646203
69.0,3.0,134.0,0.0,0.0,0.0,0.0,0.0,9.045053252394997,8.058835768625492,183.15611350930237
31.0,3.0,152.0,0.0,0.0,0.0,0.0,0.0,10.24372584645975,12.95482388076145,65.97146402815787
67.0,1.0,785.0,0.0,0.0,0.0,0.0,0.0,10.054959524855798,20.007091809375,145.5985746533786
31.0,3.0,152.0,0.0,0.0,0.0,0.0,0.0,8.841591495053706,12.94381476402112,108.60172240831086
15.0,8.0,218.0,0.0,0.0,4.0,68.0,7.0,6.187334707472427,5.048140569907349,1354.5497933382887
25.0,8.0,685.0,0.0,0.0,0.0,0.0,0.0,17.929941831803433,9.100053736487924,93.99523129761056
0.0,2.0,391.0,0.0,0.0,0.0,0.0,0.0,21.92347863591395,15.762706807108554,447.862177201384
73.0,6.0,29.0,0.0,0.0,0.0,0.0,0.0,23.09009953642903,14.168737887236825,213.5879478510085
0.0,2.0,821.0,0.0,0.0,0.0,0.0,0.0,24.998972303097524,20.127794201569284,480.9412404914983
26.0,8.0,635.0,0.0,0.0,0.0,0.0,1.0,13.080009249498431,5.058975318969719,695.7900263812905
15.0,8.0,226.0,0.0,0.0,0.0,4.0,0.0,8.976052090322309,3.009942921717369,1570.6372085742937
63.0,2.0,376.0,0.0,0.0,0.0,0.0,0.0,19.00340617548639,13.178726239815113,1206.2239673589406
15.0,8.0,635.0,0.0,0.0,0.0,0.0,1.0,11.88782510135015,4.035943008498681,1350.3121681542343
15.0,8.0,228.0,0.0,0.0,0.0,8.0,1.0,8.010814197560988,3.017763367036593,2129.119862553774
63.0,2.0,308.0,0.0,0.0,4.0,12.0,1.0,15.8626474838549,13.086824179191904,2118.9270870798687
30.0,9.0,363.0,0.0,0.0,4.0,40.0,1.0,15.057056621071707,10.078466103057114,1158.5409530221782
79.0,9.0,44.0,0.0,0.0,0.0,0.0,0.0,19.044812935274805,9.972528233421537,447.1271701738197
66.0,2.0,381.0,0.0,0.0,0.0,0.0,0.0,17.91236513406078,12.013159505105612,648.7849660851914
76.0,3.0,236.0,0.0,0.0,0.0,0.0,0.0,1.8723013747433055,9.940731842817652,186.3114109843933
88.0,9.0,350.0,8.0,42.0,85.0,414.0,47.0,11.048521558230696,8.03763555598848,2256.415827501125
45.0,10.0,711.0,0.0,0.0,4.0,16.0,1.0,13.013943754695797,3.961007036967225,3372.379125500466
72.0,3.0,163.0,0.0,0.0,0.0,0.0,0.0,7.951844895724553,11.046852596899496,401.65051054435065
75.0,8.0,518.0,0.0,0.0,0.0,0.0,0.0,19.988792844681964,8.719382371521213,188.65553317236007
24.0,8.0,698.0,0.0,0.0,4.0,4.0,0.0,12.05581036216961,1.0343482676840186,1372.25548142179
33.0,3.0,127.0,0.0,0.0,0.0,0.0,0.0,12.929544824678358,12.20447936589341,171.06783088612158
37.0,1.0,439.0,0.0,0.0,8.0,234.0,1.0,6.931283114610912,12.06877258475338,2307.26462707883
9.0,8.0,266.0,0.0,0.0,0.0,0.0,0.0,15.257227724897406,12.092332576915904,126.59259046121164
27.0,2.0,413.0,0.0,0.0,0.0,0.0,0.0,19.963957761876262,15.974414029589596,76.72377807766803
32.0,6.0,560.0,0.0,0.0,0.0,0.0,0.0,18.917495561265863,8.125452980633197,263.2294834807475
59.0,6.0,621.0,0.0,0.0,0.0,0.0,0.0,21.981643789722035,11.08838191472889,180.86552493495688
80.0,3.0,253.0,0.0,0.0,0.0,0.0,0.0,8.088891456565669,14.063594243131492,308.9272602069786
45.0,10.0,713.0,0.0,0.0,0.0,20.0,1.0,14.051661575119397,3.9571931681528967,3488.769227476951
67.0,1.0,758.0,0.0,0.0,0.0,0.0,0.0,9.134444989869577,18.10298320745264,36.14224584731772
59.0,6.0,544.0,0.0,0.0,0.0,0.0,0.0,23.06517786472657,13.086104208546883,260.36023768441504
43.0,8.0,542.0,0.0,0.0,0.0,0.0,0.0,23.22059168396557,13.170049891457436,43.71119041989897
27.0,2.0,412.0,0.0,0.0,0.0,0.0,0.0,18.99209141943076,15.953971214137225,53.77908027345467
58.0,6.0,61.0,0.0,0.0,0.0,0.0,0.0,23.03201666592341,12.91007681778953,82.26952235439555
25.0,8.0,693.0,0.0,0.0,0.0,0.0,0.0,17.06828737455304,8.019206432348572,962.0387315566094
30.0,9.0,365.0,0.0,0.0,24.0,83.0,6.0,14.172805663814165,9.01329555950744,1127.2242067103398
0.0,2.0,391.0,0.0,0.0,0.0,0.0,0.0,22.06062469177639,16.990208589452365,525.22185868044
37.0,1.0,423.0,0.0,0.0,48.0,313.0,4.0,6.19573891982453,10.948223090140138,1508.126360118375
59.0,6.0,622.0,0.0,0.0,0.0,0.0,0.0,22.965442901913782,12.15412299374132,203.1976344508668
33.0,3.0,127.0,0.0,0.0,0.0,0.0,0.0,13.065501844696742,12.15082067987825,224.60718205310744
0.0,2.0,76.0,0.0,0.0,0.0,0.0,0.0,25.877302297637414,20.96647383811779,446.20703011673066
60.0,3.0,284.0,0.0,0.0,0.0,0.0,0.0,14.117089754089209,11.92669933842614,740.775890896844
67.0,1.0,757.0,0.0,0.0,0.0,0.0,0.0,7.993079560144694,18.05470085179076,52.54606840537505
29.0,10.0,589.0,0.0,0.0,0.0,0.0,0.0,17.077094869871477,8.893584975786982,1110.215550185165
43.0,8.0,502.0,0.0,0.0,0.0,0.0,0.0,19.32725044652665,8.926331859132066,55.85012480261968
12.0,5.0,168.0,0.0,4.0,0.0,60.0,0.0,2.156496766889915,10.026921520967935,1856.8899381812844
31.0,3.0,151.0,0.0,0.0,0.0,0.0,0.0,8.83799956572852,13.993803391715254,140.82806647345373
25.0,8.0,686.0,0.0,0.0,0.0,0.0,0.0,18.748582271487823,10.09356513911557,254.5659751049793
15.0,8.0,731.0,0.0,0.0,0.0,4.0,0.0,10.20863739536377,0.9060899644342846,1622.7983185214762
9.0,8.0,278.0,0.0,0.0,0.0,0.0,0.0,19.036018795223598,12.935042683276436,117.00501636598943
86.0,10.0,469.0,8.0,36.0,33.0,480.0,18.0,8.894734160714812,4.931972496027175,2672.8934940292697
45.0,10.0,358.0,0.0,4.0,16.0,60.0,14.0,12.13427008765638,3.983607858175888,2825.006297163146
28.0,1.0,808.0,0.0,0.0,0.0,0.0,0.0,11.952499982612428,21.027879883038157,374.3841561233647
58.0,6.0,55.0,0.0,0.0,0.0,0.0,0.0,24.971021455174377,14.093318021946422,72.42212879628708
25.0,8.0,681.0,0.0,0.0,0.0,0.0,0.0,18.90153421533773,9.94150441816236,386.2346721188208
66.0,2.0,406.0,0.0,0.0,4.0,40.0,1.0,15.957871003217006,11.040388169751994,921.4254225031672
23.0,3.0,238.0,0.0,0.0,0.0,0.0,1.0,2.1376915541703263,9.048343718437469,171.19029419004605
57.0,3.0,144.0,0.0,0.0,0.0,0.0,0.0,11.024222926286413,9.941284410568525,101.39845768538495
66.0,2.0,45.0,0.0,0.0,0.0,0.0,0.0,21.101988466927175,13.994775388241711,304.689996435459
72.0,3.0,158.0,0.0,0.0,0.0,0.0,0.0,7.0081616308199,10.112511573646373,890.7914805073648
15.0,8.0,206.0,0.0,0.0,0.0,28.0,2.0,4.995015120186777,5.166886709619078,2349.373003573364
59.0,6.0,601.0,0.0,0.0,0.0,0.0,0.0,24.009296543461417,11.898717705856454,19.99455392886978
75.0,8.0,515.0,0.0,0.0,0.0,0.0,0.0,18.962185324513342,7.928593957193613,129.3344721713829
75.0,8.0,493.0,0.0,0.0,0.0,0.0,0.0,16.917332623209404,6.937472958445461,154.3819830927779
86.0,10.0,451.0,4.0,4.0,20.0,130.0,18.0,7.944842600217555,3.126139407301572,2732.296930269963
29.0,10.0,319.0,0.0,0.0,4.0,32.0,0.0,14.961961472894028,7.066635557957089,1198.2603087290624
32.0,6.0,564.0,0.0,0.0,0.0,0.0,0.0,17.013456262279572,6.892061943933268,622.9164634198282
30.0,9.0,405.0,0.0,0.0,4.0,16.0,2.0,15.941298940760138,11.81838415953557,865.6347946533292
9.0,8.0,278.0,0.0,0.0,0.0,0.0,0.0,17.95253952289047,13.113666264953665,119.56613652591754
32.0,6.0,562.0,0.0,0.0,0.0,0.0,0.0,17.55613625669991,6.9801156368470165,485.22138285920914
78.0,5.0,451.0,0.0,4.0,44.0,187.0,36.0,8.231096652798447,4.033590018258843,3046.710072968175
86.0,10.0,726.0,0.0,8.0,4.0,52.0,9.0,8.987534003579803,1.9866867761036084,2590.2283227142884
9.0,8.0,281.0,0.0,0.0,0.0,0.0,0.0,16.931428683024116,13.006739862507812,54.1392220481654
0.0,2.0,391.0,0.0,0.0,0.0,0.0,0.0,21.942191164869865,16.129534083442756,357.1417282359092
45.0,10.0,715.0,0.0,4.0,4.0,28.0,6.0,11.825808002256576,2.8697608297741986,3987.488436874398
43.0,8.0,683.0,0.0,0.0,0.0,0.0,0.0,19.048826023383384,8.951555424938853,62.54773633147644
78.0,5.0,481.0,4.0,28.0,52.0,397.0,15.0,5.94221021955757,5.962002287786833,3172.516620704089
31.0,3.0,153.0,0.0,0.0,0.0,0.0,0.0,8.84896650586038,13.083815440263704,136.5503863059555
26.0,8.0,640.0,0.0,0.0,0.0,0.0,0.0,15.066698207660547,7.923041728215425,716.7410291245218
28.0,1.0,775.0,0.0,0.0,0.0,4.0,1.0,7.091899532670969,16.08457507707477,451.036983852593
62.0,3.0,107.0,0.0,0.0,0.0,0.0,0.0,4.928026249213692,14.990106608726515,134.9138072077979
58.0,6.0,66.0,0.0,0.0,0.0,0.0,0.0,23.956959050909337,12.923053133040684,106.964565345945
45.0,10.0,724.0,0.0,0.0,0.0,8.0,0.0,12.860444255291684,3.2110885246690146,2534.114022738055
45.0,10.0,353.0,4.0,12.0,16.0,135.0,31.0,11.954312490627554,4.845934939638489,3319.837992195964
65.0,1.0,198.0,0.0,4.0,0.0,16.0,0.0,3.1135414620460167,11.855370917212603,724.4926992037
15.0,8.0,229.0,0.0,0.0,0.0,0.0,0.0,7.124447133314577,3.8822024997095874,1618.9203705745397
73.0,6.0,10.0,0.0,0.0,0.0,0.0,0.0,20.83786008639216,12.730315751795274,188.78870097139068
32.0,6.0,567.0,0.0,0.0,0.0,0.0,0.0,17.880576785253073,7.104813715184669,270.2917114441451
43.0,8.0,546.0,0.0,0.0,0.0,0.0,0.0,21.87541270894744,11.954094487412712,36.1581087876443
22.0,2.0,297.0,0.0,4.0,16.0,338.0,1.0,13.082814950997886,12.943010710425192,2639.14598449174
74.0,8.0,534.0,0.0,0.0,0.0,0.0,0.0,16.005159108758157,5.015941192248688,125.46284115970862
69.0,3.0,137.0,0.0,0.0,0.0,0.0,0.0,8.045137516581045,8.880799940843248,162.66736222005818
59.0,6.0,625.0,0.0,0.0,0.0,0.0,0.0,20.76235865218008,9.9567345283587,184.8369282692385
37.0,1.0,436.0,0.0,0.0,4.0,40.0,0.0,5.846751817301763,12.891916921759847,2377.123994288865
68.0,3.0,217.0,0.0,0.0,0.0,0.0,0.0,5.9321039801369855,6.105231863464706,647.0918921668316
67.0,1.0,260.0,0.0,0.0,0.0,0.0,0.0,6.045777498780768,17.029456610297977,104.17493609334392
63.0,2.0,378.0,0.0,0.0,0.0,0.0,0.0,19.84056383343,13.902265219875067,380.96411225110194
66.0,2.0,377.0,0.0,0.0,0.0,0.0,0.0,19.086713583046645,12.058980677033988,407.2069509490537
75.0,8.0,506.0,0.0,0.0,0.0,0.0,0.0,17.969788370043602,6.870260847915003,168.99871206725723
31.0,3.0,152.0,0.0,0.0,0.0,0.0,0.0,10.092299534845338,12.965453369947506,65.21168571329666
28.0,1.0,767.0,0.0,0.0,0.0,0.0,1.0,7.935357177319762,17.11319428698124,540.8915489348789
15.0,8.0,678.0,0.0,0.0,0.0,0.0,1.0,8.92560753272883,3.8977240788486287,1542.815507190174
44.0,8.0,632.0,0.0,0.0,0.0,0.0,1.0,12.042381801276695,4.993075363138408,263.4912209144689
68.0,3.0,241.0,0.0,0.0,0.0,0.0,0.0,5.166820337505385,7.002594376978553,286.3894019644266
26.0,8.0,634.0,0.0,0.0,0.0,0.0,0.0,12.063402487890494,3.94083488479685,824.5589125625747
59.0,6.0,611.0,0.0,0.0,0.0,0.0,0.0,25.04066913190745,13.151559883175056,161.52802591762983
12.0,5.0,169.0,0.0,0.0,4.0,0.0,0.0,2.2394206928611733,12.02463105599355,2125.323849653795
78.0,5.0,728.0,0.0,0.0,4.0,32.0,2.0,6.905327837321848,2.931911752977926,3743.3889015731097
9.0,8.0,263.0,0.0,0.0,0.0,0.0,0.0,14.996957293502648,11.029071575074264,136.5962975780202
9.0,8.0,277.0,0.0,0.0,0.0,0.0,0.0,18.007688442762866,11.9705945924624,146.5887775450402
63.0,2.0,388.0,0.0,0.0,0.0,0.0,0.0,20.85851308661953,16.021304371535923,927.6246494595986
33.0,3.0,284.0,0.0,0.0,0.0,0.0,0.0,13.916481729868206,11.927641482787676,171.50893838896124
44.0,8.0,667.0,0.0,0.0,0.0,0.0,0.0,11.952363644259966,7.930110217983022,411.8154968312151
80.0,3.0,254.0,0.0,0.0,0.0,0.0,0.0,7.939584133577052,12.986324786923989,84.68983106829472
17.0,3.0,195.0,0.0,0.0,0.0,4.0,0.0,0.0,11.081446974115511,449.29156019989
43.0,8.0,681.0,0.0,0.0,0.0,0.0,0.0,19.02407072223661,9.098762255548808,62.59633686420735
74.0,8.0,705.0,0.0,0.0,0.0,0.0,0.0,12.861414950242686,2.907396136400089,305.67156753787697
0.0,2.0,75.0,0.0,0.0,0.0,0.0,0.0,26.20797863610512,19.942770907997343,334.50070559054905
70.0,3.0,87.0,0.0,0.0,0.0,0.0,0.0,7.157615758556862,11.87292710254805,137.74883462566743
58.0,6.0,68.0,0.0,0.0,0.0,0.0,0.0,22.79013936731545,11.947317566589696,95.21246846960982
59.0,6.0,628.0,0.0,0.0,0.0,0.0,0.0,21.91485238649773,10.979760953152322,183.49977614598947
58.0,6.0,67.0,0.0,0.0,0.0,0.0,0.0,21.993960101228183,10.988621411302828,162.72000925191142
44.0,8.0,661.0,0.0,0.0,0.0,0.0,0.0,10.8872826277386,6.036568609872685,206.56535194890492
32.0,6.0,585.0,0.0,0.0,0.0,0.0,0.0,16.067779836647944,4.957846422903356,541.4434432831657
24.0,8.0,710.0,0.0,0.0,0.0,4.0,0.0,11.972316412346856,1.1139069152511467,1335.3149622938888
62.0,3.0,119.0,0.0,0.0,0.0,0.0,0.0,3.103504204787316,14.105549013221095,177.111384073158
75.0,8.0,517.0,0.0,0.0,0.0,0.0,0.0,17.860536708801817,7.885430944582477,64.73591237439956
9.0,8.0,270.0,0.0,0.0,0.0,0.0,0.0,14.955325695619203,10.025699841898463,95.81789502843546
1.0,11.0,460.0,20.0,93.0,322.0,182.0,49.0,11.086354267452808,8.01463961418583,4659.297378304692
0.0,2.0,75.0,0.0,0.0,0.0,0.0,0.0,25.961018620689497,19.93407568286885,475.028856788633
62.0,3.0,109.0,0.0,0.0,0.0,0.0,0.0,6.347221249699677,16.077227897282256,94.76101376739967
44.0,8.0,661.0,0.0,0.0,0.0,0.0,0.0,10.930803739931664,5.870549772675608,512.1253391485042
43.0,8.0,549.0,0.0,0.0,0.0,0.0,0.0,20.05040162641415,10.968198269764086,85.19957862347304
43.0,8.0,546.0,0.0,0.0,0.0,0.0,0.0,21.94939251504229,11.82123634932172,40.76931660155872
62.0,3.0,111.0,0.0,0.0,0.0,0.0,0.0,5.977327182974058,13.909363447832805,136.79838119819533
12.0,5.0,168.0,0.0,4.0,0.0,76.0,1.0,1.89567470749374,10.174763604055483,2677.277853347576
15.0,8.0,213.0,0.0,0.0,0.0,0.0,0.0,7.13904861366178,3.992389009332128,1187.4530654797215
80.0,3.0,151.0,0.0,0.0,0.0,0.0,0.0,8.998857871781814,14.053075899967236,201.4943061540394
33.0,3.0,286.0,0.0,0.0,0.0,0.0,0.0,14.17712959044696,12.060257517668244,98.66806656935545
86.0,10.0,726.0,0.0,8.0,20.0,72.0,16.0,7.857951098176544,3.0113630929830832,4099.256085256148
44.0,8.0,671.0,0.0,0.0,0.0,0.0,0.0,12.209122586590714,8.106445421394582,173.36943819439742
43.0,8.0,515.0,0.0,0.0,0.0,0.0,0.0,19.06484379015945,7.997900690206142,81.78270425562918
15.0,8.0,231.0,0.0,0.0,0.0,12.0,0.0,7.018042197284504,4.078341145426158,2499.5869775325755
43.0,8.0,623.0,0.0,0.0,0.0,0.0,0.0,20.98243453780575,10.9546415989679,49.49252744552346
78.0,5.0,726.0,0.0,8.0,8.0,56.0,13.0,8.913180923650287,1.96720009927256,3372.856400741544
64.0,6.0,14.0,0.0,0.0,0.0,0.0,0.0,20.008528357899955,11.954419683306648,965.7882795986548
23.0,3.0,483.0,0.0,4.0,16.0,176.0,6.0,4.979828877760784,5.902283164420274,1435.7613122884393
75.0,8.0,508.0,0.0,0.0,0.0,0.0,0.0,18.11793129383668,6.97365385898204,152.4100546067159
9.0,8.0,270.0,0.0,0.0,0.0,0.0,0.0,15.165462099355432,9.96889362703654,133.86601110637417
93.0,1.0,417.0,0.0,0.0,4.0,146.0,1.0,8.147890926051574,13.17375357870263,1288.533995590596
24.0,8.0,726.0,0.0,8.0,16.0,56.0,14.0,9.081342119409976,2.02552555175076,2674.663429836694
9.0,8.0,273.0,0.0,0.0,0.0,0.0,0.0,15.188764708997944,8.89512506769896,172.09171654419058
25.0,8.0,529.0,0.0,0.0,0.0,0.0,0.0,15.982577310767043,6.229228921292222,1334.6248564400153
62.0,3.0,118.0,0.0,0.0,0.0,0.0,0.0,3.903315873037685,13.95077265753708,78.71950008169759
29.0,10.0,44.0,0.0,0.0,0.0,0.0,0.0,18.955437586731108,10.758535400507045,445.9746118770248
59.0,6.0,602.0,0.0,0.0,0.0,0.0,0.0,23.786914917269826,11.919578987198536,137.06076351685277
33.0,3.0,291.0,0.0,0.0,0.0,0.0,0.0,13.173550440215084,11.096089563897518,156.3868506528652
82.0,8.0,498.0,0.0,0.0,0.0,0.0,0.0,15.790241291171178,5.115176473834514,140.37600725626956
93.0,1.0,442.0,0.0,0.0,0.0,32.0,1.0,7.120685623978791,13.921709060284694,1112.6004991115635
28.0,1.0,753.0,0.0,0.0,0.0,0.0,0.0,6.986999333295517,16.07177459266042,443.30093224412553
57.0,3.0,122.0,0.0,0.0,0.0,0.0,0.0,9.91237275522214,9.88738229378414,334.01251930149806
61.0,1.0,779.0,0.0,0.0,0.0,0.0,0.0,8.09090931288298,16.848090582465097,573.3140000364315
27.0,2.0,830.0,0.0,0.0,0.0,0.0,0.0,24.181337714616166,21.024096537596,23.620901359416337
58.0,6.0,64.0,0.0,0.0,0.0,0.0,0.0,24.01854959749346,12.775698939696222,92.56808988147247
20.0,9.0,336.0,0.0,0.0,0.0,24.0,1.0,15.949471375994989,10.100449869448129,1688.0107458239263
32.0,6.0,570.0,0.0,0.0,0.0,0.0,0.0,18.9870266985816,9.151180486073237,306.3561087503791
30.0,9.0,362.0,0.0,4.0,4.0,60.0,0.0,15.076963504217838,10.07031096125508,1592.014623433781
37.0,1.0,422.0,4.0,40.0,172.0,341.0,5.0,6.975756619546785,10.932401281183012,1541.7218973832055
66.0,2.0,47.0,0.0,0.0,0.0,0.0,0.0,20.07186868395306,13.082792352263834,325.1709973282904
32.0,6.0,536.0,0.0,0.0,0.0,0.0,0.0,14.900016499350214,3.95776091428792,543.8462830394383
79.0,9.0,38.0,0.0,0.0,0.0,0.0,0.0,18.100244997912764,11.019363850600335,511.8050155800166
59.0,6.0,613.0,0.0,0.0,0.0,0.0,0.0,21.881876619558515,10.940501649064856,32.61049089721062
70.0,3.0,253.0,0.0,0.0,0.0,0.0,0.0,7.913595765505679,13.930745216654334,61.63904280909535
43.0,8.0,558.0,0.0,0.0,0.0,0.0,0.0,21.240557391443208,10.015661720218484,84.58804445575795
23.0,3.0,238.0,0.0,0.0,0.0,0.0,0.0,2.1345641566573126,8.941212962301499,116.14915540817088
62.0,3.0,119.0,0.0,0.0,0.0,0.0,0.0,3.865686417054444,14.005346676182802,193.0165925551128
67.0,1.0,748.0,0.0,0.0,0.0,0.0,0.0,11.963369926956563,21.98861222250598,170.8083134005692
57.0,3.0,664.0,0.0,0.0,0.0,0.0,0.0,8.844026607044423,6.972595104890613,297.2696220529825
71.0,9.0,365.0,0.0,4.0,28.0,149.0,4.0,13.88842701802136,8.729914342183239,1456.3396465534288
78.0,5.0,224.0,0.0,0.0,16.0,123.0,5.0,6.202241088335001,5.067313764810882,2459.7616192946275
70.0,3.0,255.0,0.0,0.0,0.0,0.0,0.0,7.79188074860006,14.898774691359302,72.18576511694353
26.0,8.0,634.0,0.0,0.0,0.0,0.0,0.0,11.168693923175695,4.003217861578736,526.9891343385881
59.0,6.0,607.0,0.0,0.0,0.0,0.0,0.0,23.74229142258139,12.962137959529745,198.48061190507536
27.0,2.0,836.0,0.0,0.0,0.0,0.0,0.0,22.06623885087322,18.890805526035702,151.2794668387375
32.0,6.0,580.0,0.0,0.0,0.0,0.0,0.0,16.15776072406035,5.083649895317713,671.5937147651613
27.0,2.0,394.0,0.0,0.0,0.0,4.0,1.0,17.93974175584619,14.09099522594608,84.33700258755754
74.0,8.0,567.0,0.0,0.0,0.0,0.0,0.0,18.018148853201687,6.992998154116724,84.59179716275482
71.0,9.0,352.0,20.0,42.0,89.0,402.0,40.0,11.98827859243348,8.020872419368928,504.17603821686936
58.0,6.0,57.0,0.0,0.0,0.0,0.0,0.0,24.96906859859568,14.056933726966168,95.18610727055972
44.0,8.0,632.0,0.0,0.0,0.0,0.0,1.0,12.010886377772902,4.814525575620031,276.24400930129593
45.0,10.0,724.0,0.0,0.0,0.0,8.0,0.0,12.849501452389672,3.106474181177383,3856.774063788783
66.0,2.0,34.0,0.0,0.0,0.0,0.0,0.0,20.06747363645492,13.123449837695231,343.53063566984827
0.0,2.0,814.0,0.0,0.0,0.0,0.0,0.0,27.09203094683245,22.914290299378088,382.8846592531504
45.0,10.0,329.0,0.0,0.0,4.0,28.0,1.0,13.772252093591858,4.806834157264956,3622.4354151091898
33.0,3.0,284.0,0.0,0.0,0.0,0.0,0.0,14.053467017613544,12.008281946613694,263.89098588473627
57.0,3.0,138.0,0.0,0.0,0.0,0.0,0.0,8.061378551109039,8.979959544628498,383.7006863678674
29.0,10.0,42.0,0.0,0.0,0.0,0.0,0.0,17.981754072644904,9.01549966563603,467.8448273879743
74.0,8.0,567.0,0.0,0.0,0.0,0.0,0.0,18.21812957851205,7.01923503925185,121.67372852924524
25.0,8.0,655.0,0.0,0.0,0.0,0.0,0.0,13.960306347546132,4.180570455327302,1083.4079499864858
28.0,1.0,767.0,0.0,0.0,0.0,0.0,1.0,9.306361871541254,16.980670754033824,582.5640529178493
67.0,1.0,260.0,0.0,0.0,0.0,0.0,0.0,6.063191761209311,16.92321106544671,222.79055873807584
32.0,6.0,572.0,0.0,0.0,0.0,0.0,0.0,18.95910139023498,8.999763544604043,324.61214242691324
78.0,5.0,730.0,0.0,4.0,8.0,52.0,12.0,8.165440834288852,3.120639603752922,3965.829413316277
58.0,6.0,52.0,0.0,0.0,0.0,0.0,0.0,24.953298984793527,14.057138898928384,96.37429505564842
72.0,3.0,155.0,0.0,0.0,0.0,0.0,0.0,10.065238465564146,12.093435372042691,203.059450160602
59.0,6.0,617.0,0.0,0.0,0.0,0.0,0.0,19.86008897070794,9.035485937677953,274.8049844961814
70.0,3.0,112.0,0.0,0.0,0.0,0.0,0.0,5.960565764495351,12.92182509021766,282.2637120801565
59.0,6.0,616.0,0.0,0.0,0.0,0.0,0.0,20.17109721740469,9.055922318731374,186.03117850766543
23.0,3.0,483.0,0.0,0.0,24.0,125.0,7.0,4.004279493079255,6.2135916271768,1462.087122057593
66.0,2.0,48.0,0.0,0.0,0.0,0.0,0.0,21.111492587684385,12.91822888801854,277.60544555858326
59.0,6.0,555.0,0.0,0.0,0.0,0.0,0.0,23.007112429944183,12.088738745610437,180.75829671302623
58.0,6.0,68.0,0.0,0.0,0.0,0.0,0.0,23.109500888805915,11.898254048000672,98.18642405947284
23.0,3.0,248.0,0.0,0.0,12.0,108.0,4.0,4.176876667414738,7.035390996314181,1658.3359519184294
59.0,6.0,565.0,0.0,0.0,0.0,0.0,0.0,20.10988835134281,8.08482137259404,160.2179732195811
28.0,1.0,799.0,0.0,0.0,0.0,0.0,0.0,11.141101379039858,17.899166627861014,247.4973769528111
74.0,8.0,540.0,0.0,0.0,0.0,0.0,0.0,15.113732874455296,2.940267566524009,594.8170333098799
59.0,6.0,611.0,0.0,0.0,0.0,0.0,0.0,24.970825335593275,13.91982174817274,123.79970366760055
59.0,6.0,602.0,0.0,0.0,0.0,0.0,0.0,23.8816608848536,13.10998019602668,149.66737334238843
69.0,3.0,138.0,0.0,0.0,0.0,0.0,0.0,9.031591113232242,9.001708733809647,74.03342430855433
30.0,9.0,361.0,0.0,0.0,24.0,79.0,6.0,14.134459757914383,8.938418883832632,1642.6121245836866
37.0,1.0,200.0,0.0,4.0,0.0,8.0,0.0,3.958916220812744,13.034495017500474,1501.8125112570012
71.0,9.0,366.0,0.0,4.0,8.0,95.0,1.0,14.030990736679495,9.92044643497434,1820.066534603248
28.0,1.0,796.0,0.0,0.0,0.0,0.0,0.0,10.996477640115488,20.06341660380041,387.5075180431127
28.0,1.0,759.0,0.0,0.0,0.0,4.0,0.0,6.071773988850425,14.946464747496748,540.7525590047042
66.0,2.0,47.0,0.0,0.0,0.0,0.0,0.0,21.064153852387925,14.051788960936785,408.667147098588
28.0,1.0,756.0,0.0,0.0,0.0,0.0,0.0,8.04294502000654,17.863917259747133,77.71637524185181
73.0,6.0,5.0,0.0,0.0,0.0,0.0,0.0,24.62648662475572,15.939599674626212,121.80872601269768
72.0,3.0,159.0,0.0,0.0,0.0,0.0,0.0,8.084967075116344,9.993687084254624,497.3776661544832
37.0,1.0,423.0,0.0,0.0,48.0,390.0,4.0,5.7834920103374206,12.115990445692358,1853.1664491181184
34.0,10.0,716.0,0.0,0.0,8.0,20.0,5.0,11.904043777032095,3.049966586318273,1608.732734687573
31.0,3.0,152.0,0.0,0.0,0.0,0.0,0.0,9.980332936285738,13.061711131419694,30.538880651782957
59.0,6.0,626.0,0.0,0.0,0.0,0.0,0.0,22.07527454582746,11.006247739045936,36.22215888254028
70.0,3.0,88.0,0.0,0.0,0.0,0.0,0.0,6.002826753591846,12.001825250625506,60.64686466751068
86.0,10.0,730.0,0.0,4.0,8.0,56.0,15.0,8.022939276628875,2.997540372650837,1722.1668626457404
65.0,1.0,197.0,0.0,0.0,4.0,0.0,0.0,3.757287427696324,12.94711329575206,176.96883442527306
72.0,3.0,158.0,0.0,0.0,0.0,0.0,0.0,6.882852545807593,9.87159884527247,349.88315906739643
32.0,6.0,559.0,0.0,0.0,0.0,0.0,0.0,18.010936910168365,8.025736415019034,478.94106460361695
44.0,8.0,636.0,0.0,0.0,0.0,0.0,1.0,10.884374666058756,5.017470125241863,386.17207252134585
62.0,3.0,82.0,0.0,0.0,0.0,0.0,0.0,2.8700277594980474,10.911256630657984,199.6163578171165
9.0,8.0,280.0,0.0,0.0,0.0,0.0,0.0,18.033008127970245,11.972454962725829,94.53121442130508
34.0,10.0,712.0,0.0,0.0,0.0,16.0,1.0,13.18977943427084,4.159604828080529,1742.4663233625756
73.0,6.0,1.0,0.0,0.0,0.0,0.0,0.0,27.11126743618464,17.966147718213037,73.3437464751595
69.0,3.0,138.0,0.0,0.0,0.0,0.0,0.0,9.06700823210943,9.098149144684871,346.45299228999875
74.0,8.0,537.0,0.0,0.0,0.0,0.0,0.0,16.987966620524087,5.983593371125418,99.45166183124644
22.0,2.0,312.0,0.0,218.0,205.0,178.0,10.0,9.95866853560478,11.202635578078269,3718.299150610062
25.0,8.0,504.0,0.0,0.0,0.0,0.0,0.0,18.96892256756892,9.115752600948914,265.5290847125571
80.0,3.0,163.0,0.0,0.0,0.0,0.0,0.0,6.909040095518719,10.28832094190826,251.2253570187409
80.0,3.0,149.0,0.0,0.0,0.0,0.0,0.0,8.044262425030373,11.942483170111023,161.9081875228804
68.0,3.0,233.0,0.0,0.0,0.0,0.0,0.0,3.941591910867208,7.027953996383953,644.9824767123108
28.0,1.0,758.0,0.0,0.0,0.0,0.0,0.0,8.993245208512771,18.90272054386075,466.5229407734744
69.0,3.0,161.0,0.0,0.0,0.0,0.0,0.0,6.911494817728353,8.989038083061077,204.42738662053284
59.0,6.0,615.0,0.0,0.0,0.0,0.0,0.0,20.98401566187513,9.990659296080072,96.28592678042124
60.0,3.0,141.0,0.0,0.0,0.0,0.0,0.0,12.1495674960732,9.14221330722697,1011.3734994610628
28.0,1.0,798.0,0.0,0.0,0.0,0.0,0.0,11.120775917008393,20.91606176003679,189.39674195693016
58.0,6.0,78.0,0.0,0.0,0.0,0.0,0.0,27.13155395722321,15.876807687785425,97.17194858906454
25.0,8.0,520.0,0.0,0.0,0.0,0.0,0.0,14.888791230683646,3.9241042112869247,853.015543777427
23.0,3.0,252.0,0.0,0.0,0.0,56.0,1.0,2.89070940322752,8.08839654116791,1720.3179545983012
58.0,6.0,61.0,0.0,0.0,0.0,0.0,0.0,23.171581780814776,12.969623007903625,147.9630872684217
25.0,8.0,521.0,0.0,0.0,0.0,0.0,0.0,16.0553555698445,5.118684610258568,716.4599411304828
32.0,6.0,582.0,0.0,0.0,0.0,0.0,0.0,16.893796765055537,6.021709776417693,267.740904626098
23.0,3.0,252.0,0.0,0.0,0.0,56.0,1.0,2.959610667384469,7.089899881021203,1776.1624033181122
78.0,5.0,726.0,0.0,8.0,4.0,56.0,11.0,8.10296939483244,2.011138719579744,2529.306399410772
62.0,3.0,106.0,0.0,0.0,0.0,0.0,0.0,3.9681478933090415,10.98792472733176,188.2899602122073
33.0,3.0,132.0,0.0,0.0,0.0,0.0,0.0,11.086214198725632,11.012627645010902,168.34212169772562
13.0,5.0,179.0,0.0,8.0,24.0,196.0,1.0,3.861144747586104,10.162478970077826,1319.190688007122
29.0,10.0,327.0,0.0,0.0,4.0,20.0,0.0,15.008277054417926,6.920911729775192,1386.234020741014
75.0,8.0,497.0,0.0,0.0,0.0,0.0,0.0,16.991213585447408,6.925148457381387,76.40148619701822
78.0,5.0,451.0,4.0,4.0,24.0,108.0,20.0,7.905720125303631,3.113563972032703,2823.065587087219
58.0,6.0,50.0,0.0,0.0,0.0,0.0,0.0,24.107180055117748,14.146606672202138,88.08153684497478
26.0,8.0,651.0,0.0,0.0,0.0,0.0,1.0,12.903137921220818,3.9631249662914136,582.5753606897858
62.0,3.0,81.0,0.0,0.0,0.0,0.0,0.0,2.957032518477068,11.850573937479265,298.78944850119893
58.0,6.0,20.0,0.0,0.0,0.0,0.0,0.0,21.979225223591687,13.096362658057378,108.3531056738837
66.0,2.0,48.0,0.0,0.0,0.0,0.0,0.0,20.97747099343568,13.006625643714456,378.6471666084679
27.0,2.0,834.0,0.0,0.0,0.0,0.0,0.0,24.077198105860383,20.103067618715944,31.215777746614737
58.0,6.0,64.0,0.0,0.0,0.0,0.0,0.0,24.084380660520843,13.108605008500586,150.86309182603884
78.0,5.0,481.0,4.0,12.0,56.0,329.0,15.0,6.036689875875791,6.109895660225474,3601.6101570558963
86.0,10.0,742.0,0.0,8.0,20.0,72.0,13.0,9.0992073613978,2.996532179093756,2441.3627961196344
69.0,3.0,139.0,0.0,0.0,0.0,0.0,0.0,7.051162451625762,7.996080574791887,272.7730293821001
66.0,2.0,34.0,0.0,0.0,0.0,0.0,0.0,19.957637307830435,12.91398230607961,364.4872871708823
69.0,3.0,135.0,0.0,0.0,0.0,0.0,0.0,6.977814694059676,7.039197001423889,193.5961813714628
76.0,3.0,102.0,0.0,0.0,0.0,0.0,0.0,3.888290607338382,9.010607794913463,303.54387162601404
82.0,8.0,520.0,0.0,0.0,0.0,0.0,0.0,14.06156143560543,4.129365281579708,501.3826050048314
27.0,2.0,830.0,0.0,0.0,0.0,0.0,0.0,23.10978412803222,20.023891458407352,39.54489453342162
16.0,1.0,420.0,0.0,64.0,95.0,386.0,9.0,6.048154946085821,10.010784970347263,1913.3670893743104
15.0,8.0,678.0,0.0,0.0,0.0,0.0,1.0,8.761987449862913,3.96187543653956,897.1816821347982
32.0,6.0,586.0,0.0,0.0,0.0,0.0,0.0,15.033784016856416,4.909171534502914,888.5054262859898
86.0,10.0,450.0,4.0,32.0,40.0,395.0,57.0,7.019810141917523,4.813612061495509,2137.45927953636
0.0,2.0,818.0,0.0,0.0,0.0,0.0,0.0,24.13217000994988,20.028367045673168,504.5044590586799
73.0,6.0,26.0,0.0,0.0,0.0,0.0,0.0,23.992253735258327,14.93868046336132,26.803244571023672
29.0,10.0,329.0,0.0,0.0,4.0,32.0,1.0,14.0900402659193,4.94163102439231,1601.2335629860895
20.0,9.0,336.0,0.0,0.0,0.0,24.0,1.0,15.93550855325604,9.995361411306986,1013.4698328690916
22.0,2.0,314.0,4.0,60.0,221.0,280.0,8.0,10.911355981663018,11.141689734577602,2760.5358055761726
17.0,3.0,234.0,0.0,0.0,0.0,0.0,1.0,2.928695366848611,7.901072705470233,365.3525646221323
26.0,8.0,634.0,0.0,0.0,0.0,0.0,1.0,12.03117750298185,4.106643649900007,606.0817337025834
45.0,10.0,716.0,0.0,4.0,4.0,28.0,5.0,12.2137727991862,1.938879091779979,3059.549934893849
28.0,1.0,779.0,0.0,0.0,0.0,0.0,0.0,8.069001178065266,15.864689447981773,559.7545495520008
75.0,8.0,508.0,0.0,0.0,0.0,0.0,0.0,18.81525520504814,7.02667739374548,63.2785402794301
73.0,6.0,28.0,0.0,0.0,0.0,0.0,0.0,24.981592501664103,14.96855214126869,238.9015951039253
75.0,8.0,511.0,0.0,0.0,0.0,0.0,0.0,18.13174507264373,6.973803172670626,60.87991643411012
59.0,6.0,609.0,0.0,0.0,0.0,0.0,0.0,22.97460423924013,12.875853613416227,206.5314993490609
24.0,8.0,710.0,0.0,0.0,0.0,4.0,0.0,11.932812068892934,1.1388892360128926,2136.710027455737
37.0,1.0,184.0,0.0,4.0,4.0,120.0,1.0,3.793949613372016,12.016881616661944,2058.7129299614626
23.0,3.0,238.0,0.0,0.0,0.0,0.0,0.0,2.039040958411656,9.047667866392594,668.9752594628806
34.0,10.0,714.0,0.0,0.0,0.0,20.0,2.0,13.070136572915576,3.8687433730449774,1461.2362553864878
45.0,10.0,740.0,0.0,8.0,32.0,139.0,32.0,10.918733171728933,3.9447189536989526,3348.113557434857
43.0,8.0,518.0,0.0,0.0,0.0,0.0,0.0,20.121098784549904,9.004275058161582,85.53659946796692
59.0,6.0,621.0,0.0,0.0,0.0,0.0,0.0,22.098368810030795,11.16866950474649,63.6355374469368
70.0,3.0,88.0,0.0,0.0,0.0,0.0,0.0,5.005186771180343,10.988832358650212,88.81830048952125
33.0,3.0,127.0,0.0,0.0,0.0,0.0,0.0,12.909293879197769,11.92292349541665,133.37617814119227
15.0,8.0,736.0,0.0,0.0,0.0,4.0,0.0,11.193147855297246,1.9342767038484632,2394.1475481575158
0.0,2.0,815.0,0.0,0.0,0.0,0.0,0.0,26.968646076003733,22.91014906229801,533.7491343488715
37.0,1.0,423.0,0.0,0.0,36.0,282.0,4.0,5.782446276882451,11.947637669351357,2491.914919769457
58.0,6.0,67.0,0.0,0.0,0.0,0.0,0.0,21.859303096108142,10.926562827533926,30.98529445425587
72.0,3.0,158.0,0.0,0.0,0.0,0.0,0.0,6.918018625528912,9.972140812956,512.121258536514
9.0,8.0,265.0,0.0,0.0,0.0,0.0,0.0,17.05852231038004,13.960891665089273,103.07836409746749
43.0,8.0,682.0,0.0,0.0,0.0,0.0,0.0,19.04068668614112,10.05369965588302,105.39948341611397
34.0,10.0,720.0,0.0,0.0,0.0,4.0,0.0,14.089382928402753,3.925287864941392,1438.8921536225732
62.0,3.0,109.0,0.0,0.0,0.0,0.0,0.0,5.936525039179893,15.885371018149904,93.9510433102973
27.0,2.0,834.0,0.0,0.0,0.0,0.0,0.0,24.097278606302535,19.907609668210988,28.61720518568598
66.0,2.0,47.0,0.0,0.0,0.0,0.0,0.0,20.025833781716315,12.8964021055713,190.9456584333872
60.0,3.0,140.0,0.0,0.0,0.0,0.0,0.0,10.945428834257116,9.049068349385813,1056.9197090794323
32.0,6.0,585.0,0.0,0.0,0.0,0.0,0.0,15.98103614819815,5.133605476415998,461.0544515534597
15.0,8.0,206.0,0.0,0.0,0.0,24.0,1.0,5.023093637173865,5.14200909754055,1767.5420609729133
0.0,2.0,824.0,0.0,0.0,0.0,0.0,0.0,24.95782657045104,20.044914241567906,503.1224497756239
67.0,1.0,258.0,0.0,0.0,0.0,0.0,0.0,4.934597886339624,15.946974012336456,310.8075696782455
78.0,5.0,481.0,4.0,32.0,52.0,377.0,15.0,6.152712511791556,5.953549788373697,2631.2267174598496
67.0,1.0,810.0,0.0,0.0,0.0,0.0,0.0,12.065765212503656,22.937260795778894,99.6664153477071
57.0,3.0,138.0,0.0,0.0,0.0,0.0,0.0,8.872149647730973,8.948610928714613,46.665245388622495
32.0,6.0,583.0,0.0,0.0,0.0,0.0,0.0,17.08029303328206,6.055504682754168,247.31631324794
43.0,8.0,501.0,0.0,0.0,0.0,0.0,0.0,18.97560887797389,8.086315307298092,66.82703355337003
27.0,2.0,410.0,0.0,0.0,0.0,0.0,0.0,20.93302263184204,18.02704338710895,62.39566187989204
25.0,8.0,520.0,0.0,0.0,0.0,0.0,0.0,14.041528031394794,4.057423616923401,960.985983133008
25.0,8.0,503.0,0.0,0.0,0.0,0.0,0.0,17.755004487182493,8.048526749119533,672.9164928985999
60.0,3.0,291.0,0.0,0.0,0.0,0.0,0.0,13.068916402879688,10.983764797065357,743.1036276050428
68.0,3.0,210.0,0.0,0.0,0.0,4.0,1.0,3.982399979305845,5.842332024704615,800.6027266132039
27.0,2.0,400.0,0.0,0.0,0.0,4.0,0.0,17.098906500645448,15.025430592392324,134.47793221844688
93.0,1.0,415.0,0.0,0.0,16.0,396.0,3.0,9.1073654994316,12.986005605609414,855.85135507061
30.0,9.0,363.0,0.0,0.0,4.0,72.0,2.0,15.112564383643884,9.915166237303632,1663.3347172830397
17.0,3.0,196.0,0.0,0.0,0.0,0.0,0.0,2.009611782823053,12.091463068209944,85.0501887591527
62.0,3.0,106.0,0.0,0.0,0.0,0.0,0.0,3.913808600897605,11.004319075794822,148.1864417337938
9.0,8.0,267.0,0.0,0.0,0.0,0.0,0.0,17.930511589741823,15.04877845238168,139.13443103613238
25.0,8.0,683.0,0.0,0.0,0.0,0.0,0.0,17.890751862524397,7.975312492190811,81.9189978771507
27.0,2.0,412.0,0.0,0.0,0.0,0.0,0.0,19.855451456115464,15.925154859490688,88.26235284641088
12.0,5.0,168.0,0.0,4.0,0.0,64.0,1.0,2.1178012433849736,10.02082093801414,2511.112420233173
59.0,6.0,617.0,0.0,0.0,0.0,0.0,0.0,20.01844855028976,8.875324009509578,194.6956077905717
62.0,3.0,256.0,0.0,0.0,0.0,0.0,0.0,5.020432184408883,14.981881950453973,75.19459933348328
70.0,3.0,255.0,0.0,0.0,0.0,0.0,0.0,8.052256726453855,15.144125638545022,185.07111979446245
63.0,2.0,392.0,0.0,0.0,0.0,0.0,0.0,20.79778015453393,14.791906040893416,569.0034934187112
74.0,8.0,585.0,0.0,0.0,0.0,0.0,0.0,17.06898584307285,4.856629720607123,81.62724096359169
11.0,5.0,484.0,0.0,20.0,48.0,305.0,12.0,4.0965428040411815,7.056741197898668,1802.97731477525
78.0,5.0,726.0,0.0,8.0,4.0,56.0,11.0,9.00582631793288,1.89549235394449,2432.607454495684
32.0,6.0,721.0,0.0,0.0,0.0,4.0,0.0,15.12469329294775,4.410805277680787,896.2224087300837
9.0,8.0,275.0,0.0,0.0,0.0,0.0,0.0,14.996738353817213,9.962617627674248,99.96037329165884
57.0,3.0,140.0,0.0,0.0,0.0,0.0,0.0,11.020305524293596,8.971360341392096,141.09354097023612
44.0,8.0,661.0,0.0,0.0,0.0,0.0,0.0,11.173759149964262,5.973686738455237,311.19017293637535
66.0,2.0,382.0,0.0,0.0,0.0,0.0,0.0,18.97227938124609,12.989306819160252,193.76687578907544
69.0,3.0,240.0,0.0,0.0,0.0,0.0,0.0,6.181681323912222,7.080655210496368,215.2760066015798
23.0,3.0,233.0,0.0,0.0,0.0,0.0,0.0,4.262436959307541,8.027050557768911,966.568010337966
30.0,9.0,362.0,0.0,0.0,4.0,48.0,1.0,14.945250128178795,11.059488125867178,1499.6109369973522
66.0,2.0,380.0,0.0,0.0,0.0,0.0,0.0,18.026298396276395,11.841236354978555,539.8591671246326
25.0,8.0,520.0,0.0,0.0,0.0,0.0,0.0,15.0909620046433,5.14737116153383,949.2606503245624
74.0,8.0,522.0,0.0,0.0,0.0,0.0,0.0,15.080465892045982,3.980137575692889,440.1952362633269
59.0,6.0,608.0,0.0,0.0,0.0,0.0,0.0,23.85216636002763,13.017900206234785,94.84908572788548
77.0,4.0,460.0,34.0,89.0,330.0,192.0,26.0,9.78660582757452,8.139604072595723,2776.3150153415213
74.0,8.0,535.0,0.0,0.0,0.0,0.0,0.0,16.189783573445442,5.062078775583325,158.9140808662071
27.0,2.0,409.0,0.0,0.0,0.0,0.0,0.0,20.06917514210449,15.9722172749384,100.154592405599
15.0,8.0,674.0,0.0,0.0,0.0,0.0,0.0,8.81815913732536,2.989376288072761,1814.0571393045195
73.0,6.0,17.0,0.0,0.0,0.0,0.0,0.0,21.88966399674052,12.055411780229054,144.21215460939058
75.0,8.0,508.0,0.0,0.0,0.0,0.0,0.0,17.947599902931763,7.15955845193405,147.39230734739712
68.0,3.0,233.0,0.0,0.0,0.0,0.0,0.0,3.832578449610344,8.087737897895558,414.70464180955526
28.0,1.0,755.0,0.0,0.0,0.0,0.0,0.0,8.03861115344038,16.913116985841242,409.72685020316464
58.0,6.0,61.0,0.0,0.0,0.0,0.0,0.0,22.933418399966826,12.862316789943234,37.093804117567664
45.0,10.0,711.0,0.0,0.0,8.0,32.0,7.0,12.044220835042506,2.945296193549039,3635.7270239193
60.0,3.0,293.0,0.0,0.0,0.0,0.0,0.0,12.084790245161894,9.94915141591808,668.9639301021787
62.0,3.0,107.0,0.0,0.0,0.0,0.0,0.0,5.114022893624776,14.95213853792846,190.04179440979703
43.0,8.0,557.0,0.0,0.0,0.0,0.0,0.0,22.01891992155015,10.897702454503268,33.75738227209134
31.0,3.0,153.0,0.0,0.0,0.0,0.0,0.0,8.02998687863864,13.114388371607026,88.23198711398418
58.0,6.0,50.0,0.0,0.0,0.0,0.0,0.0,25.00176316983216,13.804617990910936,112.25944958254902
0.0,2.0,72.0,0.0,0.0,0.0,0.0,0.0,23.992906393413023,18.983688789525395,567.9783858945757
17.0,3.0,194.0,0.0,0.0,0.0,4.0,0.0,0.0288931423851796,10.976473847750002,371.8906273607636
58.0,6.0,56.0,0.0,0.0,0.0,0.0,0.0,26.33452493825269,14.93857578607357,100.03380817802078
75.0,8.0,506.0,0.0,0.0,0.0,0.0,0.0,17.133014409519916,6.108450211555131,185.4938592345765
43.0,8.0,550.0,0.0,0.0,0.0,0.0,0.0,22.146847006898547,12.012418317138954,32.530187801376464
67.0,1.0,257.0,0.0,0.0,0.0,0.0,0.0,6.1090112912611705,16.829798865386476,220.27191323547083
62.0,3.0,84.0,0.0,0.0,0.0,0.0,0.0,6.056751235401297,12.807550288640662,148.33914331436617
61.0,1.0,429.0,0.0,0.0,0.0,0.0,0.0,8.015542030324688,14.90832815506096,600.8111442363698
74.0,8.0,522.0,0.0,0.0,0.0,0.0,0.0,15.008987376718206,4.042129511959889,372.6606688050224
32.0,6.0,581.0,0.0,0.0,0.0,0.0,0.0,17.07827837725934,6.095743706428169,670.1358642298645
67.0,1.0,745.0,0.0,0.0,0.0,0.0,0.0,13.99330851573475,23.023168341939563,284.2976532211832
43.0,8.0,623.0,0.0,0.0,0.0,0.0,0.0,21.05605832469365,9.988206827021695,72.39193989671841
74.0,8.0,522.0,0.0,0.0,0.0,0.0,0.0,14.02012954286936,3.0495555851736773,283.1651692495246
59.0,6.0,555.0,0.0,0.0,0.0,0.0,0.0,22.218200436195065,11.89731011510474,188.0201259245888
37.0,1.0,438.0,0.0,0.0,0.0,40.0,1.0,7.125666407808494,13.810519346690125,2163.906087936816
27.0,2.0,397.0,0.0,0.0,0.0,0.0,0.0,18.90033083942517,15.036426875512785,106.4463086858137
28.0,1.0,762.0,0.0,0.0,0.0,4.0,0.0,5.079512563681042,15.1844618404036,518.6029451107688
15.0,8.0,223.0,0.0,0.0,0.0,24.0,3.0,6.117097151402375,4.9535031573528165,1569.6215331336527
44.0,8.0,637.0,0.0,0.0,0.0,0.0,0.0,12.004403572465987,5.966684428533021,421.8430814977864
75.0,8.0,508.0,0.0,0.0,0.0,0.0,0.0,18.026093508043186,5.8629897870536745,171.6250684258133
76.0,3.0,82.0,0.0,0.0,0.0,0.0,0.0,4.104866059544124,11.893617936882482,182.1955815172205
67.0,1.0,764.0,0.0,0.0,0.0,4.0,0.0,5.112992434684717,15.845265478846096,203.11656900884296
28.0,1.0,771.0,0.0,0.0,0.0,0.0,0.0,9.032199969990923,18.01910392345204,55.03299453101773
43.0,8.0,554.0,0.0,0.0,0.0,0.0,0.0,22.00570637926505,10.942239163549395,51.962587052638845
74.0,8.0,536.0,0.0,0.0,0.0,0.0,0.0,15.04129290280438,3.984102966256117,518.9639557257158
63.0,2.0,403.0,0.0,0.0,0.0,4.0,1.0,17.950984148834316,13.12945958152751,2774.002744031222
80.0,3.0,153.0,0.0,0.0,0.0,0.0,0.0,8.194149520738211,13.085027025923674,101.55055483081571
67.0,1.0,260.0,0.0,0.0,0.0,0.0,0.0,7.026931545762966,17.98621638959411,89.54676197444532
32.0,6.0,721.0,0.0,0.0,0.0,4.0,0.0,14.911108493610646,4.069708415090348,1090.6882004288316
58.0,6.0,50.0,0.0,0.0,0.0,0.0,0.0,23.830098038104754,13.938988492433776,172.69232513091148
44.0,8.0,637.0,0.0,0.0,0.0,0.0,0.0,12.027485857263352,7.006695462110509,221.08194942935637
57.0,3.0,134.0,0.0,0.0,0.0,0.0,0.0,8.830046787770709,7.108011318590597,110.26014515483222
78.0,5.0,221.0,0.0,0.0,8.0,64.0,8.0,6.964084097213645,3.001959208230883,2710.359293331778
27.0,2.0,831.0,0.0,0.0,0.0,0.0,0.0,25.08215060682211,21.12193964490602,44.8926131051354
32.0,6.0,562.0,0.0,0.0,0.0,0.0,0.0,17.10572135285692,7.007984994564779,487.8409083575879
67.0,1.0,756.0,0.0,0.0,0.0,0.0,0.0,9.13137998770773,18.951367978154384,108.10919725323384
43.0,8.0,543.0,0.0,0.0,0.0,0.0,0.0,23.08801781123932,12.11272497407285,67.43866434526835
80.0,3.0,149.0,0.0,0.0,0.0,0.0,0.0,7.950301922042839,12.205084883231308,133.72876716507767
75.0,8.0,495.0,0.0,0.0,0.0,0.0,0.0,18.078931992829972,7.050415021081787,92.16898253927836
93.0,1.0,776.0,0.0,0.0,0.0,4.0,0.0,6.012776815371066,15.233910762710067,672.7405371456492
88.0,9.0,303.0,12.0,51.0,224.0,282.0,11.0,11.90564675575933,9.05406817483296,1861.557924496252
58.0,6.0,58.0,0.0,0.0,0.0,0.0,0.0,22.931880686563108,12.067457272108072,201.7615403585172
76.0,3.0,105.0,0.0,0.0,0.0,0.0,0.0,5.018248370648419,10.90462296484791,63.9150906987008
28.0,1.0,755.0,0.0,0.0,0.0,0.0,0.0,6.9782784461391625,16.797006585886763,368.0355662308324
73.0,6.0,10.0,0.0,0.0,0.0,0.0,0.0,21.072422675017044,12.09677320043969,198.15684391031652
58.0,6.0,53.0,0.0,0.0,0.0,0.0,0.0,24.121938589589384,14.001064919908792,68.11288179474744
58.0,6.0,60.0,0.0,0.0,0.0,0.0,0.0,22.85664348978954,13.149187299321794,115.62250682820924
68.0,3.0,206.0,0.0,0.0,0.0,8.0,0.0,4.911219619064707,4.951868614305118,765.769727868758
20.0,9.0,336.0,0.0,0.0,0.0,32.0,1.0,15.990389898169482,10.093668624068233,1335.9733135227784
37.0,1.0,423.0,0.0,4.0,68.0,415.0,6.0,5.985654705506748,10.971215101314405,2467.454778749552
0.0,2.0,386.0,0.0,0.0,0.0,0.0,0.0,23.136998371155254,18.09244488895574,317.5476698189645
43.0,8.0,556.0,0.0,0.0,0.0,0.0,0.0,20.04233868856398,9.888696773481186,38.584428276524896
31.0,3.0,148.0,0.0,0.0,0.0,0.0,0.0,10.05847413826794,12.934936336251042,85.30242667711082
15.0,8.0,228.0,0.0,0.0,0.0,8.0,1.0,8.031812167189239,1.957073479179697,1377.475096801225
13.0,5.0,183.0,0.0,0.0,4.0,108.0,1.0,2.98187712426379,10.986787497333848,1638.3786493095663
0.0,2.0,823.0,0.0,0.0,0.0,0.0,0.0,23.219160551485025,17.96163278875696,440.5351545492735
63.0,2.0,388.0,0.0,0.0,0.0,0.0,0.0,21.229202111763133,16.078140803977988,890.4688984481654
68.0,3.0,210.0,0.0,0.0,0.0,4.0,0.0,4.136479140460477,5.987726235578014,690.7016351439743
86.0,10.0,453.0,4.0,16.0,40.0,336.0,52.0,7.947522230138868,3.945832722807584,2320.057948082916
23.0,3.0,238.0,0.0,0.0,0.0,0.0,1.0,1.8915050111752736,9.097465107038952,1161.6132425603266
76.0,3.0,236.0,0.0,0.0,0.0,0.0,0.0,2.798274023533988,9.017277516810276,150.98973523876134
25.0,8.0,529.0,0.0,0.0,0.0,0.0,0.0,16.810386700624168,7.0670007469122655,1019.1084801302264
29.0,10.0,326.0,0.0,0.0,0.0,8.0,0.0,15.04812135187876,5.990632416805618,1584.692183526094
73.0,6.0,19.0,0.0,0.0,0.0,0.0,0.0,21.990029765239584,12.95648625577183,272.14956111157824
63.0,2.0,388.0,0.0,0.0,0.0,0.0,0.0,21.13299830912894,15.954280102546315,617.079353729839
60.0,3.0,140.0,0.0,0.0,0.0,0.0,0.0,11.285441834418462,9.007259677049031,732.024144054543
32.0,6.0,580.0,0.0,0.0,0.0,0.0,0.0,17.005075594816415,5.998906112051209,629.8410269194994
27.0,2.0,398.0,0.0,0.0,0.0,20.0,1.0,16.187036695476824,13.980352840932616,124.72210983117384
43.0,8.0,558.0,0.0,0.0,0.0,0.0,0.0,19.99193470945432,10.136099683836136,50.04622659430064
34.0,10.0,724.0,0.0,0.0,0.0,8.0,0.0,13.013803183455863,3.0355060511477,1457.4745920947666
32.0,6.0,721.0,0.0,0.0,0.0,4.0,0.0,14.881368402057843,3.929880479466356,555.621125012464
60.0,3.0,287.0,0.0,0.0,0.0,0.0,0.0,12.937989802906891,10.888668772376622,732.7029783765706
82.0,8.0,494.0,0.0,0.0,0.0,0.0,0.0,17.226956764505854,6.107446283561323,78.22746138904796
34.0,10.0,591.0,0.0,0.0,0.0,4.0,0.0,16.116406740428246,7.140208604998884,1597.691829749909
31.0,3.0,148.0,0.0,0.0,0.0,0.0,0.0,8.926271804474261,11.979642137906696,67.5257533344248
69.0,3.0,139.0,0.0,0.0,0.0,0.0,0.0,6.804596094454008,7.946849884081633,177.87446066731405
9.0,8.0,267.0,0.0,0.0,0.0,0.0,0.0,17.92066206292438,14.05792882192652,111.78062899093352
31.0,3.0,152.0,0.0,0.0,0.0,0.0,0.0,8.877516736614293,13.051392317366664,151.86669662159096
9.0,8.0,269.0,0.0,0.0,0.0,0.0,0.0,16.894609598404802,14.022156612842664,143.4581311863306
27.0,2.0,368.0,0.0,0.0,0.0,0.0,0.0,21.94144460045809,19.03315079972033,18.18388195695776
27.0,2.0,413.0,0.0,0.0,0.0,0.0,0.0,19.068043479351324,15.82786091614471,139.40140890129476
67.0,1.0,797.0,0.0,0.0,0.0,0.0,0.0,10.957301949021778,21.00849167397268,33.26756350439501
75.0,8.0,502.0,0.0,0.0,0.0,0.0,0.0,20.043648363396297,9.147349670089143,69.48559606773331
17.0,3.0,97.0,0.0,0.0,0.0,0.0,0.0,2.89303425715251,12.004538734918707,410.76561537785176
32.0,6.0,563.0,0.0,0.0,0.0,0.0,0.0,18.156133224761053,7.128789705321932,650.0586205431002
58.0,6.0,605.0,0.0,0.0,0.0,0.0,0.0,24.90091688916159,14.185984793720776,118.99226584358208
32.0,6.0,586.0,0.0,0.0,0.0,0.0,0.0,15.165762629825672,5.087998481657612,652.2067385875343
80.0,3.0,158.0,0.0,0.0,0.0,0.0,0.0,6.870847613461505,9.093630671592022,273.4772535891038
66.0,2.0,381.0,0.0,0.0,0.0,0.0,0.0,17.93886592935174,11.113259547040617,405.5239451470322
22.0,2.0,312.0,8.0,198.0,185.0,206.0,10.0,9.882183352014245,10.99881807764474,3055.673232396955
29.0,10.0,344.0,0.0,0.0,0.0,4.0,0.0,15.886547983962064,7.128288690474428,956.1062218426828
66.0,2.0,378.0,0.0,0.0,0.0,0.0,0.0,18.90290790235612,14.061942154754536,499.1367247905426
45.0,10.0,354.0,0.0,8.0,8.0,72.0,19.0,11.925928498378257,5.017549223563784,2556.2502735423245
17.0,3.0,95.0,0.0,0.0,0.0,0.0,0.0,1.0042958798402009,11.012496786371734,455.68616264806593
43.0,8.0,688.0,0.0,0.0,0.0,0.0,0.0,21.082946991335643,11.923509708374375,84.57392029077147
29.0,10.0,593.0,0.0,0.0,0.0,0.0,0.0,16.000901805008084,7.093188034896715,1367.5153295031998
66.0,2.0,401.0,0.0,0.0,0.0,8.0,1.0,17.14082468640903,11.98587042779235,719.2394088530236
1.0,11.0,466.0,12.0,48.0,103.0,454.0,20.0,9.74184584136297,6.052654275076397,3236.6610308510835
70.0,3.0,88.0,0.0,0.0,0.0,0.0,0.0,4.804110938332643,11.064239681482595,189.90314594370707
62.0,3.0,92.0,0.0,0.0,0.0,0.0,0.0,5.931423048270784,13.148359141870795,65.63796480526995
25.0,8.0,528.0,0.0,0.0,0.0,0.0,0.0,17.0181743349062,7.193650704818489,540.0716513849081
80.0,3.0,163.0,0.0,0.0,0.0,0.0,0.0,7.02471884582409,9.859571148552412,157.14095293684775
45.0,10.0,714.0,0.0,0.0,0.0,20.0,1.0,13.901156092193258,4.071574400777093,2770.9912304493428
67.0,1.0,780.0,0.0,0.0,0.0,0.0,0.0,10.129983054713882,20.03013195088014,34.77521601927162
75.0,8.0,501.0,0.0,0.0,0.0,0.0,0.0,18.9332424497283,7.931787855859803,50.03773854800048
37.0,1.0,438.0,0.0,0.0,0.0,68.0,0.0,7.026915328243125,13.939123926480168,2044.698199641828
67.0,1.0,760.0,0.0,0.0,0.0,4.0,0.0,3.97776691963482,13.947158920041865,377.6659304700029
27.0,2.0,410.0,0.0,0.0,0.0,0.0,0.0,21.26527769626487,17.003226168234356,52.40714022469759
25.0,8.0,655.0,0.0,0.0,0.0,0.0,0.0,13.898871995164493,5.023465373157937,1084.122961193803
59.0,6.0,598.0,0.0,0.0,0.0,0.0,0.0,22.070505332626755,10.838073186057343,258.96611059645994
67.0,1.0,756.0,0.0,0.0,0.0,0.0,0.0,8.833460395517044,18.92362766428125,61.9080561841965
59.0,6.0,611.0,0.0,0.0,0.0,0.0,0.0,24.70550175094701,13.921925569619132,170.21264195386786
61.0,1.0,435.0,0.0,0.0,0.0,0.0,0.0,9.958986516663018,16.95463774606329,149.8375509203358
45.0,10.0,329.0,0.0,0.0,4.0,32.0,1.0,13.883693333592865,5.911311876461112,2416.474537083006
63.0,2.0,376.0,0.0,0.0,0.0,0.0,0.0,18.858072202839367,12.916095755202258,659.4221435399808
43.0,8.0,514.0,0.0,0.0,0.0,0.0,0.0,19.95551216416256,9.033667910435472,61.77242823338496
0.0,2.0,71.0,0.0,0.0,0.0,0.0,0.0,24.11306079186865,17.904424654158408,410.1157765312732
66.0,2.0,392.0,0.0,0.0,0.0,0.0,0.0,20.83032483808004,15.200714481454565,532.0005830529301
9.0,8.0,277.0,0.0,0.0,0.0,0.0,0.0,17.940500890280127,11.929628201328924,185.8533927499859
73.0,6.0,6.0,0.0,0.0,0.0,0.0,0.0,25.016673109411244,15.8742236603836,91.55094144804367
9.0,8.0,267.0,0.0,0.0,0.0,0.0,0.0,19.029209758082565,15.02843789424334,43.35351840221943
93.0,1.0,442.0,0.0,0.0,0.0,8.0,1.0,6.802321022930965,15.022769532441444,1183.995069434044
32.0,6.0,586.0,0.0,0.0,0.0,0.0,0.0,15.980994766046788,4.929421706299957,516.8900551660051
29.0,10.0,330.0,0.0,0.0,0.0,20.0,1.0,14.017507402408084,5.040637319591895,1342.515327692806
43.0,8.0,549.0,0.0,0.0,0.0,0.0,0.0,20.11697762979031,10.909579371372812,126.63982636252727
28.0,1.0,775.0,0.0,0.0,0.0,4.0,1.0,7.979869260208206,15.797579661456805,421.6046885706621
28.0,1.0,795.0,0.0,0.0,0.0,0.0,0.0,12.034635674356124,20.96899908960821,383.7880610596656
58.0,6.0,18.0,0.0,0.0,0.0,0.0,0.0,21.897677434896824,12.803918804912122,121.51652023443536
66.0,2.0,401.0,0.0,0.0,0.0,8.0,1.0,17.051100705068723,12.068325493394712,892.9502137893578
17.0,3.0,116.0,0.0,0.0,0.0,0.0,0.0,1.9221934725586172,11.92210996764839,133.72177077270862
25.0,8.0,528.0,0.0,0.0,0.0,0.0,0.0,17.95273765653301,8.127877243219471,680.2616257519709
45.0,10.0,355.0,4.0,0.0,20.0,90.0,15.0,12.799173761788722,6.0478128977383605,3030.591604532604
62.0,3.0,81.0,0.0,0.0,0.0,0.0,0.0,3.894164087900905,12.196840183090766,115.83196558907112
31.0,3.0,152.0,0.0,0.0,0.0,0.0,0.0,10.129784196321076,13.036451664549134,67.45904643829053
60.0,3.0,285.0,0.0,0.0,0.0,0.0,0.0,14.984210257296477,12.997961708561824,675.8431607565448
37.0,1.0,422.0,12.0,82.0,302.0,193.0,12.0,7.095998431620726,9.994722794009286,1572.9906635957084
0.0,2.0,814.0,0.0,0.0,0.0,0.0,0.0,27.03230211359066,22.996240283252515,137.84521172571354
45.0,10.0,715.0,0.0,4.0,4.0,28.0,5.0,12.015526690735744,3.0743200160727127,2415.952548726017
27.0,2.0,387.0,0.0,0.0,0.0,0.0,0.0,20.86325565229972,17.116197946805553,74.5653117140064
13.0,5.0,183.0,4.0,0.0,0.0,72.0,0.0,2.947098061976572,10.913162629013046,1823.3792534895904
59.0,6.0,77.0,0.0,0.0,0.0,0.0,0.0,26.09528674398784,15.0592341029286,125.92746131428146
66.0,2.0,46.0,0.0,0.0,0.0,0.0,0.0,20.85258879242588,12.916056552711275,162.0854962353238
15.0,8.0,731.0,0.0,0.0,0.0,8.0,1.0,10.023099790101837,1.1222899763030534,1824.30404285416
60.0,3.0,291.0,0.0,0.0,0.0,0.0,0.0,12.98355130606492,10.911602830272749,1067.733126080274
73.0,6.0,25.0,0.0,0.0,0.0,0.0,0.0,22.89660014436861,13.974600826785084,54.63559830552942
59.0,6.0,630.0,0.0,0.0,0.0,0.0,0.0,20.120154785786124,9.115383902626212,159.14935726581012
37.0,1.0,423.0,0.0,0.0,68.0,401.0,6.0,6.07859216031922,11.144930099098682,2223.357938651376
71.0,9.0,365.0,0.0,8.0,24.0,212.0,3.0,13.06881008359564,9.092019287423703,1664.5762335931531
68.0,3.0,241.0,0.0,0.0,0.0,0.0,0.0,5.043638654156343,6.84612854659799,392.6470821875637
24.0,8.0,739.0,4.0,0.0,4.0,36.0,12.0,10.881970590662783,2.0336871974687902,2955.5166397315743
67.0,1.0,191.0,0.0,0.0,0.0,4.0,0.0,3.920677049305961,13.872276039500056,274.33829353898386
28.0,1.0,807.0,0.0,0.0,0.0,0.0,0.0,11.97750738679459,19.914527638734786,347.63111147154564
73.0,6.0,17.0,0.0,0.0,0.0,0.0,0.0,22.04337008476815,12.146170965825398,165.48450956019457
22.0,2.0,315.0,0.0,56.0,236.0,265.0,7.0,12.039281129516072,11.01607470624664,3252.290333633428
28.0,1.0,748.0,0.0,0.0,0.0,0.0,0.0,12.064710996873734,22.074637255533403,108.49342837835272
25.0,8.0,694.0,0.0,0.0,0.0,0.0,0.0,16.930352293261592,7.961657974038596,623.7302959485158
43.0,8.0,623.0,0.0,0.0,0.0,0.0,0.0,20.98987115598861,10.088940517562811,75.57133046188761
24.0,8.0,701.0,0.0,4.0,0.0,16.0,4.0,9.911499546859387,0.1256485744937077,1937.0137270478367
59.0,6.0,616.0,0.0,0.0,0.0,0.0,0.0,18.90870876025725,7.866710071678632,179.875017216795
64.0,6.0,31.0,0.0,0.0,0.0,0.0,0.0,24.11141736794635,15.06523649857011,515.5113844409451
67.0,1.0,750.0,0.0,0.0,0.0,0.0,0.0,13.055391640403345,22.87477218997997,39.57621198330053
33.0,3.0,127.0,0.0,0.0,0.0,0.0,0.0,13.199228675171716,11.920554572555758,137.0521300883883
44.0,8.0,669.0,0.0,0.0,0.0,0.0,0.0,11.968332566772744,6.840190314921763,292.62466325575224
75.0,8.0,498.0,0.0,0.0,0.0,0.0,0.0,16.058884526629203,5.8229287819871525,148.94109671664978
44.0,8.0,645.0,0.0,0.0,0.0,0.0,0.0,13.02602844749324,6.996866245559856,332.2011642831612
27.0,2.0,832.0,0.0,0.0,0.0,0.0,0.0,21.89780700432329,18.904157190332864,58.2610409860347
64.0,6.0,10.0,0.0,0.0,0.0,0.0,0.0,20.990524195422523,13.017176566273442,494.4369104448243
25.0,8.0,655.0,0.0,0.0,0.0,0.0,0.0,14.12617943794207,4.982924169570008,1432.262938014136
60.0,3.0,141.0,0.0,0.0,0.0,0.0,0.0,11.94345960476724,8.922622055516749,492.7399408391178
73.0,6.0,3.0,0.0,0.0,0.0,0.0,0.0,26.085084167038705,18.05954687870724,133.04269677643828
37.0,1.0,436.0,0.0,0.0,0.0,44.0,0.0,6.197337948774604,13.997173725618085,1535.2127270117933
37.0,1.0,417.0,0.0,0.0,4.0,114.0,2.0,7.909763944133266,13.205252242621084,2526.5064445654903
58.0,6.0,65.0,0.0,0.0,0.0,0.0,0.0,24.05118004151471,12.950331227204083,127.854407711737
37.0,1.0,437.0,0.0,0.0,8.0,174.0,1.0,5.820534077377724,12.09345341493706,2508.0631548397296
70.0,3.0,87.0,0.0,0.0,0.0,0.0,0.0,7.0794401899912565,12.048532825986218,244.4234595939716
0.0,2.0,820.0,0.0,0.0,0.0,0.0,0.0,25.91909743980001,20.86533657275076,403.27215496793576
59.0,6.0,64.0,0.0,0.0,0.0,0.0,0.0,24.110677179990127,12.931077641650564,137.83062805083026
26.0,8.0,670.0,0.0,0.0,0.0,0.0,0.0,13.054080024532968,7.026184692632018,765.1851119169262
33.0,3.0,293.0,0.0,0.0,0.0,0.0,0.0,12.001006989094094,9.908497321469756,173.0378928305824
59.0,6.0,555.0,0.0,0.0,0.0,0.0,0.0,21.95308346722779,11.975882977817731,138.13333661227793
69.0,3.0,134.0,0.0,0.0,0.0,0.0,0.0,8.94595693615814,6.828240026831494,166.08930348145574
62.0,3.0,118.0,0.0,0.0,0.0,0.0,0.0,4.243096647608019,14.060918124555911,162.29979375675885
45.0,10.0,353.0,0.0,16.0,20.0,116.0,32.0,11.963055398163911,5.0537948902084,3324.926748917326
69.0,3.0,137.0,0.0,0.0,0.0,0.0,0.0,7.981095725032135,8.999281291266522,47.84817442073319
80.0,3.0,254.0,0.0,0.0,0.0,0.0,0.0,8.05983154921811,14.094601668512333,283.2995672936203
59.0,6.0,552.0,0.0,0.0,0.0,0.0,0.0,20.86653471582729,11.047042367952582,134.41048578768297
15.0,8.0,231.0,0.0,0.0,0.0,8.0,0.0,6.9830754938885615,3.881603567780688,2425.0479656833186
23.0,3.0,96.0,0.0,0.0,0.0,0.0,0.0,2.011835910840288,10.015865157448076,436.9814896701712
59.0,6.0,566.0,0.0,0.0,0.0,0.0,0.0,19.97987942098677,8.883136614162765,168.51156361871068
45.0,10.0,465.0,4.0,32.0,40.0,413.0,19.0,9.925298858095754,4.909833656076979,3629.268943014233
43.0,8.0,552.0,0.0,0.0,0.0,0.0,0.0,22.046910777326747,11.054036582625026,77.99067470034718
33.0,3.0,129.0,0.0,0.0,0.0,0.0,0.0,11.83651033709345,11.18595474884695,210.87365282309668
73.0,6.0,8.0,0.0,0.0,0.0,0.0,0.0,26.07370697398581,16.143378896105222,72.77350942159494
34.0,10.0,716.0,0.0,4.0,0.0,24.0,5.0,12.14694403544178,2.9234398867279605,1057.5036593173331
75.0,8.0,497.0,0.0,0.0,0.0,0.0,0.0,17.004172167813675,6.158777817418551,258.6703536529177
33.0,3.0,127.0,0.0,0.0,0.0,0.0,0.0,12.99381008493972,11.073746569998503,338.41330842137825
45.0,10.0,699.0,0.0,4.0,0.0,28.0,6.0,12.189403113253451,2.053723118347437,3066.731355271216
27.0,2.0,817.0,0.0,0.0,0.0,0.0,0.0,24.905156271569656,20.98156020618777,24.06112066093667
43.0,8.0,556.0,0.0,0.0,0.0,0.0,0.0,20.96882878150776,9.875558645157438,32.97970673180626
59.0,6.0,618.0,0.0,0.0,0.0,0.0,0.0,18.92030541750241,8.088168738397762,118.84908007268444
74.0,8.0,537.0,0.0,0.0,0.0,0.0,0.0,15.918614125861325,4.9368263901737,161.18185971582906
80.0,3.0,158.0,0.0,0.0,0.0,0.0,0.0,6.860414797521538,9.95687737205028,196.68573624423448
64.0,6.0,31.0,0.0,0.0,0.0,0.0,0.0,24.02020840600829,15.018529095636676,681.6225174456448
45.0,10.0,713.0,0.0,0.0,8.0,44.0,4.0,12.928085375196218,4.993927263550505,2808.838515716317
72.0,3.0,163.0,0.0,0.0,0.0,0.0,0.0,8.03863665580726,10.938422373784752,87.94711655077002
63.0,2.0,378.0,0.0,0.0,0.0,0.0,0.0,19.927279679683316,13.974263808391076,1741.4004249297757
37.0,1.0,423.0,0.0,0.0,44.0,321.0,4.0,6.109118202611412,11.965505919847091,1758.9208988658302
67.0,1.0,750.0,0.0,0.0,0.0,0.0,0.0,12.975714098234558,23.103596378558034,291.7194904208358
62.0,3.0,84.0,0.0,0.0,0.0,0.0,0.0,4.919546712883804,12.982153282571018,231.68867836312288
82.0,8.0,523.0,0.0,0.0,0.0,0.0,0.0,15.010543135296963,4.070306351826197,348.038247348063
0.0,2.0,388.0,0.0,0.0,0.0,0.0,0.0,21.0726850286548,15.99240850885172,738.9516212574778
26.0,8.0,642.0,0.0,0.0,0.0,0.0,0.0,15.08739820265286,8.054076624802171,256.6600745831847
74.0,8.0,585.0,0.0,0.0,0.0,0.0,0.0,15.75245934332272,4.919640982318723,151.2766320583003
68.0,3.0,215.0,0.0,0.0,0.0,0.0,0.0,7.063979077040891,6.026649027035891,493.5409474211619
62.0,3.0,84.0,0.0,0.0,0.0,0.0,0.0,5.9884241087884895,12.837734341437528,214.5938149922543
69.0,3.0,138.0,0.0,0.0,0.0,0.0,0.0,8.138585637669403,8.915700479163691,72.15012073089862
9.0,8.0,280.0,0.0,0.0,0.0,0.0,0.0,18.00253743986704,12.07716699238499,131.1273194109631
28.0,1.0,803.0,0.0,0.0,0.0,0.0,1.0,12.129073425643911,19.014473622911947,80.4049693564004
62.0,3.0,114.0,0.0,0.0,0.0,0.0,0.0,3.0803924202751345,12.037715741178086,322.49022157825493
32.0,6.0,563.0,0.0,0.0,0.0,0.0,0.0,18.00660449365573,6.937779542876802,255.72197966379983
78.0,5.0,726.0,0.0,8.0,16.0,56.0,14.0,9.125191103189662,1.999206937722528,2744.898367836673
45.0,10.0,356.0,0.0,4.0,12.0,72.0,8.0,12.958636257813614,5.008655316984809,3227.750228136405
25.0,8.0,503.0,0.0,0.0,0.0,0.0,0.0,17.949618090384437,8.053659222602128,259.18977578046
78.0,5.0,220.0,0.0,4.0,16.0,144.0,5.0,6.149238585910799,4.97343418517779,4268.657106666986
13.0,5.0,179.0,0.0,4.0,12.0,161.0,3.0,3.1388176254808653,10.054080572409257,1893.3369466590943
15.0,8.0,225.0,0.0,0.0,0.0,12.0,0.0,7.081965958803747,3.1536236963844035,1811.102058646684
12.0,5.0,170.0,0.0,0.0,0.0,4.0,0.0,0.0131329655475328,11.121672182942117,1752.6626072880854
15.0,8.0,230.0,0.0,0.0,0.0,0.0,1.0,8.112511667123957,4.024991628413023,1077.658310558628
32.0,6.0,573.0,0.0,0.0,0.0,4.0,0.0,14.938553692653528,4.992915176548302,593.7900860258426
68.0,3.0,241.0,0.0,0.0,0.0,0.0,0.0,4.877494194007065,7.028687735376787,388.4217379091847
29.0,10.0,327.0,0.0,0.0,4.0,20.0,0.0,15.103903432717177,7.015605439725768,1414.009698535949
34.0,10.0,712.0,0.0,0.0,0.0,16.0,1.0,13.976655325962207,4.055264980328415,1126.4244437064378
62.0,3.0,104.0,0.0,0.0,0.0,0.0,0.0,4.177995483708953,10.88724790357025,195.52348500591293
15.0,8.0,736.0,0.0,0.0,0.0,4.0,0.0,9.972014397366666,2.0818140101944302,1448.8580910291023
31.0,3.0,123.0,0.0,0.0,0.0,0.0,0.0,8.934379465877743,11.997501638897894,77.74511914603224
43.0,8.0,500.0,0.0,0.0,0.0,0.0,0.0,19.83763783970794,9.977412475901078,64.25275423132383
61.0,1.0,433.0,0.0,0.0,0.0,0.0,0.0,8.127595591620025,15.982311257038948,546.2065832948978
27.0,2.0,832.0,0.0,0.0,0.0,0.0,0.0,23.23264583976411,18.90510955359498,107.05127832113055
45.0,10.0,711.0,0.0,0.0,8.0,28.0,5.0,11.95323613874435,2.95832836321374,2355.9554603009874
29.0,10.0,344.0,0.0,0.0,0.0,4.0,0.0,15.94400016783502,8.118308539282777,1553.0291174277324
67.0,1.0,763.0,0.0,0.0,0.0,0.0,0.0,5.952197930099828,15.847053133652548,245.50122670196205
22.0,2.0,315.0,8.0,40.0,248.0,265.0,8.0,11.775422924199905,11.059664309862974,2658.451259676711
57.0,3.0,134.0,0.0,0.0,0.0,0.0,0.0,9.01634942966304,8.11434410658966,229.65861994081288
30.0,9.0,365.0,0.0,0.0,24.0,92.0,5.0,14.156013169080964,8.971796348891798,1005.0315872918884
59.0,6.0,606.0,0.0,0.0,0.0,0.0,0.0,25.003093502348257,14.04382130733592,165.60804554736924
29.0,10.0,344.0,0.0,0.0,0.0,4.0,0.0,16.151509706640216,8.090283185461661,1568.5440477285586
69.0,3.0,139.0,0.0,0.0,0.0,0.0,0.0,6.923137037627972,8.084061096964884,210.63823405542232
43.0,8.0,546.0,0.0,0.0,0.0,0.0,0.0,22.02049699853816,11.966536495015744,29.9350459689791
82.0,8.0,649.0,0.0,0.0,0.0,0.0,1.0,13.043320535703726,2.8927513466356136,515.2104712550207
75.0,8.0,530.0,0.0,0.0,0.0,0.0,0.0,17.162633960967703,6.977711491163443,202.5523396913152
67.0,1.0,811.0,0.0,0.0,0.0,0.0,0.0,12.141699540422596,21.99567122526682,100.5398052504317
12.0,5.0,167.0,4.0,0.0,0.0,48.0,0.0,2.925450744003685,11.079559026672133,2032.8481620596565
37.0,1.0,425.0,0.0,4.0,44.0,423.0,4.0,6.805281055885033,12.05679982847633,2151.131316606992
43.0,8.0,542.0,0.0,0.0,0.0,0.0,0.0,22.99258666809661,11.937130558471493,118.80361184217732
74.0,8.0,537.0,0.0,0.0,0.0,0.0,0.0,15.96280643583347,5.015600917753232,201.06711039991507
17.0,3.0,116.0,0.0,0.0,0.0,0.0,0.0,1.9692658502378069,11.918820812266068,141.75289419458906
68.0,3.0,207.0,0.0,0.0,0.0,8.0,0.0,6.067680909197163,4.971555588838489,1158.8210146345448
68.0,3.0,204.0,0.0,0.0,0.0,0.0,0.0,5.059118491245606,5.017132173141388,851.7316014786242
73.0,6.0,25.0,0.0,0.0,0.0,0.0,0.0,24.019355617472087,14.855746346708187,153.92091542132934
67.0,1.0,764.0,0.0,0.0,0.0,4.0,0.0,5.015892454129597,16.086139434345867,392.6349779756831
73.0,6.0,8.0,0.0,0.0,0.0,0.0,0.0,25.119484675029536,15.896280257439816,310.7097017957328
78.0,5.0,479.0,4.0,8.0,52.0,306.0,11.0,5.882677728618167,5.205925028051427,3571.466546673356
73.0,6.0,9.0,0.0,0.0,0.0,0.0,0.0,25.82806295362429,17.001675528186233,178.8586373282768
93.0,1.0,442.0,0.0,0.0,0.0,20.0,0.0,5.796864953579915,13.976276789246796,990.9248484230708
78.0,5.0,450.0,4.0,20.0,28.0,324.0,43.0,7.000292159117961,3.8024329829032872,2408.1693972058074
34.0,10.0,591.0,0.0,0.0,0.0,0.0,0.0,15.83275555723188,6.973229953899863,1018.4023097977158
73.0,6.0,25.0,0.0,0.0,0.0,0.0,0.0,24.021157896704704,14.994590646807207,192.5027742691704
76.0,3.0,106.0,0.0,0.0,0.0,0.0,0.0,3.1223771163656373,9.940047225346392,193.12965416488797
32.0,6.0,586.0,0.0,0.0,0.0,0.0,0.0,16.173361744149158,5.002251595846351,628.7864135020683
67.0,1.0,748.0,0.0,0.0,0.0,0.0,0.0,11.8094977829391,22.10298255304823,141.19055381659248
69.0,3.0,135.0,0.0,0.0,0.0,0.0,0.0,6.849098267359402,6.946918757172515,379.6434134594511
34.0,10.0,573.0,0.0,0.0,0.0,4.0,0.0,14.949964479476446,4.987478975021277,789.2904292725848
59.0,6.0,620.0,0.0,0.0,0.0,0.0,0.0,22.775151934700627,11.945309267935263,165.27887230910312
74.0,8.0,709.0,0.0,0.0,0.0,4.0,1.0,13.316225233644438,2.066721715807845,347.5996340907857
44.0,8.0,633.0,0.0,0.0,0.0,0.0,0.0,12.849444473181949,5.967644344515239,193.8539313457561
0.0,2.0,828.0,0.0,0.0,0.0,0.0,0.0,27.0382358785842,21.92770834105844,157.3564998148847
9.0,8.0,267.0,0.0,0.0,0.0,0.0,0.0,19.028274294487588,13.995877953416116,119.03080681991074
44.0,8.0,632.0,0.0,0.0,0.0,0.0,1.0,12.10927355112925,5.094584223125846,456.5989062694672
67.0,1.0,791.0,0.0,0.0,0.0,0.0,0.0,7.873404061916675,18.950196300214987,286.8650728706044
75.0,8.0,508.0,0.0,0.0,0.0,0.0,0.0,18.106544604821725,7.078897327895431,158.10082389688233
62.0,3.0,118.0,0.0,0.0,0.0,0.0,0.0,3.804898901276085,14.003462910982456,209.93204610767887
25.0,8.0,533.0,0.0,0.0,0.0,0.0,0.0,14.965381597487928,5.850783726730042,782.6799062655871
15.0,8.0,206.0,0.0,0.0,0.0,20.0,2.0,5.005172125748575,4.930486281448618,1614.8999504096996
62.0,3.0,113.0,0.0,0.0,0.0,0.0,0.0,2.8897504477429754,12.953114447899496,306.64689164790786
0.0,2.0,829.0,0.0,0.0,0.0,0.0,0.0,25.90238852413957,20.9125381402124,736.3773299238999
59.0,6.0,614.0,0.0,0.0,0.0,0.0,0.0,20.789187067041137,10.050071559663635,112.5849646993504
73.0,6.0,25.0,0.0,0.0,0.0,0.0,0.0,24.04879436793868,15.052739544108082,59.85655127360487
62.0,3.0,111.0,0.0,0.0,0.0,0.0,0.0,5.998211598832019,13.95227258140609,53.39201175676752
93.0,1.0,438.0,0.0,0.0,0.0,44.0,1.0,7.933729097552409,14.02135856323247,1037.4841051856026
11.0,5.0,480.0,12.0,28.0,56.0,449.0,14.0,5.785832340298789,6.056004309726566,1985.5757434952843
69.0,3.0,215.0,0.0,0.0,0.0,0.0,0.0,6.989872280854502,5.987446512874871,307.093973498781
71.0,9.0,352.0,8.0,51.0,195.0,323.0,32.0,12.085102801825093,8.909258706933178,971.9165761367163
57.0,3.0,136.0,0.0,0.0,0.0,0.0,0.0,8.023694398161178,6.920538905178129,92.0984355417741
63.0,2.0,372.0,0.0,0.0,0.0,0.0,0.0,19.925741591800744,15.03989125471967,1303.5317327785358
15.0,8.0,657.0,0.0,0.0,0.0,0.0,0.0,13.995921596677467,4.856357278900771,673.3800836137735
78.0,5.0,730.0,0.0,4.0,12.0,76.0,18.0,8.09669615153761,3.05763739508598,3176.6984785411314
15.0,8.0,219.0,0.0,0.0,0.0,44.0,4.0,5.962352823143162,3.883715373274588,1621.817531115595
11.0,5.0,481.0,4.0,20.0,60.0,403.0,17.0,6.10392207583634,5.893293512892875,2227.8116687590937
62.0,3.0,106.0,0.0,0.0,0.0,0.0,0.0,2.7384210285437915,10.841609629388984,172.4849865886514
45.0,10.0,359.0,0.0,24.0,28.0,289.0,44.0,12.122029771043938,5.8971334593060245,2511.781978239157
22.0,2.0,312.0,12.0,173.0,190.0,222.0,8.0,11.202250064011114,10.900157582967918,3045.6715075592087
81.0,0.0,489.0,40.0,178.0,259.0,124.0,13.0,6.977979352730546,10.041992907391217,3231.390408545071
70.0,3.0,87.0,0.0,0.0,0.0,0.0,0.0,6.974672656109118,11.903609111906398,173.5004863060111
75.0,8.0,529.0,0.0,0.0,0.0,0.0,0.0,16.237333545325978,6.000128870969079,243.1974337376845
63.0,2.0,296.0,0.0,0.0,12.0,89.0,1.0,14.107966091650246,13.13580540536952,2686.816154464137
24.0,8.0,699.0,0.0,4.0,4.0,28.0,4.0,10.88815890934003,1.9773312752946544,2705.388755569792
68.0,3.0,204.0,0.0,0.0,0.0,4.0,0.0,4.992941359305787,5.083735448030355,946.3228925438574
45.0,10.0,347.0,0.0,16.0,32.0,278.0,40.0,12.213744630724,7.110610441964512,3370.240614275859
22.0,2.0,316.0,103.0,192.0,186.0,140.0,12.0,10.194545430748748,9.925798226626029,2250.4928276724754
22.0,2.0,304.0,4.0,16.0,56.0,397.0,2.0,12.99788792189631,11.139875271425131,3291.104647894392
73.0,6.0,30.0,0.0,0.0,0.0,0.0,0.0,23.119311994902564,14.121388303400114,178.8631942728975
75.0,8.0,502.0,0.0,0.0,0.0,0.0,0.0,20.01063971305734,8.991970330033594,149.73902646634312
12.0,5.0,182.0,4.0,0.0,0.0,60.0,0.0,3.957612011794213,11.972029932088454,2785.2726571326225
59.0,6.0,596.0,0.0,0.0,0.0,0.0,0.0,23.15587916172136,12.040796800612572,189.75093409046127
59.0,6.0,620.0,0.0,0.0,0.0,0.0,0.0,23.0052767071592,12.125608738741697,140.27071241355725
45.0,10.0,358.0,4.0,4.0,16.0,97.0,18.0,11.02232053356919,4.114599520797879,3333.111794834928
75.0,8.0,616.0,0.0,0.0,0.0,0.0,0.0,20.06483286772896,8.993644854348883,41.30043035197819
25.0,8.0,520.0,0.0,0.0,0.0,0.0,0.0,15.133215986178396,3.9223596517730974,1445.5486887056088
67.0,1.0,758.0,0.0,0.0,0.0,0.0,0.0,9.057219034986447,18.97193719177652,49.43615127620975
67.0,1.0,747.0,0.0,0.0,0.0,0.0,0.0,10.902983315739004,21.030813652081232,50.67036102069096
80.0,3.0,254.0,0.0,0.0,0.0,0.0,0.0,8.334877433962701,13.04163035065787,137.05986686298553
0.0,2.0,825.0,0.0,0.0,0.0,0.0,0.0,26.81925495396804,22.98685143817095,351.8213430250692
74.0,8.0,581.0,0.0,0.0,0.0,0.0,0.0,17.96351537385555,7.168636861679687,95.77805537260268
20.0,9.0,336.0,0.0,0.0,0.0,32.0,1.0,15.858778752728629,9.976575811503864,1279.032243729769
79.0,9.0,37.0,0.0,0.0,0.0,0.0,0.0,17.995361277512565,11.201809075954186,346.76089894754443
33.0,3.0,154.0,0.0,0.0,0.0,0.0,0.0,11.940729077890389,12.950282332023155,155.87675848722284
74.0,8.0,508.0,0.0,0.0,0.0,0.0,0.0,17.832442877921423,7.140633347852591,120.52348818609111
17.0,3.0,99.0,0.0,0.0,0.0,0.0,0.0,2.2424080138909543,11.977776749727038,218.0355579661187
28.0,1.0,755.0,0.0,0.0,0.0,0.0,0.0,8.005467252679777,16.98376953342831,384.3929069330175
17.0,3.0,114.0,0.0,0.0,0.0,0.0,0.0,2.767771507514833,12.926295755798666,236.98962263574435
30.0,9.0,362.0,0.0,4.0,8.0,79.0,0.0,14.996268148982214,10.71831239304942,1836.3648733044024
61.0,1.0,435.0,0.0,0.0,0.0,0.0,0.0,9.138423210629975,16.150753869908996,651.9464832107179
60.0,3.0,287.0,0.0,0.0,0.0,0.0,0.0,14.013938346922387,10.842474726379198,501.6647457137535
58.0,6.0,60.0,0.0,0.0,0.0,0.0,0.0,23.08645829663881,12.851402839254376,49.48385860992608
17.0,3.0,113.0,0.0,0.0,0.0,0.0,0.0,3.0323949977094147,14.037431590519686,160.58514292262225
9.0,8.0,281.0,0.0,0.0,0.0,0.0,0.0,17.00150115084751,13.058735383980416,76.20488288758378
59.0,6.0,595.0,0.0,0.0,0.0,0.0,0.0,24.400174895783625,13.023704660999377,126.38926091046612
28.0,1.0,755.0,0.0,0.0,0.0,0.0,0.0,7.004513674606904,17.093762800890065,308.8886013969533
25.0,8.0,685.0,0.0,0.0,0.0,0.0,0.0,17.9904471232895,9.181751859589143,642.0673288087236
43.0,8.0,500.0,0.0,0.0,0.0,0.0,0.0,20.050923336762686,10.03841992340957,39.54267209129862
28.0,1.0,747.0,0.0,0.0,0.0,0.0,0.0,10.751916692293268,21.0665378136936,119.6838567938131
59.0,6.0,609.0,0.0,0.0,0.0,0.0,0.0,24.084537229807868,12.85262396706448,61.13867122361999
58.0,6.0,67.0,0.0,0.0,0.0,0.0,0.0,22.137504239265105,10.971827332679528,149.88105161176844
70.0,3.0,112.0,0.0,0.0,0.0,0.0,0.0,6.073861512642289,12.990857333251189,183.74589954283647
88.0,9.0,299.0,8.0,24.0,47.0,406.0,5.0,13.107437457633752,9.04061013422507,2132.8115980466578
75.0,8.0,618.0,0.0,0.0,0.0,0.0,0.0,19.941228669039443,7.895459774973017,64.9144968093324
30.0,9.0,360.0,0.0,4.0,16.0,92.0,5.0,14.064300717717911,9.05651598554036,1116.3687598721644
78.0,5.0,481.0,4.0,20.0,69.0,432.0,30.0,6.840211014916694,5.972819315567852,3715.52125669104
72.0,3.0,158.0,0.0,0.0,0.0,0.0,0.0,7.062869349025483,10.014860231875923,252.89002147817288
30.0,9.0,365.0,0.0,0.0,20.0,100.0,5.0,14.025781598344262,8.944709465134682,1275.870698567532
25.0,8.0,504.0,0.0,0.0,0.0,0.0,0.0,18.943001540681227,8.960672861047854,183.78104225958364
28.0,1.0,760.0,0.0,0.0,0.0,4.0,0.0,4.9318773080534335,14.900383711717492,596.8105975817375
86.0,10.0,469.0,8.0,24.0,92.0,477.0,23.0,9.05795871553408,5.022144277993114,1853.5189646423012
43.0,8.0,683.0,0.0,0.0,0.0,0.0,0.0,18.12152077366304,8.884614679512708,116.7717156746832
59.0,6.0,616.0,0.0,0.0,0.0,0.0,0.0,20.002227027710003,8.963688571665168,190.2738662900315
25.0,8.0,658.0,0.0,0.0,0.0,0.0,0.0,13.87652369136788,6.080874198252818,1528.1434465962632
74.0,8.0,508.0,0.0,0.0,0.0,0.0,0.0,18.894023364359327,7.050080992690917,150.04272401977877
74.0,8.0,705.0,0.0,0.0,0.0,0.0,0.0,13.049875273398683,2.0158635181389,225.96448105868384
63.0,2.0,401.0,0.0,0.0,0.0,12.0,1.0,17.21685800702806,11.919148876666084,1878.7303481933516
67.0,1.0,786.0,0.0,0.0,0.0,0.0,0.0,10.676147582839036,21.048367845123558,41.03209147026474
58.0,6.0,60.0,0.0,0.0,0.0,0.0,0.0,22.880146297516333,13.17507432116916,53.4128960170633
28.0,1.0,807.0,0.0,0.0,0.0,0.0,0.0,11.98776475751274,20.10358386023201,52.5213588333885
67.0,1.0,752.0,0.0,0.0,0.0,0.0,0.0,8.047682121806996,17.990864316617813,103.33707310204188
28.0,1.0,795.0,0.0,0.0,0.0,0.0,0.0,11.139048177142811,19.9178002372511,407.9575479500541
68.0,3.0,235.0,0.0,0.0,0.0,0.0,1.0,3.845368878440288,6.916923363355103,1032.6143086749928
86.0,10.0,742.0,4.0,24.0,16.0,173.0,41.0,8.923687751180044,4.132428155195381,1799.019380318234
68.0,3.0,206.0,0.0,0.0,0.0,12.0,1.0,5.083092470390881,4.958022565238576,1024.0460441710477
0.0,2.0,76.0,0.0,0.0,0.0,0.0,0.0,25.871385573280968,21.02232944086709,502.1972922218737
57.0,3.0,121.0,0.0,0.0,0.0,0.0,0.0,8.016110984742275,9.016410740576072,251.89380684839867
62.0,3.0,256.0,0.0,0.0,0.0,0.0,0.0,5.092636749602979,15.933168364647289,70.47072844520282
32.0,6.0,564.0,0.0,0.0,0.0,0.0,0.0,16.79131400085831,7.057986379871176,752.3640176918832
28.0,1.0,756.0,0.0,0.0,0.0,0.0,0.0,8.024409411561004,17.993225537474444,173.15026342940018
15.0,8.0,737.0,0.0,0.0,0.0,8.0,1.0,9.14198672831228,1.0405221501909925,2347.0503173765032
67.0,1.0,780.0,0.0,0.0,0.0,0.0,0.0,10.040321780701868,20.057379488002223,92.36934197323689
25.0,8.0,694.0,0.0,0.0,0.0,0.0,0.0,17.038467833083,8.024055691217729,127.01285316239598
45.0,10.0,356.0,0.0,4.0,4.0,52.0,4.0,12.88438051777026,4.8767559023601885,3457.115465718394
67.0,1.0,792.0,0.0,0.0,0.0,0.0,0.0,8.19745874900856,19.195378115122335,117.4818642984039
26.0,8.0,695.0,0.0,0.0,0.0,0.0,0.0,15.89974776373234,8.050975838454416,263.7553417481218
27.0,2.0,394.0,0.0,0.0,0.0,8.0,1.0,16.922089277359202,14.158973535854193,202.62438811032465
9.0,8.0,263.0,0.0,0.0,0.0,0.0,0.0,14.91155148534683,10.984790919985434,79.74545479090804
0.0,2.0,822.0,0.0,0.0,0.0,0.0,0.0,24.02259717898149,18.944681580526847,649.7656950080674
66.0,2.0,378.0,0.0,0.0,0.0,0.0,0.0,20.117713695760223,13.898293077385388,158.35097449416332
59.0,6.0,596.0,0.0,0.0,0.0,0.0,0.0,23.07715378597549,12.11357811424306,281.5343924298028
26.0,8.0,653.0,0.0,0.0,0.0,0.0,0.0,13.941815448266206,6.07477446069281,511.50655140584473
73.0,6.0,1.0,0.0,0.0,0.0,0.0,0.0,28.07268267043317,18.93261788279924,50.87311474162632
