n_gas_station_in_1km_to_2km,n_borey_in_3km_to_5km,n_pre_school_in_1km,address_line_2,n_atm_in_1km_to_2km,n_super_market_in_1km,n_resturant_in_1km_to_2km,h_id,n_atm_in_3km_to_5km,population,near_Phnom_Penh_Airport_in_km,n_pre_school_in_1km_to_2km,n_cafe_in_1km,near_Phsar_kandal_in_km,n_seven_eleven_in_1km_to_2km,n_university_in_2km_to_3km,n_atm_5km,n_atm_in_1km,near_AEON_Mall_3_in_km,n_university_in_3km_to_5km,price_per_m2
2,12,0,16,0,0,0,420,524,8.0,13,0,0,3,1,3,559,0,9,20,5442.34
17,15,1,84,293,1,61,452,210,29835.0,9,7,7,1,5,29,795,42,11,55,4226.76
26,22,9,10,90,6,18,464,407,18375.0,9,24,16,3,5,13,745,30,6,59,3899.11
22,21,3,95,35,3,0,445,608,16116.0,5,8,5,4,6,23,770,10,8,25,3813.96
26,11,3,84,73,0,4,453,331,36545.0,8,14,1,3,3,39,760,15,11,49,3580.15
24,17,0,52,25,1,2,340,361,3303.0,6,22,1,5,4,45,436,5,12,36,3371.77
26,18,2,52,30,2,2,344,489,4251.0,6,22,1,5,5,44,595,10,12,33,3488.35
30,21,7,56,227,2,6,439,199,20882.0,7,15,8,2,9,32,825,31,8,23,4411.53
15,16,3,85,20,2,0,471,447,16637.0,6,6,4,5,2,15,527,5,6,72,3516.51
22,10,3,1,25,2,1,339,523,3083.0,8,19,2,4,2,26,630,10,12,55,4021.2
27,13,6,84,99,7,6,453,311,36545.0,8,13,14,3,6,29,800,15,11,39,3653.89
29,11,5,52,40,3,2,339,542,3083.0,8,20,4,4,0,43,670,5,12,42,3406.97
12,16,1,84,129,2,32,296,308,11327.0,10,3,4,2,1,9,745,15,11,69,3801.66
32,10,3,84,97,3,6,453,256,36545.0,8,17,5,2,6,44,785,25,11,39,3664.13
14,24,5,55,45,2,3,469,497,27484.0,9,16,10,4,3,11,682,15,5,49,4035.13
34,12,9,57,131,8,6,451,276,7618.0,7,16,15,3,5,24,810,41,10,35,4055.03
28,18,10,10,115,4,21,464,447,18375.0,9,21,5,3,6,11,735,20,6,51,3563.24
32,19,8,2,65,4,0,460,589,4071.0,6,15,3,4,6,16,725,5,11,35,3909.08
28,14,6,11,90,8,6,440,417,21669.0,7,16,9,3,8,28,785,30,6,62,3516.61
18,20,0,85,5,0,0,476,283,20104.0,6,5,1,5,3,5,338,0,5,67,3319.41
26,16,0,85,35,2,3,474,571,25121.0,6,15,3,4,6,16,691,15,6,78,3730.32
24,18,1,52,50,2,2,458,571,4119.0,5,21,2,4,4,17,671,5,10,28,3255.68
36,17,5,8,151,3,4,439,284,20882.0,7,24,13,3,4,35,830,20,9,23,3987.8
34,17,5,96,115,3,2,463,417,15107.0,6,25,4,3,4,29,825,25,9,23,3957.06
26,20,5,2,45,3,1,460,527,4071.0,6,21,3,5,5,23,633,5,11,34,3760.25
5,11,0,91,5,0,0,420,593,8.0,12,0,0,3,3,4,638,0,9,23,4619.75
22,16,6,1,35,3,1,344,502,4251.0,6,20,2,5,5,33,614,0,11,36,4009.66
37,15,5,2,87,3,2,463,450,15107.0,6,24,4,3,4,25,820,25,9,23,4139.81
22,10,5,85,50,4,6,473,475,26582.0,7,18,3,4,7,24,775,15,6,66,3743.98
33,18,6,1,55,3,0,459,553,13220.0,6,15,5,4,6,18,765,15,10,33,4256.07
34,12,2,1,101,5,8,453,236,36545.0,8,17,8,2,6,36,810,37,11,37,4708.54
21,10,4,1,30,2,2,339,543,3083.0,7,20,2,4,2,41,645,5,12,46,4257.3
9,10,1,91,10,1,1,178,440,8114.0,10,6,2,4,1,6,555,0,5,24,4863.41
31,14,6,106,130,4,8,440,349,21669.0,7,21,12,3,7,47,785,25,7,42,4864.89
21,22,10,55,95,5,17,464,401,18375.0,8,21,14,3,4,12,755,35,6,60,4641.54
17,9,3,109,222,10,21,311,150,5351.0,10,9,17,0,3,13,810,124,9,65,4724.83
30,20,6,8,235,4,13,436,151,26838.0,7,19,7,2,8,33,815,59,8,32,4699.27
16,14,2,91,25,0,5,468,475,22796.0,10,15,7,4,5,8,625,5,5,27,4768.94
35,19,5,108,196,2,6,436,280,26838.0,7,22,6,3,8,42,810,25,7,37,4821.74
37,16,9,96,124,5,4,463,353,15107.0,7,24,15,3,5,31,825,20,10,28,4147.23
30,17,5,63,380,12,87,454,100,16037.0,8,15,17,1,9,36,830,149,9,30,6586.75
34,13,8,1,137,8,7,451,257,7618.0,7,17,17,3,7,21,815,42,10,38,4944.52
18,12,3,109,344,3,62,456,175,16252.0,9,5,15,1,9,30,815,116,10,59,4268.93
34,21,7,8,250,7,25,436,85,26838.0,7,27,11,2,8,44,815,76,8,33,4759.29
24,22,9,55,70,6,15,464,455,18375.0,9,21,12,3,5,10,735,25,5,59,4358.49
25,12,6,1,67,5,4,343,419,8037.0,7,13,8,3,3,35,765,15,11,43,4315.27
30,18,3,54,382,15,91,438,90,25191.0,8,22,12,1,10,38,825,151,8,32,4946.56
9,19,13,10,166,11,18,466,165,13796.0,9,18,15,2,8,12,775,45,7,58,4753.75
30,13,4,1,203,3,10,453,200,36545.0,8,19,9,2,8,34,815,47,10,36,5058.61
23,12,1,84,338,12,70,454,120,16037.0,9,16,15,1,7,46,830,137,9,39,4846.99
13,25,3,91,30,2,5,468,501,22796.0,9,13,10,4,2,13,651,15,5,36,5022.53
33,12,6,1,50,4,2,343,546,8037.0,7,18,9,4,2,47,695,5,11,39,4419.19
11,9,2,91,15,1,0,178,490,8114.0,10,8,1,4,1,7,625,0,5,25,4882.51
24,22,11,3,100,4,16,467,385,23239.0,8,26,16,3,4,17,765,45,6,57,4801.92
39,20,3,103,184,2,5,436,289,26838.0,7,20,4,3,8,34,815,15,8,28,5042.42
39,12,5,1,213,5,10,451,215,7618.0,7,24,14,2,7,22,825,37,10,38,4874.15
32,15,9,1,86,4,0,459,458,13220.0,7,14,11,3,4,23,810,15,10,35,4395.96
19,22,17,106,115,6,15,467,390,23239.0,8,20,14,3,4,17,775,30,6,68,5175.14
16,6,0,53,236,6,36,311,190,5351.0,10,7,5,0,4,11,785,117,10,63,3432.82
32,11,2,84,284,1,41,450,180,9274.0,8,23,8,2,8,31,830,38,10,35,4133.34
17,20,7,105,30,4,4,469,525,27484.0,8,16,6,4,5,12,680,10,5,61,4704.3
35,16,4,96,219,2,7,439,206,20882.0,7,21,9,2,4,38,830,20,9,21,4638.8
29,12,1,53,381,7,73,456,170,16252.0,9,12,16,1,9,43,825,128,10,43,4860.12
33,21,12,3,292,16,25,483,120,18149.0,8,33,19,2,9,21,800,80,7,59,5610.34
34,16,5,104,220,2,14,436,231,26838.0,7,27,12,2,9,47,810,35,7,37,5082.62
24,13,3,99,65,3,6,440,417,21669.0,7,17,10,3,8,36,785,25,6,54,5815.55
20,12,0,53,276,15,37,456,130,16252.0,9,13,11,1,6,39,820,185,9,45,5354.33
32,24,10,3,143,4,24,467,286,23239.0,8,25,15,2,6,18,775,45,6,60,5208.08
36,20,8,103,283,11,32,442,115,23250.0,8,36,18,2,11,33,805,65,7,52,5941.9
22,11,0,53,250,13,25,456,120,16252.0,9,13,7,0,6,37,815,205,9,47,5655.92
9,14,6,91,159,5,40,416,211,5336.0,10,20,7,1,6,12,760,20,8,42,5996.81
28,21,13,91,90,5,19,464,455,18375.0,9,22,10,3,5,11,740,20,6,56,5331.02
12,12,0,91,15,1,0,413,563,2899.0,12,1,2,3,4,4,658,0,7,22,5176.1
28,15,6,48,343,14,86,454,105,16037.0,8,12,25,1,7,41,830,161,9,35,5568.58
22,21,6,99,85,8,6,465,425,27697.0,8,21,6,3,7,15,745,15,6,65,5487.49
37,19,5,103,214,2,6,436,252,26838.0,7,17,4,3,8,29,815,25,8,29,5273.5
17,15,12,5,362,12,62,483,137,18149.0,9,13,16,1,13,11,785,77,7,55,5714.68
27,23,7,91,143,8,21,466,284,13796.0,9,28,11,2,7,14,760,40,6,57,5600.8
26,18,5,6,339,10,86,438,75,25191.0,8,30,15,1,12,48,820,133,8,32,5650.63
18,14,9,48,302,12,82,479,90,39519.0,9,22,19,1,10,40,815,202,8,40,5785.86
32,14,7,103,248,4,22,442,208,23250.0,7,31,12,2,10,50,810,25,7,34,5584.34
19,23,8,105,65,5,6,464,480,18375.0,8,16,6,3,5,12,725,20,5,59,5342.12
12,18,17,3,130,6,19,466,237,13796.0,10,18,13,2,7,11,760,40,7,55,5583.54
27,15,7,103,237,5,22,440,235,21669.0,7,31,11,2,11,50,810,40,7,37,5647.87
20,18,12,105,100,7,7,465,414,27697.0,8,18,10,3,5,20,760,20,6,69,5797.47
24,19,11,106,149,8,14,440,331,21669.0,8,26,9,3,6,28,785,30,6,61,5345.75
33,21,11,103,278,14,25,442,120,23250.0,8,33,20,2,9,21,800,80,7,59,5991.29
15,14,0,91,70,3,12,414,426,3446.0,11,21,7,2,3,7,690,10,7,23,5663.6
32,18,9,6,245,7,29,442,178,23250.0,8,34,12,2,9,30,795,40,7,57,5095.32
36,17,5,43,363,11,88,454,90,16037.0,8,16,16,1,7,34,830,133,9,34,5244.94
37,19,14,5,342,15,46,483,125,18149.0,8,30,12,1,11,25,810,112,7,55,5296.22
32,21,9,105,254,11,28,467,165,23239.0,8,34,19,2,10,23,795,50,7,57,6316.05
31,14,4,49,368,14,80,454,120,16037.0,8,16,24,1,7,42,830,172,9,32,6417.91
26,9,5,20,277,22,32,481,115,28799.0,9,18,15,0,5,16,805,228,9,56,6737.58
32,18,9,103,312,10,52,442,95,23250.0,8,35,18,1,9,39,815,135,8,41,6551.19
31,18,5,49,350,15,65,479,95,39519.0,8,38,18,1,13,35,815,137,8,43,6387.21
20,20,18,4,142,6,18,467,331,23239.0,8,20,16,3,6,19,775,20,6,67,7096.35
28,16,13,91,432,15,75,478,105,20064.0,9,20,8,1,13,13,805,126,8,61,6423.66
28,20,9,4,120,5,23,466,428,13796.0,9,24,9,3,7,10,735,15,6,51,6953.93
27,14,10,20,389,27,63,478,125,20064.0,9,19,19,0,12,13,805,168,8,59,6347.04
29,20,8,45,310,9,33,442,110,23250.0,8,39,18,2,10,43,810,67,7,43,6542.01
7,17,9,4,219,13,35,482,143,7658.0,9,14,15,1,8,13,785,65,7,55,8115.15
29,24,11,4,183,10,21,467,228,23239.0,9,27,16,2,7,12,785,40,6,59,7351.3
8,17,8,4,176,14,35,482,140,7658.0,9,16,17,2,7,13,780,70,7,55,8065.16
21,20,10,4,149,5,19,466,248,13796.0,9,21,12,2,8,12,765,20,6,58,7943.83
36,18,12,4,358,13,56,483,105,18149.0,8,30,15,1,14,28,810,118,7,50,8165.61
8,12,8,4,216,12,35,482,149,7658.0,10,18,17,1,6,11,780,50,7,54,8134.5
17,10,6,20,200,18,24,481,110,28799.0,9,19,23,0,1,30,815,294,9,50,7241.15
28,23,7,4,193,10,24,467,250,23239.0,8,30,17,2,10,14,780,35,6,64,7747.0
7,15,7,16,250,4,57,484,156,7576.0,10,19,8,1,7,14,755,20,8,45,7689.37
24,15,12,4,417,17,75,478,120,20064.0,9,16,13,1,13,14,800,115,8,58,8365.81
33,23,10,4,233,10,21,467,178,23239.0,8,33,18,2,9,18,785,35,7,62,7685.68
17,6,1,59,224,12,26,311,180,5351.0,10,6,6,0,4,10,795,146,10,61,7756.93
32,19,11,4,233,12,26,467,215,23239.0,8,30,14,2,8,21,795,30,6,60,7697.65
10,17,12,16,229,12,36,483,138,18149.0,9,19,12,2,10,13,785,60,7,56,7805.2
28,22,13,4,204,9,26,467,259,23239.0,8,28,18,2,9,16,780,30,6,67,7760.47
18,10,3,59,221,10,20,311,145,5351.0,10,6,14,0,3,13,805,128,10,64,8415.98
16,10,3,59,252,10,36,311,150,5351.0,10,4,16,0,5,11,805,149,10,64,8162.58
28,18,3,4,339,13,68,479,85,39519.0,8,38,16,1,13,42,820,138,8,37,7783.68
16,6,0,59,237,8,36,311,190,5351.0,10,8,4,0,4,10,785,142,10,63,7646.11
36,20,14,4,344,12,49,483,125,18149.0,9,26,12,1,11,17,810,112,7,62,7892.98
18,8,4,62,270,9,29,481,145,28799.0,10,17,11,0,3,13,810,113,9,64,9110.7
20,10,4,61,234,11,25,481,140,28799.0,10,17,17,0,1,12,810,180,9,64,8935.34
25,14,13,16,422,19,76,478,110,20064.0,9,16,14,1,13,15,805,122,8,58,8141.41
21,10,5,4,293,26,55,478,110,20064.0,9,24,13,0,7,18,805,214,8,56,8229.15
22,9,4,62,248,12,29,481,145,28799.0,10,19,11,0,4,13,810,189,9,63,9612.85
20,11,0,63,255,17,32,456,130,16252.0,9,12,11,0,6,37,820,206,9,47,9230.84
20,9,5,59,233,12,25,481,135,28799.0,9,16,18,0,1,14,810,172,9,62,9892.75
25,10,6,60,244,16,58,481,95,28799.0,9,18,19,0,5,41,815,260,9,42,10025.36
17,11,1,62,236,17,19,456,135,16252.0,9,10,14,0,5,22,815,181,10,56,10123.23
18,10,2,62,241,15,18,456,135,16252.0,9,10,13,0,5,23,815,181,9,55,10140.51
17,10,3,63,232,12,20,481,120,28799.0,9,13,9,0,3,31,815,206,9,51,11218.66
20,8,3,63,267,12,19,481,145,28799.0,10,12,18,0,2,13,810,136,9,64,10500.33
21,8,4,59,193,16,27,481,105,28799.0,9,16,17,0,4,38,815,269,9,46,10526.97
3,14,0,14,0,0,0,165,32,8431.0,11,0,0,7,0,0,36,4,2,3,2233.15
17,8,0,52,4,0,0,692,12,2226.0,2,2,2,9,3,6,16,0,12,17,2563.41
4,24,0,17,0,0,0,223,8,11389.0,2,0,0,10,1,1,8,0,9,10,1818.69
0,0,0,33,0,0,0,824,0,764.0,19,0,0,13,0,0,0,0,22,0,174.3
3,2,0,69,0,0,0,97,0,1285.0,11,0,0,12,1,0,0,0,3,0,226.61
2,4,0,64,0,0,0,139,0,375.0,9,0,0,16,0,0,0,0,11,0,315.94
0,0,0,0,0,0,0,817,0,148.0,22,0,0,17,0,0,0,0,26,0,535.48
0,6,0,70,0,0,0,375,0,161.0,13,0,0,9,0,0,0,0,18,2,1720.86
36,20,6,103,187,4,14,436,92,26838.0,7,17,7,2,8,35,657,48,8,30,5637.93
16,9,6,7,157,16,23,481,96,28799.0,9,18,20,0,2,29,649,196,9,49,6634.31
0,1,0,31,0,0,0,497,0,483.0,9,0,0,19,0,0,0,0,19,0,917.35
0,2,0,67,0,0,0,287,0,689.0,10,0,0,18,0,0,0,0,12,0,1163.23
6,10,1,78,4,0,0,359,108,5598.0,10,3,0,5,1,1,120,0,14,13,1666.32
0,5,0,31,0,0,0,514,0,3039.0,5,0,0,15,0,0,0,0,15,1,1083.14
11,18,1,98,28,2,0,449,404,23197.0,5,9,4,5,3,41,480,4,7,49,3263.23
6,4,0,71,0,0,0,14,0,2118.0,12,0,0,12,1,0,0,0,20,0,951.24
32,16,4,96,132,3,3,439,221,20882.0,7,17,10,3,6,35,661,16,8,24,4432.5
31,15,1,85,36,1,6,471,375,16637.0,7,14,0,5,7,11,451,0,5,73,3390.46
3,6,0,41,0,0,0,715,4,1388.0,3,0,1,11,1,0,4,0,14,5,1245.23
6,11,0,25,0,0,0,325,8,6138.0,10,2,4,8,2,1,8,0,17,3,1223.35
15,9,1,100,24,0,0,293,401,6843.0,9,4,0,4,1,4,497,8,12,63,1427.43
3,10,0,77,0,0,0,87,0,109.0,12,0,0,14,1,0,0,0,6,0,177.18
3,6,0,51,0,0,0,630,0,692.0,5,0,0,14,0,1,0,0,11,0,423.08
27,11,8,106,48,3,2,465,378,27697.0,7,15,13,3,6,18,597,24,6,68,4588.06
0,5,0,34,0,0,0,748,0,35.0,17,0,0,11,0,0,0,0,7,0,474.51
0,0,0,9,0,0,0,256,0,330.0,12,0,0,21,0,0,0,0,16,0,120.56
0,1,0,66,0,0,0,608,0,50.0,10,0,0,18,0,0,0,0,21,0,197.72
0,0,0,9,0,0,0,273,0,24.0,11,0,0,21,0,0,0,0,17,0,148.94
2,5,0,94,0,0,0,528,0,364.0,5,0,0,15,1,0,0,0,17,0,367.85
1,0,0,66,0,0,0,76,0,416.0,15,0,0,22,0,0,0,0,26,0,175.29
1,6,0,39,0,0,0,570,4,851.0,5,0,0,10,0,0,4,0,15,5,899.62
2,2,0,67,0,0,0,143,0,891.0,10,0,0,17,0,0,0,0,12,0,1137.78
0,4,0,39,0,0,0,564,0,1.0,9,0,0,12,0,0,0,0,19,0,757.92
0,4,0,90,0,0,0,249,0,107.0,14,0,0,17,0,0,0,0,9,0,263.02
31,15,6,106,167,6,21,440,209,21669.0,8,30,10,2,12,41,629,32,7,46,5464.32
1,15,0,17,0,0,0,208,0,5794.0,5,0,1,11,0,0,0,0,7,1,1583.96
8,10,7,91,301,7,84,484,138,7576.0,10,15,6,1,7,11,621,45,8,52,6004.97
0,10,0,34,0,0,0,199,0,74.0,14,0,0,8,0,0,4,0,5,0,559.99
8,13,0,52,4,1,0,708,24,987.0,3,1,3,8,1,5,32,0,12,30,2382.97
20,20,7,11,28,4,3,469,424,27484.0,8,16,6,4,5,14,548,8,5,59,2891.31
18,13,2,15,68,2,16,470,382,5626.0,10,25,5,3,6,6,553,4,6,26,2828.6
4,23,0,75,0,0,0,230,0,531.0,7,1,1,9,1,1,0,0,4,3,768.47
0,1,0,31,0,0,0,498,0,314.0,8,0,0,17,0,0,0,0,18,0,1217.41
1,6,0,73,0,0,0,397,4,1716.0,12,1,0,9,2,1,4,0,18,2,665.48
0,16,0,83,0,0,0,240,0,993.0,8,0,0,11,0,0,0,0,4,0,285.03
4,16,0,75,0,0,0,240,0,993.0,8,0,0,11,1,0,0,0,4,1,658.29
6,9,0,41,0,1,0,704,16,1460.0,4,1,0,9,2,1,16,0,14,20,1205.94
17,25,0,98,16,2,0,729,132,4719.0,3,5,1,6,3,24,164,0,10,47,2634.05
11,24,1,85,4,2,0,721,76,10778.0,3,2,0,7,3,19,92,0,8,60,2696.59
0,12,0,75,0,0,0,209,0,3008.0,5,0,0,11,0,0,0,0,8,1,672.59
2,6,0,34,0,0,0,743,0,27.0,18,0,0,11,0,0,0,0,8,1,470.68
4,5,0,14,4,0,0,194,16,5574.0,12,0,0,7,1,0,20,0,4,2,2016.9
5,5,0,39,0,0,0,710,4,1494.0,3,0,1,11,1,0,4,0,14,6,939.9
0,0,0,51,0,0,0,270,0,996.0,10,0,0,18,0,0,0,0,14,0,325.53
1,6,0,69,0,0,0,111,0,663.0,13,0,1,15,0,0,0,0,6,0,262.11
1,1,0,68,0,0,0,788,0,543.0,19,0,0,9,0,1,0,0,12,0,605.07
34,14,5,8,40,0,1,441,432,29434.0,6,15,3,4,4,42,621,8,7,48,3510.57
32,16,10,7,321,12,81,479,80,39519.0,9,27,13,1,13,24,649,87,8,54,5138.96
0,0,0,9,0,0,0,259,0,90.0,13,0,0,22,0,0,0,0,17,0,187.27
4,6,1,107,0,0,0,411,153,1726.0,13,0,4,4,1,1,157,0,8,10,1251.39
1,8,0,81,0,0,0,530,0,137.0,5,0,0,14,1,0,0,0,16,0,368.47
19,12,8,49,226,13,77,454,72,16037.0,9,19,23,1,9,44,653,164,9,38,6316.48
5,29,0,17,0,0,0,720,20,10448.0,2,0,0,9,1,0,20,0,9,24,1940.26
1,16,0,75,0,0,0,208,0,5794.0,4,0,0,10,1,0,0,0,7,3,671.32
0,0,0,66,0,0,0,621,0,461.0,12,0,0,18,0,0,0,0,23,0,232.19
1,8,0,81,0,0,0,574,0,855.0,6,0,0,14,1,0,0,0,17,0,374.14
2,12,0,81,0,0,0,700,4,3163.0,2,0,2,12,0,1,4,0,12,0,578.24
8,6,0,17,0,0,0,638,0,9811.0,3,0,0,13,2,0,0,0,12,0,1467.01
2,9,0,81,0,0,0,715,4,1388.0,2,0,0,11,0,0,4,0,13,7,550.68
27,16,3,42,272,16,88,454,80,16037.0,8,18,18,1,7,40,661,130,9,36,5140.87
3,5,0,39,0,0,0,711,4,531.0,4,0,0,12,1,0,4,0,15,1,895.92
4,12,0,32,0,0,0,667,0,943.0,4,0,0,13,1,0,0,0,11,0,1219.46
11,16,0,15,8,0,1,176,188,9638.0,10,3,3,5,1,2,224,0,4,25,2234.39
31,17,6,108,177,5,27,442,173,23250.0,8,34,7,2,10,38,629,32,7,48,4799.56
0,8,0,70,0,0,0,369,0,8.0,13,0,0,10,0,0,0,0,19,2,1897.92
17,16,1,52,8,0,0,732,72,4408.0,4,6,1,7,1,16,96,4,11,50,2805.0
0,3,0,64,0,0,0,142,0,948.0,10,0,0,17,0,0,0,0,10,0,318.76
3,1,1,107,0,0,0,423,16,3164.0,14,0,0,6,2,0,16,0,8,3,934.99
0,1,0,50,0,0,0,551,0,807.0,10,0,0,19,0,0,0,0,21,0,94.95
0,0,0,80,0,0,0,0,0,247.0,18,0,0,19,0,0,0,0,27,0,204.46
6,10,0,78,8,0,0,304,142,1190.0,12,1,1,5,1,1,158,0,14,12,506.86
10,10,0,35,0,0,0,326,4,2082.0,10,0,0,9,2,0,4,0,17,2,1099.05
0,2,0,66,0,0,0,558,0,21.0,9,0,0,17,0,0,0,0,20,0,197.5
2,8,0,107,0,0,0,425,0,611.0,16,1,0,6,0,0,0,0,9,0,785.18
19,13,2,84,253,3,68,456,132,16252.0,9,5,12,1,8,30,641,89,10,60,4659.89
4,13,0,17,0,0,0,670,0,9223.0,5,0,0,12,1,1,0,0,9,0,1595.95
5,3,0,44,4,0,0,196,72,5394.0,12,2,1,6,0,0,76,0,4,6,1533.28
1,9,0,39,0,0,0,568,0,66.0,6,0,0,11,0,0,0,0,16,1,813.25
19,12,5,63,218,14,76,454,80,16037.0,9,15,24,1,7,44,653,184,9,41,7559.18
1,8,0,77,0,0,0,91,0,791.0,13,0,0,15,0,0,0,0,6,0,221.46
0,15,0,79,0,0,0,159,0,666.0,9,0,0,13,0,0,0,0,6,0,737.12
11,9,1,72,12,1,1,178,338,8114.0,10,6,3,4,1,5,418,0,5,25,991.72
5,13,0,28,0,0,0,725,4,9191.0,1,0,0,11,1,1,4,0,11,5,1853.87
0,15,0,83,0,0,0,102,0,263.0,9,0,0,12,0,0,0,0,5,0,266.61
22,10,1,1,16,1,0,339,397,3083.0,8,13,3,4,1,11,479,8,12,69,2380.29
0,9,0,34,0,0,0,744,0,793.0,17,0,0,10,0,0,0,0,7,0,490.15
0,2,0,0,0,0,0,72,0,436.0,21,0,0,17,0,0,0,0,26,0,714.08
0,0,0,66,0,0,0,590,0,54.0,13,0,0,21,0,0,0,0,24,0,188.17
13,25,4,55,40,4,4,464,394,18375.0,9,16,9,4,3,12,542,8,5,46,3842.18
7,3,0,81,0,0,0,710,8,1494.0,3,0,0,11,2,0,8,0,14,6,553.5
23,14,2,52,8,0,0,707,52,5234.0,3,3,2,8,2,11,64,0,11,52,2661.76
0,1,0,71,0,0,0,23,0,412.0,15,0,0,16,1,0,0,0,24,0,711.07
1,16,0,83,0,0,0,232,0,1664.0,9,0,0,11,0,0,0,0,4,1,282.65
12,11,0,41,4,1,0,708,24,987.0,3,1,3,9,2,5,32,0,12,28,1443.86
0,7,0,39,0,0,0,581,0,1.0,8,0,0,12,0,0,0,0,18,0,740.83
8,19,0,35,0,0,0,318,24,1452.0,6,1,0,8,0,1,28,0,14,26,1206.92
0,19,0,83,0,0,0,102,0,263.0,9,0,0,12,0,0,0,0,5,0,246.25
1,15,0,85,0,1,0,214,48,13304.0,3,0,3,8,0,4,52,0,7,31,2359.92
3,13,0,83,0,0,0,104,0,557.0,11,0,0,14,1,0,0,0,6,0,229.17
19,23,0,11,20,0,6,184,263,24682.0,8,7,0,5,4,9,323,0,4,36,2673.99
26,16,1,85,16,0,0,471,298,16637.0,6,8,0,5,3,12,350,0,5,73,3282.96
41,16,3,95,77,1,1,461,383,15901.0,6,16,12,3,4,28,649,12,8,26,3760.59
4,14,0,17,0,0,0,723,4,8517.0,1,0,1,11,1,1,4,0,11,4,1747.27
32,18,9,5,233,13,53,442,76,23250.0,8,35,17,1,9,38,649,112,8,41,5594.19
0,14,0,83,0,0,0,162,0,508.0,10,0,0,14,0,0,0,0,6,0,228.1
0,5,0,69,0,0,0,83,0,730.0,13,0,1,14,0,0,0,0,5,0,225.97
4,6,1,107,0,0,0,431,72,1701.0,14,1,2,5,2,1,72,0,7,6,1029.15
23,10,5,60,216,23,32,481,92,28799.0,9,18,15,0,5,16,641,168,9,56,8753.49
1,0,0,66,0,0,0,596,0,714.0,13,0,0,20,0,0,0,0,24,0,207.45
0,4,0,31,0,0,0,518,0,315.0,5,0,0,15,0,0,0,0,15,1,1260.58
20,21,3,95,28,3,0,445,484,16116.0,5,8,5,4,6,23,605,8,8,27,3787.92
0,1,0,50,0,0,0,674,0,1077.0,11,0,0,21,0,0,0,0,20,0,103.62
5,16,0,75,0,0,0,228,0,1470.0,7,0,0,10,1,0,0,0,4,2,685.29
31,20,3,52,36,3,1,457,470,5039.0,5,22,1,4,5,19,569,8,10,30,3301.68
2,9,0,41,0,0,0,580,0,1339.0,8,1,0,11,1,0,0,0,17,0,1195.31
0,2,0,94,0,0,0,489,0,735.0,6,0,0,16,0,0,0,0,16,0,410.01
10,6,1,15,0,0,1,175,132,8422.0,11,2,1,5,1,1,140,4,4,15,2134.07
7,13,1,25,0,0,0,354,78,2822.0,9,4,0,6,0,5,94,0,14,13,1390.29
0,1,0,50,0,0,0,511,0,450.0,9,0,0,18,0,0,0,0,20,0,92.96
0,0,0,9,0,0,0,268,0,767.0,10,0,0,19,0,0,0,0,15,0,195.8
23,12,12,7,289,19,65,478,112,20064.0,10,13,18,0,9,9,637,140,8,58,5518.52
3,15,0,75,0,0,0,212,0,1396.0,5,0,0,11,2,0,0,0,6,2,744.29
3,14,0,17,0,0,0,207,0,9709.0,5,0,1,12,0,1,0,0,9,0,1556.19
15,23,4,105,52,5,6,465,383,27697.0,8,19,8,3,6,13,581,12,5,61,5258.53
0,11,0,41,0,0,0,584,4,4427.0,7,1,0,10,0,0,4,0,16,1,1147.16
0,0,0,67,0,0,0,279,0,1.0,12,0,0,20,0,0,0,0,14,0,1086.35
1,9,0,81,0,0,0,578,0,1775.0,6,0,0,14,1,0,0,0,17,0,429.35
25,19,4,95,44,1,0,437,472,29015.0,5,15,3,4,6,44,629,4,8,32,3600.64
4,7,0,14,0,1,0,198,0,5084.0,13,0,0,8,0,0,4,0,4,0,1946.3
0,3,0,66,0,0,0,502,0,118.0,7,0,0,16,0,0,0,0,19,0,278.28
0,0,0,51,0,0,0,270,0,996.0,9,0,0,18,0,0,0,0,14,0,415.35
0,1,0,66,0,0,0,614,0,113.0,12,0,0,20,0,0,0,0,23,0,183.9
8,14,0,17,0,0,0,694,8,4108.0,0,0,3,10,1,0,12,0,11,18,1900.57
21,18,4,52,32,2,1,352,350,3193.0,6,21,2,5,5,37,422,4,11,34,3250.72
0,0,0,9,0,0,0,264,0,813.0,9,0,0,19,0,0,0,0,15,0,161.64
1,10,0,39,0,0,0,568,0,66.0,6,0,0,11,0,0,0,0,16,1,824.5
6,10,0,17,0,2,0,214,44,13304.0,4,0,1,8,1,4,44,0,6,26,1972.08
0,0,0,9,0,0,0,268,0,767.0,10,0,0,19,0,0,0,0,15,0,176.79
0,1,0,50,0,0,0,673,0,262.0,10,0,0,20,0,0,0,0,19,0,91.67
1,14,0,32,0,0,0,671,0,2493.0,5,0,0,13,1,1,0,0,10,0,1208.66
3,1,0,69,0,0,0,80,0,878.0,12,0,0,12,1,0,0,0,3,0,285.05
0,0,0,66,0,0,0,600,0,378.0,12,0,0,19,0,0,0,0,23,0,194.38
0,0,0,66,0,0,0,604,0,45.0,14,0,0,22,0,0,0,0,25,0,189.26
1,10,0,41,0,0,0,568,0,66.0,6,0,0,11,0,0,0,0,16,1,1037.34
2,2,0,34,0,0,0,763,0,732.0,18,0,0,10,0,0,0,0,10,1,436.01
3,1,1,68,0,0,0,423,16,3164.0,14,0,0,6,2,1,16,0,8,3,849.0
9,12,0,25,0,0,0,313,48,1155.0,9,3,1,7,0,0,52,0,15,11,1316.58
3,8,0,81,0,0,0,515,0,3053.0,3,0,0,13,1,0,0,0,14,1,395.27
0,18,0,79,0,0,0,100,0,992.0,10,0,0,13,0,0,0,0,5,0,775.88
26,13,4,105,40,5,5,465,449,27697.0,7,16,7,4,7,11,581,12,5,72,5180.12
4,5,0,51,0,0,0,661,0,76.0,6,0,0,15,1,0,0,0,12,1,394.32
7,11,1,44,0,2,0,417,392,3794.0,11,3,5,4,3,4,460,0,6,20,2033.25
3,4,0,67,0,0,0,141,0,449.0,8,0,0,16,1,0,0,0,10,0,1211.86
0,2,0,74,0,0,0,778,0,96.0,18,0,0,12,0,0,0,0,8,0,380.09
0,1,0,50,0,0,0,542,0,290.0,11,0,0,21,0,0,0,0,20,0,90.64
5,12,0,17,0,0,0,671,0,2493.0,4,0,0,13,2,0,0,0,10,0,1553.05
0,2,0,34,0,0,0,797,0,1365.0,19,0,0,11,0,0,0,0,11,1,561.75
5,14,0,17,0,0,0,203,8,3451.0,4,0,0,9,0,0,8,0,6,8,1789.73
0,0,0,0,0,0,0,809,0,1.0,20,0,0,16,0,0,0,0,26,0,573.41
1,11,0,74,0,0,0,751,4,347.0,15,0,1,10,1,0,4,0,5,0,413.51
9,15,0,35,0,0,0,338,16,2777.0,9,1,0,8,2,1,16,0,16,6,1195.25
0,6,0,73,0,0,0,397,4,1716.0,13,1,0,9,2,1,4,0,18,2,618.21
0,3,0,0,0,0,0,381,0,1753.0,16,0,1,12,0,0,0,0,21,0,787.7
5,15,0,17,0,0,0,723,4,8517.0,1,0,1,11,1,1,4,0,11,4,1747.38
0,7,0,83,0,0,0,79,0,777.0,12,0,1,14,0,0,0,0,5,0,251.23
32,11,8,85,56,3,6,441,355,29434.0,6,15,5,3,6,49,633,8,7,42,3728.84
1,4,0,69,0,0,0,113,0,1912.0,13,0,0,12,1,0,0,0,3,0,284.4
16,12,1,78,12,1,0,342,187,1151.0,8,7,4,5,4,5,219,0,13,66,2162.83
0,3,0,82,0,0,0,491,0,402.0,5,0,0,15,0,0,0,0,16,0,198.71
0,2,0,37,0,0,0,155,0,357.0,13,0,0,18,0,0,0,0,10,0,107.71
12,12,0,91,20,1,0,415,443,808.0,12,2,2,3,4,4,523,0,7,23,5432.8
2,1,0,71,0,0,0,11,0,516.0,13,0,0,14,1,0,0,0,22,0,876.84
1,5,0,67,0,0,0,665,0,128.0,8,0,0,16,1,0,0,0,11,0,1313.01
21,11,3,85,44,2,6,473,453,26582.0,7,18,2,4,8,11,569,4,5,74,3467.63
8,21,0,27,0,0,2,182,146,4418.0,9,2,0,6,0,2,174,0,3,21,1977.25
2,2,0,68,0,0,0,423,16,3164.0,15,1,0,6,1,1,16,0,8,1,994.53
21,10,2,78,12,1,0,342,321,1151.0,8,10,7,5,2,9,377,4,13,69,2541.64
1,4,0,31,0,0,0,518,0,315.0,5,0,0,15,0,0,0,0,15,1,1200.8
0,4,0,74,0,0,0,747,0,4.0,18,0,0,12,0,0,0,0,8,0,306.1
0,6,0,70,0,0,0,397,4,1716.0,13,1,0,9,2,1,4,0,18,2,1915.58
10,5,2,44,4,0,1,181,133,8223.0,12,0,1,5,2,1,141,0,5,16,1690.29
5,3,0,71,0,0,0,14,0,2118.0,12,0,0,13,1,0,0,0,20,0,740.46
6,4,0,71,0,0,0,34,0,2043.0,12,0,0,12,1,0,0,0,19,0,1013.85
7,11,0,74,0,0,0,187,4,1418.0,14,0,2,9,1,0,4,0,4,0,487.96
3,7,0,107,0,0,0,433,24,102.0,14,1,1,6,3,0,24,0,6,3,943.56
0,2,0,80,0,0,0,10,0,995.0,13,0,0,13,1,0,0,0,21,0,230.5
0,14,0,34,0,0,0,753,4,564.0,15,0,0,9,0,0,4,0,5,0,537.18
0,7,0,70,0,0,0,375,0,161.0,13,0,0,10,0,0,0,0,19,2,1586.1
4,5,0,17,0,0,0,639,0,5043.0,4,0,0,14,1,1,0,0,13,0,1651.21
0,3,0,37,0,0,0,124,0,129.0,10,0,0,16,0,0,0,0,9,0,109.01
0,5,0,70,0,0,0,385,0,5.0,15,0,0,12,0,0,0,0,21,0,1756.48
2,13,0,17,0,0,0,209,0,3008.0,4,0,1,11,0,1,0,0,8,0,1586.36
0,13,0,34,0,0,0,752,4,1487.0,16,0,0,9,0,0,4,0,6,0,526.55
2,5,0,33,0,0,0,391,12,384.0,14,0,0,7,2,1,12,0,17,2,227.91
3,13,0,28,0,0,0,725,8,9191.0,0,0,0,10,0,1,8,0,11,9,2186.81
0,0,0,67,0,0,0,282,0,648.0,10,0,0,19,0,0,0,0,14,0,1219.72
3,6,0,94,0,0,0,513,0,8072.0,4,0,0,14,1,0,0,0,14,1,443.7
0,3,0,94,0,0,0,514,0,3039.0,6,0,0,16,0,0,0,0,16,0,366.26
2,5,0,70,0,0,0,301,24,279.0,13,0,0,7,2,0,24,0,16,3,1801.49
30,18,1,52,12,2,1,350,196,4023.0,5,11,1,5,2,41,268,8,11,26,3087.37
1,13,0,35,0,0,0,584,4,4427.0,7,1,0,10,1,0,4,0,16,1,1141.83
0,2,0,34,0,0,0,739,0,40.0,22,0,0,14,0,0,0,0,12,0,416.68
0,1,0,32,0,0,0,636,0,1211.0,8,0,0,18,0,0,0,0,15,0,834.79
0,0,0,9,0,0,0,258,0,566.0,12,0,0,21,0,0,0,0,16,0,155.98
0,8,0,34,0,0,0,758,0,1936.0,17,0,0,9,0,1,0,0,8,0,572.13
5,11,0,70,4,0,0,300,65,1030.0,11,1,1,6,1,0,73,0,15,8,2259.12
0,0,0,40,0,0,0,280,0,8.0,13,0,0,20,0,0,0,0,14,0,210.82
6,15,0,26,28,1,0,298,370,4075.0,11,5,3,3,2,7,521,8,12,52,2419.88
6,7,1,107,0,0,0,429,48,3342.0,13,2,2,6,2,0,52,0,6,6,1034.18
3,7,0,94,0,0,0,701,0,4190.0,3,0,0,13,0,1,0,0,13,0,445.48
0,1,0,65,0,0,0,20,0,42.0,13,0,0,15,0,0,0,0,22,0,151.08
0,7,0,73,0,0,0,375,0,161.0,13,0,0,10,0,0,0,0,19,2,584.93
13,18,0,91,24,1,5,468,331,22796.0,9,11,2,4,5,8,403,4,4,27,4686.67
11,22,1,27,0,1,0,241,48,3259.0,7,0,2,7,0,1,48,0,3,12,1522.83
8,8,1,25,0,0,0,331,12,6043.0,11,1,3,8,1,2,12,0,17,2,573.26
2,11,0,107,0,0,0,409,277,25.0,14,0,0,4,1,0,281,0,10,10,1149.09
0,1,0,80,0,0,0,24,0,783.0,15,0,0,16,0,0,0,0,24,0,218.29
1,1,0,66,0,0,0,508,0,325.0,8,0,0,17,0,0,0,0,19,0,207.94
0,5,0,34,0,0,0,748,0,35.0,18,0,0,11,0,0,0,0,8,0,400.57
0,3,0,0,0,0,0,815,0,5.0,23,0,0,18,0,0,0,0,28,0,153.8
3,4,0,69,0,0,0,97,0,1285.0,11,0,0,12,1,0,0,0,3,0,224.69
6,17,0,35,0,0,0,324,28,3970.0,6,1,0,8,0,0,32,0,14,26,1314.65
33,13,2,85,24,0,1,441,481,29434.0,6,14,2,4,4,41,617,4,7,50,3549.83
14,9,2,78,12,0,0,341,333,4612.0,9,5,1,5,2,5,385,0,13,67,2292.72
0,4,0,34,0,0,0,783,0,22.0,19,0,0,11,0,0,0,0,10,1,450.15
0,0,0,40,0,0,0,278,0,455.0,12,0,0,20,0,0,0,0,14,0,264.3
0,1,0,66,0,0,0,591,0,668.0,11,0,0,19,0,0,0,0,22,0,206.54
30,17,0,11,16,0,0,471,265,16637.0,6,6,1,5,3,8,313,0,5,71,2640.61
3,4,0,41,0,0,0,712,8,1887.0,4,0,0,10,0,0,8,0,14,6,1327.27
7,15,0,75,0,0,0,203,8,3451.0,5,0,0,9,1,0,8,0,5,8,677.94
10,15,0,75,0,1,0,242,40,4364.0,6,1,3,8,1,1,40,0,4,10,902.22
5,9,0,52,0,0,0,704,16,1460.0,3,1,0,9,2,1,20,0,13,20,2382.23
0,1,0,66,0,0,0,608,0,50.0,10,0,0,18,0,0,0,0,21,0,199.84
0,10,0,70,0,0,0,371,0,4.0,14,0,0,11,0,0,0,0,20,1,1861.38
0,0,0,65,0,0,0,60,0,635.0,13,0,0,17,0,0,0,0,23,0,158.27
0,2,0,0,0,0,0,73,0,1.0,21,0,0,18,0,0,0,0,27,0,696.44
34,13,6,2,144,6,10,451,169,7618.0,7,20,15,2,7,18,653,34,10,41,4473.86
6,16,0,75,0,0,0,200,4,1033.0,5,0,0,9,1,0,4,0,5,8,681.19
0,2,0,0,0,0,0,73,0,1.0,22,0,0,18,0,0,0,0,27,0,513.71
2,3,0,70,0,0,0,394,12,992.0,12,1,0,8,2,1,12,0,17,1,1792.29
0,2,0,33,0,0,0,406,0,19.0,15,0,0,10,0,0,0,0,19,1,197.66
1,2,0,82,0,0,0,609,0,28.0,9,0,0,17,0,0,0,0,20,0,187.93
15,23,6,105,48,4,6,464,403,18375.0,8,18,7,3,5,11,569,16,5,61,5124.92
9,7,0,81,0,0,0,714,4,1093.0,2,1,1,10,2,0,8,0,13,12,575.17
2,3,0,32,0,0,0,627,0,1624.0,5,0,0,15,0,1,0,0,13,0,1085.01
0,2,0,82,0,0,0,512,0,366.0,8,0,0,17,0,0,0,0,19,0,223.78
5,14,0,17,0,0,0,723,4,8517.0,1,0,1,11,2,0,4,0,11,4,1726.73
8,15,0,35,0,0,0,322,32,2868.0,5,2,1,8,0,1,36,0,14,37,1256.14
0,0,0,65,0,0,0,61,0,14.0,12,0,0,17,0,0,0,0,22,0,142.11
0,2,0,40,0,0,0,125,0,872.0,11,0,0,18,0,0,0,0,12,0,215.52
5,9,0,28,0,0,0,698,8,1433.0,2,0,1,11,1,0,8,0,13,8,1725.48
0,2,0,34,0,0,0,794,0,1205.0,19,0,0,10,0,1,0,0,11,0,511.61
1,1,0,39,0,0,0,562,0,25.0,7,0,0,14,0,0,0,0,18,0,706.97
0,3,0,64,0,0,0,142,0,948.0,9,0,0,16,0,0,0,0,10,0,322.44
2,10,0,39,0,0,0,529,0,1010.0,4,0,0,13,0,0,0,0,16,0,770.33
5,14,0,17,0,0,0,670,0,9223.0,4,0,0,13,2,1,0,0,9,0,1551.65
0,0,0,66,0,0,0,66,0,3.0,12,0,0,17,0,0,0,0,22,0,200.82
0,0,0,9,0,0,0,268,0,767.0,10,0,0,19,0,0,0,0,15,0,192.84
0,2,0,64,0,0,0,119,0,1.0,10,0,0,17,0,0,0,0,10,0,361.59
1,1,0,50,0,0,0,506,0,99.0,9,0,0,18,0,0,0,0,20,0,93.91
2,1,0,51,0,0,0,664,0,14.0,9,0,0,18,0,0,0,0,13,0,330.97
0,0,0,66,0,0,0,590,0,54.0,13,0,0,20,0,0,0,0,24,0,146.05
1,11,0,76,0,0,0,135,0,197.0,7,0,0,14,1,0,0,0,9,1,245.4
2,3,0,82,0,0,0,503,0,1068.0,6,0,0,15,1,0,0,0,17,0,209.87
0,0,0,33,0,0,0,826,0,1337.0,19,0,0,13,0,0,0,0,23,0,200.36
5,12,1,25,4,0,0,317,100,4311.0,8,6,4,6,4,5,124,0,14,62,1535.08
1,3,0,39,0,0,0,38,0,186.0,10,0,0,12,0,0,0,0,19,0,745.26
37,18,8,2,48,5,0,457,472,5039.0,6,18,2,4,6,17,605,12,10,33,3875.67
0,2,0,40,0,0,0,128,0,720.0,11,0,0,18,0,0,0,0,12,0,229.78
13,20,0,28,4,0,0,689,24,6724.0,1,2,5,9,2,6,28,0,11,20,2134.96
6,3,0,41,0,0,0,710,4,1494.0,3,0,0,11,1,0,4,0,14,6,1275.01
17,11,2,18,40,1,7,418,395,16309.0,10,18,4,3,5,5,523,0,6,26,2367.84
21,14,2,52,8,0,0,707,56,5234.0,3,3,2,7,2,11,68,0,11,53,2679.83
3,2,0,19,0,0,0,113,0,1912.0,13,0,0,13,1,0,0,0,3,0,496.94
4,11,0,81,0,0,0,698,4,1433.0,2,0,1,11,0,0,4,0,13,6,525.67
9,27,0,27,0,0,0,247,60,1943.0,8,1,1,7,1,1,60,0,3,14,1719.2
0,0,0,66,0,0,0,604,0,45.0,14,0,0,21,0,0,0,0,25,0,188.79
1,11,0,75,0,0,0,234,0,80.0,7,0,0,12,0,0,0,0,5,0,594.96
0,0,0,66,0,0,0,66,0,3.0,12,0,0,17,0,0,0,0,22,0,264.6
4,20,0,75,0,0,0,205,0,653.0,7,1,1,9,1,1,0,0,4,3,713.68
0,1,0,82,0,0,0,512,0,366.0,8,0,0,17,0,0,0,0,19,0,203.8
1,0,0,65,0,0,0,54,0,481.0,14,0,0,20,0,0,0,0,25,0,188.9
29,19,3,8,48,3,0,437,459,29015.0,6,15,1,4,7,44,629,8,7,33,3365.54
2,9,0,77,0,0,0,88,0,89.0,11,0,0,14,1,0,0,0,6,0,224.89
0,7,0,34,0,0,0,789,0,1672.0,17,0,1,8,0,0,0,0,10,0,610.9
1,0,0,66,0,0,0,615,0,489.0,11,0,0,20,0,0,0,0,22,0,262.25
0,0,0,66,0,0,0,66,0,3.0,11,0,0,17,0,0,0,0,22,0,197.48
1,6,0,83,0,0,0,103,0,421.0,11,0,0,14,0,0,0,0,5,0,282.7
4,12,0,41,0,0,0,572,20,217.0,5,0,1,9,0,1,20,0,14,10,1174.23
0,2,0,31,0,0,0,686,0,539.0,8,0,0,18,0,0,0,0,17,0,1102.9
1,16,0,83,0,0,0,101,0,92.0,10,0,0,12,0,0,0,0,3,0,300.98
0,1,0,71,0,0,0,23,0,412.0,16,0,0,16,1,0,0,0,24,0,801.74
0,7,0,73,0,0,0,369,0,8.0,13,0,0,10,0,0,0,0,19,2,622.63
8,21,0,27,0,1,0,205,4,653.0,6,1,1,9,1,1,4,0,4,7,1400.81
0,0,0,9,0,0,0,275,0,229.0,13,0,0,22,0,0,0,0,17,0,144.93
3,3,0,17,0,0,0,643,0,2288.0,4,0,0,14,1,1,0,0,12,0,1488.24
0,0,0,9,0,0,0,265,0,236.0,11,0,0,20,0,0,0,0,16,0,172.79
0,1,0,80,0,0,0,25,0,930.0,15,0,0,17,0,0,0,0,24,0,292.72
7,23,0,98,0,0,0,717,48,5123.0,2,2,1,7,0,9,56,0,8,50,2301.0
1,7,0,34,0,0,0,750,4,1061.0,16,0,0,10,0,0,4,0,6,0,473.12
1,16,0,35,0,0,0,321,4,5932.0,7,1,0,10,1,0,4,0,16,2,1049.88
2,6,0,67,0,0,0,141,0,449.0,7,0,0,15,0,0,0,0,10,1,1449.53
25,20,3,95,48,1,0,437,463,29015.0,5,14,3,4,7,44,633,8,8,32,3569.64
0,0,0,9,0,0,0,276,0,217.0,13,0,0,23,0,0,0,0,18,0,144.63
6,11,0,85,0,0,0,218,24,12029.0,5,0,0,8,1,1,24,0,5,13,2352.88
10,13,0,17,0,2,0,213,76,12462.0,4,2,1,7,3,4,84,0,6,40,2157.1
35,14,9,2,50,5,0,459,408,13220.0,7,11,8,3,6,25,637,16,10,35,4127.39
0,1,0,39,0,0,0,565,0,1.0,9,0,0,15,0,0,0,0,20,0,709.26
23,14,10,96,57,4,1,463,390,15107.0,6,20,6,3,2,19,657,20,9,31,3565.32
2,8,0,34,0,0,0,760,0,1711.0,17,0,1,8,0,0,0,0,10,0,605.91
1,5,0,0,0,0,0,383,0,107.0,15,0,0,12,1,0,0,0,21,0,593.09
0,4,0,90,0,0,0,90,0,257.0,13,0,0,16,0,0,0,0,8,0,201.35
2,3,0,17,0,0,0,651,0,1505.0,5,0,0,15,0,0,0,0,14,1,1368.04
12,7,0,41,0,0,0,692,12,2226.0,2,2,2,9,3,5,16,0,12,18,1343.97
3,0,0,74,0,0,0,253,0,1385.0,16,0,0,11,0,0,0,0,5,0,407.76
8,3,0,41,0,0,0,710,8,1494.0,3,0,0,10,2,0,8,0,14,6,1173.25
3,7,0,81,0,0,0,515,0,3053.0,4,0,0,14,1,0,0,0,14,1,404.4
15,8,3,78,32,0,0,341,398,4612.0,9,6,1,4,3,5,493,0,13,70,2428.1
26,12,3,52,20,2,2,339,430,3083.0,7,21,2,4,3,40,504,8,12,46,3346.98
0,1,0,0,0,0,0,816,0,9.0,21,0,0,16,0,0,0,0,26,0,536.98
0,1,0,82,0,0,0,494,0,484.0,8,0,0,18,0,0,0,0,19,0,225.94
5,10,0,89,0,0,0,328,0,2467.0,11,1,2,9,1,0,0,0,17,3,784.09
1,0,0,74,0,0,0,252,0,4009.0,16,0,1,12,1,0,0,0,5,0,412.03
0,4,0,94,0,0,0,491,0,402.0,5,0,0,15,0,0,0,0,16,0,364.52
9,6,0,32,0,0,0,642,0,557.0,3,0,0,13,2,0,0,0,12,0,1179.7
8,2,0,41,0,0,0,712,8,1887.0,3,0,0,11,2,0,8,0,14,6,1109.48
0,3,0,82,0,0,0,502,0,118.0,8,0,0,16,0,0,0,0,19,0,177.41
0,1,0,66,0,0,0,545,0,461.0,11,0,0,20,0,0,0,0,21,0,145.47
0,2,0,40,0,0,0,127,0,144.0,10,0,0,18,0,0,0,0,11,0,229.49
6,19,0,17,0,0,0,226,12,11261.0,3,0,0,9,1,0,12,0,7,16,1909.92
0,4,0,70,0,0,0,364,0,426.0,16,0,0,11,2,0,0,0,20,1,1650.46
0,12,0,107,0,0,0,769,4,314.0,15,0,0,9,0,0,4,0,6,1,909.86
6,6,0,94,0,0,0,517,0,3447.0,4,0,0,14,1,0,0,0,14,1,455.23
1,0,0,66,0,0,0,596,0,714.0,13,0,0,20,0,0,0,0,24,0,183.65
0,0,0,50,0,0,0,615,0,489.0,11,0,0,19,0,0,0,0,22,0,116.05
4,9,0,72,0,1,0,198,0,5084.0,13,0,1,8,0,0,4,0,3,0,670.41
8,12,0,28,0,0,0,696,4,506.0,1,0,0,11,2,0,4,0,13,6,1770.31
1,3,0,73,0,0,0,44,0,19.0,14,0,0,13,1,0,0,0,21,0,558.57
18,26,3,105,20,2,6,469,361,27484.0,8,8,3,4,3,9,445,8,4,40,4660.55
9,3,0,41,0,0,0,716,8,1823.0,3,1,0,10,2,0,8,0,13,14,1256.95
26,16,0,11,28,2,2,474,433,25121.0,6,15,3,4,6,17,529,12,6,78,3186.75
0,0,0,33,0,0,0,822,0,715.0,20,0,0,14,0,0,0,0,24,0,196.23
10,13,0,28,0,0,0,690,12,4100.0,1,1,2,10,3,4,16,0,12,16,1998.98
0,0,0,9,0,0,0,276,0,217.0,13,0,0,22,0,0,0,0,18,0,142.68
0,8,0,107,0,0,0,199,4,74.0,14,0,0,8,1,0,4,0,5,1,811.19
0,0,0,66,0,0,0,590,0,54.0,13,0,0,21,0,0,0,0,24,0,190.19
0,1,0,66,0,0,0,612,0,366.0,12,0,0,21,0,0,0,0,23,0,188.9
0,1,0,51,0,0,0,270,0,996.0,9,0,0,18,0,0,0,0,14,0,368.72
1,9,0,39,0,0,0,575,0,1347.0,6,0,0,13,0,0,0,0,17,0,832.41
13,16,0,26,36,3,3,296,271,11327.0,10,4,7,2,1,8,553,16,12,67,2523.81
3,26,0,17,0,0,0,223,8,11389.0,2,0,0,9,1,1,8,0,8,11,1757.06
6,4,0,41,0,1,0,712,8,1887.0,3,1,0,10,1,0,8,0,14,9,1144.42
3,10,0,52,0,0,0,572,12,217.0,5,0,0,10,0,0,12,0,15,9,2089.49
4,13,0,78,12,0,0,294,330,991.0,11,4,3,4,2,3,370,0,13,17,2080.44
0,5,0,35,0,0,0,583,0,244.0,9,0,0,12,0,0,0,0,19,0,491.0
16,19,12,3,101,4,19,466,225,13796.0,10,22,12,2,7,12,601,20,6,53,5233.51
0,2,0,17,0,0,0,643,0,2288.0,4,0,0,14,0,1,0,0,13,0,1594.41
2,15,0,76,0,0,0,211,0,2075.0,6,0,0,13,1,0,0,0,8,1,319.26
2,4,0,32,0,0,0,645,0,762.0,5,0,0,15,0,0,0,0,14,1,892.05
1,0,0,32,0,0,0,632,0,1629.0,9,0,0,19,1,0,0,0,16,0,1009.58
0,7,0,70,0,0,0,369,0,8.0,13,0,0,10,0,0,0,0,19,2,1674.89
5,12,0,17,0,0,0,725,4,9191.0,0,0,0,10,0,1,4,0,11,8,1854.69
31,17,13,5,323,11,73,483,76,18149.0,9,22,9,1,13,13,637,94,8,63,5655.67
11,15,0,24,0,0,0,314,36,850.0,9,2,0,7,2,1,40,0,15,11,1469.75
21,22,12,4,80,4,16,467,314,23239.0,8,23,16,3,4,17,609,32,6,57,7202.22
2,3,0,82,0,0,0,502,0,118.0,7,0,0,16,0,0,0,0,18,0,206.59
3,6,0,69,0,0,0,97,0,1285.0,11,0,0,12,1,0,0,0,3,0,263.19
3,11,0,17,0,0,0,640,4,9451.0,2,0,2,12,0,0,4,0,12,0,1665.93
0,2,0,17,0,0,0,643,0,2288.0,4,0,0,14,0,1,0,0,13,0,1517.02
8,13,1,25,0,0,0,354,56,2822.0,9,3,0,6,0,4,72,0,15,14,1476.18
1,11,0,17,0,0,0,667,0,943.0,4,0,2,13,0,0,0,0,10,0,1542.67
2,7,0,81,0,0,0,530,0,137.0,5,0,0,14,0,0,0,0,16,0,373.46
9,12,2,36,0,0,0,354,79,2822.0,9,4,1,6,1,6,103,0,14,30,1277.89
18,26,1,52,16,0,0,735,143,10597.0,3,6,2,6,2,32,183,4,10,40,2906.81
2,14,0,75,0,0,0,209,0,3008.0,4,0,1,11,0,1,0,0,8,0,671.45
0,3,0,19,0,0,0,113,0,1912.0,12,0,0,12,0,0,0,0,3,0,546.34
13,14,0,84,204,3,59,307,178,2841.0,10,4,4,1,4,9,605,4,11,69,4051.15
5,10,0,81,0,0,0,714,8,1093.0,2,0,1,11,1,0,8,0,13,7,567.67
7,7,0,94,0,0,0,638,0,9811.0,3,0,2,13,1,0,0,0,12,0,428.14
6,11,0,89,0,0,0,325,8,6138.0,11,1,3,8,1,1,8,0,17,2,793.83
3,9,0,39,0,0,0,573,0,2026.0,5,0,0,13,1,0,0,0,16,0,927.12
3,17,0,17,0,0,0,722,8,7545.0,1,0,0,10,0,1,8,0,10,8,1823.4
4,16,0,75,0,0,0,236,0,663.0,8,0,0,11,1,0,0,0,5,1,595.94
26,22,3,2,32,3,1,460,416,4071.0,5,21,2,5,6,21,496,4,10,30,2816.67
7,3,0,39,0,0,0,710,4,1494.0,3,0,0,11,2,0,4,0,14,6,948.81
0,4,0,40,0,0,0,143,0,891.0,10,0,0,17,0,0,0,0,11,0,237.86
0,16,0,35,0,0,0,586,4,8665.0,8,0,1,10,0,0,4,0,16,1,1078.64
0,3,0,32,0,0,0,637,0,708.0,7,0,0,17,0,0,0,0,14,1,1102.27
6,9,0,28,0,0,0,690,8,4100.0,1,0,2,10,1,0,8,0,12,9,1785.49
1,2,0,31,0,0,0,677,0,512.0,10,0,0,20,1,0,0,0,18,0,983.7
19,11,1,28,4,1,0,691,28,2987.0,2,0,4,9,2,5,36,0,12,29,2356.31
8,27,0,28,0,0,0,717,40,5123.0,2,2,3,8,0,7,48,0,8,43,2238.06
0,0,0,9,0,0,0,681,0,71.0,10,0,0,20,0,0,0,0,16,0,149.3
0,2,0,66,0,0,0,607,0,12.0,9,0,0,17,0,0,0,0,20,0,202.71
3,10,0,94,0,0,0,640,4,9451.0,2,0,2,12,0,1,4,0,12,0,495.37
17,12,2,55,20,1,4,468,360,22796.0,10,12,3,4,6,7,456,4,5,26,3529.91
9,14,0,28,0,0,0,694,8,4108.0,0,0,0,10,1,0,12,0,11,12,2042.17
1,7,0,107,0,0,0,422,0,3141.0,16,1,0,7,0,0,0,0,9,0,812.77
19,16,2,8,28,2,0,449,488,23197.0,5,14,3,4,5,54,625,12,7,36,3410.72
0,0,0,66,0,0,0,593,0,979.0,11,0,0,19,0,0,0,0,23,0,194.74
0,5,0,33,0,0,0,401,0,71.0,17,0,0,10,0,0,0,0,20,1,227.51
1,9,0,39,0,0,0,585,0,1045.0,7,0,0,11,0,0,0,0,17,0,783.93
8,11,1,44,0,0,0,417,347,3794.0,12,2,5,4,3,4,387,0,6,17,1905.01
2,12,0,44,0,0,0,409,204,25.0,14,0,0,4,1,0,204,0,10,9,1739.51
1,14,0,51,0,0,0,655,0,1165.0,5,0,0,13,1,1,0,0,10,0,475.34
0,3,0,64,0,0,0,127,0,144.0,10,0,0,17,0,0,0,0,11,0,57.54
2,1,0,80,0,0,0,13,0,1229.0,14,0,0,15,0,0,0,0,22,0,208.61
7,4,0,41,0,1,0,570,16,851.0,4,1,0,10,1,1,16,0,14,10,1177.96
1,6,0,69,0,0,0,83,0,730.0,13,0,1,15,0,0,0,0,5,0,200.93
0,2,0,66,0,0,0,558,0,21.0,9,0,0,16,0,0,0,0,20,0,208.44
0,1,0,31,0,0,0,498,0,314.0,8,0,0,18,0,0,0,0,18,0,1234.47
0,6,0,90,0,0,0,161,0,299.0,11,0,0,15,0,0,0,0,7,0,205.83
6,18,0,15,4,0,1,186,136,2806.0,9,2,4,6,0,3,164,0,3,19,2256.62
3,15,0,64,0,0,0,207,0,9709.0,5,0,1,13,1,0,0,0,9,1,471.59
4,8,0,52,0,0,0,572,16,217.0,5,0,0,10,0,1,16,0,14,8,2264.87
0,14,0,79,0,0,0,159,0,666.0,9,0,0,14,0,0,0,0,7,0,762.9
1,10,0,81,0,0,0,578,0,1775.0,5,0,0,14,1,0,0,0,17,0,437.27
0,3,0,64,0,0,0,143,0,891.0,10,0,0,17,0,0,0,0,11,0,346.46
0,2,0,79,0,0,0,122,0,528.0,11,0,0,16,0,0,0,0,9,0,745.93
3,5,0,39,0,0,0,570,8,851.0,4,0,0,10,0,0,8,0,15,6,887.54
4,9,0,94,0,0,0,531,0,2126.0,3,0,0,13,2,0,0,0,14,1,442.86
5,7,0,89,0,0,0,327,4,606.0,11,1,0,9,0,0,4,0,17,3,859.19
8,22,0,27,0,0,0,241,64,3259.0,7,1,2,7,0,1,64,0,3,15,1700.11
0,1,0,66,0,0,0,591,0,668.0,11,0,0,19,0,0,0,0,22,0,207.05
6,16,0,35,0,0,0,336,16,1390.0,8,1,0,8,2,0,16,0,15,6,1073.23
1,13,0,76,0,0,0,135,0,197.0,7,0,0,13,1,0,0,0,9,1,269.0
18,17,1,91,24,1,5,468,376,22796.0,9,13,6,4,5,9,464,4,5,26,4924.78
0,2,0,82,0,0,0,485,0,784.0,6,0,0,16,0,0,0,0,17,0,237.05
1,2,0,71,0,0,0,10,0,995.0,13,0,1,13,1,0,0,0,21,0,797.26
0,2,0,50,0,0,0,544,0,131.0,10,0,0,20,0,0,0,0,20,0,94.6
0,3,0,94,0,0,0,491,0,402.0,5,0,0,15,0,0,0,0,16,0,372.26
1,14,0,34,0,0,0,753,4,564.0,15,0,0,9,0,0,4,0,5,0,526.16
0,3,0,33,0,0,0,390,4,29.0,14,0,0,9,2,1,4,0,18,2,202.21
0,0,0,0,0,0,0,806,0,627.0,20,0,0,15,0,0,0,0,25,0,581.29
0,1,0,31,0,0,0,523,0,400.0,7,0,0,17,0,0,0,0,17,0,1132.56
0,17,0,14,0,0,0,173,4,32.0,11,0,4,10,0,0,4,0,0,1,1832.13
10,14,3,26,102,0,31,309,242,5029.0,10,1,2,2,0,6,577,12,11,69,2533.57
0,4,0,94,0,0,0,514,0,3039.0,5,0,0,15,0,0,0,0,16,0,387.88
0,2,0,31,0,0,0,522,0,224.0,6,0,0,16,0,0,0,0,16,0,1315.6
1,4,0,81,0,0,0,528,0,364.0,5,0,0,14,1,0,0,0,16,0,365.17
6,13,0,25,0,0,0,325,20,6138.0,10,3,1,8,1,1,20,0,16,6,1150.42
0,5,0,39,0,0,0,713,4,2058.0,4,0,0,12,0,0,4,0,15,1,895.61
7,10,0,35,0,0,0,326,0,2082.0,10,0,0,9,2,0,0,0,17,2,1081.8
4,5,0,72,4,0,0,196,8,5394.0,13,0,0,7,1,0,12,0,4,2,720.13
5,6,0,107,0,0,0,435,24,1099.0,14,2,0,6,3,0,24,0,7,5,981.48
0,1,0,66,0,0,0,548,0,232.0,12,0,0,21,0,0,0,0,23,0,219.04
0,0,0,67,0,0,0,278,0,455.0,12,0,0,20,0,0,0,0,14,0,1224.09
31,16,4,8,44,0,0,437,412,29015.0,6,14,5,3,7,32,645,16,8,28,3542.01
0,2,0,74,0,0,0,774,0,17.0,19,0,0,12,0,0,0,0,9,0,343.07
0,0,0,0,0,0,0,807,0,5.0,19,0,0,15,0,0,0,0,24,0,442.5
2,3,0,32,0,0,0,624,0,918.0,5,0,0,15,0,1,0,0,12,0,955.99
2,3,0,41,0,0,0,712,4,1887.0,4,0,0,11,0,0,4,0,15,5,1079.48
0,0,0,65,0,0,0,60,0,635.0,13,0,0,17,0,0,0,0,23,0,144.33
4,25,0,17,0,0,0,719,36,13029.0,2,1,3,8,0,3,44,0,8,30,2015.91
12,8,0,14,0,0,1,180,145,12487.0,11,3,2,5,0,1,161,4,4,15,2744.67
3,6,0,94,0,0,0,641,0,7177.0,3,0,2,13,0,1,0,0,13,0,470.17
2,6,0,68,0,0,0,766,4,1685.0,16,0,0,8,0,1,4,0,7,0,736.76
1,5,0,19,0,0,0,112,0,492.0,13,0,0,12,2,0,0,0,3,0,553.09
0,15,0,83,0,0,0,158,0,233.0,9,0,0,13,0,0,0,0,6,0,236.08
0,2,0,67,0,0,0,143,0,891.0,10,0,0,17,0,0,0,0,12,0,1250.33
7,16,0,75,0,0,0,200,0,1033.0,5,0,0,9,1,0,0,0,5,5,753.74
2,3,0,72,4,0,0,196,32,5394.0,13,2,2,6,0,0,36,0,4,3,729.42
6,22,0,27,0,0,0,243,76,4237.0,7,1,2,7,0,3,76,0,4,19,1710.46
1,16,0,27,0,0,0,95,0,520.0,10,0,1,10,0,0,0,0,2,1,1162.55
11,24,0,11,0,0,0,475,187,18627.0,7,3,0,6,1,9,231,0,4,29,2440.52
2,14,0,64,0,0,0,211,0,2075.0,6,0,0,13,1,0,0,0,8,1,421.33
11,22,0,11,12,0,2,183,187,22376.0,9,4,2,5,4,3,223,0,3,25,2424.59
2,2,0,17,0,0,0,643,0,2288.0,4,0,0,14,0,1,0,0,13,0,1642.39
3,7,0,70,0,0,0,305,36,867.0,13,0,0,6,1,2,40,0,15,2,1967.27
5,10,0,89,0,0,0,325,8,6138.0,11,1,3,8,1,1,8,0,17,2,783.32
5,8,0,89,0,0,0,37,0,138.0,12,0,0,11,1,0,0,0,19,2,705.09
0,3,0,34,0,0,0,797,0,1365.0,20,0,0,11,0,0,0,0,12,1,449.96
0,4,0,0,0,0,0,377,0,32.0,16,0,0,12,2,0,0,0,22,0,584.29
0,1,0,32,0,0,0,636,0,1211.0,8,0,0,18,0,0,0,0,15,0,1009.18
5,2,0,32,0,0,0,627,0,1624.0,4,0,0,14,0,1,0,0,12,0,1176.97
13,19,0,28,4,0,0,689,20,6724.0,1,2,5,9,2,7,24,0,11,20,2321.66
8,4,1,72,4,0,1,181,120,8223.0,12,2,0,5,1,1,128,0,4,10,833.9
0,2,0,79,0,0,0,124,0,129.0,11,0,0,16,0,0,0,0,9,0,726.43
0,0,0,40,0,0,0,152,0,1021.0,13,0,0,19,0,0,0,0,12,0,253.56
3,22,0,19,0,0,0,174,0,1551.0,10,0,0,10,0,0,0,0,1,1,627.29
2,6,0,39,0,0,0,576,0,143.0,6,0,0,13,0,0,0,0,17,0,722.33
0,1,0,82,0,0,0,522,0,224.0,7,0,0,17,0,0,0,0,17,0,184.37
0,4,0,90,0,0,0,90,0,257.0,13,0,0,17,0,0,0,0,8,0,182.72
0,2,0,66,0,0,0,611,0,2.0,9,0,0,17,0,0,0,0,20,0,202.21
16,28,1,98,12,1,0,733,114,12095.0,3,3,2,6,3,20,142,0,9,50,2577.27
0,2,0,66,0,0,0,558,0,21.0,9,0,0,16,0,0,0,0,20,0,208.51
2,5,0,39,0,0,0,576,0,143.0,7,0,0,14,0,0,0,0,18,0,733.9
0,0,0,31,0,0,0,490,0,227.0,7,0,0,17,0,0,0,0,17,0,762.22
2,4,0,31,0,0,0,518,0,315.0,5,0,0,15,0,0,0,0,14,1,1068.53
18,23,5,55,92,7,10,465,344,27697.0,8,22,14,3,4,14,601,16,6,66,4436.27
0,0,0,65,0,0,0,67,0,387.0,12,0,0,18,0,0,0,0,23,0,196.82
8,12,0,81,0,0,0,696,4,506.0,2,0,0,12,2,0,4,0,13,1,448.62
2,3,0,34,0,0,0,761,0,40.0,18,0,0,10,0,0,0,0,9,1,472.8
2,4,0,94,0,0,0,503,0,1068.0,6,0,0,15,0,0,0,0,17,0,456.23
0,2,0,34,0,0,0,748,0,35.0,18,0,0,11,0,0,0,0,7,0,475.02
22,19,5,52,40,1,1,460,417,4071.0,6,20,3,5,6,21,503,0,11,35,3239.41
2,6,0,27,0,0,0,92,0,294.0,11,0,0,11,0,0,0,0,2,0,1141.57
32,12,1,109,322,6,77,456,136,16252.0,9,13,17,1,9,41,657,89,10,44,4126.11
17,12,0,52,4,1,0,708,24,987.0,2,1,3,9,2,5,32,0,12,29,2654.07
9,8,0,44,0,0,0,432,259,4083.0,12,4,2,4,1,1,271,0,7,16,1807.37
2,1,0,71,0,0,0,30,0,1189.0,14,0,1,15,0,0,0,0,23,0,870.19
0,1,0,66,0,0,0,623,0,584.0,11,0,0,18,0,0,0,0,22,0,202.88
0,5,0,32,0,0,0,649,0,629.0,6,0,0,16,0,0,0,0,13,1,967.56
0,0,0,9,0,0,0,282,0,648.0,11,0,0,19,0,0,0,0,14,0,174.18
7,10,0,89,0,0,0,326,0,2082.0,10,0,0,9,2,0,0,0,17,2,806.2
0,3,0,37,0,0,0,149,0,64.0,13,0,0,17,0,0,0,0,9,0,80.5
7,10,1,24,0,0,0,331,24,6043.0,10,1,0,7,1,1,24,0,16,5,1310.79
0,0,0,0,0,0,0,817,0,148.0,21,0,0,17,0,0,0,0,26,0,721.9
1,8,0,68,0,0,0,422,0,3141.0,16,0,1,7,0,0,0,0,9,0,840.1
21,20,12,91,96,3,25,466,265,13796.0,9,20,15,2,6,12,597,20,6,54,5642.03
6,7,0,73,0,0,0,37,0,138.0,12,0,0,10,0,0,0,0,18,2,613.69
1,5,0,73,0,0,0,46,0,13.0,13,0,0,11,1,0,0,0,20,0,571.47
5,15,0,15,4,0,1,186,148,2806.0,10,1,4,5,0,2,164,0,3,16,2178.64
0,0,0,66,0,0,0,619,0,334.0,11,0,0,19,0,0,0,0,23,0,233.4
2,5,0,70,0,0,0,392,12,202.0,14,0,0,7,2,1,12,0,17,2,1714.66
0,3,0,34,0,0,0,747,0,4.0,19,0,0,12,0,0,0,0,9,0,372.42
36,16,11,1,32,6,0,344,459,4251.0,6,15,11,4,4,23,561,12,11,39,4532.53
1,0,0,50,0,0,0,615,0,489.0,11,0,0,20,0,0,0,0,22,0,105.68
0,1,0,0,0,0,0,801,0,242.0,21,0,0,16,0,0,0,0,25,0,540.91
5,3,0,35,0,0,0,32,0,2626.0,12,0,1,12,1,0,0,0,20,0,973.63
0,2,0,40,0,0,0,125,0,872.0,11,0,0,18,0,0,0,0,12,0,229.24
4,4,0,89,0,0,0,43,0,2260.0,10,0,1,11,2,0,0,0,18,0,815.43
1,5,0,73,0,0,0,398,32,1073.0,12,1,1,6,3,2,36,0,16,4,647.27
29,20,11,10,96,3,20,464,352,18375.0,9,26,4,3,7,11,593,16,6,55,3570.33
6,10,0,74,0,0,0,188,4,1622.0,15,0,4,10,1,0,4,0,4,0,413.67
0,7,0,79,0,0,0,160,0,681.0,11,0,0,15,0,0,0,0,7,0,808.02
0,15,0,83,0,0,0,104,0,557.0,11,0,0,14,0,0,0,0,5,0,283.34
0,0,0,9,0,0,0,258,0,566.0,12,0,0,21,0,0,0,0,16,0,120.03
0,11,0,68,0,0,0,768,4,1325.0,16,0,0,9,0,0,4,0,7,1,647.41
7,5,0,89,0,0,0,36,0,2298.0,10,0,2,10,1,0,0,0,18,1,781.92
1,11,0,39,0,0,0,568,4,66.0,6,1,0,10,0,0,4,0,16,1,901.98
0,0,0,50,0,0,0,534,0,52.0,13,0,0,22,0,0,0,0,23,0,113.61
0,4,0,37,0,0,0,145,0,371.0,13,0,0,17,0,0,0,0,9,0,105.23
1,1,0,50,0,0,0,507,0,94.0,10,0,0,19,0,0,0,0,21,0,91.61
4,6,0,73,0,0,0,33,0,186.0,12,0,0,11,1,0,0,0,19,0,579.42
2,14,0,69,0,0,0,92,0,294.0,11,0,1,11,1,0,0,0,1,1,310.58
1,1,0,50,0,0,0,507,0,94.0,9,0,0,18,0,0,0,0,20,0,93.81
11,24,0,85,0,0,0,475,175,18627.0,7,2,0,6,1,8,211,0,4,29,3078.99
1,0,0,66,0,0,0,597,0,430.0,14,0,0,21,0,0,0,0,25,0,145.29
1,7,0,81,0,0,0,701,0,4190.0,2,0,2,13,0,0,0,0,13,1,484.9
0,0,0,9,0,0,0,286,0,188.0,12,0,0,20,0,0,0,0,14,0,149.35
0,11,0,75,0,0,0,134,0,811.0,7,0,0,13,0,0,0,0,7,0,560.57
3,4,0,35,0,0,0,335,0,1483.0,10,0,2,11,2,0,0,0,18,0,1009.8
0,4,0,74,0,0,0,748,0,35.0,17,0,0,11,0,0,0,0,7,0,359.32
0,4,0,34,0,0,0,789,0,1672.0,17,0,1,8,0,0,0,0,10,0,615.94
0,4,0,79,0,0,0,124,0,129.0,11,0,0,16,0,0,0,0,8,0,665.3
0,1,0,31,0,0,0,685,0,140.0,7,0,0,17,0,0,0,0,16,0,959.21
10,13,1,52,0,0,0,703,36,2709.0,3,2,3,8,2,7,44,0,12,37,2533.4
2,14,0,35,0,0,0,319,8,294.0,6,1,0,10,0,0,8,0,15,2,1193.08
13,7,0,52,0,0,0,692,12,2226.0,2,2,2,9,3,5,16,0,12,14,2288.06
13,15,0,26,190,1,59,307,192,2841.0,10,4,3,1,4,8,605,4,11,70,2588.41
0,1,0,74,0,0,0,741,0,139.0,23,0,0,15,0,0,0,0,14,0,417.99
4,17,0,14,0,0,0,163,8,2439.0,11,0,0,8,0,0,12,0,1,2,1949.55
2,3,0,19,0,0,0,113,0,1912.0,13,0,0,13,1,0,0,0,4,0,529.71
7,3,1,44,0,0,0,434,56,3829.0,13,1,0,6,2,0,60,0,5,7,1460.04
11,25,0,85,0,0,0,476,164,20104.0,7,3,0,6,3,7,192,0,4,29,2861.63
0,2,0,66,0,0,0,502,0,118.0,8,0,0,16,0,0,0,0,19,0,164.49
6,12,2,24,0,1,0,313,56,1155.0,8,1,1,7,0,2,64,0,14,22,1325.64
1,22,0,27,0,0,0,171,16,2496.0,9,1,0,8,0,0,16,0,1,1,1522.33
13,11,2,18,24,0,5,470,401,5626.0,10,13,4,4,5,4,521,0,5,27,2240.16
11,21,0,17,0,0,0,694,8,4108.0,0,0,4,9,1,4,12,0,11,16,1927.53
1,0,0,65,0,0,0,55,0,188.0,15,0,0,21,0,0,0,0,26,0,131.72
2,4,0,82,0,0,0,499,0,607.0,7,0,0,15,0,0,0,0,18,0,232.73
18,17,2,8,32,2,0,449,501,23197.0,5,14,3,4,5,54,621,8,7,35,3344.78
0,0,0,66,0,0,0,600,0,378.0,12,0,0,19,0,0,0,0,23,0,192.37
23,12,7,100,55,5,4,343,324,8037.0,7,10,4,3,7,25,617,20,11,42,2219.93
6,7,1,44,0,2,0,411,213,1726.0,13,2,4,4,0,1,217,0,7,11,1735.5
2,5,0,70,0,0,0,400,12,3373.0,12,1,1,7,0,1,16,0,16,2,1891.12
1,13,0,75,0,0,0,206,0,1070.0,5,0,1,11,0,0,0,0,7,1,709.62
0,3,0,34,0,0,0,793,0,1808.0,20,0,0,11,0,0,0,0,12,1,471.72
8,10,0,36,4,0,0,359,89,5598.0,10,5,0,6,1,1,101,0,15,10,1246.17
1,14,0,75,0,0,0,206,0,1070.0,6,0,1,12,0,0,0,0,7,1,661.14
18,11,2,52,4,1,0,691,24,2987.0,2,0,1,9,1,5,32,0,12,28,2637.98
0,0,0,0,0,0,0,75,0,31.0,21,0,0,17,0,0,0,0,26,0,530.69
15,24,2,15,24,0,6,183,275,22376.0,9,9,2,5,5,6,339,0,4,29,2457.31
24,26,1,98,28,0,0,735,190,10597.0,4,6,4,6,3,38,230,0,9,29,2726.56
23,13,0,84,222,0,50,452,168,29835.0,9,8,3,2,5,35,633,10,11,57,3962.42
37,14,8,52,36,4,1,344,442,4251.0,7,15,10,4,3,36,569,12,11,35,3528.98
2,3,0,44,4,0,0,196,40,5394.0,13,2,2,6,0,0,44,0,5,4,1522.11
1,0,0,66,0,0,0,67,0,387.0,12,0,0,18,0,0,0,0,23,0,192.45
17,13,2,52,16,2,2,340,276,3303.0,7,13,5,5,3,24,324,4,12,60,3392.54
11,15,0,26,109,1,15,296,223,11327.0,9,8,4,2,2,15,601,16,11,66,2515.19
3,15,0,75,0,0,0,207,0,9709.0,5,0,0,12,0,0,0,0,8,1,617.01
2,18,0,17,0,0,0,222,16,14269.0,3,0,3,9,0,0,16,0,7,18,1900.78
2,4,0,82,0,0,0,501,0,1075.0,7,0,0,15,0,0,0,0,18,0,235.01
22,17,3,95,32,0,0,445,488,16116.0,5,8,3,4,6,26,637,8,8,26,3609.53
2,5,0,70,0,0,0,394,8,992.0,12,1,0,8,0,1,8,0,17,1,1780.43
1,11,0,81,0,0,0,578,0,1775.0,5,0,0,13,1,0,0,0,16,0,444.1
1,15,0,35,0,0,0,323,20,1410.0,5,0,1,9,0,1,20,0,14,9,1249.92
3,4,0,81,0,0,0,715,4,1388.0,3,0,1,11,1,0,4,0,14,5,571.34
0,2,0,40,0,0,0,154,0,562.0,12,0,0,18,0,0,0,0,11,0,303.56
0,1,0,66,0,0,0,537,0,383.0,13,0,0,22,0,0,0,0,24,0,254.7
0,2,0,31,0,0,0,526,0,537.0,6,0,0,16,0,0,0,0,16,0,1157.65
5,5,0,73,0,0,0,33,0,186.0,12,0,0,11,1,0,0,0,20,0,578.46
0,20,0,83,0,0,0,102,0,263.0,9,0,0,12,0,0,0,0,4,0,247.2
0,5,0,90,0,0,0,147,0,751.0,11,0,0,15,0,0,0,0,7,0,207.48
0,5,0,33,0,0,0,401,0,71.0,16,0,0,10,0,0,0,0,20,1,224.89
6,7,1,22,4,0,1,177,231,11754.0,11,2,1,5,2,2,251,0,5,18,1701.48
13,7,0,52,0,0,0,692,12,2226.0,2,2,2,9,3,5,16,0,12,14,2399.37
0,1,0,0,0,0,0,812,0,560.0,20,0,0,15,0,0,0,0,25,0,714.86
1,9,0,41,0,0,0,585,0,1045.0,7,0,0,11,0,0,0,0,16,1,1048.29
0,1,0,66,0,0,0,591,0,668.0,11,0,0,19,0,0,0,0,22,0,190.3
1,1,0,82,0,0,0,609,0,28.0,9,0,0,17,0,0,0,0,20,0,185.46
1,13,0,14,4,1,0,169,4,5303.0,12,0,1,8,0,0,8,0,3,2,2174.49
2,2,0,71,0,0,0,30,0,1189.0,14,0,0,15,0,0,0,0,23,0,945.02
2,1,0,80,0,0,0,28,0,454.0,13,0,0,15,1,0,0,0,22,0,211.36
6,7,1,44,0,2,0,411,187,1726.0,13,2,4,4,0,1,191,0,7,11,1710.73
8,14,0,35,0,0,0,313,52,1155.0,8,2,0,7,1,1,56,0,15,22,1308.25
0,1,0,0,0,0,0,810,0,1681.0,19,0,0,14,0,0,0,0,24,0,735.62
0,1,0,77,0,0,0,250,0,288.0,15,0,0,18,0,0,0,0,9,0,199.0
2,1,0,80,0,0,0,13,0,1229.0,14,0,0,15,0,0,0,0,22,0,265.98
9,13,0,81,0,0,0,696,4,506.0,2,0,0,11,2,0,4,0,13,5,571.53
3,14,0,17,0,0,0,225,0,2523.0,4,0,0,11,1,1,0,0,8,0,1584.08
25,21,5,95,36,3,0,445,463,16116.0,5,8,6,4,4,43,578,0,8,30,3590.2
0,7,0,70,0,0,0,397,4,1716.0,13,1,1,9,2,1,4,0,18,2,1838.43
0,0,0,65,0,0,0,49,0,523.0,15,0,0,19,0,0,0,0,25,0,135.32
6,7,0,31,0,0,0,517,0,3447.0,4,0,0,14,1,0,0,0,14,1,1079.05
0,5,0,0,0,0,0,383,0,107.0,16,0,0,12,0,0,0,0,21,0,591.1
4,10,2,25,0,0,0,356,40,2904.0,10,1,0,7,1,1,44,0,15,6,1249.03
0,4,0,77,0,0,0,90,0,257.0,13,0,0,16,0,0,0,0,7,0,204.69
0,2,0,74,0,0,0,779,0,156.0,18,0,0,12,0,0,0,0,7,0,355.73
0,4,0,51,0,0,0,663,0,452.0,8,0,0,17,1,0,0,0,12,0,424.09
2,0,0,74,0,0,0,255,0,2920.0,17,0,0,13,0,0,0,0,6,0,394.89
9,12,2,36,0,0,0,353,88,1897.0,9,6,1,6,2,6,108,0,14,22,1302.46
6,8,0,89,0,0,0,327,0,606.0,11,1,0,9,0,0,0,0,18,3,850.89
30,14,4,78,24,1,2,339,423,3083.0,7,22,3,4,2,44,513,8,12,42,2702.21
0,0,0,80,0,0,0,1,0,4.0,19,0,0,20,0,0,0,0,28,0,201.11
0,0,0,66,0,0,0,619,0,334.0,12,0,0,18,0,0,0,0,23,0,267.43
0,2,0,37,0,0,0,149,0,64.0,13,0,0,18,0,0,0,0,9,0,112.4
3,15,0,64,0,0,0,654,0,5553.0,5,0,0,13,2,0,0,0,9,1,413.71
41,18,3,95,85,0,0,437,345,29015.0,6,16,9,3,8,30,653,8,8,27,4206.28
0,0,0,80,0,0,0,8,0,9.0,16,0,0,18,0,0,0,0,25,0,205.32
0,2,0,34,0,0,0,797,0,1365.0,20,0,0,12,0,0,0,0,12,1,510.65
4,5,0,89,0,0,0,36,0,2298.0,11,0,1,10,1,0,0,0,18,0,713.85
0,1,0,31,0,0,0,685,0,140.0,7,0,0,17,0,0,0,0,16,0,945.73
0,9,0,64,0,0,0,132,0,775.0,8,0,0,14,0,0,0,0,8,0,351.69
2,6,0,69,0,0,0,82,0,210.0,14,0,0,15,1,0,0,0,5,0,202.33
7,14,0,24,0,0,0,329,32,3341.0,10,3,3,7,0,0,32,0,16,6,1341.42
1,8,0,73,0,0,0,372,0,3.0,13,0,0,11,1,0,0,0,20,1,568.08
0,2,0,31,0,0,0,686,0,539.0,8,0,0,18,0,0,0,0,17,0,1024.47
8,14,0,52,0,0,0,706,20,524.0,4,1,1,9,0,1,20,0,14,21,2437.67
2,10,0,94,0,0,0,531,0,2126.0,3,0,0,13,1,0,0,0,14,1,416.37
0,2,0,66,0,0,0,607,0,12.0,9,0,0,17,0,0,0,0,21,0,201.73
0,1,0,33,0,0,0,827,0,255.0,23,0,0,16,0,0,0,0,25,0,193.53
3,14,0,64,0,0,0,207,0,9709.0,5,0,0,12,0,0,0,0,8,1,445.42
1,14,0,27,0,0,0,240,0,993.0,8,0,0,12,0,0,0,0,5,0,1183.2
12,24,2,28,4,0,0,734,60,6959.0,2,2,0,7,2,13,72,4,9,56,2464.71
9,12,0,28,0,0,0,723,4,8517.0,2,0,1,12,2,0,4,0,11,0,1685.2
0,1,0,32,0,0,0,266,0,1228.0,8,0,0,18,0,0,0,0,14,0,881.08
6,5,0,41,0,0,0,710,4,1494.0,2,0,2,11,1,0,4,0,13,6,1305.99
0,6,0,70,0,0,0,397,4,1716.0,12,1,0,9,2,1,4,0,18,2,1893.3
0,4,0,81,0,0,0,499,0,607.0,7,0,0,16,0,0,0,0,18,0,448.51
3,1,1,107,0,0,0,423,16,3164.0,14,0,0,6,2,1,16,0,8,3,897.35
5,27,1,19,0,0,0,245,12,3381.0,8,0,0,8,1,0,12,0,2,4,613.86
2,5,0,19,0,0,0,96,0,277.0,12,0,0,11,0,0,0,0,2,0,465.99
3,4,0,73,0,0,0,31,0,4640.0,11,0,1,11,1,0,0,0,19,0,589.85
3,2,0,32,0,0,0,627,0,1624.0,5,0,0,14,0,1,0,0,12,0,1142.07
3,7,0,68,0,0,0,422,0,3141.0,16,0,0,7,0,0,0,0,9,0,804.61
24,13,4,103,52,3,6,440,344,21669.0,7,16,10,3,8,35,625,24,6,56,5125.89
1,16,0,75,0,0,0,206,0,1070.0,5,0,0,11,0,0,0,0,8,1,642.53
6,15,8,91,189,15,40,482,122,7658.0,10,13,17,1,9,12,629,48,7,55,6366.91
0,2,0,0,0,0,0,73,0,1.0,21,0,0,18,0,0,0,0,27,0,530.61
0,4,0,90,0,0,0,151,0,409.0,13,0,0,17,0,0,0,0,8,0,229.51
16,14,8,18,80,3,23,414,296,3446.0,10,20,10,2,4,11,585,20,6,38,2763.15
0,1,0,50,0,0,0,546,0,691.0,12,0,0,21,0,0,0,0,23,0,94.8
0,13,0,79,0,0,0,239,0,67.0,8,0,0,13,0,0,0,0,6,0,618.33
0,6,0,72,0,0,0,433,8,102.0,14,1,2,7,0,0,12,0,6,3,721.28
13,19,2,85,24,2,0,449,363,23197.0,5,7,5,5,3,37,439,4,7,53,3422.11
5,10,0,74,0,0,0,197,0,239.0,14,0,0,8,0,0,4,0,4,0,434.07
23,19,4,98,44,2,0,449,486,23197.0,5,13,3,4,5,46,629,4,8,32,3332.64
8,8,2,22,8,1,0,178,338,8114.0,11,4,2,4,2,6,422,0,5,21,2296.06
35,18,5,98,40,3,2,457,460,5039.0,5,18,13,4,2,17,613,8,9,28,3075.99
10,22,1,27,0,1,0,241,44,3259.0,7,0,2,7,0,1,44,0,3,12,1536.12
7,12,1,44,16,0,0,413,434,2899.0,11,5,3,3,3,6,514,0,6,19,2005.86
14,13,0,28,4,0,0,689,12,6724.0,1,2,1,9,3,4,16,0,11,16,1990.41
5,21,1,27,0,0,0,246,0,3219.0,7,0,0,9,2,1,0,0,3,3,1367.1
3,8,0,39,0,0,0,577,0,2809.0,5,0,0,12,1,0,0,0,16,0,864.74
0,18,0,75,0,0,0,238,0,1398.0,9,0,0,12,0,0,0,0,5,0,627.98
0,0,0,9,0,0,0,260,0,76.0,11,0,0,20,0,0,0,0,15,0,153.73
1,14,0,17,0,1,0,214,44,13304.0,3,0,3,8,0,4,48,0,7,26,2022.23
3,4,0,41,0,0,0,712,8,1887.0,4,0,0,10,0,0,8,0,14,6,1188.43
0,8,0,39,0,0,0,579,0,2903.0,5,0,0,12,0,0,0,0,16,1,944.5
0,0,0,65,0,0,0,55,0,188.0,14,0,0,21,0,0,0,0,25,0,189.41
0,0,0,82,0,0,0,523,0,400.0,7,0,0,17,0,0,0,0,18,0,178.12
0,2,0,33,0,0,0,389,0,668.0,15,0,0,9,0,0,0,0,18,1,199.98
2,7,0,89,0,0,0,37,0,138.0,12,0,0,11,0,0,0,0,19,1,696.99
0,4,0,64,0,0,0,143,0,891.0,9,0,0,17,0,0,0,0,11,0,347.34
1,23,0,27,0,0,0,171,16,2496.0,9,1,0,8,1,0,16,0,2,1,1478.83
0,3,0,40,0,0,0,143,0,891.0,10,0,0,17,0,0,0,0,11,0,266.95
16,26,1,52,8,1,0,729,68,4719.0,3,5,2,7,2,15,96,4,10,51,2786.45
0,0,0,9,0,0,0,277,0,798.0,11,0,0,21,0,0,0,0,17,0,148.08
19,22,1,52,16,3,0,729,135,4719.0,4,7,6,6,3,31,171,4,10,38,2939.86
25,16,7,96,48,3,1,457,470,5039.0,6,17,13,4,2,20,625,8,10,28,3456.22
1,14,0,83,0,0,0,240,0,993.0,8,0,0,11,0,0,0,0,5,0,271.01
0,3,0,33,0,0,0,390,0,29.0,15,0,0,9,2,0,0,0,19,1,230.95
18,21,1,85,8,0,0,717,48,5123.0,2,2,0,7,3,7,56,0,9,59,2587.49
4,6,1,107,0,0,0,431,72,1701.0,14,1,2,5,2,1,72,0,7,6,993.14
0,3,0,31,0,0,0,497,0,483.0,9,0,0,19,0,0,0,0,19,0,1207.49
12,6,1,52,0,1,0,708,20,987.0,2,1,0,9,2,6,24,0,12,17,2373.93
1,8,0,94,0,0,0,532,0,1577.0,4,0,0,14,1,0,0,0,15,0,395.38
2,5,0,70,0,0,0,388,8,564.0,14,0,0,8,2,0,8,0,17,2,1708.88
6,25,1,19,0,1,0,245,48,3381.0,7,0,2,7,0,1,48,0,3,11,700.96
0,0,0,65,0,0,0,57,0,384.0,12,0,0,16,0,0,0,0,22,0,171.83
1,3,0,17,0,0,0,651,0,1505.0,5,0,0,15,0,0,0,0,14,1,1339.14
0,2,0,94,0,0,0,491,0,402.0,6,0,0,15,0,0,0,0,17,0,407.2
17,12,1,36,12,1,0,341,318,4612.0,8,9,0,5,3,6,374,0,13,67,1485.55
0,6,0,107,0,0,0,433,4,102.0,14,0,0,7,1,0,4,0,6,2,965.05
1,15,0,17,0,0,0,209,0,3008.0,5,0,0,12,0,1,0,0,8,0,1514.68
4,10,0,72,0,0,0,198,0,5084.0,13,0,0,8,0,0,4,0,3,0,598.21
23,14,1,78,48,1,0,293,374,6843.0,9,7,1,3,3,9,533,4,12,67,2592.12
0,0,0,65,0,0,0,57,0,384.0,12,0,0,16,0,0,0,0,22,0,142.97
2,14,0,17,0,0,0,654,0,5553.0,5,0,0,13,1,1,0,0,9,0,1554.23
1,3,0,89,0,0,0,43,0,2260.0,11,0,1,12,0,0,0,0,19,0,722.45
26,10,7,85,40,3,4,473,424,26582.0,7,17,12,4,6,13,593,20,5,72,3647.97
0,4,0,37,0,0,0,148,0,849.0,12,0,0,17,0,0,0,0,9,0,115.69
0,1,0,33,0,0,0,818,0,811.0,20,0,0,14,0,0,0,0,24,0,178.54
0,2,0,74,0,0,0,779,0,156.0,17,0,0,11,0,0,0,0,7,0,360.34
2,1,0,80,0,0,0,11,0,516.0,13,0,0,14,1,0,0,0,22,0,266.25
19,16,0,52,12,0,0,732,60,4408.0,4,6,0,7,1,12,88,0,11,54,2755.16
3,11,0,83,0,0,0,88,0,89.0,11,0,0,14,1,0,0,0,6,0,219.35
7,11,0,32,0,0,0,642,0,557.0,3,0,2,13,1,0,0,0,11,0,1137.81
4,7,0,70,4,0,0,303,127,1154.0,12,1,1,5,1,1,139,0,14,11,2238.45
0,2,0,34,0,0,0,784,0,328.0,20,0,0,12,0,0,0,0,11,1,464.77
4,7,0,14,0,0,1,179,100,6409.0,11,1,0,6,1,1,108,0,4,11,2593.15
2,11,0,34,0,0,0,746,0,1135.0,17,0,0,10,0,0,0,0,8,1,492.85
25,26,1,98,20,2,0,735,154,10597.0,4,6,4,6,3,36,202,4,10,30,2558.94
11,24,0,85,0,0,0,475,171,18627.0,7,1,0,6,0,9,211,0,4,27,2984.25
0,2,0,40,0,0,0,128,0,720.0,10,0,0,18,0,0,0,0,12,0,224.2
35,17,3,95,48,4,1,437,437,29015.0,6,15,3,4,4,50,629,12,7,36,3725.67
2,12,0,68,0,0,0,768,4,1325.0,16,0,0,9,0,0,4,0,7,1,700.25
0,0,0,65,0,0,0,50,0,491.0,14,0,0,18,0,0,0,0,24,0,138.79
0,15,0,35,0,0,0,337,4,5035.0,8,0,0,10,0,0,4,0,16,1,1093.64
2,11,0,34,0,0,0,746,0,1135.0,17,0,0,10,0,0,0,0,8,1,535.59
6,15,0,81,0,0,0,700,4,3163.0,1,0,0,11,1,1,4,0,11,4,555.6
21,13,1,100,273,5,71,452,140,29835.0,9,8,14,1,6,36,641,56,10,56,2999.39
26,11,6,78,32,3,2,339,430,3083.0,8,17,7,4,1,46,541,4,12,39,2746.43
9,9,3,36,12,0,0,357,288,4977.0,9,4,1,5,3,5,328,0,13,57,1440.16
3,7,0,68,0,0,0,422,0,3141.0,16,0,0,7,0,0,0,0,9,0,777.68
0,0,0,65,0,0,0,69,0,178.0,14,0,0,17,0,0,0,0,24,0,111.88
17,17,1,52,8,1,0,731,82,3626.0,4,5,1,6,1,12,110,4,11,49,2853.54
2,9,0,83,0,0,0,93,0,1353.0,11,0,1,12,0,0,0,0,3,0,266.37
16,21,0,85,12,0,0,447,241,26319.0,5,2,0,6,2,11,277,0,6,73,3171.03
1,1,0,66,0,0,0,547,0,185.0,10,0,0,19,0,0,0,0,21,0,193.02
4,13,0,24,0,0,0,338,4,2777.0,9,0,1,9,0,0,4,0,16,2,1117.75
29,16,2,85,24,1,1,474,465,25121.0,6,14,2,4,3,38,597,8,7,53,3498.98
1,4,0,71,0,0,0,32,0,2626.0,11,0,1,11,0,0,0,0,19,0,1093.79
2,2,0,82,0,0,0,501,0,1075.0,7,0,0,15,0,0,0,0,18,0,208.13
0,2,0,64,0,0,0,119,0,1.0,11,0,0,17,0,0,0,0,10,0,319.06
0,1,0,50,0,0,0,509,0,455.0,10,0,0,19,0,0,0,0,21,0,110.39
0,1,0,50,0,0,0,546,0,691.0,12,0,0,21,0,0,0,0,22,0,114.92
0,1,0,80,0,0,0,24,0,783.0,15,0,0,16,1,0,0,0,23,0,288.12
0,4,0,77,0,0,0,109,0,550.0,15,0,0,17,0,0,0,0,7,0,202.66
4,8,0,34,0,0,0,760,0,1711.0,17,0,0,9,0,0,0,0,9,0,571.4
0,2,0,37,0,0,0,153,0,753.0,12,0,0,18,0,0,0,0,10,0,119.47
6,15,2,52,4,1,0,346,102,4621.0,6,3,5,6,0,26,134,4,12,53,2907.65
2,5,0,74,0,0,0,755,4,1508.0,16,0,0,11,1,0,4,0,5,0,465.95
2,1,0,69,0,0,0,78,0,1133.0,12,0,0,13,1,0,0,0,4,0,216.96
0,0,0,82,0,0,0,498,0,314.0,8,0,0,17,0,0,0,0,18,0,176.9
0,4,0,31,0,0,0,518,0,315.0,5,0,0,15,0,0,0,0,15,1,844.65
1,13,0,83,0,0,0,231,0,1182.0,9,0,1,10,0,0,0,0,2,1,269.7
7,18,0,35,4,0,0,316,56,6031.0,7,3,3,7,1,1,60,0,14,57,1312.59
0,10,0,90,0,0,0,156,0,587.0,10,0,0,14,0,0,0,0,7,0,282.99
0,1,0,32,0,0,0,635,0,728.0,8,0,0,17,0,0,0,0,14,0,839.45
12,20,0,85,8,1,0,472,280,26248.0,5,2,3,5,0,11,336,4,6,77,3202.34
1,5,0,32,0,0,0,649,0,629.0,6,0,0,15,0,0,0,0,14,1,851.14
0,2,0,82,0,0,0,511,0,450.0,9,0,0,18,0,0,0,0,19,0,177.65
0,0,0,9,0,0,0,284,0,668.0,10,0,0,19,0,0,0,0,14,0,172.08
0,0,0,65,0,0,0,599,0,845.0,14,0,1,21,0,0,0,0,25,0,138.89
6,10,0,35,0,0,0,326,0,2082.0,10,0,1,9,1,0,0,0,17,2,1075.42
0,8,0,77,0,0,0,87,0,109.0,12,0,1,14,0,0,0,0,5,0,279.45
0,3,0,31,0,0,0,497,0,483.0,9,0,0,19,0,0,0,0,20,0,1033.73
1,3,0,19,0,0,0,115,0,391.0,12,0,0,12,1,0,0,0,2,0,562.76
16,11,0,84,218,3,75,307,194,2841.0,10,5,7,1,6,9,605,20,11,66,3794.31
0,6,0,69,0,0,0,103,0,421.0,12,0,1,14,0,0,0,0,5,0,267.34
2,4,0,32,0,0,0,645,0,762.0,5,0,0,15,0,0,0,0,14,1,957.92
0,0,0,9,0,0,0,261,0,176.0,14,0,0,23,0,0,0,0,18,0,187.7
5,3,0,28,0,0,0,714,8,1093.0,2,0,2,10,1,0,8,0,13,8,1827.12
1,22,0,27,0,0,0,233,0,1076.0,9,1,0,9,0,1,0,0,2,1,1275.69
0,0,0,67,0,0,0,285,0,609.0,11,0,0,19,0,0,0,0,13,0,1107.11
0,13,0,75,0,0,0,134,0,811.0,8,0,0,13,0,0,0,0,8,0,577.12
0,20,0,83,0,0,0,102,0,263.0,9,0,0,12,0,0,0,0,4,0,254.92
1,7,0,94,0,0,0,515,0,3053.0,4,0,0,14,0,0,0,0,15,1,447.86
1,7,0,94,0,0,0,527,0,259.0,4,0,0,14,0,0,0,0,15,0,394.45
0,6,0,70,0,0,0,385,0,5.0,15,0,0,12,2,0,0,0,21,0,1796.69
0,1,0,66,0,0,0,607,0,12.0,10,0,0,17,0,0,0,0,21,0,203.58
0,0,0,67,0,0,0,282,0,648.0,11,0,0,20,0,0,0,0,15,0,1129.95
11,11,1,22,28,0,1,418,418,16309.0,11,7,3,3,3,6,518,0,6,22,2724.13
0,1,0,40,0,0,0,126,0,1131.0,12,0,0,19,0,0,0,0,13,0,222.81
0,5,0,90,0,0,0,160,0,681.0,11,0,0,15,0,0,0,0,7,0,204.33
32,23,11,4,118,5,24,467,237,23239.0,8,24,17,2,6,17,617,36,6,59,7633.19
4,26,0,17,0,0,0,719,40,13029.0,2,2,3,8,0,8,48,0,8,41,2010.83
17,18,7,91,92,4,24,466,345,13796.0,9,25,13,3,8,12,585,16,6,48,5384.02
6,8,0,35,0,0,0,35,0,5842.0,11,0,0,10,2,0,0,0,18,2,1027.23
3,5,0,64,0,0,0,657,0,750.0,7,0,0,15,0,0,0,0,11,1,437.77
26,14,1,95,32,1,0,449,489,23197.0,5,15,3,4,5,53,625,4,7,39,3881.24
31,22,14,10,189,18,24,467,113,23239.0,8,29,18,2,8,22,637,56,7,59,4321.59
3,3,0,17,0,0,0,643,0,2288.0,4,0,0,14,1,1,0,0,13,0,1479.28
27,11,6,1,32,3,2,339,427,3083.0,8,18,6,4,0,45,537,4,12,40,4293.99
2,5,0,33,0,0,0,392,12,202.0,13,0,0,7,2,0,12,0,17,2,229.13
0,1,0,71,0,0,0,23,0,412.0,15,0,0,15,1,0,0,0,24,0,801.06
12,15,2,26,12,0,0,292,402,4475.0,10,3,2,4,4,9,477,4,13,60,2390.07
0,8,0,34,0,0,0,766,0,1685.0,16,0,0,8,0,1,0,0,8,0,576.9
0,0,0,65,0,0,0,57,0,384.0,12,0,0,16,0,0,0,0,22,0,153.46
12,6,1,44,4,0,0,181,124,8223.0,12,1,2,5,2,0,128,0,5,10,1665.03
0,2,0,0,0,0,0,800,0,1175.0,22,0,0,16,1,0,0,0,26,0,621.59
0,4,0,79,0,0,0,124,0,129.0,11,0,0,16,0,0,0,0,8,0,750.21
4,8,0,51,0,0,0,653,0,466.0,6,0,0,15,1,0,0,0,11,1,455.15
15,15,0,84,129,0,26,452,178,29835.0,9,9,3,2,2,29,613,20,11,56,3774.08
0,0,0,65,0,0,0,50,0,491.0,13,0,0,18,0,0,0,0,24,0,140.03
6,7,0,89,0,0,0,327,0,606.0,12,1,0,9,0,0,0,0,18,3,802.88
0,0,0,66,0,0,0,598,0,906.0,14,0,0,20,0,0,0,0,25,0,193.61
0,0,0,51,0,0,0,284,0,668.0,10,0,0,18,0,0,0,0,14,0,322.95
2,1,0,34,0,0,0,790,0,1928.0,18,0,0,9,0,1,0,0,11,0,578.49
10,14,0,24,0,0,0,313,48,1155.0,8,2,0,7,1,1,52,0,15,21,1367.78
1,0,0,66,0,0,0,76,0,416.0,15,0,0,22,0,0,0,0,26,0,189.29
1,15,0,75,0,0,0,211,0,2075.0,7,0,0,13,1,0,0,0,8,1,558.72
0,7,0,77,0,0,0,86,0,809.0,12,0,0,15,0,0,0,0,7,0,219.14
5,27,0,28,0,0,0,728,8,7178.0,1,0,0,9,1,1,8,0,9,19,2212.14
23,9,5,106,44,2,6,440,357,21669.0,7,14,9,3,9,25,617,20,6,64,2909.01
0,4,0,33,0,0,0,390,0,29.0,15,0,0,9,2,0,0,0,19,1,240.47
0,5,0,73,0,0,0,46,0,13.0,14,0,1,12,0,0,0,0,21,0,555.91
1,17,0,14,4,0,1,186,80,2806.0,10,0,0,6,0,2,92,0,2,14,2418.59
0,0,0,67,0,0,0,126,0,1131.0,12,0,0,19,0,0,0,0,13,0,1125.07
0,0,0,67,0,0,0,284,0,668.0,10,0,0,19,0,0,0,0,14,0,1163.16
0,0,0,0,0,0,0,808,0,81.0,21,0,0,16,0,0,0,0,26,0,535.43
6,9,0,35,0,0,0,332,4,2086.0,9,1,2,10,1,0,4,0,17,1,1074.18
7,25,1,19,0,0,0,245,44,3381.0,8,0,1,7,1,0,44,0,2,11,739.43
4,5,0,51,0,0,0,661,0,76.0,7,0,0,15,1,0,0,0,11,1,378.15
17,18,1,85,4,1,0,472,156,26248.0,5,3,4,6,1,5,180,0,6,72,2951.98
0,5,0,33,0,0,0,405,0,1086.0,16,0,0,10,0,0,0,0,20,1,184.83
4,6,0,19,0,0,0,114,0,116.0,13,0,0,11,1,0,0,0,2,0,220.55
0,2,0,79,0,0,0,119,0,1.0,10,0,0,16,0,0,0,0,10,0,860.23
0,2,0,40,0,0,0,154,0,562.0,12,0,0,18,0,0,0,0,11,0,302.77
0,0,0,9,0,0,0,286,0,188.0,11,0,0,19,0,0,0,0,14,0,148.79
0,1,0,0,0,0,0,804,0,198.0,22,0,0,15,0,0,0,0,25,0,535.46
2,11,0,68,0,0,0,764,4,260.0,16,0,0,8,0,0,4,0,7,1,717.32
34,13,5,100,89,6,7,453,187,36545.0,8,15,13,2,5,35,637,22,11,39,2340.88
30,15,6,96,28,2,2,461,402,15901.0,6,20,5,3,2,21,653,20,9,28,3616.63
0,0,0,80,0,0,0,4,0,1463.0,18,0,0,19,0,0,0,0,27,0,207.77
2,8,0,69,0,0,0,97,0,1285.0,11,0,1,12,1,0,0,0,3,0,289.01
0,18,0,79,0,0,0,100,0,992.0,9,0,0,13,0,0,0,0,5,0,751.02
3,4,0,67,0,0,0,141,0,449.0,8,0,0,16,1,0,0,0,10,0,1151.79
0,5,0,37,0,0,0,151,0,409.0,12,0,0,16,0,0,0,0,8,0,94.38
1,0,0,66,0,0,0,602,0,689.0,13,0,0,19,0,0,0,0,24,0,219.62
0,4,0,33,0,0,0,390,0,29.0,15,0,0,9,2,0,0,0,19,1,238.29
2,3,0,17,0,0,0,627,0,1624.0,5,0,0,15,0,1,0,0,13,0,1410.99
2,23,0,19,0,0,0,172,20,892.0,9,1,0,8,0,0,20,0,1,1,604.37
0,3,0,39,0,0,0,564,0,1.0,9,0,0,13,0,0,0,0,19,0,727.3
2,10,0,34,0,0,0,768,4,1325.0,16,0,0,9,0,0,4,0,7,1,539.97
3,6,0,69,0,0,0,91,0,791.0,13,0,0,15,1,0,0,0,6,0,227.02
0,0,0,9,0,0,0,262,0,565.0,14,0,0,23,0,0,0,0,18,0,187.55
9,10,0,28,0,0,0,690,8,4100.0,1,0,1,10,3,0,12,0,12,20,1850.55
6,6,0,28,0,0,0,714,4,1093.0,2,1,1,10,1,0,8,0,13,9,2030.3
3,1,1,107,0,0,0,423,16,3164.0,14,0,0,6,2,0,16,0,8,1,877.09
0,3,0,32,0,0,0,634,0,1265.0,8,0,0,17,0,0,0,0,15,0,1006.58
0,2,0,31,0,0,0,521,0,205.0,8,0,0,18,0,0,0,0,18,0,965.25
0,0,0,65,0,0,0,57,0,384.0,13,0,0,17,0,0,0,0,23,0,140.97
3,13,0,17,0,0,0,654,0,5553.0,6,0,0,13,2,0,0,0,9,1,1657.97
0,0,0,9,0,0,0,276,0,217.0,13,0,0,22,0,0,0,0,18,0,146.59
2,2,0,68,0,0,0,788,0,543.0,18,0,0,9,0,0,0,0,11,0,599.22
3,12,0,35,0,0,0,326,4,2082.0,10,0,4,9,0,0,4,0,17,4,1101.44
0,8,0,72,0,0,0,765,4,52.0,14,0,0,8,1,0,4,0,6,1,631.28
0,0,0,9,0,0,0,260,0,76.0,12,0,0,21,0,0,0,0,15,0,157.45
0,1,0,31,0,0,0,525,0,437.0,7,0,0,18,0,0,0,0,17,0,816.17
0,3,0,32,0,0,0,624,0,918.0,6,0,0,15,0,0,0,0,12,1,1262.02
0,2,0,40,0,0,0,125,0,872.0,12,0,0,19,0,0,0,0,12,0,256.99
8,6,0,94,0,0,0,638,0,9811.0,3,0,0,13,2,0,0,0,12,0,417.46
10,13,1,52,0,0,0,709,40,4051.0,4,4,4,8,2,7,48,0,12,48,2524.7
3,5,0,17,0,0,0,639,0,5043.0,4,0,0,14,1,1,0,0,13,0,1497.75
0,0,0,66,0,0,0,619,0,334.0,12,0,0,19,0,0,0,0,23,0,190.7
4,7,0,44,0,0,0,434,36,3829.0,13,2,1,6,2,0,40,0,6,5,1439.47
14,10,1,18,36,0,5,418,402,16309.0,11,15,3,3,5,4,518,0,6,22,2211.83
0,0,0,80,0,0,0,8,0,9.0,16,0,0,18,0,0,0,0,25,0,208.29
1,12,0,64,0,0,0,652,0,1430.0,6,0,1,14,0,0,0,0,10,1,392.76
10,19,0,75,0,1,0,242,24,4364.0,6,1,2,8,1,2,24,0,4,7,834.99
2,11,0,94,0,0,0,531,0,2126.0,3,0,0,13,1,0,0,0,14,1,417.01
2,6,0,69,0,0,0,92,0,294.0,11,0,0,11,0,0,0,0,2,0,253.63
7,10,0,73,0,0,0,328,0,2467.0,10,0,0,9,2,0,0,0,17,2,628.18
4,5,0,31,0,0,0,639,0,5043.0,4,0,0,14,1,1,0,0,13,0,1423.88
0,18,0,83,0,0,0,100,0,992.0,9,0,0,13,0,0,0,0,5,0,251.9
2,16,0,17,0,0,0,208,0,5794.0,5,0,0,10,1,0,0,0,7,2,1810.67
3,12,0,64,0,0,0,658,0,1586.0,6,0,0,13,2,0,0,0,9,1,421.42
0,0,0,9,0,0,0,274,0,445.0,12,0,0,22,0,0,0,0,18,0,149.39
30,14,6,99,134,9,17,440,258,21669.0,8,25,10,3,9,28,625,28,6,59,6053.12
0,6,0,83,0,0,0,88,0,89.0,11,0,0,15,0,0,0,0,6,0,220.64
1,19,0,19,0,0,0,94,4,981.0,10,0,0,10,0,0,4,0,1,1,541.75
2,14,0,76,0,0,0,134,0,811.0,7,0,0,13,1,0,0,0,7,1,349.53
0,8,0,83,0,0,0,162,0,508.0,10,0,0,14,0,0,0,0,6,0,252.14
0,3,0,90,0,0,0,149,0,64.0,13,0,0,18,0,0,0,0,9,0,197.49
1,0,0,66,0,0,0,596,0,714.0,13,0,0,20,0,0,0,0,24,0,220.33
25,12,1,84,287,5,67,452,148,29835.0,9,7,15,1,6,42,649,44,10,48,4414.29
2,6,0,77,0,0,0,111,0,663.0,13,0,1,15,0,0,0,0,6,0,275.26
2,3,0,31,0,0,0,647,0,1272.0,5,0,0,15,0,0,0,0,14,1,1327.86
23,15,9,98,48,3,1,457,464,5039.0,6,18,13,4,2,17,625,8,10,32,3430.08
2,7,0,73,0,0,0,398,20,1073.0,12,2,0,7,2,1,24,0,16,4,666.31
0,2,0,64,0,0,0,127,0,144.0,11,0,0,18,0,0,0,0,12,0,312.76
25,20,3,95,12,3,0,445,408,16116.0,5,8,7,5,4,35,496,12,8,29,3203.39
7,13,1,36,0,0,0,354,87,2822.0,9,3,1,6,0,6,103,0,14,21,1266.33
0,9,0,76,0,0,0,159,0,666.0,9,0,0,14,0,0,0,0,7,0,299.05
4,11,0,17,0,0,0,727,4,11948.0,2,0,1,11,1,0,4,0,10,0,1696.22
3,12,0,75,0,0,0,211,0,2075.0,6,0,0,12,1,0,0,0,8,1,638.61
23,14,6,11,52,6,1,465,398,27697.0,7,16,13,4,6,14,593,20,6,71,3191.56
2,10,0,34,0,0,0,746,0,1135.0,17,0,0,10,0,0,0,0,8,1,555.38
0,0,0,9,0,0,0,274,0,445.0,12,0,0,22,0,0,0,0,18,0,168.81
30,14,4,2,24,2,2,344,427,4251.0,7,22,3,4,3,47,517,8,12,41,3963.98
2,1,0,80,0,0,0,22,0,625.0,12,0,1,14,1,0,0,0,21,0,273.52
7,6,0,94,0,0,0,638,0,9811.0,3,0,2,13,1,0,0,0,12,0,474.21
0,3,0,90,0,0,0,149,0,64.0,13,0,0,17,0,0,0,0,9,0,195.36
6,14,0,70,16,0,0,294,413,991.0,11,5,5,3,2,5,469,8,13,39,2727.83
0,16,0,76,0,0,0,158,0,233.0,10,0,0,14,0,0,0,0,6,0,343.09
0,1,0,66,0,0,0,591,0,668.0,12,0,0,20,0,0,0,0,23,0,191.81
5,24,1,19,0,0,0,229,0,1386.0,8,0,0,9,2,1,0,0,3,1,568.1
4,11,0,75,0,0,0,210,0,1809.0,6,0,0,11,1,0,0,0,7,1,675.62
0,2,0,50,0,0,0,538,0,3.0,11,0,0,21,0,0,0,0,21,0,89.3
2,23,0,19,0,0,0,171,0,2496.0,9,1,0,9,0,1,0,0,2,1,530.27
2,1,0,68,0,0,0,788,0,543.0,19,0,0,9,0,1,0,0,12,0,594.82
12,10,0,35,0,0,0,338,4,2777.0,9,0,0,9,2,0,4,0,17,1,1114.96
0,2,0,34,0,0,0,797,0,1365.0,19,0,0,11,0,0,0,0,11,1,518.56
5,10,0,32,0,0,0,642,0,557.0,3,0,0,12,0,0,0,0,11,0,1261.24
10,9,2,36,20,0,0,357,297,4977.0,9,5,1,5,3,6,337,0,13,57,1453.66
6,14,0,73,16,0,0,294,413,991.0,11,4,5,3,2,5,469,8,13,39,883.7
24,12,5,103,48,4,6,440,369,21669.0,7,17,10,3,9,28,625,20,6,63,4881.58
0,1,0,31,0,0,0,492,0,338.0,9,0,0,19,0,0,0,0,19,0,969.73
6,18,0,52,4,0,0,316,52,6031.0,7,2,3,7,1,1,56,0,14,58,2694.85
0,6,0,70,0,0,0,386,0,690.0,16,0,0,12,2,0,0,0,21,0,1520.61
3,4,0,67,0,0,0,141,0,449.0,8,0,0,16,1,0,0,0,10,0,1075.65
0,3,0,39,0,0,0,552,0,747.0,8,0,0,13,0,0,0,0,18,0,724.89
9,14,1,78,24,0,0,292,392,4475.0,10,3,5,3,3,7,485,4,13,59,2350.79
1,7,0,81,0,0,0,527,0,259.0,5,0,0,14,0,0,0,0,16,0,368.88
5,6,0,51,0,0,0,628,0,1243.0,6,0,0,15,1,0,0,0,11,1,406.33
0,6,0,33,0,0,0,391,12,384.0,14,0,0,7,0,1,12,0,17,2,257.96
7,7,1,72,0,0,0,434,44,3829.0,13,1,1,6,2,0,48,0,6,6,743.71
2,14,0,76,0,0,0,211,0,2075.0,6,0,0,13,1,0,0,0,8,1,325.34
3,17,0,76,0,0,0,658,0,1586.0,6,0,0,13,2,0,0,0,9,1,354.08
1,0,0,66,0,0,0,547,0,185.0,11,0,0,20,0,0,0,0,22,0,196.27
0,1,0,66,0,0,0,613,0,608.0,11,0,0,19,0,0,0,0,22,0,193.99
3,5,0,69,0,0,0,82,0,210.0,13,0,1,15,1,0,0,0,5,0,260.42
27,17,7,2,36,2,2,457,462,5039.0,6,16,10,4,2,17,637,12,9,29,3715.32
0,0,0,65,0,0,0,59,0,391.0,12,0,0,16,0,0,0,0,22,0,144.72
1,15,0,27,0,0,0,232,0,1664.0,9,0,0,11,0,0,0,0,3,1,1171.53
0,2,0,37,0,0,0,146,0,665.0,12,0,0,17,0,0,0,0,9,0,105.43
0,0,0,9,0,0,0,265,0,236.0,10,0,0,20,0,0,0,0,16,0,164.33
1,8,0,74,4,1,0,198,0,5084.0,13,0,1,8,0,0,4,0,3,0,472.71
3,16,0,14,0,0,0,168,8,26.0,11,0,0,8,0,0,12,0,1,2,2247.94
3,7,0,69,0,0,0,97,0,1285.0,11,0,0,12,1,0,0,0,3,0,264.15
0,6,0,83,0,0,0,88,0,89.0,12,0,0,15,0,0,0,0,7,0,218.3
0,1,0,9,0,0,0,270,0,996.0,9,0,0,18,0,0,0,0,14,0,158.08
0,2,0,79,0,0,0,123,0,203.0,12,0,0,18,0,0,0,0,11,0,853.02
2,12,0,34,0,0,0,751,4,347.0,15,0,0,9,0,0,4,0,4,0,648.04
1,7,0,68,0,0,0,422,0,3141.0,16,0,1,7,0,0,0,0,9,0,868.35
0,4,0,33,0,0,0,406,0,19.0,16,0,0,10,0,0,0,0,20,1,187.13
0,7,0,83,0,0,0,160,0,681.0,11,0,0,15,0,0,0,0,7,0,270.0
16,24,0,52,0,1,0,730,40,5068.0,2,4,3,8,3,11,56,0,11,52,2692.52
0,2,0,33,0,0,0,382,0,443.0,18,0,0,12,2,0,0,0,22,0,216.05
0,1,0,80,0,0,0,25,0,930.0,15,0,0,17,0,0,0,0,24,0,252.09
4,9,0,28,0,0,0,715,4,1388.0,2,0,1,11,1,0,4,0,13,7,1885.21
0,5,0,39,0,0,0,583,0,244.0,9,0,0,12,0,0,0,0,19,0,762.84
18,14,0,100,53,1,3,297,291,29575.0,9,9,0,3,2,10,557,8,12,66,2269.83
28,23,1,98,24,2,1,458,341,4119.0,5,18,2,5,6,22,409,12,10,31,2957.27
3,2,0,107,0,0,0,427,4,2020.0,15,0,0,7,0,1,4,0,8,0,927.65
0,1,0,31,0,0,0,522,0,224.0,7,0,0,17,0,0,0,0,17,0,978.3
2,3,0,67,0,0,0,140,0,57.0,9,0,0,17,0,0,0,0,12,0,1135.78
0,1,0,74,0,0,0,777,0,1402.0,18,0,0,12,0,0,0,0,7,0,381.87
2,5,0,33,0,0,0,392,8,202.0,14,0,0,8,2,0,8,0,17,2,222.05
0,3,0,79,0,0,0,122,0,528.0,11,0,0,16,0,0,0,0,9,0,743.89
4,2,0,107,0,0,0,423,12,3164.0,15,1,0,6,2,0,12,0,8,1,867.55
0,0,0,33,0,0,0,822,0,715.0,20,0,0,14,0,0,0,0,24,0,167.52
1,18,0,83,0,0,0,104,0,557.0,10,0,0,13,0,0,0,0,5,0,219.55
1,6,0,31,0,0,0,513,0,8072.0,4,0,0,14,0,0,0,0,15,1,1198.87
4,6,0,51,0,0,0,653,0,466.0,6,0,0,15,1,0,0,0,11,1,360.72
0,0,0,65,0,0,0,51,0,742.0,14,0,0,19,0,0,0,0,24,0,186.97
0,1,0,31,0,0,0,496,0,145.0,8,0,0,18,0,0,0,0,18,0,906.7
11,6,0,28,0,0,0,692,12,2226.0,2,2,1,9,2,4,16,0,13,14,2167.49
1,12,0,39,0,0,0,577,0,2809.0,5,0,0,13,1,0,0,0,16,0,834.74
5,12,0,25,0,0,0,325,8,6138.0,10,1,3,9,1,0,8,0,17,3,1117.48
6,10,0,14,0,0,0,168,0,26.0,12,0,1,9,0,0,4,0,1,1,1128.26
2,2,0,51,0,0,0,660,0,892.0,8,0,0,17,0,0,0,0,13,0,330.86
21,12,2,100,54,1,4,345,331,8699.0,8,13,1,3,2,32,565,4,12,52,2166.49
0,2,0,71,0,0,0,10,0,995.0,13,0,1,14,0,0,0,0,22,0,872.94
1,4,0,19,0,0,0,115,0,391.0,12,0,0,12,1,0,0,0,3,0,555.32
7,20,0,27,0,0,0,244,60,6684.0,6,1,3,7,0,2,60,0,4,20,1663.04
2,7,0,73,0,0,0,370,0,1.0,12,0,0,11,0,0,0,0,19,1,574.21
30,13,3,78,24,1,2,339,431,3083.0,7,22,2,4,2,45,517,4,12,42,2701.32
19,21,1,11,20,0,5,477,303,24762.0,7,9,1,5,3,12,367,0,4,54,2559.34
5,16,0,75,0,0,0,204,0,1519.0,6,0,0,10,1,0,0,0,6,3,680.4
0,5,0,34,0,0,0,749,0,45.0,18,0,0,11,0,0,0,0,9,0,456.38
7,4,1,72,0,0,1,181,116,8223.0,12,2,0,5,1,1,124,4,4,10,863.23
14,21,1,98,0,0,0,444,123,11748.0,3,3,2,6,2,16,147,4,8,63,2552.21
0,1,0,74,0,0,0,771,0,1125.0,20,0,0,13,0,0,0,0,10,0,422.85
0,15,0,76,0,0,0,159,0,666.0,9,0,0,13,0,0,0,0,6,0,269.36
0,5,0,32,0,0,0,650,0,1483.0,7,0,0,17,0,0,0,0,15,1,934.95
0,5,0,83,0,0,0,160,0,681.0,11,0,0,15,0,0,0,0,7,0,218.47
1,0,0,32,0,0,0,632,0,1629.0,9,0,0,18,1,0,0,0,16,0,1020.4
14,22,1,85,4,2,0,721,76,10778.0,3,2,0,7,2,15,96,0,8,60,2821.21
14,7,0,28,4,0,0,692,12,2226.0,2,2,2,9,3,5,16,0,12,18,2219.02
14,16,1,78,24,0,0,292,381,4475.0,10,5,4,3,4,9,493,4,12,58,2302.94
1,8,0,35,0,0,0,580,0,1339.0,8,1,0,11,0,0,0,0,17,0,950.43
0,2,0,34,0,0,0,797,0,1365.0,19,0,0,11,0,0,0,0,11,1,563.25
6,11,1,36,4,0,0,359,171,5598.0,10,3,3,5,1,1,183,4,14,15,1277.67
0,1,0,66,0,0,0,592,0,539.0,12,0,0,20,0,0,0,0,23,0,190.89
2,2,0,51,0,0,0,659,0,644.0,8,0,0,17,0,0,0,0,12,0,383.75
0,0,0,67,0,0,0,282,0,648.0,10,0,0,19,0,0,0,0,14,0,1363.35
0,0,0,66,0,0,0,620,0,3.0,11,0,0,18,0,0,0,0,22,0,207.34
0,3,0,39,0,0,0,42,0,469.0,9,0,0,12,0,0,0,0,19,0,744.13
0,10,0,76,0,0,0,159,0,666.0,9,0,0,14,0,0,0,0,7,0,304.64
1,6,0,94,0,0,0,513,0,8072.0,4,0,0,14,0,0,0,0,15,1,452.79
1,9,0,27,0,0,0,92,0,294.0,11,0,1,11,1,0,0,0,2,1,1124.3
0,0,0,31,0,0,0,523,0,400.0,7,0,0,17,0,0,0,0,17,0,1029.12
0,1,0,50,0,0,0,509,0,455.0,10,0,0,18,0,0,0,0,21,0,93.95
11,4,0,52,0,1,0,716,8,1823.0,2,1,1,10,2,1,12,0,13,16,2404.8
0,13,0,34,0,0,0,769,4,314.0,16,0,0,9,0,0,4,0,6,1,526.08
0,2,0,66,0,0,0,607,0,12.0,9,0,0,17,0,0,0,0,21,0,203.43
0,0,0,65,0,0,0,598,0,906.0,14,0,1,20,0,0,0,0,25,0,152.73
1,0,0,9,0,0,0,682,0,1082.0,11,0,0,21,1,0,0,0,18,0,164.47
5,13,0,35,0,0,0,336,16,1390.0,8,1,0,8,2,0,16,0,15,7,1095.51
0,2,0,74,0,0,0,739,0,40.0,21,0,0,14,0,0,0,0,12,0,305.77
4,12,0,75,0,0,0,210,0,1809.0,6,0,0,12,1,0,0,0,7,1,600.26
33,14,12,100,46,3,1,343,403,8037.0,7,10,3,3,6,26,601,16,11,38,2060.46
3,5,0,69,0,0,0,82,0,210.0,13,0,1,14,1,0,0,0,5,0,262.96
23,21,0,85,8,1,0,448,150,18748.0,4,5,2,6,4,7,174,0,7,75,2945.52
5,9,1,78,12,0,0,357,356,4977.0,9,2,1,4,2,6,404,0,13,56,2427.18
17,10,1,100,54,2,3,297,349,29575.0,9,14,1,3,3,26,557,4,12,55,2017.97
0,2,0,34,0,0,0,773,0,218.0,21,0,0,13,0,0,0,0,11,0,426.98
3,13,0,83,0,0,0,104,0,557.0,11,0,0,14,1,0,0,0,5,0,225.92
0,8,0,34,0,0,0,770,0,1821.0,16,0,0,9,0,1,0,0,8,0,621.21
13,12,0,18,36,1,6,413,423,2899.0,11,11,3,3,4,7,531,0,7,19,2478.83
37,17,3,98,36,2,2,461,463,15901.0,6,20,7,4,3,21,649,8,9,27,3299.54
3,6,0,32,0,0,0,642,0,557.0,4,0,2,13,0,0,0,0,11,0,1070.8
9,26,0,27,0,0,0,247,52,1943.0,8,1,1,7,1,0,52,0,2,11,1567.73
6,11,0,24,0,0,0,325,16,6138.0,10,2,4,8,1,1,16,0,17,3,1316.89
1,7,0,33,0,0,0,388,4,564.0,14,0,0,8,2,1,4,0,18,2,213.63
0,2,0,50,0,0,0,495,0,463.0,9,0,0,19,0,0,0,0,20,0,95.43
4,11,0,72,0,0,0,197,4,239.0,14,0,0,9,0,0,4,0,4,0,569.94
0,1,0,67,0,0,0,285,0,609.0,11,0,0,19,0,0,0,0,13,0,1132.75
3,7,0,39,0,0,0,577,0,2809.0,4,0,0,12,1,0,0,0,15,0,853.7
35,16,4,95,76,0,0,437,359,29015.0,6,14,5,3,8,30,653,12,8,26,4169.2
1,0,0,66,0,0,0,602,0,689.0,13,0,0,19,0,0,0,0,24,0,176.29
1,15,0,83,0,0,0,232,0,1664.0,9,0,0,11,0,0,0,0,3,1,292.18
16,17,0,35,4,0,0,316,98,6031.0,7,6,1,6,0,7,114,0,13,65,1516.09
0,0,0,66,0,0,0,593,0,979.0,12,0,0,19,0,0,0,0,23,0,213.56
17,9,0,41,4,0,0,692,12,2226.0,1,2,1,9,3,5,16,0,12,18,1396.17
1,6,0,19,0,0,0,98,0,567.0,12,0,0,11,1,0,0,0,2,0,480.88
1,11,0,17,0,0,0,667,0,943.0,4,0,1,13,0,0,0,0,10,0,1510.6
33,13,1,84,253,4,59,452,164,29835.0,9,10,7,2,7,43,641,24,10,46,4181.66
0,3,0,50,0,0,0,673,0,262.0,9,0,0,19,0,0,0,0,19,0,102.49
2,3,0,31,0,0,0,651,0,1505.0,4,0,0,14,0,1,0,0,13,0,1360.26
0,0,0,9,0,0,0,286,0,188.0,11,0,0,20,0,0,0,0,14,0,157.68
10,14,0,52,0,0,0,705,28,2842.0,5,2,1,8,0,1,28,0,14,26,2326.72
0,1,0,67,0,0,0,285,0,609.0,11,0,0,18,0,0,0,0,13,0,1253.08
24,10,4,52,24,2,2,339,409,3083.0,7,19,2,4,2,33,491,8,12,51,3311.15
0,1,0,74,0,0,0,780,0,3865.0,18,0,0,13,0,0,0,0,8,0,441.58
1,9,0,35,0,0,0,568,0,66.0,6,0,0,11,0,0,0,0,16,1,1041.56
0,4,0,77,0,0,0,248,0,206.0,14,0,0,17,0,0,0,0,8,0,194.64
0,0,0,65,0,0,0,64,0,701.0,13,0,0,18,0,0,0,0,23,0,109.95
6,7,0,31,0,0,0,517,0,3447.0,4,0,0,14,1,0,0,0,14,1,1385.28
7,13,0,35,0,0,0,338,12,2777.0,9,0,1,8,1,0,12,0,16,4,1103.57
3,9,0,51,0,0,0,653,0,466.0,6,0,1,15,0,0,0,0,10,1,396.27
1,8,0,39,0,0,0,581,0,1.0,8,0,0,12,0,0,0,0,17,0,778.57
0,11,0,79,0,0,0,162,0,508.0,10,0,0,14,0,0,0,0,6,0,927.95
8,13,10,20,300,2,80,484,118,7576.0,10,15,11,1,9,14,617,28,8,53,5725.91
0,1,0,0,0,0,0,379,0,13.0,18,0,0,14,2,0,0,0,23,0,734.14
0,5,0,37,0,0,0,147,0,751.0,12,0,0,16,0,0,0,0,8,0,114.33
1,2,0,32,0,0,0,662,0,476.0,7,0,0,16,0,0,0,0,13,1,1221.12
0,0,0,9,0,0,0,273,0,24.0,11,0,0,20,0,0,0,0,17,0,118.18
0,0,0,40,0,0,0,129,0,285.0,13,0,0,19,0,0,0,0,12,0,221.42
0,15,0,83,0,0,0,158,0,233.0,9,0,0,13,0,0,0,0,6,0,234.38
1,13,0,75,0,0,0,234,0,80.0,8,0,0,12,0,0,0,0,5,0,694.09
42,15,6,11,92,2,3,441,327,29434.0,6,19,6,3,5,44,637,12,7,41,3280.16
2,2,0,68,0,0,0,788,0,543.0,18,0,0,9,0,0,0,0,11,0,598.05
3,24,0,19,0,0,0,174,4,1551.0,10,0,0,9,0,0,4,0,1,1,581.22
4,8,0,35,0,0,0,332,4,2086.0,9,1,1,10,2,0,4,0,17,1,1102.79
0,2,0,66,0,0,0,611,0,2.0,8,0,0,16,0,0,0,0,19,0,206.89
6,10,0,81,0,0,0,697,4,1311.0,3,0,0,12,2,0,4,0,14,1,549.22
8,9,0,89,0,0,0,35,0,5842.0,11,0,0,10,2,0,0,0,18,2,783.15
38,11,8,85,65,3,6,441,336,29434.0,6,17,5,3,7,47,633,8,7,42,3682.48
0,4,0,77,0,0,0,85,0,1414.0,12,0,0,16,0,0,0,0,7,0,267.48
6,6,0,31,0,0,0,517,0,3447.0,3,0,1,14,1,1,0,0,13,0,1399.78
2,9,0,69,0,0,0,103,0,421.0,11,0,0,13,1,0,0,0,4,0,277.73
0,1,0,66,0,0,0,545,0,461.0,11,0,0,20,0,0,0,0,21,0,148.8
4,16,0,75,0,0,0,236,0,663.0,7,0,0,11,1,0,0,0,5,1,730.35
1,14,0,85,0,1,0,214,48,13304.0,3,0,3,8,0,4,52,0,7,28,2339.26
8,12,0,17,0,0,0,723,4,8517.0,1,0,0,11,1,0,4,0,11,4,1729.96
0,2,0,32,0,0,0,684,0,1384.0,8,0,0,18,0,0,0,0,17,0,1029.02
0,0,0,66,0,0,0,598,0,906.0,13,0,1,20,0,0,0,0,24,0,259.28
0,2,0,40,0,0,0,129,0,285.0,12,0,0,19,0,0,0,0,12,0,299.99
0,0,0,9,0,0,0,271,0,1104.0,12,0,0,21,0,0,0,0,17,0,175.81
0,1,0,66,0,0,0,622,0,315.0,9,0,0,16,0,0,0,0,20,0,201.81
10,11,1,18,16,1,1,418,406,16309.0,11,7,1,3,3,5,518,0,6,25,2333.35
6,6,0,41,0,0,0,714,4,1093.0,2,1,1,10,1,0,8,0,13,9,1301.04
1,9,0,77,0,0,0,87,0,109.0,12,0,1,14,0,0,0,0,5,0,287.57
4,10,0,81,0,0,0,697,0,1311.0,2,0,0,13,1,0,0,0,13,1,432.78
2,3,0,17,0,0,0,649,0,629.0,5,0,0,15,0,0,0,0,14,1,1357.41
2,18,0,17,0,0,0,221,0,5752.0,3,0,0,11,2,0,0,0,9,1,1794.32
22,15,9,98,36,2,1,457,392,5039.0,6,21,8,3,2,19,645,20,9,32,3196.34
2,2,0,71,0,0,0,13,0,1229.0,14,0,0,15,0,0,0,0,23,0,977.05
0,5,0,31,0,0,0,518,0,315.0,5,0,0,15,0,0,0,0,15,1,1338.1
0,2,0,80,0,0,0,19,0,292.0,13,0,0,15,1,0,0,0,22,0,295.66
10,14,1,25,0,0,0,313,48,1155.0,9,2,0,7,0,0,52,0,15,17,1288.3
1,1,0,32,0,0,0,687,0,2030.0,8,0,0,18,1,0,0,0,16,0,1023.97
5,11,0,89,0,0,0,325,8,6138.0,11,1,3,9,1,0,8,0,17,3,803.11
2,3,0,81,0,0,0,501,0,1075.0,7,0,0,15,0,0,0,0,18,0,396.72
0,1,0,0,0,0,0,812,0,560.0,20,0,0,15,0,0,0,0,25,0,573.57
0,11,0,68,0,0,0,768,0,1325.0,16,0,0,9,0,0,0,0,7,1,702.45
1,9,0,68,0,0,0,424,0,1823.0,16,0,1,7,0,0,0,0,9,0,877.71
0,3,0,32,0,0,0,662,0,476.0,7,0,0,17,0,0,0,0,13,1,1191.23
0,1,0,50,0,0,0,538,0,3.0,12,0,0,21,0,0,0,0,22,0,90.23
0,0,0,9,0,0,0,269,0,61.0,11,0,0,20,0,0,0,0,15,0,146.8
2,6,0,70,0,0,0,396,8,2956.0,13,0,0,8,0,0,8,0,17,2,1869.08
6,18,0,17,0,0,0,226,12,11261.0,4,0,0,9,1,0,12,0,7,16,1975.27
0,7,0,39,0,0,0,583,0,244.0,9,0,0,12,0,0,0,0,18,0,847.49
1,0,0,66,0,0,0,600,0,378.0,13,0,0,20,0,0,0,0,24,0,224.51
4,2,0,35,0,0,0,41,0,3094.0,10,0,0,11,2,0,0,0,18,0,912.94
0,3,0,0,0,0,0,381,0,1753.0,16,0,1,11,0,0,0,0,21,0,676.04
2,13,0,69,0,0,0,93,0,1353.0,10,0,1,12,0,0,0,0,3,0,273.81
1,5,0,25,0,0,0,395,8,292.0,12,1,0,8,2,2,8,0,17,1,1166.52
2,2,0,17,0,0,0,627,0,1624.0,5,0,0,15,0,1,0,0,13,0,1417.3
0,1,0,0,0,0,0,811,0,67.0,19,0,0,14,2,0,0,0,23,0,739.82
4,7,0,73,4,0,0,299,82,1971.0,12,1,0,5,2,1,94,0,15,7,699.74
8,12,0,28,0,0,0,723,4,8517.0,1,0,0,11,2,0,4,0,11,4,1767.9
0,8,0,73,0,0,0,369,0,8.0,13,0,0,10,0,0,0,0,19,2,640.03
0,2,0,79,0,0,0,123,0,203.0,11,0,0,17,0,0,0,0,10,0,875.96
0,2,0,74,0,0,0,739,0,40.0,22,0,0,14,0,0,0,0,12,0,282.68
0,1,0,50,0,0,0,551,0,807.0,10,0,0,20,0,0,0,0,21,0,105.55
0,0,0,74,0,0,0,799,0,526.0,22,0,0,15,0,0,0,0,11,0,416.62
3,5,0,67,0,0,0,657,0,750.0,7,0,0,15,0,0,0,0,11,1,1324.63
0,14,0,27,0,0,0,240,0,993.0,9,0,0,11,0,0,0,0,4,1,1195.18
0,3,0,69,0,0,0,96,0,277.0,12,0,0,12,0,0,0,0,2,0,258.41
1,9,0,17,0,0,0,655,0,1165.0,5,0,0,14,1,1,0,0,10,0,1505.74
6,11,1,73,0,0,0,331,20,6043.0,11,1,4,8,1,2,20,0,16,4,673.14
10,15,3,26,56,1,5,309,270,5029.0,10,0,3,2,1,7,573,0,12,65,2432.5
0,7,0,83,0,0,0,160,0,681.0,11,0,0,15,0,0,0,0,7,0,249.13
1,0,0,65,0,0,0,77,0,292.0,15,0,0,21,0,0,0,0,26,0,119.11
3,3,0,69,0,0,0,84,0,1188.0,13,0,0,14,1,0,0,0,4,0,266.42
0,3,0,90,0,0,0,149,0,64.0,13,0,0,17,0,0,0,0,9,0,162.27
3,5,0,19,0,0,0,114,0,116.0,14,0,0,12,1,0,0,0,3,0,432.21
0,1,0,50,0,0,0,494,0,484.0,8,0,0,18,0,0,0,0,19,0,106.9
0,0,0,67,0,0,0,286,0,188.0,11,0,0,19,0,0,0,0,14,0,1113.93
4,28,1,19,0,0,0,245,16,3381.0,8,0,0,8,1,0,16,0,2,5,629.45
0,16,0,69,0,0,0,93,0,1353.0,10,0,0,11,0,0,0,0,3,1,297.45
3,5,0,107,0,0,0,435,8,1099.0,14,1,0,7,2,1,8,0,7,1,986.89
0,1,0,74,0,0,0,737,0,144.0,22,0,0,14,0,0,0,0,12,0,339.0
24,17,1,28,4,0,0,730,44,5068.0,2,1,3,8,3,11,56,4,11,55,2364.48
3,3,0,71,0,0,0,15,0,459.0,12,0,0,13,0,0,0,0,20,0,1045.72
2,2,0,40,0,0,0,287,0,689.0,10,0,0,18,0,0,0,0,12,0,233.28
27,15,1,52,12,1,0,350,150,4023.0,4,5,3,6,2,30,182,4,11,37,2976.13
17,11,5,100,32,4,2,345,402,8699.0,8,17,7,3,0,44,545,16,12,41,2258.86
0,0,0,9,0,0,0,282,0,648.0,11,0,0,19,0,0,0,0,14,0,157.28
1,7,0,68,0,0,0,422,0,3141.0,16,0,1,7,0,0,0,0,9,0,781.65
1,10,0,19,0,0,0,92,0,294.0,11,0,1,11,1,0,0,0,2,1,547.59
0,7,0,70,0,0,0,367,0,1785.0,14,0,0,10,2,0,0,0,19,2,1712.01
38,16,9,96,99,3,7,463,230,15107.0,7,26,13,3,5,27,665,16,9,29,4315.3
0,1,0,33,0,0,0,826,0,1337.0,20,0,0,14,0,0,0,0,23,0,176.24
0,2,0,39,0,0,0,553,0,155.0,8,0,0,14,0,0,0,0,18,0,801.98
1,8,0,39,0,0,0,575,0,1347.0,6,0,0,13,0,0,0,0,17,0,835.3
2,1,0,9,0,0,0,270,0,996.0,9,0,0,18,0,0,0,0,13,0,161.3
0,1,0,94,0,0,0,489,0,735.0,6,0,0,16,0,0,0,0,16,0,409.83
0,1,0,66,0,0,0,613,0,608.0,11,0,0,19,0,0,0,0,22,0,191.99
4,5,0,72,4,0,0,196,32,5394.0,12,2,0,7,1,0,36,0,4,4,755.53
35,12,6,8,96,2,6,441,325,29434.0,7,20,7,3,7,47,633,0,7,40,4170.46
5,13,0,73,8,0,0,294,319,991.0,11,3,3,4,1,3,347,4,14,15,818.7
1,1,0,50,0,0,0,509,0,455.0,10,0,0,19,0,0,0,0,21,0,97.68
1,7,0,72,0,1,0,198,0,5084.0,13,0,1,8,0,0,4,0,4,0,646.69
0,0,0,67,0,0,0,285,0,609.0,11,0,0,19,0,0,0,0,13,0,1107.9
0,0,0,9,0,0,0,260,0,76.0,12,0,0,20,0,0,0,0,15,0,174.23
0,15,0,34,0,0,0,769,4,314.0,16,0,0,9,0,0,4,0,6,1,539.67
4,18,0,17,0,0,0,225,0,2523.0,3,0,0,10,1,1,0,0,8,4,1818.77
2,2,0,51,0,0,0,624,0,918.0,5,0,0,15,0,1,0,0,12,0,400.57
0,5,0,35,0,0,0,583,0,244.0,9,0,0,12,0,0,0,0,18,0,982.36
5,6,0,28,0,0,0,715,4,1388.0,3,0,0,12,2,0,4,0,14,1,1718.49
10,11,0,27,0,1,0,242,48,4364.0,6,1,1,8,1,2,48,0,4,11,1621.66
0,0,0,82,0,0,0,522,0,224.0,6,0,0,16,0,0,0,0,17,0,230.24
0,0,0,82,0,0,0,490,0,227.0,7,0,0,17,0,0,0,0,17,0,230.09
2,15,0,75,0,0,0,209,0,3008.0,4,0,1,12,0,1,0,0,8,0,713.69
0,0,0,80,0,0,0,6,0,1111.0,16,0,0,18,0,0,0,0,25,0,209.05
0,0,0,31,0,0,0,523,0,400.0,7,0,0,17,0,0,0,0,17,0,1261.65
0,0,0,67,0,0,0,282,0,648.0,11,0,0,19,0,0,0,0,14,0,1214.81
0,3,0,94,0,0,0,489,0,735.0,5,0,0,15,0,0,0,0,16,0,370.7
3,9,0,81,0,0,0,533,4,874.0,3,0,0,12,2,0,4,0,15,0,496.89
24,14,10,2,40,4,0,457,444,5039.0,6,18,13,4,2,18,645,12,10,33,4238.56
0,16,0,83,0,0,0,240,0,993.0,8,0,0,11,0,0,0,0,4,1,287.38
2,1,0,80,0,0,0,11,0,516.0,13,0,1,14,1,0,0,0,22,0,264.91
0,16,0,83,0,0,0,158,0,233.0,9,0,0,13,0,0,0,0,6,0,242.89
0,3,0,70,0,0,0,381,0,1753.0,16,0,0,11,0,0,0,0,21,1,1685.25
0,0,0,80,0,0,0,6,0,1111.0,16,0,0,17,0,0,0,0,25,0,221.13
2,2,0,71,0,0,0,11,0,516.0,13,0,0,14,1,0,0,0,21,0,871.6
3,15,0,64,0,0,0,654,0,5553.0,5,0,0,13,2,1,0,0,9,0,425.8
0,4,0,33,0,0,0,391,8,384.0,14,0,0,7,0,1,8,0,17,2,203.22
10,21,1,27,0,1,0,242,20,4364.0,6,0,2,8,1,2,20,0,4,7,1422.69
1,0,0,65,0,0,0,65,0,1089.0,14,0,0,19,0,0,0,0,24,0,187.72
0,1,0,0,0,0,0,811,0,67.0,19,0,0,14,0,0,0,0,24,0,583.39
12,9,0,24,0,0,0,338,4,2777.0,9,0,0,9,2,0,4,0,17,1,1306.33
0,1,0,0,0,0,0,810,0,1681.0,19,0,0,14,0,0,0,0,23,0,738.42
0,2,0,37,0,0,0,146,0,665.0,13,0,0,18,0,0,0,0,10,0,107.55
10,9,1,52,4,0,0,347,56,3707.0,4,4,0,7,2,18,76,0,12,53,2716.5
4,11,0,94,0,0,0,531,0,2126.0,3,0,0,12,2,0,0,0,14,1,486.02
6,7,0,32,0,0,0,626,0,1404.0,4,0,0,13,1,0,0,0,11,0,1062.93
12,16,0,100,36,3,3,296,275,11327.0,10,4,7,2,1,8,553,16,12,65,2223.95
4,4,0,35,0,0,0,41,0,3094.0,10,0,0,11,2,0,0,0,18,0,934.43
0,1,0,33,0,0,0,821,0,502.0,18,0,0,13,0,0,0,0,22,0,219.62
0,2,0,31,0,0,0,675,0,527.0,9,0,0,19,0,0,0,0,18,0,965.8
24,12,9,100,54,4,4,343,338,8037.0,7,9,4,3,7,23,617,20,11,42,2127.14
1,2,0,81,0,0,0,560,0,24.0,7,0,0,14,0,0,0,0,18,0,337.63
0,20,0,79,0,0,0,100,0,992.0,9,0,0,13,0,0,0,0,5,0,794.73
7,11,0,28,0,0,0,698,4,1433.0,1,0,1,11,0,0,4,0,12,7,1721.99
26,16,9,52,32,5,1,344,455,4251.0,6,19,6,4,4,31,549,8,11,39,3383.88
7,8,1,26,156,1,58,306,223,4318.0,11,3,1,1,5,11,577,8,11,50,2567.29
10,13,0,24,0,0,0,313,48,1155.0,9,3,1,7,0,0,52,0,15,12,1486.9
5,21,1,27,0,0,0,230,0,531.0,8,0,0,9,2,1,0,0,3,3,1353.91
4,15,0,17,0,0,0,654,0,5553.0,6,0,0,13,2,0,0,0,9,1,1555.59
2,10,0,34,0,0,0,768,0,1325.0,16,0,0,9,0,0,0,0,7,1,566.06
5,3,1,44,4,0,0,434,60,3829.0,13,1,0,6,1,0,64,0,5,7,1528.61
0,4,0,79,0,0,0,157,0,1497.0,10,0,0,15,0,0,0,0,8,0,676.88
1,0,0,66,0,0,0,597,0,430.0,14,0,0,21,0,0,0,0,25,0,194.12
0,1,0,50,0,0,0,511,0,450.0,9,0,0,19,0,0,0,0,20,0,120.87
1,21,0,19,0,0,0,94,4,981.0,10,0,0,10,0,0,4,0,1,1,522.82
0,2,0,50,0,0,0,540,0,165.0,11,0,0,21,0,0,0,0,21,0,95.07
13,11,1,52,4,0,0,349,72,4758.0,6,4,5,7,1,8,88,0,13,64,2799.7
0,4,0,31,0,0,0,688,0,1051.0,7,0,0,17,0,0,0,0,15,0,970.2
6,9,0,74,0,0,0,188,4,1622.0,15,0,5,10,0,0,4,0,4,0,448.41
5,9,0,35,0,0,0,332,4,2086.0,9,1,2,10,1,0,4,0,17,1,1161.75
1,8,0,94,0,0,0,527,0,259.0,4,0,0,14,0,0,0,0,15,0,390.14
0,6,0,68,0,0,0,767,4,490.0,15,0,0,7,1,0,4,0,7,1,820.95
0,2,0,0,0,0,0,382,0,443.0,18,0,0,12,2,0,0,0,22,0,685.55
2,3,0,31,0,0,0,647,0,1272.0,5,0,0,15,0,0,0,0,14,1,1338.11
3,5,0,69,0,0,0,82,0,210.0,14,0,1,14,1,0,0,0,5,0,259.8
7,7,0,89,0,0,0,37,0,138.0,12,0,0,10,1,0,0,0,18,2,829.65
0,0,0,65,0,0,0,58,0,1081.0,13,0,0,18,0,0,0,0,23,0,150.5
10,5,1,72,4,0,0,181,116,8223.0,12,2,0,5,1,1,124,0,4,8,834.4
3,3,0,73,0,0,0,16,0,1646.0,13,0,0,12,1,0,0,0,20,0,611.74
18,25,2,98,8,2,0,733,81,12095.0,3,2,5,6,2,18,109,0,9,52,2461.58
3,7,0,69,0,0,0,91,0,791.0,13,0,0,15,1,0,0,0,6,0,264.86
0,6,0,83,0,0,0,79,0,777.0,12,0,1,14,0,0,0,0,5,0,227.62
3,6,0,19,0,0,0,97,0,1285.0,11,0,0,12,1,0,0,0,3,0,574.67
0,9,0,70,0,0,0,363,0,673.0,14,0,0,10,0,0,0,0,19,1,1626.69
0,10,0,34,0,0,0,744,0,793.0,17,0,0,10,0,0,0,0,7,1,543.85
1,13,0,75,0,0,0,134,0,811.0,7,0,0,13,1,0,0,0,8,1,622.3
3,24,0,17,0,0,0,728,8,7178.0,1,0,0,9,0,1,12,0,10,19,1922.2
1,2,0,81,0,0,0,560,0,24.0,7,0,0,15,0,0,0,0,18,0,336.65
7,17,0,85,0,0,0,476,108,20104.0,6,2,2,6,3,7,128,0,4,24,2911.71
0,0,0,67,0,0,0,284,0,668.0,10,0,0,18,0,0,0,0,13,0,1279.12
0,2,0,32,0,0,0,688,0,1051.0,7,0,0,18,0,0,0,0,16,0,1159.23
0,7,0,69,0,0,0,108,0,220.0,15,0,0,15,0,0,0,0,5,0,261.22
0,10,0,39,0,0,0,569,0,526.0,7,0,0,12,0,0,0,0,17,0,915.5
2,10,0,81,0,0,0,529,0,1010.0,4,0,0,13,0,0,0,0,15,0,422.21
0,4,0,69,0,0,0,108,0,220.0,16,0,0,15,0,0,0,0,6,0,192.27
0,1,0,74,0,0,0,736,0,129.0,24,0,0,16,0,0,0,0,14,0,326.23
0,15,0,76,0,0,0,158,0,233.0,10,0,0,14,0,0,0,0,6,0,266.79
6,6,1,44,4,0,1,177,221,11754.0,11,3,2,5,2,2,237,0,5,18,1791.92
5,18,0,52,0,0,0,324,28,3970.0,7,1,0,8,1,0,32,0,14,27,2509.63
0,1,0,31,0,0,0,520,0,63.0,7,0,0,17,0,0,0,0,16,0,979.94
17,23,0,98,12,2,0,729,72,4719.0,3,5,2,7,4,16,100,4,10,50,2596.99
0,1,0,50,0,0,0,509,0,455.0,9,0,0,18,0,0,0,0,20,0,98.27
11,6,1,14,4,0,1,175,189,8422.0,11,3,0,5,1,1,201,0,4,17,2797.47
0,11,0,75,0,0,0,134,0,811.0,7,0,0,13,0,0,0,0,7,0,561.28
0,1,0,51,0,0,0,660,0,892.0,9,0,0,18,0,0,0,0,14,0,324.23
2,11,0,64,0,0,0,658,0,1586.0,6,0,0,14,1,0,0,0,9,1,453.04
0,6,0,79,0,0,0,160,0,681.0,11,0,0,15,0,0,0,0,7,0,920.4
3,22,0,19,0,0,0,174,0,1551.0,9,0,0,10,0,0,0,0,1,1,571.94
5,3,0,71,0,0,0,32,0,2626.0,11,0,1,12,1,0,0,0,20,0,1221.15
31,12,6,99,48,2,2,441,384,29434.0,6,17,4,3,5,45,637,12,7,41,5054.04
0,0,0,50,0,0,0,543,0,543.0,12,0,0,22,0,0,0,0,21,0,101.83
1,3,0,17,0,0,0,651,0,1505.0,5,0,0,15,0,1,0,0,13,0,1441.05
2,15,0,83,0,0,0,99,0,239.0,10,0,0,12,0,0,0,0,4,0,298.41
0,6,0,34,0,0,0,749,0,45.0,18,0,0,11,0,0,0,0,9,0,449.3
0,0,0,66,0,0,0,589,0,599.0,12,0,0,20,0,0,0,0,24,0,190.72
0,0,0,74,0,0,0,781,0,1658.0,19,0,0,13,0,0,0,0,9,0,405.78
6,11,1,44,16,0,1,418,426,16309.0,11,5,3,3,2,4,514,0,6,21,1954.92
4,4,0,41,0,0,0,712,8,1887.0,4,0,0,10,0,0,8,0,14,6,1108.33
4,9,0,73,4,0,0,299,99,1971.0,12,1,0,5,2,1,111,0,15,8,731.93
2,6,0,77,0,0,0,111,0,663.0,14,0,0,16,1,0,0,0,6,0,273.4
0,0,0,66,0,0,0,604,0,45.0,14,0,0,21,0,0,0,0,25,0,184.94
2,18,0,17,0,0,0,226,16,11261.0,3,0,2,9,1,0,16,0,7,18,1892.28
33,15,9,96,93,4,2,463,310,15107.0,7,21,17,3,4,27,657,16,10,30,3808.61
1,12,0,75,0,0,0,234,0,80.0,8,0,0,12,0,0,0,0,6,0,586.3
1,0,0,65,0,0,0,53,0,683.0,15,0,0,20,0,0,0,0,26,0,187.94
0,7,0,74,0,0,0,755,4,1508.0,16,0,1,10,0,0,4,0,5,0,442.63
0,8,0,69,0,0,0,106,0,54.0,15,0,0,14,0,0,0,0,5,0,205.63
4,7,0,44,0,0,0,433,28,102.0,13,2,2,6,2,0,32,0,6,5,1529.95
1,7,0,70,4,0,0,299,52,1971.0,12,0,0,6,2,2,60,0,15,6,1978.09
0,8,0,72,0,0,0,765,4,52.0,15,0,0,7,1,0,4,0,6,1,645.58
8,7,0,35,0,0,0,35,0,5842.0,11,0,0,10,2,0,0,0,18,2,990.9
0,6,0,70,0,0,0,375,0,161.0,13,0,0,9,0,0,0,0,18,2,1717.82
1,2,0,31,0,0,0,686,0,539.0,8,0,0,18,1,0,0,0,17,0,1216.56
0,2,0,79,0,0,0,153,0,753.0,12,0,0,17,0,0,0,0,10,0,731.41
1,4,0,31,0,0,0,645,0,762.0,6,0,0,16,0,0,0,0,15,1,1124.82
9,24,0,85,0,0,0,475,134,18627.0,7,1,0,6,1,7,162,0,4,21,2924.31
0,5,0,90,0,0,0,147,0,751.0,12,0,0,16,0,0,0,0,8,0,202.69
2,13,0,14,0,0,0,166,60,2745.0,11,0,3,6,0,0,64,4,2,8,2534.15
0,1,0,0,0,0,0,801,0,242.0,21,0,0,16,0,0,0,0,26,0,530.02
2,14,0,64,0,0,0,211,0,2075.0,6,0,0,13,1,0,0,0,8,1,363.69
0,2,0,51,0,0,0,625,0,90.0,6,0,0,15,0,0,0,0,13,1,344.49
4,14,0,14,0,0,0,165,32,8431.0,11,0,0,7,0,0,36,4,2,3,2438.49
26,24,10,91,115,9,22,466,233,13796.0,9,24,13,2,5,13,609,40,6,56,5771.91
2,10,0,34,0,0,0,770,0,1821.0,16,0,0,9,0,0,0,0,7,1,533.54
15,24,1,55,24,0,6,183,257,22376.0,9,10,2,5,4,7,321,0,4,29,3363.64
24,21,0,85,8,1,0,448,145,18748.0,4,6,1,6,3,15,185,4,7,67,3184.28
1,1,0,66,0,0,0,606,0,421.0,10,0,0,18,0,0,0,0,21,0,196.47
29,12,5,84,121,6,11,453,168,36545.0,8,17,9,2,9,32,649,30,10,37,2857.88
0,0,0,67,0,0,0,286,0,188.0,11,0,0,19,0,0,0,0,14,0,1128.36
1,15,0,75,0,0,0,234,0,80.0,8,0,0,12,0,0,0,0,5,0,708.18
1,7,0,41,0,0,0,580,0,1339.0,8,0,0,12,0,0,0,0,18,0,979.25
18,20,5,11,36,3,2,465,433,27697.0,8,16,7,4,5,13,569,8,5,61,3209.66
0,0,0,9,0,0,0,275,0,229.0,12,0,0,21,0,0,0,0,17,0,144.89
1,0,0,65,0,0,0,76,0,416.0,15,0,0,21,0,0,0,0,26,0,129.85
0,1,0,0,0,0,0,71,0,1.0,19,0,0,14,0,0,0,0,24,0,732.56
0,3,0,33,0,0,0,390,4,29.0,15,0,0,9,2,1,4,0,18,2,195.08
1,5,0,69,0,0,0,117,0,1281.0,14,0,0,14,0,0,0,0,4,0,213.91
1,5,0,0,0,0,0,383,0,107.0,15,0,0,12,1,0,0,0,21,0,584.86
0,3,0,90,0,0,0,249,0,107.0,13,0,0,17,0,0,0,0,8,0,179.96
0,9,0,39,0,0,0,573,0,2026.0,6,0,0,13,0,0,0,0,17,0,819.5
24,20,3,91,60,1,17,470,390,5626.0,9,25,2,3,8,9,561,4,5,43,5303.8
0,4,0,90,0,0,0,90,0,257.0,13,0,0,16,0,0,0,0,8,0,200.09
0,8,0,34,0,0,0,758,0,1936.0,16,0,0,9,0,1,0,0,8,0,572.29
1,17,0,75,0,0,0,232,0,1664.0,9,0,0,11,0,0,0,0,4,1,641.86
2,4,0,35,0,0,0,36,0,2298.0,11,0,1,11,1,0,0,0,18,0,960.63
0,2,0,74,0,0,0,777,0,1402.0,17,0,0,11,0,0,0,0,6,0,408.85
2,4,0,94,0,0,0,528,0,364.0,5,0,0,14,1,0,0,0,16,0,377.41
0,2,0,34,0,0,0,739,0,40.0,21,0,0,14,0,0,0,0,12,0,437.87
1,12,0,17,0,0,0,209,0,3008.0,4,0,1,11,0,1,0,0,8,0,1761.8
1,2,0,32,0,0,0,684,0,1384.0,8,0,0,18,1,0,0,0,17,0,781.25
0,4,0,33,0,0,0,405,0,1086.0,16,0,0,10,0,0,0,0,19,1,234.21
0,1,0,66,0,0,0,508,0,325.0,9,0,0,18,0,0,0,0,20,0,214.15
0,2,0,31,0,0,0,524,0,672.0,7,0,0,17,0,0,0,0,16,0,1278.87
7,10,0,17,0,0,0,218,24,12029.0,4,0,0,8,1,1,24,0,6,18,1951.76
2,9,0,81,0,0,0,515,0,3053.0,4,0,0,13,1,0,0,0,15,1,402.7
0,13,0,68,0,0,0,769,4,314.0,16,0,0,9,0,0,4,0,7,1,684.57
4,8,1,44,0,0,0,411,243,1726.0,13,0,7,4,1,1,247,0,7,11,1857.94
0,0,0,9,0,0,0,636,0,1211.0,9,0,0,18,0,0,0,0,15,0,200.1
7,4,0,89,0,0,0,36,0,2298.0,11,0,1,10,1,0,0,0,18,1,708.22
14,21,0,85,4,1,0,444,141,11748.0,3,7,3,6,2,19,177,4,8,64,3137.68
2,10,0,17,0,0,0,667,0,943.0,3,0,0,13,0,0,0,0,11,0,1519.71
30,21,1,52,40,4,1,457,458,5039.0,5,22,2,4,5,19,552,4,10,29,3280.07
10,10,2,36,24,0,0,357,402,4977.0,9,3,2,4,2,5,466,0,13,62,1543.81
1,12,0,75,0,0,0,234,0,80.0,8,0,0,12,0,0,0,0,5,0,581.4
0,4,0,33,0,0,0,406,0,19.0,16,0,0,10,0,0,0,0,20,1,181.48
0,2,0,0,0,0,0,813,0,1.0,22,0,0,18,0,0,0,0,27,0,520.3
0,0,0,9,0,0,0,262,0,565.0,14,0,0,23,0,0,0,0,18,0,189.85
0,6,0,70,0,0,0,397,4,1716.0,13,1,0,9,2,1,4,0,18,2,1848.06
43,13,2,8,88,3,1,437,331,29015.0,6,21,4,3,8,38,645,12,7,32,3842.08
4,14,0,75,0,0,0,212,0,1396.0,6,0,0,11,2,0,0,0,6,1,686.23
0,1,0,0,0,0,0,816,0,9.0,21,0,0,16,0,0,0,0,26,0,530.78
0,5,0,69,0,0,0,107,0,898.0,14,0,0,14,0,0,0,0,5,0,261.25
0,0,0,9,0,0,0,282,0,648.0,11,0,0,19,0,0,0,0,14,0,172.32
5,7,1,107,0,0,0,429,80,3342.0,13,3,2,5,2,0,84,0,6,9,1112.45
3,15,0,17,0,0,0,654,0,5553.0,5,0,0,13,2,1,0,0,9,0,1518.12
2,12,0,35,0,0,0,580,0,1339.0,7,1,0,11,1,0,0,0,17,0,974.27
1,1,0,50,0,0,0,507,0,94.0,9,0,0,19,0,0,0,0,20,0,100.13
0,0,0,40,0,0,0,288,0,1122.0,14,0,0,20,0,0,0,0,13,0,249.94
2,4,0,81,0,0,0,499,0,607.0,7,0,0,15,0,0,0,0,18,0,415.81
7,12,3,26,54,2,25,309,249,5029.0,11,0,7,2,0,10,565,20,11,57,2546.11
0,0,0,9,0,0,0,271,0,1104.0,12,0,0,21,0,0,0,0,17,0,154.73
0,4,0,33,0,0,0,404,0,132.0,17,0,0,11,2,0,0,0,21,0,176.17
0,2,0,31,0,0,0,521,0,205.0,8,0,0,18,0,0,0,0,18,0,942.81
0,0,0,65,0,0,0,65,0,1089.0,14,0,0,19,0,0,0,0,24,0,189.06
0,2,0,71,0,0,0,12,0,221.0,14,0,0,13,1,0,0,0,22,0,775.74
2,5,0,77,0,0,0,89,0,994.0,13,0,0,16,1,0,0,0,7,0,239.34
5,3,0,81,0,0,0,714,8,1093.0,2,0,2,10,1,0,8,0,13,8,566.34
2,2,0,74,0,0,0,254,0,1640.0,16,0,1,11,1,0,0,0,5,0,396.03
0,3,0,82,0,0,0,504,0,105.0,7,0,0,16,0,0,0,0,18,0,168.75
0,1,0,33,0,0,0,804,0,198.0,21,0,0,15,0,0,0,0,24,0,180.27
11,21,1,11,16,0,4,183,233,22376.0,9,7,2,5,4,5,277,0,4,27,2611.61
19,17,0,26,36,0,0,292,374,4475.0,10,7,1,3,4,9,533,4,12,60,2460.87
0,5,0,69,0,0,0,108,0,220.0,16,0,0,16,0,0,0,0,6,0,203.85
1,8,0,94,0,0,0,532,0,1577.0,4,0,0,14,1,0,0,0,15,0,493.53
6,19,0,35,0,0,0,320,20,2826.0,7,1,0,8,1,0,24,0,15,16,1288.01
1,0,0,50,0,0,0,615,0,489.0,11,0,0,20,0,0,0,0,22,0,81.64
3,9,0,67,0,0,0,657,0,750.0,7,0,0,14,0,0,0,0,10,1,1227.12
1,3,0,44,4,0,0,196,40,5394.0,13,2,1,6,0,0,44,0,5,5,1486.23
0,0,0,50,0,0,0,539,0,40.0,12,0,0,22,0,0,0,0,22,0,89.55
0,5,0,33,0,0,0,401,0,71.0,17,0,0,10,0,0,0,0,20,1,190.8
3,10,0,52,0,0,0,572,12,217.0,5,0,0,10,0,0,12,0,15,9,2437.53
0,0,0,0,0,0,0,823,0,323.0,20,0,0,14,0,0,0,0,23,0,581.9
1,0,0,65,0,0,0,76,0,416.0,15,0,0,22,0,0,0,0,26,0,132.13
3,11,0,17,0,0,0,727,0,11948.0,2,0,3,11,0,0,0,0,10,0,1707.71
17,11,0,41,4,1,0,708,24,987.0,2,1,3,9,2,5,32,0,12,29,1563.89
2,3,0,34,0,0,0,791,0,1825.0,18,0,0,9,0,0,0,0,10,0,485.28
2,15,0,19,0,0,0,94,0,981.0,11,0,0,10,1,0,0,0,1,1,553.52
0,5,0,74,0,0,0,748,0,35.0,17,0,0,11,0,0,0,0,8,0,314.05
1,10,0,76,0,0,0,135,0,197.0,7,0,0,14,1,0,0,0,8,0,225.71
5,7,0,44,0,0,0,429,40,3342.0,14,2,0,6,3,0,40,0,7,6,1449.41
0,2,0,82,0,0,0,495,0,463.0,9,0,0,19,0,0,0,0,20,0,171.57
5,3,0,35,0,0,0,35,0,5842.0,10,0,2,10,0,0,0,0,18,1,1039.95
0,0,0,51,0,0,0,284,0,668.0,10,0,0,18,0,0,0,0,14,0,319.13
11,23,0,11,8,0,2,183,183,22376.0,9,2,2,5,1,2,211,0,3,25,2572.45
2,4,0,32,0,0,0,624,0,918.0,5,0,0,14,0,1,0,0,12,0,1318.25
10,13,0,28,0,0,0,694,8,4108.0,0,0,0,10,2,0,12,0,11,12,2059.26
0,7,0,39,0,0,0,574,0,855.0,6,0,0,14,0,0,0,0,17,0,794.9
1,6,0,69,0,0,0,91,0,791.0,13,0,1,15,0,0,0,0,6,0,213.21
0,19,0,75,0,0,0,238,0,1398.0,9,0,0,13,0,0,0,0,5,0,639.15
2,22,0,19,0,0,0,233,0,1076.0,9,1,0,9,0,1,0,0,2,1,518.86
2,3,0,81,0,0,0,501,0,1075.0,7,0,0,15,0,0,0,0,18,0,397.24
3,8,0,51,0,0,0,653,0,466.0,6,0,1,15,0,0,0,0,11,1,410.13
0,8,0,70,0,0,0,375,0,161.0,13,0,0,9,0,0,0,0,19,2,1657.16
2,4,0,73,0,0,0,394,12,992.0,12,2,0,7,2,1,12,0,16,2,652.61
0,0,0,9,0,0,0,266,0,1228.0,9,0,0,18,0,0,0,0,15,0,129.95
0,0,0,65,0,0,0,66,0,3.0,11,0,0,17,0,0,0,0,22,0,138.78
6,9,0,35,0,0,0,332,4,2086.0,9,1,2,9,1,0,4,0,17,1,1161.48
7,18,0,75,0,0,0,201,0,2310.0,5,0,0,10,1,0,0,0,6,6,592.15
9,13,0,17,0,0,0,694,8,4108.0,0,0,0,10,1,0,12,0,11,10,1956.86
6,6,1,18,4,0,1,177,248,11754.0,11,2,1,4,2,3,268,0,5,17,2031.81
6,10,0,36,4,0,0,355,68,3972.0,11,5,0,6,1,0,76,0,15,9,1124.38
0,7,0,70,0,0,0,362,0,1259.0,14,0,0,10,2,0,0,0,19,2,1734.81
0,2,0,64,0,0,0,119,0,1.0,10,0,0,17,0,0,0,0,10,0,367.19
8,14,0,35,0,0,0,338,12,2777.0,9,0,0,8,2,0,12,0,16,7,1161.77
5,5,0,39,0,0,0,711,4,531.0,3,0,0,12,2,0,4,0,14,1,909.1
4,14,0,28,0,0,0,725,4,9191.0,0,0,0,11,0,1,4,0,11,6,2005.32
4,6,1,107,0,0,0,431,56,1701.0,14,1,2,5,2,1,56,0,7,6,1038.58
0,1,0,50,0,0,0,509,0,455.0,9,0,0,18,0,0,0,0,20,0,93.27
4,3,0,32,0,0,0,627,0,1624.0,5,0,0,14,0,1,0,0,12,0,1302.5
0,0,0,65,0,0,0,598,0,906.0,14,0,1,20,0,0,0,0,25,0,162.46
1,13,0,75,0,0,0,209,0,3008.0,5,0,0,11,0,0,0,0,8,1,636.0
0,6,0,70,0,0,0,365,0,1070.0,15,0,0,11,2,0,0,0,20,1,1805.68
0,2,0,34,0,0,0,784,0,328.0,20,0,0,12,0,0,0,0,11,0,379.88
6,9,2,78,12,0,0,357,255,4977.0,9,5,1,5,3,5,291,0,14,53,2106.59
26,16,1,11,24,2,1,474,421,25121.0,6,11,3,4,4,16,509,12,6,79,2883.95
0,1,0,50,0,0,0,538,0,3.0,11,0,0,21,0,0,0,0,21,0,88.65
0,2,0,40,0,0,0,125,0,872.0,11,0,0,18,0,0,0,0,12,0,231.98
1,9,0,34,0,0,0,751,4,347.0,15,0,1,10,1,0,4,0,5,0,523.96
4,5,1,107,0,0,0,431,48,1701.0,14,1,1,6,2,1,48,0,7,5,1030.45
1,3,0,17,0,0,0,651,0,1505.0,5,0,0,15,0,0,0,0,13,1,1486.21
0,0,0,65,0,0,0,57,0,384.0,12,0,0,16,0,0,0,0,22,0,154.01
16,26,2,28,4,1,0,730,64,5068.0,2,3,4,7,3,14,80,0,10,58,2590.24
0,4,0,90,0,0,0,145,0,371.0,12,0,0,17,0,0,0,0,9,0,160.84
12,24,0,15,12,0,2,183,190,22376.0,9,3,2,5,1,3,222,0,3,25,2345.16
0,0,0,39,0,0,0,562,0,25.0,8,0,0,14,0,0,0,0,19,0,704.91
2,3,0,67,0,0,0,143,0,891.0,10,0,0,17,0,0,0,0,11,0,1142.25
4,12,2,78,8,0,0,359,143,5598.0,10,4,2,5,2,2,163,0,14,17,1823.89
1,2,0,69,0,0,0,78,0,1133.0,12,0,1,14,1,0,0,0,4,0,206.0
1,18,0,75,0,0,0,232,0,1664.0,9,0,0,11,0,0,0,0,4,1,639.89
12,10,0,27,0,0,0,217,60,7477.0,5,0,1,7,3,5,60,0,5,19,1576.24
0,1,0,65,0,0,0,20,0,42.0,14,0,0,16,0,0,0,0,23,0,144.16
4,4,0,69,0,0,0,118,0,2183.0,14,0,0,12,0,0,0,0,3,0,230.45
2,4,0,71,0,0,0,32,0,2626.0,11,0,2,11,0,0,0,0,19,0,979.11
0,1,0,66,0,0,0,595,0,151.0,12,0,0,21,0,0,0,0,24,0,191.74
0,2,0,32,0,0,0,651,0,1505.0,4,0,0,14,0,1,0,0,13,0,1169.97
0,1,0,31,0,0,0,520,0,63.0,6,0,0,16,0,0,0,0,16,0,972.43
31,18,6,96,32,2,2,461,470,15901.0,5,14,11,4,4,20,625,12,9,26,3507.81
10,13,1,52,0,0,0,709,40,4051.0,3,2,2,8,2,8,48,0,12,41,2521.48
13,24,0,27,0,0,0,241,28,3259.0,7,0,2,8,1,1,28,0,3,8,1609.65
4,5,0,39,0,0,0,570,12,851.0,5,0,0,10,0,0,12,0,15,7,959.29
1,0,0,32,0,0,0,683,0,628.0,9,0,0,19,1,0,0,0,16,0,808.93
5,7,0,26,168,0,70,310,215,2125.0,11,4,1,1,6,8,589,0,10,49,2530.54
2,17,0,35,0,0,0,319,16,294.0,6,1,0,9,0,0,16,0,15,5,1105.64
4,17,0,75,0,0,0,236,0,663.0,7,0,0,11,1,0,0,0,5,1,675.58
0,5,0,69,0,0,0,79,0,777.0,12,0,0,14,0,0,0,0,5,0,206.7
0,1,0,74,0,0,0,741,0,139.0,23,0,0,15,0,0,0,0,13,0,325.32
6,11,1,36,0,0,0,356,64,2904.0,10,4,0,6,2,1,68,0,15,10,1188.28
1,15,0,27,0,0,0,95,0,520.0,10,0,1,11,1,0,0,0,2,1,1122.85
0,3,0,51,0,0,0,625,0,90.0,6,0,0,15,0,0,0,0,13,1,347.21
1,7,0,72,0,0,0,179,84,6409.0,11,1,1,6,1,0,88,0,3,8,786.6
0,0,0,32,0,0,0,632,0,1629.0,8,0,0,18,0,0,0,0,15,0,1026.46
2,3,0,51,0,0,0,659,0,644.0,8,0,0,17,0,0,0,0,13,0,378.2
0,2,0,65,0,0,0,17,0,287.0,12,0,0,14,0,0,0,0,21,0,159.03
37,22,9,2,52,5,1,460,467,4071.0,6,17,1,4,6,19,573,4,10,33,3881.94
0,2,0,34,0,0,0,785,0,204.0,19,0,0,11,0,0,0,0,11,1,562.67
13,17,0,52,4,0,0,691,28,2987.0,1,2,3,9,1,5,32,0,11,23,2485.19
9,12,0,27,0,0,0,244,64,6684.0,6,1,2,7,3,4,64,0,5,20,1642.14
0,18,0,79,0,0,0,100,0,992.0,10,0,0,13,0,0,0,0,5,0,768.95
1,11,0,68,0,0,0,412,16,1.0,15,1,0,5,0,1,16,0,10,2,824.77
2,5,0,71,0,0,0,32,0,2626.0,11,0,1,11,1,0,0,0,19,0,1268.77
0,2,0,0,0,0,0,379,0,13.0,18,0,0,13,2,0,0,0,23,0,569.08
0,15,0,27,0,0,0,95,0,520.0,10,0,0,11,0,0,0,0,2,1,1141.44
0,2,0,50,0,0,0,540,0,165.0,11,0,0,20,0,0,0,0,21,0,105.22
0,0,0,65,0,0,0,57,0,384.0,12,0,0,16,0,0,0,0,22,0,148.5
5,3,0,32,0,0,0,626,0,1404.0,5,0,0,14,0,1,0,0,12,0,1159.79
25,22,7,3,93,4,23,466,258,13796.0,9,26,11,2,7,12,601,32,6,57,4875.46
0,4,0,34,0,0,0,783,0,22.0,19,0,0,11,0,0,0,0,10,1,461.42
4,7,0,44,0,0,0,433,36,102.0,13,2,1,6,2,0,40,0,6,5,1548.61
0,2,0,50,0,0,0,675,0,527.0,9,0,0,19,0,0,0,0,18,0,96.1
0,6,0,70,0,0,0,369,0,8.0,13,0,0,10,0,0,0,0,19,2,1851.86
1,7,0,41,0,0,0,580,0,1339.0,8,0,0,11,0,0,0,0,17,0,765.17
0,0,0,9,0,0,0,282,0,648.0,11,0,0,19,0,0,0,0,14,0,169.53
0,7,0,73,0,0,0,48,0,125.0,14,0,1,12,0,0,0,0,20,0,554.32
8,25,0,27,0,0,0,243,134,4237.0,7,1,0,6,2,7,162,0,4,23,1857.36
1,5,0,51,0,0,0,659,0,644.0,8,0,0,16,1,0,0,0,12,1,429.17
2,10,0,39,0,0,0,529,0,1010.0,4,0,0,13,0,0,0,0,15,0,776.48
6,7,0,31,0,0,0,517,0,3447.0,3,0,0,14,1,0,0,0,14,1,1431.85
2,2,0,74,0,0,0,253,0,1385.0,16,0,1,11,0,0,0,0,5,0,372.51
20,18,0,11,16,0,0,471,238,16637.0,6,6,1,5,3,8,290,0,5,75,2589.3
2,8,0,70,4,0,0,299,56,1971.0,12,1,0,6,2,1,64,0,15,7,2031.22
5,3,0,80,0,0,0,39,0,834.0,12,0,1,13,1,0,0,0,20,0,290.12
3,0,0,74,0,0,0,253,0,1385.0,16,0,0,12,0,0,0,0,6,0,396.54
8,20,0,35,0,0,0,320,20,2826.0,7,1,0,8,1,0,24,0,15,14,1283.64
0,0,0,9,0,0,0,683,0,628.0,9,0,0,19,0,0,0,0,16,0,198.08
8,18,0,27,0,0,0,205,4,653.0,6,1,1,9,1,1,4,0,4,7,1266.1
0,3,0,76,0,0,0,124,0,129.0,10,0,0,16,0,0,0,0,8,0,246.94
0,0,0,66,0,0,0,621,0,461.0,11,0,0,18,0,0,0,0,22,0,232.38
0,2,0,50,0,0,0,540,0,165.0,11,0,0,21,0,0,0,0,21,0,76.07
2,4,0,32,0,0,0,645,0,762.0,5,0,0,15,0,0,0,0,14,1,1141.29
0,0,0,80,0,0,0,4,0,1463.0,18,0,0,18,0,0,0,0,27,0,204.18
1,2,0,82,0,0,0,561,0,14.0,8,0,0,15,0,0,0,0,19,0,184.15
1,0,0,32,0,0,0,683,0,628.0,9,0,0,19,1,0,0,0,16,0,797.1
0,4,0,90,0,0,0,248,0,206.0,14,0,0,17,0,0,0,0,8,0,183.91
0,2,0,31,0,0,0,685,0,140.0,7,0,0,17,0,0,0,0,16,0,1249.41
4,3,0,17,0,0,0,643,0,2288.0,4,0,0,14,1,0,0,0,12,0,1486.43
2,5,0,81,0,0,0,528,0,364.0,5,0,0,14,1,0,0,0,16,0,355.92
11,11,0,89,0,0,0,338,4,2777.0,9,0,0,9,2,0,4,0,17,2,816.96
1,11,0,64,0,0,0,652,0,1430.0,6,0,1,14,0,0,0,0,10,1,361.33
0,0,0,40,0,0,0,152,0,1021.0,13,0,0,19,0,0,0,0,12,0,291.31
0,6,0,33,0,0,0,366,4,605.0,14,0,0,9,2,1,4,0,18,2,207.69
2,19,0,17,0,0,0,221,4,5752.0,3,0,0,10,1,1,4,0,8,2,1737.27
0,2,0,50,0,0,0,495,0,463.0,9,0,0,19,0,0,0,0,20,0,110.74
33,16,4,95,40,2,2,461,475,15901.0,6,19,7,4,3,21,649,8,9,27,3715.88
2,6,0,44,0,0,0,433,20,102.0,14,1,2,6,1,0,24,0,6,3,1348.16
1,22,0,27,0,0,0,171,16,2496.0,9,1,0,8,1,1,16,0,2,1,1478.81
7,11,0,36,8,0,0,304,137,1190.0,11,2,0,5,1,1,153,0,14,12,1244.61
0,2,0,39,0,0,0,561,0,14.0,8,0,0,15,0,0,0,0,19,0,689.75
0,11,0,76,0,0,0,159,0,666.0,9,0,0,14,0,0,0,0,7,0,339.25
1,9,0,39,0,0,0,585,0,1045.0,7,0,0,11,0,0,0,0,16,1,825.23
0,1,0,66,0,0,0,612,0,366.0,12,0,0,21,0,0,0,0,23,0,189.27
0,3,0,51,0,0,0,625,0,90.0,6,0,0,15,0,0,0,0,12,1,356.96
2,6,0,39,0,0,0,576,0,143.0,6,0,0,13,0,0,0,0,17,0,761.77
1,1,0,66,0,0,0,592,0,539.0,12,0,0,20,0,0,0,0,23,0,190.75
5,4,0,41,0,1,0,704,8,1460.0,4,1,0,10,1,1,8,0,14,9,1158.67
0,6,0,70,0,0,0,375,0,161.0,13,0,0,10,0,0,0,0,19,2,1710.04
2,11,0,81,0,0,0,531,0,2126.0,4,0,0,13,1,0,0,0,15,1,399.86
8,17,0,35,0,0,0,312,40,4912.0,7,1,0,7,1,0,44,0,14,26,1277.18
0,2,0,74,0,0,0,779,0,156.0,18,0,0,12,0,0,0,0,7,0,364.14
0,1,0,34,0,0,0,792,0,100.0,19,0,0,10,0,1,0,0,12,0,452.44
4,3,0,68,0,0,0,766,4,1685.0,16,0,0,7,0,1,4,0,8,0,875.97
11,15,1,100,118,1,40,296,235,11327.0,10,3,1,2,1,7,589,12,11,69,2329.77
1,4,0,51,0,0,0,659,0,644.0,8,0,0,16,1,0,0,0,12,0,430.48
0,2,0,51,0,0,0,662,0,476.0,7,0,0,16,0,0,0,0,13,1,386.32
9,13,0,85,0,0,0,213,92,12462.0,5,2,1,7,2,5,100,0,6,50,2777.4
0,1,0,0,0,0,0,74,0,27.0,20,0,0,17,0,0,0,0,26,0,640.83
3,8,0,67,0,0,0,657,0,750.0,7,0,0,15,0,0,0,0,10,1,1218.28
1,13,0,76,0,0,0,235,0,165.0,7,0,0,12,0,0,0,0,7,0,296.82
0,7,0,107,0,0,0,765,0,52.0,14,0,0,7,1,0,4,0,6,1,873.55
0,1,0,33,0,0,0,389,0,668.0,15,0,0,9,0,0,0,0,18,1,189.59
7,11,0,85,0,0,0,218,24,12029.0,5,0,0,8,1,1,24,0,5,15,2399.84
13,19,1,85,4,1,0,215,144,16670.0,5,3,2,6,1,5,164,0,6,75,2976.33
0,3,0,51,0,0,0,637,0,708.0,7,0,0,16,0,0,0,0,13,1,358.91
2,6,0,94,0,0,0,515,0,3053.0,4,0,0,14,1,0,0,0,15,1,450.55
3,7,0,74,0,0,0,755,4,1508.0,15,0,0,10,1,0,4,0,5,0,423.11
2,15,0,64,0,0,0,211,0,2075.0,6,0,1,12,0,0,0,0,8,1,389.32
6,16,0,75,0,0,0,200,0,1033.0,5,0,0,10,1,0,0,0,6,5,773.39
0,8,0,79,0,0,0,156,0,587.0,10,0,0,14,0,0,0,0,7,0,776.56
21,19,2,98,24,1,0,443,355,15646.0,5,7,5,5,4,54,419,8,7,37,2921.8
1,6,0,69,0,0,0,83,0,730.0,13,0,2,15,0,0,0,0,5,0,259.69
0,0,0,74,0,0,0,737,0,144.0,22,0,0,15,0,0,0,0,12,0,326.18
0,2,0,40,0,0,0,128,0,720.0,11,0,0,18,0,0,0,0,12,0,233.03
8,18,0,35,0,0,0,324,32,3970.0,6,2,0,8,1,1,36,0,14,34,1358.89
0,2,0,0,0,0,0,814,0,81.0,22,0,0,18,0,0,0,0,27,0,421.62
0,0,0,50,0,0,0,547,0,185.0,11,0,0,20,0,0,0,0,22,0,92.39
2,9,0,39,0,0,0,575,0,1347.0,6,0,0,13,0,0,0,0,17,0,753.87
5,11,0,52,0,1,0,706,20,524.0,4,1,1,9,1,1,20,0,14,20,2260.9
0,1,0,66,0,0,0,622,0,315.0,9,0,0,16,0,0,0,0,20,0,199.17
3,15,0,64,0,0,0,211,0,2075.0,6,0,0,12,1,0,0,0,7,1,445.43
2,18,0,19,0,0,0,95,0,520.0,9,0,1,10,0,0,0,0,2,1,520.79
3,9,0,39,0,0,0,573,0,2026.0,5,0,0,13,0,0,0,0,16,0,840.55
5,14,0,52,0,0,0,323,20,1410.0,5,0,1,9,0,1,20,0,14,20,2308.69
1,2,0,68,0,0,0,791,0,1825.0,18,0,1,9,0,0,0,0,10,0,641.53
0,7,0,70,0,0,0,369,0,8.0,13,0,0,10,0,0,0,0,19,2,1632.48
3,22,0,17,0,0,0,220,8,5671.0,3,0,0,9,1,0,8,0,8,11,1917.85
9,14,1,26,20,0,0,292,407,4475.0,10,3,5,3,3,9,481,4,13,56,2368.24
34,13,5,1,89,6,7,453,210,36545.0,8,15,13,2,5,36,637,22,11,39,4769.21
5,11,1,18,4,0,1,418,385,16309.0,11,3,0,4,1,5,461,0,6,19,2226.56
0,12,0,83,0,0,0,162,0,508.0,10,0,0,14,0,0,0,0,6,0,256.84
8,25,0,27,0,1,0,245,20,3381.0,7,0,2,8,0,0,20,0,3,7,1384.91
5,10,0,89,0,0,0,325,4,6138.0,11,1,3,9,1,0,4,0,17,3,803.75
1,6,0,69,0,0,0,117,0,1281.0,14,0,0,14,0,0,0,0,4,0,210.24
0,17,0,76,0,0,0,158,0,233.0,10,0,0,13,0,0,0,0,6,0,304.98
27,17,8,52,36,6,0,344,463,4251.0,6,19,7,4,4,24,557,4,11,39,3453.18
21,15,3,85,16,1,0,471,305,16637.0,6,6,3,5,2,15,361,0,5,72,3360.14
0,6,0,83,0,0,0,88,0,89.0,12,0,0,15,0,0,0,0,6,0,222.42
7,7,0,94,0,0,0,638,0,9811.0,3,0,2,13,1,0,0,0,12,0,447.97
5,25,1,19,0,0,0,245,32,3381.0,8,0,0,8,1,0,32,0,2,8,702.31
0,4,0,79,0,0,0,148,0,849.0,11,0,0,16,0,0,0,0,8,0,639.31
0,1,0,31,0,0,0,685,0,140.0,7,0,0,18,0,0,0,0,16,0,950.46
2,9,0,81,0,0,0,529,0,1010.0,4,0,0,13,0,0,0,0,16,0,442.11
7,23,0,27,0,0,0,230,0,531.0,8,1,0,9,2,0,0,0,3,2,1238.98
8,13,2,24,0,0,0,329,32,3341.0,10,1,1,7,0,1,32,0,16,5,1492.12
0,0,0,65,0,0,0,64,0,701.0,13,0,0,18,0,0,0,0,24,0,194.88
8,4,0,52,0,1,0,704,12,1460.0,3,1,0,10,1,1,12,0,14,15,2225.42
0,3,0,90,0,0,0,90,0,257.0,13,0,0,16,0,0,0,0,8,0,201.01
1,10,0,39,0,0,0,585,0,1045.0,7,0,0,11,0,0,0,0,17,0,856.99
8,15,1,24,0,0,0,329,40,3341.0,10,3,1,7,0,1,40,0,15,9,1386.18
2,9,0,39,0,0,0,529,0,1010.0,4,0,0,13,0,0,0,0,16,0,825.26
4,12,0,14,4,0,0,169,0,5303.0,13,0,0,8,0,0,4,0,3,0,1941.38
4,3,0,35,0,0,0,36,0,2298.0,10,0,1,11,2,0,0,0,18,0,1089.03
0,1,0,74,0,0,0,780,0,3865.0,18,0,0,13,0,0,0,0,8,0,442.66
26,11,3,1,20,2,2,339,422,3083.0,7,21,3,4,3,40,496,8,12,45,4155.93
0,9,0,76,0,0,0,132,0,775.0,8,0,0,14,0,0,0,0,8,0,336.78
20,12,2,84,268,2,70,307,144,2841.0,9,5,12,1,7,28,633,62,10,55,4254.93
0,7,0,90,0,0,0,161,0,299.0,11,0,0,15,0,0,0,0,7,0,210.91
2,1,0,68,0,0,0,788,0,543.0,18,0,0,9,0,0,0,0,11,0,592.82
0,0,0,32,0,0,0,683,0,628.0,10,0,0,19,0,0,0,0,16,0,894.85
0,1,0,0,0,0,0,379,0,13.0,18,0,0,14,2,0,0,0,23,0,564.62
0,12,0,14,0,0,0,191,4,977.0,11,0,0,9,0,0,4,0,0,1,2048.89
18,15,1,100,40,0,0,293,385,6843.0,9,5,0,3,3,7,529,8,12,63,1896.02
1,1,0,50,0,0,0,507,0,94.0,10,0,0,19,0,0,0,0,21,0,91.89
1,11,0,51,0,0,0,652,0,1430.0,6,0,1,14,0,0,0,0,10,1,410.3
5,7,1,107,0,0,0,431,80,1701.0,13,1,3,5,2,0,80,0,7,8,1156.55
1,4,0,81,0,0,0,499,0,607.0,7,0,0,16,0,0,0,0,18,0,357.83
0,0,0,51,0,0,0,284,0,668.0,10,0,0,18,0,0,0,0,14,0,309.15
0,0,0,65,0,0,0,60,0,635.0,13,0,0,17,0,0,0,0,23,0,139.98
0,1,0,66,0,0,0,548,0,232.0,11,0,0,21,0,0,0,0,22,0,185.5
0,4,0,33,0,0,0,405,0,1086.0,16,0,0,10,0,0,0,0,19,1,187.49
0,0,0,9,0,0,0,683,0,628.0,9,0,0,19,0,0,0,0,16,0,151.89
2,3,0,34,0,0,0,761,0,40.0,19,0,0,11,0,0,0,0,10,1,396.19
18,23,0,85,4,1,0,721,105,10778.0,3,5,0,6,4,19,125,0,8,62,2900.38
1,13,0,17,0,0,0,655,0,1165.0,5,0,0,13,1,1,0,0,10,0,1487.01
0,2,0,66,0,0,0,611,0,2.0,9,0,0,17,0,0,0,0,20,0,203.26
11,25,0,98,8,0,0,446,283,16032.0,4,8,4,5,1,47,343,4,8,30,2917.11
2,12,0,19,0,0,0,190,4,118.0,11,0,0,10,1,0,4,0,1,1,550.23
0,2,0,31,0,0,0,685,0,140.0,7,0,0,17,0,0,0,0,16,0,1257.94
6,4,0,35,0,0,0,35,0,5842.0,10,0,2,10,1,0,0,0,18,1,992.79
5,4,0,71,0,0,0,34,0,2043.0,12,0,0,11,1,0,0,0,19,0,1164.66
4,3,0,107,0,0,0,410,52,1781.0,14,0,0,5,3,1,52,0,8,6,1069.69
2,6,0,69,0,0,0,118,0,2183.0,15,0,0,13,1,0,0,0,4,0,248.92
1,11,0,64,0,0,0,135,0,197.0,7,0,0,14,1,0,0,0,9,1,296.34
14,22,0,85,16,0,0,447,272,26319.0,5,3,1,5,2,12,316,0,6,75,3268.54
0,4,0,90,0,0,0,145,0,371.0,13,0,0,17,0,0,0,0,9,0,226.38
5,2,0,68,0,0,0,427,0,2020.0,16,0,0,7,0,0,0,0,8,0,751.54
0,4,0,33,0,0,0,406,0,19.0,16,0,0,10,0,0,0,0,19,1,192.39
1,0,0,66,0,0,0,597,0,430.0,14,0,0,21,0,0,0,0,25,0,230.38
1,4,0,71,0,0,0,32,0,2626.0,11,0,1,12,0,0,0,0,19,0,1247.74
0,0,0,50,0,0,0,547,0,185.0,11,0,0,20,0,0,0,0,22,0,92.46
0,2,0,74,0,0,0,779,0,156.0,17,0,0,12,0,0,0,0,7,0,446.47
0,3,0,0,0,0,0,377,0,32.0,17,0,1,13,0,0,0,0,22,0,579.33
2,2,0,71,0,0,0,13,0,1229.0,14,0,1,15,0,0,0,0,23,0,822.88
0,1,0,82,0,0,0,510,0,352.0,8,0,0,18,0,0,0,0,19,0,166.45
0,5,0,37,0,0,0,147,0,751.0,11,0,0,16,0,0,0,0,8,0,112.17
35,14,2,8,32,1,1,441,474,29434.0,6,16,3,4,5,52,629,8,7,42,3414.92
2,16,0,17,0,0,0,726,8,11342.0,2,0,0,10,1,0,8,0,9,6,1784.39
0,0,0,80,0,0,0,3,0,475.0,17,0,0,18,0,0,0,0,26,0,281.78
0,1,0,71,0,0,0,26,0,695.0,15,0,0,16,1,0,0,0,24,0,936.91
1,12,0,17,0,0,0,655,0,1165.0,6,0,1,14,0,0,0,0,10,1,1514.69
1,6,0,74,0,0,0,754,0,848.0,16,0,0,11,0,0,0,0,6,0,460.78
2,7,0,81,0,0,0,505,0,170.0,6,0,0,14,1,0,0,0,17,0,475.21
0,3,0,0,0,0,0,70,0,38.0,17,0,0,14,0,0,0,0,23,0,569.64
2,5,0,67,0,0,0,143,0,891.0,10,0,0,17,0,0,0,0,11,0,1136.87
0,0,0,80,0,0,0,3,0,475.0,18,0,0,18,0,0,0,0,26,0,197.6
1,0,0,65,0,0,0,65,0,1089.0,14,0,0,19,0,0,0,0,24,0,166.83
2,1,0,67,0,0,0,664,0,14.0,8,0,0,17,0,0,0,0,13,0,1162.62
0,0,0,66,0,0,0,597,0,430.0,14,0,1,21,0,0,0,0,25,0,177.89
4,5,0,94,0,0,0,639,0,5043.0,3,0,0,14,1,1,0,0,13,0,504.05
2,1,0,71,0,0,0,11,0,516.0,13,0,0,14,1,0,0,0,22,0,765.04
1,16,0,75,0,0,0,232,0,1664.0,8,0,0,11,0,0,0,0,4,1,663.1
15,16,1,26,28,0,0,292,399,4475.0,10,4,0,3,4,9,513,4,12,59,2320.32
19,8,2,52,8,0,0,347,64,3707.0,5,2,2,7,2,16,80,0,12,58,2764.7
1,1,0,66,0,0,0,508,0,325.0,9,0,0,18,0,0,0,0,20,0,214.26
3,6,0,72,4,0,0,194,20,5574.0,12,0,0,7,1,0,24,0,3,4,729.88
3,5,0,19,0,0,0,118,0,2183.0,14,0,0,12,1,0,0,0,3,0,436.59
3,23,0,19,0,0,0,229,0,1386.0,8,1,0,9,1,1,0,0,2,1,512.69
1,5,0,0,0,0,0,383,0,107.0,15,0,0,12,1,0,0,0,21,0,609.22
10,11,1,36,4,0,0,358,120,4080.0,9,7,0,5,3,5,144,0,14,43,1288.58
4,8,0,35,0,0,0,332,4,2086.0,9,1,1,10,2,0,4,0,17,1,1101.68
36,16,4,96,40,3,2,457,480,5039.0,5,17,10,4,2,18,617,12,10,27,3588.15
24,10,3,78,16,2,2,339,400,3083.0,7,18,6,4,2,30,474,8,12,54,2644.11
5,24,1,19,0,0,0,245,32,3381.0,8,0,0,8,1,0,32,0,2,9,714.45
0,0,0,66,0,0,0,620,0,3.0,11,0,0,17,0,0,0,0,22,0,203.28
0,1,0,31,0,0,0,678,0,272.0,10,0,0,20,0,0,0,0,19,0,263.33
1,18,0,75,0,0,0,232,0,1664.0,9,0,0,11,0,0,0,0,4,1,617.87
1,0,0,66,0,0,0,600,0,378.0,13,0,0,20,0,0,0,0,24,0,236.88
5,10,1,36,0,0,0,355,56,3972.0,11,4,1,6,2,1,64,0,15,9,1189.21
3,3,0,69,0,0,0,78,0,1133.0,13,0,0,14,1,0,0,0,4,0,244.75
0,2,0,40,0,0,0,129,0,285.0,12,0,0,19,0,0,0,0,12,0,218.23
8,5,2,18,4,0,1,177,146,11754.0,12,0,1,5,2,2,158,0,5,14,1534.64
34,22,4,98,40,0,1,462,475,11443.0,5,15,5,4,6,20,579,4,9,27,3229.69
1,4,0,39,0,0,0,574,0,855.0,6,0,0,14,0,0,0,0,17,0,784.6
6,10,0,24,0,0,0,326,4,2082.0,10,0,1,9,1,0,4,0,17,2,1242.7
1,0,0,66,0,0,0,597,0,430.0,14,0,0,21,0,0,0,0,25,0,171.98
2,3,0,32,0,0,0,643,0,2288.0,4,0,0,14,0,1,0,0,12,0,1035.16
10,12,0,85,0,0,0,219,92,23564.0,5,2,1,7,1,6,104,0,6,46,2782.54
0,3,0,90,0,0,0,248,0,206.0,14,0,0,17,0,0,0,0,8,0,164.38
3,3,0,71,0,0,0,14,0,2118.0,12,0,0,13,2,0,0,0,20,0,968.88
0,3,0,0,0,0,0,70,0,38.0,18,0,0,14,0,0,0,0,24,0,551.92
1,2,0,39,0,0,0,42,0,469.0,10,0,0,12,0,0,0,0,19,0,762.73
16,24,1,52,8,3,0,729,133,4719.0,3,5,6,6,1,26,165,4,10,41,2943.14
3,4,0,89,0,0,0,43,0,2260.0,10,0,1,12,1,0,0,0,19,0,734.28
0,1,0,50,0,0,0,541,0,396.0,12,0,0,22,0,0,0,0,22,0,102.55
2,7,0,51,0,0,0,628,0,1243.0,6,0,0,14,1,0,0,0,11,1,458.11
0,5,0,37,0,0,0,147,0,751.0,11,0,0,16,0,0,0,0,8,0,112.2
7,12,0,17,0,0,0,723,4,8517.0,1,0,1,11,2,0,4,0,11,0,1709.3
5,14,0,35,0,0,0,336,16,1390.0,8,1,0,8,2,0,16,0,15,7,1101.19
1,11,0,34,0,0,0,750,4,1061.0,16,0,0,9,0,0,4,0,6,0,561.27
0,1,0,40,0,0,0,287,0,689.0,10,0,0,18,0,0,0,0,13,0,260.04
0,0,0,65,0,0,0,67,0,387.0,12,0,0,18,0,0,0,0,23,0,142.56
3,20,0,85,0,2,0,719,48,13029.0,3,2,4,7,0,9,56,0,8,52,2450.38
35,16,10,2,44,4,0,459,438,13220.0,6,9,10,4,6,21,593,16,11,34,3863.08
0,3,0,90,0,0,0,248,0,206.0,14,0,0,17,0,0,0,0,8,0,159.47
5,8,0,73,0,0,0,37,0,138.0,12,0,0,11,1,0,0,0,19,1,630.26
0,2,0,34,0,0,0,738,0,367.0,21,0,0,14,0,0,0,0,12,0,427.7
7,15,0,24,0,0,0,329,36,3341.0,10,4,3,7,0,0,36,0,15,8,1340.35
0,4,0,79,0,0,0,157,0,1497.0,10,0,0,15,0,0,0,0,8,0,659.0
0,3,0,37,0,0,0,122,0,528.0,11,0,0,17,0,0,0,0,9,0,105.62
4,7,1,44,0,0,0,431,72,1701.0,14,1,2,5,2,1,72,0,7,7,1560.32
1,6,0,67,0,0,0,665,0,128.0,7,0,1,15,0,0,0,0,11,1,1216.64
2,13,0,17,0,0,0,208,0,5794.0,5,0,0,11,0,0,0,0,7,2,1655.83
0,2,0,79,0,0,0,123,0,203.0,11,0,0,17,0,0,0,0,10,0,647.89
7,6,0,17,0,0,0,638,0,9811.0,3,0,0,13,2,0,0,0,12,0,1536.19
27,12,2,84,308,2,58,450,144,9274.0,8,19,15,2,8,38,661,43,10,37,4199.33
0,0,0,67,0,0,0,281,0,875.0,11,0,0,19,0,0,0,0,14,0,1106.83
3,25,0,17,0,1,0,719,32,13029.0,2,1,1,8,0,1,36,0,8,29,2032.32
2,13,0,91,0,0,0,420,415,8.0,13,0,0,3,1,3,439,0,9,18,4842.5
4,18,0,17,0,0,0,225,0,2523.0,4,0,0,10,1,0,0,0,7,3,1681.71
0,3,0,31,0,0,0,673,0,262.0,9,0,0,19,0,0,0,0,18,0,1233.67
14,15,0,28,4,0,0,689,20,6724.0,1,2,1,9,2,6,24,0,11,19,2062.7
0,2,0,37,0,0,0,153,0,753.0,12,0,0,18,0,0,0,0,10,0,119.58
1,4,0,70,0,0,0,397,8,1716.0,12,1,0,8,2,0,8,0,17,2,1957.33
0,3,0,0,0,0,0,384,0,12.0,17,0,0,13,2,0,0,0,22,0,571.97
0,6,0,90,0,0,0,161,0,299.0,10,0,0,15,0,0,0,0,8,0,217.15
0,1,0,50,0,0,0,536,0,14.0,13,0,0,22,0,0,0,0,23,0,88.71
0,2,0,34,0,0,0,742,0,1442.0,21,0,0,13,0,0,0,0,12,0,543.98
2,1,0,19,0,0,0,96,0,277.0,12,0,0,12,0,0,0,0,2,0,518.45
0,0,0,66,0,0,0,595,0,151.0,13,0,0,21,0,0,0,0,24,0,194.15
2,8,0,34,0,0,0,746,0,1135.0,18,0,0,10,0,0,0,0,8,1,469.42
16,14,2,52,8,0,0,351,60,2884.0,4,5,1,7,1,17,80,0,11,51,2945.39
1,3,0,32,0,0,0,651,0,1505.0,4,0,0,14,0,1,0,0,13,0,1089.9
0,0,0,9,0,0,0,274,0,445.0,12,0,0,21,0,0,0,0,18,0,150.05
0,6,0,35,0,0,0,583,0,244.0,9,0,0,12,0,0,0,0,18,0,952.68
8,14,0,35,0,0,0,338,12,2777.0,9,0,0,8,2,0,12,0,16,7,1157.68
3,4,0,67,0,0,0,141,0,449.0,8,0,0,15,1,0,0,0,10,0,1151.66
4,11,1,78,8,0,0,359,132,5598.0,10,4,2,5,1,2,144,0,14,13,1643.98
12,14,0,27,0,0,0,219,92,23564.0,5,2,0,6,3,5,100,0,5,38,1823.91
3,5,0,31,0,0,0,639,0,5043.0,4,0,0,14,1,1,0,0,13,0,1364.78
1,7,0,74,0,0,0,750,0,1061.0,16,0,0,10,0,0,0,0,6,0,412.48
3,1,0,69,0,0,0,81,0,680.0,12,0,0,13,2,0,0,0,4,0,214.34
4,7,0,39,0,0,0,711,4,531.0,4,0,0,12,2,0,4,0,15,0,977.18
2,2,0,107,0,0,0,427,4,2020.0,15,1,0,7,0,0,4,0,8,0,895.73
3,5,0,14,4,0,0,194,4,5574.0,13,0,0,7,1,0,8,0,4,1,1957.37
0,3,0,90,0,0,0,248,0,206.0,14,0,0,17,0,0,0,0,8,0,159.47
3,10,0,91,44,2,11,421,296,686.0,11,10,3,2,2,5,581,0,8,26,5377.18
0,0,0,66,0,0,0,589,0,599.0,12,0,0,20,0,0,0,0,23,0,257.39
0,1,0,82,0,0,0,510,0,352.0,8,0,0,17,0,0,0,0,18,0,194.93
1,5,0,107,0,0,0,767,4,490.0,15,0,0,7,1,1,4,0,7,1,988.62
0,1,0,50,0,0,0,495,0,463.0,9,0,0,19,0,0,0,0,20,0,120.27
0,2,0,31,0,0,0,648,0,736.0,6,0,0,16,0,0,0,0,15,1,1025.82
0,6,0,79,0,0,0,161,0,299.0,10,0,0,15,0,0,0,0,7,0,822.2
0,1,0,67,0,0,0,126,0,1131.0,12,0,0,19,0,0,0,0,13,0,1347.57
3,4,0,69,0,0,0,118,0,2183.0,14,0,0,12,0,0,0,0,3,0,231.98
0,1,0,31,0,0,0,492,0,338.0,9,0,0,19,0,0,0,0,19,0,903.2
0,0,0,67,0,0,0,282,0,648.0,11,0,0,19,0,0,0,0,14,0,1157.84
0,2,0,34,0,0,0,786,0,226.0,21,0,0,13,0,0,0,0,11,0,427.08
0,6,0,83,0,0,0,79,0,777.0,12,0,1,14,0,0,0,0,4,0,247.41
0,2,0,40,0,0,0,154,0,562.0,12,0,0,19,0,0,0,0,12,0,216.08
9,16,9,91,179,14,37,482,115,7658.0,9,15,14,1,9,13,625,56,7,54,6193.84
0,0,0,33,0,0,0,824,0,764.0,19,0,0,13,0,0,0,0,22,0,222.06
0,2,0,31,0,0,0,526,0,537.0,6,0,0,16,0,0,0,0,16,0,995.28
0,2,0,50,0,0,0,550,0,94.0,11,0,0,21,0,0,0,0,21,0,115.73
0,3,0,90,0,0,0,148,0,849.0,11,0,0,17,0,0,0,0,9,0,181.48
0,4,0,32,0,0,0,625,0,90.0,6,0,0,16,0,0,0,0,13,1,945.71
3,14,1,25,0,0,0,356,52,2904.0,10,2,0,6,0,2,56,0,15,9,1287.16
0,4,0,37,0,0,0,146,0,665.0,12,0,0,17,0,0,0,0,9,0,100.61
0,4,0,77,0,0,0,109,0,550.0,14,0,0,17,0,0,0,0,7,0,201.62
0,0,0,66,0,0,0,62,0,430.0,12,0,0,18,0,0,0,0,23,0,210.19
0,14,0,76,0,0,0,135,0,197.0,7,0,0,13,0,0,0,0,8,1,266.65
2,4,0,31,0,0,0,645,0,762.0,5,0,0,15,0,0,0,0,14,1,1028.41
2,21,0,27,0,0,0,233,0,1076.0,9,1,0,9,0,1,0,0,2,1,1049.67
6,16,0,17,0,0,0,201,0,2310.0,5,0,0,10,1,0,0,0,6,6,1578.82
0,3,0,77,0,0,0,79,0,777.0,12,0,1,14,0,0,0,0,4,0,221.53
0,0,0,66,0,0,0,595,0,151.0,13,0,0,22,0,0,0,0,24,0,187.67
2,3,0,68,0,0,0,423,16,3164.0,14,1,0,6,1,1,16,0,8,1,995.91
0,8,0,69,0,0,0,106,0,54.0,15,0,0,15,0,0,0,0,5,0,261.88
4,0,0,69,0,0,0,80,0,878.0,12,0,0,12,2,0,0,0,3,0,220.63
6,11,0,44,12,0,0,415,442,808.0,12,1,2,3,4,5,510,0,7,21,1985.27
3,6,0,19,0,0,0,97,0,1285.0,11,0,0,12,0,0,0,0,3,0,505.23
0,5,0,39,0,0,0,563,0,6.0,9,0,0,13,0,0,0,0,19,0,723.16
1,7,0,72,0,0,0,193,0,509.0,14,0,0,7,1,0,4,0,5,0,587.94
0,2,0,34,0,0,0,794,0,1205.0,20,0,0,11,0,0,0,0,11,1,476.06
0,2,0,40,0,0,0,119,0,1.0,10,0,0,17,0,0,0,0,10,0,260.56
6,20,0,35,0,0,0,312,28,4912.0,7,1,0,8,1,0,32,0,15,19,1265.15
0,0,0,50,0,0,0,539,0,40.0,12,0,0,22,0,0,0,0,22,0,90.0
0,9,0,64,0,0,0,132,0,775.0,8,0,0,14,0,0,0,0,8,0,356.16
0,1,0,37,0,0,0,155,0,357.0,13,0,0,18,0,0,0,0,11,0,104.21
6,5,0,94,0,0,0,517,0,3447.0,4,0,0,14,1,0,0,0,14,1,367.69
0,0,0,65,0,0,0,53,0,683.0,15,0,0,21,0,0,0,0,26,0,130.22
2,3,0,67,0,0,0,140,0,57.0,9,0,0,17,0,0,0,0,12,0,1193.94
13,22,0,98,4,2,0,721,76,10778.0,3,3,0,7,2,14,88,0,8,59,2444.99
1,2,0,51,0,0,0,625,0,90.0,6,0,0,15,0,0,0,0,13,1,292.05
0,2,0,31,0,0,0,686,0,539.0,8,0,0,19,0,0,0,0,18,0,1242.02
3,17,0,27,0,0,0,227,0,245.0,9,0,0,10,0,0,0,0,3,1,1137.78
2,4,0,32,0,0,0,624,0,918.0,5,0,0,14,0,1,0,0,12,0,1202.17
18,20,2,85,8,1,0,215,203,16670.0,5,3,1,6,2,9,235,0,6,73,3285.92
3,3,0,107,0,0,0,422,0,3141.0,16,0,0,7,0,0,0,0,8,0,900.5
13,20,0,28,4,0,0,693,24,3331.0,1,1,2,9,1,2,28,0,10,26,2150.26
0,10,0,83,0,0,0,162,0,508.0,10,0,0,14,0,0,0,0,6,0,244.58
0,1,0,50,0,0,0,509,0,455.0,10,0,0,19,0,0,0,0,21,0,110.42
9,13,0,28,0,0,0,702,4,2554.0,0,0,0,10,1,0,8,0,11,10,2095.76
0,3,0,0,0,0,0,381,0,1753.0,16,0,1,12,1,0,0,0,21,0,787.19
25,14,3,78,20,1,2,339,434,3083.0,7,22,3,4,3,40,504,8,12,45,2621.75
0,0,0,74,0,0,0,740,0,986.0,22,0,0,15,0,0,0,0,12,0,309.14
1,5,0,33,0,0,0,388,4,564.0,14,0,0,8,2,1,4,0,18,2,206.82
2,1,0,80,0,0,0,11,0,516.0,13,0,1,14,1,0,0,0,21,0,272.99
4,5,0,17,0,0,0,639,0,5043.0,4,0,0,14,1,1,0,0,13,0,1622.04
0,3,0,82,0,0,0,514,0,3039.0,6,0,0,16,0,0,0,0,16,0,192.53
0,4,0,32,0,0,0,625,0,90.0,6,0,0,16,0,0,0,0,13,1,926.33
1,7,0,35,0,0,0,580,0,1339.0,8,0,0,11,0,0,0,0,17,0,941.66
0,3,0,82,0,0,0,502,0,118.0,7,0,0,16,0,0,0,0,19,0,164.74
9,9,2,78,20,0,0,357,296,4977.0,9,5,1,5,3,5,336,0,13,58,2200.44
0,1,0,50,0,0,0,495,0,463.0,9,0,0,19,0,0,0,0,20,0,109.86
2,6,0,69,0,0,0,118,0,2183.0,15,0,0,13,1,0,0,0,4,0,246.89
0,1,0,9,0,0,0,266,0,1228.0,9,0,0,18,0,0,0,0,14,0,172.3
0,0,0,9,0,0,0,257,0,716.0,11,0,0,20,0,0,0,0,15,0,148.3
6,8,2,26,110,1,47,306,266,4318.0,11,1,1,2,3,9,577,8,11,46,2455.8
0,1,0,9,0,0,0,636,0,1211.0,8,0,0,18,0,0,0,0,15,0,179.84
0,7,0,81,0,0,0,574,0,855.0,6,0,0,14,0,0,0,0,17,0,480.59
0,0,0,66,0,0,0,587,0,515.0,12,0,0,20,0,0,0,0,23,0,230.07
0,2,0,40,0,0,0,123,0,203.0,11,0,0,17,0,0,0,0,10,0,226.38
0,0,0,66,0,0,0,621,0,461.0,12,0,0,18,0,0,0,0,23,0,230.73
0,12,0,64,0,0,0,132,0,775.0,7,0,0,14,0,0,0,0,8,0,450.8
0,3,0,0,0,0,0,70,0,38.0,17,0,0,14,0,0,0,0,23,0,576.82
0,2,0,74,0,0,0,779,0,156.0,18,0,0,11,0,0,0,0,7,0,365.13
37,19,8,8,109,2,1,437,292,29015.0,6,12,3,3,9,32,653,12,8,23,3865.21
19,13,3,52,8,0,0,346,86,4621.0,5,1,4,6,2,19,102,0,12,54,2895.08
0,7,0,72,0,0,0,433,4,102.0,14,1,1,7,1,0,4,0,6,2,654.29
0,0,0,9,0,0,0,274,0,445.0,11,0,0,21,0,0,0,0,17,0,154.88
2,3,0,34,0,0,0,761,0,40.0,18,0,0,10,0,0,0,0,9,1,393.83
7,12,1,44,4,2,0,417,416,3794.0,11,3,3,3,4,5,484,0,6,19,1996.92
10,5,2,44,4,0,0,181,124,8223.0,12,1,1,5,1,0,128,0,5,8,1654.23
6,14,0,25,0,0,0,329,36,3341.0,9,4,3,7,0,0,36,0,15,8,1337.69
0,17,0,83,0,0,0,238,0,1398.0,9,0,0,12,0,0,0,0,5,0,259.56
0,1,0,82,0,0,0,523,0,400.0,7,0,0,17,0,0,0,0,17,0,146.01
0,0,0,74,0,0,0,781,0,1658.0,19,0,0,13,0,0,0,0,9,0,355.35
2,5,0,67,0,0,0,140,0,57.0,9,0,0,17,0,0,0,0,12,0,1213.41
0,4,0,90,0,0,0,148,0,849.0,12,0,0,16,0,0,0,0,9,0,218.32
0,14,0,83,0,0,0,231,0,1182.0,9,0,1,11,0,0,0,0,3,1,281.52
4,17,0,64,0,0,0,658,0,1586.0,6,0,0,13,2,0,0,0,9,1,422.21
28,16,9,2,79,3,1,463,351,15107.0,6,22,8,3,3,24,657,16,9,28,3952.6
1,16,0,17,0,0,0,208,0,5794.0,4,0,0,10,1,0,0,0,7,3,1590.61
3,5,0,31,0,0,0,639,0,5043.0,4,0,0,14,1,1,0,0,13,0,1272.26
1,17,0,85,0,2,0,214,32,13304.0,3,0,1,8,0,4,36,0,7,25,2639.67
6,15,0,17,0,0,0,201,0,2310.0,5,0,0,10,2,0,0,0,6,3,1703.54
0,6,0,69,0,0,0,108,0,220.0,16,0,0,15,0,0,0,0,6,0,194.63
0,0,0,80,0,0,0,3,0,475.0,17,0,0,18,0,0,0,0,26,0,285.99
0,13,0,76,0,0,0,239,0,67.0,8,0,0,13,0,0,0,0,6,0,257.18
12,7,0,15,0,0,1,176,145,9638.0,10,3,3,5,0,1,161,4,4,15,2213.89
0,3,0,94,0,0,0,514,0,3039.0,5,0,0,15,0,0,0,0,16,0,401.86
0,1,0,80,0,0,0,24,0,783.0,15,0,0,16,1,0,0,0,24,0,230.65
7,23,0,27,0,0,0,247,44,1943.0,8,1,0,7,1,0,44,0,2,11,1645.88
0,0,0,40,0,0,0,278,0,455.0,12,0,0,20,0,0,0,0,14,0,225.45
0,6,0,69,0,0,0,108,0,220.0,16,0,0,15,0,0,0,0,6,0,194.08
6,11,0,17,0,0,0,725,4,9191.0,1,0,0,11,1,1,4,0,11,5,1761.77
1,4,0,26,4,0,0,291,355,115.0,13,2,0,3,0,1,375,0,13,14,1982.15
0,0,0,9,0,0,0,275,0,229.0,13,0,0,22,0,0,0,0,18,0,48.2
0,1,0,80,0,0,0,28,0,454.0,14,0,0,15,1,0,0,0,23,0,225.53
0,2,0,37,0,0,0,153,0,753.0,12,0,0,18,0,0,0,0,10,0,121.77
8,13,11,91,229,13,49,482,126,7658.0,10,12,19,1,10,12,629,52,7,54,6245.6
2,7,0,107,0,0,0,425,4,611.0,15,1,0,6,0,0,4,0,9,1,956.05
0,0,0,74,0,0,0,781,0,1658.0,19,0,0,13,0,0,0,0,8,0,363.81
0,1,0,50,0,0,0,535,0,562.0,12,0,0,22,0,0,0,0,23,0,88.78
2,22,0,27,0,0,0,172,20,892.0,9,1,0,8,0,0,20,0,1,2,1251.3
2,11,0,64,0,0,0,658,0,1586.0,6,0,0,14,1,0,0,0,9,1,357.04
8,21,0,85,4,2,0,216,56,10208.0,3,1,4,7,2,12,68,0,7,51,2519.1
0,0,0,9,0,0,0,267,0,485.0,10,0,0,19,0,0,0,0,16,0,152.14
2,6,0,73,0,0,0,398,24,1073.0,12,1,1,7,2,2,28,0,16,2,664.81
2,3,0,94,0,0,0,487,0,348.0,6,0,0,15,1,0,0,0,17,0,99.63
0,2,0,0,0,0,0,378,0,762.0,18,0,0,13,2,0,0,0,23,0,661.8
2,9,0,34,0,0,0,746,0,1135.0,17,0,0,9,0,0,0,0,8,1,516.13
0,15,0,35,0,0,0,337,4,5035.0,8,0,1,9,0,0,4,0,16,2,1183.91
9,15,1,52,4,0,0,348,138,2630.0,6,4,4,6,1,27,170,0,12,55,3027.24
10,10,0,24,0,0,0,326,0,2082.0,10,0,0,9,1,0,0,0,17,2,1218.52
2,4,0,81,0,0,0,499,0,607.0,7,0,0,15,0,0,0,0,18,0,377.39
0,1,0,66,0,0,0,622,0,315.0,10,0,0,17,0,0,0,0,21,0,280.68
0,1,0,33,0,0,0,389,0,668.0,15,0,0,9,0,0,0,0,18,1,206.6
0,1,0,32,0,0,0,636,0,1211.0,9,0,0,18,0,0,0,0,15,0,1029.14
2,13,0,107,0,0,0,409,381,25.0,13,0,0,3,1,1,385,0,9,14,1390.23
17,17,2,52,0,1,0,348,91,2630.0,7,4,5,6,1,13,119,4,13,65,3149.53
4,7,1,107,0,0,0,431,80,1701.0,13,1,5,5,2,0,80,0,7,9,1192.74
0,4,0,70,0,0,0,384,0,12.0,17,0,0,13,0,0,0,0,22,0,1625.73
0,3,0,32,0,0,0,625,0,90.0,6,0,0,16,0,0,0,0,13,1,912.76
1,2,0,82,0,0,0,609,0,28.0,8,0,0,17,0,0,0,0,20,0,179.55
0,3,0,31,0,0,0,651,0,1505.0,4,0,0,14,0,1,0,0,13,0,1218.54
2,3,0,51,0,0,0,624,0,918.0,5,0,0,15,0,1,0,0,12,0,368.39
7,15,0,75,0,0,0,203,8,3451.0,5,0,0,9,1,0,8,0,6,9,758.94
6,11,0,73,4,0,0,304,195,1190.0,11,2,3,5,0,1,219,4,14,12,816.68
1,2,0,39,0,0,0,560,0,24.0,7,0,0,15,0,0,0,0,19,0,698.17
4,10,0,81,0,0,0,531,0,2126.0,3,0,0,13,2,0,0,0,14,1,432.31
0,19,0,76,0,0,0,100,0,992.0,10,0,0,13,0,0,0,0,5,0,279.36
0,3,0,90,0,0,0,148,0,849.0,11,0,0,16,0,0,0,0,9,0,197.19
1,7,0,70,0,0,0,398,20,1073.0,12,2,1,7,2,2,24,0,16,4,1920.51
0,3,0,50,0,0,0,673,0,262.0,9,0,0,19,0,0,0,0,18,0,101.83
0,4,0,83,0,0,0,160,0,681.0,11,0,0,15,0,0,0,0,7,0,214.72
0,0,0,40,0,0,0,280,0,8.0,12,0,0,20,0,0,0,0,14,0,60.45
7,12,0,24,0,0,0,329,24,3341.0,10,3,0,8,1,2,24,0,16,5,1408.68
1,11,0,74,0,0,0,751,4,347.0,15,0,1,10,1,0,4,0,4,0,485.95
12,8,0,15,4,0,0,175,159,8422.0,10,4,1,5,0,1,179,0,4,17,2424.01
19,11,2,28,4,1,0,691,28,2987.0,2,0,2,9,2,4,36,0,12,28,2341.53
0,0,0,9,0,0,0,256,0,330.0,12,0,0,21,0,0,0,0,16,0,120.54
0,1,0,34,0,0,0,792,0,100.0,19,0,0,10,0,0,0,0,12,1,579.34
0,2,0,31,0,0,0,521,0,205.0,8,0,0,18,0,0,0,0,18,0,959.51
1,1,0,82,0,0,0,508,0,325.0,8,0,0,17,0,0,0,0,20,0,179.4
0,2,0,40,0,0,0,123,0,203.0,11,0,0,17,0,0,0,0,10,0,273.72
1,6,0,77,0,0,0,89,0,994.0,13,0,0,16,1,0,0,0,7,0,169.36
0,2,0,34,0,0,0,747,0,4.0,19,0,0,12,0,0,0,0,9,0,436.02
0,7,0,77,0,0,0,86,0,809.0,12,0,0,15,0,0,0,0,7,0,211.97
0,4,0,82,0,0,0,491,0,402.0,5,0,0,15,0,0,0,0,16,0,201.74
0,0,0,50,0,0,0,534,0,52.0,13,0,0,22,0,0,0,0,23,0,113.33
0,1,0,50,0,0,0,495,0,463.0,9,0,0,19,0,0,0,0,20,0,116.77
0,0,0,31,0,0,0,523,0,400.0,7,0,0,17,0,0,0,0,17,0,1281.15
0,0,0,9,0,0,0,282,0,648.0,11,0,0,20,0,0,0,0,14,0,173.11
3,3,0,39,0,0,0,40,0,21.0,11,0,1,13,0,0,0,0,20,0,746.23
0,3,0,51,0,0,0,625,0,90.0,6,0,0,16,0,0,0,0,13,1,351.84
0,2,0,31,0,0,0,686,0,539.0,8,0,0,18,1,0,0,0,17,0,899.37
0,0,0,40,0,0,0,280,0,8.0,12,0,0,20,0,0,0,0,14,0,173.26
0,9,0,39,0,0,0,555,0,596.0,7,0,0,12,0,0,0,0,17,0,748.92
0,4,0,31,0,0,0,650,0,1483.0,6,0,0,16,0,0,0,0,15,1,1026.93
0,1,0,40,0,0,0,126,0,1131.0,11,0,0,19,0,0,0,0,13,0,264.73
3,6,0,73,0,0,0,394,12,992.0,12,1,2,7,0,1,12,0,17,1,647.65
7,7,0,44,0,2,0,430,108,3952.0,13,3,3,5,2,0,112,0,6,10,1677.42
0,0,0,65,0,0,0,59,0,391.0,12,0,0,16,0,0,0,0,22,0,146.63
2,10,0,68,0,0,0,770,0,1821.0,17,0,0,9,0,0,0,0,8,1,669.17
2,3,0,32,0,0,0,624,0,918.0,5,0,0,15,0,1,0,0,12,0,1316.82
2,1,0,51,0,0,0,660,0,892.0,8,0,0,17,0,0,0,0,13,0,328.39
1,0,0,66,0,0,0,597,0,430.0,14,0,0,21,0,0,0,0,25,0,199.26
0,6,0,74,0,0,0,743,0,27.0,18,0,0,11,0,0,0,0,8,1,367.87
13,19,2,85,4,1,0,215,170,16670.0,5,2,1,6,1,7,194,0,6,74,2944.28
14,11,2,52,4,0,0,347,72,3707.0,5,2,5,7,2,12,88,0,12,62,2917.18
5,6,0,94,0,0,0,519,0,5202.0,3,0,0,14,1,0,0,0,14,1,504.82
2,3,0,34,0,0,0,761,0,40.0,18,0,0,10,0,0,0,0,9,1,465.82
0,0,0,66,0,0,0,589,0,599.0,12,0,0,19,0,0,0,0,23,0,196.63
0,1,0,33,0,0,0,824,0,764.0,18,0,0,12,0,0,0,0,22,0,180.06
1,3,0,94,0,0,0,487,0,348.0,6,0,0,15,1,0,0,0,17,0,359.16
0,7,0,72,0,0,0,195,0,665.0,14,0,0,7,1,0,4,0,5,1,592.82
26,21,11,4,88,5,21,466,269,13796.0,9,24,9,3,6,11,601,28,6,57,6807.12
11,5,0,28,0,0,0,692,12,2226.0,2,2,1,9,2,2,16,0,13,16,2128.96
2,4,0,73,0,0,0,398,12,1073.0,12,1,1,7,0,2,16,0,16,1,647.77
0,3,0,0,0,0,0,815,0,5.0,24,0,0,19,0,0,0,0,28,0,508.55
6,11,0,28,0,0,0,725,4,9191.0,1,0,0,11,1,1,4,0,11,5,1839.97
4,2,0,34,0,0,0,759,0,1028.0,18,0,0,9,0,1,0,0,10,0,591.7
0,2,0,74,0,0,0,738,0,367.0,21,0,0,14,0,0,0,0,11,0,341.14
5,8,0,68,0,0,0,426,0,3031.0,16,0,0,8,0,0,0,0,8,0,848.18
12,27,0,98,16,2,0,446,236,16032.0,4,6,7,5,0,46,288,0,9,34,2841.85
0,1,0,0,0,0,0,800,0,1175.0,21,0,0,16,0,0,0,0,25,0,585.44
6,10,0,17,0,0,0,672,0,8396.0,3,0,0,11,2,0,0,0,9,0,1516.59
6,7,0,73,0,0,0,37,0,138.0,12,0,0,10,0,0,0,0,18,2,659.17
0,0,0,9,0,0,0,270,0,996.0,10,0,0,19,0,0,0,0,14,0,198.67
3,5,0,72,4,0,0,193,4,509.0,13,0,0,7,1,0,8,0,4,1,174.47
0,4,0,76,0,0,0,157,0,1497.0,10,0,0,15,0,0,0,0,8,0,252.7
0,12,0,76,0,0,0,132,0,775.0,8,0,0,14,0,0,0,0,8,0,281.88
2,7,0,94,0,0,0,519,0,5202.0,3,0,2,13,0,0,0,0,13,1,473.71
2,5,0,69,0,0,0,96,0,277.0,12,0,0,11,0,0,0,0,2,0,250.89
0,2,0,40,0,0,0,128,0,720.0,10,0,0,18,0,0,0,0,12,0,265.64
1,12,0,74,0,0,0,751,4,347.0,15,0,1,10,0,0,4,0,5,0,411.63
7,3,0,41,0,1,0,704,16,1460.0,4,1,0,10,1,1,16,0,14,13,1173.22
1,0,0,66,0,0,0,547,0,185.0,11,0,0,20,0,0,0,0,22,0,195.82
1,1,0,66,0,0,0,591,0,668.0,11,0,0,19,0,0,0,0,22,0,264.21
2,17,0,52,0,0,0,323,20,1410.0,6,0,0,9,0,1,20,0,14,12,2203.94
3,6,0,82,0,0,0,503,0,1068.0,6,0,0,15,1,0,0,0,17,0,238.67
11,16,0,15,8,0,1,176,184,9638.0,10,3,3,5,1,2,220,0,4,25,2205.01
2,15,0,75,0,0,0,208,0,5794.0,5,0,0,10,1,0,0,0,7,2,646.77
1,14,0,17,0,0,0,666,0,5999.0,3,0,2,12,0,0,0,0,10,0,1706.13
6,17,0,35,0,0,0,336,16,1390.0,8,1,0,8,2,0,16,0,15,7,1137.95
0,2,0,66,0,0,0,622,0,315.0,9,0,0,16,0,0,0,0,20,0,199.8
1,18,0,75,0,0,0,232,0,1664.0,9,0,0,11,0,0,0,0,4,1,609.75
2,12,0,34,0,0,0,768,4,1325.0,16,0,0,9,0,0,4,0,7,1,633.81
1,13,0,76,0,0,0,235,0,165.0,7,0,0,12,0,0,0,0,6,0,238.98
7,13,1,25,0,0,0,356,40,2904.0,10,1,0,7,0,2,44,0,15,8,1258.08
0,0,0,9,0,0,0,260,0,76.0,12,0,0,20,0,0,0,0,15,0,173.01
3,16,0,17,0,0,0,654,0,5553.0,5,0,0,13,2,1,0,0,9,0,1564.89
3,7,0,67,0,0,0,657,0,750.0,7,0,0,15,0,0,0,0,10,1,1281.63
10,9,0,44,0,0,0,417,290,3794.0,12,4,3,4,1,2,306,0,6,15,1817.25
1,28,1,19,0,0,0,229,4,1386.0,8,0,0,9,1,1,4,0,2,3,578.62
1,4,0,19,0,0,0,115,0,391.0,13,0,0,12,1,0,0,0,2,0,576.62
4,16,0,17,0,0,0,654,0,5553.0,5,0,0,13,1,1,0,0,9,0,1543.67
4,7,0,72,0,0,0,434,32,3829.0,13,2,1,6,2,0,36,0,6,4,716.16
3,18,0,28,0,0,0,722,8,7545.0,1,0,0,10,0,0,8,0,10,8,1908.69
29,14,7,106,144,5,20,440,226,21669.0,7,29,12,3,10,47,645,32,7,40,5430.25
1,20,0,75,0,0,0,200,0,1033.0,6,0,0,9,0,0,0,0,5,4,650.1
0,0,0,66,0,0,0,623,0,584.0,11,0,0,18,0,0,0,0,22,0,230.89
1,3,0,71,0,0,0,10,0,995.0,13,0,0,13,1,0,0,0,21,0,800.48
0,4,0,79,0,0,0,157,0,1497.0,10,0,0,15,0,0,0,0,8,0,669.72
7,8,1,44,0,0,0,432,134,4083.0,13,3,3,5,2,1,138,0,6,11,1751.81
0,1,0,33,0,0,0,825,0,125.0,18,0,0,12,0,0,0,0,22,0,179.8
4,4,0,72,4,0,0,181,76,8223.0,12,3,2,6,0,0,80,0,5,6,781.74
34,17,3,95,48,4,1,437,442,29015.0,6,15,3,4,4,52,629,12,7,36,3680.63
3,5,0,94,0,0,0,639,0,5043.0,4,0,0,14,1,1,0,0,13,0,397.42
0,1,0,71,0,0,0,23,0,412.0,16,0,0,16,1,0,0,0,24,0,791.45
0,0,0,66,0,0,0,590,0,54.0,13,0,0,21,0,0,0,0,24,0,188.04
1,6,0,73,0,0,0,46,0,13.0,13,0,0,11,1,0,0,0,20,0,555.38
0,0,0,66,0,0,0,605,0,77.0,14,0,0,21,0,0,0,0,25,0,193.13
0,5,0,34,0,0,0,748,0,35.0,18,0,0,11,0,0,0,0,8,0,473.3
2,3,0,81,0,0,0,503,0,1068.0,6,0,0,15,1,0,0,0,17,0,469.88
1,5,0,69,0,0,0,83,0,730.0,13,0,2,14,0,0,0,0,5,0,262.08
2,10,1,35,0,0,0,332,4,2086.0,8,0,0,10,1,0,4,0,17,1,1163.6
17,24,1,52,16,2,0,729,104,4719.0,3,4,2,6,4,18,132,0,10,53,2868.75
2,18,0,19,0,0,0,233,0,1076.0,9,0,1,10,0,0,0,0,2,1,517.76
0,0,0,9,0,0,0,271,0,1104.0,12,0,0,22,0,0,0,0,18,0,142.55
2,12,0,51,0,0,0,655,0,1165.0,6,0,0,14,1,1,0,0,10,0,463.51
0,4,0,51,0,0,0,637,0,708.0,7,0,0,16,0,0,0,0,13,1,339.33
1,18,0,83,0,0,0,101,0,92.0,10,0,0,12,0,0,0,0,4,0,301.21
0,5,0,90,0,0,0,147,0,751.0,12,0,0,16,0,0,0,0,8,0,233.46
0,8,0,39,0,0,0,575,0,1347.0,6,0,0,13,0,0,0,0,17,0,822.55
0,12,0,17,0,0,0,209,0,3008.0,5,0,0,11,0,0,0,0,8,1,1617.99
0,2,0,66,0,0,0,611,0,2.0,8,0,0,16,0,0,0,0,20,0,204.42
2,3,0,32,0,0,0,627,0,1624.0,5,0,0,15,0,1,0,0,13,0,1036.07
3,5,0,39,0,0,0,570,8,851.0,4,0,0,10,0,0,8,0,15,6,1050.08
4,5,0,89,0,0,0,34,0,2043.0,12,0,0,11,1,0,0,0,20,0,769.52
0,3,0,90,0,0,0,248,0,206.0,14,0,0,17,0,0,0,0,8,0,201.11
0,13,0,19,0,0,0,190,4,118.0,11,0,4,10,0,0,4,0,0,1,605.11
0,0,0,66,0,0,0,621,0,461.0,12,0,0,18,0,0,0,0,23,0,269.61
0,1,0,0,0,0,0,811,0,67.0,19,0,0,14,2,0,0,0,23,0,733.37
2,29,1,19,0,0,0,229,4,1386.0,8,0,0,9,1,1,4,0,2,3,558.75
1,2,0,39,0,0,0,561,0,14.0,7,0,0,15,0,0,0,0,19,0,711.88
1,10,0,17,0,0,0,667,0,943.0,4,0,2,13,0,0,0,0,11,0,1458.52
3,10,0,83,0,0,0,105,0,476.0,11,0,0,12,0,0,0,0,4,0,272.53
21,11,4,100,56,0,4,345,302,8699.0,8,16,1,3,3,46,593,12,11,44,2130.63
3,8,0,19,0,0,0,192,0,6.0,12,0,0,11,2,0,0,0,1,0,511.14
2,5,0,69,0,0,0,110,0,839.0,14,0,0,16,1,0,0,0,6,0,71.67
2,10,0,83,0,0,0,105,0,476.0,11,0,0,12,0,0,0,0,3,0,252.0
4,12,0,75,0,0,0,210,0,1809.0,6,0,0,12,1,0,0,0,7,1,650.36
2,3,0,80,0,0,0,22,0,625.0,12,0,0,14,0,0,0,0,21,0,244.61
2,4,0,70,0,0,0,394,8,992.0,12,1,0,8,2,1,8,0,17,1,1854.69
18,17,3,52,16,0,1,346,136,4621.0,5,5,3,6,3,31,176,0,12,43,3016.7
1,4,0,33,0,0,0,387,8,166.0,14,0,0,8,2,1,8,0,17,2,208.05
1,9,0,64,0,0,0,655,0,1165.0,5,0,0,14,1,1,0,0,10,0,402.35
6,17,0,75,0,0,0,212,0,1396.0,6,0,0,11,2,0,0,0,6,3,686.32
2,6,0,33,0,0,0,391,20,384.0,14,0,0,7,0,1,20,0,16,3,225.28
0,5,0,90,0,0,0,86,0,809.0,12,0,0,16,0,0,0,0,7,0,270.89
0,1,0,74,0,0,0,773,0,218.0,20,0,0,13,0,0,0,0,10,0,341.73
0,1,0,9,0,0,0,636,0,1211.0,8,0,0,18,0,0,0,0,14,0,158.71
1,0,0,66,0,0,0,601,0,31.0,13,0,0,20,0,0,0,0,24,0,183.65
3,16,0,14,4,0,0,163,12,2439.0,11,0,0,8,0,0,16,0,2,2,2142.15
1,0,0,66,0,0,0,602,0,689.0,13,0,0,19,0,0,0,0,24,0,228.5
15,27,1,98,8,2,0,734,72,6959.0,3,3,3,7,4,11,100,4,10,57,2525.98
1,0,0,9,0,0,0,682,0,1082.0,11,0,0,20,1,0,0,0,17,0,172.33
0,3,0,70,0,0,0,384,0,12.0,17,0,0,13,0,0,0,0,23,0,465.53
2,9,0,73,4,0,0,299,72,1971.0,12,1,0,5,2,1,80,0,15,7,725.66
4,8,0,34,0,0,0,426,0,3031.0,17,0,0,8,0,0,0,0,9,0,631.19
0,1,0,74,0,0,0,740,0,986.0,22,0,0,15,0,0,0,0,12,0,56.41
1,1,0,66,0,0,0,547,0,185.0,10,0,0,19,0,0,0,0,21,0,196.72
0,14,0,83,0,0,0,162,0,508.0,10,0,0,14,0,0,0,0,6,0,230.99
0,0,0,67,0,0,0,278,0,455.0,12,0,0,20,0,0,0,0,14,0,1103.41
0,1,0,39,0,0,0,565,0,1.0,9,0,0,15,0,0,0,0,20,0,671.62
5,6,0,41,0,0,0,715,4,1388.0,3,0,0,12,2,0,4,0,14,1,1078.61
33,15,8,52,24,5,0,344,452,4251.0,7,16,10,4,3,35,561,16,11,38,3395.48
6,6,0,89,0,0,0,35,0,5842.0,11,0,1,10,1,0,0,0,18,1,765.11
10,3,1,44,4,0,0,434,92,3829.0,12,2,1,6,2,0,96,0,5,8,1714.52
0,6,0,69,0,0,0,107,0,898.0,14,0,0,14,0,0,0,0,5,0,263.19
6,6,0,31,0,0,0,517,0,3447.0,4,0,0,14,1,0,0,0,13,1,1089.62
0,5,0,32,0,0,0,650,0,1483.0,7,0,0,16,0,0,0,0,14,1,934.62
0,0,0,65,0,0,0,60,0,635.0,13,0,0,17,0,0,0,0,23,0,165.84
3,8,0,67,0,0,0,657,0,750.0,7,0,0,15,0,0,0,0,10,1,1231.22
16,25,2,28,4,1,0,729,68,4719.0,3,4,4,7,3,8,88,4,10,58,2593.39
0,4,0,39,0,0,0,42,0,469.0,9,0,0,12,0,0,0,0,18,0,769.18
0,1,0,34,0,0,0,739,0,40.0,22,0,0,14,0,0,0,0,12,0,417.35
0,17,0,76,0,0,0,100,0,992.0,9,0,0,13,0,0,0,0,6,0,256.77
11,24,0,27,0,0,0,475,171,18627.0,7,2,0,6,0,9,211,0,4,27,1852.82
1,17,0,75,0,0,0,232,0,1664.0,9,0,0,11,0,0,0,0,4,1,671.22
2,23,0,19,0,0,0,171,16,2496.0,9,1,0,8,0,0,16,0,1,1,604.44
0,4,0,77,0,0,0,89,0,994.0,14,0,0,16,0,0,0,0,7,0,198.2
3,11,0,64,0,0,0,652,0,1430.0,6,0,0,14,1,0,0,0,9,1,415.46
0,0,0,74,0,0,0,799,0,526.0,22,0,0,15,0,0,0,0,11,0,418.06
2,11,0,34,0,0,0,768,0,1325.0,16,0,0,9,0,0,0,0,7,1,628.4
8,8,2,18,8,0,1,177,248,11754.0,11,4,2,4,1,3,300,0,5,19,2083.34
2,1,0,80,0,0,0,28,0,454.0,14,0,1,15,0,0,0,0,23,0,225.11
2,7,0,81,0,0,0,701,0,4190.0,2,0,0,13,0,1,0,0,13,0,449.78
10,10,1,36,4,0,0,357,169,4977.0,9,7,1,5,3,5,193,0,14,47,1326.07
2,2,0,81,0,0,0,560,0,24.0,7,0,0,14,0,0,0,0,18,0,348.89
5,7,1,44,0,2,0,432,158,4083.0,13,3,3,4,0,1,162,0,7,11,1713.99
5,13,1,25,0,0,0,356,72,2904.0,10,3,0,6,0,2,76,0,15,10,1350.62
0,0,0,9,0,0,0,265,0,236.0,10,0,0,20,0,0,0,0,16,0,147.5
1,2,0,80,0,0,0,10,0,995.0,12,0,1,13,1,0,0,0,21,0,301.01
0,12,0,75,0,0,0,235,0,165.0,7,0,0,13,0,0,0,0,7,0,682.85
1,5,0,107,0,0,0,767,4,490.0,15,0,0,7,0,1,4,0,7,1,958.2
0,5,0,79,0,0,0,157,0,1497.0,10,0,0,15,0,0,0,0,8,0,912.05
0,4,0,77,0,0,0,109,0,550.0,14,0,0,17,0,0,0,0,8,0,191.92
0,0,0,9,0,0,0,264,0,813.0,10,0,0,19,0,0,0,0,15,0,169.33
1,0,0,66,0,0,0,63,0,652.0,13,0,0,19,0,0,0,0,24,0,191.98
1,15,0,27,0,0,0,232,0,1664.0,9,0,0,11,0,0,0,0,4,1,1240.08
1,1,0,50,0,0,0,508,0,325.0,9,0,0,18,0,0,0,0,20,0,97.3
4,7,1,107,0,0,0,431,72,1701.0,14,1,2,5,2,1,72,0,7,7,1167.94
22,16,1,52,4,0,0,707,36,5234.0,2,1,2,8,3,11,48,0,11,46,2532.52
7,13,2,24,0,0,0,329,32,3341.0,10,1,3,7,0,1,32,0,16,5,1456.84
5,7,0,107,0,0,0,422,0,3141.0,16,0,0,7,0,0,0,0,9,0,823.48
0,1,0,50,0,0,0,541,0,396.0,12,0,0,22,0,0,0,0,22,0,89.73
0,3,0,33,0,0,0,406,0,19.0,16,0,0,10,0,0,0,0,19,1,194.57
1,0,0,66,0,0,0,63,0,652.0,13,0,0,19,0,0,0,0,24,0,223.11
6,9,0,85,0,0,0,218,24,12029.0,4,0,0,8,1,3,24,0,6,18,2495.14
0,8,0,77,0,0,0,91,0,791.0,12,0,0,14,0,0,0,0,5,0,265.93
18,14,0,84,151,0,28,452,181,29835.0,9,9,3,2,2,34,625,16,11,55,4032.32
0,1,0,9,0,0,0,266,0,1228.0,9,0,0,18,0,0,0,0,14,0,159.52
6,13,0,70,4,0,0,304,272,1190.0,11,2,0,4,1,3,300,0,14,22,2485.66
0,3,0,33,0,0,0,387,4,166.0,15,0,0,8,2,1,4,0,18,1,175.28
0,2,0,32,0,0,0,635,0,728.0,8,0,0,17,0,0,0,0,14,0,1211.41
2,13,0,64,0,0,0,135,0,197.0,7,0,0,13,2,0,0,0,9,1,361.27
0,0,0,65,0,0,0,65,0,1089.0,14,0,0,19,0,0,0,0,24,0,166.27
15,22,0,85,12,0,0,447,250,26319.0,5,2,1,5,2,12,286,0,6,73,3197.45
1,4,0,19,0,0,0,115,0,391.0,13,0,0,12,1,0,0,0,3,0,561.88
13,15,1,100,24,0,0,292,397,4475.0,10,4,2,3,4,10,481,4,13,59,1996.16
33,18,4,96,102,2,2,463,303,15107.0,6,28,5,3,4,35,657,12,9,20,3951.82
3,1,0,74,0,0,0,253,0,1385.0,16,0,0,11,0,0,0,0,6,0,419.63
7,12,0,14,0,0,0,168,0,26.0,12,0,1,9,0,0,4,0,1,1,1785.29
2,9,0,19,0,0,0,92,0,294.0,11,0,1,11,1,0,0,0,2,1,541.47
1,7,0,107,0,0,0,422,0,3141.0,16,1,0,7,0,0,0,0,9,0,821.4
0,1,0,34,0,0,0,738,0,367.0,22,0,0,14,0,0,0,0,12,0,196.17
0,4,0,90,0,0,0,248,0,206.0,14,0,0,17,0,0,0,0,8,0,194.32
2,6,0,19,0,0,0,118,0,2183.0,14,0,0,13,1,0,0,0,4,0,492.42
4,7,0,70,4,0,0,303,122,1154.0,12,1,1,5,1,1,134,0,14,8,2092.52
22,10,2,100,32,3,1,345,437,8699.0,8,21,3,4,1,35,533,0,12,48,2108.57
0,6,0,44,0,0,0,434,20,3829.0,13,1,1,6,0,0,24,0,5,3,1366.62
6,6,0,35,0,0,0,35,0,5842.0,11,0,1,10,1,0,0,0,18,1,1086.16
4,6,0,14,0,0,0,194,24,5574.0,12,0,0,7,1,0,28,4,4,4,2141.44
0,0,0,50,0,0,0,543,0,543.0,12,0,0,22,0,0,0,0,21,0,88.86
0,2,0,33,0,0,0,403,0,313.0,18,0,0,12,0,0,0,0,21,0,176.57
1,7,0,73,0,0,0,398,40,1073.0,12,1,1,6,3,2,44,0,16,5,692.11
2,4,0,73,0,0,0,398,28,1073.0,12,1,1,7,2,2,32,0,16,2,667.65
18,23,1,85,8,0,0,718,56,6234.0,2,1,0,7,3,12,68,0,9,59,2713.6
0,0,0,66,0,0,0,598,0,906.0,13,0,1,20,0,0,0,0,24,0,211.94
0,1,0,74,0,0,0,776,0,1092.0,21,0,0,14,0,0,0,0,11,0,340.69
0,0,0,65,0,0,0,69,0,178.0,14,0,0,17,0,0,0,0,24,0,147.62
0,3,0,76,0,0,0,124,0,129.0,11,0,0,16,0,0,0,0,9,0,247.45
0,4,0,74,0,0,0,748,0,35.0,17,0,0,11,0,0,0,0,7,0,357.5
7,16,0,26,28,0,0,298,387,4075.0,11,5,1,3,3,7,509,8,12,50,2401.99
0,8,0,34,0,0,0,199,0,74.0,14,0,0,8,1,0,4,0,5,0,565.63
9,16,1,52,4,0,0,348,112,2630.0,6,5,5,6,1,19,144,0,12,61,3090.15
3,8,0,64,0,0,0,657,0,750.0,7,0,0,15,0,0,0,0,10,1,343.79
0,0,0,9,0,0,0,681,0,71.0,10,0,0,20,0,0,0,0,16,0,156.56
0,7,0,70,0,0,0,363,0,673.0,15,0,0,11,0,0,0,0,20,1,1758.98
18,23,1,52,12,0,1,458,227,4119.0,4,10,0,5,2,35,287,4,10,27,3033.1
0,0,0,40,0,0,0,280,0,8.0,13,0,0,20,0,0,0,0,13,0,208.99
8,12,1,18,20,0,0,418,418,16309.0,11,5,3,3,2,6,518,0,6,22,2480.19
0,13,0,83,0,0,0,102,0,263.0,9,0,0,12,0,0,0,0,5,0,270.12
0,5,0,90,0,0,0,161,0,299.0,10,0,0,15,0,0,0,0,8,0,167.46
0,0,0,33,0,0,0,822,0,715.0,20,0,0,14,0,0,0,0,24,0,209.56
0,1,0,0,0,0,0,812,0,560.0,20,0,0,15,0,0,0,0,24,0,566.46
0,0,0,65,0,0,0,59,0,391.0,13,0,0,17,0,0,0,0,23,0,128.68
5,25,1,27,0,0,0,229,0,1386.0,8,0,0,9,2,1,0,0,3,3,1259.48
0,0,0,9,0,0,0,273,0,24.0,12,0,0,21,0,0,0,0,17,0,169.83
0,2,0,31,0,0,0,679,0,794.0,8,0,0,18,0,0,0,0,18,0,743.28
0,12,0,76,0,0,0,138,0,1304.0,8,0,0,14,0,0,0,0,8,0,341.95
4,5,0,107,0,0,0,435,20,1099.0,14,1,0,6,3,1,20,0,7,3,971.31
11,10,1,52,0,0,0,347,48,3707.0,5,3,1,7,1,4,60,0,13,62,2659.49
0,1,0,50,0,0,0,511,0,450.0,9,0,0,18,0,0,0,0,20,0,94.06
0,7,0,73,0,0,0,369,0,8.0,13,0,0,10,0,0,0,0,19,1,569.68
20,9,4,85,52,4,6,473,391,26582.0,7,18,3,4,6,24,617,8,6,66,3592.42
0,1,0,66,0,0,0,594,0,309.0,13,0,0,21,0,0,0,0,24,0,146.72
29,22,2,98,36,2,2,458,387,4119.0,5,18,2,5,5,19,471,8,10,27,3106.44
1,4,0,39,0,0,0,571,4,200.0,4,0,0,11,0,0,4,0,15,2,875.56
11,9,0,85,0,0,0,213,64,12462.0,4,0,0,7,3,4,64,0,6,27,2587.56
8,8,1,44,0,0,0,432,218,4083.0,12,3,4,4,2,1,226,0,6,16,1884.24
0,1,0,33,0,0,0,826,0,1337.0,20,0,0,14,0,0,0,0,23,0,172.36
1,16,0,76,0,0,0,235,0,165.0,7,0,0,12,0,0,0,0,6,0,283.26
1,8,0,39,0,0,0,575,0,1347.0,6,0,0,13,0,0,0,0,17,0,741.2
2,3,0,39,0,0,0,576,0,143.0,7,0,0,14,0,0,0,0,18,0,694.69
4,6,1,25,0,0,0,395,8,292.0,12,0,0,8,0,2,8,0,17,1,1061.03
2,10,2,78,12,0,0,357,272,4977.0,10,3,1,5,1,5,312,0,14,50,2158.61
4,7,0,44,0,0,0,429,72,3342.0,13,3,1,5,3,0,72,0,6,6,1608.96
0,4,0,40,0,0,0,143,0,891.0,10,0,0,17,0,0,0,0,11,0,273.74
0,13,0,75,0,0,0,239,0,67.0,8,0,0,13,0,0,0,0,6,0,571.51
5,5,0,107,0,0,0,435,32,1099.0,14,2,0,6,4,1,32,0,7,4,990.77
2,17,0,35,0,0,0,323,20,1410.0,6,0,0,9,0,1,20,0,14,12,1126.76
9,15,0,75,0,0,0,202,24,4396.0,6,1,1,8,2,2,24,0,5,8,837.43
9,10,0,17,0,0,0,213,76,12462.0,5,2,0,7,2,5,84,0,6,38,2169.34
9,14,0,75,0,0,0,202,24,4396.0,6,1,1,8,2,2,24,0,5,9,775.56
0,7,0,79,0,0,0,160,0,681.0,11,0,0,14,0,0,0,0,7,0,814.24
12,11,1,78,12,0,0,341,310,4612.0,8,7,1,5,2,5,362,0,13,67,2338.21
10,12,0,28,0,0,0,702,4,2554.0,1,0,0,11,2,1,4,0,12,4,1952.55
15,25,0,85,8,1,0,718,60,6234.0,2,2,2,7,2,15,84,0,9,58,2967.94
1,8,0,39,0,0,0,576,0,143.0,6,0,0,13,0,0,0,0,17,0,757.11
2,20,0,19,0,0,0,171,0,2496.0,9,1,0,9,0,1,0,0,2,1,577.91
4,13,0,17,0,2,0,214,44,13304.0,4,0,2,8,0,4,44,0,6,26,1991.74
0,2,0,66,0,0,0,545,0,461.0,11,0,0,21,0,0,0,0,22,0,188.46
0,1,0,39,0,0,0,565,0,1.0,9,0,0,15,0,0,0,0,20,0,674.23
0,1,0,0,0,0,0,812,0,560.0,20,0,0,15,0,0,0,0,24,0,627.06
6,7,0,89,0,0,0,37,0,138.0,12,0,0,10,0,0,0,0,18,2,757.19
0,1,0,66,0,0,0,548,0,232.0,12,0,0,21,0,0,0,0,23,0,185.1
2,11,1,35,0,0,0,333,4,5807.0,8,0,0,10,1,0,4,0,17,0,1092.93
2,6,0,77,0,0,0,89,0,994.0,13,0,0,16,1,0,0,0,7,0,273.51
0,18,0,14,0,0,0,185,80,85.0,10,0,2,7,0,1,84,0,2,10,2359.3
1,9,0,51,0,0,0,655,0,1165.0,5,0,0,14,1,1,0,0,10,0,432.62
10,12,1,52,0,0,0,347,52,3707.0,5,4,1,7,2,4,64,0,13,63,2607.88
0,0,0,50,0,0,0,539,0,40.0,12,0,0,22,0,0,0,0,22,0,90.4
3,8,0,44,0,2,0,419,302,873.0,13,3,9,4,0,2,314,0,7,15,1781.4
0,0,0,9,0,0,0,258,0,566.0,11,0,0,21,0,0,0,0,16,0,147.63
0,5,0,32,0,0,0,650,0,1483.0,6,0,0,16,0,0,0,0,14,1,1052.31
8,8,2,18,8,0,1,177,258,11754.0,11,4,2,4,1,4,310,0,5,18,1995.99
0,0,0,9,0,0,0,262,0,565.0,14,0,0,23,0,0,0,0,18,0,188.91
1,3,0,51,0,0,0,663,0,452.0,8,0,0,17,1,0,0,0,12,0,426.19
2,4,0,81,0,0,0,499,0,607.0,7,0,0,15,0,0,0,0,18,0,397.09
22,19,2,95,32,2,0,445,490,16116.0,5,10,5,4,5,28,621,12,8,23,3523.48
1,6,0,94,0,0,0,516,0,4976.0,4,0,0,14,1,0,0,0,15,0,436.39
7,8,0,44,0,1,0,432,255,4083.0,12,4,2,4,1,1,267,0,7,15,1822.38
0,9,0,79,0,0,0,157,0,1497.0,9,0,0,14,0,0,0,0,7,0,832.86
0,5,0,31,0,0,0,650,0,1483.0,6,0,0,16,0,0,0,0,14,1,1061.26
4,12,0,75,0,0,0,237,0,1540.0,6,0,0,12,1,0,0,0,6,0,593.56
0,6,0,83,0,0,0,88,0,89.0,12,0,0,15,0,0,0,0,6,0,221.86
1,5,1,25,0,0,0,395,8,292.0,12,0,0,8,2,1,8,0,17,1,1113.58
2,6,0,81,0,0,0,530,0,137.0,5,0,0,14,1,0,0,0,17,0,372.62
34,14,6,1,24,4,2,344,443,4251.0,7,20,6,4,4,43,537,4,12,42,4311.8
1,5,0,32,0,0,0,649,0,629.0,6,0,0,16,0,0,0,0,14,1,943.54
0,1,0,50,0,0,0,546,0,691.0,12,0,0,21,0,0,0,0,22,0,102.8
1,16,0,83,0,0,0,231,0,1182.0,9,0,1,10,0,0,0,0,3,1,259.38
0,1,0,66,0,0,0,616,0,189.0,11,0,0,20,0,0,0,0,22,0,183.75
32,13,3,84,149,4,12,453,160,36545.0,8,19,8,2,7,36,649,38,10,37,3878.11
1,0,0,74,0,0,0,252,0,4009.0,16,0,1,12,1,0,0,0,5,0,413.06
0,4,0,37,0,0,0,145,0,371.0,12,0,0,17,0,0,0,0,9,0,80.54
0,0,0,9,0,0,0,273,0,24.0,11,0,0,21,0,0,0,0,17,0,131.45
7,10,0,32,0,0,0,642,0,557.0,3,0,2,13,1,0,0,0,11,0,1406.85
3,9,0,19,0,0,0,189,4,618.0,12,0,0,11,2,0,4,0,1,0,609.12
3,14,0,17,0,1,0,214,44,13304.0,4,0,4,8,0,4,48,0,7,27,1996.17
2,12,0,83,0,0,0,88,0,89.0,11,0,0,14,1,0,0,0,6,0,234.83
2,6,0,70,0,0,0,396,8,2956.0,13,1,0,8,0,0,8,0,17,2,1768.59
5,9,1,73,0,0,0,399,40,2574.0,11,1,0,7,1,1,44,0,16,5,680.89
0,1,0,66,0,0,0,593,0,979.0,11,0,0,19,0,0,0,0,22,0,193.78
0,0,0,31,0,0,0,490,0,227.0,7,0,0,17,0,0,0,0,18,0,958.13
17,25,1,52,12,0,0,729,64,4719.0,3,5,3,7,2,16,92,0,10,51,2822.84
0,3,0,31,0,0,0,651,0,1505.0,5,0,0,15,0,1,0,0,13,0,1231.69
2,1,0,9,0,0,0,660,0,892.0,8,0,0,17,0,0,0,0,13,0,172.19
0,3,0,34,0,0,0,748,0,35.0,18,0,0,11,0,0,0,0,8,0,400.13
0,1,0,32,0,0,0,660,0,892.0,8,0,0,17,0,0,0,0,13,0,866.69
3,4,0,69,0,0,0,84,0,1188.0,13,0,1,14,1,0,0,0,4,0,242.28
1,5,0,81,0,0,0,528,0,364.0,5,0,0,14,1,0,0,0,16,0,349.52
2,7,0,81,0,0,0,530,0,137.0,6,0,0,14,1,0,0,0,17,0,356.42
0,3,0,31,0,0,0,514,0,3039.0,5,0,0,15,0,0,0,0,16,0,1196.37
14,21,1,85,8,2,0,718,76,6234.0,3,2,1,7,2,16,96,0,8,58,2757.87
1,8,0,81,0,0,0,530,0,137.0,5,0,0,14,0,0,0,0,16,0,365.32
6,3,0,32,0,0,0,626,0,1404.0,4,0,0,14,1,0,0,0,12,0,1025.2
1,0,0,65,0,0,0,54,0,481.0,14,0,0,20,0,0,0,0,25,0,189.37
2,17,0,19,0,0,0,94,4,981.0,11,0,0,10,1,0,4,0,1,1,625.29
3,4,0,73,0,0,0,34,0,2043.0,12,0,1,12,1,0,0,0,19,0,569.76
33,12,2,11,69,2,6,440,321,21669.0,7,19,8,3,8,48,625,12,7,46,3152.39
1,17,0,14,4,0,0,166,68,2745.0,10,0,2,6,0,1,72,0,2,10,2303.41
0,3,0,0,0,0,0,386,0,690.0,16,0,0,12,2,0,0,0,22,0,783.97
4,6,0,73,0,0,0,31,0,4640.0,11,0,1,11,1,0,0,0,19,0,577.21
6,11,0,14,0,1,0,198,0,5084.0,13,0,1,8,1,0,4,0,3,0,1938.74
0,1,0,0,0,0,0,812,0,560.0,20,0,0,15,0,0,0,0,24,0,721.1
0,1,0,66,0,0,0,592,0,539.0,12,0,0,20,0,0,0,0,23,0,190.29
0,2,0,31,0,0,0,497,0,483.0,9,0,0,19,0,0,0,0,19,0,906.7
0,0,0,82,0,0,0,490,0,227.0,7,0,0,17,0,0,0,0,17,0,232.17
0,15,0,69,0,0,0,93,0,1353.0,10,0,0,11,0,0,0,0,2,1,263.73
0,0,0,9,0,0,0,258,0,566.0,12,0,0,21,0,0,0,0,17,0,194.85
0,1,0,0,0,0,0,813,0,1.0,22,0,0,17,0,0,0,0,27,0,536.54
3,8,0,32,0,0,0,630,0,692.0,5,0,0,14,1,1,0,0,11,0,1352.16
5,6,0,89,0,0,0,327,0,606.0,12,1,0,9,0,0,0,0,18,3,455.39
0,0,0,80,0,0,0,9,0,13.0,17,0,0,18,0,0,0,0,26,0,206.14
2,6,0,73,0,0,0,370,0,1.0,13,0,0,11,1,0,0,0,19,1,602.12
0,5,0,39,0,0,0,554,0,86.0,8,0,0,13,0,0,0,0,18,0,716.76
0,2,0,82,0,0,0,611,0,2.0,9,0,0,16,0,0,0,0,20,0,178.8
0,5,0,39,0,0,0,574,0,855.0,6,0,0,14,0,0,0,0,17,0,869.28
1,2,0,66,0,0,0,561,0,14.0,8,0,0,16,0,0,0,0,19,0,163.87
0,0,0,66,0,0,0,589,0,599.0,12,0,0,19,0,0,0,0,23,0,203.86
2,3,0,74,0,0,0,254,0,1640.0,16,0,1,11,1,0,0,0,5,0,391.11
0,2,0,37,0,0,0,153,0,753.0,12,0,0,18,0,0,0,0,10,0,105.32
2,10,0,34,0,0,0,768,0,1325.0,16,0,0,9,0,0,0,0,7,1,625.89
21,17,3,18,80,2,23,470,363,5626.0,10,26,6,3,9,11,569,12,6,38,2843.28
21,20,1,85,12,0,1,475,243,18627.0,7,5,1,5,3,10,291,0,4,35,3278.26
0,2,0,40,0,0,0,154,0,562.0,12,0,0,18,0,0,0,0,11,0,300.99
0,1,0,74,0,0,0,773,0,218.0,21,0,0,14,0,0,0,0,11,0,332.78
0,2,0,50,0,0,0,540,0,165.0,10,0,0,20,0,0,0,0,21,0,90.91
4,13,0,26,20,0,0,289,376,1495.0,11,3,3,4,2,0,420,0,13,25,2240.46
0,2,0,0,0,0,0,376,0,304.0,17,0,0,12,0,0,0,0,22,0,754.21
1,18,0,83,0,0,0,104,0,557.0,10,0,0,13,0,0,0,0,5,0,289.08
2,8,0,41,0,0,0,566,8,172.0,5,0,0,10,0,0,8,0,15,2,1070.62
0,0,0,65,0,0,0,599,0,845.0,15,0,1,21,0,0,0,0,26,0,118.97
2,5,0,69,0,0,0,117,0,1281.0,14,0,0,14,1,0,0,0,4,0,206.91
0,8,0,77,0,0,0,79,0,777.0,13,0,0,14,0,0,0,0,5,0,200.46
16,12,2,52,8,0,0,351,81,2884.0,4,5,1,6,1,16,105,4,11,51,2816.18
2,15,0,17,0,0,0,208,0,5794.0,5,0,0,10,1,0,0,0,7,2,1688.17
0,2,0,64,0,0,0,127,0,144.0,11,0,0,18,0,0,0,0,11,0,304.47
0,1,0,51,0,0,0,270,0,996.0,9,0,0,18,0,0,0,0,14,0,333.61
3,3,0,107,0,0,0,422,0,3141.0,16,0,0,7,0,0,0,0,8,0,901.45
0,0,0,66,0,0,0,620,0,3.0,11,0,0,17,0,0,0,0,22,0,200.55
1,8,0,73,0,0,0,371,0,4.0,14,0,0,11,1,0,0,0,20,1,582.07
3,13,0,76,0,0,0,210,0,1809.0,6,0,0,12,1,0,0,0,7,1,340.97
2,9,0,81,0,0,0,701,0,4190.0,2,0,2,12,0,0,0,0,13,1,493.6
0,10,0,74,0,0,0,756,0,88.0,16,0,0,10,0,0,0,0,7,0,389.67
10,14,3,26,60,0,10,309,269,5029.0,10,0,3,2,1,8,573,0,12,67,2386.66
0,4,0,90,0,0,0,151,0,409.0,13,0,0,17,0,0,0,0,9,0,202.36
15,11,2,78,20,1,0,341,370,4612.0,8,9,0,4,2,5,426,0,13,69,2373.85
0,0,0,65,0,0,0,59,0,391.0,12,0,0,16,0,0,0,0,22,0,144.65
0,0,0,0,0,0,0,821,0,502.0,19,0,0,13,0,0,0,0,22,0,728.34
0,2,0,82,0,0,0,502,0,118.0,8,0,0,16,0,0,0,0,19,0,175.33
3,11,0,26,12,0,0,289,334,1495.0,11,3,1,4,2,2,370,0,13,16,2191.88
9,10,1,36,12,0,0,357,250,4977.0,9,6,1,5,3,5,290,0,13,57,1454.36
6,10,1,72,4,0,1,177,348,11754.0,11,4,0,4,1,5,416,0,5,19,971.03
0,3,0,90,0,0,0,90,0,257.0,13,0,0,17,0,0,0,0,8,0,202.55
0,1,0,66,0,0,0,616,0,189.0,11,0,0,20,0,0,0,0,22,0,186.95
6,6,0,31,0,0,0,517,0,3447.0,4,0,0,14,1,0,0,0,13,1,1432.91
10,24,1,85,8,3,0,444,185,11748.0,4,6,4,6,0,35,233,0,8,38,3101.88
0,3,0,82,0,0,0,514,0,3039.0,5,0,0,15,0,0,0,0,16,0,205.38
0,0,0,0,0,0,0,74,0,27.0,20,0,0,16,0,0,0,0,26,0,530.07
0,1,0,31,0,0,0,497,0,483.0,9,0,0,19,0,0,0,0,19,0,1022.23
2,2,0,39,0,0,0,712,4,1887.0,4,0,0,11,0,0,4,0,14,6,950.79
6,7,0,22,4,0,1,177,260,11754.0,11,4,1,4,2,5,300,0,5,16,2315.82
1,5,0,94,0,0,0,532,0,1577.0,4,0,0,14,1,0,0,0,15,0,381.78
0,3,0,32,0,0,0,637,0,708.0,7,0,0,16,0,0,0,0,13,1,541.29
1,2,0,66,0,0,0,609,0,28.0,8,0,0,17,0,0,0,0,19,0,201.87
0,3,0,90,0,0,0,90,0,257.0,13,0,0,17,0,0,0,0,8,0,196.97
1,6,0,67,0,0,0,665,0,128.0,7,0,0,16,1,0,0,0,12,1,1177.1
0,0,0,66,0,0,0,595,0,151.0,13,0,0,21,0,0,0,0,24,0,190.36
0,2,0,40,0,0,0,127,0,144.0,11,0,0,18,0,0,0,0,12,0,223.98
0,1,0,71,0,0,0,26,0,695.0,15,0,0,16,1,0,0,0,24,0,957.57
0,3,0,94,0,0,0,487,0,348.0,6,0,0,15,0,0,0,0,17,0,373.56
5,15,0,15,4,0,1,186,144,2806.0,10,1,1,6,0,2,160,0,3,16,2126.89
2,10,0,72,4,1,0,194,12,5574.0,12,0,1,7,0,0,16,0,3,2,672.04
0,7,0,39,0,0,0,557,0,559.0,7,0,0,12,0,0,0,0,17,0,848.12
3,5,0,69,0,0,0,118,0,2183.0,14,0,0,12,1,0,0,0,3,0,226.41
0,0,0,0,0,0,0,806,0,627.0,20,0,0,15,0,0,0,0,25,0,545.16
2,5,0,70,0,0,0,392,8,202.0,14,0,1,8,0,0,8,0,17,2,1719.31
1,6,0,70,0,0,0,388,4,564.0,14,0,0,8,2,1,4,0,18,2,1929.17
0,5,0,33,0,0,0,407,0,925.0,17,0,0,11,0,0,0,0,20,0,183.29
1,14,0,27,0,0,0,95,0,520.0,10,0,1,11,1,0,0,0,2,1,1121.91
2,2,0,71,0,0,0,15,0,459.0,12,0,0,13,1,0,0,0,21,0,716.16
5,26,1,27,0,0,0,229,0,1386.0,8,0,0,9,2,1,0,0,3,1,1295.21
0,2,0,37,0,0,0,153,0,753.0,12,0,0,18,0,0,0,0,11,0,103.26
2,6,0,19,0,0,0,92,0,294.0,11,0,0,11,0,0,0,0,2,0,516.82
0,1,0,50,0,0,0,492,0,338.0,8,0,0,18,0,0,0,0,19,0,120.31
16,21,1,27,16,0,1,475,252,18627.0,7,7,1,5,3,13,304,0,4,33,2045.37
0,3,0,76,0,0,0,124,0,129.0,11,0,0,16,0,0,0,0,8,0,256.73
1,2,0,66,0,0,0,609,0,28.0,9,0,0,17,0,0,0,0,20,0,161.39
1,8,0,14,0,0,0,180,76,12487.0,11,0,2,6,0,0,80,0,3,9,2496.54
0,0,0,67,0,0,0,126,0,1131.0,12,0,0,19,0,0,0,0,13,0,1104.72
19,20,1,52,4,1,0,730,60,5068.0,3,4,6,7,2,13,76,4,11,56,2753.22
1,2,0,19,0,0,0,96,0,277.0,12,0,0,12,0,0,0,0,3,0,549.15
31,14,0,100,181,4,31,452,172,29835.0,9,13,7,2,5,39,633,14,11,48,2608.12
2,8,0,68,0,0,0,424,0,1823.0,16,1,0,7,0,0,0,0,9,0,893.7
10,20,0,55,4,0,2,183,150,22376.0,9,2,3,5,0,3,178,0,3,21,2054.11
18,22,1,85,16,0,3,475,269,18627.0,7,7,1,5,3,10,325,0,4,38,3503.88
3,8,0,77,0,0,0,85,0,1414.0,12,0,0,15,1,0,0,0,6,0,272.86
0,1,0,0,0,0,0,801,0,242.0,21,0,0,15,0,0,0,0,25,0,721.82
7,11,2,26,159,3,53,306,208,4318.0,11,2,7,1,3,9,581,16,11,57,2581.78
3,4,0,69,0,0,0,84,0,1188.0,13,0,1,13,1,0,0,0,4,0,218.47
0,17,0,14,0,0,0,164,24,53.0,10,0,0,7,0,1,28,0,1,2,2366.79
0,0,0,40,0,0,0,280,0,8.0,12,0,0,20,0,0,0,0,14,0,67.46
0,5,0,0,0,0,0,386,0,690.0,15,0,0,12,2,0,0,0,21,0,768.16
0,0,0,66,0,0,0,603,0,181.0,15,0,0,22,0,0,0,0,26,0,192.29
0,6,0,69,0,0,0,79,0,777.0,12,0,0,14,0,0,0,0,5,0,210.46
6,5,0,17,0,0,0,638,0,9811.0,3,0,0,13,2,0,0,0,12,0,1482.39
2,8,0,68,0,0,0,766,4,1685.0,16,0,0,8,0,1,4,0,7,0,877.0
0,2,0,34,0,0,0,742,0,1442.0,21,0,0,13,0,0,0,0,12,0,548.07
0,0,0,65,0,0,0,50,0,491.0,14,0,0,18,0,0,0,0,24,0,140.02
10,10,1,78,4,0,0,358,198,4080.0,9,7,1,5,3,6,230,0,14,56,2105.29
0,19,0,14,0,0,0,164,24,53.0,10,0,0,7,0,1,28,0,1,2,2469.69
27,12,1,11,36,3,6,473,460,26582.0,6,17,3,4,7,14,577,12,6,79,2968.87
0,4,0,32,0,0,0,688,0,1051.0,7,0,0,17,0,0,0,0,15,0,1060.49
5,12,0,17,0,0,0,668,0,6983.0,2,0,2,11,0,0,0,0,10,0,1714.72
0,1,0,71,0,0,0,26,0,695.0,15,0,0,16,1,0,0,0,24,0,1113.32
0,4,0,90,0,0,0,90,0,257.0,13,0,0,16,0,0,0,0,7,0,207.16
0,1,0,66,0,0,0,548,0,232.0,11,0,0,20,0,0,0,0,22,0,188.97
6,6,0,17,0,0,0,626,0,1404.0,4,0,0,13,1,0,0,0,12,0,1440.27
13,17,1,28,0,0,0,691,28,2987.0,1,1,5,8,2,4,36,4,11,28,2278.53
1,1,0,74,0,0,0,254,0,1640.0,16,0,0,11,1,0,0,0,5,0,393.5
1,16,0,83,0,0,0,99,0,239.0,10,0,0,13,0,0,0,0,4,0,249.26
14,18,1,28,4,0,0,691,28,2987.0,1,1,5,8,2,4,36,0,11,28,2265.43
0,5,0,79,0,0,0,157,0,1497.0,9,0,0,15,0,0,0,0,8,0,922.29
22,14,10,2,51,3,0,463,395,15107.0,6,20,8,3,2,19,649,20,9,32,3872.48
5,18,0,15,4,0,1,186,136,2806.0,9,2,2,6,0,3,160,0,3,19,2363.86
1,0,0,65,0,0,0,76,0,416.0,15,0,0,22,0,0,0,0,26,0,124.2
0,0,0,80,0,0,0,0,0,247.0,19,0,0,20,0,0,0,0,28,0,199.3
0,3,0,31,0,0,0,497,0,483.0,9,0,0,19,0,0,0,0,19,0,902.32
4,8,0,32,0,0,0,630,0,692.0,5,0,0,14,1,0,0,0,11,0,1203.6
0,0,0,9,0,0,0,260,0,76.0,12,0,0,20,0,0,0,0,15,0,154.06
0,0,0,66,0,0,0,605,0,77.0,14,0,0,21,0,0,0,0,25,0,193.15
0,0,0,74,0,0,0,775,0,1029.0,20,0,0,14,0,0,0,0,10,0,340.02
9,11,0,28,0,0,0,702,4,2554.0,1,0,0,11,1,0,4,0,12,9,1724.61
5,5,0,35,0,0,0,43,0,2260.0,10,0,0,11,2,0,0,0,18,0,943.81
0,0,0,80,0,0,0,5,0,530.0,17,0,0,17,0,0,0,0,25,0,210.76
2,12,0,107,0,0,0,409,257,25.0,14,0,0,4,1,0,261,0,9,10,1270.57
0,1,0,50,0,0,0,549,0,426.0,10,0,0,20,0,0,0,0,21,0,92.49
5,3,0,71,0,0,0,39,0,834.0,11,0,1,13,1,0,0,0,20,0,1193.32
0,2,0,82,0,0,0,502,0,118.0,8,0,0,16,0,0,0,0,19,0,147.16
1,2,0,68,0,0,0,427,4,2020.0,15,0,0,7,0,1,4,0,7,0,837.13
0,2,0,34,0,0,0,742,0,1442.0,21,0,0,13,0,0,0,0,12,0,548.97
6,11,0,81,0,0,0,696,4,506.0,1,0,0,11,2,0,4,0,12,5,544.62
0,0,0,66,0,0,0,619,0,334.0,11,0,0,19,0,0,0,0,23,0,235.46
0,1,0,82,0,0,0,510,0,352.0,8,0,0,17,0,0,0,0,19,0,225.74
3,3,0,107,0,0,0,427,8,2020.0,15,1,0,7,1,1,8,0,8,1,900.97
0,0,0,40,0,0,0,288,0,1122.0,13,0,0,20,0,0,0,0,13,0,210.03
0,2,0,37,0,0,0,146,0,665.0,13,0,0,18,0,0,0,0,10,0,107.08
0,2,0,40,0,0,0,125,0,872.0,11,0,0,18,0,0,0,0,12,0,226.47
0,0,0,9,0,0,0,275,0,229.0,13,0,0,22,0,0,0,0,17,0,188.21
4,3,0,72,4,0,0,434,52,3829.0,13,2,0,6,0,0,56,0,5,7,794.8
2,3,0,39,0,0,0,712,4,1887.0,4,0,0,11,0,0,4,0,14,6,1004.89
5,3,0,71,0,0,0,14,0,2118.0,12,0,0,12,1,0,0,0,20,0,966.81
1,1,0,50,0,0,0,507,0,94.0,10,0,0,19,0,0,0,0,20,0,90.8
0,2,0,80,0,0,0,10,0,995.0,13,0,1,14,1,0,0,0,21,0,290.25
0,1,0,82,0,0,0,522,0,224.0,6,0,0,16,0,0,0,0,16,0,208.05
1,7,0,74,0,0,0,750,4,1061.0,16,0,0,10,0,0,4,0,6,0,372.89
0,0,0,74,0,0,0,740,0,986.0,23,0,0,15,0,0,0,0,12,0,353.92
1,5,0,67,0,0,0,665,0,128.0,8,0,0,16,1,0,0,0,11,0,1445.72
27,19,1,52,8,3,1,350,175,4023.0,5,9,2,5,2,45,239,8,11,25,3020.34
0,8,0,69,0,0,0,106,0,54.0,15,0,0,14,0,0,0,0,5,0,260.2
22,15,1,78,40,0,0,293,378,6843.0,9,5,0,3,3,8,529,8,12,64,2475.89
2,9,0,69,0,0,0,93,0,1353.0,11,0,1,12,1,0,0,0,3,0,288.57
0,16,0,83,0,0,0,238,0,1398.0,8,0,0,12,0,0,0,0,5,0,254.93
0,2,0,31,0,0,0,646,0,1122.0,6,0,0,16,0,0,0,0,15,1,1147.41
5,15,1,35,0,0,0,337,4,5035.0,8,0,1,9,1,0,4,0,16,2,1061.64
0,0,0,65,0,0,0,67,0,387.0,12,0,0,18,0,0,0,0,23,0,143.28
8,13,2,25,0,0,0,356,32,2904.0,10,1,1,7,0,2,32,0,15,6,1269.12
0,0,0,9,0,0,0,260,0,76.0,12,0,0,20,0,0,0,0,15,0,153.47
0,2,0,64,0,0,0,121,0,1886.0,9,0,0,16,0,0,0,0,10,0,421.39
0,3,0,33,0,0,0,389,0,668.0,16,0,0,9,0,0,0,0,19,1,189.62
0,0,0,80,0,0,0,6,0,1111.0,16,0,0,17,0,0,0,0,25,0,238.76
2,1,0,67,0,0,0,283,0,320.0,10,0,0,18,0,0,0,0,13,0,1261.1
3,6,0,67,0,0,0,657,0,750.0,7,0,0,15,0,0,0,0,10,1,1162.56
0,4,0,33,0,0,0,406,0,19.0,16,0,0,10,0,0,0,0,19,1,181.04
0,3,0,94,0,0,0,487,0,348.0,6,0,0,16,0,0,0,0,17,0,466.46
4,16,0,75,0,0,0,228,0,1470.0,8,0,0,11,1,0,0,0,4,1,653.67
2,5,0,33,0,0,0,392,12,202.0,13,0,0,7,2,0,12,0,16,2,224.24
12,8,0,15,0,0,1,175,136,8422.0,11,3,0,5,0,1,148,4,4,15,2146.89
18,12,0,84,133,1,18,452,170,29835.0,9,12,4,2,2,33,613,12,11,54,3959.61
0,5,0,94,0,0,0,516,0,4976.0,5,0,0,15,0,0,0,0,16,0,366.39
0,4,0,0,0,0,0,383,0,107.0,16,0,0,13,0,0,0,0,22,0,752.38
1,7,0,72,4,1,0,198,0,5084.0,13,0,1,8,0,0,4,0,3,0,625.62
0,2,0,79,0,0,0,153,0,753.0,12,0,0,18,0,0,0,0,10,0,756.4
0,8,0,34,0,0,0,758,0,1936.0,17,0,0,9,0,1,0,0,8,0,620.21
3,7,0,73,0,0,0,370,0,1.0,13,0,0,11,1,0,0,0,19,0,567.63
0,3,0,73,0,0,0,16,0,1646.0,13,0,0,13,1,0,0,0,21,0,550.56
0,1,0,71,0,0,0,13,0,1229.0,13,0,1,14,0,0,0,0,22,0,115.88
0,3,0,31,0,0,0,688,0,1051.0,7,0,0,17,0,0,0,0,15,0,988.49
2,1,0,34,0,0,0,788,0,543.0,18,0,0,9,0,0,0,0,11,0,475.4
6,13,0,52,0,0,0,322,40,2868.0,6,3,1,8,1,2,44,0,14,45,2543.57
1,8,0,39,0,0,0,575,0,1347.0,6,0,0,13,0,0,0,0,17,0,742.14
0,0,0,9,0,0,0,261,0,176.0,14,0,0,23,0,0,0,0,18,0,187.64
1,0,0,65,0,0,0,76,0,416.0,15,0,0,22,0,0,0,0,27,0,149.16
1,0,0,65,0,0,0,76,0,416.0,15,0,0,22,0,0,0,0,26,0,129.51
2,13,0,75,0,0,0,236,0,663.0,7,0,0,11,1,0,0,0,5,0,659.6
0,0,0,9,0,0,0,264,0,813.0,10,0,0,19,0,0,0,0,15,0,174.67
2,3,0,32,0,0,0,624,0,918.0,5,0,0,14,0,1,0,0,12,0,1311.68
2,11,1,35,0,0,0,333,4,5807.0,8,0,0,10,1,0,4,0,17,0,1019.45
0,5,0,74,0,0,0,748,0,35.0,18,0,0,11,0,0,0,0,8,0,310.99
0,1,0,0,0,0,0,806,0,627.0,20,0,0,15,0,0,0,0,25,0,588.3
7,12,2,36,0,0,0,354,79,2822.0,9,5,1,6,0,5,95,0,14,12,1278.44
1,8,0,73,0,0,0,371,0,4.0,14,0,0,11,1,0,0,0,20,1,570.28
0,3,0,90,0,0,0,149,0,64.0,13,0,0,17,0,0,0,0,9,0,190.91
0,1,0,71,0,0,0,30,0,1189.0,15,0,0,16,1,0,0,0,24,0,1119.86
11,19,1,75,0,0,0,242,40,4364.0,6,0,2,8,1,1,40,0,4,10,862.33
0,10,0,39,0,0,0,569,0,526.0,6,0,0,11,0,0,0,0,16,1,821.06
0,0,0,40,0,0,0,130,0,616.0,12,0,0,19,0,0,0,0,13,0,231.41
0,6,0,69,0,0,0,251,0,413.0,15,0,0,14,0,0,0,0,5,0,204.57
0,2,0,82,0,0,0,495,0,463.0,9,0,0,19,0,0,0,0,20,0,221.59
2,4,0,39,0,0,0,576,0,143.0,7,0,0,14,0,0,0,0,18,0,787.62
0,3,0,34,0,0,0,795,0,1497.0,20,0,0,11,0,0,0,0,12,1,496.89
0,16,0,27,0,0,0,231,0,1182.0,9,0,1,11,0,0,0,0,3,1,1204.06
1,0,0,32,0,0,0,632,0,1629.0,8,0,0,18,1,0,0,0,16,0,1039.56
21,17,2,85,20,1,0,443,349,15646.0,4,7,4,5,3,54,405,8,8,32,3400.99
2,10,0,81,0,0,0,531,0,2126.0,3,0,0,13,1,0,0,0,14,1,408.25
0,0,0,65,0,0,0,64,0,701.0,13,0,0,18,0,0,0,0,23,0,141.05
0,6,0,34,0,0,0,749,0,45.0,18,0,0,11,0,0,0,0,9,0,459.35
0,1,0,80,0,0,0,20,0,42.0,13,0,0,16,0,0,0,0,23,0,286.82
23,12,6,100,75,6,4,343,314,8037.0,7,11,10,3,6,26,637,20,11,43,2400.52
7,12,0,52,0,0,0,705,36,2842.0,4,2,2,8,2,7,44,0,13,38,2562.53
0,2,0,40,0,0,0,119,0,1.0,10,0,0,17,0,0,0,0,10,0,262.16
0,5,0,74,0,0,0,748,0,35.0,18,0,0,11,0,0,0,0,8,0,305.67
2,4,0,33,0,0,0,387,8,166.0,14,0,0,8,2,1,8,0,17,2,213.69
5,3,0,71,0,0,0,14,0,2118.0,12,0,1,13,1,0,0,0,20,0,967.35
4,1,0,69,0,0,0,80,0,878.0,12,0,0,13,2,0,0,0,3,0,273.95
0,1,0,80,0,0,0,22,0,625.0,12,0,0,14,0,0,0,0,21,0,230.75
9,10,2,36,8,0,0,358,270,4080.0,8,9,2,5,2,6,314,0,13,65,1423.88
0,2,0,34,0,0,0,742,0,1442.0,21,0,0,13,0,0,0,0,13,0,507.9
12,16,1,100,95,2,16,296,235,11327.0,10,3,5,2,0,10,589,4,11,69,2412.18
1,0,0,65,0,0,0,53,0,683.0,15,0,0,21,0,0,0,0,26,0,190.02
0,5,0,90,0,0,0,145,0,371.0,12,0,0,17,0,0,0,0,9,0,201.03
0,2,0,40,0,0,0,128,0,720.0,11,0,0,18,0,0,0,0,12,0,235.25
0,0,0,80,0,0,0,2,0,416.0,17,0,0,18,0,0,0,0,26,0,208.86
1,1,0,82,0,0,0,508,0,325.0,9,0,0,17,0,0,0,0,20,0,195.86
1,4,0,19,0,0,0,113,0,1912.0,13,0,0,12,1,0,0,0,3,0,516.4
0,2,0,90,0,0,0,149,0,64.0,13,0,0,18,0,0,0,0,9,0,204.4
4,15,0,76,0,0,0,210,0,1809.0,6,0,0,12,1,0,0,0,7,1,330.9
19,11,2,28,4,1,0,691,28,2987.0,2,0,2,9,2,4,36,0,12,28,2192.81
0,1,0,71,0,0,0,30,0,1189.0,15,0,0,16,1,0,0,0,23,0,1090.5
8,6,0,26,213,2,60,310,163,2125.0,11,7,2,1,7,12,605,31,10,55,2657.97
26,13,0,11,28,3,4,473,444,26582.0,6,16,3,4,6,14,536,12,6,81,3210.31
5,3,0,72,4,0,0,196,68,5394.0,12,2,2,6,0,0,72,0,5,6,762.34
1,2,0,32,0,0,0,684,0,1384.0,8,0,0,19,1,0,0,0,17,0,897.26
0,2,0,37,0,0,0,146,0,665.0,12,0,0,17,0,0,0,0,10,0,105.14
0,0,0,65,0,0,0,62,0,430.0,12,0,0,18,0,0,0,0,23,0,144.36
0,0,0,82,0,0,0,490,0,227.0,7,0,0,17,0,0,0,0,17,0,182.34
0,3,0,72,0,0,0,195,8,665.0,13,1,2,7,0,0,12,0,5,3,732.43
6,14,6,4,175,13,36,482,123,7658.0,10,18,12,1,8,14,625,40,7,55,8287.91
4,16,0,17,0,0,0,225,0,2523.0,3,0,0,11,1,1,0,0,8,1,1682.65
1,8,0,77,0,0,0,91,0,791.0,13,0,0,15,0,0,0,0,6,0,218.87
0,0,0,9,0,0,0,261,0,176.0,14,0,0,23,0,0,0,0,18,0,143.3
0,3,0,0,0,0,0,377,0,32.0,17,0,0,13,2,0,0,0,22,0,566.24
8,25,0,27,0,1,0,246,16,3219.0,7,0,2,8,1,0,16,0,3,6,1417.27
0,1,0,80,0,0,0,19,0,292.0,13,0,0,15,0,0,0,0,23,0,222.02
0,3,0,51,0,0,0,629,0,675.0,6,0,0,15,0,0,0,0,12,1,450.58
34,13,6,100,80,5,6,453,263,36545.0,8,13,11,3,4,36,633,8,11,39,2344.36
0,1,0,51,0,0,0,270,0,996.0,9,0,0,18,0,0,0,0,14,0,316.9
0,1,0,9,0,0,0,636,0,1211.0,8,0,0,18,0,0,0,0,15,0,179.89
0,0,0,80,0,0,0,27,0,1599.0,16,0,0,17,0,0,0,0,25,0,219.19
1,4,0,32,0,0,0,649,0,629.0,6,0,0,15,0,0,0,0,13,1,966.95
38,15,8,57,99,3,7,463,226,15107.0,7,27,13,3,4,27,665,16,9,29,3628.64
27,14,10,2,74,3,1,463,349,15107.0,7,18,16,3,5,26,657,12,10,32,4181.58
17,10,4,78,32,4,2,345,422,8699.0,8,19,5,4,0,41,537,4,12,44,2537.57
2,7,0,27,0,0,0,92,0,294.0,11,0,0,11,1,0,0,0,2,0,1083.83
0,0,0,40,0,0,0,130,0,616.0,12,0,0,19,0,0,0,0,13,0,226.6
16,29,2,98,12,4,0,446,184,16032.0,3,3,5,6,0,37,228,0,8,39,2930.48
1,6,0,69,0,0,0,112,0,492.0,13,0,0,12,1,0,0,0,3,0,186.64
4,9,2,78,12,0,0,357,272,4977.0,9,5,2,5,3,5,308,0,13,54,2189.19
5,18,0,75,0,0,0,200,0,1033.0,6,0,0,10,0,0,0,0,5,5,757.86
3,5,0,17,0,0,0,639,0,5043.0,4,0,0,14,1,1,0,0,13,0,1445.36
0,1,0,65,0,0,0,20,0,42.0,13,0,0,16,0,0,0,0,23,0,144.67
3,15,0,28,0,0,0,725,8,9191.0,0,0,0,10,0,1,8,0,11,9,2199.27
0,18,0,83,0,0,0,162,0,508.0,10,0,0,14,0,0,0,0,6,0,234.9
2,11,1,35,0,0,0,333,4,5807.0,8,0,0,10,1,0,4,0,17,0,1103.58
5,15,0,52,0,0,0,706,20,524.0,5,0,1,9,0,1,20,0,14,21,2507.32
1,12,0,34,0,0,0,751,4,347.0,15,0,0,10,0,0,4,0,5,0,531.04
0,0,0,65,0,0,0,599,0,845.0,14,0,0,21,0,0,0,0,25,0,134.61
8,10,0,74,0,0,0,187,0,1418.0,14,0,1,9,1,0,4,0,4,0,430.71
0,1,0,50,0,0,0,494,0,484.0,8,0,0,18,0,0,0,0,19,0,107.65
9,8,1,44,0,0,0,432,155,4083.0,12,3,4,5,2,1,163,0,6,11,1762.74
3,3,0,35,0,0,0,32,0,2626.0,11,0,1,12,0,0,0,0,19,0,1047.86
3,7,0,74,0,1,0,198,0,5084.0,13,0,1,8,0,0,4,0,4,0,536.68
5,22,0,27,0,0,0,230,0,531.0,7,1,1,9,1,0,0,0,4,2,1399.05
0,8,0,39,0,0,0,581,0,1.0,8,0,0,12,0,0,0,0,18,0,756.48
1,9,0,81,0,0,0,527,0,259.0,4,0,0,13,0,0,0,0,15,0,399.46
0,8,0,34,0,0,0,762,0,1302.0,17,0,0,9,0,0,0,0,8,1,513.18
2,2,0,40,0,0,0,287,0,689.0,10,0,0,18,0,0,0,0,12,0,224.32
2,4,0,81,0,0,0,505,0,170.0,6,0,0,15,1,0,0,0,17,0,471.69
0,0,0,9,0,0,0,265,0,236.0,10,0,0,20,0,0,0,0,16,0,150.05
0,0,0,50,0,0,0,534,0,52.0,13,0,0,23,0,0,0,0,23,0,90.25
3,10,0,83,0,0,0,87,0,109.0,11,0,0,14,1,0,0,0,5,0,286.21
9,9,2,36,12,0,0,358,271,4080.0,9,6,1,5,3,3,311,0,13,61,1385.1
0,2,0,34,0,0,0,796,0,541.0,21,0,0,12,0,0,0,0,12,1,472.44
0,4,0,82,0,0,0,514,0,3039.0,5,0,0,15,0,0,0,0,15,1,200.56
17,16,0,28,4,0,0,689,16,6724.0,1,2,2,9,4,5,20,0,11,19,2011.1
0,2,0,34,0,0,0,795,0,1497.0,20,0,0,11,0,0,0,0,12,1,521.9
0,3,0,82,0,0,0,488,0,499.0,7,0,0,16,0,0,0,0,18,0,178.91
0,1,0,74,0,0,0,741,0,139.0,23,0,0,15,0,0,0,0,13,0,342.52
0,1,0,74,0,0,0,739,0,40.0,22,0,0,14,0,0,0,0,12,0,331.24
2,7,0,77,0,0,0,88,0,89.0,12,0,0,15,1,0,0,0,6,0,252.81
0,0,0,50,0,0,0,539,0,40.0,12,0,0,22,0,0,0,0,22,0,88.41
0,0,0,67,0,0,0,278,0,455.0,12,0,0,20,0,0,0,0,14,0,1147.98
0,0,0,9,0,0,0,636,0,1211.0,9,0,0,18,0,0,0,0,15,0,175.05
2,9,0,39,0,0,0,580,0,1339.0,8,1,0,11,1,0,0,0,17,0,771.79
0,6,0,73,0,0,0,373,0,107.0,13,1,0,9,0,0,0,0,18,2,627.11
14,19,1,85,4,1,0,215,148,16670.0,5,3,2,6,1,6,168,0,6,73,3015.54
1,8,0,81,0,0,0,578,0,1775.0,5,0,0,13,1,0,0,0,16,0,491.05
1,14,0,85,0,2,0,214,36,13304.0,3,0,4,8,0,4,36,0,7,24,2469.54
0,1,0,40,0,0,0,285,0,609.0,11,0,0,18,0,0,0,0,13,0,230.03
18,31,3,98,12,2,0,733,146,12095.0,3,2,5,6,0,32,182,4,9,42,2592.92
16,17,0,52,4,0,0,316,64,6031.0,6,6,3,7,0,3,80,0,13,66,2736.44
1,1,0,50,0,0,0,508,0,325.0,9,0,0,17,0,0,0,0,20,0,97.38
6,16,0,14,4,0,1,186,144,2806.0,10,1,0,6,0,2,160,0,3,20,2624.13
1,3,0,51,0,0,0,624,0,918.0,5,0,0,15,0,1,0,0,12,0,406.94
1,9,0,94,0,0,0,701,4,4190.0,2,0,2,12,0,1,4,0,13,0,533.62
0,3,0,71,0,0,0,42,0,469.0,10,0,0,12,0,0,0,0,19,0,914.94
1,3,0,67,0,0,0,663,0,452.0,8,0,0,16,1,0,0,0,12,0,1396.23
7,16,0,17,0,0,0,201,0,2310.0,5,0,0,10,2,0,0,0,6,6,1742.7
4,18,0,17,0,0,0,724,4,2329.0,0,0,0,10,0,1,8,0,10,10,1795.51
2,1,0,80,0,0,0,28,0,454.0,14,0,1,15,0,0,0,0,23,0,294.9
3,3,0,69,0,0,0,96,0,277.0,11,0,0,12,1,0,0,0,2,0,241.35
0,1,0,31,0,0,0,492,0,338.0,9,0,0,18,0,0,0,0,19,0,919.98
0,8,0,73,0,0,0,369,0,8.0,13,0,0,10,0,0,0,0,19,2,622.98
1,4,0,94,0,0,0,491,0,402.0,5,0,0,15,1,0,0,0,16,0,360.52
4,3,0,17,0,0,0,643,0,2288.0,4,0,0,14,1,0,0,0,12,0,1516.72
1,12,0,74,0,0,0,751,4,347.0,15,0,0,10,0,0,4,0,5,0,487.39
10,11,0,35,0,0,0,322,36,2868.0,5,3,2,8,0,1,44,0,13,48,1377.74
2,9,0,70,0,0,0,290,130,38.0,13,0,0,5,1,1,142,0,14,5,1935.35
3,13,0,83,0,0,0,105,0,476.0,11,0,0,13,0,0,0,0,4,0,270.7
0,8,0,34,0,0,0,766,0,1685.0,16,0,0,8,0,1,0,0,8,0,578.74
0,2,0,34,0,0,0,796,0,541.0,21,0,0,12,0,0,0,0,12,1,568.33
3,9,0,72,4,1,0,194,16,5574.0,12,0,0,7,0,0,20,0,3,2,670.0
23,11,2,78,51,1,4,345,337,8699.0,8,13,0,3,3,32,577,8,12,53,2732.18
0,3,0,90,0,0,0,90,0,257.0,12,0,0,16,0,0,0,0,7,0,269.93
14,11,0,84,238,3,69,307,164,2841.0,10,5,7,1,6,9,617,50,10,69,3985.79
7,26,0,27,0,1,0,246,16,3219.0,7,0,1,8,1,0,16,0,3,6,1425.76
11,15,1,26,117,1,40,309,236,5029.0,10,3,1,2,1,6,577,12,11,68,2561.66
0,1,0,0,0,0,0,804,0,198.0,21,0,0,15,0,0,0,0,24,0,585.5
4,10,1,36,0,0,0,355,40,3972.0,11,1,0,7,3,1,44,0,16,5,1110.53
0,0,0,74,0,0,0,740,0,986.0,22,0,0,15,0,0,0,0,12,0,342.56
0,0,0,9,0,0,0,286,0,188.0,11,0,0,20,0,0,0,0,14,0,156.32
6,7,0,73,0,0,0,374,0,6.0,12,0,0,10,0,0,0,0,18,2,653.07
0,5,0,74,0,0,0,749,0,45.0,18,0,0,11,0,0,0,0,9,0,360.52
0,0,0,66,0,0,0,623,0,584.0,11,0,0,18,0,0,0,0,22,0,270.37
0,0,0,65,0,0,0,64,0,701.0,13,0,0,18,0,0,0,0,23,0,25.94
1,1,0,66,0,0,0,591,0,668.0,11,0,0,19,0,0,0,0,22,0,197.81
5,9,0,36,4,0,0,355,60,3972.0,11,4,0,6,1,0,68,0,15,9,1174.6
0,0,0,9,0,0,0,273,0,24.0,11,0,0,20,0,0,0,0,17,0,149.71
32,16,7,1,58,2,0,459,410,13220.0,6,14,13,3,4,23,637,12,10,32,4400.93
3,10,1,36,8,0,0,357,309,4977.0,10,3,1,5,1,5,349,4,13,52,1414.13
0,5,0,81,0,0,0,505,0,170.0,6,0,0,14,0,0,0,0,17,0,461.25
4,7,0,107,0,0,0,429,44,3342.0,14,2,1,6,3,0,44,0,6,6,961.82
7,7,1,107,0,0,0,429,68,3342.0,13,2,2,6,2,0,72,0,6,7,1067.28
0,0,0,80,0,0,0,6,0,1111.0,17,0,0,17,0,0,0,0,25,0,229.67
0,0,0,9,0,0,0,261,0,176.0,14,0,0,23,0,0,0,0,18,0,144.2
9,6,0,35,0,0,0,334,0,2477.0,10,0,1,10,1,0,0,0,18,1,1136.51
0,0,0,74,0,0,0,775,0,1029.0,20,0,0,14,0,0,0,0,10,0,339.06
5,11,0,89,0,0,0,328,0,2467.0,11,1,3,9,1,0,0,0,17,3,776.71
0,2,0,0,0,0,0,813,0,1.0,22,0,0,17,0,0,0,0,27,0,419.75
0,6,0,70,0,0,0,375,0,161.0,13,0,0,9,0,1,0,0,18,1,1870.14
0,3,0,64,0,0,0,120,0,1146.0,10,0,0,16,0,0,0,0,9,0,329.34
0,5,0,77,0,0,0,248,0,206.0,13,0,0,16,0,0,0,0,7,0,202.0
1,4,0,70,0,0,0,383,0,107.0,16,0,0,13,1,0,0,0,22,0,1530.34
4,11,0,26,20,0,0,289,367,1495.0,11,2,3,4,2,0,407,0,13,23,2239.94
0,1,0,74,0,0,0,778,0,96.0,18,0,0,12,0,0,0,0,8,0,355.78
6,5,0,35,0,0,0,334,0,2477.0,10,0,2,10,1,0,0,0,18,1,1049.61
8,25,1,27,0,1,0,241,48,3259.0,7,0,2,7,0,1,48,0,3,11,1543.12
14,16,3,52,12,1,0,346,129,4621.0,6,3,6,6,1,31,161,4,12,48,3010.85
1,12,1,35,0,0,0,586,4,8665.0,8,0,1,10,0,0,4,0,17,0,1010.63
1,1,0,66,0,0,0,615,0,489.0,10,0,0,19,0,0,0,0,21,0,193.02
0,0,0,9,0,0,0,682,0,1082.0,10,0,0,20,0,0,0,0,17,0,194.33
6,4,0,35,0,0,0,43,0,2260.0,10,0,0,11,3,0,0,0,18,0,1007.2
2,2,0,68,0,0,0,427,4,2020.0,15,1,0,7,0,0,4,0,8,0,838.6
2,5,0,70,0,0,0,392,8,202.0,14,0,0,8,2,0,8,0,17,2,1722.84
1,3,0,71,0,0,0,14,0,2118.0,12,0,0,13,1,0,0,0,21,0,843.51
0,7,0,39,0,0,0,552,0,747.0,7,0,0,13,0,0,0,0,17,0,897.55
0,8,0,70,0,0,0,375,0,161.0,13,0,0,9,2,0,0,0,18,2,1646.88
1,9,0,39,0,0,0,585,0,1045.0,6,0,0,11,0,0,0,0,16,1,970.9
2,4,0,31,0,0,0,645,0,762.0,5,0,0,15,0,0,0,0,14,1,1188.41
0,1,0,0,0,0,0,811,0,67.0,19,0,0,14,0,0,0,0,24,0,546.46
15,15,9,4,270,12,57,482,114,7658.0,9,13,16,1,12,13,629,49,7,55,8192.74
0,2,0,31,0,0,0,524,0,672.0,7,0,0,17,0,0,0,0,16,0,1137.44
16,23,1,52,8,2,0,729,120,4719.0,3,5,5,6,1,17,152,4,10,47,2836.88
6,10,0,17,0,0,0,668,0,6983.0,3,0,0,11,1,0,0,0,9,0,1532.22
8,12,3,91,64,3,21,416,238,5336.0,11,21,6,2,3,12,593,12,7,35,5896.1
0,1,0,0,0,0,0,821,0,502.0,18,0,0,13,2,0,0,0,22,0,639.7
5,10,0,24,0,0,0,328,0,2467.0,11,0,0,9,1,0,0,0,17,2,856.89
1,8,0,81,0,0,0,578,0,1775.0,5,0,0,14,1,0,0,0,17,0,407.82
0,7,0,69,0,0,0,108,0,220.0,16,0,0,15,0,0,0,0,6,0,202.84
0,7,0,70,0,0,0,367,0,1785.0,13,0,0,9,2,1,0,0,18,1,1903.46
11,14,0,91,52,1,13,416,335,5336.0,11,17,8,2,2,7,557,12,7,24,5517.86
0,0,0,65,0,0,0,77,0,292.0,15,0,1,21,0,0,0,0,26,0,164.04
8,12,0,52,0,0,0,705,28,2842.0,4,2,1,8,1,1,28,0,13,31,2500.75
0,0,0,9,0,0,0,257,0,716.0,11,0,0,20,0,0,0,0,15,0,170.35
33,18,4,95,50,0,0,437,398,29015.0,6,10,13,3,8,25,645,12,8,26,3959.01
8,12,0,17,0,0,0,723,4,8517.0,2,0,1,12,2,0,4,0,11,0,1664.01
0,0,0,9,0,0,0,269,0,61.0,11,0,0,20,0,0,0,0,16,0,152.22
2,7,0,36,0,0,0,398,20,1073.0,12,2,0,7,2,2,24,0,16,4,1126.71
1,9,0,73,0,0,0,372,0,3.0,13,0,0,11,1,0,0,0,20,0,577.14
2,6,0,70,0,0,0,400,16,3373.0,13,0,1,7,0,1,16,0,17,1,1925.16
0,1,0,66,0,0,0,610,0,380.0,9,0,0,18,0,0,0,0,21,0,208.29
2,10,0,107,0,0,0,764,4,260.0,16,0,0,8,0,0,4,0,7,1,779.43
10,8,0,35,0,0,0,334,0,2477.0,10,0,0,9,2,0,0,0,17,2,1123.75
16,17,0,52,12,0,0,732,60,4408.0,4,6,3,7,0,13,80,0,11,55,2750.66
0,10,0,34,0,0,0,744,0,793.0,17,0,0,10,0,0,0,0,7,0,517.45
2,20,0,19,0,0,0,170,20,26.0,9,0,0,8,0,1,20,0,1,1,514.86
9,21,1,27,0,1,0,246,12,3219.0,7,0,1,8,1,1,12,0,4,7,1444.17
0,0,0,67,0,0,0,279,0,1.0,12,0,0,20,0,0,0,0,15,0,1097.21
0,3,0,64,0,0,0,144,0,380.0,9,0,0,16,0,0,0,0,10,0,433.12
7,10,1,26,203,0,72,306,206,4318.0,11,5,1,1,7,10,597,8,10,54,2605.44
4,16,0,17,0,0,0,225,0,2523.0,4,0,0,11,1,1,0,0,8,0,1562.24
0,0,0,65,0,0,0,58,0,1081.0,12,0,0,17,0,0,0,0,23,0,196.67
0,0,0,65,0,0,0,58,0,1081.0,12,0,0,17,0,0,0,0,22,0,142.56
0,2,0,66,0,0,0,622,0,315.0,9,0,0,17,0,0,0,0,21,0,198.57
0,3,0,68,0,0,0,791,0,1825.0,18,0,1,9,0,0,0,0,10,0,626.33
0,0,0,40,0,0,0,278,0,455.0,12,0,0,20,0,0,0,0,14,0,295.03
4,17,0,52,0,0,0,324,36,3970.0,6,2,1,8,1,1,40,0,14,44,2502.83
0,5,0,32,0,0,0,649,0,629.0,6,0,0,16,0,0,0,0,14,1,908.49
0,2,0,34,0,0,0,793,0,1808.0,21,0,0,12,0,0,0,0,12,1,564.09
0,0,0,50,0,0,0,680,0,54.0,11,0,0,21,0,0,0,0,21,0,88.78
14,16,1,52,4,0,0,349,64,4758.0,6,3,3,7,0,7,80,0,13,65,2798.43
4,11,0,76,0,0,0,210,0,1809.0,6,0,0,12,1,0,0,0,6,1,257.44
0,10,0,41,0,0,0,585,0,1045.0,7,0,0,11,0,0,0,0,17,0,1042.47
0,1,0,9,0,0,0,636,0,1211.0,8,0,0,18,0,0,0,0,15,0,160.31
2,6,0,73,0,0,0,395,4,292.0,12,1,0,9,0,1,4,0,17,2,608.7
0,16,0,75,0,0,0,238,0,1398.0,8,0,0,12,0,0,0,0,5,0,656.36
1,2,0,32,0,0,0,687,0,2030.0,8,0,0,18,1,0,0,0,16,0,1033.35
0,2,0,74,0,0,0,774,0,17.0,19,0,0,13,0,0,0,0,9,0,348.2
4,5,0,89,0,0,0,36,0,2298.0,11,0,1,10,1,0,0,0,18,1,723.58
0,5,0,34,0,0,0,743,0,27.0,18,0,0,11,0,0,0,0,8,0,461.32
3,21,0,85,0,2,0,719,44,13029.0,2,1,1,8,0,7,48,0,8,37,2530.49
0,7,0,76,0,0,0,157,0,1497.0,10,0,0,15,0,0,0,0,8,0,279.38
0,3,0,51,0,0,0,637,0,708.0,7,0,0,16,0,0,0,0,13,1,377.31
7,10,1,36,4,0,0,359,185,5598.0,11,2,3,5,1,1,201,4,14,14,1234.91
2,6,0,70,0,0,0,400,12,3373.0,13,1,2,7,0,1,12,0,17,1,1865.11
0,0,0,80,0,0,0,5,0,530.0,17,0,0,17,0,0,0,0,25,0,213.93
10,16,0,24,0,0,0,314,28,850.0,9,1,0,8,2,1,28,0,15,9,1392.26
0,1,0,31,0,0,0,520,0,63.0,7,0,0,17,0,0,0,0,17,0,776.34
18,18,0,28,0,1,0,691,32,2987.0,2,2,3,8,2,4,40,4,11,38,2236.72
0,3,0,34,0,0,0,757,0,124.0,18,0,0,10,0,1,0,0,9,0,598.64
3,15,0,27,0,0,0,227,0,245.0,9,0,0,10,0,0,0,0,3,1,1148.48
0,2,0,50,0,0,0,495,0,463.0,9,0,0,19,0,0,0,0,20,0,92.52
2,12,0,17,0,0,0,666,0,5999.0,3,0,2,12,0,0,0,0,10,0,1633.94
1,16,0,14,4,0,0,166,64,2745.0,10,0,2,6,0,1,68,0,2,8,2291.19
4,25,0,27,0,0,0,243,96,4237.0,7,2,2,6,1,4,112,0,4,20,1864.47
1,5,0,25,0,0,0,395,4,292.0,12,1,0,8,2,1,4,0,17,2,1169.05
0,0,0,39,0,0,0,562,0,25.0,8,0,0,14,0,0,0,0,18,0,854.0
15,10,0,78,16,1,0,341,419,4612.0,8,14,3,4,1,10,501,8,12,71,2513.2
1,2,0,81,0,0,0,561,0,14.0,8,0,0,15,0,0,0,0,19,0,324.05
2,3,0,80,0,0,0,39,0,834.0,11,0,1,12,1,0,0,0,19,0,254.92
0,3,0,82,0,0,0,487,0,348.0,6,0,0,15,0,0,0,0,17,0,239.97
9,13,3,26,101,0,35,309,243,5029.0,11,0,1,2,0,7,577,12,11,68,2471.3
2,2,0,32,0,0,0,627,0,1624.0,5,0,0,15,0,1,0,0,13,0,965.55
3,6,0,70,0,0,0,400,8,3373.0,13,0,1,8,0,0,8,0,17,2,1864.09
0,0,0,66,0,0,0,62,0,430.0,13,0,0,19,0,0,0,0,24,0,237.08
0,0,0,9,0,0,0,260,0,76.0,12,0,0,20,0,0,0,0,15,0,171.37
0,9,0,90,0,0,0,156,0,587.0,10,0,0,14,0,0,0,0,7,0,245.48
5,23,1,19,0,0,0,229,0,1386.0,8,0,0,9,2,1,0,0,3,1,567.38
4,7,0,44,0,0,0,429,40,3342.0,13,3,2,6,2,0,44,0,6,6,1436.29
26,12,7,100,55,5,5,343,314,8037.0,8,12,11,3,4,37,617,8,11,39,2198.08
0,5,0,90,0,0,0,147,0,751.0,12,0,0,16,0,0,0,0,8,0,237.04
3,9,0,77,0,0,0,87,0,109.0,12,0,0,15,1,0,0,0,6,0,235.65
0,5,0,39,0,0,0,713,4,2058.0,4,0,0,12,0,0,4,0,15,1,884.34
1,0,0,9,0,0,0,682,0,1082.0,10,0,0,20,1,0,0,0,17,0,173.66
17,17,0,52,4,0,0,316,90,6031.0,6,6,1,7,0,5,106,0,13,66,2938.25
0,0,0,65,0,0,0,49,0,523.0,14,0,0,19,0,0,0,0,25,0,140.35
1,3,0,71,0,0,0,14,0,2118.0,12,0,1,13,1,0,0,0,21,0,725.47
0,4,0,33,0,0,0,368,0,1147.0,15,0,0,10,0,0,0,0,19,1,199.04
4,19,0,52,0,0,0,324,28,3970.0,7,1,0,8,1,0,32,0,14,27,2269.99
0,1,0,66,0,0,0,545,0,461.0,11,0,0,20,0,0,0,0,22,0,220.4
0,9,0,34,0,0,0,770,0,1821.0,16,0,0,9,0,0,0,0,8,1,620.95
0,1,0,74,0,0,0,780,0,3865.0,19,0,0,13,0,0,0,0,8,0,442.22
0,5,0,34,0,0,0,748,0,35.0,17,0,0,11,0,0,0,0,7,0,475.54
0,4,0,31,0,0,0,514,0,3039.0,5,0,0,15,0,0,0,0,16,0,1089.03
0,4,0,39,0,0,0,554,0,86.0,8,0,0,13,0,0,0,0,18,0,726.15
4,13,0,17,0,0,0,666,0,5999.0,3,0,0,12,1,0,0,0,10,0,1572.93
0,0,0,66,0,0,0,589,0,599.0,12,0,0,19,0,0,0,0,23,0,258.25
0,1,0,0,0,0,0,802,0,1390.0,22,0,0,17,1,0,0,0,26,0,631.84
1,16,0,83,0,0,0,101,0,92.0,10,0,0,11,0,0,0,0,3,1,254.3
2,6,0,69,0,0,0,112,0,492.0,13,0,0,12,2,0,0,0,3,0,281.05
0,1,0,66,0,0,0,548,0,232.0,11,0,0,21,0,0,0,0,22,0,189.56
0,3,0,34,0,0,0,782,0,18.0,20,0,0,12,0,0,0,0,11,0,443.07
1,1,0,68,0,0,0,788,0,543.0,19,0,0,9,0,1,0,0,12,0,601.29
0,2,0,66,0,0,0,622,0,315.0,10,0,0,17,0,0,0,0,21,0,232.29
1,1,0,66,0,0,0,616,0,189.0,11,0,0,20,0,0,0,0,22,0,201.59
5,5,0,94,0,0,0,517,0,3447.0,4,0,0,14,1,0,0,0,14,1,454.29
3,4,0,89,0,0,0,31,0,4640.0,11,0,1,11,1,0,0,0,19,0,750.34
4,14,0,17,0,0,0,666,0,5999.0,4,0,0,12,1,0,0,0,10,0,1584.8
7,14,1,36,0,0,0,354,82,2822.0,9,3,0,6,0,5,98,0,14,19,1326.08
6,7,0,89,0,0,0,37,0,138.0,12,0,0,10,0,0,0,0,18,2,785.77
2,8,0,94,0,0,0,527,0,259.0,4,0,0,14,0,0,0,0,16,0,394.24
1,9,0,39,0,0,0,578,0,1775.0,6,0,0,14,1,0,0,0,17,0,815.78
0,9,0,64,0,0,0,132,0,775.0,8,0,0,14,0,0,0,0,8,0,444.1
0,2,0,73,0,0,0,16,0,1646.0,13,0,0,13,1,0,0,0,21,0,579.39
0,0,0,74,0,0,0,772,0,1184.0,19,0,0,12,0,0,0,0,9,0,302.71
0,2,0,0,0,0,0,803,0,641.0,23,0,0,17,1,0,0,0,27,0,536.06
6,10,0,85,0,1,0,218,36,12029.0,4,0,1,8,1,4,36,0,6,22,2259.48
0,11,0,68,0,0,0,768,0,1325.0,16,0,0,10,0,0,0,0,7,1,737.78
1,5,0,107,0,0,0,767,4,490.0,14,0,0,7,1,1,4,0,7,1,984.99
2,3,0,107,0,0,0,422,0,3141.0,15,1,0,7,0,0,0,0,8,0,943.94
0,2,0,0,0,0,0,73,0,1.0,22,0,0,18,0,0,0,0,27,0,504.94
3,15,0,76,0,0,0,210,0,1809.0,6,0,0,12,1,0,0,0,7,1,330.11
4,21,0,17,0,0,0,220,12,5671.0,3,0,0,9,1,0,12,0,7,14,1976.49
0,3,0,0,0,0,0,70,0,38.0,17,0,0,14,0,0,0,0,23,0,570.49
4,6,0,51,0,0,0,630,0,692.0,5,0,0,14,1,0,0,0,11,0,419.71
0,0,0,80,0,0,0,69,0,178.0,14,0,0,17,0,0,0,0,24,0,196.0
0,3,0,32,0,0,0,625,0,90.0,6,0,0,15,0,0,0,0,12,1,1004.07
17,17,1,85,4,1,0,219,140,23564.0,5,2,4,6,1,5,160,0,6,71,3153.76
2,8,0,35,0,0,0,583,0,244.0,8,1,0,11,1,0,0,0,18,0,1035.15
0,0,0,74,0,0,0,778,0,96.0,19,0,0,12,0,0,0,0,8,0,302.63
0,5,0,69,0,0,0,107,0,898.0,14,0,0,15,0,0,0,0,5,0,214.39
1,4,0,33,0,0,0,387,4,166.0,14,0,0,8,2,1,4,0,17,2,205.25
0,1,0,74,0,0,0,737,0,144.0,22,0,0,15,0,0,0,0,13,0,334.9
1,3,0,19,0,0,0,96,0,277.0,12,0,0,12,0,0,0,0,2,0,479.8
0,7,0,69,0,0,0,108,0,220.0,16,0,0,15,0,0,0,0,6,0,231.17
11,12,1,25,0,0,0,354,56,2822.0,9,2,1,7,0,2,56,0,15,9,1297.55
0,1,0,32,0,0,0,632,0,1629.0,8,0,0,18,0,0,0,0,15,0,1037.93
0,0,0,80,0,0,0,6,0,1111.0,17,0,0,18,0,0,0,0,26,0,211.4
2,10,0,107,0,0,0,764,4,260.0,16,0,0,8,0,0,4,0,7,1,715.18
6,3,0,72,0,0,1,179,104,6409.0,12,3,1,6,1,0,108,4,4,9,813.87
0,4,0,77,0,0,0,89,0,994.0,14,0,0,16,0,0,0,0,7,0,199.85
3,3,0,68,0,0,0,422,0,3141.0,16,0,0,7,0,0,0,0,8,0,892.18
0,1,0,31,0,0,0,522,0,224.0,6,0,0,16,0,0,0,0,16,0,997.27
0,2,0,65,0,0,0,17,0,287.0,12,0,0,14,0,0,0,0,21,0,157.27
4,5,0,41,0,0,0,570,8,851.0,4,0,0,10,0,0,8,0,14,7,1139.46
0,0,0,67,0,0,0,281,0,875.0,11,0,0,19,0,0,0,0,13,0,1122.13
0,14,0,14,0,0,0,191,4,977.0,11,0,0,9,0,0,4,0,0,1,1888.28
0,1,0,77,0,0,0,250,0,288.0,15,0,0,18,0,0,0,0,9,0,200.41
0,0,0,66,0,0,0,610,0,380.0,10,0,0,18,0,0,0,0,21,0,199.19
1,0,0,66,0,0,0,63,0,652.0,13,0,0,19,0,0,0,0,24,0,259.38
0,0,0,80,0,0,0,68,0,4.0,14,0,0,17,0,0,0,0,23,0,288.93
0,0,0,80,0,0,0,7,0,18.0,18,0,0,19,0,0,0,0,27,0,199.6
6,12,1,25,0,0,0,354,72,2822.0,10,3,0,6,0,3,76,0,15,9,1459.6
17,17,0,35,4,0,0,316,82,6031.0,7,4,4,6,0,5,98,0,13,64,1547.3
0,3,0,64,0,0,0,142,0,948.0,10,0,0,17,0,0,0,0,11,0,355.92
16,12,0,52,4,1,0,708,28,987.0,2,1,3,8,2,5,36,0,12,30,2516.4
0,5,0,39,0,0,0,554,0,86.0,8,0,0,13,0,0,0,0,18,0,772.09
0,8,0,70,0,0,0,363,0,673.0,14,0,0,11,0,0,0,0,20,1,1872.04
0,6,0,69,0,0,0,251,0,413.0,15,0,0,15,0,0,0,0,5,0,200.36
0,3,0,37,0,0,0,150,0,484.0,13,0,0,17,0,0,0,0,9,0,104.2
0,8,0,34,0,0,0,758,0,1936.0,17,0,0,9,0,1,0,0,9,0,534.1
3,16,0,17,0,0,0,221,0,5752.0,3,0,0,11,1,1,0,0,8,1,1690.1
11,16,0,15,8,0,1,176,184,9638.0,10,3,3,5,1,2,220,0,4,25,2222.95
0,0,0,32,0,0,0,683,0,628.0,9,0,0,19,0,0,0,0,16,0,1143.91
16,6,0,26,202,6,38,310,144,2125.0,10,7,4,0,3,12,617,88,10,63,2836.82
0,2,0,0,0,0,0,75,0,31.0,21,0,0,17,0,0,0,0,26,0,723.81
6,7,0,73,0,0,0,327,0,606.0,12,1,0,9,0,0,0,0,18,3,638.55
2,8,0,51,0,0,0,657,0,750.0,7,0,1,15,0,0,0,0,10,1,400.48
0,1,0,66,0,0,0,545,0,461.0,11,0,0,20,0,0,0,0,22,0,262.75
3,5,0,41,0,0,0,570,8,851.0,4,0,0,10,0,0,8,0,15,6,1191.11
0,18,0,83,0,0,0,162,0,508.0,10,0,0,13,0,0,0,0,6,0,231.43
0,0,0,66,0,0,0,603,0,181.0,15,0,0,22,0,0,0,0,26,0,186.44
0,0,0,65,0,0,0,67,0,387.0,12,0,0,18,0,0,0,0,23,0,193.61
7,17,0,35,0,0,0,323,28,1410.0,5,0,1,8,0,1,28,0,14,23,1093.02
6,11,0,28,0,0,0,696,4,506.0,2,0,0,12,2,0,4,0,13,1,540.57
1,4,0,39,0,0,0,713,4,2058.0,4,0,0,11,0,0,4,0,14,5,908.78
3,9,1,25,0,0,0,399,28,2574.0,11,1,0,7,3,1,32,0,16,4,1161.07
2,1,0,67,0,0,0,664,0,14.0,9,0,0,18,0,0,0,0,13,0,1156.3
0,2,0,34,0,0,0,782,0,18.0,20,0,0,12,0,0,0,0,11,0,437.59
0,0,0,9,0,0,0,683,0,628.0,9,0,0,19,0,0,0,0,16,0,195.19
10,3,0,41,0,0,0,716,8,1823.0,3,0,1,10,2,0,8,0,13,8,1367.96
0,5,0,33,0,0,0,401,0,71.0,16,0,0,10,0,0,0,0,20,1,185.76
0,0,0,9,0,0,0,286,0,188.0,11,0,0,20,0,0,0,0,14,0,123.8
6,17,0,35,0,0,0,336,16,1390.0,8,1,0,8,2,0,16,0,15,6,1094.92
2,7,0,94,0,0,0,515,0,3053.0,4,0,0,14,1,0,0,0,14,1,405.04
1,12,1,35,0,0,0,333,4,5807.0,8,0,0,10,0,0,4,0,17,0,1019.64
0,7,0,70,0,0,0,375,0,161.0,13,0,0,9,0,0,0,0,18,2,1723.27
0,1,0,82,0,0,0,522,0,224.0,6,0,0,16,0,0,0,0,16,0,231.23
0,1,0,65,0,0,0,18,0,300.0,13,0,0,16,0,0,0,0,22,0,164.8
1,4,0,94,0,0,0,532,0,1577.0,5,0,0,14,1,0,0,0,16,0,433.88
2,14,0,17,0,0,0,208,0,5794.0,5,0,0,11,1,0,0,0,7,2,1658.19
5,25,0,19,0,0,0,229,0,1386.0,8,1,0,9,2,1,0,0,2,1,560.24
0,6,0,35,0,0,0,583,0,244.0,9,0,0,12,0,0,0,0,18,0,938.05
3,16,0,19,0,0,0,233,0,1076.0,9,1,0,10,0,0,0,0,2,1,496.18
0,2,0,0,0,0,0,74,0,27.0,20,0,0,16,0,0,0,0,26,0,569.11
0,3,0,32,0,0,0,643,0,2288.0,4,0,0,14,0,1,0,0,13,0,1150.73
6,17,0,75,0,0,0,204,0,1519.0,6,0,0,10,1,0,0,0,6,2,701.01
12,16,0,84,158,2,44,452,177,29835.0,9,8,6,2,2,24,613,28,11,59,3765.92
0,6,0,76,0,0,0,157,0,1497.0,10,0,0,15,0,0,0,0,7,0,284.43
0,0,0,67,0,0,0,278,0,455.0,12,0,0,20,0,0,0,0,14,0,671.48
3,16,0,64,0,0,0,658,0,1586.0,6,0,0,13,2,0,0,0,9,1,422.08
0,2,0,64,0,0,0,128,0,720.0,11,0,0,18,0,0,0,0,12,0,318.3
0,3,0,82,0,0,0,488,0,499.0,7,0,0,16,0,0,0,0,18,0,179.42
0,3,0,39,0,0,0,552,0,747.0,8,0,0,13,0,0,0,0,18,0,818.28
1,0,0,66,0,0,0,603,0,181.0,15,0,0,22,0,0,0,0,26,0,184.82
0,5,0,33,0,0,0,401,0,71.0,17,0,0,11,0,0,0,0,21,0,182.1
14,11,3,78,36,1,0,293,405,6843.0,9,11,1,3,2,11,525,4,12,69,2540.99
21,19,3,95,28,3,0,445,458,16116.0,5,8,7,4,5,38,568,4,8,28,3393.36
4,11,0,14,0,0,0,165,40,8431.0,11,0,1,7,0,0,44,4,3,4,2336.2
2,16,0,83,0,0,0,99,0,239.0,10,0,0,13,1,0,0,0,4,0,272.82
0,0,0,50,0,0,0,680,0,54.0,12,0,0,22,0,0,0,0,21,0,89.45
0,0,0,80,0,0,0,3,0,475.0,18,0,0,19,0,0,0,0,27,0,208.35
0,1,0,50,0,0,0,494,0,484.0,8,0,0,18,0,0,0,0,19,0,108.7
0,2,0,40,0,0,0,129,0,285.0,12,0,0,18,0,0,0,0,12,0,262.37
0,0,0,9,0,0,0,276,0,217.0,13,0,0,22,0,0,0,0,18,0,145.03
1,1,0,66,0,0,0,614,0,113.0,12,0,0,20,0,0,0,0,23,0,186.52
2,6,0,94,0,0,0,513,0,8072.0,4,0,0,14,1,0,0,0,15,1,451.67
0,5,0,77,0,0,0,86,0,809.0,12,0,0,16,0,0,0,0,8,0,231.24
0,5,0,69,0,0,0,107,0,898.0,14,0,0,15,0,0,0,0,5,0,201.58
0,0,0,9,0,0,0,261,0,176.0,14,0,0,24,0,0,0,0,19,0,138.48
4,9,0,94,0,0,0,531,0,2126.0,3,0,0,13,2,0,0,0,14,1,480.94
3,1,0,69,0,0,0,78,0,1133.0,13,0,0,14,1,0,0,0,4,0,243.74
0,5,0,68,0,0,0,767,4,490.0,15,0,0,7,1,0,4,0,7,2,945.34
0,10,0,39,0,0,0,567,0,286.0,5,0,0,11,0,0,0,0,16,1,827.76
0,0,0,66,0,0,0,619,0,334.0,11,0,0,18,0,0,0,0,22,0,199.81
0,0,0,80,0,0,0,4,0,1463.0,18,0,0,19,0,0,0,0,27,0,202.85
4,22,0,27,0,0,0,228,0,1470.0,7,0,1,10,0,0,0,0,4,2,1202.17
5,8,0,34,0,0,0,426,0,3031.0,16,0,0,8,0,0,0,0,9,0,644.66
0,0,0,80,0,0,0,5,0,530.0,17,0,0,17,0,0,0,0,25,0,214.18
0,0,0,66,0,0,0,61,0,14.0,12,0,0,17,0,0,0,0,22,0,202.97
1,8,0,74,0,0,0,750,0,1061.0,16,0,0,10,0,0,0,0,6,0,414.57
3,7,0,77,0,0,0,85,0,1414.0,12,0,0,15,1,0,0,0,6,0,248.73
3,3,0,107,0,0,0,767,4,490.0,15,0,0,7,0,1,4,0,7,0,906.5
7,7,0,94,0,0,0,638,0,9811.0,3,0,2,13,1,0,0,0,12,0,472.6
0,3,0,79,0,0,0,122,0,528.0,12,0,0,17,0,0,0,0,9,0,649.61
10,12,0,85,0,0,0,219,88,23564.0,5,2,0,7,2,6,100,0,6,46,2778.07
1,1,0,66,0,0,0,606,0,421.0,10,0,0,19,0,0,0,0,22,0,233.57
3,5,0,82,0,0,0,503,0,1068.0,6,0,0,14,1,0,0,0,17,0,233.79
11,14,0,27,0,0,0,219,96,23564.0,5,2,2,6,0,7,112,0,5,47,1811.13
0,0,0,9,0,0,0,270,0,996.0,10,0,0,19,0,0,0,0,14,0,177.5
2,6,0,77,0,0,0,111,0,663.0,13,0,0,16,1,0,0,0,6,0,243.29
6,25,1,27,0,0,0,247,56,1943.0,7,0,3,7,0,1,56,0,3,12,1669.17
12,15,0,75,0,1,0,242,32,4364.0,6,1,3,8,1,2,32,0,4,9,873.01
2,10,0,34,0,0,0,770,0,1821.0,16,0,0,9,0,0,0,0,7,1,452.28
3,11,0,81,0,0,0,529,0,1010.0,4,0,0,13,1,0,0,0,15,0,527.29
0,0,0,66,0,0,0,595,0,151.0,13,0,0,21,0,0,0,0,24,0,189.06
0,14,1,35,0,0,0,586,4,8665.0,8,0,1,10,0,0,4,0,17,0,1164.11
6,29,0,28,0,0,0,728,12,7178.0,1,0,0,9,1,0,16,0,9,26,2126.55
0,1,0,50,0,0,0,538,0,3.0,11,0,0,21,0,0,0,0,22,0,90.26
0,2,0,34,0,0,0,796,0,541.0,21,0,0,12,0,0,0,0,13,0,442.04
0,7,0,90,0,0,0,161,0,299.0,11,0,0,15,0,0,0,0,7,0,213.5
9,6,0,89,0,0,0,35,0,5842.0,10,0,1,10,1,0,0,0,18,2,791.09
13,18,1,85,8,1,0,215,132,16670.0,4,2,4,6,3,6,152,0,6,74,2956.02
0,2,0,32,0,0,0,635,0,728.0,8,0,0,17,0,0,0,0,14,0,1185.37
34,12,1,84,323,4,60,450,136,9274.0,8,20,13,2,10,37,661,49,10,37,4426.46
3,4,0,94,0,0,0,503,0,1068.0,6,0,0,15,1,0,0,0,17,0,469.65
2,3,0,32,0,0,0,662,0,476.0,7,0,0,16,0,0,0,0,13,1,1053.85
0,2,0,31,0,0,0,522,0,224.0,6,0,0,16,0,0,0,0,16,0,994.87
0,0,0,9,0,0,0,282,0,648.0,11,0,0,19,0,0,0,0,14,0,156.18
4,5,0,72,4,0,0,194,4,5574.0,13,0,0,7,1,0,8,0,4,1,630.77
0,2,0,34,0,0,0,782,0,18.0,20,0,0,12,0,0,0,0,11,0,445.82
0,5,0,90,0,0,0,147,0,751.0,12,0,0,16,0,0,0,0,8,0,270.45
4,15,0,75,0,0,0,237,0,1540.0,6,0,0,11,1,0,0,0,6,0,671.66
0,3,0,70,0,0,0,386,0,690.0,16,0,0,12,2,0,0,0,21,0,1565.47
3,22,0,19,0,0,0,174,4,1551.0,9,0,0,9,0,1,4,0,1,1,530.68
1,6,1,25,0,0,0,399,12,2574.0,12,1,0,7,2,1,12,0,16,3,1144.82
8,10,0,28,0,0,0,690,4,4100.0,1,0,0,10,2,0,8,0,12,9,1855.2
2,20,0,17,0,2,0,719,52,13029.0,3,1,4,7,0,9,56,0,8,51,2011.27
0,9,0,76,0,0,0,159,0,666.0,9,0,0,14,0,0,0,0,7,0,303.61
0,1,0,82,0,0,0,494,0,484.0,8,0,0,18,0,0,0,0,19,0,201.2
0,1,0,66,0,0,0,545,0,461.0,11,0,0,20,0,0,0,0,21,0,197.03
0,2,0,34,0,0,0,742,0,1442.0,21,0,0,13,0,0,0,0,12,0,545.98
0,1,0,50,0,0,0,539,0,40.0,12,0,0,22,0,0,0,0,22,0,91.09
12,21,1,28,0,0,0,695,36,5105.0,1,4,3,8,2,11,48,4,10,43,2169.19
2,2,0,81,0,0,0,560,0,24.0,7,0,0,14,0,0,0,0,18,0,356.55
12,21,1,28,0,0,0,695,36,5105.0,2,4,3,8,2,11,48,0,10,44,2170.08
0,10,0,39,0,0,0,567,0,286.0,5,0,0,11,0,0,0,0,16,1,706.53
1,12,0,74,0,0,0,750,4,1061.0,15,0,0,9,0,0,4,0,5,0,416.29
5,14,0,17,0,0,0,670,0,9223.0,4,0,0,12,1,1,0,0,9,0,1530.61
0,4,0,90,0,0,0,249,0,107.0,13,0,0,17,0,0,0,0,8,0,214.78
0,3,0,0,0,0,0,386,0,690.0,16,0,0,12,2,0,0,0,22,0,594.43
0,1,0,50,0,0,0,551,0,807.0,9,0,0,19,0,0,0,0,20,0,115.95
0,3,0,64,0,0,0,142,0,948.0,9,0,0,16,0,0,0,0,10,0,417.38
2,9,0,81,0,0,0,531,0,2126.0,4,0,0,13,1,0,0,0,15,1,399.53
0,6,0,76,0,0,0,157,0,1497.0,10,0,0,15,0,0,0,0,8,0,295.57
0,7,0,34,0,0,0,789,0,1672.0,17,0,1,8,0,0,0,0,10,0,606.84
13,21,1,85,4,1,0,444,135,11748.0,3,4,2,6,1,18,167,4,8,60,2975.15
0,7,0,70,0,0,0,367,4,1785.0,14,0,1,9,2,1,4,0,18,2,1698.54
0,1,0,80,0,0,0,22,0,625.0,12,0,1,14,0,0,0,0,21,0,236.91
35,13,5,1,171,5,15,453,168,36545.0,8,19,6,2,7,35,649,30,10,39,5030.22
0,7,0,34,0,0,0,791,0,1825.0,17,0,1,8,0,0,0,0,10,0,517.23
0,1,0,77,0,0,0,250,0,288.0,15,0,0,18,0,0,0,0,9,0,195.72
1,0,0,66,0,0,0,76,0,416.0,15,0,0,22,0,0,0,0,26,0,184.71
0,1,0,50,0,0,0,511,0,450.0,9,0,0,19,0,0,0,0,20,0,120.84
2,18,0,17,0,0,0,726,8,11342.0,2,0,0,10,1,0,8,0,9,6,1642.6
0,0,0,65,0,0,0,599,0,845.0,14,0,0,20,0,0,0,0,25,0,159.4
11,10,2,36,8,0,0,358,202,4080.0,9,6,1,5,3,5,234,0,13,56,1413.29
0,3,0,94,0,0,0,487,0,348.0,6,0,0,16,0,0,0,0,17,0,378.26
0,0,0,65,0,0,0,598,0,906.0,13,0,1,20,0,0,0,0,24,0,188.66
0,0,0,80,0,0,0,6,0,1111.0,16,0,0,17,0,0,0,0,25,0,284.13
2,4,1,73,0,0,0,394,8,992.0,12,0,0,8,2,1,8,0,17,1,625.38
5,14,0,52,0,0,0,323,20,1410.0,5,0,1,9,0,1,20,0,14,20,2335.09
2,4,0,35,0,0,0,43,0,2260.0,11,0,1,11,1,0,0,0,19,0,1007.26
0,0,0,66,0,0,0,619,0,334.0,11,0,0,18,0,0,0,0,22,0,200.58
0,0,0,50,0,0,0,680,0,54.0,11,0,0,21,0,0,0,0,21,0,89.05
0,1,0,37,0,0,0,155,0,357.0,13,0,0,19,0,0,0,0,11,0,30.05
2,4,0,73,0,0,0,394,8,992.0,12,1,0,8,2,1,8,0,17,1,631.5
1,14,0,83,0,0,0,231,0,1182.0,9,0,1,11,0,0,0,0,2,1,275.77
4,1,0,69,0,0,0,80,0,878.0,13,0,0,13,2,0,0,0,4,0,278.72
0,17,0,14,0,0,0,164,12,53.0,11,0,0,8,0,0,16,0,1,2,1924.94
0,14,0,17,0,0,0,208,0,5794.0,4,0,1,11,0,0,0,0,7,1,1527.43
26,11,9,78,50,4,5,345,326,8699.0,8,15,9,3,3,50,593,16,11,36,2764.87
0,6,0,74,0,0,0,743,0,27.0,18,0,0,11,0,0,0,0,8,0,365.04
1,0,0,74,0,0,0,252,0,4009.0,16,0,1,12,1,0,0,0,5,0,407.52
7,15,2,26,24,3,0,298,323,4075.0,11,1,5,2,1,7,545,8,12,54,2489.82
1,8,0,34,0,0,0,750,4,1061.0,16,0,0,10,0,0,4,0,6,0,552.77
1,9,0,39,0,0,0,585,0,1045.0,7,0,0,11,0,0,0,0,17,0,831.66
29,18,5,96,36,1,2,461,466,15901.0,5,16,12,4,4,21,617,8,9,24,2783.48
0,3,0,32,0,0,0,631,0,1078.0,7,0,0,17,0,0,0,0,14,0,925.98
2,5,0,81,0,0,0,528,0,364.0,6,0,0,15,1,0,0,0,17,0,373.37
0,2,0,50,0,0,0,550,0,94.0,11,0,0,21,0,0,0,0,21,0,104.66
1,7,0,74,0,0,0,750,4,1061.0,16,0,0,10,0,0,4,0,6,0,400.41
0,3,0,0,0,0,0,376,0,304.0,17,0,0,13,0,0,0,0,22,0,752.92
0,4,0,34,0,0,0,783,0,22.0,19,0,0,11,0,0,0,0,10,1,452.88
0,0,0,66,0,0,0,589,0,599.0,12,0,0,20,0,0,0,0,23,0,194.97
3,12,0,14,0,0,0,165,32,8431.0,12,0,0,7,0,0,36,4,3,3,2178.2
0,1,0,0,0,0,0,812,0,560.0,20,0,0,15,0,0,0,0,24,0,526.2
2,11,0,34,0,0,0,764,4,260.0,16,0,0,8,0,0,4,0,7,1,644.02
1,4,0,32,0,0,0,645,0,762.0,6,0,0,16,0,0,0,0,14,1,983.56
0,8,0,39,0,0,0,581,0,1.0,8,0,0,12,0,0,0,0,17,0,751.18
5,28,0,17,0,0,0,728,12,7178.0,1,0,0,9,1,1,16,0,9,21,2022.7
13,17,0,28,4,0,0,689,20,6724.0,1,2,3,9,2,6,24,0,11,19,2077.86
8,10,0,17,0,0,0,218,24,12029.0,5,0,0,8,1,1,24,0,6,15,1912.83
0,1,0,74,0,0,0,738,0,367.0,21,0,0,14,0,0,0,0,11,0,344.4
0,2,0,82,0,0,0,487,0,348.0,6,0,0,15,0,0,0,0,17,0,213.95
1,13,0,27,0,0,0,231,0,1182.0,9,0,1,10,0,0,0,0,2,1,1141.37
1,6,0,69,0,0,0,103,0,421.0,11,0,0,13,1,0,0,0,4,0,243.99
0,0,0,66,0,0,0,617,0,502.0,10,0,0,19,0,0,0,0,21,0,225.03
0,2,0,0,0,0,0,800,0,1175.0,22,0,0,16,1,0,0,0,26,0,709.41
11,10,0,85,0,0,0,213,72,12462.0,5,2,0,7,3,5,80,0,6,35,2667.5
0,15,0,76,0,0,0,158,0,233.0,9,0,0,13,0,0,0,0,6,0,269.42
0,1,0,33,0,0,0,826,0,1337.0,19,0,0,13,0,0,0,0,22,0,186.31
1,10,0,81,0,0,0,529,0,1010.0,5,0,0,13,0,0,0,0,16,0,397.86
1,1,0,66,0,0,0,508,0,325.0,9,0,0,18,0,0,0,0,20,0,216.21
3,16,0,75,0,0,0,201,0,2310.0,5,0,0,10,2,0,0,0,6,2,683.32
12,8,0,15,0,0,1,180,140,12487.0,11,3,1,5,0,1,156,4,4,15,2210.55
2,10,0,68,0,0,0,764,4,260.0,16,0,0,9,0,0,4,0,7,1,673.05
0,7,0,73,0,0,0,375,0,161.0,13,0,0,9,2,1,0,0,18,1,580.52
1,6,0,94,0,0,0,532,0,1577.0,4,0,0,14,1,0,0,0,15,0,384.56
0,16,0,75,0,0,0,238,0,1398.0,9,0,0,13,0,0,0,0,6,0,567.38
2,10,0,68,0,0,0,770,0,1821.0,16,0,0,9,0,0,0,0,8,1,825.67
11,18,1,27,0,0,0,242,40,4364.0,6,0,2,8,1,1,40,0,4,10,1653.88
1,5,0,107,0,0,0,767,4,490.0,15,0,0,7,0,1,4,0,7,1,931.1
0,2,0,0,0,0,0,378,0,762.0,18,0,0,13,2,0,0,0,23,0,730.3
0,8,0,39,0,0,0,574,0,855.0,6,0,0,14,0,0,0,0,17,0,809.02
0,4,0,64,0,0,0,120,0,1146.0,10,0,0,15,0,0,0,0,8,0,329.18
10,17,2,11,8,1,0,474,318,25121.0,5,3,5,5,0,10,390,4,6,78,2770.72
0,2,0,31,0,0,0,526,0,537.0,6,0,0,16,0,0,0,0,16,0,1296.76
0,3,0,33,0,0,0,402,0,240.0,16,0,0,11,2,0,0,0,20,1,227.93
29,21,2,98,28,1,2,458,354,4119.0,5,19,2,5,5,18,434,8,10,29,2995.92
0,1,0,82,0,0,0,492,0,338.0,9,0,0,19,0,0,0,0,19,0,193.3
0,0,0,65,0,0,0,49,0,523.0,15,0,0,19,0,0,0,0,25,0,188.92
0,2,0,82,0,0,0,500,0,240.0,8,0,0,17,0,0,0,0,19,0,177.25
29,17,2,52,16,0,0,350,129,4023.0,5,5,2,6,3,31,165,0,11,40,3070.57
10,12,1,25,0,0,0,354,56,2822.0,9,2,1,7,0,2,56,0,15,9,1288.76
1,2,0,31,0,0,0,684,0,1384.0,8,0,0,18,1,0,0,0,17,0,1229.68
1,14,0,75,0,0,0,235,0,165.0,7,0,0,12,0,0,0,0,6,0,586.55
0,6,0,34,0,0,0,756,0,88.0,17,0,0,11,0,0,0,0,7,0,413.89
1,0,0,65,0,0,0,76,0,416.0,15,0,0,22,0,0,0,0,26,0,145.45
0,0,0,65,0,0,0,51,0,742.0,14,0,0,19,0,0,0,0,24,0,190.69
0,1,0,66,0,0,0,548,0,232.0,12,0,0,21,0,0,0,0,22,0,188.5
0,2,0,64,0,0,0,121,0,1886.0,10,0,0,16,0,0,0,0,9,0,346.58
0,0,0,40,0,0,0,278,0,455.0,12,0,0,20,0,0,0,0,14,0,232.75
34,15,12,1,50,3,0,459,390,13220.0,7,6,5,3,7,23,617,4,11,36,4295.93
0,1,0,31,0,0,0,678,0,272.0,10,0,0,21,0,0,0,0,19,0,767.86
0,3,0,82,0,0,0,488,0,499.0,7,0,0,16,0,0,0,0,18,0,161.74
10,20,0,28,4,0,0,695,24,5105.0,1,2,4,8,1,4,28,0,11,29,2192.44
0,8,0,73,0,0,0,372,0,3.0,14,0,1,12,0,0,0,0,20,0,550.26
2,6,0,69,0,0,0,110,0,839.0,14,0,0,16,1,0,0,0,6,0,230.97
12,5,1,44,4,0,0,430,120,3952.0,12,1,2,5,2,0,124,0,5,10,1672.23
0,2,0,37,0,0,0,146,0,665.0,12,0,0,17,0,0,0,0,10,0,96.43
2,6,0,81,0,0,0,701,0,4190.0,3,0,0,13,0,1,0,0,13,0,442.82
1,7,0,73,0,0,0,372,0,3.0,14,0,0,11,1,0,0,0,20,0,549.11
0,2,0,34,0,0,0,796,0,541.0,21,0,0,12,0,0,0,0,12,1,549.82
1,1,0,66,0,0,0,547,0,185.0,10,0,0,20,0,0,0,0,21,0,193.7
0,0,0,65,0,0,0,67,0,387.0,12,0,0,18,0,0,0,0,23,0,146.09
0,1,0,66,0,0,0,615,0,489.0,10,0,0,19,0,0,0,0,21,0,199.17
0,2,0,31,0,0,0,684,0,1384.0,8,0,0,18,0,0,0,0,16,0,1084.93
0,1,0,66,0,0,0,608,0,50.0,10,0,0,18,0,0,0,0,21,0,201.69
9,9,1,36,0,0,0,358,171,4080.0,9,7,1,5,3,4,203,0,14,55,1370.25
1,8,0,39,0,0,0,576,0,143.0,6,0,0,13,0,0,0,0,17,0,722.69
0,20,0,75,0,0,0,238,0,1398.0,9,0,0,12,0,0,0,0,5,0,602.72
0,1,0,51,0,0,0,660,0,892.0,8,0,0,17,0,0,0,0,13,0,333.23
2,14,0,69,0,0,0,105,0,476.0,10,0,0,12,0,0,0,0,3,0,287.75
1,6,0,70,0,0,0,383,0,107.0,15,0,0,12,1,0,0,0,21,0,1802.01
0,0,0,66,0,0,0,604,0,45.0,14,0,0,21,0,0,0,0,25,0,187.78
2,2,0,82,0,0,0,499,0,607.0,7,0,0,15,0,0,0,0,18,0,213.8
7,14,0,25,0,0,0,329,32,3341.0,10,3,3,7,0,1,32,0,16,5,1292.66
2,23,0,27,0,0,0,229,0,1386.0,8,1,0,9,1,1,0,0,2,1,1132.57
2,6,0,70,0,0,0,400,16,3373.0,13,0,0,7,0,1,16,0,16,1,1935.15
2,14,0,17,0,0,0,208,0,5794.0,5,0,0,11,0,0,0,0,7,1,1587.27
2,3,0,82,0,0,0,499,0,607.0,7,0,0,15,0,0,0,0,18,0,199.95
0,2,0,50,0,0,0,542,0,290.0,10,0,0,20,0,0,0,0,20,0,117.14
7,12,1,78,8,0,0,295,346,5147.0,10,2,2,4,2,7,394,4,13,47,2189.89
0,1,0,50,0,0,0,546,0,691.0,12,0,0,22,0,0,0,0,22,0,114.41
8,4,0,52,0,1,0,708,12,987.0,3,2,0,9,1,1,16,0,13,21,2442.12
2,15,0,75,0,0,0,134,0,811.0,7,0,0,13,1,0,0,0,8,1,681.89
4,18,0,17,0,0,0,225,0,2523.0,4,0,0,10,1,1,0,0,8,2,1688.04
0,1,0,50,0,0,0,492,0,338.0,8,0,0,18,0,0,0,0,19,0,93.61
0,0,0,65,0,0,0,67,0,387.0,12,0,0,18,0,0,0,0,23,0,165.77
16,25,2,28,4,1,0,730,60,5068.0,2,3,4,7,3,14,76,0,10,56,2546.55
0,1,0,31,0,0,0,678,0,272.0,10,0,0,20,0,0,0,0,19,0,785.89
0,4,0,69,0,0,0,78,0,1133.0,13,0,1,14,0,0,0,0,5,0,219.46
2,3,0,69,0,0,0,81,0,680.0,11,0,0,13,1,0,0,0,4,0,242.15
0,4,0,64,0,0,0,120,0,1146.0,9,0,0,15,0,0,0,0,8,0,430.5
1,6,0,67,0,0,0,665,0,128.0,7,0,0,16,1,0,0,0,11,1,1184.93
3,11,0,75,0,0,0,237,0,1540.0,7,0,0,11,0,0,0,0,6,0,637.69
4,17,0,28,0,0,0,725,8,9191.0,0,0,0,10,0,1,12,0,11,10,2067.84
2,12,0,39,0,0,0,580,0,1339.0,8,1,0,11,1,0,0,0,17,0,889.28
2,2,0,51,0,0,0,660,0,892.0,8,0,0,17,0,0,0,0,13,0,325.83
2,1,0,80,0,0,0,19,0,292.0,13,0,0,15,1,0,0,0,22,0,234.52
0,4,0,33,0,0,0,360,0,137.0,16,0,0,9,0,0,0,0,19,1,232.79
1,23,0,17,0,0,0,222,16,14269.0,2,0,3,9,0,1,16,0,8,23,1939.73
2,15,0,83,0,0,0,99,0,239.0,10,0,0,12,0,0,0,0,4,0,272.94
0,6,0,72,0,0,0,195,0,665.0,14,0,0,7,1,0,4,0,5,1,642.6
3,5,0,19,0,0,0,114,0,116.0,13,0,0,12,1,0,0,0,3,0,451.34
14,10,3,78,24,0,0,341,406,4612.0,9,3,1,4,2,6,470,0,13,66,2408.19
0,0,0,33,0,0,0,820,0,657.0,19,0,0,13,0,0,0,0,22,0,173.64
0,2,0,50,0,0,0,544,0,131.0,10,0,0,20,0,0,0,0,20,0,74.76
4,17,0,17,0,0,0,726,8,11342.0,2,0,0,10,1,0,8,0,10,6,1778.32
0,0,0,9,0,0,0,267,0,485.0,9,0,0,18,0,0,0,0,15,0,150.72
1,10,0,41,0,0,0,585,0,1045.0,7,0,0,11,0,0,0,0,17,0,1161.82
0,0,0,80,0,0,0,1,0,4.0,18,0,0,20,0,0,0,0,28,0,199.75
0,2,0,31,0,0,0,677,0,512.0,9,0,0,19,0,0,0,0,18,0,1049.19
33,13,11,1,42,3,1,343,379,8037.0,7,9,4,3,6,26,601,20,11,41,4236.22
4,14,0,17,0,0,0,670,0,9223.0,5,0,1,12,0,1,0,0,9,0,1495.91
4,11,0,81,0,0,0,699,4,188.0,3,0,0,12,2,0,4,0,14,1,495.09
0,2,0,64,0,0,0,119,0,1.0,10,0,0,17,0,0,0,0,10,0,321.46
5,3,0,71,0,0,0,14,0,2118.0,12,0,0,12,1,0,0,0,20,0,967.8
16,13,1,52,4,1,0,315,86,2439.0,7,4,6,6,2,5,102,0,14,61,3072.5
0,1,0,31,0,0,0,520,0,63.0,7,0,0,17,0,0,0,0,16,0,1281.31
5,4,0,89,0,0,0,36,0,2298.0,10,0,1,10,2,0,0,0,18,0,834.3
0,0,0,66,0,0,0,593,0,979.0,11,0,0,19,0,0,0,0,22,0,237.0
17,16,0,28,4,0,0,691,20,2987.0,1,2,0,9,2,6,24,0,11,18,2156.85
0,6,0,67,0,0,0,665,0,128.0,7,0,1,16,0,0,0,0,11,1,1185.89
0,1,0,0,0,0,0,821,0,502.0,18,0,0,13,2,0,0,0,22,0,677.22
0,1,0,37,0,0,0,150,0,484.0,14,0,0,18,0,0,0,0,10,0,78.89
23,13,6,100,73,6,4,343,305,8037.0,8,12,10,3,6,27,637,16,11,45,2222.42
0,0,0,65,0,0,0,59,0,391.0,13,0,0,17,0,0,0,0,23,0,139.28
0,7,0,39,0,0,0,581,0,1.0,8,0,0,12,0,0,0,0,18,0,745.12
0,3,0,82,0,0,0,500,0,240.0,8,0,0,16,0,0,0,0,19,0,176.76
7,7,0,17,0,0,0,626,0,1404.0,4,0,0,14,1,0,0,0,11,0,1572.07
0,1,0,82,0,0,0,522,0,224.0,7,0,0,17,0,0,0,0,17,0,183.56
7,12,0,52,0,0,0,322,36,2868.0,5,3,1,8,1,1,44,0,13,52,2593.99
0,6,0,70,0,0,0,367,4,1785.0,13,0,1,9,2,1,4,0,18,2,1806.13
1,10,0,41,0,0,0,584,0,4427.0,7,1,0,11,0,0,0,0,16,1,1185.78
3,14,0,17,0,0,0,224,0,10596.0,4,0,0,10,1,0,0,0,7,6,1697.87
0,4,0,31,0,0,0,526,0,537.0,5,0,0,16,0,0,0,0,15,1,1081.92
2,7,0,94,0,0,0,515,0,3053.0,4,0,0,14,1,0,0,0,15,1,439.94
3,10,0,17,0,0,0,669,0,12502.0,3,0,0,12,0,0,0,0,11,0,1559.46
3,2,0,74,0,0,0,253,0,1385.0,16,0,1,11,0,0,0,0,5,0,368.57
0,0,0,66,0,0,0,547,0,185.0,11,0,0,20,0,0,0,0,22,0,195.74
0,1,0,66,0,0,0,610,0,380.0,9,0,0,18,0,0,0,0,20,0,224.55
0,0,0,66,0,0,0,593,0,979.0,12,0,0,19,0,0,0,0,23,0,234.16
1,4,0,33,0,0,0,387,4,166.0,14,0,0,8,2,1,4,0,18,2,178.33
1,6,0,73,0,0,0,373,4,107.0,12,1,0,9,2,1,4,0,18,2,625.83
0,6,0,34,0,0,0,749,0,45.0,19,0,0,11,0,0,0,0,9,1,389.38
6,11,1,36,0,0,0,354,72,2822.0,10,3,0,6,0,3,76,0,15,9,1297.01
0,2,0,0,0,0,0,376,0,304.0,18,0,1,13,0,0,0,0,22,0,627.23
0,8,0,39,0,0,0,581,0,1.0,8,0,0,12,0,0,0,0,18,0,751.67
0,1,0,40,0,0,0,287,0,689.0,10,0,0,18,0,0,0,0,13,0,262.3
6,9,0,85,0,0,0,218,32,12029.0,4,0,0,8,1,4,32,0,6,17,2445.2
0,5,0,94,0,0,0,514,0,3039.0,5,0,0,15,0,0,0,0,15,1,431.18
0,0,0,40,0,0,0,152,0,1021.0,13,0,0,19,0,0,0,0,12,0,216.03
7,19,0,35,0,0,0,320,20,2826.0,7,1,0,8,1,0,24,0,15,14,1275.75
0,2,0,82,0,0,0,611,0,2.0,9,0,0,16,0,0,0,0,20,0,178.49
0,1,0,74,0,0,0,774,0,17.0,20,0,0,13,0,0,0,0,10,0,386.11
0,0,0,65,0,0,0,62,0,430.0,13,0,0,18,0,0,0,0,24,0,159.34
0,2,0,37,0,0,0,122,0,528.0,11,0,0,17,0,0,0,0,10,0,107.9
2,4,0,81,0,0,0,528,0,364.0,5,0,0,14,1,0,0,0,16,0,360.35
0,3,0,0,0,0,0,384,0,12.0,16,0,0,13,2,0,0,0,22,0,561.66
0,15,0,19,0,0,0,191,4,977.0,11,0,0,9,0,0,4,0,0,1,589.27
0,3,0,31,0,0,0,648,0,736.0,6,0,0,16,0,0,0,0,15,1,1143.77
12,15,3,26,60,1,6,309,270,5029.0,10,0,3,2,1,7,573,0,12,65,2477.52
0,3,0,50,0,0,0,676,0,125.0,10,0,0,20,0,0,0,0,19,0,92.8
6,9,0,85,0,0,0,218,24,12029.0,4,0,0,8,1,1,24,0,6,15,2578.71
0,5,0,34,0,0,0,747,0,4.0,19,0,0,12,0,0,0,0,9,0,453.24
2,23,0,19,0,0,0,229,0,1386.0,8,1,0,9,1,1,0,0,2,1,502.08
1,0,0,65,0,0,0,53,0,683.0,15,0,0,21,0,0,0,0,26,0,158.71
0,5,0,74,0,0,0,747,0,4.0,18,0,0,11,0,0,0,0,8,0,357.19
7,16,0,26,32,0,0,298,371,4075.0,10,5,3,3,3,7,517,8,12,56,2398.56
0,0,0,9,0,0,0,275,0,229.0,12,0,0,21,0,0,0,0,17,0,119.83
6,5,0,32,0,0,0,643,0,2288.0,4,0,0,13,2,0,0,0,12,0,1011.59
0,2,0,50,0,0,0,540,0,165.0,11,0,0,20,0,0,0,0,21,0,92.0
1,12,0,34,0,0,0,750,4,1061.0,15,0,0,10,0,0,4,0,5,0,567.86
0,2,0,0,0,0,0,803,0,641.0,22,0,0,17,1,0,0,0,26,0,539.32
6,13,0,52,0,0,0,706,20,524.0,5,0,1,9,0,1,20,0,14,18,2222.73
5,3,0,52,0,0,0,704,16,1460.0,3,1,0,9,2,1,16,0,13,16,2368.19
18,20,0,85,4,0,0,476,216,20104.0,6,5,1,5,3,5,260,0,5,70,3368.3
10,17,0,85,0,0,0,216,68,10208.0,4,3,0,7,3,5,76,0,7,52,2692.75
3,3,0,89,0,0,0,43,0,2260.0,10,0,1,12,1,0,0,0,19,0,737.3
12,13,3,44,64,3,19,416,272,5336.0,10,20,6,2,3,11,589,20,7,30,2265.3
0,7,0,70,0,0,0,385,0,5.0,15,0,0,11,0,0,0,0,20,1,1792.8
0,1,0,82,0,0,0,488,0,499.0,7,0,0,17,0,0,0,0,18,0,201.23
0,4,0,90,0,0,0,151,0,409.0,13,0,0,16,0,0,0,0,8,0,199.15
3,11,0,19,0,0,0,98,0,567.0,11,0,0,11,1,0,0,0,1,1,562.39
0,1,0,34,0,0,0,738,0,367.0,21,0,0,14,0,0,0,0,11,0,444.88
0,4,0,31,0,0,0,646,0,1122.0,6,0,0,16,0,0,0,0,15,1,1119.75
0,0,0,9,0,0,0,270,0,996.0,9,0,0,18,0,0,0,0,14,0,195.61
0,1,0,65,0,0,0,21,0,1.0,12,0,0,15,0,0,0,0,21,0,155.72
2,6,0,33,0,0,0,387,8,166.0,14,0,0,8,2,1,8,0,17,2,222.53
1,4,0,19,0,0,0,115,0,391.0,13,0,0,12,1,0,0,0,3,0,558.49
3,9,1,73,0,0,0,399,28,2574.0,11,1,0,7,1,1,32,0,16,4,728.54
10,11,1,52,0,1,0,703,20,2709.0,3,2,3,8,3,4,28,0,13,27,2475.74
6,13,0,85,0,2,0,214,44,13304.0,4,0,1,8,2,4,48,0,6,29,2522.18
7,23,0,19,0,0,0,172,44,892.0,8,1,0,8,1,0,44,0,2,10,685.82
0,14,0,75,0,0,0,238,0,1398.0,8,0,0,12,0,0,0,0,6,0,441.68
10,25,0,27,0,0,0,247,52,1943.0,8,1,1,7,1,0,52,0,3,11,1671.95
6,11,1,52,0,1,0,703,20,2709.0,3,1,3,9,2,5,28,0,13,26,2503.33
0,3,0,0,0,0,0,70,0,38.0,17,0,0,14,0,0,0,0,23,0,566.74
2,13,0,69,0,0,0,105,0,476.0,10,0,0,12,0,0,0,0,4,0,221.5
8,24,0,27,0,1,0,246,4,3219.0,8,0,0,9,2,1,4,0,3,4,1414.69
5,3,0,80,0,0,0,39,0,834.0,12,0,1,13,1,0,0,0,20,0,281.43
1,0,0,65,0,0,0,56,0,330.0,14,0,0,20,0,0,0,0,25,0,162.13
12,14,2,52,4,0,0,346,82,4621.0,6,3,6,6,0,13,106,0,13,61,2768.64
32,13,11,100,42,3,3,343,375,8037.0,7,9,4,3,6,27,601,20,11,42,2082.64
8,11,0,74,0,0,0,187,0,1418.0,14,0,1,9,1,0,4,0,4,0,428.71
1,2,0,81,0,0,0,560,0,24.0,7,0,0,15,0,0,0,0,19,0,344.26
9,19,0,85,4,2,0,216,84,10208.0,3,3,1,7,4,8,96,0,7,66,2582.62
0,3,0,0,0,0,0,384,0,12.0,17,0,0,13,2,0,0,0,22,0,645.2
4,8,0,68,0,0,0,426,0,3031.0,16,0,0,8,0,0,0,0,9,0,736.82
0,0,0,65,0,0,0,56,0,330.0,14,0,0,19,0,0,0,0,25,0,141.68
4,16,0,75,0,0,0,200,0,1033.0,6,0,1,10,0,0,0,0,5,5,758.96
0,2,0,0,0,0,0,802,0,1390.0,23,0,0,17,0,0,0,0,26,0,705.38
0,5,0,90,0,0,0,145,0,371.0,12,0,0,17,0,0,0,0,8,0,221.55
4,5,0,44,0,0,0,431,48,1701.0,14,2,1,6,3,1,48,0,7,5,1570.89
0,0,0,9,0,0,0,261,0,176.0,14,0,0,23,0,0,0,0,18,0,190.6
0,2,0,0,0,0,0,803,0,641.0,22,0,0,17,1,0,0,0,26,0,695.58
6,16,0,35,0,0,0,336,20,1390.0,8,1,0,8,2,0,20,0,15,9,1163.33
2,7,0,73,4,0,0,299,56,1971.0,12,0,0,5,2,1,64,0,15,7,699.71
0,11,0,39,0,0,0,569,0,526.0,7,0,0,12,0,0,0,0,17,0,915.35
2,22,0,17,0,0,0,728,8,7178.0,1,0,0,10,0,1,8,0,9,8,1696.46
0,5,0,73,0,0,0,48,0,125.0,15,0,1,12,0,0,0,0,21,0,561.32
0,2,0,0,0,0,0,73,0,1.0,22,0,0,18,0,0,0,0,27,0,514.27
1,15,0,41,0,0,0,584,4,4427.0,7,1,0,10,1,0,4,0,16,1,1297.89
0,1,0,82,0,0,0,485,0,784.0,7,0,0,16,0,0,0,0,17,0,230.67
0,0,0,0,0,0,0,74,0,27.0,20,0,0,16,0,0,0,0,26,0,575.82
22,17,4,98,36,0,0,445,475,16116.0,5,9,5,4,6,27,633,12,8,25,3193.3
0,1,0,50,0,0,0,497,0,483.0,9,0,0,19,0,0,0,0,19,0,119.86
4,7,0,44,0,0,0,429,72,3342.0,13,2,1,5,3,0,72,0,7,6,1549.96
0,5,0,70,0,0,0,386,0,690.0,16,0,0,12,2,0,0,0,21,0,1763.85
0,5,0,82,0,0,0,491,0,402.0,5,0,0,15,0,0,0,0,16,0,193.27
0,1,0,66,0,0,0,545,0,461.0,10,0,0,20,0,0,0,0,21,0,214.5
4,5,0,72,4,0,0,196,8,5394.0,13,0,0,7,1,0,12,0,4,2,661.29
0,1,0,0,0,0,0,811,0,67.0,19,0,0,14,0,0,0,0,24,0,729.62
22,21,4,98,40,1,0,445,476,16116.0,5,11,3,4,5,38,633,8,8,31,3199.85
5,2,0,68,0,0,0,427,4,2020.0,15,0,0,7,0,0,4,0,8,0,734.83
0,16,0,35,0,0,0,337,4,5035.0,8,0,1,9,0,0,4,0,16,2,1126.02
1,7,0,69,0,0,0,116,0,1339.0,14,0,0,14,0,0,0,0,4,0,205.67
0,0,0,66,0,0,0,604,0,45.0,14,0,0,21,0,0,0,0,25,0,163.76
1,6,0,94,0,0,0,638,0,9811.0,3,0,2,13,0,1,0,0,13,0,413.32
7,7,0,17,0,0,0,642,0,557.0,4,0,0,13,1,0,0,0,12,0,1480.19
8,19,0,28,0,0,0,724,8,2329.0,0,0,3,10,1,0,12,0,10,19,2054.83
19,19,1,85,8,1,0,215,203,16670.0,5,2,1,6,2,7,231,0,6,74,3111.74
1,7,0,70,0,0,0,302,40,2575.0,12,0,1,6,3,2,44,0,16,6,2053.81
0,1,0,34,0,0,0,795,0,1497.0,19,0,0,10,0,0,0,0,12,1,479.75
0,2,0,66,0,0,0,607,0,12.0,9,0,0,17,0,0,0,0,21,0,196.9
0,1,0,80,0,0,0,24,0,783.0,15,0,0,17,0,0,0,0,24,0,167.31
23,22,2,98,20,1,0,446,351,16032.0,4,11,8,5,4,29,427,12,9,30,3124.34
28,18,4,96,32,1,1,461,466,15901.0,5,13,10,4,4,23,633,12,8,25,3491.15
0,9,0,76,0,0,0,132,0,775.0,8,0,0,14,0,0,0,0,8,0,258.83
2,14,0,75,0,0,0,212,0,1396.0,5,0,0,11,1,0,0,0,6,1,711.39
6,10,0,81,0,0,0,696,4,506.0,2,0,0,12,2,0,4,0,13,1,445.51
0,0,0,9,0,0,0,262,0,565.0,14,0,0,23,0,0,0,0,18,0,188.28
0,7,0,70,0,0,0,363,0,673.0,14,0,0,10,0,0,0,0,19,1,1607.28
11,15,0,27,0,0,0,219,109,23564.0,5,2,2,6,0,7,121,0,5,47,1805.94
32,20,3,98,44,2,2,462,474,11443.0,5,16,4,4,5,17,563,8,9,30,3357.17
12,18,0,27,0,0,0,476,132,20104.0,6,3,0,6,3,6,152,0,5,40,1815.03
2,6,0,34,0,0,0,745,0,124.0,18,0,0,10,0,0,0,0,8,1,487.73
0,9,0,79,0,0,0,156,0,587.0,10,0,0,14,0,0,0,0,7,0,722.58
1,12,0,75,0,0,0,234,0,80.0,8,0,0,12,0,0,0,0,6,0,598.27
1,4,0,33,0,0,0,387,4,166.0,14,0,0,8,2,1,4,0,17,2,206.59
0,2,0,34,0,0,0,787,0,18.0,21,0,0,13,0,0,0,0,11,0,445.14
5,25,0,17,0,0,0,223,8,11389.0,2,0,0,10,1,1,8,0,9,11,1853.16
12,15,8,91,268,11,54,482,118,7658.0,9,14,16,1,12,13,629,41,7,55,6212.91
2,12,0,69,0,0,0,105,0,476.0,11,0,0,12,0,0,0,0,3,0,287.55
2,2,0,34,0,0,0,763,0,732.0,19,0,0,10,0,0,0,0,10,1,580.71
6,26,0,19,0,0,0,229,0,1386.0,8,1,0,9,2,1,0,0,3,1,591.28
0,4,0,39,0,0,0,564,0,1.0,9,0,0,12,0,0,0,0,19,0,756.21
4,3,0,14,0,0,0,179,96,6409.0,12,3,1,6,1,0,100,4,4,9,2508.8
8,9,0,35,0,0,0,332,4,2086.0,9,1,1,10,2,0,4,0,17,1,983.27
5,14,0,17,0,0,0,224,4,10596.0,4,0,0,9,0,0,4,0,6,7,1784.45
0,1,0,31,0,0,0,496,0,145.0,8,0,0,18,0,0,0,0,18,0,994.2
0,0,0,66,0,0,0,600,0,378.0,12,0,0,19,0,0,0,0,23,0,262.63
0,2,0,66,0,0,0,502,0,118.0,8,0,0,16,0,0,0,0,19,0,166.19
0,2,0,82,0,0,0,522,0,224.0,6,0,0,16,0,0,0,0,16,0,237.03
0,0,0,65,0,0,0,64,0,701.0,13,0,0,18,0,0,0,0,23,0,161.1
0,3,0,33,0,0,0,389,0,668.0,16,0,0,9,0,0,0,0,19,1,190.72
0,1,0,50,0,0,0,546,0,691.0,12,0,0,21,0,0,0,0,23,0,114.07
5,11,0,41,0,1,0,706,20,524.0,4,1,1,9,0,1,20,0,14,20,1352.5
12,5,1,44,4,0,0,181,120,8223.0,12,1,2,5,2,0,124,0,5,10,1649.33
0,2,0,80,0,0,0,19,0,292.0,13,0,0,15,0,0,0,0,22,0,226.77
0,0,0,50,0,0,0,543,0,543.0,12,0,0,22,0,0,0,0,21,0,92.75
0,9,0,39,0,0,0,585,0,1045.0,7,0,0,12,0,0,0,0,17,0,848.96
0,2,0,32,0,0,0,631,0,1078.0,8,0,0,17,0,0,0,0,14,0,902.19
0,2,0,40,0,0,0,131,0,151.0,11,0,0,18,0,0,0,0,11,0,222.65
2,2,0,80,0,0,0,15,0,459.0,12,0,0,14,1,0,0,0,21,0,235.69
0,0,0,9,0,0,0,270,0,996.0,9,0,0,18,0,0,0,0,14,0,176.99
0,1,0,74,0,0,0,736,0,129.0,24,0,0,16,0,0,0,0,14,0,319.98
0,1,0,39,0,0,0,552,0,747.0,8,0,0,14,0,0,0,0,18,0,872.88
1,11,0,39,0,0,0,575,0,1347.0,6,0,0,12,0,0,0,0,16,0,795.37
3,7,0,33,0,0,0,305,36,867.0,13,0,0,6,1,2,44,0,15,3,292.52
16,19,3,52,24,1,2,352,267,3193.0,6,19,3,5,4,40,335,4,11,32,3048.7
4,6,0,94,0,0,0,513,0,8072.0,4,0,0,14,1,0,0,0,14,1,502.82
0,9,0,39,0,0,0,585,0,1045.0,7,0,0,12,0,0,0,0,17,0,922.09
0,4,0,39,0,0,0,552,0,747.0,7,0,0,13,0,0,0,0,18,0,906.07
0,5,0,31,0,0,0,650,0,1483.0,6,0,0,16,0,0,0,0,14,1,1298.86
3,4,0,81,0,0,0,503,0,1068.0,6,0,0,15,1,0,0,0,17,0,469.61
1,16,0,75,0,0,0,208,0,5794.0,4,0,0,10,1,0,0,0,7,2,683.24
4,8,0,68,0,0,0,426,0,3031.0,17,0,0,8,0,0,0,0,9,0,773.81
4,5,0,107,0,0,0,435,20,1099.0,14,2,0,6,2,1,20,0,7,3,1012.27
0,12,0,34,0,0,0,752,4,1487.0,16,0,0,9,0,0,4,0,6,0,521.08
1,3,0,74,0,0,0,754,0,848.0,16,0,0,11,0,0,0,0,6,0,393.3
10,14,0,17,0,0,0,202,24,4396.0,6,1,0,8,2,2,24,0,5,8,1866.63
0,1,0,34,0,0,0,773,0,218.0,20,0,0,13,0,0,0,0,10,0,435.24
3,5,0,81,0,0,0,503,0,1068.0,6,0,0,15,1,0,0,0,17,0,483.73
0,3,0,34,0,0,0,747,0,4.0,19,0,0,12,0,0,0,0,9,0,384.95
0,0,0,80,0,0,0,5,0,530.0,17,0,0,17,0,0,0,0,25,0,245.16
6,3,0,41,0,1,0,712,8,1887.0,3,1,0,10,1,0,8,0,14,10,1247.25
33,17,9,2,36,6,0,344,459,4251.0,6,17,8,4,4,21,573,4,11,39,3949.56
29,9,3,100,81,3,6,453,212,36545.0,8,17,7,2,6,41,625,20,11,39,2257.26
22,18,3,98,28,0,0,445,476,16116.0,5,9,3,4,6,26,625,8,8,26,3245.75
0,0,0,40,0,0,0,278,0,455.0,12,0,0,20,0,0,0,0,14,0,225.51
6,22,1,75,0,0,0,230,0,531.0,7,0,0,9,2,1,0,0,3,3,781.27
0,2,0,40,0,0,0,154,0,562.0,12,0,0,18,0,0,0,0,11,0,306.21
0,0,0,66,0,0,0,547,0,185.0,11,0,0,20,0,0,0,0,22,0,195.06
0,0,0,40,0,0,0,288,0,1122.0,13,0,0,20,0,0,0,0,12,0,217.95
2,8,0,94,0,0,0,531,0,2126.0,4,0,0,13,1,0,0,0,15,0,393.9
0,0,0,40,0,0,0,278,0,455.0,12,0,0,20,0,0,0,0,14,0,267.57
0,0,0,9,0,0,0,273,0,24.0,11,0,0,21,0,0,0,0,17,0,171.79
0,1,0,80,0,0,0,25,0,930.0,14,0,0,16,0,0,0,0,24,0,254.16
13,19,1,28,0,0,0,695,32,5105.0,1,3,4,8,2,5,40,4,11,43,2322.97
0,0,0,0,0,0,0,807,0,5.0,19,0,0,15,0,0,0,0,24,0,436.17
2,5,0,26,4,0,0,291,317,115.0,13,2,0,4,0,1,337,0,13,11,1966.74
0,0,0,66,0,0,0,615,0,489.0,10,0,0,19,0,0,0,0,21,0,260.6
0,1,0,82,0,0,0,488,0,499.0,7,0,0,17,0,0,0,0,18,0,176.49
3,0,0,74,0,0,0,253,0,1385.0,16,0,0,11,1,0,0,0,5,0,416.36
0,3,0,34,0,0,0,789,0,1672.0,17,0,1,8,0,0,0,0,11,0,604.54
1,0,0,66,0,0,0,597,0,430.0,14,0,0,21,0,0,0,0,25,0,190.57
2,8,0,68,0,0,0,426,0,3031.0,16,0,0,8,0,1,0,0,8,0,853.42
1,4,0,31,0,0,0,645,0,762.0,6,0,0,16,0,0,0,0,14,1,1035.16
0,5,0,32,0,0,0,650,0,1483.0,7,0,0,16,0,0,0,0,14,1,924.46
3,6,0,31,0,0,0,647,0,1272.0,4,0,0,15,0,0,0,0,14,1,1235.7
0,3,0,77,0,0,0,250,0,288.0,14,0,0,17,0,0,0,0,8,0,185.36
4,10,0,94,0,0,0,701,4,4190.0,2,0,0,12,1,0,4,0,13,1,448.44
4,15,0,17,0,0,0,226,8,11261.0,4,0,0,9,1,0,8,0,7,13,1822.85
3,15,0,64,0,0,0,658,0,1586.0,6,0,0,13,2,0,0,0,9,1,419.73
5,13,0,17,0,0,0,226,24,11261.0,4,0,0,8,1,2,24,0,7,17,1937.48
6,16,0,17,0,0,0,203,8,3451.0,4,0,0,9,1,0,8,0,6,11,1698.74
0,0,0,33,0,0,0,822,0,715.0,20,0,0,14,0,0,0,0,24,0,170.58
15,28,0,98,12,2,0,733,80,12095.0,3,3,4,6,3,17,108,0,9,52,2587.75
0,2,0,0,0,0,0,816,0,9.0,22,0,0,17,0,0,0,0,26,0,532.85
0,4,0,51,0,0,0,637,0,708.0,7,0,0,16,0,0,0,0,13,1,443.89
0,3,0,82,0,0,0,512,0,366.0,7,0,0,16,0,0,0,0,19,0,181.01
1,9,0,73,0,0,0,398,40,1073.0,12,3,1,6,3,1,44,0,15,6,685.72
13,25,2,98,8,1,0,733,68,12095.0,3,2,5,7,2,14,96,0,9,55,2344.08
7,16,0,17,0,0,0,202,8,4396.0,6,1,1,9,1,1,8,0,5,7,1796.7
27,15,2,85,20,1,1,474,442,25121.0,6,11,1,4,3,17,538,8,6,77,3442.93
7,12,1,78,4,0,0,295,357,5147.0,10,2,2,4,2,7,413,8,13,53,2244.01
21,13,7,100,75,6,4,453,297,36545.0,8,12,11,3,6,32,629,8,11,41,2235.35
0,1,0,0,0,0,0,75,0,31.0,21,0,0,17,0,0,0,0,26,0,531.12
0,0,0,40,0,0,0,278,0,455.0,12,0,0,20,0,0,0,0,14,0,227.88
0,8,0,68,0,0,0,767,4,490.0,15,0,0,7,0,0,4,0,7,1,826.07
1,14,0,75,0,0,0,234,0,80.0,8,0,0,11,0,0,0,0,5,0,657.23
16,29,2,98,12,4,0,446,192,16032.0,4,3,5,6,0,38,236,0,9,39,2936.51
0,2,0,0,0,0,0,74,0,27.0,20,0,0,17,0,0,0,0,26,0,638.87
1,2,0,66,0,0,0,609,0,28.0,9,0,0,17,0,0,0,0,20,0,214.29
0,0,0,33,0,0,0,826,0,1337.0,20,0,0,13,0,0,0,0,23,0,214.81
0,3,0,0,0,0,0,384,0,12.0,16,0,0,13,2,0,0,0,22,0,562.86
0,0,0,66,0,0,0,590,0,54.0,13,0,0,20,0,0,0,0,24,0,183.76
2,4,0,51,0,0,0,659,0,644.0,7,0,0,16,0,0,0,0,12,1,338.34
1,17,0,14,4,0,0,164,20,53.0,11,0,0,7,0,0,24,0,1,3,2095.22
19,17,4,11,20,2,0,474,362,25121.0,6,5,4,5,1,15,434,4,6,77,2738.12
0,4,0,31,0,0,0,526,0,537.0,5,0,0,15,0,0,0,0,15,1,1195.52
0,0,0,9,0,0,0,273,0,24.0,11,0,0,21,0,0,0,0,17,0,150.15
0,0,0,74,0,0,0,771,0,1125.0,20,0,0,14,0,0,0,0,10,0,374.7
11,14,0,85,0,0,0,219,96,23564.0,5,2,2,6,0,6,112,0,6,51,2960.48
2,3,0,39,0,0,0,576,0,143.0,7,0,0,14,0,0,0,0,18,0,714.24
0,1,0,74,0,0,0,736,0,129.0,24,0,0,16,0,0,0,0,14,0,327.91
0,0,0,0,0,0,0,817,0,148.0,21,0,0,16,0,0,0,0,26,0,630.54
0,0,0,40,0,0,0,285,0,609.0,11,0,0,19,0,0,0,0,13,0,265.12
0,1,0,66,0,0,0,623,0,584.0,11,0,0,18,0,0,0,0,22,0,233.88
7,13,0,35,0,0,0,332,4,2086.0,9,1,1,9,1,0,4,0,16,1,1192.11
0,2,0,37,0,0,0,146,0,665.0,12,0,0,18,0,0,0,0,10,0,104.54
1,5,0,94,0,0,0,491,0,402.0,5,0,0,15,1,0,0,0,16,0,294.87
11,17,0,28,4,0,0,689,16,6724.0,0,1,7,9,1,4,20,0,11,20,2179.72
0,0,0,0,0,0,0,806,0,627.0,20,0,0,15,0,0,0,0,25,0,725.26
28,17,3,96,40,0,0,461,470,15901.0,5,9,4,4,6,21,641,12,8,30,3567.62
0,6,0,64,0,0,0,132,0,775.0,8,0,0,14,0,0,0,0,9,0,342.05
5,3,0,80,0,0,0,15,0,459.0,12,0,1,13,1,0,0,0,20,0,261.38
0,0,0,82,0,0,0,490,0,227.0,7,0,0,17,0,0,0,0,17,0,232.68
0,1,0,74,0,0,0,737,0,144.0,22,0,0,15,0,0,0,0,12,0,281.15
1,4,0,82,0,0,0,502,0,118.0,7,0,0,16,0,0,0,0,19,0,182.79
0,2,0,50,0,0,0,550,0,94.0,11,0,0,20,0,0,0,0,21,0,91.74
1,2,0,71,0,0,0,15,0,459.0,12,0,1,13,1,0,0,0,21,0,909.15
2,10,0,68,0,0,0,768,0,1325.0,16,0,0,9,0,0,0,0,7,1,826.01
1,4,0,33,0,0,0,387,4,166.0,14,0,0,8,2,1,4,0,17,2,208.35
14,21,0,85,4,0,0,444,139,11748.0,3,5,2,6,3,18,167,4,8,67,2914.79
2,11,0,14,0,0,0,168,0,26.0,11,0,3,9,0,0,4,0,1,1,1809.75
0,0,0,80,0,0,0,5,0,530.0,17,0,0,17,0,0,0,0,25,0,209.59
16,23,0,27,4,0,0,476,174,20104.0,6,3,1,6,3,6,206,0,5,48,1907.64
0,8,0,39,0,0,0,566,0,172.0,5,0,0,11,0,0,0,0,15,1,861.15
0,1,0,67,0,0,0,285,0,609.0,11,0,0,19,0,0,0,0,13,0,1107.87
1,17,0,75,0,0,0,200,0,1033.0,6,0,0,9,0,0,0,0,5,4,691.41
0,1,0,33,0,0,0,818,0,811.0,21,0,0,14,0,0,0,0,24,0,214.89
3,5,0,19,0,0,0,114,0,116.0,13,0,0,12,1,0,0,0,3,0,451.58
2,12,0,34,0,0,0,751,4,347.0,15,0,0,9,1,0,4,0,5,0,629.02
10,11,0,17,0,0,0,644,0,12130.0,2,0,1,12,2,0,0,0,11,0,1598.91
0,1,0,80,0,0,0,24,0,783.0,15,0,0,16,1,0,0,0,23,0,167.98
0,5,0,70,0,0,0,383,0,107.0,15,0,0,12,0,0,0,0,21,0,1513.72
33,16,4,96,40,2,2,461,470,15901.0,5,16,6,4,3,24,641,8,9,23,3620.61
0,0,0,74,0,0,0,772,0,1184.0,20,0,0,13,0,0,0,0,9,0,390.42
20,13,0,100,64,3,3,297,291,29575.0,9,14,2,3,3,25,573,8,12,60,2167.68
0,3,0,82,0,0,0,491,0,402.0,5,0,0,15,0,0,0,0,16,0,191.79
0,7,0,70,0,0,0,365,0,1070.0,15,0,0,11,2,0,0,0,20,1,1770.33
0,1,0,39,0,0,0,565,0,1.0,9,0,0,15,0,0,0,0,20,0,696.45
27,17,2,52,24,2,2,344,382,4251.0,6,24,2,5,4,45,463,8,12,33,3166.66
7,14,1,25,0,0,0,356,40,2904.0,10,2,1,7,0,2,44,0,15,9,1273.28
1,8,0,81,0,0,0,530,0,137.0,5,0,0,14,0,0,0,0,16,0,369.23
0,13,0,14,0,0,0,191,4,977.0,11,0,0,9,0,0,4,0,0,1,1965.39
17,20,1,85,16,2,0,443,295,15646.0,4,8,5,5,3,43,347,4,7,41,3443.5
20,21,0,85,4,1,0,448,138,18748.0,4,6,0,6,4,17,166,0,7,66,3012.98
0,3,0,32,0,0,0,637,0,708.0,7,0,0,17,0,0,0,0,13,1,1077.86
1,7,0,81,0,0,0,505,0,170.0,6,0,0,14,1,0,0,0,17,0,367.71
20,10,2,52,4,0,0,351,60,2884.0,4,2,2,7,2,17,80,0,12,53,2771.67
0,1,0,66,0,0,0,617,0,502.0,10,0,0,19,0,0,0,0,22,0,191.35
0,2,0,32,0,0,0,688,0,1051.0,7,0,0,17,0,0,0,0,16,0,896.98
1,6,0,19,0,0,0,112,0,492.0,13,0,0,12,2,0,0,0,3,0,474.52
0,7,0,39,0,0,0,583,0,244.0,9,0,0,12,0,0,0,0,18,0,841.74
2,2,0,34,0,0,0,788,0,543.0,18,0,0,9,0,0,0,0,11,0,595.57
0,1,0,65,0,0,0,18,0,300.0,13,0,0,16,0,0,0,0,22,0,163.88
0,5,0,90,0,0,0,151,0,409.0,13,0,0,17,0,0,0,0,8,0,200.71
6,21,0,27,0,0,0,243,92,4237.0,7,1,1,7,1,3,92,0,4,19,1666.92
0,1,0,80,0,0,0,20,0,42.0,13,0,0,15,0,0,0,0,22,0,200.75
6,15,0,17,0,0,0,203,8,3451.0,4,0,0,9,0,0,8,0,6,8,1802.58
0,0,0,40,0,0,0,126,0,1131.0,12,0,0,19,0,0,0,0,13,0,251.39
7,22,0,27,0,0,0,227,0,245.0,8,1,0,10,1,0,0,0,3,2,1190.01
0,4,0,32,0,0,0,650,0,1483.0,6,0,0,16,0,0,0,0,15,1,962.79
0,3,0,32,0,0,0,688,0,1051.0,7,0,0,17,0,0,0,0,15,0,1045.84
35,15,11,1,40,3,0,343,443,8037.0,7,10,6,4,5,27,585,16,11,40,4176.84
0,0,0,74,0,0,0,799,0,526.0,22,0,0,15,0,0,0,0,12,0,407.64
0,2,0,40,0,0,0,131,0,151.0,12,0,0,18,0,0,0,0,11,0,304.23
0,8,0,72,0,0,0,199,0,74.0,14,0,0,8,1,0,4,0,5,0,671.71
0,0,0,50,0,0,0,539,0,40.0,12,0,0,22,0,0,0,0,22,0,89.92
0,0,0,66,0,0,0,620,0,3.0,11,0,0,17,0,0,0,0,22,0,200.27
0,5,0,32,0,0,0,633,0,615.0,7,0,0,17,0,0,0,0,14,1,1231.41
0,6,0,39,0,0,0,579,0,2903.0,5,0,0,12,0,0,0,0,15,1,821.59
0,7,0,70,0,0,0,365,0,1070.0,15,0,0,11,2,0,0,0,20,1,1714.59
0,5,0,77,0,0,0,86,0,809.0,11,0,0,15,0,0,0,0,7,0,173.5
1,12,0,14,4,1,0,169,12,5303.0,12,0,0,7,0,0,16,0,3,2,2097.78
0,6,0,39,0,0,0,583,0,244.0,9,0,0,12,0,0,0,0,18,0,784.0
10,13,0,15,8,0,0,176,167,9638.0,10,3,5,5,0,2,203,0,4,20,2281.24
27,22,1,98,20,0,0,446,355,16032.0,4,10,3,5,2,35,431,8,8,28,3035.5
4,10,0,81,0,0,0,701,4,4190.0,2,0,0,12,1,0,4,0,13,1,493.36
0,9,0,79,0,0,0,156,0,587.0,10,0,0,14,0,0,0,0,7,0,719.02
10,25,2,98,8,1,0,734,64,6959.0,2,2,4,7,2,12,88,0,9,57,2434.93
3,5,0,69,0,0,0,112,0,492.0,14,0,0,13,2,0,0,0,4,0,274.04
0,5,0,34,0,0,0,748,0,35.0,17,0,0,11,0,0,0,0,7,0,398.58
1,4,0,76,0,0,0,133,0,161.0,8,0,0,15,1,0,0,0,9,0,270.58
0,1,0,37,0,0,0,150,0,484.0,13,0,0,18,0,0,0,0,10,0,109.87
0,0,0,74,0,0,0,775,0,1029.0,20,0,0,14,0,0,0,0,10,0,335.11
0,2,0,37,0,0,0,150,0,484.0,13,0,0,18,0,0,0,0,9,0,126.21
11,10,0,17,0,0,0,213,68,12462.0,5,1,0,7,3,7,72,0,6,26,2133.54
0,2,0,31,0,0,0,677,0,512.0,9,0,0,20,0,0,0,0,18,0,766.87
0,4,0,0,0,0,0,384,0,12.0,16,0,0,13,0,0,0,0,22,0,575.89
2,1,0,80,0,0,0,28,0,454.0,14,0,0,15,1,0,0,0,23,0,235.33
0,0,0,0,0,0,0,809,0,1.0,20,0,0,16,0,0,0,0,25,0,527.74
2,3,0,32,0,0,0,627,0,1624.0,5,0,0,15,0,1,0,0,13,0,993.08
4,17,0,17,0,0,0,221,4,5752.0,3,0,0,11,1,0,4,0,9,1,1548.8
0,6,0,70,0,0,0,369,0,8.0,13,0,0,10,0,0,0,0,19,2,1869.57
5,3,0,17,0,0,0,627,0,1624.0,4,0,0,14,0,1,0,0,12,0,1476.33
3,25,0,17,0,0,0,223,8,11389.0,3,0,0,9,1,1,8,0,8,11,1832.77
0,7,0,70,0,0,0,302,12,2575.0,13,0,0,7,2,1,16,0,16,1,2036.86
4,10,1,36,0,0,0,356,40,2904.0,10,1,0,7,1,1,44,0,15,6,1168.39
3,3,0,89,0,0,0,43,0,2260.0,10,0,1,11,1,0,0,0,19,0,730.4
6,8,0,73,0,0,0,374,0,6.0,12,1,0,9,0,0,0,0,18,2,607.94
0,16,0,83,0,0,0,231,0,1182.0,10,0,0,11,0,0,0,0,2,1,270.19
23,9,8,100,42,6,2,343,414,8037.0,8,17,9,3,1,47,557,8,11,39,1928.85
6,13,0,52,0,1,0,703,16,2709.0,4,1,1,9,2,1,20,0,13,23,2436.65
0,6,0,79,0,0,0,161,0,299.0,11,0,0,15,0,0,0,0,8,0,883.01
0,2,0,82,0,0,0,511,0,450.0,9,0,0,18,0,0,0,0,20,0,170.38
5,9,0,28,0,0,0,690,4,4100.0,1,0,2,10,1,0,8,0,12,9,1733.91
0,0,0,40,0,0,0,126,0,1131.0,12,0,0,19,0,0,0,0,13,0,231.08
7,8,0,44,0,0,0,432,234,4083.0,12,4,2,4,1,1,242,0,7,14,1776.69
0,0,0,9,0,0,0,260,0,76.0,12,0,0,20,0,0,0,0,15,0,153.63
0,4,0,33,0,0,0,406,0,19.0,16,0,0,10,0,0,0,0,20,1,186.86
0,1,0,39,0,0,0,553,0,155.0,8,0,0,14,0,0,0,0,19,0,715.12
1,1,0,66,0,0,0,613,0,608.0,11,0,0,20,0,0,0,0,22,0,193.19
0,3,0,90,0,0,0,248,0,206.0,14,0,0,17,0,0,0,0,8,0,259.79
8,14,0,52,0,0,0,705,20,2842.0,4,1,0,9,0,1,20,0,14,24,2376.82
0,6,0,74,0,0,0,749,0,45.0,18,0,0,11,0,0,0,0,9,0,355.2
0,1,0,66,0,0,0,537,0,383.0,13,0,0,22,0,0,0,0,23,0,262.23
0,0,0,50,0,0,0,535,0,562.0,13,0,0,23,0,0,0,0,23,0,88.46
0,5,0,33,0,0,0,405,0,1086.0,16,0,0,10,0,0,0,0,19,1,183.12
0,0,0,65,0,0,0,60,0,635.0,13,0,0,17,0,0,0,0,23,0,174.67
0,2,0,31,0,0,0,685,0,140.0,8,0,0,18,0,0,0,0,17,0,1225.22
8,11,2,36,0,0,0,358,83,4080.0,9,5,1,6,1,6,107,0,14,41,1300.61
0,3,0,0,0,0,0,384,0,12.0,17,0,0,13,2,0,0,0,22,0,639.93
6,11,1,44,0,2,1,417,313,3794.0,11,3,2,4,1,4,361,0,6,16,1892.18
0,1,0,66,0,0,0,614,0,113.0,12,0,0,21,0,0,0,0,23,0,185.99
0,1,0,40,0,0,0,126,0,1131.0,12,0,0,19,0,0,0,0,13,0,254.79
0,0,0,0,0,0,0,75,0,31.0,21,0,0,16,0,0,0,0,26,0,529.75
0,0,0,67,0,0,0,278,0,455.0,12,0,0,20,0,0,0,0,14,0,1331.56
0,5,0,74,0,0,0,748,0,35.0,18,0,0,11,0,0,0,0,8,0,305.74
2,8,0,35,0,0,0,582,0,1383.0,9,1,0,11,1,0,0,0,17,0,1015.81
0,1,0,50,0,0,0,495,0,463.0,9,0,0,18,0,0,0,0,19,0,94.84
2,15,0,14,4,0,0,166,60,2745.0,10,0,2,6,0,0,64,0,2,8,2321.36
0,3,0,37,0,0,0,149,0,64.0,14,0,0,18,0,0,0,0,9,0,114.2
0,1,0,31,0,0,0,678,0,272.0,10,0,0,20,0,0,0,0,19,0,767.08
5,14,0,17,0,0,0,722,4,7545.0,1,0,0,11,1,0,4,0,10,6,1696.87
0,0,0,9,0,0,0,272,0,482.0,13,0,0,23,0,0,0,0,19,0,167.02
28,22,3,98,36,1,2,462,480,11443.0,5,18,6,4,5,18,561,8,9,29,3126.81
17,14,1,52,4,0,0,351,60,2884.0,4,6,2,7,1,14,80,0,12,54,2875.23
0,2,0,34,0,0,0,796,0,541.0,21,0,0,13,0,0,0,0,12,0,499.68
1,0,0,65,0,0,0,54,0,481.0,14,0,0,20,0,0,0,0,25,0,136.34
0,2,0,31,0,0,0,673,0,262.0,10,0,0,20,0,0,0,0,19,0,915.52
5,8,2,73,0,0,0,399,40,2574.0,11,1,0,7,1,1,44,0,16,5,696.35
2,19,0,27,0,0,0,233,0,1076.0,9,1,0,9,0,1,0,0,2,1,1309.34
0,3,0,64,0,0,0,142,0,948.0,10,0,0,17,0,0,0,0,11,0,324.17
0,3,0,73,0,0,0,44,0,19.0,14,0,1,13,0,0,0,0,21,0,555.06
0,11,0,79,0,0,0,156,0,587.0,10,0,0,14,0,0,0,0,7,0,814.62
11,12,0,17,0,0,0,202,28,4396.0,5,0,0,8,2,2,28,0,5,12,1724.57
0,1,0,66,0,0,0,594,0,309.0,12,0,0,21,0,0,0,0,24,0,146.25
1,2,0,82,0,0,0,508,0,325.0,8,0,0,17,0,0,0,0,19,0,189.41
0,0,0,82,0,0,0,486,0,636.0,7,0,0,16,0,0,0,0,17,0,191.28
14,20,1,98,4,0,0,444,130,11748.0,3,5,2,6,2,18,158,4,8,65,2671.05
5,19,0,35,0,0,0,312,32,4912.0,7,1,0,8,1,0,36,0,15,20,1285.13
0,8,0,39,0,0,0,557,0,559.0,7,0,0,12,0,0,0,0,17,0,843.98
2,5,0,36,0,0,0,398,16,1073.0,12,1,1,7,2,2,20,0,16,2,1077.8
0,0,0,9,0,0,0,272,0,482.0,13,0,0,22,0,0,0,0,18,0,148.4
0,9,0,39,0,0,0,555,0,596.0,7,0,0,13,0,0,0,0,17,0,755.36
17,22,1,85,4,3,0,444,187,11748.0,4,7,5,6,3,36,239,0,8,40,3245.58
14,23,2,98,8,0,0,718,52,6234.0,2,1,1,7,2,9,64,0,9,59,2277.06
0,0,0,9,0,0,0,275,0,229.0,13,0,0,22,0,0,0,0,17,0,145.75
0,4,0,0,0,0,0,384,0,12.0,16,0,0,13,0,0,0,0,22,0,571.11
15,14,0,52,4,1,0,707,28,5234.0,3,1,3,8,2,6,36,0,12,33,2634.19
0,2,0,50,0,0,0,675,0,527.0,9,0,0,19,0,0,0,0,19,0,87.26
23,16,1,85,28,3,1,474,397,25121.0,6,11,3,5,4,15,481,4,6,79,3413.08
0,5,0,37,0,0,0,151,0,409.0,13,0,0,17,0,0,0,0,9,0,112.49
0,0,0,32,0,0,0,632,0,1629.0,8,0,0,18,0,0,0,0,15,0,1023.92
2,8,0,34,0,0,0,766,4,1685.0,16,0,0,8,0,1,4,0,7,0,587.72
0,6,0,69,0,0,0,106,0,54.0,15,0,0,15,0,0,0,0,5,0,262.97
0,0,0,65,0,0,0,65,0,1089.0,13,0,0,19,0,0,0,0,24,0,156.73
8,3,0,52,0,1,0,716,8,1823.0,3,1,0,10,2,0,8,0,13,11,2228.92
15,14,3,52,12,1,1,346,135,4621.0,5,4,3,6,3,31,167,4,12,46,2977.66
3,6,0,72,4,0,0,194,16,5574.0,12,0,0,7,1,0,20,0,3,3,693.25
3,15,0,17,0,0,0,224,0,10596.0,4,0,0,10,1,0,0,0,7,6,1672.31
0,2,0,80,0,0,0,10,0,995.0,13,0,0,13,1,0,0,0,21,0,242.6
2,2,0,39,0,0,0,560,0,24.0,7,0,0,14,0,0,0,0,18,0,716.5
0,0,0,50,0,0,0,539,0,40.0,12,0,0,22,0,0,0,0,22,0,88.74
1,2,0,26,4,0,0,291,338,115.0,13,2,0,3,0,1,358,0,13,12,1998.88
2,8,0,81,0,0,0,527,0,259.0,5,0,0,14,0,0,0,0,16,0,378.65
0,6,0,76,0,0,0,136,0,1846.0,9,0,0,15,0,0,0,0,8,0,275.62
0,0,0,66,0,0,0,617,0,502.0,10,0,0,19,0,0,0,0,21,0,204.86
4,7,0,44,0,0,0,429,40,3342.0,13,2,2,6,2,0,44,0,6,6,1537.96
4,16,0,75,0,0,0,212,0,1396.0,6,0,0,11,2,0,0,0,6,1,621.76
2,0,0,74,0,0,0,255,0,2920.0,17,0,0,13,0,0,0,0,6,0,378.95
0,9,0,70,0,0,0,371,0,4.0,14,0,0,11,0,0,0,0,20,1,1580.08
2,7,0,73,0,0,0,370,0,1.0,12,0,0,11,0,0,0,0,19,2,621.95
2,4,0,82,0,0,0,499,0,607.0,7,0,0,15,0,0,0,0,18,0,200.89
0,1,0,37,0,0,0,150,0,484.0,13,0,0,18,0,0,0,0,10,0,103.88
0,8,0,34,0,0,0,758,0,1936.0,17,0,0,9,0,1,0,0,8,0,632.7
5,12,0,17,0,0,0,670,0,9223.0,4,0,0,12,1,1,0,0,9,0,1589.36
2,3,0,51,0,0,0,624,0,918.0,5,0,0,15,0,1,0,0,12,0,358.38
5,15,0,75,0,0,0,236,0,663.0,7,0,0,11,1,0,0,0,5,1,625.24
6,3,0,32,0,0,0,626,0,1404.0,4,0,0,14,1,0,0,0,12,0,1072.29
0,0,0,66,0,0,0,604,0,45.0,13,0,0,21,0,0,0,0,25,0,185.79
5,13,0,14,0,1,0,167,0,2543.0,12,0,1,8,0,0,4,0,2,1,2076.8
1,21,0,85,0,1,0,719,32,13029.0,3,0,1,8,0,2,36,0,7,27,2419.92
0,0,0,9,0,0,0,257,0,716.0,11,0,0,20,0,0,0,0,15,0,146.79
0,0,0,9,0,0,0,271,0,1104.0,12,0,0,22,0,0,0,0,18,0,170.28
0,3,0,70,0,0,0,381,0,1753.0,16,0,1,11,0,0,0,0,21,0,1674.37
0,0,0,40,0,0,0,278,0,455.0,12,0,0,20,0,0,0,0,14,0,266.06
3,4,0,51,0,0,0,659,0,644.0,8,0,0,16,1,0,0,0,12,1,434.88
0,4,0,90,0,0,0,249,0,107.0,13,0,0,17,0,0,0,0,8,0,180.46
0,17,0,19,0,0,0,191,4,977.0,11,0,1,9,0,0,4,0,0,1,624.79
0,3,0,50,0,0,0,673,0,262.0,9,0,0,20,0,0,0,0,19,0,96.49
4,10,0,81,0,0,0,697,0,1311.0,3,0,0,13,1,0,0,0,13,1,457.77
0,1,0,0,0,0,0,74,0,27.0,20,0,0,17,0,0,0,0,26,0,651.23
0,5,0,77,0,0,0,86,0,809.0,12,0,0,15,0,0,0,0,7,0,212.3
0,0,0,65,0,0,0,67,0,387.0,12,0,0,18,0,0,0,0,23,0,142.61
0,0,0,66,0,0,0,620,0,3.0,11,0,0,17,0,0,0,0,22,0,197.15
0,0,0,65,0,0,0,66,0,3.0,11,0,0,17,0,0,0,0,22,0,194.3
3,8,0,51,0,0,0,653,0,466.0,6,0,1,15,0,0,0,0,11,1,346.46
1,10,0,39,0,0,0,578,0,1775.0,5,0,0,13,1,0,0,0,16,0,813.42
8,11,0,28,0,0,0,702,4,2554.0,1,0,0,11,2,0,4,0,12,6,1759.34
3,6,0,69,0,0,0,118,0,2183.0,14,0,0,13,0,0,0,0,3,0,237.62
0,1,0,82,0,0,0,510,0,352.0,8,0,0,17,0,0,0,0,18,0,179.02
0,0,0,9,0,0,0,264,0,813.0,10,0,0,19,0,0,0,0,15,0,152.35
36,11,3,1,93,3,8,453,182,36545.0,8,15,5,2,5,49,625,20,11,40,5103.99
0,1,0,0,0,0,0,74,0,27.0,20,0,0,17,0,0,0,0,26,0,634.8
0,4,0,69,0,0,0,108,0,220.0,16,0,0,16,0,0,0,0,6,0,194.22
4,5,0,51,0,0,0,653,0,466.0,6,0,0,15,1,0,0,0,11,1,446.73
0,2,0,50,0,0,0,542,0,290.0,11,0,0,21,0,0,0,0,20,0,91.55
0,0,0,50,0,0,0,539,0,40.0,12,0,0,22,0,0,0,0,22,0,89.18
2,6,0,69,0,0,0,110,0,839.0,14,0,0,15,1,0,0,0,6,0,201.96
1,17,0,14,4,0,0,166,76,2745.0,10,0,1,6,0,1,80,0,2,12,2360.42
2,15,0,17,0,0,0,208,0,5794.0,4,0,0,10,1,0,0,0,7,3,1598.07
0,3,0,90,0,0,0,149,0,64.0,14,0,0,17,0,0,0,0,9,0,209.94
0,0,0,40,0,0,0,280,0,8.0,12,0,0,20,0,0,0,0,14,0,211.27
14,22,1,98,8,1,0,718,72,6234.0,3,2,1,7,2,16,100,0,8,58,2461.67
1,5,0,51,0,0,0,663,0,452.0,8,0,0,16,1,0,0,0,12,0,384.03
1,2,0,50,0,0,0,508,0,325.0,8,0,0,17,0,0,0,0,19,0,100.74
6,14,0,17,0,0,0,226,12,11261.0,4,0,0,9,1,0,12,0,7,16,1819.42
1,0,0,50,0,0,0,615,0,489.0,11,0,0,20,0,0,0,0,21,0,91.76
16,20,1,85,8,0,0,718,56,6234.0,2,2,0,7,3,13,72,0,9,58,2589.39
5,3,0,71,0,0,0,14,0,2118.0,12,0,1,12,1,0,0,0,20,0,1072.46
17,21,0,27,4,0,0,476,176,20104.0,6,3,0,6,2,6,196,0,5,56,1898.59
2,4,0,82,0,0,0,501,0,1075.0,7,0,0,15,0,0,0,0,18,0,232.84
0,0,0,9,0,0,0,264,0,813.0,10,0,0,19,0,0,0,0,15,0,149.4
4,6,1,107,0,0,0,411,146,1726.0,13,0,3,4,1,1,150,0,8,10,1191.41
15,25,0,28,8,0,0,718,56,6234.0,2,3,2,7,2,14,80,0,9,58,2676.51
0,0,0,9,0,0,0,267,0,485.0,9,0,0,19,0,0,0,0,15,0,176.37
0,2,0,31,0,0,0,522,0,224.0,6,0,0,16,0,0,0,0,16,0,1283.99
2,5,0,69,0,0,0,117,0,1281.0,14,0,0,13,1,0,0,0,4,0,227.22
1,4,0,35,0,0,0,43,0,2260.0,11,0,1,12,0,0,0,0,19,0,979.68
0,1,0,66,0,0,0,595,0,151.0,12,0,0,21,0,0,0,0,24,0,191.74
0,1,0,40,0,0,0,285,0,609.0,11,0,0,19,0,0,0,0,13,0,219.66
0,5,0,94,0,0,0,491,0,402.0,5,0,0,15,0,0,0,0,16,0,361.81
5,5,0,107,0,0,0,435,32,1099.0,14,2,0,6,4,1,32,0,7,4,966.35
0,10,0,34,0,0,0,744,0,793.0,16,0,0,10,0,0,0,0,7,0,483.36
0,2,0,64,0,0,0,121,0,1886.0,10,0,0,16,0,0,0,0,10,0,416.79
0,8,0,68,0,0,0,770,0,1821.0,17,0,0,9,0,0,0,0,8,1,656.38
0,1,0,33,0,0,0,818,0,811.0,21,0,0,14,0,0,0,0,24,0,174.8
1,0,0,65,0,0,0,63,0,652.0,13,0,0,19,0,0,0,0,24,0,137.38
8,13,0,24,0,0,0,329,24,3341.0,10,3,0,8,2,1,24,0,16,6,1294.53
0,5,0,39,0,0,0,563,0,6.0,9,0,0,13,0,0,0,0,19,0,722.95
5,9,1,36,4,0,0,355,60,3972.0,10,4,1,6,2,0,68,0,15,10,1197.76
7,11,0,44,40,1,11,416,341,5336.0,11,12,6,2,3,5,557,4,7,23,2141.65
1,6,0,73,0,0,0,46,0,13.0,13,0,0,11,1,0,0,0,20,0,586.53
2,10,0,39,0,0,0,529,0,1010.0,4,0,0,13,0,0,0,0,15,0,849.72
7,9,0,89,0,0,0,37,0,138.0,11,0,0,10,1,0,0,0,18,2,833.22
1,1,0,66,0,0,0,606,0,421.0,11,0,0,19,0,0,0,0,22,0,150.94
0,3,0,77,0,0,0,248,0,206.0,14,0,0,17,0,0,0,0,8,0,197.41
0,1,0,50,0,0,0,551,0,807.0,10,0,0,20,0,0,0,0,21,0,104.88
3,20,0,27,0,0,0,233,0,1076.0,9,0,0,9,0,0,0,0,2,1,1205.1
2,5,0,69,0,0,0,118,0,2183.0,14,0,0,13,0,0,0,0,4,0,220.97
0,1,0,74,0,0,0,739,0,40.0,22,0,0,14,0,0,0,0,12,0,336.99
2,10,0,64,0,0,0,656,0,855.0,7,0,0,14,1,0,0,0,9,1,357.84
9,10,1,78,4,0,0,358,149,4080.0,9,7,1,5,3,4,181,0,14,50,1949.19
16,16,1,85,0,0,0,219,123,23564.0,5,1,4,6,1,5,139,0,6,69,2952.15
0,4,0,77,0,0,0,250,0,288.0,15,0,0,18,0,0,0,0,8,0,210.95
7,7,0,32,0,0,0,626,0,1404.0,4,0,0,14,1,0,0,0,11,0,1046.76
1,0,0,66,0,0,0,600,0,378.0,13,0,0,20,0,0,0,0,24,0,231.82
0,0,0,33,0,0,0,824,0,764.0,19,0,0,12,0,0,0,0,22,0,219.91
1,9,0,39,0,0,0,573,0,2026.0,5,0,0,13,0,0,0,0,16,0,907.89
1,4,0,33,0,0,0,387,4,166.0,14,0,0,8,2,1,4,0,18,2,180.45
2,2,0,81,0,0,0,560,0,24.0,7,0,0,14,0,0,0,0,18,0,348.36
12,11,3,78,42,4,2,345,402,8699.0,8,18,4,3,2,40,553,20,12,46,2849.35
1,0,0,65,0,0,0,56,0,330.0,14,0,0,20,0,0,0,0,25,0,137.64
4,3,0,51,0,0,0,624,0,918.0,5,0,0,14,0,1,0,0,12,0,459.94
9,3,0,52,0,0,0,716,8,1823.0,3,1,0,10,2,0,8,0,13,11,2276.19
3,5,0,73,0,0,0,33,0,186.0,13,0,0,12,2,0,0,0,20,0,587.95
0,2,0,0,0,0,0,802,0,1390.0,23,0,0,17,0,0,0,0,27,0,700.74
8,16,0,52,0,0,0,322,28,2868.0,5,1,1,8,0,1,32,0,14,31,2363.06
0,0,0,40,0,0,0,278,0,455.0,12,0,0,20,0,0,0,0,14,0,291.22
0,6,0,64,0,0,0,137,0,95.0,9,0,0,15,0,0,0,0,8,0,441.41
5,8,0,35,0,0,0,41,0,3094.0,9,1,0,11,3,0,0,0,18,0,980.06
1,2,0,81,0,0,0,560,0,24.0,7,0,0,14,0,0,0,0,18,0,353.37
2,5,0,31,0,0,0,647,0,1272.0,4,0,0,15,0,0,0,0,14,1,1382.73
2,8,0,34,0,0,0,758,0,1936.0,17,0,0,8,0,1,0,0,9,0,577.3
3,0,0,74,0,0,0,255,0,2920.0,17,0,0,12,0,0,0,0,6,0,408.95
0,1,0,39,0,0,0,565,0,1.0,9,0,0,15,0,0,0,0,19,0,707.03
7,23,0,85,4,3,0,721,52,10778.0,3,2,2,7,1,12,64,0,8,57,2472.69
0,0,0,65,0,0,0,51,0,742.0,14,0,0,19,0,0,0,0,25,0,161.42
0,2,0,79,0,0,0,153,0,753.0,12,0,0,18,0,0,0,0,10,0,620.61
0,1,0,66,0,0,0,610,0,380.0,9,0,0,18,0,0,0,0,20,0,267.47
3,7,0,77,0,0,0,111,0,663.0,13,0,0,15,1,0,0,0,6,0,276.71
1,2,0,66,0,0,0,609,0,28.0,9,0,0,17,0,0,0,0,20,0,160.04
7,20,0,27,0,0,0,476,125,20104.0,6,2,2,6,3,7,149,0,4,24,1853.16
3,3,0,73,0,0,0,47,0,228.0,13,0,0,12,1,0,0,0,21,0,536.98
0,1,0,66,0,0,0,548,0,232.0,12,0,0,21,0,0,0,0,23,0,184.19
0,0,0,65,0,0,0,67,0,387.0,12,0,0,18,0,0,0,0,23,0,142.58
6,21,0,27,0,0,0,243,108,4237.0,7,1,2,6,1,4,120,0,4,20,1763.33
0,2,0,66,0,0,0,558,0,21.0,8,0,0,16,0,0,0,0,20,0,206.32
2,2,0,34,0,0,0,788,0,543.0,18,0,0,9,0,0,0,0,11,0,581.18
2,9,0,81,0,0,0,533,0,874.0,3,0,0,13,1,0,0,0,15,0,540.38
0,0,0,66,0,0,0,604,0,45.0,14,0,0,21,0,0,0,0,25,0,188.73
0,0,0,66,0,0,0,595,0,151.0,13,0,0,21,0,0,0,0,24,0,191.82
0,4,0,76,0,0,0,137,0,95.0,9,0,0,15,0,0,0,0,9,0,256.49
9,12,2,36,0,0,0,354,79,2822.0,9,3,1,6,1,6,103,0,14,30,1274.83
2,3,0,44,4,0,0,196,8,5394.0,13,1,2,7,0,0,12,0,4,2,1377.67
7,10,1,78,4,0,0,359,95,5598.0,10,4,0,5,1,1,107,0,14,11,1649.4
0,3,0,34,0,0,0,785,0,204.0,20,0,0,12,0,0,0,0,11,1,469.38
1,12,0,34,0,0,0,750,4,1061.0,15,0,0,9,0,0,4,0,6,0,556.56
0,5,0,73,0,0,0,46,0,13.0,14,0,1,12,0,0,0,0,21,0,550.86
0,1,0,34,0,0,0,747,0,4.0,18,0,0,12,0,0,0,0,8,0,375.97
0,0,0,80,0,0,0,5,0,530.0,16,0,0,17,0,0,0,0,25,0,251.01
0,4,0,79,0,0,0,157,0,1497.0,10,0,0,15,0,0,0,0,8,0,671.59
7,12,1,44,0,2,0,417,390,3794.0,12,2,6,4,3,4,438,0,6,19,1937.55
6,8,0,41,0,1,0,708,20,987.0,3,1,3,9,1,5,28,0,12,24,1404.62
0,1,0,37,0,0,0,150,0,484.0,13,0,0,18,0,0,0,0,10,0,103.18
0,0,0,66,0,0,0,618,0,280.0,11,0,0,18,0,0,0,0,22,0,156.5
3,10,0,77,0,0,0,87,0,109.0,12,0,0,14,1,0,0,0,6,0,181.7
10,26,1,98,4,2,0,721,56,10778.0,3,2,0,7,2,15,68,0,8,59,2250.57
4,7,0,72,0,0,0,193,0,509.0,13,0,0,8,1,0,4,0,4,0,596.56
0,7,0,79,0,0,0,156,0,587.0,10,0,0,15,0,0,0,0,7,0,817.42
0,4,0,39,0,0,0,552,0,747.0,8,0,0,13,0,0,0,0,18,0,821.2
2,5,0,51,0,0,0,628,0,1243.0,5,0,0,14,0,1,0,0,11,0,459.53
2,1,0,69,0,0,0,81,0,680.0,11,0,0,13,1,0,0,0,3,0,223.81
0,0,0,9,0,0,0,274,0,445.0,12,0,0,22,0,0,0,0,18,0,167.44
5,7,0,41,0,0,0,704,16,1460.0,4,1,0,9,2,1,16,0,13,19,1313.09
0,0,0,80,0,0,0,1,0,4.0,18,0,0,20,0,0,0,0,27,0,198.02
0,4,0,76,0,0,0,137,0,95.0,9,0,0,15,0,0,0,0,9,0,328.34
2,7,0,81,0,0,0,530,0,137.0,6,0,0,14,1,0,0,0,17,0,349.69
7,7,0,26,218,0,74,306,178,4318.0,11,6,1,1,7,10,601,0,10,54,2500.24
0,3,0,31,0,0,0,497,0,483.0,9,0,0,19,0,0,0,0,19,0,1052.03
0,6,0,90,0,0,0,161,0,299.0,10,0,0,15,0,0,0,0,7,0,251.09
0,5,0,90,0,0,0,147,0,751.0,12,0,0,16,0,0,0,0,8,0,210.42
5,16,0,75,0,0,0,228,0,1470.0,7,0,0,10,1,0,0,0,4,2,676.07
0,6,0,34,0,0,0,749,0,45.0,19,0,0,11,0,0,0,0,9,0,461.23
0,15,0,76,0,0,0,159,0,666.0,9,0,0,14,0,0,0,0,7,0,270.71
0,1,0,66,0,0,0,608,0,50.0,10,0,0,18,0,0,0,0,21,0,202.25
0,4,0,67,0,0,0,140,0,57.0,9,0,0,17,0,0,0,0,12,0,1157.3
0,2,0,34,0,0,0,787,0,18.0,21,0,0,13,0,0,0,0,11,0,432.05
1,0,0,65,0,0,0,77,0,292.0,16,0,0,22,0,0,0,0,27,0,140.01
2,7,0,31,0,0,0,513,0,8072.0,4,0,0,14,1,0,0,0,15,1,1133.44
10,26,0,27,0,0,0,247,56,1943.0,8,1,1,7,1,1,56,0,3,12,1707.69
0,0,0,65,0,0,0,60,0,635.0,13,0,0,17,0,0,0,0,23,0,148.77
0,3,0,31,0,0,0,514,0,3039.0,5,0,0,15,0,0,0,0,16,0,1004.72
1,8,0,39,0,0,0,575,0,1347.0,6,0,0,13,0,0,0,0,17,0,752.29
7,25,1,27,0,0,0,247,56,1943.0,7,0,3,7,0,1,56,0,3,12,1697.52
16,23,0,85,8,1,0,718,56,6234.0,2,3,0,7,2,11,68,0,8,61,2736.45
3,10,0,69,0,0,0,105,0,476.0,11,0,0,13,1,0,0,0,4,0,283.45
0,2,0,40,0,0,0,131,0,151.0,11,0,0,18,0,0,0,0,11,0,241.44
14,10,0,15,8,0,0,176,196,9638.0,10,4,1,5,1,1,228,0,4,22,2435.74
7,19,0,35,0,0,0,320,20,2826.0,7,1,0,8,1,0,24,0,15,14,1293.46
0,0,0,82,0,0,0,490,0,227.0,7,0,0,16,0,0,0,0,17,0,182.23
18,25,2,85,4,1,0,444,108,11748.0,3,2,1,6,0,20,140,4,8,57,2853.27
0,0,0,65,0,0,0,49,0,523.0,14,0,0,18,0,0,0,0,24,0,159.82
3,3,0,32,0,0,0,643,0,2288.0,4,0,0,14,1,1,0,0,13,0,1095.76
4,0,0,69,0,0,0,80,0,878.0,12,0,0,13,2,0,0,0,3,0,284.14
0,1,0,65,0,0,0,20,0,42.0,13,0,0,15,0,0,0,0,22,0,150.98
3,3,0,73,0,0,0,47,0,228.0,13,0,0,12,1,0,0,0,21,0,528.26
0,0,0,33,0,0,0,822,0,715.0,20,0,0,14,0,0,0,0,24,0,215.99
1,0,0,65,0,0,0,63,0,652.0,13,0,0,19,0,0,0,0,24,0,165.0
13,17,3,85,12,1,0,474,329,25121.0,6,3,5,5,0,15,401,4,6,75,3371.58
14,25,2,98,8,2,0,733,72,12095.0,3,2,6,7,2,13,100,0,9,56,2473.57
0,12,0,76,0,0,0,138,0,1304.0,8,0,0,13,0,0,0,0,7,0,312.48
2,5,0,73,0,0,0,33,0,186.0,13,0,0,11,1,0,0,0,20,0,608.4
0,12,0,76,0,0,0,134,0,811.0,7,0,0,13,0,0,0,0,7,0,276.26
1,18,0,83,0,0,0,101,0,92.0,9,0,0,11,0,0,0,0,4,1,251.98
4,6,0,94,0,0,0,513,0,8072.0,4,0,0,14,1,0,0,0,14,1,502.42
0,0,0,33,0,0,0,818,0,811.0,20,0,0,14,0,0,0,0,23,0,171.71
19,13,1,18,64,1,12,414,386,3446.0,10,23,7,3,5,9,545,0,6,23,2587.1
7,13,0,17,0,0,0,670,0,9223.0,4,0,0,12,2,1,0,0,9,0,1581.85
0,6,0,39,0,0,0,579,0,2903.0,5,0,0,12,0,0,0,0,15,1,933.89
22,20,2,98,32,1,0,443,395,15646.0,5,9,4,5,5,57,471,4,7,34,2980.21
0,1,0,0,0,0,0,806,0,627.0,20,0,0,15,0,0,0,0,24,0,724.49
0,0,0,80,0,0,0,25,0,930.0,15,0,0,17,0,0,0,0,24,0,215.87
9,15,0,35,0,0,0,322,32,2868.0,5,2,1,8,0,1,36,0,14,37,1361.15
7,13,0,24,0,0,0,329,24,3341.0,10,3,0,8,2,1,24,0,16,6,1277.97
2,8,2,26,60,2,22,308,280,1037.0,11,1,3,2,0,8,565,4,11,41,2467.31
5,23,1,19,0,0,0,229,0,1386.0,8,0,0,9,2,1,0,0,3,1,574.43
6,2,0,32,0,0,0,626,0,1404.0,4,0,0,14,1,1,0,0,12,0,1071.15
19,12,1,52,4,1,0,708,28,987.0,2,0,3,8,2,5,36,0,12,29,2383.86
0,9,0,34,0,0,0,770,0,1821.0,16,0,0,9,0,0,0,0,8,1,629.46
2,4,0,82,0,0,0,501,0,1075.0,7,0,0,15,0,0,0,0,19,0,180.6
0,0,0,80,0,0,0,27,0,1599.0,15,0,0,17,0,0,0,0,25,0,283.76
0,4,0,82,0,0,0,504,0,105.0,7,0,0,16,0,0,0,0,18,0,146.64
1,0,0,66,0,0,0,602,0,689.0,13,0,0,19,0,0,0,0,23,0,234.8
8,14,0,28,0,0,0,702,4,2554.0,1,0,0,11,1,0,4,0,12,9,1873.69
10,4,1,44,4,0,1,181,120,8223.0,12,2,0,5,1,1,128,0,4,11,1696.16
2,15,0,27,0,0,0,233,0,1076.0,9,0,1,10,0,0,0,0,2,1,1192.95
8,14,0,41,0,1,0,706,20,524.0,4,1,1,9,2,2,20,0,13,20,1468.69
14,16,1,52,8,1,0,731,139,3626.0,4,6,2,6,2,32,183,0,11,34,2899.91
0,2,0,50,0,0,0,511,0,450.0,9,0,0,18,0,0,0,0,20,0,93.11
1,1,0,66,0,0,0,613,0,608.0,11,0,0,19,0,0,0,0,22,0,202.31
3,13,0,77,0,0,0,87,0,109.0,11,0,0,14,1,0,0,0,5,0,182.99
0,0,0,40,0,0,0,126,0,1131.0,12,0,0,20,0,0,0,0,13,0,221.29
7,12,0,17,0,0,0,727,4,11948.0,2,0,0,11,1,0,4,0,11,0,1712.87
0,2,0,0,0,0,0,803,0,641.0,23,0,0,17,1,0,0,0,27,0,528.13
7,9,3,44,0,1,0,417,282,3794.0,12,0,5,4,3,4,318,0,6,17,1851.14
0,0,0,65,0,0,0,66,0,3.0,11,0,0,17,0,0,0,0,22,0,141.88
0,8,0,79,0,0,0,156,0,587.0,10,0,0,14,0,0,0,0,7,0,693.94
0,0,0,9,0,0,0,259,0,90.0,14,0,0,22,0,0,0,0,17,0,190.41
0,1,0,50,0,0,0,674,0,1077.0,10,0,0,20,0,0,0,0,19,0,104.72
2,2,0,41,0,0,0,712,4,1887.0,4,0,0,11,0,0,4,0,14,6,1155.83
0,6,0,69,0,0,0,108,0,220.0,16,0,0,15,0,0,0,0,6,0,192.71
0,0,0,33,0,0,0,822,0,715.0,20,0,0,14,0,0,0,0,24,0,180.78
1,4,0,73,0,0,0,46,0,13.0,13,0,0,12,1,0,0,0,20,0,563.29
2,4,0,67,0,0,0,139,0,375.0,9,0,0,16,0,0,0,0,11,0,1127.62
1,10,0,39,0,0,0,578,0,1775.0,5,0,0,13,1,0,0,0,16,0,825.86
10,12,0,17,0,0,0,202,24,4396.0,5,0,0,8,2,1,24,0,5,10,1843.84
0,1,0,0,0,0,0,812,0,560.0,20,0,0,15,0,0,0,0,25,0,714.84
3,1,0,74,0,0,0,253,0,1385.0,16,0,0,11,1,0,0,0,5,0,458.07
23,15,1,85,32,1,1,474,377,25121.0,6,12,2,5,4,15,465,4,6,79,3454.98
0,0,0,74,0,0,0,798,0,257.0,23,0,0,16,0,0,0,0,12,0,408.03
0,3,0,64,0,0,0,137,0,95.0,9,0,0,15,0,0,0,0,9,0,333.64
2,5,0,39,0,0,0,576,0,143.0,6,0,0,13,0,0,0,0,17,0,732.46
0,1,0,50,0,0,0,494,0,484.0,8,0,0,18,0,0,0,0,19,0,93.53
0,3,0,33,0,0,0,403,0,313.0,18,0,0,12,0,0,0,0,21,0,179.38
3,6,0,31,0,0,0,513,0,8072.0,4,0,0,14,1,0,0,0,14,1,1133.89
0,2,0,31,0,0,0,496,0,145.0,8,0,0,18,0,0,0,0,18,0,1243.93
0,0,0,67,0,0,0,285,0,609.0,11,0,0,19,0,0,0,0,13,0,1101.89
8,20,0,75,0,1,0,205,4,653.0,6,1,1,9,1,1,4,0,4,7,754.58
0,3,0,33,0,0,0,393,4,1020.0,15,0,0,8,0,0,4,0,17,2,196.01
2,13,0,107,0,0,0,409,396,25.0,13,0,0,3,1,3,412,0,9,16,1386.32
7,14,0,36,0,0,0,356,72,2904.0,10,5,0,6,0,2,76,0,15,11,1223.79
1,8,0,19,0,0,0,192,0,6.0,12,0,0,11,1,0,0,0,2,0,463.74
4,9,0,69,0,0,0,105,0,476.0,11,0,0,12,1,0,0,0,4,0,251.59
0,0,0,9,0,0,0,261,0,176.0,15,0,0,23,0,0,0,0,18,0,190.24
0,2,0,31,0,0,0,675,0,527.0,8,0,0,18,0,0,0,0,18,0,910.23
0,5,0,33,0,0,0,405,0,1086.0,16,0,0,10,0,0,0,0,20,1,184.13
2,15,0,14,4,0,0,166,64,2745.0,10,0,1,6,0,1,68,0,2,7,2336.63
0,1,0,66,0,0,0,610,0,380.0,9,0,0,18,0,0,0,0,20,0,242.47
0,7,0,69,0,0,0,251,0,413.0,15,0,0,14,0,0,0,0,5,0,208.3
0,3,0,77,0,0,0,250,0,288.0,15,0,0,18,0,0,0,0,8,0,195.5
1,7,0,70,0,0,0,385,0,5.0,15,0,0,12,1,0,0,0,21,0,1703.67
1,8,0,81,0,0,0,578,0,1775.0,5,0,0,14,1,0,0,0,17,0,372.31
17,20,1,11,20,0,5,477,305,24762.0,7,9,1,5,3,12,373,0,4,53,2712.05
18,22,1,85,8,0,0,718,56,6234.0,2,1,0,7,3,11,68,0,9,58,2720.24
2,5,0,39,0,0,0,713,4,2058.0,4,0,0,12,1,0,4,0,15,1,906.76
0,0,0,9,0,0,0,269,0,61.0,10,0,0,20,0,0,0,0,15,0,156.92
2,4,0,64,0,0,0,139,0,375.0,9,0,0,16,0,0,0,0,11,0,321.71
4,7,0,51,0,0,0,653,0,466.0,6,0,0,15,1,0,0,0,11,1,447.41
0,7,0,73,0,0,0,375,0,161.0,13,0,0,10,0,0,0,0,19,2,568.43
1,12,0,76,0,0,0,235,0,165.0,7,0,0,12,0,0,0,0,6,0,262.75
5,18,0,27,0,0,0,228,0,1470.0,8,0,0,10,1,0,0,0,4,1,1348.11
5,9,2,36,0,0,0,355,48,3972.0,11,1,0,6,2,1,52,0,15,6,1227.65
0,8,0,73,0,0,0,373,0,107.0,12,0,0,9,0,0,0,0,18,2,650.97
0,5,0,31,0,0,0,513,0,8072.0,5,0,0,15,0,0,0,0,15,1,1221.35
2,9,0,81,0,0,0,515,0,3053.0,4,0,0,14,1,0,0,0,15,1,462.67
1,0,0,66,0,0,0,601,0,31.0,13,0,0,20,0,0,0,0,24,0,187.3
30,12,5,84,89,7,8,453,192,36545.0,8,15,14,2,7,26,645,34,10,38,3782.74
2,4,0,81,0,0,0,528,0,364.0,5,0,0,14,1,0,0,0,16,0,375.59
0,3,0,33,0,0,0,402,0,240.0,16,0,0,10,2,0,0,0,20,1,160.92
7,11,0,17,0,0,0,666,0,5999.0,3,0,0,11,2,0,0,0,9,0,1734.1
0,2,0,80,0,0,0,17,0,287.0,12,0,0,15,0,0,0,0,22,0,276.39
1,3,0,82,0,0,0,501,0,1075.0,7,0,0,15,0,0,0,0,18,0,236.8
4,17,0,75,0,0,0,228,0,1470.0,8,0,0,11,1,0,0,0,4,1,662.92
2,9,0,34,0,0,0,746,0,1135.0,17,0,0,10,0,0,0,0,8,1,546.93
0,0,0,65,0,0,0,60,0,635.0,13,0,0,17,0,0,0,0,23,0,142.38
11,12,1,52,0,0,0,703,32,2709.0,3,2,2,8,2,7,40,0,12,40,2582.11
2,2,0,67,0,0,0,287,0,689.0,10,0,0,18,0,0,0,0,12,0,1150.49
0,7,0,69,0,0,0,106,0,54.0,15,0,0,14,0,0,0,0,5,0,264.7
0,1,0,50,0,0,0,550,0,94.0,11,0,0,21,0,0,0,0,22,0,88.49
0,5,0,37,0,0,0,151,0,409.0,13,0,0,16,0,0,0,0,8,0,130.38
0,0,0,65,0,0,0,49,0,523.0,14,0,0,19,0,0,0,0,25,0,136.95
0,1,0,0,0,0,0,71,0,1.0,19,0,0,14,0,0,0,0,24,0,740.05
1,12,0,19,0,0,0,190,4,118.0,11,0,4,10,1,0,4,0,0,1,542.0
1,0,0,65,0,0,0,55,0,188.0,15,0,0,21,0,0,0,0,26,0,131.4
2,3,0,82,0,0,0,499,0,607.0,6,0,0,15,0,0,0,0,17,0,239.68
0,0,0,50,0,0,0,543,0,543.0,12,0,0,22,0,0,0,0,22,0,91.69
1,0,0,74,0,0,0,252,0,4009.0,17,0,1,12,0,0,0,0,6,0,454.29
1,5,0,69,0,0,0,83,0,730.0,13,0,1,15,0,0,0,0,6,0,265.26
2,3,0,68,0,0,0,422,0,3141.0,15,1,0,7,0,0,0,0,8,0,816.82
2,9,0,81,0,0,0,515,0,3053.0,4,0,0,14,1,0,0,0,15,1,390.89
1,4,0,39,0,0,0,574,0,855.0,6,0,0,14,0,0,0,0,17,0,799.21
0,1,0,74,0,0,0,736,0,129.0,23,0,0,15,0,0,0,0,14,0,409.99
1,0,0,50,0,0,0,615,0,489.0,10,0,0,19,0,0,0,0,21,0,105.44
3,9,0,81,0,0,0,515,0,3053.0,3,0,0,13,1,0,0,0,14,1,395.97
0,1,0,66,0,0,0,548,0,232.0,12,0,0,21,0,0,0,0,22,0,189.87
4,5,0,44,0,0,0,431,40,1701.0,14,2,1,6,2,1,40,0,7,5,1558.25
0,3,0,33,0,0,0,390,0,29.0,15,0,0,9,2,0,0,0,19,1,235.48
1,12,0,34,0,0,0,753,4,564.0,15,0,0,9,0,0,4,0,5,0,644.58
7,10,0,17,0,0,0,218,24,12029.0,5,0,0,8,1,3,24,0,6,13,1955.36
0,3,0,51,0,0,0,629,0,675.0,6,0,0,15,0,0,0,0,12,1,387.94
0,3,0,82,0,0,0,501,0,1075.0,6,0,0,15,0,0,0,0,18,0,233.91
2,3,0,83,0,0,0,81,0,680.0,12,0,0,13,1,0,0,0,4,0,229.83
2,5,0,74,0,0,0,755,4,1508.0,16,0,0,11,1,0,4,0,5,0,467.39
2,3,0,34,0,0,0,762,0,1302.0,18,0,0,10,0,0,0,0,9,1,471.43
1,0,0,50,0,0,0,547,0,185.0,11,0,0,20,0,0,0,0,22,0,92.11
2,9,0,81,0,0,0,529,0,1010.0,4,0,0,13,0,0,0,0,15,0,538.43
1,7,0,70,0,0,0,396,4,2956.0,13,1,1,8,0,1,4,0,18,2,1824.65
0,4,0,90,0,0,0,151,0,409.0,13,0,0,17,0,0,0,0,8,0,201.08
1,1,0,74,0,0,0,255,0,2920.0,18,0,0,13,0,0,0,0,7,0,359.46
3,4,0,39,0,0,0,713,4,2058.0,4,0,0,11,1,0,4,0,15,1,996.37
0,0,0,65,0,0,0,49,0,523.0,14,0,0,18,0,0,0,0,24,0,194.79
0,4,0,51,0,0,0,629,0,675.0,7,0,0,16,0,0,0,0,12,1,342.32
1,7,0,64,0,0,0,133,0,161.0,7,0,0,14,1,0,0,0,9,1,350.84
8,18,0,85,0,0,0,216,64,10208.0,3,2,3,7,2,8,72,0,7,51,2587.76
0,1,0,33,0,0,0,819,0,65.0,21,0,0,15,0,0,0,0,25,0,162.83
0,9,0,39,0,0,0,555,0,596.0,7,0,0,13,0,0,0,0,17,0,749.03
0,4,0,74,0,0,0,747,0,4.0,19,0,0,12,0,0,0,0,9,0,346.34
0,1,0,50,0,0,0,536,0,14.0,12,0,0,22,0,0,0,0,23,0,89.28
0,5,0,90,0,0,0,147,0,751.0,12,0,0,16,0,0,0,0,8,0,233.71
0,1,0,82,0,0,0,488,0,499.0,7,0,0,16,0,0,0,0,18,0,179.79
0,7,0,107,0,0,0,767,4,490.0,15,0,0,7,0,0,4,0,6,1,954.25
18,14,0,100,51,1,3,297,282,29575.0,9,10,0,3,2,11,569,12,12,66,2246.68
0,0,0,65,0,0,0,57,0,384.0,12,0,0,17,0,0,0,0,23,0,197.48
3,13,0,83,0,0,0,104,0,557.0,11,0,0,14,1,0,0,0,5,0,226.54
2,11,0,34,0,0,0,746,0,1135.0,17,0,0,10,0,0,0,0,7,1,482.7
1,2,0,80,0,0,0,10,0,995.0,12,0,1,13,1,0,0,0,21,0,298.34
0,0,0,65,0,0,0,52,0,888.0,14,0,0,18,0,0,0,0,24,0,139.96
0,0,0,65,0,0,0,59,0,391.0,13,0,0,16,0,0,0,0,23,0,147.69
7,16,0,75,0,0,0,202,8,4396.0,5,0,0,9,1,0,8,0,5,8,788.53
7,13,2,24,0,0,0,329,32,3341.0,10,1,4,7,0,1,32,0,16,5,1475.63
7,11,1,44,4,2,0,417,415,3794.0,11,4,2,4,3,6,487,0,6,18,2021.34
0,2,0,0,0,0,0,379,0,13.0,18,0,0,13,2,0,0,0,23,0,577.81
0,1,0,50,0,0,0,549,0,426.0,10,0,0,20,0,0,0,0,20,0,92.5
0,2,0,37,0,0,0,146,0,665.0,13,0,0,18,0,0,0,0,10,0,102.89
3,25,0,17,0,0,0,223,8,11389.0,2,0,0,9,1,1,8,0,8,11,1762.17
1,7,0,15,0,0,1,180,108,12487.0,11,1,2,6,0,1,116,0,3,13,2046.4
0,1,0,0,0,0,0,811,0,67.0,18,0,0,14,2,0,0,0,23,0,733.57
0,3,0,70,0,0,0,381,0,1753.0,16,0,1,12,0,0,0,0,21,0,1681.08
3,17,0,75,0,0,0,205,4,653.0,6,1,1,9,1,0,4,0,4,8,733.34
24,24,0,98,16,0,0,446,336,16032.0,4,10,3,5,2,52,400,4,8,29,2920.01
1,21,0,27,0,0,0,233,0,1076.0,9,1,0,9,0,1,0,0,2,1,1274.88
1,15,0,83,0,0,0,231,0,1182.0,9,0,0,10,0,0,0,0,3,1,227.02
0,1,0,31,0,0,0,522,0,224.0,7,0,0,17,0,0,0,0,17,0,972.15
2,18,0,35,0,0,0,319,8,294.0,6,1,0,9,1,0,8,0,15,2,1201.26
0,2,0,80,0,0,0,19,0,292.0,13,0,0,15,1,0,0,0,22,0,294.83
0,4,0,70,0,0,0,381,0,1753.0,16,0,1,12,0,0,0,0,21,0,1646.74
3,4,0,67,0,0,0,139,0,375.0,9,0,0,16,1,0,0,0,11,0,1142.26
1,8,0,39,0,0,0,573,0,2026.0,6,0,0,13,0,0,0,0,17,0,756.02
2,5,0,33,0,0,0,391,20,384.0,14,0,0,7,0,1,20,0,16,3,225.69
0,1,0,50,0,0,0,551,0,807.0,10,0,0,19,0,0,0,0,20,0,91.95
9,3,0,41,0,0,0,716,8,1823.0,3,0,0,10,2,0,8,0,13,7,1246.85
0,5,0,39,0,0,0,713,4,2058.0,4,0,0,12,0,0,4,0,15,1,884.05
0,0,0,67,0,0,0,281,0,875.0,11,0,0,19,0,0,0,0,13,0,1121.17
1,4,0,94,0,0,0,487,0,348.0,6,0,0,15,1,0,0,0,17,0,350.75
0,11,0,41,0,0,0,584,4,4427.0,7,1,0,10,0,0,4,0,16,1,1180.99
0,2,0,37,0,0,0,146,0,665.0,12,0,0,17,0,0,0,0,9,0,107.72
0,12,0,76,0,0,0,138,0,1304.0,8,0,0,13,0,0,0,0,7,0,310.23
0,0,0,9,0,0,0,261,0,176.0,14,0,0,23,0,0,0,0,18,0,190.35
0,2,0,37,0,0,0,150,0,484.0,13,0,0,18,0,0,0,0,9,0,126.7
0,0,0,9,0,0,0,263,0,416.0,14,0,0,22,0,0,0,0,17,0,188.98
0,1,0,33,0,0,0,361,0,142.0,19,0,0,12,0,0,0,0,22,0,189.38
0,3,0,33,0,0,0,406,0,19.0,16,0,0,10,0,0,0,0,19,1,194.01
0,2,0,74,0,0,0,786,0,226.0,21,0,0,13,0,0,0,0,11,0,333.33
0,2,0,82,0,0,0,495,0,463.0,9,0,0,19,0,0,0,0,20,0,65.66
0,4,0,19,0,0,0,96,0,277.0,12,0,0,12,0,0,0,0,3,0,548.05
0,5,0,39,0,0,0,556,0,768.0,7,0,0,13,0,0,0,0,18,0,819.14
0,0,0,65,0,0,0,598,0,906.0,14,0,1,20,0,0,0,0,25,0,161.29
0,7,0,39,0,0,0,579,0,2903.0,5,0,0,12,0,0,0,0,15,1,947.79
0,9,0,90,0,0,0,156,0,587.0,9,0,0,14,0,0,0,0,7,0,281.09
4,8,0,73,0,0,0,374,0,6.0,11,0,0,9,0,0,0,0,18,2,597.7
7,9,1,26,198,0,70,306,206,4318.0,11,5,1,1,6,10,597,8,10,55,2619.99
0,16,0,35,0,0,0,337,4,5035.0,7,0,1,9,0,0,4,0,16,1,1118.96
0,10,0,73,0,0,0,371,0,4.0,14,0,0,10,0,0,0,0,19,1,625.81
18,10,2,52,8,0,0,347,72,3707.0,5,2,4,7,2,19,88,0,12,56,2771.22
2,17,0,19,0,0,0,94,0,981.0,11,0,0,10,1,0,0,0,1,1,611.99
0,0,0,50,0,0,0,680,0,54.0,12,0,0,22,0,0,0,0,21,0,88.92
1,15,0,35,0,0,0,586,0,8665.0,7,1,0,10,1,0,0,0,16,1,1122.51
3,6,0,73,0,0,0,394,8,992.0,12,1,1,8,0,1,8,0,17,1,664.5
33,17,8,1,48,2,0,459,454,13220.0,6,15,8,4,4,20,617,12,10,33,4071.94
3,10,0,77,0,0,0,87,0,109.0,11,0,0,14,1,0,0,0,5,0,287.23
2,7,0,69,0,0,0,91,0,791.0,13,0,1,15,0,0,0,0,6,0,215.95
0,1,0,31,0,0,0,521,0,205.0,7,0,0,18,0,0,0,0,17,0,1077.6
0,6,0,90,0,0,0,161,0,299.0,10,0,0,15,0,0,0,0,7,0,220.5
6,11,0,52,0,1,0,706,20,524.0,4,1,0,9,1,1,20,0,14,20,2281.47
0,1,0,74,0,0,0,771,0,1125.0,20,0,0,13,0,0,0,0,10,0,331.61
0,1,0,82,0,0,0,494,0,484.0,8,0,0,18,0,0,0,0,19,0,170.5
4,7,0,44,0,0,0,431,68,1701.0,14,2,1,5,3,0,68,0,7,6,1532.78
4,12,0,74,0,0,0,751,4,347.0,14,0,0,9,0,0,4,0,4,0,408.73
0,3,0,33,0,0,0,403,0,313.0,17,0,0,11,0,0,0,0,21,0,176.08
2,4,0,31,0,0,0,647,0,1272.0,5,0,0,15,0,0,0,0,14,1,1350.64
1,1,0,66,0,0,0,591,0,668.0,11,0,0,19,0,0,0,0,22,0,224.47
0,1,0,74,0,0,0,747,0,4.0,19,0,0,12,0,0,0,0,9,0,342.35
0,0,0,66,0,0,0,604,0,45.0,14,0,0,22,0,0,0,0,25,0,199.96
1,9,0,68,0,0,0,428,0,2286.0,17,0,0,8,0,0,0,0,10,0,718.02
5,17,0,52,0,0,0,322,32,2868.0,6,2,1,8,1,1,36,0,14,41,2580.87
0,8,0,70,0,0,0,369,0,8.0,13,0,0,11,1,0,0,0,19,1,1622.72
1,1,0,50,0,0,0,507,0,94.0,9,0,0,18,0,0,0,0,20,0,99.98
0,2,0,0,0,0,0,70,0,38.0,18,0,0,14,0,0,0,0,24,0,554.25
0,7,0,73,0,0,0,385,0,5.0,15,0,0,11,0,0,0,0,21,0,592.64
0,0,0,9,0,0,0,271,0,1104.0,12,0,0,22,0,0,0,0,18,0,189.13
0,0,0,80,0,0,0,6,0,1111.0,16,0,0,17,0,0,0,0,25,0,36.83
0,0,0,9,0,0,0,261,0,176.0,15,0,0,24,0,0,0,0,19,0,140.23
3,3,0,107,0,0,0,435,8,1099.0,15,1,0,6,1,1,8,0,7,1,985.0
0,8,0,39,0,0,0,579,0,2903.0,5,0,0,12,0,0,0,0,16,1,940.14
3,13,0,35,0,0,0,323,20,1410.0,5,0,1,9,0,1,20,0,14,14,1145.21
0,2,0,50,0,0,0,542,0,290.0,11,0,0,21,0,0,0,0,20,0,116.03
3,3,0,34,0,0,0,766,4,1685.0,16,0,0,8,0,1,4,0,8,0,651.62
0,2,0,34,0,0,0,784,0,328.0,21,0,0,12,0,0,0,0,12,0,550.37
0,1,0,65,0,0,0,18,0,300.0,13,0,0,15,0,0,0,0,22,0,155.76
3,6,0,73,0,0,0,394,8,992.0,12,1,1,8,0,1,8,0,17,1,675.46
1,5,0,19,0,0,0,115,0,391.0,12,0,0,11,1,0,0,0,2,0,414.37
0,2,0,31,0,0,0,521,0,205.0,8,0,0,18,0,0,0,0,18,0,944.23
13,14,0,52,0,1,0,348,90,2630.0,6,5,7,6,0,15,114,4,13,63,2887.38
4,1,0,69,0,0,0,80,0,878.0,12,0,1,13,2,0,0,0,4,0,216.17
0,2,0,37,0,0,0,150,0,484.0,13,0,0,18,0,0,0,0,10,0,101.29
0,0,0,67,0,0,0,279,0,1.0,13,0,0,21,0,0,0,0,15,0,1025.55
9,12,5,44,82,4,35,416,193,5336.0,10,21,7,2,5,12,601,12,7,38,2349.19
0,2,0,0,0,0,0,802,0,1390.0,23,0,0,17,0,0,0,0,27,0,417.21
9,14,0,52,4,2,0,707,28,5234.0,3,1,3,8,1,5,36,0,12,33,2634.0
0,4,0,33,0,0,0,380,0,310.0,17,0,0,12,2,0,0,0,21,0,208.44
1,11,0,15,0,0,0,180,72,12487.0,11,0,3,6,0,0,76,4,3,9,2087.08
1,0,0,66,0,0,0,76,0,416.0,15,0,0,22,0,0,0,0,26,0,189.72
3,3,0,73,0,0,0,45,0,364.0,13,0,0,13,1,0,0,0,21,0,560.39
3,17,0,17,0,0,0,722,8,7545.0,1,0,0,10,0,1,8,0,10,8,1790.18
0,1,0,67,0,0,0,285,0,609.0,11,0,0,19,0,0,0,0,13,0,1355.9
0,1,0,80,0,0,0,24,0,783.0,14,0,0,16,1,0,0,0,23,0,168.26
0,2,0,66,0,0,0,622,0,315.0,9,0,0,17,0,0,0,0,20,0,197.98
7,11,1,44,0,2,1,417,401,3794.0,11,3,2,4,3,6,469,0,6,18,1995.61
11,9,3,78,8,0,0,358,212,4080.0,9,5,2,5,3,3,244,0,13,62,1997.4
3,15,0,75,0,0,0,236,0,663.0,7,0,0,11,1,0,0,0,5,0,651.34
15,20,0,28,0,1,0,730,36,5068.0,2,3,3,8,3,12,44,4,11,40,2323.29
8,10,0,74,0,0,0,187,4,1418.0,14,0,3,9,1,0,4,0,4,0,433.42
0,2,0,34,0,0,0,795,0,1497.0,20,0,0,11,0,0,0,0,12,1,514.27
0,1,0,80,0,0,0,17,0,287.0,12,0,0,15,0,0,0,0,22,0,216.22
10,14,3,26,56,0,8,309,265,5029.0,11,0,3,2,1,7,569,0,12,58,2437.23
0,2,0,34,0,0,0,739,0,40.0,22,0,0,14,0,0,0,0,12,0,421.92
0,2,0,31,0,0,0,686,0,539.0,8,0,0,19,0,0,0,0,17,0,1035.49
0,0,0,50,0,0,0,615,0,489.0,10,0,0,19,0,0,0,0,21,0,104.6
13,20,0,28,4,0,0,693,16,3331.0,0,0,2,9,1,4,20,0,10,20,2151.9
0,2,0,66,0,0,0,609,0,28.0,8,0,0,17,0,0,0,0,19,0,207.41
0,1,0,71,0,0,0,30,0,1189.0,15,0,0,16,1,0,0,0,24,0,926.85
0,1,0,74,0,0,0,741,0,139.0,23,0,0,15,0,0,0,0,13,0,316.31
0,0,0,40,0,0,0,126,0,1131.0,12,0,0,19,0,0,0,0,13,0,235.43
3,4,0,51,0,0,0,661,0,76.0,7,0,0,16,1,0,0,0,12,1,337.37
0,2,0,82,0,0,0,491,0,402.0,6,0,0,15,0,0,0,0,16,0,199.08
0,3,0,51,0,0,0,637,0,708.0,7,0,0,16,0,0,0,0,13,1,392.78
0,0,0,33,0,0,0,820,0,657.0,19,0,0,13,0,0,0,0,22,0,169.94
0,2,0,71,0,0,0,10,0,995.0,13,0,0,13,1,0,0,0,21,0,893.92
1,4,0,31,0,0,0,647,0,1272.0,5,0,0,15,0,0,0,0,14,1,1190.81
2,4,0,67,0,0,0,140,0,57.0,9,0,0,17,0,0,0,0,12,0,1130.8
0,0,0,80,0,0,0,3,0,475.0,18,0,0,18,0,0,0,0,26,0,209.91
4,7,0,44,0,0,0,429,44,3342.0,14,2,1,6,3,0,44,0,6,6,1456.24
4,5,0,44,0,0,0,411,114,1726.0,13,0,2,5,1,2,118,0,8,7,1611.34
0,0,0,65,0,0,0,64,0,701.0,13,0,0,18,0,0,0,0,24,0,166.07
6,7,2,44,0,0,0,430,174,3952.0,12,0,6,5,2,1,182,0,6,14,1734.49
0,5,0,77,0,0,0,86,0,809.0,12,0,0,16,0,0,0,0,7,0,268.83
0,1,0,0,0,0,0,808,0,81.0,21,0,0,16,0,0,0,0,26,0,531.75
1,0,0,66,0,0,0,63,0,652.0,13,0,0,19,0,0,0,0,24,0,222.2
2,3,0,32,0,0,0,662,0,476.0,7,0,0,16,0,0,0,0,13,1,1238.1
0,2,0,40,0,0,0,287,0,689.0,10,0,0,18,0,0,0,0,12,0,229.73
0,1,0,66,0,0,0,548,0,232.0,12,0,0,21,0,0,0,0,22,0,189.55
1,7,0,76,0,0,0,133,0,161.0,7,0,0,14,1,0,0,0,9,0,261.38
2,5,0,69,0,0,0,117,0,1281.0,14,0,0,14,1,0,0,0,4,0,237.53
15,15,2,52,16,0,0,346,116,4621.0,5,3,2,6,3,32,152,0,12,43,2905.53
0,5,0,76,0,0,0,136,0,1846.0,9,0,0,15,0,0,0,0,8,0,255.57
0,3,0,90,0,0,0,249,0,107.0,14,0,0,17,0,0,0,0,8,0,262.76
0,1,0,66,0,0,0,545,0,461.0,11,0,0,20,0,0,0,0,21,0,194.36
5,16,0,17,0,0,0,226,8,11261.0,4,0,0,9,1,0,8,0,7,11,1843.24
0,13,0,27,0,0,0,95,0,520.0,10,0,0,11,0,0,0,0,2,1,1132.78
0,1,0,66,0,0,0,559,0,13.0,9,0,0,16,0,0,0,0,20,0,203.53
22,20,1,52,32,3,2,458,413,4119.0,5,18,3,5,4,19,493,4,10,27,3125.59
0,1,0,50,0,0,0,545,0,461.0,11,0,0,20,0,0,0,0,22,0,95.9
0,2,0,40,0,0,0,128,0,720.0,11,0,0,18,0,0,0,0,12,0,231.18
0,0,0,80,0,0,0,8,0,9.0,16,0,0,18,0,0,0,0,26,0,210.95
11,9,0,41,4,1,0,708,24,987.0,3,1,1,9,1,5,28,0,12,21,1289.39
0,1,0,82,0,0,0,490,0,227.0,6,0,0,16,0,0,0,0,17,0,211.72
0,1,0,40,0,0,0,126,0,1131.0,11,0,0,19,0,0,0,0,13,0,300.37
18,9,1,52,4,0,0,691,28,2987.0,2,1,1,9,2,6,32,0,12,18,2527.55
0,1,0,33,0,0,0,805,0,677.0,21,0,0,15,0,0,0,0,25,0,184.94
0,1,0,50,0,0,0,549,0,426.0,10,0,0,20,0,0,0,0,21,0,75.62
0,2,0,66,0,0,0,611,0,2.0,8,0,0,16,0,0,0,0,19,0,207.52
1,8,0,81,0,0,0,530,0,137.0,5,0,0,14,0,0,0,0,16,0,387.71
0,8,0,90,0,0,0,156,0,587.0,10,0,0,14,0,0,0,0,7,0,242.88
0,1,0,71,0,0,0,30,0,1189.0,15,0,0,16,1,0,0,0,24,0,918.72
10,14,0,52,0,0,0,705,44,2842.0,5,4,1,8,2,4,52,0,13,47,2641.72
0,5,0,79,0,0,0,161,0,299.0,11,0,0,16,0,0,0,0,8,0,662.55
0,10,0,70,0,0,0,371,0,4.0,14,0,0,11,0,0,0,0,20,1,1863.9
7,10,2,44,0,1,0,417,321,3794.0,12,1,6,4,2,4,365,0,6,17,1895.82
0,1,0,74,0,0,0,741,0,139.0,23,0,0,15,0,0,0,0,13,0,414.02
1,6,0,69,0,0,0,83,0,730.0,13,0,1,15,0,0,0,0,5,0,264.07
0,7,0,94,0,0,0,516,0,4976.0,4,0,0,14,0,0,0,0,15,0,493.55
0,3,0,0,0,0,0,381,0,1753.0,16,0,1,11,1,0,0,0,21,0,772.8
0,3,0,32,0,0,0,634,0,1265.0,8,0,0,17,0,0,0,0,15,0,922.28
1,10,0,81,0,0,0,578,0,1775.0,5,0,0,14,1,0,0,0,16,0,366.04
4,13,0,75,0,0,0,210,0,1809.0,6,0,0,12,1,0,0,0,7,1,596.82
1,6,0,69,0,0,0,83,0,730.0,13,0,1,15,0,0,0,0,6,0,264.97
0,7,0,76,0,0,0,137,0,95.0,9,0,0,15,0,0,0,0,8,0,256.83
0,0,0,9,0,0,0,274,0,445.0,12,0,0,22,0,0,0,0,18,0,188.51
0,1,0,34,0,0,0,792,0,100.0,19,0,0,10,0,1,0,0,12,0,466.24
1,3,0,69,0,0,0,113,0,1912.0,12,0,0,12,0,0,0,0,3,0,281.81
0,3,0,39,0,0,0,556,0,768.0,7,0,0,14,0,0,0,0,18,0,766.05
12,27,2,85,8,0,0,718,56,6234.0,2,2,2,7,2,14,80,0,9,58,2769.93
14,10,2,52,4,0,0,349,72,4758.0,5,3,5,7,1,8,88,0,13,64,2686.82
0,0,0,31,0,0,0,496,0,145.0,8,0,0,18,0,0,0,0,18,0,946.78
12,19,1,85,4,1,0,215,144,16670.0,5,3,2,6,1,5,164,0,6,75,3022.13
5,14,0,15,4,0,1,176,161,9638.0,10,1,5,5,0,3,177,0,3,16,2045.1
5,21,0,17,0,0,0,220,12,5671.0,3,0,0,9,1,0,12,0,7,14,1997.84
0,10,0,14,0,0,0,168,4,26.0,11,0,3,9,0,0,4,0,0,1,1898.56
3,14,0,17,0,0,0,225,0,2523.0,4,0,0,11,1,1,0,0,8,0,1545.2
2,8,0,39,0,0,0,566,4,172.0,5,0,0,10,0,0,4,0,15,2,883.34
3,18,0,75,0,0,0,236,0,663.0,7,0,1,10,0,0,0,0,5,2,728.43
8,21,0,35,0,0,0,320,20,2826.0,7,1,0,8,1,0,24,0,15,14,1272.64
7,3,0,41,0,1,0,704,16,1460.0,4,1,0,10,1,1,16,0,14,15,1175.57
2,10,0,69,0,0,0,103,0,421.0,11,0,0,13,1,0,0,0,4,0,273.74
3,12,0,17,0,0,0,727,4,11948.0,2,0,3,11,0,0,4,0,10,0,1689.21
0,3,0,37,0,0,0,122,0,528.0,12,0,0,17,0,0,0,0,9,0,114.77
0,1,0,50,0,0,0,493,0,194.0,10,0,0,20,0,0,0,0,20,0,92.46
4,8,0,68,0,0,0,426,0,3031.0,16,0,0,8,0,0,0,0,8,0,832.09
0,0,0,33,0,0,0,820,0,657.0,19,0,0,13,0,0,0,0,23,0,210.32
10,11,0,52,0,1,0,703,28,2709.0,3,1,3,8,2,5,36,0,12,34,2547.74
4,14,1,35,0,0,0,337,4,5035.0,8,0,1,9,1,0,4,0,16,2,1182.51
1,4,0,74,0,0,0,754,0,848.0,16,0,0,11,0,0,0,0,6,0,424.61
7,12,1,26,40,2,8,309,265,5029.0,11,0,4,2,0,8,565,8,12,52,2484.91
1,4,0,64,0,0,0,133,0,161.0,8,0,0,15,1,0,0,0,9,0,357.28
9,12,2,36,0,0,0,358,92,4080.0,9,5,1,6,2,5,116,0,14,34,1358.01
0,0,0,66,0,0,0,599,0,845.0,14,0,0,21,0,0,0,0,25,0,232.0
1,15,0,35,0,0,0,337,4,5035.0,8,0,1,9,1,0,4,0,16,2,1118.02
0,13,0,76,0,0,0,138,0,1304.0,8,0,0,14,0,0,0,0,7,0,278.85
0,0,0,50,0,0,0,539,0,40.0,12,0,0,22,0,0,0,0,22,0,88.94
3,8,0,94,0,0,0,641,0,7177.0,3,0,0,13,0,1,0,0,13,0,469.25
0,1,0,82,0,0,0,523,0,400.0,7,0,0,17,0,0,0,0,17,0,233.11
0,0,0,74,0,0,0,799,0,526.0,22,0,0,15,0,0,0,0,12,0,409.23
3,10,0,14,0,0,0,165,48,8431.0,11,0,1,7,0,0,52,4,3,5,2338.88
11,11,0,44,4,0,0,419,423,873.0,12,4,6,3,4,4,471,0,7,19,1829.55
0,0,0,50,0,0,0,535,0,562.0,12,0,0,22,0,0,0,0,23,0,113.09
2,7,0,81,0,0,0,530,0,137.0,5,0,0,14,0,0,0,0,16,0,386.8
1,3,0,19,0,0,0,115,0,391.0,12,0,0,12,1,0,0,0,2,0,488.88
7,15,0,75,0,0,0,203,8,3451.0,5,0,0,9,1,0,8,0,6,9,769.56
3,16,0,75,0,0,0,200,0,1033.0,5,0,1,9,0,0,0,0,5,5,759.18
0,1,0,80,0,0,0,24,0,783.0,15,0,0,16,0,0,0,0,24,0,215.3
2,4,0,74,0,0,0,755,4,1508.0,16,0,1,11,1,0,4,0,5,0,464.55
0,0,0,80,0,0,0,8,0,9.0,16,0,0,18,0,0,0,0,25,0,282.21
12,19,1,85,8,1,0,472,306,26248.0,5,2,4,5,0,11,370,4,6,76,3301.11
0,0,0,80,0,0,0,9,0,13.0,17,0,0,18,0,0,0,0,26,0,204.77
4,6,0,107,0,0,0,435,20,1099.0,14,2,0,6,3,0,20,0,6,3,958.0
17,21,1,85,20,1,0,443,324,15646.0,4,9,5,5,3,43,376,4,7,44,3355.83
1,9,0,41,0,0,0,584,0,4427.0,7,1,0,11,0,0,0,0,16,1,1105.59
0,1,0,80,0,0,0,24,0,783.0,15,0,0,16,1,0,0,0,24,0,216.57
2,15,0,83,0,0,0,105,0,476.0,10,0,0,12,0,0,0,0,3,0,306.89
2,8,0,39,0,0,0,579,0,2903.0,5,0,0,12,0,0,0,0,16,0,934.12
0,1,0,74,0,0,0,739,0,40.0,22,0,0,14,0,0,0,0,12,0,330.44
2,12,0,76,0,0,0,134,0,811.0,7,0,0,13,1,0,0,0,7,0,326.92
0,9,0,41,0,0,0,566,4,172.0,5,0,0,10,0,0,4,0,15,2,1025.97
1,1,0,66,0,0,0,612,0,366.0,12,0,0,20,0,0,0,0,23,0,227.89
0,10,0,81,0,0,0,701,4,4190.0,2,0,2,12,0,1,4,0,13,0,486.9
0,3,0,51,0,0,0,625,0,90.0,6,0,0,15,0,0,0,0,13,1,345.94
0,2,0,0,0,0,0,816,0,9.0,22,0,0,17,0,0,0,0,27,0,426.27
0,0,0,9,0,0,0,261,0,176.0,14,0,0,24,0,0,0,0,19,0,157.34
5,3,0,51,0,0,0,624,0,918.0,5,0,0,14,1,1,0,0,12,0,464.61
0,1,0,74,0,0,0,780,0,3865.0,19,0,0,13,0,0,0,0,8,0,444.02
2,3,0,82,0,0,0,501,0,1075.0,7,0,0,15,0,0,0,0,18,0,235.14
2,5,0,69,0,0,0,117,0,1281.0,14,0,0,14,1,0,0,0,4,0,238.63
0,3,0,31,0,0,0,526,0,537.0,6,0,0,16,0,0,0,0,15,1,1055.79
10,14,0,17,0,0,0,202,20,4396.0,5,1,0,8,2,2,20,0,5,8,1782.92
2,5,0,69,0,0,0,112,0,492.0,13,0,0,12,2,0,0,0,3,0,285.03
0,0,0,0,0,0,0,817,0,148.0,21,0,0,17,0,0,0,0,26,0,708.55
0,1,0,66,0,0,0,607,0,12.0,10,0,0,17,0,0,0,0,21,0,201.98
0,1,0,80,0,0,0,24,0,783.0,15,0,0,16,1,0,0,0,24,0,166.59
2,6,0,69,0,0,0,110,0,839.0,14,0,0,16,1,0,0,0,6,0,179.25
3,2,0,107,0,0,0,431,44,1701.0,14,0,1,5,2,1,44,0,8,6,1020.58
26,14,0,11,28,3,4,473,449,26582.0,6,16,3,4,6,14,545,12,6,80,3133.88
3,14,0,76,0,0,0,210,0,1809.0,6,0,0,12,1,0,0,0,7,1,335.35
23,10,2,78,51,1,4,345,323,8699.0,9,13,0,3,3,32,581,8,12,53,2749.78
1,10,0,64,0,0,0,135,0,197.0,7,0,0,14,1,0,0,0,8,1,301.84
0,7,0,70,0,0,0,365,0,1070.0,15,0,0,11,2,0,0,0,20,1,1684.74
2,3,0,17,0,0,0,649,0,629.0,5,0,0,15,0,0,0,0,14,1,1351.98
10,22,1,85,4,2,0,721,76,10778.0,3,3,0,7,2,18,92,0,8,59,2643.55
6,10,0,17,0,2,0,214,44,13304.0,4,0,1,8,1,4,44,0,6,26,1988.6
26,15,4,11,20,2,0,474,403,25121.0,6,9,3,5,3,17,491,4,6,75,2788.71
3,8,0,69,0,0,0,105,0,476.0,11,0,0,12,0,0,0,0,3,0,247.44
22,20,0,52,24,0,2,352,289,3193.0,6,20,2,5,4,44,345,0,12,33,3356.67
7,11,1,26,173,1,71,306,222,4318.0,11,5,2,1,6,8,597,12,11,58,2501.88
7,12,7,91,178,11,34,482,124,7658.0,10,18,17,1,8,13,625,40,7,52,6251.15
0,4,0,77,0,0,0,86,0,809.0,12,0,0,15,0,0,0,0,7,0,215.69
0,3,0,82,0,0,0,522,0,224.0,6,0,0,16,0,0,0,0,16,0,238.62
2,10,0,70,0,0,0,290,89,38.0,13,0,0,5,1,1,101,0,14,5,2037.63
17,16,1,28,4,1,0,691,28,2987.0,2,1,4,8,2,4,36,0,11,32,2204.9
4,15,0,75,0,0,0,200,4,1033.0,5,0,1,9,1,0,4,0,5,8,790.32
19,16,0,52,16,0,2,340,278,3303.0,7,17,5,5,2,40,330,0,12,42,3370.74
15,5,1,26,192,8,39,310,140,2125.0,10,6,5,0,4,12,621,103,10,61,2740.94
4,14,1,26,16,0,0,298,397,4075.0,11,2,4,3,2,2,473,4,13,39,2328.71
0,1,0,80,0,0,0,29,0,472.0,14,0,0,16,1,0,0,0,23,0,220.34
0,2,0,82,0,0,0,495,0,463.0,9,0,0,19,0,0,0,0,20,0,220.33
3,6,0,14,0,0,0,179,60,6409.0,12,2,0,6,1,0,64,4,4,6,2321.62
0,0,0,66,0,0,0,589,0,599.0,12,0,0,19,0,0,0,0,23,0,205.87
0,1,0,66,0,0,0,612,0,366.0,12,0,0,21,0,0,0,0,23,0,188.69
24,11,2,52,4,0,0,351,97,2884.0,4,3,1,6,1,18,121,4,11,47,2884.55
1,2,0,82,0,0,0,609,0,28.0,9,0,0,17,0,0,0,0,20,0,179.43
1,6,0,31,0,0,0,513,0,8072.0,4,0,0,14,0,0,0,0,15,1,1373.45
0,6,0,74,0,0,0,749,0,45.0,19,0,0,11,0,0,0,0,9,1,364.26
0,1,0,74,0,0,0,738,0,367.0,21,0,0,14,0,0,0,0,11,0,333.32
0,4,0,90,0,0,0,249,0,107.0,13,0,0,17,0,0,0,0,8,0,200.86
0,3,0,0,0,0,0,813,0,1.0,23,0,0,18,0,0,0,0,27,0,513.83
1,2,0,81,0,0,0,574,0,855.0,7,0,0,14,0,0,0,0,18,0,410.3
7,13,1,24,0,0,0,329,32,3341.0,10,2,4,7,0,1,32,0,16,6,1487.54
2,4,0,89,0,0,0,36,0,2298.0,11,0,1,11,1,0,0,0,18,0,701.34
0,0,0,40,0,0,0,152,0,1021.0,13,0,0,19,0,0,0,0,12,0,247.49
2,3,0,81,0,0,0,501,0,1075.0,7,0,0,15,0,0,0,0,18,0,356.16
2,3,0,19,0,0,0,98,0,567.0,12,0,0,11,0,0,0,0,2,0,478.56
2,8,0,34,0,0,0,746,0,1135.0,17,0,0,10,0,0,0,0,8,1,500.06
1,3,0,19,0,0,0,113,0,1912.0,13,0,0,12,1,0,0,0,3,0,509.68
6,9,0,36,4,0,0,355,79,3972.0,11,5,0,6,2,0,91,0,15,9,1218.19
3,8,0,68,0,0,0,428,0,2286.0,16,0,1,8,0,0,0,0,9,0,841.99
0,0,0,67,0,0,0,281,0,875.0,11,0,0,19,0,0,0,0,14,0,1111.7
0,0,0,65,0,0,0,59,0,391.0,13,0,0,17,0,0,0,0,23,0,128.8
2,6,0,19,0,0,0,112,0,492.0,14,0,0,13,2,0,0,0,3,0,447.74
0,0,0,9,0,0,0,275,0,229.0,13,0,0,22,0,0,0,0,17,0,145.61
0,0,0,66,0,0,0,588,0,457.0,13,0,0,21,0,0,0,0,24,0,172.29
2,10,0,34,0,0,0,746,0,1135.0,17,0,0,10,0,0,0,0,7,1,514.67
0,2,0,31,0,0,0,677,0,512.0,9,0,0,19,0,0,0,0,18,0,1139.91
0,1,0,50,0,0,0,493,0,194.0,10,0,0,20,0,0,0,0,20,0,76.52
0,1,0,34,0,0,0,738,0,367.0,21,0,0,14,0,0,0,0,11,0,441.26
1,0,0,66,0,0,0,602,0,689.0,13,0,0,19,0,0,0,0,24,0,195.78
0,0,0,65,0,0,0,66,0,3.0,11,0,0,17,0,0,0,0,22,0,192.85
3,7,0,77,0,0,0,111,0,663.0,13,0,0,15,1,0,0,0,6,0,214.36
11,8,2,100,24,0,0,293,406,6843.0,9,2,0,4,2,5,485,8,13,63,1811.18
0,2,0,82,0,0,0,611,0,2.0,8,0,0,16,0,0,0,0,20,0,176.52
10,12,1,36,4,0,0,353,92,1897.0,9,6,0,5,3,5,112,0,14,28,1277.61
21,18,3,85,20,2,0,474,432,25121.0,6,9,3,4,3,30,529,4,7,59,3432.78
0,9,0,79,0,0,0,156,0,587.0,10,0,0,14,0,0,0,0,7,0,720.34
5,11,2,36,0,1,0,358,100,4080.0,9,4,3,6,1,5,120,0,14,51,1405.82
0,1,0,31,0,0,0,497,0,483.0,9,0,0,19,0,0,0,0,19,0,920.75
1,11,0,34,0,0,0,751,4,347.0,15,0,0,9,0,0,4,0,5,0,627.33
27,20,4,98,24,2,1,462,477,11443.0,5,12,7,4,5,23,609,8,9,24,3195.2
0,2,0,50,0,0,0,675,0,527.0,9,0,0,19,0,0,0,0,18,0,120.46
1,2,0,66,0,0,0,609,0,28.0,9,0,0,17,0,0,0,0,20,0,280.05
0,4,0,31,0,0,0,650,0,1483.0,6,0,0,16,0,0,0,0,14,1,1168.59
2,2,0,81,0,0,0,501,0,1075.0,7,0,0,15,0,0,0,0,19,0,394.52
4,10,0,81,0,0,0,697,0,1311.0,2,0,0,12,1,0,0,0,13,1,423.1
3,6,0,70,0,0,0,394,12,992.0,12,1,1,8,0,1,12,0,17,1,1983.98
0,1,0,74,0,0,0,776,0,1092.0,21,0,0,14,0,0,0,0,11,0,329.49
0,0,0,65,0,0,0,59,0,391.0,13,0,0,17,0,0,0,0,23,0,129.04
0,2,0,34,0,0,0,795,0,1497.0,20,0,0,11,0,0,0,0,12,1,463.22
0,6,0,74,0,0,0,743,0,27.0,18,0,0,11,0,0,0,0,8,1,363.92
0,2,0,34,0,0,0,784,0,328.0,20,0,0,12,0,0,0,0,11,0,546.13
4,23,0,75,0,0,0,230,0,531.0,7,1,1,9,1,1,0,0,4,3,761.6
21,28,2,98,24,0,0,733,173,12095.0,4,3,5,6,1,41,217,4,9,30,2730.11
6,11,0,75,0,0,0,202,12,4396.0,5,0,0,8,1,1,12,0,5,9,720.2
0,1,0,0,0,0,0,75,0,31.0,21,0,0,17,0,0,0,0,26,0,533.0
0,5,0,64,0,0,0,120,0,1146.0,9,0,0,15,0,0,0,0,8,0,397.69
0,7,0,69,0,0,0,251,0,413.0,16,0,0,14,0,0,0,0,5,0,200.78
0,9,0,39,0,0,0,557,0,559.0,7,0,0,12,0,0,0,0,17,0,825.28
0,4,0,34,0,0,0,747,0,4.0,18,0,0,12,0,0,0,0,8,0,380.84
5,28,0,17,0,0,0,728,8,7178.0,1,0,0,9,1,1,8,0,9,15,2021.52
0,0,0,74,0,0,0,771,0,1125.0,20,0,0,14,0,0,0,0,10,0,354.45
0,2,0,31,0,0,0,686,0,539.0,8,0,0,18,0,0,0,0,17,0,929.8
7,10,0,52,4,0,0,349,52,4758.0,5,3,2,7,1,4,60,0,13,62,2700.51
0,1,0,74,0,0,0,781,0,1658.0,19,0,0,13,0,0,0,0,8,0,390.88
1,2,0,32,0,0,0,687,0,2030.0,8,0,0,18,1,0,0,0,16,0,907.67
1,4,0,33,0,0,0,387,8,166.0,14,0,0,8,2,1,8,0,17,2,204.91
0,0,0,9,0,0,0,257,0,716.0,11,0,0,20,0,0,0,0,15,0,149.0
0,1,0,0,0,0,0,810,0,1681.0,19,0,0,14,0,0,0,0,24,0,729.57
0,9,0,73,0,0,0,371,0,4.0,14,0,0,11,0,0,0,0,20,1,571.98
0,0,0,66,0,0,0,589,0,599.0,12,0,0,20,0,0,0,0,23,0,260.4
1,4,0,32,0,0,0,645,0,762.0,6,0,0,16,0,0,0,0,14,1,1093.83
0,0,0,80,0,0,0,1,0,4.0,19,0,0,20,0,0,0,0,28,0,201.59
20,11,0,16,414,14,42,456,186,16252.0,9,12,10,1,6,40,1027,218,10,46,8870.967741935483
9,16,10,3,206,13,34,482,175,7658.0,10,16,14,2,8,11,973,84,7,54,8500.0
20,11,0,21,414,14,42,456,186,16252.0,9,12,10,1,6,40,1027,218,10,46,8333.333333333334
20,18,12,91,184,9,18,467,388,23239.0,8,26,12,3,5,24,985,36,6,62,6465.517241379311
17,10,1,26,313,4,49,311,216,5351.0,10,5,6,1,7,10,973,115,10,64,6461.538461538462
9,16,10,45,206,13,34,482,175,7658.0,10,16,14,2,8,11,973,84,7,54,6461.538461538462
5,5,1,44,0,0,0,410,66,1781.0,14,0,0,5,2,1,66,0,8,5,6435.643564356436
9,16,10,4,206,13,34,482,175,7658.0,10,16,14,2,8,11,973,84,7,54,6428.571428571428
24,15,6,57,66,3,1,457,722,5039.0,6,19,9,4,2,15,997,18,9,32,6427.857142857143
20,11,0,62,414,14,42,456,186,16252.0,9,12,10,1,6,40,1027,218,10,46,6416.666666666667
16,19,3,85,30,4,5,477,606,24762.0,8,11,5,4,3,11,756,18,5,60,6400.0
20,18,12,5,184,9,18,467,388,23239.0,8,26,12,3,5,24,985,36,6,62,6388.888888888889
9,16,10,92,206,13,34,482,175,7658.0,10,16,14,2,8,11,973,84,7,54,6388.888888888889
38,16,9,96,172,5,4,463,430,15107.0,7,24,16,3,5,32,1039,24,9,28,6370.37037037037
20,17,2,98,54,3,0,449,761,23197.0,5,13,3,4,4,54,985,12,7,34,6363.636363636364
12,5,2,72,6,0,0,181,168,8223.0,12,1,2,5,2,0,174,0,5,9,6333.333333333333
25,15,7,2,60,3,0,459,662,13220.0,6,17,13,4,4,17,1003,24,10,32,6333.333333333333
20,18,12,11,184,9,18,467,388,23239.0,8,26,12,3,5,24,985,36,6,62,6321.83908045977
17,18,13,4,351,5,34,483,170,18149.0,9,21,13,1,14,12,991,84,7,55,6300.0
20,18,12,91,184,9,18,467,388,23239.0,8,26,12,3,5,24,985,36,6,62,6300.0
10,15,7,4,252,16,37,482,172,7658.0,9,15,15,1,8,13,985,84,7,55,6300.0
2,10,0,107,0,0,0,408,601,22.0,13,1,0,3,2,2,625,0,8,14,6250.0
17,10,1,26,308,3,49,311,210,5351.0,10,5,5,1,7,10,967,108,10,64,6250.0
9,16,10,11,206,13,34,482,175,7658.0,10,16,14,2,8,11,973,84,7,54,6250.0
24,22,9,105,90,6,16,464,571,18375.0,9,21,12,3,5,10,925,30,5,59,6250.0
20,11,0,16,414,14,42,456,186,16252.0,9,12,10,1,6,40,1027,218,10,46,6250.0
14,9,5,61,291,13,25,481,156,28799.0,9,16,20,0,2,26,1021,245,9,51,6250.0
19,11,0,60,310,15,22,456,150,16252.0,9,13,9,0,5,30,1021,229,9,51,6222.222222222223
22,21,12,92,177,5,18,467,376,23239.0,8,26,19,3,6,18,973,42,6,66,6200.0
24,22,9,105,90,6,16,464,571,18375.0,9,21,12,3,5,10,925,30,5,59,6142.857142857143
9,17,8,4,270,14,35,482,171,7658.0,9,15,14,1,9,13,985,78,7,55,6111.111111111111
20,11,0,53,414,14,42,456,186,16252.0,9,12,10,1,6,40,1027,218,10,46,6111.111111111111
19,17,11,4,387,10,41,483,176,18149.0,9,14,15,1,14,12,991,91,7,56,6111.111111111111
12,5,2,44,6,0,0,181,168,8223.0,12,1,2,5,2,0,174,0,5,9,6111.111111111111
18,24,9,4,114,6,13,464,508,18375.0,8,20,14,3,4,13,949,36,6,59,6028.985507246377
22,22,9,10,78,7,6,464,615,18375.0,9,16,8,3,5,13,889,18,5,52,6000.0
9,16,10,1,206,13,34,482,175,7658.0,10,16,14,2,8,11,973,84,7,54,6000.0
14,9,6,53,285,12,25,481,156,28799.0,9,16,20,0,2,26,1021,264,9,51,6000.0
27,23,9,4,203,9,19,466,327,13796.0,9,25,11,2,6,14,961,42,6,57,6000.0
28,17,10,6,317,7,25,467,274,23239.0,8,32,8,2,9,27,997,42,7,59,5985.7837635615415
20,18,12,5,184,9,18,467,388,23239.0,8,26,12,3,5,24,985,36,6,62,5978.260869565217
20,17,2,35,54,3,0,449,761,23197.0,5,13,3,4,4,54,985,12,7,34,5972.222222222223
9,16,10,92,206,13,34,482,175,7658.0,10,16,14,2,8,11,973,84,7,54,5972.222222222223
20,11,0,61,414,14,42,456,186,16252.0,9,12,10,1,6,40,1027,218,10,46,5937.5
27,25,1,98,36,3,0,446,539,16032.0,4,10,7,5,2,36,635,6,9,28,5922.767116796968
34,21,15,3,375,16,32,483,144,18149.0,8,32,17,2,9,20,1003,116,7,60,5921.052631578948
3,19,0,19,0,0,0,174,0,1551.0,10,0,0,10,0,0,0,0,1,1,5902.777777777777
24,15,6,2,66,3,1,457,722,5039.0,6,19,9,4,2,15,997,18,9,32,5900.0
9,16,10,10,206,13,34,482,175,7658.0,10,16,14,2,8,11,973,84,7,54,5882.35294117647
20,11,0,16,414,14,42,456,186,16252.0,9,12,10,1,6,40,1027,218,10,46,5869.565217391304
9,16,10,105,206,13,34,482,175,7658.0,10,16,14,2,8,11,973,84,7,54,5868.544600938967
39,16,5,57,181,3,0,439,446,20882.0,6,18,14,3,6,36,1033,24,8,23,5833.333333333333
27,25,1,98,36,3,0,446,539,16032.0,4,10,7,5,2,36,635,6,9,28,5833.333333333333
38,16,9,2,172,5,4,463,430,15107.0,7,24,16,3,5,32,1039,24,9,28,5833.333333333333
26,10,1,102,91,0,4,297,410,29575.0,9,14,0,3,3,36,937,18,11,51,5803.571428571428
20,17,2,98,54,3,0,449,761,23197.0,5,13,3,4,4,54,985,12,7,34,5803.571428571428
20,18,12,4,184,9,18,467,388,23239.0,8,26,12,3,5,24,985,36,6,62,5800.0
9,16,10,42,206,13,34,482,175,7658.0,10,16,14,2,8,11,973,84,7,54,5777.777777777777
16,19,3,85,30,4,5,477,606,24762.0,8,11,5,4,3,11,756,18,5,60,5775.862068965517
20,11,0,7,414,14,42,456,186,16252.0,9,12,10,1,6,40,1027,218,10,46,5725.971370143149
20,18,12,12,184,9,18,467,388,23239.0,8,26,12,3,5,24,985,36,6,62,5723.684210526316
9,16,10,105,206,13,34,482,175,7658.0,10,16,14,2,8,11,973,84,7,54,5714.285714285715
9,16,10,91,206,13,34,482,175,7658.0,10,16,14,2,8,11,973,84,7,54,5714.285714285715
15,10,2,53,310,14,18,481,156,28799.0,9,14,11,0,3,27,1021,204,9,50,5696.202531645569
20,11,0,52,414,14,42,456,186,16252.0,9,12,10,1,6,40,1027,218,10,46,5694.444444444444
39,16,5,2,181,3,0,439,446,20882.0,6,18,14,3,6,36,1033,24,8,23,5691.056910569106
20,18,12,4,184,9,18,467,388,23239.0,8,26,12,3,5,24,985,36,6,62,5682.919254658385
20,18,12,108,184,9,18,467,388,23239.0,8,26,12,3,5,24,985,36,6,62,5673.076923076923
12,17,17,91,158,5,19,466,255,13796.0,10,17,13,2,7,12,955,60,7,52,5672.727272727273
20,18,12,45,184,9,18,467,388,23239.0,8,26,12,3,5,24,985,36,6,62,5625.0
9,16,10,3,206,13,34,482,175,7658.0,10,16,14,2,8,11,973,84,7,54,5625.0
9,16,10,101,206,13,34,482,175,7658.0,10,16,14,2,8,11,973,84,7,54,5625.0
9,16,10,91,206,13,34,482,175,7658.0,10,16,14,2,8,11,973,84,7,54,5608.974358974359
12,5,2,44,6,0,0,181,168,8223.0,12,1,2,5,2,0,174,0,5,9,5555.555555555556
20,18,12,4,184,9,18,467,388,23239.0,8,26,12,3,5,24,985,36,6,62,5555.555555555556
19,11,0,109,310,16,22,456,150,16252.0,9,13,9,0,6,31,1021,261,9,51,5555.555555555556
20,17,2,98,54,3,0,449,761,23197.0,5,13,3,4,4,54,985,12,7,34,5555.555555555556
27,17,12,4,505,12,74,483,126,18149.0,9,19,10,1,13,14,1003,169,8,60,5555.555555555556
20,18,12,45,184,9,18,467,388,23239.0,8,26,12,3,5,24,985,36,6,62,5539.772727272727
20,11,0,109,414,14,42,456,186,16252.0,9,12,10,1,6,40,1027,218,10,46,5528.350515463918
9,16,10,91,206,13,34,482,175,7658.0,10,16,14,2,8,11,973,84,7,54,5500.0
9,16,10,91,206,13,34,482,175,7658.0,10,16,14,2,8,11,973,84,7,54,5496.794871794872
9,16,10,5,206,13,34,482,175,7658.0,10,16,14,2,8,11,973,84,7,54,5472.02131709174
9,16,10,28,206,13,34,482,175,7658.0,10,16,14,2,8,11,973,84,7,54,5468.75
9,16,10,92,206,13,34,482,175,7658.0,10,16,14,2,8,11,973,84,7,54,5468.75
20,11,0,62,414,14,42,456,186,16252.0,9,12,10,1,6,40,1027,218,10,46,5468.75
17,10,1,26,313,4,49,311,216,5351.0,10,5,6,1,7,10,973,115,10,64,5444.444444444444
24,15,6,2,66,3,1,457,722,5039.0,6,19,9,4,2,15,997,18,9,32,5442.1768707483
9,16,10,28,206,13,34,482,175,7658.0,10,16,14,2,8,11,973,84,7,54,5434.782608695652
22,10,2,52,12,0,0,351,96,2884.0,5,1,2,7,3,17,126,0,12,54,5416.666666666667
20,18,15,91,172,9,18,467,394,23239.0,8,21,14,3,5,18,979,30,6,68,5387.205387205388
24,22,9,3,90,6,16,464,571,18375.0,9,21,12,3,5,10,925,30,5,59,5380.434782608696
14,9,6,52,285,12,25,481,156,28799.0,9,16,20,0,2,26,1021,264,9,51,5370.37037037037
9,16,10,91,206,13,34,482,175,7658.0,10,16,14,2,8,11,973,84,7,54,5357.142857142857
24,9,8,78,62,5,2,343,690,8037.0,8,16,10,3,1,47,895,12,11,38,5347.222222222223
21,11,0,61,432,13,47,456,186,16252.0,9,12,11,1,8,40,1027,208,10,46,5339.805825242718
30,14,0,85,42,0,1,471,528,16637.0,7,11,1,5,6,11,606,0,5,68,5319.148936170213
36,20,10,5,434,15,47,442,120,23250.0,8,35,20,2,7,37,1015,143,7,46,5312.5
9,16,10,105,206,13,34,482,175,7658.0,10,16,14,2,8,11,973,84,7,54,5283.018867924528
17,10,1,26,313,4,49,311,216,5351.0,10,5,6,1,7,10,973,115,10,64,5277.777777777777
20,18,12,105,184,9,18,467,388,23239.0,8,26,12,3,5,24,985,36,6,62,5266.666666666667
39,16,5,2,181,3,0,439,446,20882.0,6,18,14,3,6,36,1033,24,8,23,5266.666666666667
9,16,10,10,206,13,34,482,175,7658.0,10,16,14,2,8,11,973,84,7,54,5263.1578947368425
29,22,3,52,54,2,1,460,717,4071.0,5,22,1,4,6,21,857,12,10,30,5263.1578947368425
1,5,0,70,0,0,0,396,6,2956.0,13,0,0,8,0,0,6,0,18,2,5252.525252525253
6,9,1,23,0,0,1,177,480,11754.0,11,4,0,4,1,5,576,0,5,18,5238.095238095239
20,18,12,3,184,9,18,467,388,23239.0,8,26,12,3,5,24,985,36,6,62,5234.375
20,17,2,46,54,3,0,449,761,23197.0,5,13,3,4,4,54,985,12,7,34,5212.765957446809
20,18,12,10,184,9,18,467,388,23239.0,8,26,12,3,5,24,985,36,6,62,5200.0
15,19,13,4,259,12,32,483,160,18149.0,9,21,10,2,10,12,979,66,7,57,5200.0
20,17,2,46,54,3,0,449,761,23197.0,5,13,3,4,4,54,985,12,7,34,5194.805194805195
8,17,7,4,220,14,34,482,169,7658.0,9,16,17,2,7,13,979,84,7,55,5185.185185185185
9,16,10,42,206,13,34,482,175,7658.0,10,16,14,2,8,11,973,84,7,54,5185.185185185185
24,15,6,2,66,3,1,457,722,5039.0,6,19,9,4,2,15,997,18,9,32,5185.185185185185
16,19,3,85,30,4,5,477,606,24762.0,8,11,5,4,3,11,756,18,5,60,5183.025591188856
20,18,12,3,184,9,18,467,388,23239.0,8,26,12,3,5,24,985,36,6,62,5158.730158730159
23,22,7,10,108,5,18,464,515,18375.0,9,22,15,3,5,11,943,36,6,61,5151.515151515152
26,10,1,21,91,0,4,297,410,29575.0,9,14,0,3,3,36,937,18,11,51,5138.888888888889
20,18,12,4,184,9,18,467,388,23239.0,8,26,12,3,5,24,985,36,6,62,5133.47022587269
24,22,9,108,90,6,16,464,571,18375.0,9,21,12,3,5,10,925,30,5,59,5131.964809384164
24,22,9,92,90,6,16,464,571,18375.0,9,21,12,3,5,10,925,30,5,59,5128.205128205128
20,18,12,101,184,9,18,467,388,23239.0,8,26,12,3,5,24,985,36,6,62,5128.205128205128
21,18,3,91,144,1,23,470,555,5626.0,10,28,11,3,9,11,913,18,6,41,5102.040816326531
9,16,10,93,206,13,34,482,175,7658.0,10,16,14,2,8,11,973,84,7,54,5092.592592592592
5,16,0,17,0,0,0,726,6,11342.0,2,0,0,10,1,0,6,0,9,6,5078.125
20,18,12,105,184,9,18,467,388,23239.0,8,26,12,3,5,24,985,36,6,62,5043.859649122807
20,18,12,105,184,9,18,467,388,23239.0,8,26,12,3,5,24,985,36,6,62,5040.543502081963
18,16,14,4,414,5,39,483,170,18149.0,9,19,16,1,12,12,991,105,7,58,5027.027027027027
39,16,5,96,181,3,0,439,446,20882.0,6,18,14,3,6,36,1033,24,8,23,5009.074410163339
20,18,12,91,184,9,18,467,388,23239.0,8,26,12,3,5,24,985,36,6,62,5000.0
23,21,0,86,18,2,0,448,329,18748.0,4,6,1,6,3,18,383,0,7,64,5000.0
21,11,0,84,432,13,47,456,186,16252.0,9,12,11,1,8,40,1027,208,10,46,5000.0
20,11,0,16,414,14,42,456,186,16252.0,9,12,10,1,6,40,1027,218,10,46,5000.0
23,18,6,91,132,3,23,414,513,3446.0,10,27,11,2,7,12,919,18,6,45,5000.0
9,16,10,29,206,13,34,482,175,7658.0,10,16,14,2,8,11,973,84,7,54,5000.0
9,18,1,86,24,1,0,447,522,26319.0,5,3,4,5,1,13,594,6,6,76,5000.0
10,15,8,91,325,13,43,482,182,7658.0,9,15,15,1,10,12,991,60,7,55,5000.0
24,15,6,8,66,3,1,457,722,5039.0,6,19,9,4,2,15,997,18,9,32,5000.0
14,9,6,60,285,12,25,481,156,28799.0,9,16,20,0,2,26,1021,264,9,51,5000.0
9,16,10,92,206,13,34,482,175,7658.0,10,16,14,2,8,11,973,84,7,54,5000.0
9,16,10,1,206,13,34,482,175,7658.0,10,16,14,2,8,11,973,84,7,54,5000.0
4,7,0,44,0,0,0,429,66,3342.0,13,3,1,6,3,0,66,0,6,6,5000.0
25,14,5,47,422,14,97,479,102,39519.0,8,24,14,1,10,43,1027,240,8,37,5000.0
18,24,9,99,120,6,14,467,496,23239.0,8,21,14,3,4,13,949,42,6,61,4999.984375
32,22,11,3,295,11,26,467,246,23239.0,8,31,14,2,8,19,985,36,6,63,4977.272727272727
41,10,5,84,360,1,18,450,240,9274.0,8,22,6,2,8,30,1027,30,10,35,4950.0
26,10,1,21,91,0,4,297,410,29575.0,9,14,0,3,3,36,937,18,11,51,4930.555555555556
24,22,9,3,90,6,16,464,571,18375.0,9,21,12,3,5,10,925,30,5,59,4930.555555555556
39,16,5,97,181,3,0,439,446,20882.0,6,18,14,3,6,36,1033,24,8,23,4929.971988795518
28,15,6,42,421,14,85,454,138,16037.0,8,12,26,1,7,41,1039,202,9,33,4927.536231884058
24,22,9,4,90,6,16,464,571,18375.0,9,21,12,3,5,10,925,30,5,59,4924.242424242424
6,9,1,44,0,0,1,177,480,11754.0,11,4,0,4,1,5,576,0,5,18,4920.6349206349205
21,11,0,16,432,13,47,456,186,16252.0,9,12,11,1,8,40,1027,208,10,46,4917.22668415014
14,9,6,59,285,12,25,481,156,28799.0,9,16,20,0,2,26,1021,264,9,51,4910.714285714285
26,10,1,21,91,0,4,297,410,29575.0,9,14,0,3,3,36,937,18,11,51,4907.407407407408
30,12,14,1,186,5,4,451,431,7618.0,7,12,12,3,5,21,1027,18,10,34,4900.0
24,22,9,5,90,6,16,464,571,18375.0,9,21,12,3,5,10,925,30,5,59,4900.0
10,15,1,70,134,2,32,296,405,11327.0,10,3,3,2,1,7,931,18,11,70,4888.888888888889
6,9,1,44,0,0,1,177,480,11754.0,11,4,0,4,1,5,576,0,5,18,4861.111111111111
17,10,1,70,313,4,49,311,216,5351.0,10,5,6,1,7,10,973,115,10,64,4861.111111111111
14,9,6,52,285,12,25,481,156,28799.0,9,16,20,0,2,26,1021,264,9,51,4861.111111111111
24,22,9,105,90,6,16,464,571,18375.0,9,21,12,3,5,10,925,30,5,59,4861.111111111111
24,15,6,57,66,3,1,457,722,5039.0,6,19,9,4,2,15,997,18,9,32,4861.111111111111
19,14,1,29,6,0,0,707,54,5234.0,3,1,1,8,3,11,72,0,12,45,4861.111111111111
9,16,10,4,206,13,34,482,175,7658.0,10,16,14,2,8,11,973,84,7,54,4838.709677419355
7,6,1,44,0,0,0,434,114,3829.0,13,2,1,6,2,0,120,0,6,8,4824.561403508772
6,8,1,44,0,2,0,432,174,4083.0,13,3,6,5,2,1,174,0,6,9,4824.561403508772
20,18,12,99,184,9,18,467,388,23239.0,8,26,12,3,5,24,985,36,6,62,4824.561403508772
9,16,10,11,206,13,34,482,175,7658.0,10,16,14,2,8,11,973,84,7,54,4812.5
24,22,9,105,90,6,16,464,571,18375.0,9,21,12,3,5,10,925,30,5,59,4807.692307692308
12,5,2,44,6,0,0,181,168,8223.0,12,1,2,5,2,0,174,0,5,9,4800.0
24,22,9,5,90,6,16,464,571,18375.0,9,21,12,3,5,10,925,30,5,59,4800.0
20,11,0,62,414,14,42,456,186,16252.0,9,12,10,1,6,40,1027,218,10,46,4795.918367346939
17,23,0,10,36,2,4,468,578,22796.0,9,12,4,4,6,10,698,6,4,28,4767.441860465116
6,9,1,44,0,0,1,177,480,11754.0,11,4,0,4,1,5,576,0,5,18,4761.9047619047615
21,11,0,59,432,13,47,456,186,16252.0,9,12,11,1,8,40,1027,208,10,46,4759.615384615385
22,15,11,2,42,3,0,457,680,5039.0,6,17,12,4,4,17,1009,30,10,32,4750.0
9,16,10,105,206,13,34,482,175,7658.0,10,16,14,2,8,11,973,84,7,54,4750.0
20,11,0,63,414,14,42,456,186,16252.0,9,12,10,1,6,40,1027,218,10,46,4739.583333333333
9,16,10,1,206,13,34,482,175,7658.0,10,16,14,2,8,11,973,84,7,54,4736.8421052631575
18,9,5,16,301,17,24,481,138,28799.0,9,20,20,0,4,25,1021,358,9,49,4734.848484848485
20,11,0,59,414,14,42,456,186,16252.0,9,12,10,1,6,40,1027,218,10,46,4731.379731379731
20,17,2,98,54,3,0,449,761,23197.0,5,13,3,4,4,54,985,12,7,34,4714.285714285715
20,11,0,52,414,14,42,456,186,16252.0,9,12,10,1,6,40,1027,218,10,46,4687.5
15,23,6,105,60,2,3,465,652,27697.0,8,17,7,4,4,9,907,24,5,64,4687.5
20,18,12,11,184,9,18,467,388,23239.0,8,26,12,3,5,24,985,36,6,62,4687.5
9,16,10,91,206,13,34,482,175,7658.0,10,16,14,2,8,11,973,84,7,54,4683.195592286502
20,17,2,46,54,3,0,449,761,23197.0,5,13,3,4,4,54,985,12,7,34,4673.913043478261
26,10,1,21,91,0,4,297,410,29575.0,9,14,0,3,3,36,937,18,11,51,4658.119658119658
35,17,2,2,319,1,13,439,162,20882.0,7,22,11,2,9,29,1033,106,9,27,4645.1612903225805
32,19,11,3,341,11,26,467,213,23239.0,8,30,14,2,9,23,997,42,7,59,4631.578947368421
34,15,3,92,233,4,9,440,390,21669.0,7,25,13,3,8,50,997,42,7,41,4631.578947368421
28,21,18,5,351,16,26,483,164,18149.0,9,26,21,2,10,13,991,78,7,62,4631.578947368421
20,17,2,41,54,3,0,449,761,23197.0,5,13,3,4,4,54,985,12,7,34,4625.0
39,16,5,54,181,3,0,439,446,20882.0,6,18,14,3,6,36,1033,24,8,23,4615.384615384615
9,16,10,48,206,13,34,482,175,7658.0,10,16,14,2,8,11,973,84,7,54,4615.384615384615
20,11,0,52,414,14,42,456,186,16252.0,9,12,10,1,6,40,1027,218,10,46,4613.273880980963
7,8,0,44,0,2,0,432,296,4083.0,13,4,0,4,1,1,302,0,7,11,4600.0
9,16,10,4,206,13,34,482,175,7658.0,10,16,14,2,8,11,973,84,7,54,4583.333333333333
9,16,10,11,206,13,34,482,175,7658.0,10,16,14,2,8,11,973,84,7,54,4569.536423841059
39,16,5,97,181,3,0,439,446,20882.0,6,18,14,3,6,36,1033,24,8,23,4551.820728291316
17,10,1,26,313,4,49,311,216,5351.0,10,5,6,1,7,10,973,115,10,64,4531.25
34,19,5,93,352,3,20,436,188,26838.0,7,30,8,2,8,47,1015,24,7,33,4531.25
9,16,10,92,206,13,34,482,175,7658.0,10,16,14,2,8,11,973,84,7,54,4531.25
8,13,5,91,156,5,36,416,297,5336.0,10,21,8,1,4,12,949,24,8,38,4522.727272727273
20,17,2,41,54,3,0,449,761,23197.0,5,13,3,4,4,54,985,12,7,34,4522.727272727273
9,16,10,5,206,13,34,482,175,7658.0,10,16,14,2,8,11,973,84,7,54,4500.0
2,10,0,107,0,0,0,408,601,22.0,13,1,0,3,2,2,625,0,8,14,4500.0
38,16,9,2,172,5,4,463,430,15107.0,7,24,16,3,5,32,1039,24,9,28,4500.0
20,17,2,41,54,3,0,449,761,23197.0,5,13,3,4,4,54,985,12,7,34,4455.445544554455
20,18,12,3,184,9,18,467,388,23239.0,8,26,12,3,5,24,985,36,6,62,4444.444444444444
2,10,0,107,0,0,0,408,601,22.0,13,1,0,3,2,2,625,0,8,14,4444.444444444444
24,9,8,21,62,5,2,343,690,8037.0,8,16,10,3,1,47,895,12,11,38,4444.444444444444
9,16,10,5,206,13,34,482,175,7658.0,10,16,14,2,8,11,973,84,7,54,4444.444444444444
20,18,12,1,184,9,18,467,388,23239.0,8,26,12,3,5,24,985,36,6,62,4440.15444015444
21,11,0,60,432,13,47,456,186,16252.0,9,12,11,1,8,40,1027,208,10,46,4428.571428571428
24,15,6,2,66,3,1,457,722,5039.0,6,19,9,4,2,15,997,18,9,32,4411.764705882353
7,17,9,5,262,14,38,482,172,7658.0,9,15,14,2,8,14,985,78,7,55,4399.585921325052
6,9,1,44,0,0,1,177,480,11754.0,11,4,0,4,1,5,576,0,5,18,4385.964912280701
20,17,2,38,54,3,0,449,761,23197.0,5,13,3,4,4,54,985,12,7,34,4375.0
20,18,12,105,184,9,18,467,388,23239.0,8,26,12,3,5,24,985,36,6,62,4375.0
9,16,10,1,206,13,34,482,175,7658.0,10,16,14,2,8,11,973,84,7,54,4375.0
9,16,10,29,206,13,34,482,175,7658.0,10,16,14,2,8,11,973,84,7,54,4375.0
39,16,5,2,181,3,0,439,446,20882.0,6,18,14,3,6,36,1033,24,8,23,4371.584699453552
12,5,2,44,6,0,0,181,168,8223.0,12,1,2,5,2,0,174,0,5,9,4345.1536643026
9,16,10,55,206,13,34,482,175,7658.0,10,16,14,2,8,11,973,84,7,54,4342.105263157895
33,25,13,3,226,14,20,467,210,23239.0,9,29,19,2,8,13,985,72,7,62,4320.987654320988
39,16,5,2,181,3,0,439,446,20882.0,6,18,14,3,6,36,1033,24,8,23,4320.987654320988
20,18,12,11,184,9,18,467,388,23239.0,8,26,12,3,5,24,985,36,6,62,4317.073170731707
39,16,5,96,181,3,0,439,446,20882.0,6,18,14,3,6,36,1033,24,8,23,4316.666666666667
9,16,10,11,206,13,34,482,175,7658.0,10,16,14,2,8,11,973,84,7,54,4316.546762589928
11,3,2,44,6,0,0,181,150,8223.0,12,1,2,5,2,0,156,0,5,9,4305.555555555556
9,16,10,55,206,13,34,482,175,7658.0,10,16,14,2,8,11,973,84,7,54,4304.635761589404
20,18,12,3,184,9,18,467,388,23239.0,8,26,12,3,5,24,985,36,6,62,4300.0
24,22,9,105,90,6,16,464,571,18375.0,9,21,12,3,5,10,925,30,5,59,4298.387096774193
6,15,0,75,0,0,0,204,0,1519.0,6,0,0,11,1,0,0,0,5,1,4296.875
22,15,6,96,66,3,1,457,711,5039.0,6,18,10,4,2,16,985,18,10,33,4295.454545454545
4,7,0,44,0,0,0,429,66,3342.0,13,3,1,6,3,0,66,0,6,6,4288.164665523156
2,10,0,107,0,0,0,408,601,22.0,13,1,0,3,2,2,625,0,8,14,4285.714285714285
18,19,3,106,72,4,3,465,641,27697.0,8,17,4,4,5,12,919,6,5,61,4285.714285714285
20,17,2,38,54,3,0,449,761,23197.0,5,13,3,4,4,54,985,12,7,34,4268.292682926829
26,12,7,1,107,5,4,451,506,7618.0,7,10,7,3,7,19,1003,30,10,42,4262.295081967213
20,11,0,21,414,14,42,456,186,16252.0,9,12,10,1,6,40,1027,218,10,46,4261.080233718113
12,5,2,44,6,0,0,181,168,8223.0,12,1,2,5,2,0,174,0,5,9,4251.063829787234
9,16,10,10,206,13,34,482,175,7658.0,10,16,14,2,8,11,973,84,7,54,4239.130434782609
24,22,9,99,90,6,16,464,571,18375.0,9,21,12,3,5,10,925,30,5,59,4239.130434782609
7,16,0,26,30,0,0,298,645,4075.0,10,5,1,3,3,7,811,12,12,50,4237.5
4,7,0,44,0,0,0,429,66,3342.0,13,3,1,6,3,0,66,0,6,6,4235.294117647059
29,22,11,105,144,6,22,467,439,23239.0,9,25,14,3,5,13,961,48,6,61,4233.654876741693
20,18,12,91,184,9,18,467,388,23239.0,8,26,12,3,5,24,985,36,6,62,4218.75
20,18,12,3,184,9,18,467,388,23239.0,8,26,12,3,5,24,985,36,6,62,4217.687074829932
24,15,6,54,66,3,1,457,722,5039.0,6,19,9,4,2,15,997,18,9,32,4200.8403361344535
39,16,5,8,181,3,0,439,446,20882.0,6,18,14,3,6,36,1033,24,8,23,4200.0
20,18,12,105,184,9,18,467,388,23239.0,8,26,12,3,5,24,985,36,6,62,4198.473282442748
9,16,10,1,206,13,34,482,175,7658.0,10,16,14,2,8,11,973,84,7,54,4188.034188034188
14,9,6,84,285,12,25,481,156,28799.0,9,16,20,0,2,26,1021,264,9,51,4187.604690117253
20,17,2,41,54,3,0,449,761,23197.0,5,13,3,4,4,54,985,12,7,34,4184.615384615385
9,16,10,10,206,13,34,482,175,7658.0,10,16,14,2,8,11,973,84,7,54,4166.666666666667
20,18,12,106,184,9,18,467,388,23239.0,8,26,12,3,5,24,985,36,6,62,4166.666666666667
32,16,6,2,86,3,0,459,624,13220.0,6,14,12,3,4,23,1003,18,10,32,4166.666666666667
4,7,0,44,0,0,0,429,66,3342.0,13,3,1,6,3,0,66,0,6,6,4166.666666666667
20,18,12,3,184,9,18,467,388,23239.0,8,26,12,3,5,24,985,36,6,62,4166.666666666667
9,16,10,10,206,13,34,482,175,7658.0,10,16,14,2,8,11,973,84,7,54,4166.666666666667
9,16,10,1,206,13,34,482,175,7658.0,10,16,14,2,8,11,973,84,7,54,4166.666666666667
3,19,0,64,0,0,0,174,0,1551.0,10,0,0,10,0,0,0,0,1,1,4166.666666666667
23,11,14,1,96,5,3,451,528,7618.0,7,9,5,3,6,24,997,12,10,36,4166.666666666667
38,16,9,95,172,5,4,463,430,15107.0,7,24,16,3,5,32,1039,24,9,28,4146.678591755427
24,22,9,91,90,6,16,464,571,18375.0,9,21,12,3,5,10,925,30,5,59,4142.857142857143
9,16,10,105,206,13,34,482,175,7658.0,10,16,14,2,8,11,973,84,7,54,4130.434782608696
20,11,0,60,414,14,42,456,186,16252.0,9,12,10,1,6,40,1027,218,10,46,4130.434782608696
24,22,9,99,90,6,16,464,571,18375.0,9,21,12,3,5,10,925,30,5,59,4130.434782608696
4,7,0,44,0,0,0,429,66,3342.0,13,3,1,6,3,0,66,0,6,6,4128.191200434547
24,9,8,100,62,5,2,343,690,8037.0,8,16,10,3,1,47,895,12,11,38,4125.0
20,17,2,35,54,3,0,449,761,23197.0,5,13,3,4,4,54,985,12,7,34,4118.165784832451
32,13,11,1,80,2,0,459,598,13220.0,7,7,4,3,7,23,985,12,10,36,4090.277777777778
10,15,1,26,134,2,32,296,405,11327.0,10,3,3,2,1,7,931,18,11,70,4074.074074074074
20,21,1,46,12,3,0,443,330,15646.0,4,6,4,6,3,31,396,6,8,50,4062.5
20,17,2,38,54,3,0,449,761,23197.0,5,13,3,4,4,54,985,12,7,34,4062.5
9,16,10,105,206,13,34,482,175,7658.0,10,16,14,2,8,11,973,84,7,54,4062.5
20,18,12,106,184,9,18,467,388,23239.0,8,26,12,3,5,24,985,36,6,62,4051.2820512820513
0,3,0,71,0,0,0,554,0,86.0,8,0,0,13,0,0,0,0,18,0,4050.0
29,24,12,3,224,9,21,467,267,23239.0,8,29,18,2,8,12,985,66,6,62,4048.23428079242
4,7,0,44,0,0,0,429,66,3342.0,13,3,1,6,3,0,66,0,6,6,4031.0077519379847
17,10,1,26,313,4,49,311,216,5351.0,10,5,6,1,7,10,973,115,10,64,4027.777777777778
9,16,10,106,206,13,34,482,175,7658.0,10,16,14,2,8,11,973,84,7,54,4027.777777777778
7,6,1,44,0,0,0,429,120,3342.0,13,2,2,5,2,0,126,0,6,8,4017.857142857143
14,9,6,59,285,12,25,481,156,28799.0,9,16,20,0,2,26,1021,264,9,51,4017.857142857143
9,16,10,105,206,13,34,482,175,7658.0,10,16,14,2,8,11,973,84,7,54,4000.0
24,15,6,2,66,3,1,457,722,5039.0,6,19,9,4,2,15,997,18,9,32,4000.0
26,17,6,8,60,3,2,457,712,5039.0,6,18,11,4,2,16,997,18,9,29,4000.0
20,17,2,98,54,3,0,449,761,23197.0,5,13,3,4,4,54,985,12,7,34,4000.0
9,16,10,91,206,13,34,482,175,7658.0,10,16,14,2,8,11,973,84,7,54,4000.0
25,11,13,1,96,5,3,451,538,7618.0,7,10,8,3,6,24,1003,18,10,36,4000.0
14,11,2,52,12,0,0,346,122,4621.0,5,3,3,6,2,17,158,0,12,57,4000.0
9,16,10,92,206,13,34,482,175,7658.0,10,16,14,2,8,11,973,84,7,54,4000.0
7,8,0,44,0,2,0,432,296,4083.0,13,4,0,4,1,1,302,0,7,11,4000.0
20,17,2,35,54,3,0,449,761,23197.0,5,13,3,4,4,54,985,12,7,34,4000.0
24,15,6,2,66,3,1,457,722,5039.0,6,19,9,4,2,15,997,18,9,32,4000.0
9,16,10,5,206,13,34,482,175,7658.0,10,16,14,2,8,11,973,84,7,54,4000.0
20,17,2,41,54,3,0,449,761,23197.0,5,13,3,4,4,54,985,12,7,34,4000.0
20,17,2,35,54,3,0,449,761,23197.0,5,13,3,4,4,54,985,12,7,34,3997.5
33,21,14,5,430,14,39,483,144,18149.0,8,32,11,2,10,21,1015,120,7,58,3990.0
38,16,9,97,172,5,4,463,430,15107.0,7,24,16,3,5,32,1039,24,9,28,3989.36170212766
20,17,2,38,54,3,0,449,761,23197.0,5,13,3,4,4,54,985,12,7,34,3984.375
17,10,1,26,313,4,49,311,216,5351.0,10,5,6,1,7,10,973,115,10,64,3984.375
9,16,10,3,206,13,34,482,175,7658.0,10,16,14,2,8,11,973,84,7,54,3975.9036144578313
27,23,8,3,236,10,25,467,325,23239.0,8,29,17,2,8,14,979,48,6,64,3953.488372093024
19,22,7,105,78,7,6,464,615,18375.0,9,16,8,3,4,12,889,18,5,51,3944.773175542406
20,18,12,5,184,9,18,467,388,23239.0,8,26,12,3,5,24,985,36,6,62,3939.39393939394
29,13,6,4,246,5,17,440,351,21669.0,7,27,10,3,8,47,1003,36,7,42,3938.730853391685
24,9,8,21,62,5,2,343,690,8037.0,8,16,10,3,1,47,895,12,11,38,3935.185185185185
4,7,0,44,0,0,0,429,66,3342.0,13,3,1,6,3,0,66,0,6,6,3927.6485788113696
25,22,11,5,114,2,19,467,446,23239.0,8,28,17,3,4,17,961,60,6,57,3925.619834710744
27,25,1,98,36,3,0,446,539,16032.0,4,10,7,5,2,36,635,6,9,28,3921.052631578948
9,16,10,4,206,13,34,482,175,7658.0,10,16,14,2,8,11,973,84,7,54,3918.918918918919
9,16,10,15,206,13,34,482,175,7658.0,10,16,14,2,8,11,973,84,7,54,3913.0434782608695
24,9,8,78,62,5,2,343,690,8037.0,8,16,10,3,1,47,895,12,11,38,3906.25
9,16,10,10,206,13,34,482,175,7658.0,10,16,14,2,8,11,973,84,7,54,3906.25
20,18,12,105,184,9,18,467,388,23239.0,8,26,12,3,5,24,985,36,6,62,3906.25
20,17,2,41,54,3,0,449,761,23197.0,5,13,3,4,4,54,985,12,7,34,3904.7619047619046
9,16,10,10,206,13,34,482,175,7658.0,10,16,14,2,8,11,973,84,7,54,3902.439024390244
12,5,2,44,6,0,0,181,168,8223.0,12,1,2,5,2,0,174,0,5,9,3900.0
8,17,0,15,12,0,1,183,284,22376.0,9,3,4,5,1,2,338,0,3,24,3888.8888888888887
9,24,0,19,0,1,0,241,66,3259.0,7,0,2,8,0,1,66,0,3,11,3888.8888888888887
18,12,2,52,18,0,0,346,128,4621.0,5,2,3,6,2,22,164,0,12,52,3888.8888888888887
30,14,0,85,42,0,1,471,528,16637.0,7,11,1,5,6,11,606,0,5,68,3887.5
9,16,10,105,206,13,34,482,175,7658.0,10,16,14,2,8,11,973,84,7,54,3886.010362694301
24,22,9,4,90,6,16,464,571,18375.0,9,21,12,3,5,10,925,30,5,59,3866.985294117647
24,9,8,78,62,5,2,343,690,8037.0,8,16,10,3,1,47,895,12,11,38,3866.809881847476
39,16,5,96,181,3,0,439,446,20882.0,6,18,14,3,6,36,1033,24,8,23,3861.7886178861786
20,18,12,51,184,9,18,467,388,23239.0,8,26,12,3,5,24,985,36,6,62,3860.326373047903
24,22,9,55,90,6,16,464,571,18375.0,9,21,12,3,5,10,925,30,5,59,3860.072376357057
20,17,2,98,54,3,0,449,761,23197.0,5,13,3,4,4,54,985,12,7,34,3857.142857142857
20,11,0,16,414,14,42,456,186,16252.0,9,12,10,1,6,40,1027,218,10,46,3854.1666666666665
17,20,1,87,12,1,0,472,387,26248.0,6,3,4,5,1,6,459,0,5,79,3854.1666666666665
20,17,2,35,54,3,0,449,761,23197.0,5,13,3,4,4,54,985,12,7,34,3852.272727272728
16,19,3,85,30,4,5,477,606,24762.0,8,11,5,4,3,11,756,18,5,60,3836.317135549872
0,7,0,26,0,0,0,367,0,1785.0,14,0,0,10,2,0,0,0,19,2,3835.978835978836
20,11,0,52,414,14,42,456,186,16252.0,9,12,10,1,6,40,1027,218,10,46,3835.263835263835
12,5,2,44,6,0,0,181,168,8223.0,12,1,2,5,2,0,174,0,5,9,3826.5306122448974
12,14,1,52,24,0,0,346,150,4621.0,5,3,2,6,2,24,192,0,12,52,3809.5238095238096
14,16,16,91,115,5,18,466,290,13796.0,10,18,11,2,6,11,955,48,7,51,3800.0
16,19,3,85,30,4,5,477,606,24762.0,8,11,5,4,3,11,756,18,5,60,3800.0
24,22,9,92,90,6,16,464,571,18375.0,9,21,12,3,5,10,925,30,5,59,3800.0
20,17,2,98,54,3,0,449,761,23197.0,5,13,3,4,4,54,985,12,7,34,3794.642857142857
24,15,6,57,66,3,1,457,722,5039.0,6,19,9,4,2,15,997,18,9,32,3793.103448275862
24,15,6,2,66,3,1,457,722,5039.0,6,19,9,4,2,15,997,18,9,32,3787.878787878788
20,18,12,3,184,9,18,467,388,23239.0,8,26,12,3,5,24,985,36,6,62,3787.878787878788
12,24,1,46,12,3,0,444,331,11748.0,4,6,4,6,1,35,403,0,8,39,3787.878787878788
4,7,0,26,6,0,0,299,171,1971.0,12,1,1,5,1,1,189,0,14,10,3787.878787878788
24,22,9,105,90,6,16,464,571,18375.0,9,21,12,3,5,10,925,30,5,59,3787.878787878788
18,17,11,99,114,7,7,465,509,27697.0,8,18,9,3,5,21,955,24,6,68,3783.783783783784
9,16,10,1,206,13,34,482,175,7658.0,10,16,14,2,8,11,973,84,7,54,3783.783783783784
25,15,8,2,85,2,0,459,618,13220.0,6,18,12,3,4,16,1009,24,10,35,3780.0
24,22,9,3,90,6,16,464,571,18375.0,9,21,12,3,5,10,925,30,5,59,3768.844221105528
0,7,0,26,0,0,0,367,0,1785.0,14,0,0,10,2,0,0,0,19,2,3758.741258741258
9,16,10,105,206,13,34,482,175,7658.0,10,16,14,2,8,11,973,84,7,54,3754.9407114624505
34,22,4,54,421,8,29,438,96,25191.0,7,25,11,2,9,33,1033,79,8,30,3750.0
3,19,0,64,0,0,0,174,0,1551.0,10,0,0,10,0,0,0,0,1,1,3750.0
17,10,1,26,313,4,49,311,216,5351.0,10,5,6,1,7,10,973,115,10,64,3750.0
20,17,2,41,54,3,0,449,761,23197.0,5,13,3,4,4,54,985,12,7,34,3750.0
20,17,2,98,54,3,0,449,761,23197.0,5,13,3,4,4,54,985,12,7,34,3750.0
9,16,10,31,206,13,34,482,175,7658.0,10,16,14,2,8,11,973,84,7,54,3750.0
24,9,8,100,62,5,2,343,690,8037.0,8,16,10,3,1,47,895,12,11,38,3750.0
20,17,2,35,54,3,0,449,761,23197.0,5,13,3,4,4,54,985,12,7,34,3750.0
28,22,12,92,158,4,20,467,412,23239.0,8,27,17,3,5,18,961,60,6,57,3750.0
9,16,10,105,206,13,34,482,175,7658.0,10,16,14,2,8,11,973,84,7,54,3750.0
14,9,6,52,285,12,25,481,156,28799.0,9,16,20,0,2,26,1021,264,9,51,3720.9302325581393
16,19,3,85,30,4,5,477,606,24762.0,8,11,5,4,3,11,756,18,5,60,3720.238095238095
16,19,3,85,30,4,5,477,606,24762.0,8,11,5,4,3,11,756,18,5,60,3719.806763285024
31,18,9,6,433,16,53,442,120,23250.0,8,34,20,1,11,34,1015,158,7,48,3719.00826446281
12,5,2,44,6,0,0,181,168,8223.0,12,1,2,5,2,0,174,0,5,9,3713.571428571429
3,19,0,27,0,0,0,174,0,1551.0,10,0,0,10,0,0,0,0,1,1,3710.594315245478
20,18,12,1,184,9,18,467,388,23239.0,8,26,12,3,5,24,985,36,6,62,3709.677419354839
9,16,10,93,206,13,34,482,175,7658.0,10,16,14,2,8,11,973,84,7,54,3703.703703703704
24,22,11,3,126,6,16,467,486,23239.0,8,23,15,3,4,16,961,48,6,60,3703.703703703704
33,22,11,3,339,11,23,467,202,23239.0,8,31,18,2,10,22,997,66,7,58,3703.703703703704
2,17,0,14,6,0,0,166,48,2745.0,11,0,0,7,0,0,54,0,2,3,3702.3255813953488
39,16,5,8,181,3,0,439,446,20882.0,6,18,14,3,6,36,1033,24,8,23,3700.0
20,17,2,98,54,3,0,449,761,23197.0,5,13,3,4,4,54,985,12,7,34,3671.875
24,15,6,8,66,3,1,457,722,5039.0,6,19,9,4,2,15,997,18,9,32,3671.875
38,16,9,96,172,5,4,463,430,15107.0,7,24,16,3,5,32,1039,24,9,28,3666.6666666666665
2,9,0,35,0,0,0,580,0,1339.0,8,1,0,11,1,0,0,0,17,0,3666.6666666666665
20,18,12,99,184,9,18,467,388,23239.0,8,26,12,3,5,24,985,36,6,62,3663.003663003663
37,17,5,96,195,1,2,463,432,15107.0,6,29,7,3,4,34,1039,12,9,23,3660.565723793677
14,9,6,52,285,12,25,481,156,28799.0,9,16,20,0,2,26,1021,264,9,51,3648.233486943164
14,9,6,52,285,12,25,481,156,28799.0,9,16,20,0,2,26,1021,264,9,51,3645.8333333333335
9,16,10,42,206,13,34,482,175,7658.0,10,16,14,2,8,11,973,84,7,54,3645.8333333333335
20,17,2,98,54,3,0,449,761,23197.0,5,13,3,4,4,54,985,12,7,34,3625.0
29,19,8,12,355,4,29,442,148,23250.0,8,34,10,2,8,49,1015,42,7,37,3625.0
9,16,10,92,206,13,34,482,175,7658.0,10,16,14,2,8,11,973,84,7,54,3611.1111111111113
9,16,10,105,206,13,34,482,175,7658.0,10,16,14,2,8,11,973,84,7,54,3600.0
24,22,9,91,90,6,16,464,571,18375.0,9,21,12,3,5,10,925,30,5,59,3600.0
4,7,0,44,0,0,0,429,66,3342.0,13,3,1,6,3,0,66,0,6,6,3600.0
39,16,5,2,181,3,0,439,446,20882.0,6,18,14,3,6,36,1033,24,8,23,3600.0
23,20,0,46,12,2,0,448,317,18748.0,4,6,3,6,3,19,371,6,7,62,3593.75
35,20,7,14,367,10,31,442,138,23250.0,8,37,18,2,11,32,1009,78,7,54,3589.74358974359
24,15,6,2,66,3,1,457,722,5039.0,6,19,9,4,2,15,997,18,9,32,3584.9056603773583
7,12,8,91,279,10,42,482,195,7658.0,10,14,18,1,6,14,973,54,7,50,3584.229390681004
14,9,6,52,285,12,25,481,156,28799.0,9,16,20,0,2,26,1021,264,9,51,3571.428571428572
20,18,12,106,184,9,18,467,388,23239.0,8,26,12,3,5,24,985,36,6,62,3571.428571428572
22,9,4,52,343,12,30,481,174,28799.0,10,19,10,0,4,13,1015,246,9,63,3571.428571428572
39,16,5,97,181,3,0,439,446,20882.0,6,18,14,3,6,36,1033,24,8,23,3571.426785714286
21,21,3,99,102,8,6,465,518,27697.0,8,22,6,3,7,17,937,18,6,65,3563.330093942339
20,18,12,10,184,9,18,467,388,23239.0,8,26,12,3,5,24,985,36,6,62,3557.692307692308
20,18,12,3,184,9,18,467,388,23239.0,8,26,12,3,5,24,985,36,6,62,3557.692307692308
24,22,9,106,132,4,18,464,496,18375.0,9,22,16,3,5,12,949,30,6,60,3555.555555555556
42,16,5,8,236,1,4,436,388,26838.0,7,19,5,3,8,39,1015,30,7,38,3555.555555555556
20,17,2,35,54,3,0,449,761,23197.0,5,13,3,4,4,54,985,12,7,34,3545.454545454545
17,10,1,26,313,4,49,311,216,5351.0,10,5,6,1,7,10,973,115,10,64,3541.6666666666665
26,10,1,21,91,0,4,297,410,29575.0,9,14,0,3,3,36,937,18,11,51,3541.6666666666665
20,17,2,98,54,3,0,449,761,23197.0,5,13,3,4,4,54,985,12,7,34,3532.608695652174
12,5,1,44,6,0,0,430,186,3952.0,12,1,2,5,2,0,192,0,5,10,3531.746031746032
39,16,5,8,181,3,0,439,446,20882.0,6,18,14,3,6,36,1033,24,8,23,3529.4117647058824
9,16,10,3,206,13,34,482,175,7658.0,10,16,14,2,8,11,973,84,7,54,3525.641025641026
21,8,6,16,315,18,29,481,132,28799.0,9,18,22,0,3,28,1021,338,9,49,3515.625
38,16,9,57,172,5,4,463,430,15107.0,7,24,16,3,5,32,1039,24,9,28,3515.151515151515
9,16,10,1,206,13,34,482,175,7658.0,10,16,14,2,8,11,973,84,7,54,3508.771929824561
6,9,1,44,0,0,1,177,480,11754.0,11,4,0,4,1,5,576,0,5,18,3500.0
17,10,6,84,266,17,24,481,132,28799.0,9,19,22,0,4,28,1021,345,9,50,3500.0
9,16,10,3,206,13,34,482,175,7658.0,10,16,14,2,8,11,973,84,7,54,3500.0
29,16,5,8,60,1,0,437,639,29015.0,6,13,5,4,7,33,1015,24,8,29,3500.0
24,22,9,1,90,6,16,464,571,18375.0,9,21,12,3,5,10,925,30,5,59,3500.0
9,16,10,1,206,13,34,482,175,7658.0,10,16,14,2,8,11,973,84,7,54,3500.0
3,19,0,75,0,0,0,174,0,1551.0,10,0,0,10,0,0,0,0,1,1,3500.0
20,17,2,46,54,3,0,449,761,23197.0,5,13,3,4,4,54,985,12,7,34,3500.0
38,16,9,2,172,5,4,463,430,15107.0,7,24,16,3,5,32,1039,24,9,28,3500.0
17,10,1,26,313,4,49,311,216,5351.0,10,5,6,1,7,10,973,115,10,64,3500.0
9,16,10,11,206,13,34,482,175,7658.0,10,16,14,2,8,11,973,84,7,54,3500.0
21,21,10,3,173,5,23,467,351,23239.0,8,27,16,3,6,20,973,48,6,64,3500.0
24,15,6,2,66,3,1,457,722,5039.0,6,19,9,4,2,15,997,18,9,32,3500.0
24,15,6,96,66,3,1,457,722,5039.0,6,19,9,4,2,15,997,18,9,32,3499.105684734427
18,23,5,105,120,8,9,465,517,27697.0,8,22,12,3,4,15,949,24,6,65,3497.9973297730307
9,16,10,91,206,13,34,482,175,7658.0,10,16,14,2,8,11,973,84,7,54,3492.063492063492
21,22,12,92,138,5,19,467,445,23239.0,8,23,16,3,5,16,961,48,6,66,3487.2093023255816
9,16,10,3,206,13,34,482,175,7658.0,10,16,14,2,8,11,973,84,7,54,3478.260869565217
17,24,3,98,6,3,0,444,228,11748.0,3,1,2,6,0,24,282,6,8,49,3476.5625
24,9,8,21,62,5,2,343,690,8037.0,8,16,10,3,1,47,895,12,11,38,3472.222222222222
21,23,14,92,138,6,15,467,486,23239.0,8,22,17,3,4,15,961,42,6,69,3472.222222222222
9,16,10,91,206,13,34,482,175,7658.0,10,16,14,2,8,11,973,84,7,54,3471.0743801652893
9,16,10,5,206,13,34,482,175,7658.0,10,16,14,2,8,11,973,84,7,54,3462.3376623376626
20,17,2,38,54,3,0,449,761,23197.0,5,13,3,4,4,54,985,12,7,34,3456.7901234567903
3,19,0,27,0,0,0,174,0,1551.0,10,0,0,10,0,0,0,0,1,1,3444.4444444444443
9,16,10,11,206,13,34,482,175,7658.0,10,16,14,2,8,11,973,84,7,54,3437.5
24,9,8,78,62,5,2,343,690,8037.0,8,16,10,3,1,47,895,12,11,38,3437.5
20,21,1,46,6,2,0,444,299,11748.0,4,6,5,6,3,30,365,6,8,51,3437.5
6,9,1,44,0,0,1,177,480,11754.0,11,4,0,4,1,5,576,0,5,18,3437.5
18,19,15,91,191,4,19,466,291,13796.0,9,20,13,2,7,12,955,30,6,56,3437.5
4,13,0,14,6,0,1,186,174,2806.0,10,0,1,6,0,2,198,0,3,15,3434.343434343434
10,15,1,26,134,2,32,296,405,11327.0,10,3,3,2,1,7,931,18,11,70,3428.5714285714284
24,22,9,92,90,6,16,464,571,18375.0,9,21,12,3,5,10,925,30,5,59,3428.5714285714284
9,16,10,10,206,13,34,482,175,7658.0,10,16,14,2,8,11,973,84,7,54,3424.657534246576
15,17,2,52,0,1,0,348,145,2630.0,6,4,8,6,1,14,193,6,13,63,3424.657534246576
10,15,1,26,134,2,32,296,405,11327.0,10,3,3,2,1,7,931,18,11,70,3422.619047619048
14,9,6,61,285,12,25,481,156,28799.0,9,16,20,0,2,26,1021,264,9,51,3421.0526315789475
24,9,8,78,62,5,2,343,690,8037.0,8,16,10,3,1,47,895,12,11,38,3419.91341991342
16,19,3,85,30,4,5,477,606,24762.0,8,11,5,4,3,11,756,18,5,60,3419.91341991342
24,15,6,2,66,3,1,457,722,5039.0,6,19,9,4,2,15,997,18,9,32,3417.96875
16,9,2,52,12,0,0,346,122,4621.0,5,3,4,6,2,17,152,0,12,57,3416.1490683229813
20,11,0,7,414,14,42,456,186,16252.0,9,12,10,1,6,40,1027,218,10,46,3409.090909090909
24,15,6,95,66,3,1,457,722,5039.0,6,19,9,4,2,15,997,18,9,32,3407.954545454545
30,14,0,85,42,0,1,471,528,16637.0,7,11,1,5,6,11,606,0,5,68,3401.3605442176868
9,16,10,105,206,13,34,482,175,7658.0,10,16,14,2,8,11,973,84,7,54,3400.0
4,7,0,44,0,0,0,429,66,3342.0,13,3,1,6,3,0,66,0,6,6,3400.0
9,16,10,91,206,13,34,482,175,7658.0,10,16,14,2,8,11,973,84,7,54,3393.665158371041
4,7,1,44,0,0,0,411,169,1726.0,13,1,5,5,0,1,175,0,7,9,3388.8888888888887
10,15,1,70,134,2,32,296,405,11327.0,10,3,3,2,1,7,931,18,11,70,3386.6666666666665
32,16,0,14,30,0,1,471,482,16637.0,6,10,1,5,4,9,560,0,5,71,3383.838383838384
30,14,0,85,42,0,1,471,528,16637.0,7,11,1,5,6,11,606,0,5,68,3382.3529411764707
12,5,2,44,6,0,0,181,168,8223.0,12,1,2,5,2,0,174,0,5,9,3380.116959064328
9,16,10,5,206,13,34,482,175,7658.0,10,16,14,2,8,11,973,84,7,54,3375.0
14,9,6,52,285,12,25,481,156,28799.0,9,16,20,0,2,26,1021,264,9,51,3375.0
20,17,2,41,54,3,0,449,761,23197.0,5,13,3,4,4,54,985,12,7,34,3375.0
12,5,2,23,6,0,0,181,168,8223.0,12,1,2,5,2,0,174,0,5,9,3375.0
35,20,7,14,367,10,31,442,138,23250.0,8,37,18,2,11,32,1009,78,7,54,3371.428571428572
24,22,9,3,90,6,16,464,571,18375.0,9,21,12,3,5,10,925,30,5,59,3369.5652173913045
9,16,10,10,206,13,34,482,175,7658.0,10,16,14,2,8,11,973,84,7,54,3350.0
9,16,10,105,206,13,34,482,175,7658.0,10,16,14,2,8,11,973,84,7,54,3350.0
12,5,2,44,6,0,0,181,168,8223.0,12,1,2,5,2,0,174,0,5,9,3348.214285714286
20,17,2,41,54,3,0,449,761,23197.0,5,13,3,4,4,54,985,12,7,34,3333.333333333333
26,10,1,100,91,0,4,297,410,29575.0,9,14,0,3,3,36,937,18,11,51,3333.333333333333
3,19,0,27,0,0,0,174,0,1551.0,10,0,0,10,0,0,0,0,1,1,3333.333333333333
20,17,2,35,54,3,0,449,761,23197.0,5,13,3,4,4,54,985,12,7,34,3333.333333333333
3,15,0,14,6,0,1,186,156,2806.0,10,0,1,6,0,2,174,0,3,15,3333.333333333333
20,18,12,1,184,9,18,467,388,23239.0,8,26,12,3,5,24,985,36,6,62,3333.333333333333
10,9,2,22,12,1,1,178,614,8114.0,11,4,2,4,2,7,746,0,5,21,3333.333333333333
4,15,0,75,0,0,0,204,0,1519.0,6,0,1,10,0,0,0,0,5,2,3333.333333333333
24,15,6,2,66,3,1,457,722,5039.0,6,19,9,4,2,15,997,18,9,32,3333.333333333333
24,15,6,2,66,3,1,457,722,5039.0,6,19,9,4,2,15,997,18,9,32,3333.333333333333
20,18,13,93,138,6,13,467,460,23239.0,8,23,14,3,5,22,973,36,6,66,3326.6666666666665
10,15,1,70,134,2,32,296,405,11327.0,10,3,3,2,1,7,931,18,11,70,3320.1581027667985
12,5,2,44,6,0,0,181,168,8223.0,12,1,2,5,2,0,174,0,5,9,3309.090909090909
24,15,6,57,66,3,1,457,722,5039.0,6,19,9,4,2,15,997,18,9,32,3303.3033033033034
43,16,10,2,251,6,7,451,325,7618.0,7,22,11,3,5,23,1039,18,10,31,3300.0
9,16,10,5,206,13,34,482,175,7658.0,10,16,14,2,8,11,973,84,7,54,3296.703296703297
20,17,2,41,54,3,0,449,761,23197.0,5,13,3,4,4,54,985,12,7,34,3291.1392405063293
12,5,2,72,6,0,0,181,168,8223.0,12,1,2,5,2,0,174,0,5,9,3281.25
7,15,8,91,399,13,53,482,182,7658.0,10,15,18,1,10,12,991,78,7,55,3278.688524590164
20,18,15,92,184,9,19,467,388,23239.0,8,23,13,3,5,23,985,30,6,63,3277.674706246135
27,25,1,46,36,3,0,446,539,16032.0,4,10,7,5,2,36,635,6,9,28,3275.862068965517
7,8,0,44,0,2,0,432,296,4083.0,13,4,0,4,1,1,302,0,7,11,3272.7272727272725
24,15,6,2,66,3,1,457,722,5039.0,6,19,9,4,2,15,997,18,9,32,3266.6666666666665
16,19,3,85,30,4,5,477,606,24762.0,8,11,5,4,3,11,756,18,5,60,3266.3398692810456
14,9,6,52,285,12,25,481,156,28799.0,9,16,20,0,2,26,1021,264,9,51,3260.8695652173915
14,9,6,52,285,12,25,481,156,28799.0,9,16,20,0,2,26,1021,264,9,51,3250.0
9,16,10,1,206,13,34,482,175,7658.0,10,16,14,2,8,11,973,84,7,54,3250.0
6,16,0,35,0,0,0,322,60,2868.0,6,3,1,7,1,2,66,0,14,48,3241.7582417582416
8,6,0,44,0,2,0,430,162,3952.0,13,2,3,5,1,0,168,0,6,10,3238.8663967611337
9,16,10,105,206,13,34,482,175,7658.0,10,16,14,2,8,11,973,84,7,54,3235.294117647059
10,9,1,44,12,1,1,178,619,8114.0,11,6,2,4,2,6,757,0,5,22,3235.294117647059
4,7,0,44,0,0,0,429,66,3342.0,13,3,1,6,3,0,66,0,6,6,3232.3232323232323
1,14,0,14,6,0,1,166,132,2745.0,10,0,1,6,0,2,144,0,3,10,3230.769230769231
20,18,12,106,184,9,18,467,388,23239.0,8,26,12,3,5,24,985,36,6,62,3220.1405152224825
8,7,1,44,0,2,0,429,150,3342.0,13,3,3,5,2,0,156,0,6,9,3214.285714285714
3,19,0,27,0,0,0,174,0,1551.0,10,0,0,10,0,0,0,0,1,1,3214.285714285714
20,17,2,46,54,3,0,449,761,23197.0,5,13,3,4,4,54,985,12,7,34,3214.285714285714
8,6,1,44,0,0,0,429,132,3342.0,13,2,2,5,2,0,138,0,6,8,3214.285714285714
4,7,0,44,0,0,0,429,66,3342.0,13,3,1,6,3,0,66,0,6,6,3214.285714285714
12,5,2,44,6,0,0,181,168,8223.0,12,1,2,5,2,0,174,0,5,9,3214.285714285714
4,7,0,107,0,0,0,429,66,3342.0,13,3,1,6,3,0,66,0,6,6,3213.5306553911205
24,9,8,21,62,5,2,343,690,8037.0,8,16,10,3,1,47,895,12,11,38,3213.507625272331
21,21,12,99,138,7,10,465,506,27697.0,8,21,12,3,4,15,961,30,6,69,3212.373587150506
1,6,0,70,0,0,0,396,6,2956.0,13,0,0,9,0,1,6,0,18,2,3209.8765432098767
16,19,3,85,30,4,5,477,606,24762.0,8,11,5,4,3,11,756,18,5,60,3209.8765432098767
4,7,0,44,0,0,0,429,66,3342.0,13,3,1,6,3,0,66,0,6,6,3204.134366925065
32,16,9,2,86,4,0,459,566,13220.0,6,14,10,3,4,23,1003,18,10,35,3200.0
24,22,9,1,90,6,16,464,571,18375.0,9,21,12,3,5,10,925,30,5,59,3200.0
9,16,10,106,206,13,34,482,175,7658.0,10,16,14,2,8,11,973,84,7,54,3200.0
24,15,6,97,66,3,1,457,722,5039.0,6,19,9,4,2,15,997,18,9,32,3200.0
7,10,1,26,231,1,64,306,382,4318.0,11,3,1,1,5,11,919,12,11,53,3200.0
35,20,2,42,449,12,89,454,114,16037.0,8,17,12,1,9,32,1039,175,9,33,3200.0
20,18,12,108,184,9,18,467,388,23239.0,8,26,12,3,5,24,985,36,6,62,3200.0
27,10,2,52,18,0,0,351,136,2884.0,4,1,1,6,1,23,172,0,11,47,3200.0
20,14,3,52,24,0,0,346,208,4621.0,5,3,2,6,3,30,256,0,12,44,3200.0
10,15,1,26,134,2,32,296,405,11327.0,10,3,3,2,1,7,931,18,11,70,3200.0
20,17,2,46,54,3,0,449,761,23197.0,5,13,3,4,4,54,985,12,7,34,3195.970695970696
14,9,6,52,285,12,25,481,156,28799.0,9,16,20,0,2,26,1021,264,9,51,3194.4444444444443
12,5,2,74,6,0,0,181,168,8223.0,12,1,2,5,2,0,174,0,5,9,3194.4444444444443
6,9,1,44,0,0,1,177,480,11754.0,11,4,0,4,1,5,576,0,5,18,3190.621814475025
12,5,2,44,6,0,0,181,168,8223.0,12,1,2,5,2,0,174,0,5,9,3181.818181818182
20,18,12,108,184,9,18,467,388,23239.0,8,26,12,3,5,24,985,36,6,62,3181.818181818182
10,15,1,70,134,2,32,296,405,11327.0,10,3,3,2,1,7,931,18,11,70,3180.555555555556
6,9,1,44,0,0,1,177,480,11754.0,11,4,0,4,1,5,576,0,5,18,3174.6031746031745
20,18,12,1,184,9,18,467,388,23239.0,8,26,12,3,5,24,985,36,6,62,3166.6666666666665
30,19,7,11,333,11,30,442,175,23250.0,8,37,21,2,10,25,1003,72,7,57,3166.6666666666665
9,16,10,1,206,13,34,482,175,7658.0,10,16,14,2,8,11,973,84,7,54,3166.6666666666665
24,22,9,106,90,6,16,464,571,18375.0,9,21,12,3,5,10,925,30,5,59,3157.894736842105
25,13,12,1,93,3,4,343,531,8037.0,7,7,4,3,6,23,991,24,10,38,3154.5741324921137
34,22,6,54,381,8,27,438,108,25191.0,7,24,8,2,11,39,1027,104,8,31,3152.088258471237
9,24,0,19,0,1,0,241,66,3259.0,7,0,2,8,0,1,66,0,3,11,3150.0
24,22,9,3,90,6,16,464,571,18375.0,9,21,12,3,5,10,925,30,5,59,3145.846444304594
5,14,0,21,0,0,0,330,24,5723.0,9,0,4,8,2,1,24,0,16,6,3142.8571428571427
24,22,9,3,90,6,16,464,571,18375.0,9,21,12,3,5,10,925,30,5,59,3142.8571428571427
12,5,2,44,6,0,0,181,168,8223.0,12,1,2,5,2,0,174,0,5,9,3135.135135135135
24,15,6,57,66,3,1,457,722,5039.0,6,19,9,4,2,15,997,18,9,32,3132.5301204819275
16,19,3,85,30,4,5,477,606,24762.0,8,11,5,4,3,11,756,18,5,60,3130.5079365079364
9,16,10,15,206,13,34,482,175,7658.0,10,16,14,2,8,11,973,84,7,54,3125.0
20,17,2,98,54,3,0,449,761,23197.0,5,13,3,4,4,54,985,12,7,34,3125.0
9,16,10,5,206,13,34,482,175,7658.0,10,16,14,2,8,11,973,84,7,54,3125.0
9,16,10,11,206,13,34,482,175,7658.0,10,16,14,2,8,11,973,84,7,54,3125.0
12,5,2,23,6,0,0,181,168,8223.0,12,1,2,5,2,0,174,0,5,9,3125.0
3,19,0,27,0,0,0,174,0,1551.0,10,0,0,10,0,0,0,0,1,1,3125.0
9,16,10,28,206,13,34,482,175,7658.0,10,16,14,2,8,11,973,84,7,54,3125.0
1,5,0,70,0,0,0,396,12,2956.0,13,0,0,8,0,0,12,0,17,2,3119.8686371100166
24,15,6,2,66,3,1,457,722,5039.0,6,19,9,4,2,15,997,18,9,32,3112.84046692607
18,13,2,52,18,0,0,346,134,4621.0,5,2,3,6,2,19,158,0,12,55,3111.111111111112
24,22,9,99,90,6,16,464,571,18375.0,9,21,12,3,5,10,925,30,5,59,3107.3446327683614
24,15,6,54,66,3,1,457,722,5039.0,6,19,9,4,2,15,997,18,9,32,3107.1428571428573
20,17,2,98,54,3,0,449,761,23197.0,5,13,3,4,4,54,985,12,7,34,3095.2380952380954
1,15,0,14,6,0,0,166,114,2745.0,10,0,0,6,0,1,120,0,2,12,3083.00395256917
10,16,0,15,12,0,1,176,284,9638.0,10,3,4,5,1,2,338,0,3,24,3080.597014925373
24,22,9,91,90,6,16,464,571,18375.0,9,21,12,3,5,10,925,30,5,59,3076.923076923077
24,15,6,97,66,3,1,457,722,5039.0,6,19,9,4,2,15,997,18,9,32,3068.181818181818
10,15,1,26,134,2,32,296,405,11327.0,10,3,3,2,1,7,931,18,11,70,3068.181818181818
8,7,0,44,0,2,0,430,150,3952.0,13,3,3,5,2,0,156,0,6,10,3063.063063063063
20,17,2,35,54,3,0,449,761,23197.0,5,13,3,4,4,54,985,12,7,34,3058.823529411765
20,18,12,1,184,9,18,467,388,23239.0,8,26,12,3,5,24,985,36,6,62,3050.0
9,20,0,75,0,1,0,205,6,653.0,6,1,1,9,1,1,6,0,4,7,3048.780487804878
9,16,10,6,206,13,34,482,175,7658.0,10,16,14,2,8,11,973,84,7,54,3046.875
26,10,1,21,91,0,4,297,410,29575.0,9,14,0,3,3,36,937,18,11,51,3043.478260869565
10,15,1,26,134,2,32,296,405,11327.0,10,3,3,2,1,7,931,18,11,70,3026.315789473684
10,15,1,26,134,2,32,296,405,11327.0,10,3,3,2,1,7,931,18,11,70,3026.315789473684
24,20,15,92,199,8,22,467,364,23239.0,8,24,15,3,5,23,979,30,6,62,3016.3934426229507
39,16,5,2,181,3,0,439,446,20882.0,6,18,14,3,6,36,1033,24,8,23,3015.873015873016
39,16,5,95,181,3,0,439,446,20882.0,6,18,14,3,6,36,1033,24,8,23,3015.873015873016
9,14,7,91,258,11,34,482,175,7658.0,10,18,13,2,8,12,973,60,7,54,3015.8331239004774
21,11,0,52,432,13,47,456,186,16252.0,9,12,11,1,8,40,1027,208,10,46,3001.035196687371
9,16,10,11,206,13,34,482,175,7658.0,10,16,14,2,8,11,973,84,7,54,3000.0
4,7,1,78,0,0,0,399,42,2574.0,11,1,0,7,3,1,48,0,16,4,3000.0
2,10,0,107,0,0,0,408,601,22.0,13,1,0,3,2,2,625,0,8,14,3000.0
24,15,6,2,66,3,1,457,722,5039.0,6,19,9,4,2,15,997,18,9,32,3000.0
20,18,12,101,184,9,18,467,388,23239.0,8,26,12,3,5,24,985,36,6,62,3000.0
24,15,6,97,66,3,1,457,722,5039.0,6,19,9,4,2,15,997,18,9,32,3000.0
9,16,10,10,206,13,34,482,175,7658.0,10,16,14,2,8,11,973,84,7,54,3000.0
21,11,0,52,432,13,47,456,186,16252.0,9,12,11,1,8,40,1027,208,10,46,3000.0
20,17,2,98,54,3,0,449,761,23197.0,5,13,3,4,4,54,985,12,7,34,3000.0
24,15,6,8,66,3,1,457,722,5039.0,6,19,9,4,2,15,997,18,9,32,3000.0
26,10,1,36,91,0,4,297,410,29575.0,9,14,0,3,3,36,937,18,11,51,3000.0
10,18,0,15,12,0,1,186,284,2806.0,10,3,4,5,1,2,338,0,3,23,2990.0
20,18,12,1,184,9,18,467,388,23239.0,8,26,12,3,5,24,985,36,6,62,2988.5057471264367
10,18,0,15,12,0,1,186,284,2806.0,10,3,4,5,1,2,338,0,3,23,2988.372093023256
3,19,0,27,0,0,0,174,0,1551.0,10,0,0,10,0,0,0,0,1,1,2976.190476190476
20,18,12,10,184,9,18,467,388,23239.0,8,26,12,3,5,24,985,36,6,62,2968.75
0,6,0,26,0,0,0,385,0,5.0,15,0,0,12,1,0,0,0,21,0,2967.171717171717
6,9,1,22,0,0,1,177,480,11754.0,11,4,0,4,1,5,576,0,5,18,2953.5864978902955
2,10,0,19,0,0,0,190,0,118.0,11,0,0,11,1,0,0,0,1,1,2950.3105590062114
4,7,0,44,0,0,0,429,66,3342.0,13,3,1,6,3,0,66,0,6,6,2944.4444444444443
11,22,0,86,6,3,0,721,126,10778.0,3,4,1,7,4,13,150,0,7,65,2941.176470588235
4,16,0,19,0,0,0,201,0,2310.0,5,0,0,10,2,0,0,0,6,2,2941.176470588235
6,9,1,44,0,0,1,177,480,11754.0,11,4,0,4,1,5,576,0,5,18,2936.5079365079364
39,16,5,56,181,3,0,439,446,20882.0,6,18,14,3,6,36,1033,24,8,23,2935.779816513761
4,7,0,107,0,0,0,429,66,3342.0,13,3,1,6,3,0,66,0,6,6,2929.2929292929293
12,5,2,68,6,0,0,181,168,8223.0,12,1,2,5,2,0,174,0,5,9,2922.077922077922
14,9,6,52,285,12,25,481,156,28799.0,9,16,20,0,2,26,1021,264,9,51,2920.0
2,17,0,14,6,0,0,166,48,2745.0,11,0,1,7,0,0,54,0,2,3,2909.090909090909
12,5,2,44,6,0,0,181,168,8223.0,12,1,2,5,2,0,174,0,5,9,2908.969696969697
4,16,0,75,0,0,0,201,0,2310.0,5,0,0,10,2,0,0,0,6,2,2907.2727272727275
20,11,0,52,414,14,42,456,186,16252.0,9,12,10,1,6,40,1027,218,10,46,2906.25
20,17,2,46,54,3,0,449,761,23197.0,5,13,3,4,4,54,985,12,7,34,2905.4054054054054
3,15,0,14,0,0,0,168,18,26.0,11,0,0,8,0,0,24,0,1,2,2903.703703703704
20,11,0,16,414,14,42,456,186,16252.0,9,12,10,1,6,40,1027,218,10,46,2901.785714285714
14,9,6,52,285,12,25,481,156,28799.0,9,16,20,0,2,26,1021,264,9,51,2900.0
10,16,0,15,12,0,1,176,284,9638.0,10,3,4,5,1,2,338,0,3,24,2899.2023205221176
29,13,11,2,108,3,1,459,543,13220.0,7,12,8,3,6,21,1003,18,10,37,2898.550724637681
4,7,0,44,0,0,0,429,66,3342.0,13,3,1,6,3,0,66,0,6,6,2884.6153846153848
20,18,12,101,184,9,18,467,388,23239.0,8,26,12,3,5,24,985,36,6,62,2882.8828828828828
33,23,8,3,302,11,21,467,217,23239.0,8,34,16,2,9,17,985,42,6,63,2867.4698795180725
38,16,9,8,172,5,4,463,430,15107.0,7,24,16,3,5,32,1039,24,9,28,2863.4361233480176
9,24,0,19,0,1,0,241,66,3259.0,7,0,2,8,0,1,66,0,3,11,2862.2540250447228
9,16,10,11,206,13,34,482,175,7658.0,10,16,14,2,8,11,973,84,7,54,2857.1428571428573
4,7,0,107,0,0,0,429,66,3342.0,13,3,1,6,3,0,66,0,6,6,2857.1428571428573
9,11,1,22,30,0,1,418,662,16309.0,11,7,1,3,3,5,830,0,6,24,2857.1428571428573
12,5,2,44,6,0,0,181,168,8223.0,12,1,2,5,2,0,174,0,5,9,2857.1428571428573
16,19,3,88,30,4,5,477,606,24762.0,8,11,5,4,3,11,756,18,5,60,2855.4778554778554
39,16,5,2,181,3,0,439,446,20882.0,6,18,14,3,6,36,1033,24,8,23,2851.71102661597
20,11,0,52,414,14,42,456,186,16252.0,9,12,10,1,6,40,1027,218,10,46,2850.0
20,18,12,10,184,9,18,467,388,23239.0,8,26,12,3,5,24,985,36,6,62,2850.0
10,15,1,70,134,2,32,296,405,11327.0,10,3,3,2,1,7,931,18,11,70,2849.5440729483284
4,16,0,27,0,0,0,201,0,2310.0,5,0,0,10,2,0,0,0,6,2,2846.7908902691515
12,5,2,44,6,0,0,181,168,8223.0,12,1,2,5,2,0,174,0,5,9,2846.7908902691515
6,9,1,44,0,0,1,177,480,11754.0,11,4,0,4,1,5,576,0,5,18,2839.5061728395062
17,10,1,26,313,4,49,311,216,5351.0,10,5,6,1,7,10,973,115,10,64,2836.8794326241136
24,15,6,97,66,3,1,457,722,5039.0,6,19,9,4,2,15,997,18,9,32,2833.806818181818
39,16,5,97,181,3,0,439,446,20882.0,6,18,14,3,6,36,1033,24,8,23,2833.806818181818
24,15,6,95,66,3,1,457,722,5039.0,6,19,9,4,2,15,997,18,9,32,2833.806818181818
20,17,2,38,54,3,0,449,761,23197.0,5,13,3,4,4,54,985,12,7,34,2833.333333333333
9,16,10,3,206,13,34,482,175,7658.0,10,16,14,2,8,11,973,84,7,54,2833.333333333333
14,9,6,52,285,12,25,481,156,28799.0,9,16,20,0,2,26,1021,264,9,51,2827.3809523809523
39,16,5,97,181,3,0,439,446,20882.0,6,18,14,3,6,36,1033,24,8,23,2822.695035460993
3,7,0,14,0,0,0,165,66,8431.0,11,0,1,7,0,0,72,0,3,5,2820.21151586369
1,10,0,19,0,0,0,98,0,567.0,11,0,0,11,0,0,0,0,1,1,2820.21151586369
12,5,2,44,6,0,0,181,168,8223.0,12,1,2,5,2,0,174,0,5,9,2816.326530612245
5,17,0,15,6,0,1,186,186,2806.0,10,0,1,6,0,2,210,0,3,16,2814.814814814815
14,9,6,52,285,12,25,481,156,28799.0,9,16,20,0,2,26,1021,264,9,51,2813.852813852814
24,9,8,100,62,5,2,343,690,8037.0,8,16,10,3,1,47,895,12,11,38,2812.5
26,10,1,21,91,0,4,297,410,29575.0,9,14,0,3,3,36,937,18,11,51,2812.5
22,20,1,46,12,2,0,448,304,18748.0,4,6,4,6,3,24,364,6,8,57,2812.5
6,9,1,44,0,0,1,177,480,11754.0,11,4,0,4,1,5,576,0,5,18,2804.232804232804
10,15,1,26,134,2,32,296,405,11327.0,10,3,3,2,1,7,931,18,11,70,2800.0
20,17,2,38,54,3,0,449,761,23197.0,5,13,3,4,4,54,985,12,7,34,2800.0
21,14,2,52,24,0,0,346,138,4621.0,5,2,2,6,2,27,180,0,12,48,2800.0
24,15,6,95,66,3,1,457,722,5039.0,6,19,9,4,2,15,997,18,9,32,2799.650043744532
4,7,0,44,0,0,0,429,66,3342.0,13,3,1,6,3,0,66,0,6,6,2798.3539094650205
3,14,0,14,6,0,0,163,18,2439.0,12,0,0,7,0,0,24,0,2,2,2797.9274611398964
2,10,0,107,0,0,0,408,601,22.0,13,1,0,3,2,2,625,0,8,14,2797.619047619048
20,17,2,46,54,3,0,449,761,23197.0,5,13,3,4,4,54,985,12,7,34,2791.7833800186745
4,7,0,44,0,0,0,429,66,3342.0,13,3,1,6,3,0,66,0,6,6,2788.6710239651416
7,8,0,44,0,2,0,432,296,4083.0,13,4,0,4,1,1,302,0,7,11,2788.4615384615386
20,18,12,48,184,9,18,467,388,23239.0,8,26,12,3,5,24,985,36,6,62,2786.88524590164
32,16,0,14,30,0,1,471,482,16637.0,6,10,1,5,4,9,560,0,5,71,2782.608695652174
18,17,2,52,24,1,1,352,335,3193.0,6,11,5,5,3,36,401,0,12,43,2777.777777777778
2,16,0,14,6,0,0,166,90,2745.0,10,0,2,6,0,1,96,0,2,7,2777.777777777778
34,17,4,58,277,2,13,439,162,20882.0,7,21,12,2,6,33,1033,104,9,24,2777.777777777778
24,15,6,54,66,3,1,457,722,5039.0,6,19,9,4,2,15,997,18,9,32,2776.3888888888887
26,10,1,21,91,0,4,297,410,29575.0,9,14,0,3,3,36,937,18,11,51,2770.833333333333
10,15,1,70,134,2,32,296,405,11327.0,10,3,3,2,1,7,931,18,11,70,2769.679300291545
7,8,0,44,0,2,0,432,296,4083.0,13,4,0,4,1,1,302,0,7,11,2758.751902587519
3,19,0,64,0,0,0,174,0,1551.0,10,0,0,10,0,0,0,0,1,1,2758.620689655173
16,17,4,52,18,1,1,352,263,3193.0,5,8,3,6,4,35,323,6,12,42,2755.555555555556
2,4,0,39,0,0,0,32,0,2626.0,11,0,2,11,0,0,0,0,19,0,2753.737214791503
10,15,1,70,134,2,32,296,405,11327.0,10,3,3,2,1,7,931,18,11,70,2752.9761904761904
5,3,0,71,0,0,0,32,0,2626.0,12,0,1,12,1,0,0,0,20,0,2750.0
20,11,0,52,414,14,42,456,186,16252.0,9,12,10,1,6,40,1027,218,10,46,2750.0
42,15,3,8,79,4,1,441,550,29434.0,6,20,5,3,5,49,1003,24,7,35,2750.0
17,10,1,26,313,4,49,311,216,5351.0,10,5,6,1,7,10,973,115,10,64,2750.0
3,19,0,27,0,0,0,174,0,1551.0,10,0,0,10,0,0,0,0,1,1,2748.4472049689443
9,16,10,10,206,13,34,482,175,7658.0,10,16,14,2,8,11,973,84,7,54,2747.909199522103
9,16,10,29,206,13,34,482,175,7658.0,10,16,14,2,8,11,973,84,7,54,2745.098039215686
17,20,1,29,12,0,0,718,84,6234.0,2,1,0,7,3,12,108,0,9,60,2739.72602739726
11,21,0,27,0,1,0,241,78,3259.0,6,1,1,7,0,1,78,0,4,12,2739.1304347826085
12,5,2,23,6,0,0,181,168,8223.0,12,1,2,5,2,0,174,0,5,9,2738.095238095238
3,19,0,75,0,0,0,174,0,1551.0,10,0,0,10,0,0,0,0,1,1,2737.2262773722628
9,16,10,11,206,13,34,482,175,7658.0,10,16,14,2,8,11,973,84,7,54,2734.375
4,7,0,44,0,0,0,429,66,3342.0,13,3,1,6,3,0,66,0,6,6,2731.4814814814813
3,19,0,27,0,0,0,174,0,1551.0,10,0,0,10,0,0,0,0,1,1,2727.2727272727275
39,16,5,8,181,3,0,439,446,20882.0,6,18,14,3,6,36,1033,24,8,23,2727.2727272727275
7,8,0,44,0,2,0,432,296,4083.0,13,4,0,4,1,1,302,0,7,11,2727.2727272727275
0,6,0,26,0,0,0,363,0,673.0,15,0,0,10,0,0,0,0,20,1,2727.2727272727275
21,11,0,52,432,13,47,456,186,16252.0,9,12,11,1,8,40,1027,208,10,46,2717.391304347826
12,5,2,44,6,0,0,181,168,8223.0,12,1,2,5,2,0,174,0,5,9,2715.9152634437805
31,18,2,58,290,1,15,439,168,20882.0,7,22,13,2,8,31,1033,106,9,26,2713.815789473684
0,7,0,73,0,0,0,367,0,1785.0,14,0,0,10,2,0,0,0,19,2,2713.043478260869
20,17,2,98,54,3,0,449,761,23197.0,5,13,3,4,4,54,985,12,7,34,2708.333333333333
4,7,0,107,0,0,0,429,66,3342.0,13,3,1,6,3,0,66,0,6,6,2706.5527065527067
2,10,0,19,0,0,0,190,6,118.0,12,0,3,10,1,0,6,0,0,1,2705.8823529411766
4,16,0,19,0,0,0,201,0,2310.0,5,0,0,10,2,0,0,0,6,2,2702.7027027027025
10,13,2,52,18,1,0,346,143,4621.0,5,3,6,6,2,20,185,0,12,55,2701.688555347092
0,9,0,15,0,0,0,191,6,977.0,11,0,0,9,0,0,6,0,0,1,2700.6507592190887
10,15,1,26,134,2,32,296,405,11327.0,10,3,3,2,1,7,931,18,11,70,2700.0
20,17,2,46,54,3,0,449,761,23197.0,5,13,3,4,4,54,985,12,7,34,2700.0
17,10,1,26,313,4,49,311,216,5351.0,10,5,6,1,7,10,973,115,10,64,2700.0
20,18,12,1,184,9,18,467,388,23239.0,8,26,12,3,5,24,985,36,6,62,2700.0
21,11,0,52,432,13,47,456,186,16252.0,9,12,11,1,8,40,1027,208,10,46,2697.1428571428573
9,16,10,48,206,13,34,482,175,7658.0,10,16,14,2,8,11,973,84,7,54,2690.909090909091
4,7,0,107,0,0,0,429,66,3342.0,13,3,1,6,3,0,66,0,6,6,2689.075630252101
39,16,5,8,181,3,0,439,446,20882.0,6,18,14,3,6,36,1033,24,8,23,2687.5
20,17,2,35,54,3,0,449,761,23197.0,5,13,3,4,4,54,985,12,7,34,2685.185185185185
2,6,0,26,0,0,0,400,18,3373.0,13,0,2,7,0,0,18,0,17,2,2683.982683982684
20,17,2,46,54,3,0,449,761,23197.0,5,13,3,4,4,54,985,12,7,34,2678.5714285714284
1,5,0,73,0,0,0,397,6,1716.0,13,1,0,9,2,1,6,0,18,2,2676.7676767676767
3,19,0,64,0,0,0,174,0,1551.0,10,0,0,10,0,0,0,0,1,1,2672.4137931034484
20,18,12,15,184,9,18,467,388,23239.0,8,26,12,3,5,24,985,36,6,62,2670.807453416149
20,18,12,91,184,9,18,467,388,23239.0,8,26,12,3,5,24,985,36,6,62,2666.6666666666665
21,8,5,56,261,18,25,481,132,28799.0,9,17,21,0,2,35,1021,356,9,49,2666.6666666666665
14,9,6,52,285,12,25,481,156,28799.0,9,16,20,0,2,26,1021,264,9,51,2666.6666666666665
20,18,12,29,184,9,18,467,388,23239.0,8,26,12,3,5,24,985,36,6,62,2666.6666666666665
27,25,1,41,36,3,0,446,539,16032.0,4,10,7,5,2,36,635,6,9,28,2666.6666666666665
4,16,0,14,6,0,0,163,42,2439.0,11,0,0,7,0,0,48,0,2,3,2666.6666666666665
20,18,12,15,184,9,18,467,388,23239.0,8,26,12,3,5,24,985,36,6,62,2663.043478260869
39,16,5,96,181,3,0,439,446,20882.0,6,18,14,3,6,36,1033,24,8,23,2662.907268170426
24,15,6,2,66,3,1,457,722,5039.0,6,19,9,4,2,15,997,18,9,32,2661.596958174905
0,7,0,70,0,0,0,367,0,1785.0,14,0,0,10,2,0,0,0,19,2,2659.5744680851067
3,8,0,52,0,0,0,399,36,2574.0,11,2,0,7,1,0,36,0,16,5,2659.3883406816435
20,17,2,98,54,3,0,449,761,23197.0,5,13,3,4,4,54,985,12,7,34,2656.25
39,16,5,8,181,3,0,439,446,20882.0,6,18,14,3,6,36,1033,24,8,23,2656.25
12,5,2,44,6,0,0,181,168,8223.0,12,1,2,5,2,0,174,0,5,9,2653.061224489796
20,17,2,35,54,3,0,449,761,23197.0,5,13,3,4,4,54,985,12,7,34,2650.0
27,22,10,105,132,6,17,464,482,18375.0,8,26,17,3,4,13,955,42,6,61,2647.058823529412
12,5,2,44,6,0,0,181,168,8223.0,12,1,2,5,2,0,174,0,5,9,2643.076923076923
24,9,8,78,62,5,2,343,690,8037.0,8,16,10,3,1,47,895,12,11,38,2633.333333333333
20,17,2,35,54,3,0,449,761,23197.0,5,13,3,4,4,54,985,12,7,34,2633.333333333333
12,5,2,44,6,0,0,181,168,8223.0,12,1,2,5,2,0,174,0,5,9,2632.6530612244896
6,9,1,107,0,0,1,177,480,11754.0,11,4,0,4,1,5,576,0,5,18,2627.1186440677966
27,25,1,98,36,3,0,446,539,16032.0,4,10,7,5,2,36,635,6,9,28,2625.0
20,17,2,41,54,3,0,449,761,23197.0,5,13,3,4,4,54,985,12,7,34,2625.0
6,9,1,44,0,0,1,177,480,11754.0,11,4,0,4,1,5,576,0,5,18,2623.456790123457
12,5,2,44,6,0,0,181,168,8223.0,12,1,2,5,2,0,174,0,5,9,2620.545073375262
16,19,3,85,30,4,5,477,606,24762.0,8,11,5,4,3,11,756,18,5,60,2619.04761904762
3,14,0,14,6,0,0,163,18,2439.0,12,0,0,7,0,0,24,0,2,2,2616.279069767442
2,6,0,70,0,0,0,396,12,2956.0,13,0,0,8,0,0,12,0,17,2,2615.248226950355
5,5,0,44,0,0,0,434,60,3829.0,13,2,0,6,2,0,66,0,5,6,2614.079339601009
12,5,2,44,6,0,0,181,168,8223.0,12,1,2,5,2,0,174,0,5,9,2614.079339601009
17,16,3,52,18,1,1,346,244,4621.0,5,7,3,6,3,32,304,6,12,43,2611.111111111112
14,9,6,52,285,12,25,481,156,28799.0,9,16,20,0,2,26,1021,264,9,51,2608.695652173913
3,15,0,14,0,0,0,168,18,26.0,11,0,0,8,0,0,24,0,1,2,2606.060606060606
13,11,0,15,12,0,1,176,336,9638.0,10,4,3,5,1,1,396,0,4,25,2601.6260162601625
24,9,8,78,62,5,2,343,690,8037.0,8,16,10,3,1,47,895,12,11,38,2600.0
12,5,2,23,6,0,0,181,168,8223.0,12,1,2,5,2,0,174,0,5,9,2600.0
21,11,0,52,432,13,47,456,186,16252.0,9,12,11,1,8,40,1027,208,10,46,2600.0
36,16,6,1,72,3,0,459,673,13220.0,6,12,10,4,5,22,973,18,10,32,2600.0
24,22,9,1,90,6,16,464,571,18375.0,9,21,12,3,5,10,925,30,5,59,2600.0
20,17,2,35,54,3,0,449,761,23197.0,5,13,3,4,4,54,985,12,7,34,2600.0
20,17,2,41,54,3,0,449,761,23197.0,5,13,3,4,4,54,985,12,7,34,2597.222222222222
24,9,8,78,62,5,2,343,690,8037.0,8,16,10,3,1,47,895,12,11,38,2595.4198473282445
4,16,0,27,0,0,0,201,0,2310.0,5,0,0,10,2,0,0,0,6,2,2593.167701863354
14,20,0,46,6,1,0,444,259,11748.0,4,7,5,6,2,15,313,6,8,66,2590.909090909091
20,18,2,52,24,1,1,350,287,4023.0,5,8,5,6,3,46,359,0,11,28,2590.6735751295337
0,14,0,14,0,0,0,168,12,26.0,11,0,4,8,0,0,18,0,1,2,2589.4213506421765
16,19,3,85,30,4,5,477,606,24762.0,8,11,5,4,3,11,756,18,5,60,2588.527645475254
16,19,3,85,30,4,5,477,606,24762.0,8,11,5,4,3,11,756,18,5,60,2585.0340136054424
12,5,2,44,6,0,0,181,168,8223.0,12,1,2,5,2,0,174,0,5,9,2583.333333333333
20,18,12,105,184,9,18,467,388,23239.0,8,26,12,3,5,24,985,36,6,62,2582.8669823504088
0,7,0,26,0,0,0,367,0,1785.0,14,0,0,10,2,0,0,0,19,2,2575.107296137339
14,9,6,59,285,12,25,481,156,28799.0,9,16,20,0,2,26,1021,264,9,51,2571.428571428572
9,16,10,5,206,13,34,482,175,7658.0,10,16,14,2,8,11,973,84,7,54,2571.428571428572
1,15,0,52,0,0,0,584,6,4427.0,7,1,0,10,1,0,6,0,16,1,2564.285714285714
6,9,1,44,0,0,1,177,480,11754.0,11,4,0,4,1,5,576,0,5,18,2558.139534883721
10,15,1,26,134,2,32,296,405,11327.0,10,3,3,2,1,7,931,18,11,70,2555.555555555556
16,19,3,85,30,4,5,477,606,24762.0,8,11,5,4,3,11,756,18,5,60,2554.3478260869565
3,19,0,19,0,0,0,174,0,1551.0,10,0,0,10,0,0,0,0,1,1,2554.3478260869565
9,24,0,19,0,1,0,241,66,3259.0,7,0,2,8,0,1,66,0,3,11,2554.3478260869565
12,5,2,44,6,0,0,181,168,8223.0,12,1,2,5,2,0,174,0,5,9,2551.3513513513512
20,11,0,52,414,14,42,456,186,16252.0,9,12,10,1,6,40,1027,218,10,46,2550.0
3,19,0,27,0,0,0,174,0,1551.0,10,0,0,10,0,0,0,0,1,1,2544.6428571428573
15,18,0,88,6,0,0,472,278,26248.0,6,3,3,6,1,5,314,0,5,66,2543.3526011560693
30,14,0,85,42,0,1,471,528,16637.0,7,11,1,5,6,11,606,0,5,68,2540.983606557377
9,16,10,1,206,13,34,482,175,7658.0,10,16,14,2,8,11,973,84,7,54,2530.379746835444
7,8,0,44,0,2,0,432,296,4083.0,13,4,0,4,1,1,302,0,7,11,2529.7619047619046
27,12,5,1,113,7,9,453,285,36545.0,8,15,13,2,7,30,1009,44,10,39,2528.735632183908
7,6,1,44,0,0,0,434,120,3829.0,13,2,2,6,2,0,126,0,6,8,2522.357257509745
7,5,1,44,0,0,0,434,114,3829.0,13,2,0,6,2,0,120,0,5,7,2522.357257509745
30,14,0,85,42,0,1,471,528,16637.0,7,11,1,5,6,11,606,0,5,68,2512.8205128205127
16,19,3,85,30,4,5,477,606,24762.0,8,11,5,4,3,11,756,18,5,60,2506.6666666666665
32,16,0,14,30,0,1,471,482,16637.0,6,10,1,5,4,9,560,0,5,71,2503.293807641633
10,15,1,70,134,2,32,296,405,11327.0,10,3,3,2,1,7,931,18,11,70,2500.0
20,22,2,55,72,3,5,468,652,22796.0,9,17,6,4,5,11,862,0,5,38,2500.0
39,16,5,2,181,3,0,439,446,20882.0,6,18,14,3,6,36,1033,24,8,23,2500.0
24,9,8,78,62,5,2,343,690,8037.0,8,16,10,3,1,47,895,12,11,38,2500.0
14,9,6,52,285,12,25,481,156,28799.0,9,16,20,0,2,26,1021,264,9,51,2500.0
12,5,2,44,6,0,0,181,168,8223.0,12,1,2,5,2,0,174,0,5,9,2500.0
7,7,1,44,0,0,0,429,120,3342.0,13,3,2,5,2,0,126,0,6,8,2500.0
22,20,1,46,12,2,0,448,305,18748.0,4,6,4,6,3,26,365,6,8,55,2500.0
20,17,2,35,54,3,0,449,761,23197.0,5,13,3,4,4,54,985,12,7,34,2500.0
17,10,1,26,313,4,49,311,216,5351.0,10,5,6,1,7,10,973,115,10,64,2500.0
13,10,2,100,18,0,0,341,537,4612.0,9,5,1,5,2,5,621,0,13,67,2500.0
3,19,0,27,0,0,0,174,0,1551.0,10,0,0,10,0,0,0,0,1,1,2500.0
20,17,2,35,54,3,0,449,761,23197.0,5,13,3,4,4,54,985,12,7,34,2500.0
20,17,2,35,54,3,0,449,761,23197.0,5,13,3,4,4,54,985,12,7,34,2500.0
20,17,2,35,54,3,0,449,761,23197.0,5,13,3,4,4,54,985,12,7,34,2500.0
20,17,2,46,54,3,0,449,761,23197.0,5,13,3,4,4,54,985,12,7,34,2500.0
4,7,1,36,0,0,0,399,42,2574.0,11,1,0,7,3,1,48,0,16,4,2500.0
9,16,10,101,206,13,34,482,175,7658.0,10,16,14,2,8,11,973,84,7,54,2500.0
21,11,0,52,432,13,47,456,186,16252.0,9,12,11,1,8,40,1027,208,10,46,2500.0
20,17,2,41,54,3,0,449,761,23197.0,5,13,3,4,4,54,985,12,7,34,2500.0
20,17,2,35,54,3,0,449,761,23197.0,5,13,3,4,4,54,985,12,7,34,2500.0
24,15,6,8,66,3,1,457,722,5039.0,6,19,9,4,2,15,997,18,9,32,2500.0
9,16,10,101,206,13,34,482,175,7658.0,10,16,14,2,8,11,973,84,7,54,2500.0
20,22,2,55,72,3,5,468,652,22796.0,9,17,6,4,5,11,862,0,5,38,2500.0
9,16,10,10,206,13,34,482,175,7658.0,10,16,14,2,8,11,973,84,7,54,2500.0
14,9,6,52,285,12,25,481,156,28799.0,9,16,20,0,2,26,1021,264,9,51,2500.0
24,15,6,8,66,3,1,457,722,5039.0,6,19,9,4,2,15,997,18,9,32,2500.0
14,16,2,52,18,1,0,346,235,4621.0,6,4,6,6,1,31,283,6,12,49,2500.0
9,16,10,99,206,13,34,482,175,7658.0,10,16,14,2,8,11,973,84,7,54,2500.0
24,15,6,2,66,3,1,457,722,5039.0,6,19,9,4,2,15,997,18,9,32,2500.0
20,17,2,38,54,3,0,449,761,23197.0,5,13,3,4,4,54,985,12,7,34,2500.0
24,15,6,8,66,3,1,457,722,5039.0,6,19,9,4,2,15,997,18,9,32,2500.0
20,18,12,105,184,9,18,467,388,23239.0,8,26,12,3,5,24,985,36,6,62,2500.0
9,16,10,92,206,13,34,482,175,7658.0,10,16,14,2,8,11,973,84,7,54,2500.0
10,15,1,26,134,2,32,296,405,11327.0,10,3,3,2,1,7,931,18,11,70,2500.0
39,16,5,95,181,3,0,439,446,20882.0,6,18,14,3,6,36,1033,24,8,23,2500.0
24,15,6,8,66,3,1,457,722,5039.0,6,19,9,4,2,15,997,18,9,32,2500.0
28,21,19,5,333,16,26,483,153,18149.0,9,24,23,2,9,14,985,84,7,62,2500.0
33,15,9,1,74,4,0,459,597,13220.0,7,6,5,3,7,23,961,18,11,36,2500.0
32,15,9,2,74,5,0,459,650,13220.0,7,9,10,4,6,22,949,18,11,35,2500.0
24,22,9,3,90,6,16,464,571,18375.0,9,21,12,3,5,10,925,30,5,59,2500.0
39,16,5,2,181,3,0,439,446,20882.0,6,18,14,3,6,36,1033,24,8,23,2488.68778280543
4,16,0,19,0,0,0,201,0,2310.0,5,0,0,10,2,0,0,0,6,2,2484.472049689441
12,5,2,68,6,0,0,181,168,8223.0,12,1,2,5,2,0,174,0,5,9,2480.0
25,13,12,1,93,3,4,343,531,8037.0,7,7,4,3,6,23,991,24,10,38,2474.6987951807228
16,19,3,85,30,4,5,477,606,24762.0,8,11,5,4,3,11,756,18,5,60,2473.684210526316
18,26,0,15,36,1,5,184,455,24682.0,8,10,0,5,5,8,557,0,4,33,2471.590909090909
3,6,0,94,0,0,0,639,0,5043.0,3,0,0,14,1,1,0,0,13,0,2470.8952380952383
9,16,10,10,206,13,34,482,175,7658.0,10,16,14,2,8,11,973,84,7,54,2470.5882352941176
9,16,10,91,206,13,34,482,175,7658.0,10,16,14,2,8,11,973,84,7,54,2464.788732394366
24,9,8,78,62,5,2,343,690,8037.0,8,16,10,3,1,47,895,12,11,38,2462.121212121212
4,7,0,44,0,0,0,429,66,3342.0,13,3,1,6,3,0,66,0,6,6,2459.8930481283423
6,9,1,44,0,0,1,177,480,11754.0,11,4,0,4,1,5,576,0,5,18,2454.5454545454545
26,15,1,35,12,1,0,731,217,3626.0,4,5,3,6,2,25,271,6,11,41,2453.0663329161453
3,19,0,19,0,0,0,174,0,1551.0,10,0,0,10,0,0,0,0,1,1,2450.592885375494
6,9,1,44,0,0,1,177,480,11754.0,11,4,0,4,1,5,576,0,5,18,2450.0
27,25,1,35,36,3,0,446,539,16032.0,4,10,7,5,2,36,635,6,9,28,2448.9795918367345
12,5,2,44,6,0,0,181,168,8223.0,12,1,2,5,2,0,174,0,5,9,2448.9795918367345
20,18,12,15,184,9,18,467,388,23239.0,8,26,12,3,5,24,985,36,6,62,2448.9795918367345
9,8,1,44,0,0,0,432,231,4083.0,12,3,3,5,2,1,243,0,6,11,2444.4444444444443
22,20,1,86,12,2,0,215,230,16670.0,4,2,3,6,3,7,260,0,7,74,2444.4444444444443
4,7,0,44,0,0,0,429,66,3342.0,13,3,1,6,3,0,66,0,6,6,2443.181818181818
20,18,12,39,184,9,18,467,388,23239.0,8,26,12,3,5,24,985,36,6,62,2440.4761904761904
3,19,0,27,0,0,0,174,0,1551.0,10,0,0,10,0,0,0,0,1,1,2439.0243902439024
4,16,0,19,0,0,0,201,0,2310.0,5,0,0,10,2,0,0,0,6,2,2437.888198757764
3,7,0,14,0,0,0,165,66,8431.0,11,0,1,7,0,0,72,0,3,5,2437.5
17,10,1,70,313,4,49,311,216,5351.0,10,5,6,1,7,10,973,115,10,64,2437.5
27,25,1,98,36,3,0,446,539,16032.0,4,10,7,5,2,36,635,6,9,28,2437.5
27,25,1,35,36,3,0,446,539,16032.0,4,10,7,5,2,36,635,6,9,28,2435.897435897436
1,5,0,73,0,0,0,396,6,2956.0,13,0,0,9,0,1,6,0,18,2,2433.862433862434
24,15,6,2,66,3,1,457,722,5039.0,6,19,9,4,2,15,997,18,9,32,2429.1497975708503
27,25,1,98,36,3,0,446,539,16032.0,4,10,7,5,2,36,635,6,9,28,2428.5714285714284
4,7,0,68,0,0,0,429,66,3342.0,13,3,1,6,3,0,66,0,6,6,2428.2560706401764
24,9,8,100,62,5,2,343,690,8037.0,8,16,10,3,1,47,895,12,11,38,2426.829268292683
21,11,0,52,432,13,47,456,186,16252.0,9,12,11,1,8,40,1027,208,10,46,2424.242424242424
6,9,1,44,0,0,1,177,480,11754.0,11,4,0,4,1,5,576,0,5,18,2421.0526315789475
30,20,6,54,370,5,30,442,102,23250.0,7,32,12,2,9,48,1021,90,7,32,2417.5824175824177
24,9,8,100,62,5,2,343,690,8037.0,8,16,10,3,1,47,895,12,11,38,2416.6666666666665
13,18,2,87,6,1,0,215,256,16670.0,4,1,3,6,1,7,286,0,6,73,2416.6666666666665
24,9,8,78,62,5,2,343,690,8037.0,8,16,10,3,1,47,895,12,11,38,2416.6666666666665
24,9,8,21,62,5,2,343,690,8037.0,8,16,10,3,1,47,895,12,11,38,2415.026833631485
4,7,0,44,0,0,0,429,66,3342.0,13,3,1,6,3,0,66,0,6,6,2411.7140396210166
24,15,6,2,66,3,1,457,722,5039.0,6,19,9,4,2,15,997,18,9,32,2408.111533586819
24,22,9,99,90,6,16,464,571,18375.0,9,21,12,3,5,10,925,30,5,59,2408.1115335868185
4,16,0,27,0,0,0,201,0,2310.0,5,0,0,10,2,0,0,0,6,2,2406.1032863849764
9,16,10,10,206,13,34,482,175,7658.0,10,16,14,2,8,11,973,84,7,54,2403.846153846154
0,7,0,70,0,0,0,367,0,1785.0,14,0,0,10,2,0,0,0,19,2,2400.0
2,10,0,35,0,0,0,580,0,1339.0,8,1,0,11,1,0,0,0,17,0,2400.0
9,4,0,41,0,0,0,704,18,1460.0,3,1,0,10,2,1,24,0,13,16,2400.0
10,15,1,26,134,2,32,296,405,11327.0,10,3,3,2,1,7,931,18,11,70,2400.0
4,16,0,27,0,0,0,201,0,2310.0,5,0,0,10,2,0,0,0,6,2,2397.9591836734694
16,9,2,59,310,14,18,481,150,28799.0,9,12,10,0,3,27,1021,239,9,51,2393.939393939394
21,12,0,52,419,15,48,456,186,16252.0,9,12,11,1,8,42,1027,211,10,44,2392.8571428571427
26,10,1,21,91,0,4,297,410,29575.0,9,14,0,3,3,36,937,18,11,51,2391.304347826087
9,6,1,22,0,2,0,430,186,3952.0,12,1,3,5,1,0,192,0,5,10,2389.1625615763546
20,17,2,41,54,3,0,449,761,23197.0,5,13,3,4,4,54,985,12,7,34,2380.9523809523807
9,16,10,4,206,13,34,482,175,7658.0,10,16,14,2,8,11,973,84,7,54,2380.9523809523807
12,13,0,23,18,1,0,415,719,808.0,12,1,2,3,4,5,827,0,7,21,2380.9523809523807
4,7,0,107,0,0,0,429,66,3342.0,13,3,1,6,3,0,66,0,6,6,2380.9523809523807
16,19,3,85,30,4,5,477,606,24762.0,8,11,5,4,3,11,756,18,5,60,2379.7619047619046
7,8,0,44,0,2,0,432,296,4083.0,13,4,0,4,1,1,302,0,7,11,2378.234398782344
4,7,0,107,0,0,0,429,66,3342.0,13,3,1,6,3,0,66,0,6,6,2375.296912114014
9,18,0,15,6,0,2,186,244,2806.0,9,2,4,5,0,3,286,0,3,20,2373.1847826086955
9,16,10,106,206,13,34,482,175,7658.0,10,16,14,2,8,11,973,84,7,54,2370.919881305638
24,9,8,21,62,5,2,343,690,8037.0,8,16,10,3,1,47,895,12,11,38,2369.077306733167
20,17,2,41,54,3,0,449,761,23197.0,5,13,3,4,4,54,985,12,7,34,2367.4242424242425
21,11,0,52,432,13,47,456,186,16252.0,9,12,11,1,8,40,1027,208,10,46,2363.6363636363635
7,5,1,44,0,0,0,434,102,3829.0,13,2,0,6,2,0,108,0,5,7,2354.7880690737834
10,15,1,26,134,2,32,296,405,11327.0,10,3,3,2,1,7,931,18,11,70,2352.9411764705883
39,16,5,2,181,3,0,439,446,20882.0,6,18,14,3,6,36,1033,24,8,23,2350.0
26,10,1,102,91,0,4,297,410,29575.0,9,14,0,3,3,36,937,18,11,51,2348.336594911937
19,19,12,99,144,6,11,465,491,27697.0,8,22,12,3,4,19,973,30,6,68,2346.635367762128
6,9,1,22,0,0,1,177,480,11754.0,11,4,0,4,1,5,576,0,5,18,2343.75
17,10,1,26,313,4,49,311,216,5351.0,10,5,6,1,7,10,973,115,10,64,2343.75
20,18,12,15,184,9,18,467,388,23239.0,8,26,12,3,5,24,985,36,6,62,2343.75
26,15,1,35,12,1,0,731,217,3626.0,4,5,3,6,2,25,271,6,11,41,2333.6216216216217
9,16,10,28,206,13,34,482,175,7658.0,10,16,14,2,8,11,973,84,7,54,2333.333333333333
9,16,10,12,206,13,34,482,175,7658.0,10,16,14,2,8,11,973,84,7,54,2333.333333333333
10,16,2,21,0,0,0,329,54,3341.0,10,2,3,7,0,1,54,0,15,8,2333.333333333333
13,10,1,38,12,0,0,346,116,4621.0,5,3,4,6,2,16,152,0,12,57,2333.333333333333
20,11,0,52,414,14,42,456,186,16252.0,9,12,10,1,6,40,1027,218,10,46,2333.333333333333
20,11,0,52,414,14,42,456,186,16252.0,9,12,10,1,6,40,1027,218,10,46,2328.43137254902
20,11,0,52,414,14,42,456,186,16252.0,9,12,10,1,6,40,1027,218,10,46,2327.935222672065
3,19,0,27,0,0,0,174,0,1551.0,10,0,0,10,0,0,0,0,1,1,2326.086956521739
6,9,1,44,0,0,1,177,480,11754.0,11,4,0,4,1,5,576,0,5,18,2325.5813953488373
10,15,1,0,134,2,32,296,405,11327.0,10,3,3,2,1,7,931,18,11,70,2323.232323232324
20,18,12,29,184,9,18,467,388,23239.0,8,26,12,3,5,24,985,36,6,62,2321.428571428572
20,17,2,35,54,3,0,449,761,23197.0,5,13,3,4,4,54,985,12,7,34,2312.5
3,19,0,27,0,0,0,174,0,1551.0,10,0,0,10,0,0,0,0,1,1,2312.447434819176
1,5,0,73,0,0,0,396,6,2956.0,13,0,0,8,0,1,6,0,18,2,2311.111111111112
6,9,1,44,0,0,1,177,480,11754.0,11,4,0,4,1,5,576,0,5,18,2307.692307692308
9,16,10,11,206,13,34,482,175,7658.0,10,16,14,2,8,11,973,84,7,54,2307.692307692308
4,7,0,44,0,0,0,429,66,3342.0,13,3,1,6,3,0,66,0,6,6,2306.648575305292
10,15,1,26,134,2,32,296,405,11327.0,10,3,3,2,1,7,931,18,11,70,2300.0
25,15,11,2,66,4,0,457,676,5039.0,6,18,13,4,2,19,1015,18,10,34,2300.0
20,17,2,35,54,3,0,449,761,23197.0,5,13,3,4,4,54,985,12,7,34,2300.0
21,8,5,26,261,18,25,481,132,28799.0,9,17,21,0,2,35,1021,356,9,49,2300.0
27,25,1,46,36,3,0,446,539,16032.0,4,10,7,5,2,36,635,6,9,28,2296.875
4,7,0,107,0,0,0,429,66,3342.0,13,3,1,6,3,0,66,0,6,6,2292.3976608187136
26,10,1,21,91,0,4,297,410,29575.0,9,14,0,3,3,36,937,18,11,51,2291.6666666666665
20,17,2,46,54,3,0,449,761,23197.0,5,13,3,4,4,54,985,12,7,34,2289.3772893772893
10,23,1,75,0,0,0,241,66,3259.0,7,0,2,8,1,1,66,0,4,10,2289.3772893772893
15,19,1,38,6,0,0,731,248,3626.0,4,7,2,6,2,28,308,0,11,38,2287.0333333333333
20,11,0,52,414,14,42,456,186,16252.0,9,12,10,1,6,40,1027,218,10,46,2284.574468085106
24,22,9,3,90,6,16,464,571,18375.0,9,21,12,3,5,10,925,30,5,59,2283.379401514241
5,8,1,44,0,2,0,177,385,11754.0,12,0,2,4,2,3,427,0,6,17,2281.6679779701026
9,24,0,27,0,1,0,241,66,3259.0,7,0,2,8,0,1,66,0,3,11,2279.041500260462
2,16,0,14,6,0,0,166,48,2745.0,11,0,1,7,0,1,54,0,2,2,2277.777777777778
32,16,0,14,30,0,1,471,482,16637.0,6,10,1,5,4,9,560,0,5,71,2277.777777777778
24,9,8,102,62,5,2,343,690,8037.0,8,16,10,3,1,47,895,12,11,38,2276.234567901234
9,16,10,10,206,13,34,482,175,7658.0,10,16,14,2,8,11,973,84,7,54,2275.600505689001
16,16,4,52,18,1,1,352,288,3193.0,6,8,1,5,3,40,354,6,12,38,2272.7272727272725
7,8,1,44,0,0,0,432,252,4083.0,13,3,2,5,2,1,258,0,6,11,2272.7272727272725
3,19,0,75,0,0,0,174,0,1551.0,10,0,0,10,0,0,0,0,1,1,2272.7272727272725
0,3,0,44,0,0,0,434,42,3829.0,13,2,0,6,0,0,48,0,5,4,2272.7272727272725
0,7,0,70,0,0,0,367,0,1785.0,14,0,0,10,2,0,0,0,19,2,2271.062271062271
4,7,0,22,0,0,0,429,66,3342.0,13,3,1,6,3,0,66,0,6,6,2267.4418604651164
20,17,2,35,54,3,0,449,761,23197.0,5,13,3,4,4,54,985,12,7,34,2266.6666666666665
14,9,6,52,285,12,25,481,156,28799.0,9,16,20,0,2,26,1021,264,9,51,2263.157894736842
4,7,0,107,0,0,0,429,66,3342.0,13,3,1,6,3,0,66,0,6,6,2258.8360350783946
0,20,0,83,0,0,0,104,0,557.0,10,0,0,13,0,0,0,0,5,0,2258.064516129032
16,19,3,85,30,4,5,477,606,24762.0,8,11,5,4,3,11,756,18,5,60,2257.18194254446
26,9,1,101,83,0,4,297,452,29575.0,9,14,0,3,3,35,931,18,11,53,2256.4102564102564
7,8,0,44,0,2,0,432,296,4083.0,13,4,0,4,1,1,302,0,7,11,2256.4102564102564
20,17,2,98,54,3,0,449,761,23197.0,5,13,3,4,4,54,985,12,7,34,2250.0
27,25,1,35,36,3,0,446,539,16032.0,4,10,7,5,2,36,635,6,9,28,2250.0
20,11,0,52,414,14,42,456,186,16252.0,9,12,10,1,6,40,1027,218,10,46,2244.318181818182
10,16,0,15,12,0,1,176,284,9638.0,10,3,4,5,1,2,338,0,3,24,2243.211334120425
26,10,1,100,91,0,4,297,410,29575.0,9,14,0,3,3,36,937,18,11,51,2242.990654205608
3,5,0,107,0,0,0,435,12,1099.0,14,1,0,6,2,1,12,0,7,1,2240.896358543417
21,11,0,109,432,13,47,456,186,16252.0,9,12,11,1,8,40,1027,208,10,46,2240.7568778787504
16,24,6,55,72,5,10,464,591,18375.0,8,19,13,3,5,12,931,36,5,60,2235.294117647059
4,7,0,107,0,0,0,433,36,102.0,14,2,1,6,3,0,36,0,6,4,2232.558139534884
20,17,2,98,54,3,0,449,761,23197.0,5,13,3,4,4,54,985,12,7,34,2232.1428571428573
26,10,1,100,91,0,4,297,410,29575.0,9,14,0,3,3,36,937,18,11,51,2231.7073170731705
9,17,2,52,0,1,0,348,143,2630.0,6,5,5,6,1,16,191,6,13,62,2229.2993630573246
4,7,0,44,0,0,0,429,66,3342.0,13,3,1,6,3,0,66,0,6,6,2227.722772277228
27,25,1,98,36,3,0,446,539,16032.0,4,10,7,5,2,36,635,6,9,28,2225.0
2,9,0,35,0,0,0,580,0,1339.0,8,1,0,11,1,0,0,0,17,0,2224.299065420561
4,7,0,107,0,0,0,429,66,3342.0,13,3,1,6,3,0,66,0,6,6,2222.222222222222
0,7,0,73,0,0,0,367,0,1785.0,14,0,0,10,2,0,0,0,19,2,2222.222222222222
24,22,9,55,90,6,16,464,571,18375.0,9,21,12,3,5,10,925,30,5,59,2222.222222222222
10,15,1,26,134,2,32,296,405,11327.0,10,3,3,2,1,7,931,18,11,70,2222.222222222222
6,9,1,44,0,0,1,177,480,11754.0,11,4,0,4,1,5,576,0,5,18,2218.9262732549314
4,7,0,44,0,0,0,429,66,3342.0,13,3,1,6,3,0,66,0,6,6,2218.487394957984
12,5,2,22,6,0,0,181,168,8223.0,12,1,2,5,2,0,174,0,5,9,2215.909090909091
26,10,1,21,91,0,4,297,410,29575.0,9,14,0,3,3,36,937,18,11,51,2212.7659574468084
10,15,1,70,134,2,32,296,405,11327.0,10,3,3,2,1,7,931,18,11,70,2212.389380530973
24,9,8,78,62,5,2,343,690,8037.0,8,16,10,3,1,47,895,12,11,38,2211.538461538461
22,13,7,52,412,27,62,481,120,28799.0,9,24,13,0,6,30,1015,267,8,48,2210.8843537414964
14,9,6,52,285,12,25,481,156,28799.0,9,16,20,0,2,26,1021,264,9,51,2210.8843537414964
0,7,0,73,0,0,0,367,0,1785.0,14,0,0,10,2,0,0,0,19,2,2210.8843537414964
24,9,8,100,62,5,2,343,690,8037.0,8,16,10,3,1,47,895,12,11,38,2210.5263157894738
6,9,1,44,0,0,1,177,480,11754.0,11,4,0,4,1,5,576,0,5,18,2207.792207792208
30,14,0,85,42,0,1,471,528,16637.0,7,11,1,5,6,11,606,0,5,68,2207.792207792208
39,16,5,2,181,3,0,439,446,20882.0,6,18,14,3,6,36,1033,24,8,23,2200.0
4,7,0,44,0,0,0,429,66,3342.0,13,3,1,6,3,0,66,0,6,6,2200.0
6,9,1,44,0,0,1,177,480,11754.0,11,4,0,4,1,5,576,0,5,18,2200.0
12,5,2,44,6,0,0,181,168,8223.0,12,1,2,5,2,0,174,0,5,9,2200.0
4,7,1,78,0,0,0,399,42,2574.0,11,1,0,7,3,1,48,0,16,4,2200.0
30,14,0,85,42,0,1,471,528,16637.0,7,11,1,5,6,11,606,0,5,68,2200.0
25,27,1,98,42,0,0,735,283,10597.0,4,7,3,6,3,36,355,0,9,30,2197.802197802198
3,12,0,31,0,0,0,671,0,2493.0,5,0,0,13,1,0,0,0,10,0,2195.9042684431283
9,8,1,44,0,0,0,432,219,4083.0,12,3,4,5,2,1,231,0,6,11,2195.121951219512
12,5,2,68,6,0,0,181,168,8223.0,12,1,2,5,2,0,174,0,5,9,2191.780821917808
24,9,8,21,62,5,2,343,690,8037.0,8,16,10,3,1,47,895,12,11,38,2190.4761904761904
20,11,0,52,414,14,42,456,186,16252.0,9,12,10,1,6,40,1027,218,10,46,2188.4692574347746
4,13,2,52,12,1,0,346,150,4621.0,5,3,6,6,2,24,192,6,12,53,2187.5
14,9,6,52,285,12,25,481,156,28799.0,9,16,20,0,2,26,1021,264,9,51,2182.5396825396824
12,5,2,22,6,0,0,181,168,8223.0,12,1,2,5,2,0,174,0,5,9,2182.397332754809
21,14,2,52,24,0,0,346,131,4621.0,5,2,2,6,2,27,173,0,12,47,2180.851063829787
24,9,8,102,62,5,2,343,690,8037.0,8,16,10,3,1,47,895,12,11,38,2178.921568627451
4,7,0,107,0,0,0,429,66,3342.0,13,3,1,6,3,0,66,0,6,6,2178.5714285714284
3,7,0,14,0,0,0,165,66,8431.0,12,0,1,7,0,0,72,0,3,5,2173.913043478261
16,12,0,52,18,0,0,346,128,4621.0,5,3,3,6,2,19,164,0,12,55,2173.913043478261
3,19,0,27,0,0,0,174,0,1551.0,10,0,0,10,0,0,0,0,1,1,2173.913043478261
16,19,3,85,30,4,5,477,606,24762.0,8,11,5,4,3,11,756,18,5,60,2172.760996290408
46,15,2,8,190,3,1,436,450,26838.0,6,20,3,3,9,31,1021,12,7,31,2171.428571428572
3,19,0,19,0,0,0,174,0,1551.0,10,0,0,10,0,0,0,0,1,1,2171.428571428572
28,11,6,99,78,3,5,441,532,29434.0,6,17,4,3,7,46,985,18,7,44,2168.6746987951806
7,10,1,36,12,0,0,359,174,5598.0,11,3,0,5,1,0,192,0,14,13,2166.6666666666665
6,9,1,44,0,0,1,177,480,11754.0,11,4,0,4,1,5,576,0,5,18,2161.4227086183314
12,5,2,44,6,0,0,181,168,8223.0,12,1,2,5,2,0,174,0,5,9,2160.0
9,4,1,44,0,2,0,430,267,3952.0,12,0,1,5,3,2,285,0,5,14,2158.0
0,6,0,73,0,0,0,373,6,107.0,13,1,0,9,0,1,6,0,18,2,2153.846153846154
20,17,2,41,54,3,0,449,761,23197.0,5,13,3,4,4,54,985,12,7,34,2152.777777777778
20,11,0,52,414,14,42,456,186,16252.0,9,12,10,1,6,40,1027,218,10,46,2151.300236406619
12,5,2,44,6,0,0,181,168,8223.0,12,1,2,5,2,0,174,0,5,9,2150.0
27,25,1,35,36,3,0,446,539,16032.0,4,10,7,5,2,36,635,6,9,28,2150.0
21,11,0,53,432,13,47,456,186,16252.0,9,12,11,1,8,40,1027,208,10,46,2146.2639109697934
24,9,8,21,62,5,2,343,690,8037.0,8,16,10,3,1,47,895,12,11,38,2146.0072452354702
3,19,0,27,0,0,0,174,0,1551.0,10,0,0,10,0,0,0,0,1,1,2142.8571428571427
24,9,8,21,62,5,2,343,690,8037.0,8,16,10,3,1,47,895,12,11,38,2135.9223300970875
11,15,2,52,18,1,0,346,215,4621.0,5,4,4,6,2,29,263,6,12,47,2133.333333333333
12,5,2,44,6,0,0,181,168,8223.0,12,1,2,5,2,0,174,0,5,9,2131.5192743764173
12,4,2,44,6,0,0,181,150,8223.0,12,1,2,5,2,0,156,0,5,9,2130.325814536341
4,7,0,44,0,0,0,429,66,3342.0,13,3,1,6,3,0,66,0,6,6,2130.325814536341
7,7,0,44,0,2,0,430,156,3952.0,13,3,3,5,2,0,162,0,6,10,2130.325814536341
33,23,10,3,250,11,21,467,232,23239.0,8,30,17,2,8,15,985,66,6,64,2129.508909169926
39,16,5,97,181,3,0,439,446,20882.0,6,18,14,3,6,36,1033,24,8,23,2127.9829761361907
20,17,2,35,54,3,0,449,761,23197.0,5,13,3,4,4,54,985,12,7,34,2127.5007464914897
1,24,0,19,0,0,0,171,12,2496.0,8,1,0,9,1,1,12,0,2,1,2126.6666666666665
9,16,10,11,206,13,34,482,175,7658.0,10,16,14,2,8,11,973,84,7,54,2125.984251968504
0,7,0,70,0,0,0,367,0,1785.0,14,0,0,10,2,0,0,0,19,2,2125.0
14,10,2,52,12,0,0,346,116,4621.0,5,3,4,6,2,16,152,0,12,57,2125.0
20,17,2,35,54,3,0,449,761,23197.0,5,13,3,4,4,54,985,12,7,34,2123.356926188069
12,5,2,44,6,0,0,181,168,8223.0,12,1,2,5,2,0,174,0,5,9,2121.212121212121
9,16,10,14,206,13,34,482,175,7658.0,10,16,14,2,8,11,973,84,7,54,2121.212121212121
4,7,0,44,0,0,0,429,66,3342.0,13,3,1,6,3,0,66,0,6,6,2121.212121212121
20,11,0,52,414,14,42,456,186,16252.0,9,12,10,1,6,40,1027,218,10,46,2117.6470588235293
0,7,0,70,0,0,0,367,0,1785.0,14,0,0,10,2,0,0,0,19,2,2116.4021164021165
26,10,1,21,91,0,4,297,410,29575.0,9,14,0,3,3,36,937,18,11,51,2115.158636897768
20,17,2,98,54,3,0,449,761,23197.0,5,13,3,4,4,54,985,12,7,34,2112.5
20,17,2,35,54,3,0,449,761,23197.0,5,13,3,4,4,54,985,12,7,34,2109.803921568628
24,9,8,78,62,5,2,343,690,8037.0,8,16,10,3,1,47,895,12,11,38,2109.375
17,10,1,73,313,4,49,311,216,5351.0,10,5,6,1,7,10,973,115,10,64,2108.262108262108
9,16,10,6,206,13,34,482,175,7658.0,10,16,14,2,8,11,973,84,7,54,2105.263157894737
4,7,0,44,0,0,0,429,66,3342.0,13,3,1,6,3,0,66,0,6,6,2105.2631578947367
8,22,1,75,0,1,0,246,12,3219.0,7,0,1,9,1,1,12,0,3,5,2102.2727272727275
10,15,1,26,134,2,32,296,405,11327.0,10,3,3,2,1,7,931,18,11,70,2100.840336134454
4,7,0,107,0,0,0,429,66,3342.0,13,3,1,6,3,0,66,0,6,6,2100.840336134453
12,5,2,44,6,0,0,181,168,8223.0,12,1,2,5,2,0,174,0,5,9,2100.840336134453
9,8,1,68,0,0,0,430,231,3952.0,12,3,4,5,2,1,243,0,6,11,2100.0
6,9,1,44,0,0,1,177,480,11754.0,11,4,0,4,1,5,576,0,5,18,2100.0
21,11,0,52,432,13,47,456,186,16252.0,9,12,11,1,8,40,1027,208,10,46,2100.0
20,17,2,41,54,3,0,449,761,23197.0,5,13,3,4,4,54,985,12,7,34,2098.404255319149
0,7,0,70,0,0,0,367,0,1785.0,14,0,0,10,2,0,0,0,19,2,2097.777777777778
19,14,2,52,24,0,0,346,150,4621.0,5,3,2,6,2,27,192,0,12,47,2095.2380952380954
12,5,2,44,6,0,0,181,168,8223.0,12,1,2,5,2,0,174,0,5,9,2094.972067039106
24,9,8,102,62,5,2,343,690,8037.0,8,16,10,3,1,47,895,12,11,38,2093.75
20,11,0,52,414,14,42,456,186,16252.0,9,12,10,1,6,40,1027,218,10,46,2090.4761904761904
20,17,2,41,54,3,0,449,761,23197.0,5,13,3,4,4,54,985,12,7,34,2089.895470383275
10,15,1,70,134,2,32,296,405,11327.0,10,3,3,2,1,7,931,18,11,70,2089.5522388059703
0,20,0,83,0,0,0,104,0,557.0,10,0,0,13,0,0,0,0,5,0,2083.333333333333
16,19,3,85,30,4,5,477,606,24762.0,8,11,5,4,3,11,756,18,5,60,2074.79674796748
4,7,0,107,0,0,0,429,66,3342.0,13,3,1,6,3,0,66,0,6,6,2072.829131652661
24,15,6,2,66,3,1,457,722,5039.0,6,19,9,4,2,15,997,18,9,32,2067.901234567901
24,9,8,100,62,5,2,343,690,8037.0,8,16,10,3,1,47,895,12,11,38,2066.326530612245
8,10,1,22,0,0,0,417,448,3794.0,12,3,3,4,2,4,496,0,6,16,2066.115702479339
6,9,1,44,0,0,1,177,480,11754.0,11,4,0,4,1,5,576,0,5,18,2066.115702479339
20,17,2,46,54,3,0,449,761,23197.0,5,13,3,4,4,54,985,12,7,34,2062.5
20,17,2,46,54,3,0,449,761,23197.0,5,13,3,4,4,54,985,12,7,34,2059.202059202059
6,9,1,44,0,0,1,177,480,11754.0,11,4,0,4,1,5,576,0,5,18,2058.823529411765
20,17,2,98,54,3,0,449,761,23197.0,5,13,3,4,4,54,985,12,7,34,2058.288770053476
4,7,0,44,0,0,0,429,66,3342.0,13,3,1,6,3,0,66,0,6,6,2057.2916666666665
12,5,2,44,6,0,0,181,168,8223.0,12,1,2,5,2,0,174,0,5,9,2056.4323290291727
10,15,1,70,134,2,32,296,405,11327.0,10,3,3,2,1,7,931,18,11,70,2056.277056277056
3,19,0,27,0,0,0,174,0,1551.0,10,0,0,10,0,0,0,0,1,1,2055.921052631579
10,15,1,70,134,2,32,296,405,11327.0,10,3,3,2,1,7,931,18,11,70,2052.6315789473683
20,17,2,98,54,3,0,449,761,23197.0,5,13,3,4,4,54,985,12,7,34,2050.2645502645505
9,24,0,19,0,1,0,241,66,3259.0,7,0,2,8,0,1,66,0,3,11,2050.0
9,24,0,19,0,1,0,241,66,3259.0,7,0,2,8,0,1,66,0,3,11,2048.5175202156333
20,18,12,1,184,9,18,467,388,23239.0,8,26,12,3,5,24,985,36,6,62,2045.9770114942528
9,24,0,19,0,1,0,241,66,3259.0,7,0,2,8,0,1,66,0,3,11,2045.4545454545453
3,19,0,64,0,0,0,174,0,1551.0,10,0,0,10,0,0,0,0,1,1,2045.4545454545453
6,9,1,44,0,0,1,177,480,11754.0,11,4,0,4,1,5,576,0,5,18,2045.1127819548872
17,10,1,26,313,4,49,311,216,5351.0,10,5,6,1,7,10,973,115,10,64,2044.4444444444443
17,10,1,70,313,4,49,311,216,5351.0,10,5,6,1,7,10,973,115,10,64,2044.4444444444443
0,5,0,73,0,0,0,396,6,2956.0,13,0,1,9,2,1,6,0,18,2,2044.4444444444443
30,14,0,87,42,0,1,471,528,16637.0,7,11,1,5,6,11,606,0,5,68,2043.4782608695648
9,16,10,29,206,13,34,482,175,7658.0,10,16,14,2,8,11,973,84,7,54,2040.8163265306123
4,7,0,44,0,0,0,429,66,3342.0,13,3,1,6,3,0,66,0,6,6,2040.8163265306123
0,7,0,70,0,0,0,367,0,1785.0,14,0,0,10,2,0,0,0,19,2,2040.8163265306123
12,8,0,15,6,0,0,175,288,8422.0,11,5,1,5,0,2,324,0,4,18,2040.8163265306123
20,11,0,52,414,14,42,456,186,16252.0,9,12,10,1,6,40,1027,218,10,46,2038.888888888889
7,8,0,44,0,2,0,432,296,4083.0,13,4,0,4,1,1,302,0,7,11,2038.4615384615383
12,16,2,52,0,1,0,348,160,2630.0,7,4,6,6,1,15,208,6,13,64,2038.216560509554
24,9,8,21,62,5,2,343,690,8037.0,8,16,10,3,1,47,895,12,11,38,2038.216560509554
9,24,0,19,0,1,0,241,66,3259.0,7,0,2,8,0,1,66,0,3,11,2038.0434782608693
6,9,1,44,0,0,1,177,480,11754.0,11,4,0,4,1,5,576,0,5,18,2034.5305038288727
12,5,2,44,6,0,0,181,168,8223.0,12,1,2,5,2,0,174,0,5,9,2034.2857142857144
21,11,0,52,432,13,47,456,186,16252.0,9,12,11,1,8,40,1027,208,10,46,2031.746031746032
24,9,8,78,62,5,2,343,690,8037.0,8,16,10,3,1,47,895,12,11,38,2031.25
0,7,0,70,0,0,0,367,0,1785.0,14,0,0,10,2,0,0,0,19,2,2021.276595744681
4,7,0,44,0,0,0,429,66,3342.0,13,3,1,6,3,0,66,0,6,6,2018.633540372671
9,16,10,108,206,13,34,482,175,7658.0,10,16,14,2,8,11,973,84,7,54,2017.506752139533
36,17,12,2,54,8,0,344,733,4251.0,6,13,12,4,4,25,907,6,11,38,2011.661807580175
0,3,0,44,0,0,0,195,36,665.0,13,2,1,6,0,0,42,0,5,3,2007.692307692308
12,5,2,44,6,0,0,181,168,8223.0,12,1,2,5,2,0,174,0,5,9,2002.2093344380005
17,10,1,26,313,4,49,311,216,5351.0,10,5,6,1,7,10,973,115,10,64,2000.0
20,13,5,11,60,5,1,465,676,27697.0,8,16,7,4,6,12,913,12,5,64,2000.0
26,10,1,21,91,0,4,297,410,29575.0,9,14,0,3,3,36,937,18,11,51,2000.0
21,11,0,52,432,13,47,456,186,16252.0,9,12,11,1,8,40,1027,208,10,46,2000.0
7,10,0,41,0,1,0,706,24,524.0,4,1,0,9,0,1,24,0,14,18,2000.0
24,9,8,21,62,5,2,343,690,8037.0,8,16,10,3,1,47,895,12,11,38,2000.0
27,25,1,98,36,3,0,446,539,16032.0,4,10,7,5,2,36,635,6,9,28,2000.0
20,11,0,52,414,14,42,456,186,16252.0,9,12,10,1,6,40,1027,218,10,46,2000.0
20,17,2,41,54,3,0,449,761,23197.0,5,13,3,4,4,54,985,12,7,34,2000.0
40,17,4,95,165,0,0,437,500,29015.0,6,16,6,3,8,30,1027,18,8,27,2000.0
26,10,1,102,91,0,4,297,410,29575.0,9,14,0,3,3,36,937,18,11,51,2000.0
20,11,0,52,414,14,42,456,186,16252.0,9,12,10,1,6,40,1027,218,10,46,2000.0
25,22,10,10,102,6,17,464,584,18375.0,9,21,13,3,5,9,937,30,6,59,2000.0
32,16,0,14,30,0,1,471,482,16637.0,6,10,1,5,4,9,560,0,5,71,1999.0
0,14,0,14,0,0,0,168,12,26.0,11,0,1,8,0,0,18,0,1,2,1998.001998001998
20,17,2,35,54,3,0,449,761,23197.0,5,13,3,4,4,54,985,12,7,34,1996.875
39,16,5,8,181,3,0,439,446,20882.0,6,18,14,3,6,36,1033,24,8,23,1995.305164319249
17,10,1,26,313,4,49,311,216,5351.0,10,5,6,1,7,10,973,115,10,64,1994.047619047619
20,17,2,35,54,3,0,449,761,23197.0,5,13,3,4,4,54,985,12,7,34,1992.2630560928435
20,17,2,35,54,3,0,449,761,23197.0,5,13,3,4,4,54,985,12,7,34,1991.304347826087
26,15,1,35,12,1,0,731,217,3626.0,4,5,3,6,2,25,271,6,11,41,1991.2045454545453
20,17,2,46,54,3,0,449,761,23197.0,5,13,3,4,4,54,985,12,7,34,1990.4761904761904
10,15,1,70,134,2,32,296,405,11327.0,10,3,3,2,1,7,931,18,11,70,1989.795918367347
4,7,0,44,0,0,0,429,66,3342.0,13,3,1,6,3,0,66,0,6,6,1988.636363636364
4,7,0,44,0,0,0,429,66,3342.0,13,3,1,6,3,0,66,0,6,6,1988.636363636364
9,16,10,29,206,13,34,482,175,7658.0,10,16,14,2,8,11,973,84,7,54,1984.126984126984
0,4,0,82,0,0,0,489,0,735.0,5,0,0,15,0,0,0,0,16,0,1984.126984126984
4,7,0,44,0,0,0,429,66,3342.0,13,3,1,6,3,0,66,0,6,6,1983.4710743801647
19,11,15,1,96,5,3,451,547,7618.0,7,8,5,3,6,23,997,18,10,37,1982.5072886297376
12,5,2,44,6,0,0,181,168,8223.0,12,1,2,5,2,0,174,0,5,9,1979.9498746867168
12,5,2,44,6,0,0,181,168,8223.0,12,1,2,5,2,0,174,0,5,9,1978.609625668449
3,19,0,27,0,0,0,174,0,1551.0,10,0,0,10,0,0,0,0,1,1,1977.7777777777776
3,19,0,75,0,0,0,174,0,1551.0,10,0,0,10,0,0,0,0,1,1,1976.744186046512
1,5,0,70,0,0,0,396,6,2956.0,13,0,0,9,0,1,6,0,18,2,1975.3086419753083
2,6,0,70,0,0,0,400,12,3373.0,13,0,2,7,0,0,12,0,17,2,1975.3086419753083
18,19,5,86,42,5,5,477,675,24762.0,8,14,7,4,5,11,831,18,5,62,1974.7899159663864
8,14,0,17,0,0,0,702,6,2554.0,1,0,0,11,1,0,6,0,12,8,1973.684210526316
26,15,1,35,12,1,0,731,217,3626.0,4,5,3,6,2,25,271,6,11,41,1973.391590678825
9,16,10,28,206,13,34,482,175,7658.0,10,16,14,2,8,11,973,84,7,54,1968.75
14,9,6,52,285,12,25,481,156,28799.0,9,16,20,0,2,26,1021,264,9,51,1968.253968253968
6,9,1,68,0,0,1,177,480,11754.0,11,4,0,4,1,5,576,0,5,18,1964.9122807017543
24,9,8,78,62,5,2,343,690,8037.0,8,16,10,3,1,47,895,12,11,38,1964.2857142857144
24,9,8,21,62,5,2,343,690,8037.0,8,16,10,3,1,47,895,12,11,38,1964.2857142857144
9,16,10,101,206,13,34,482,175,7658.0,10,16,14,2,8,11,973,84,7,54,1964.2857142857144
4,16,0,75,0,0,0,201,0,2310.0,5,0,0,10,2,0,0,0,6,2,1962.0958751393528
27,25,1,41,36,3,0,446,539,16032.0,4,10,7,5,2,36,635,6,9,28,1960.7843137254904
4,7,0,107,0,0,0,429,66,3342.0,13,3,1,6,3,0,66,0,6,6,1960.78431372549
7,8,1,44,0,0,0,430,327,3952.0,12,3,5,5,2,1,339,0,6,14,1960.2272727272727
7,3,1,44,0,0,0,434,120,3829.0,13,2,0,6,2,0,126,0,5,8,1960.2272727272727
4,7,1,44,0,2,0,429,138,3342.0,13,3,5,5,2,0,144,0,6,9,1960.2272727272727
1,5,0,70,0,0,0,302,30,2575.0,12,0,0,7,2,2,36,0,16,2,1958.585858585859
4,7,1,44,0,2,0,429,156,3342.0,13,3,6,5,2,0,156,0,6,9,1956.5217391304348
3,19,0,27,0,0,0,174,0,1551.0,10,0,0,10,0,0,0,0,1,1,1956.5217391304348
0,7,0,73,0,0,0,367,0,1785.0,14,0,0,10,2,0,0,0,19,2,1955.555555555556
4,3,0,68,0,0,0,423,6,3164.0,15,1,0,6,1,0,6,0,8,1,1950.0
30,14,0,85,42,0,1,471,528,16637.0,7,11,1,5,6,11,606,0,5,68,1949.8910675381264
17,21,0,35,6,0,0,476,322,20104.0,6,3,1,6,2,6,352,0,5,61,1949.8181818181813
10,15,1,70,134,2,32,296,405,11327.0,10,3,3,2,1,7,931,18,11,70,1944.4444444444443
16,19,3,85,30,4,5,477,606,24762.0,8,11,5,4,3,11,756,18,5,60,1944.4444444444443
24,9,8,78,62,5,2,343,690,8037.0,8,16,10,3,1,47,895,12,11,38,1940.2985074626863
27,25,1,46,36,3,0,446,539,16032.0,4,10,7,5,2,36,635,6,9,28,1939.655172413793
2,7,0,70,0,0,0,400,12,3373.0,13,0,2,8,0,0,12,0,17,2,1938.7755102040817
4,16,0,27,0,0,0,201,0,2310.0,5,0,0,10,2,0,0,0,6,2,1937.5
20,11,0,52,414,14,42,456,186,16252.0,9,12,10,1,6,40,1027,218,10,46,1937.3219373219367
10,15,1,26,134,2,32,296,405,11327.0,10,3,3,2,1,7,931,18,11,70,1935.1851851851848
27,25,1,35,36,3,0,446,539,16032.0,4,10,7,5,2,36,635,6,9,28,1934.2359767891685
4,16,0,27,0,0,0,201,0,2310.0,5,0,0,10,2,0,0,0,6,2,1928.9473684210527
21,11,0,52,432,13,47,456,186,16252.0,9,12,11,1,8,40,1027,208,10,46,1928.571428571429
4,7,0,22,0,0,0,429,66,3342.0,13,3,1,6,3,0,66,0,6,6,1923.076923076923
24,9,8,78,62,5,2,343,690,8037.0,8,16,10,3,1,47,895,12,11,38,1920.0
16,19,3,85,30,4,5,477,606,24762.0,8,11,5,4,3,11,756,18,5,60,1918.1818181818185
10,15,1,70,134,2,32,296,405,11327.0,10,3,3,2,1,7,931,18,11,70,1918.158567774936
12,5,2,44,6,0,0,181,168,8223.0,12,1,2,5,2,0,174,0,5,9,1917.989417989418
20,17,2,41,54,3,0,449,761,23197.0,5,13,3,4,4,54,985,12,7,34,1917.6136363636365
0,7,0,73,0,0,0,367,0,1785.0,14,0,0,10,2,0,0,0,19,2,1915.584415584416
16,19,3,85,30,4,5,477,606,24762.0,8,11,5,4,3,11,756,18,5,60,1914.5299145299143
34,11,3,101,113,3,7,453,312,36545.0,8,16,5,2,5,50,985,30,11,40,1913.58024691358
0,7,0,70,0,0,0,367,0,1785.0,14,0,0,10,2,0,0,0,19,2,1913.2653061224487
14,9,6,52,285,12,25,481,156,28799.0,9,16,20,0,2,26,1021,264,9,51,1913.0434782608693
12,16,2,52,18,1,0,348,266,2630.0,6,5,11,5,1,18,326,0,12,64,1910.8280254777071
20,11,0,52,414,14,42,456,186,16252.0,9,12,10,1,6,40,1027,218,10,46,1906.25
6,9,1,44,0,0,1,177,480,11754.0,11,4,0,4,1,5,576,0,5,18,1904.7619047619048
9,24,0,27,0,1,0,241,66,3259.0,7,0,2,8,0,1,66,0,3,11,1904.7619047619048
4,7,0,44,0,0,0,429,66,3342.0,13,3,1,6,3,0,66,0,6,6,1904.7619047619048
20,18,12,10,184,9,18,467,388,23239.0,8,26,12,3,5,24,985,36,6,62,1904.7619047619048
24,9,8,78,62,5,2,343,690,8037.0,8,16,10,3,1,47,895,12,11,38,1904.7619047619048
24,22,9,11,90,6,16,464,571,18375.0,9,21,12,3,5,10,925,30,5,59,1904.255319148936
12,5,2,44,6,0,0,181,168,8223.0,12,1,2,5,2,0,174,0,5,9,1904.126984126984
6,9,1,44,0,0,1,177,480,11754.0,11,4,0,4,1,5,576,0,5,18,1901.4084507042253
5,3,1,14,6,0,0,434,96,3829.0,13,2,0,6,1,0,102,0,5,7,1900.0
9,16,10,11,206,13,34,482,175,7658.0,10,16,14,2,8,11,973,84,7,54,1900.0
4,7,0,107,0,0,0,429,66,3342.0,13,3,1,6,3,0,66,0,6,6,1900.0
20,11,0,52,414,14,42,456,186,16252.0,9,12,10,1,6,40,1027,218,10,46,1900.0
1,9,0,28,0,0,0,578,0,1775.0,5,0,0,14,1,0,0,0,17,0,1899.827288428325
20,18,12,11,184,9,18,467,388,23239.0,8,26,12,3,5,24,985,36,6,62,1899.171270718232
4,7,1,78,0,0,0,399,42,2574.0,11,1,0,7,3,1,48,0,16,4,1899.0775908844275
3,19,0,27,0,0,0,174,0,1551.0,10,0,0,10,0,0,0,0,1,1,1893.939393939394
12,5,2,44,6,0,0,181,168,8223.0,12,1,2,5,2,0,174,0,5,9,1893.8307030129129
7,25,0,27,0,1,0,246,18,3219.0,7,0,1,8,1,1,18,0,3,5,1890.2439024390244
4,7,0,44,0,0,0,429,66,3342.0,13,3,1,6,3,0,66,0,6,6,1890.087313816128
0,7,0,70,0,0,0,367,0,1785.0,14,0,0,10,2,0,0,0,19,2,1889.0200708382529
9,16,10,11,206,13,34,482,175,7658.0,10,16,14,2,8,11,973,84,7,54,1888.888888888889
9,16,10,11,206,13,34,482,175,7658.0,10,16,14,2,8,11,973,84,7,54,1888.888888888889
20,11,0,52,414,14,42,456,186,16252.0,9,12,10,1,6,40,1027,218,10,46,1888.372093023256
4,7,0,44,0,0,0,429,66,3342.0,13,3,1,6,3,0,66,0,6,6,1886.7924528301885
10,15,1,0,134,2,32,296,405,11327.0,10,3,3,2,1,7,931,18,11,70,1885.7142857142856
4,7,0,44,0,0,0,429,66,3342.0,13,3,1,6,3,0,66,0,6,6,1879.6992481203008
12,5,2,44,6,0,0,181,168,8223.0,12,1,2,5,2,0,174,0,5,9,1879.5180722891569
4,5,0,107,0,0,0,435,24,1099.0,14,1,0,6,2,1,24,0,7,1,1879.5180722891569
24,9,8,21,62,5,2,343,690,8037.0,8,16,10,3,1,47,895,12,11,38,1878.9808917197447
20,17,2,35,54,3,0,449,761,23197.0,5,13,3,4,4,54,985,12,7,34,1877.7777777777776
26,10,1,21,91,0,4,297,410,29575.0,9,14,0,3,3,36,937,18,11,51,1875.0
10,15,1,70,134,2,32,296,405,11327.0,10,3,3,2,1,7,931,18,11,70,1875.0
4,16,0,75,0,0,0,201,0,2310.0,5,0,0,10,2,0,0,0,6,2,1875.0
2,5,0,70,0,0,0,400,12,3373.0,13,0,2,8,0,0,12,0,17,2,1875.0
6,9,2,22,0,2,0,430,282,3952.0,12,0,3,5,2,2,306,0,6,14,1875.0
12,5,2,44,6,0,0,181,168,8223.0,12,1,2,5,2,0,174,0,5,9,1875.0
20,17,2,98,54,3,0,449,761,23197.0,5,13,3,4,4,54,985,12,7,34,1875.0
9,16,10,4,206,13,34,482,175,7658.0,10,16,14,2,8,11,973,84,7,54,1875.0
12,5,2,72,6,0,0,181,168,8223.0,12,1,2,5,2,0,174,0,5,9,1875.0
17,10,1,70,317,2,52,307,210,2841.0,10,5,7,1,7,10,967,105,10,64,1875.0
8,20,0,30,0,0,0,694,12,4108.0,0,0,4,9,1,4,18,0,11,16,1874.9875
17,17,1,52,6,0,0,316,134,6031.0,6,5,0,6,0,8,158,0,13,66,1872.6591760299625
7,10,0,89,0,0,0,326,0,2082.0,10,0,0,9,2,0,0,0,17,2,1870.3947368421047
4,7,0,44,0,0,0,429,66,3342.0,13,3,1,6,3,0,66,0,6,6,1869.65811965812
4,16,0,75,0,0,0,201,0,2310.0,5,0,0,10,2,0,0,0,6,2,1869.5652173913045
2,15,0,22,6,0,0,166,90,2745.0,10,0,2,7,0,1,96,0,2,6,1864.801864801865
26,10,1,78,91,0,4,297,410,29575.0,9,14,0,3,3,36,937,18,11,51,1863.354037267081
26,10,1,21,91,0,4,297,410,29575.0,9,14,0,3,3,36,937,18,11,51,1863.354037267081
20,17,2,35,54,3,0,449,761,23197.0,5,13,3,4,4,54,985,12,7,34,1862.0689655172407
20,11,0,52,414,14,42,456,186,16252.0,9,12,10,1,6,40,1027,218,10,46,1861.4130434782608
24,15,6,2,66,3,1,457,722,5039.0,6,19,9,4,2,15,997,18,9,32,1857.142857142857
20,17,2,46,54,3,0,449,761,23197.0,5,13,3,4,4,54,985,12,7,34,1854.3046357615888
10,15,1,70,134,2,32,296,405,11327.0,10,3,3,2,1,7,931,18,11,70,1853.9325842696628
19,13,2,52,24,0,0,346,128,4621.0,5,2,3,6,2,22,164,0,12,52,1853.3333333333333
0,7,0,70,0,0,0,367,0,1785.0,14,0,0,10,2,0,0,0,19,2,1851.851851851852
30,14,0,85,42,0,1,471,528,16637.0,7,11,1,5,6,11,606,0,5,68,1851.851851851852
2,6,0,70,0,0,0,400,12,3373.0,13,1,2,7,0,1,12,0,17,1,1851.851851851852
4,7,0,44,0,0,0,429,66,3342.0,13,3,1,6,3,0,66,0,6,6,1850.9316770186333
8,13,0,15,12,0,0,176,276,9638.0,10,2,5,5,0,2,330,0,4,19,1850.0
16,12,1,15,24,0,1,176,464,9638.0,10,7,3,4,4,4,554,0,4,25,1849.968051118211
26,10,1,21,91,0,4,297,410,29575.0,9,14,0,3,3,36,937,18,11,51,1847.8260869565213
26,10,1,21,91,0,4,297,410,29575.0,9,14,0,3,3,36,937,18,11,51,1843.9716312056737
10,15,1,26,134,2,32,296,405,11327.0,10,3,3,2,1,7,931,18,11,70,1843.75
6,9,1,44,0,0,1,177,480,11754.0,11,4,0,4,1,5,576,0,5,18,1843.5754189944128
6,9,1,44,0,0,1,177,480,11754.0,11,4,0,4,1,5,576,0,5,18,1842.1052631578948
20,17,2,35,54,3,0,449,761,23197.0,5,13,3,4,4,54,985,12,7,34,1842.1052631578948
35,20,7,17,367,10,31,442,138,23250.0,8,37,18,2,11,32,1009,78,7,54,1839.572192513369
10,9,0,27,0,0,0,213,102,12462.0,5,1,0,7,2,7,108,0,5,26,1839.0804597701149
26,10,1,21,91,0,4,297,410,29575.0,9,14,0,3,3,36,937,18,11,51,1838.7096774193549
17,10,1,70,313,4,49,311,216,5351.0,10,5,6,1,7,10,973,115,10,64,1834.5563709139424
24,9,8,21,62,5,2,343,690,8037.0,8,16,10,3,1,47,895,12,11,38,1834.3949044585988
16,19,3,85,30,4,5,477,606,24762.0,8,11,5,4,3,11,756,18,5,60,1833.3333333333333
7,8,0,36,6,0,0,355,90,3972.0,11,4,0,6,2,0,102,0,15,9,1833.3333333333333
26,10,1,36,91,0,4,297,410,29575.0,9,14,0,3,3,36,937,18,11,51,1833.3333333333333
4,7,0,44,0,0,0,429,66,3342.0,13,3,1,6,3,0,66,0,6,6,1831.896551724138
9,16,10,28,206,13,34,482,175,7658.0,10,16,14,2,8,11,973,84,7,54,1831.501831501832
12,5,2,44,6,0,0,181,168,8223.0,12,1,2,5,2,0,174,0,5,9,1829.9881936245567
11,14,1,41,6,0,0,709,84,4051.0,4,5,3,7,1,19,114,0,12,54,1829.268292682927
20,17,2,98,54,3,0,449,761,23197.0,5,13,3,4,4,54,985,12,7,34,1828.8372093023256
1,5,0,70,0,0,0,396,12,2956.0,13,0,0,8,0,0,12,0,17,2,1828.231292517007
0,12,0,19,0,0,0,191,6,977.0,11,0,4,10,0,0,6,0,0,1,1826.2313226342003
12,5,2,72,6,0,0,181,168,8223.0,12,1,2,5,2,0,174,0,5,9,1822.9166666666667
4,5,0,71,0,0,0,570,12,851.0,4,0,0,10,0,0,12,0,14,6,1822.4722932651323
16,19,3,85,30,4,5,477,606,24762.0,8,11,5,4,3,11,756,18,5,60,1822.2222222222224
4,7,0,107,0,0,0,429,66,3342.0,13,3,1,6,3,0,66,0,6,6,1821.8958758902447
4,7,0,44,0,0,0,429,66,3342.0,13,3,1,6,3,0,66,0,6,6,1820.7282913165263
4,7,0,107,0,0,0,429,66,3342.0,13,3,1,6,3,0,66,0,6,6,1820.7282913165263
0,9,0,107,0,0,0,765,6,52.0,14,0,0,8,1,0,6,0,6,1,1820.7282913165263
33,17,5,95,54,1,2,461,712,15901.0,5,14,9,4,3,24,991,12,9,24,1818.1818181818185
20,17,2,98,54,3,0,449,761,23197.0,5,13,3,4,4,54,985,12,7,34,1816.6666666666667
12,5,2,44,6,0,0,181,168,8223.0,12,1,2,5,2,0,174,0,5,9,1814.2857142857144
4,22,0,69,0,0,0,230,0,531.0,7,1,1,9,1,1,0,0,4,3,1813.367965367965
11,14,2,78,6,0,0,295,649,5147.0,10,2,2,4,3,8,757,12,13,58,1813.3333333333333
0,7,0,70,0,0,0,367,0,1785.0,14,0,0,10,2,0,0,0,19,2,1812.5
27,25,1,41,36,3,0,446,539,16032.0,4,10,7,5,2,36,635,6,9,28,1812.5
21,11,0,52,432,13,47,456,186,16252.0,9,12,11,1,8,40,1027,208,10,46,1812.5
16,19,3,85,30,4,5,477,606,24762.0,8,11,5,4,3,11,756,18,5,60,1811.5942028985507
12,5,2,44,6,0,0,181,168,8223.0,12,1,2,5,2,0,174,0,5,9,1809.5238095238096
10,15,1,70,134,2,32,296,405,11327.0,10,3,3,2,1,7,931,18,11,70,1809.5238095238096
20,17,2,98,54,3,0,449,761,23197.0,5,13,3,4,4,54,985,12,7,34,1809.210526315789
4,16,0,27,0,0,0,201,0,2310.0,5,0,0,10,2,0,0,0,6,2,1807.3017408123792
24,9,8,78,62,5,2,343,690,8037.0,8,16,10,3,1,47,895,12,11,38,1805.555555555556
10,15,1,70,134,2,32,296,405,11327.0,10,3,3,2,1,7,931,18,11,70,1805.555555555556
24,9,8,21,62,5,2,343,690,8037.0,8,16,10,3,1,47,895,12,11,38,1805.555555555556
9,16,10,15,206,13,34,482,175,7658.0,10,16,14,2,8,11,973,84,7,54,1804.1635676782253
20,17,2,35,54,3,0,449,761,23197.0,5,13,3,4,4,54,985,12,7,34,1800.0904568068747
26,11,10,101,80,5,5,343,498,8037.0,8,12,12,3,3,38,949,18,11,42,1800.0
17,10,1,26,313,4,49,311,216,5351.0,10,5,6,1,7,10,973,115,10,64,1800.0
20,17,2,46,54,3,0,449,761,23197.0,5,13,3,4,4,54,985,12,7,34,1800.0
20,11,0,52,414,14,42,456,186,16252.0,9,12,10,1,6,40,1027,218,10,46,1800.0
16,12,1,52,24,0,0,346,129,4621.0,5,3,1,6,2,19,171,0,12,55,1800.0
20,11,0,52,414,14,42,456,186,16252.0,9,12,10,1,6,40,1027,218,10,46,1799.5
20,13,2,52,18,0,0,351,128,2884.0,5,1,2,6,3,20,158,0,12,54,1798.9417989417989
16,19,3,85,30,4,5,477,606,24762.0,8,11,5,4,3,11,756,18,5,60,1796.875
20,18,12,39,184,9,18,467,388,23239.0,8,26,12,3,5,24,985,36,6,62,1796.6101694915253
3,3,0,107,0,0,0,431,90,1701.0,14,0,2,5,2,1,90,0,8,6,1796.4071856287426
21,11,0,52,432,13,47,456,186,16252.0,9,12,11,1,8,40,1027,208,10,46,1793.4782608695652
21,11,0,52,432,13,47,456,186,16252.0,9,12,11,1,8,40,1027,208,10,46,1793.1712110046672
6,9,1,107,0,0,1,177,480,11754.0,11,4,0,4,1,5,576,0,5,18,1792.7170868347337
3,19,0,40,0,0,0,174,0,1551.0,10,0,0,10,0,0,0,0,1,1,1790.4761904761904
24,9,8,21,62,5,2,343,690,8037.0,8,16,10,3,1,47,895,12,11,38,1790.0
20,17,2,35,54,3,0,449,761,23197.0,5,13,3,4,4,54,985,12,7,34,1787.6059322033898
26,10,1,100,91,0,4,297,410,29575.0,9,14,0,3,3,36,937,18,11,51,1786.8675995694296
4,16,0,75,0,0,0,201,0,2310.0,5,0,0,10,2,0,0,0,6,2,1785.7142857142858
10,15,1,70,134,2,32,296,405,11327.0,10,3,3,2,1,7,931,18,11,70,1785.7142857142858
20,17,2,41,54,3,0,449,761,23197.0,5,13,3,4,4,54,985,12,7,34,1785.7142857142858
5,14,1,36,0,0,0,356,102,2904.0,10,3,0,6,0,2,108,0,15,10,1785.7142857142858
9,16,10,10,206,13,34,482,175,7658.0,10,16,14,2,8,11,973,84,7,54,1785.7142857142858
8,12,0,81,0,0,0,696,6,506.0,1,0,0,11,2,0,6,0,12,5,1785.7142857142856
4,11,0,81,0,0,0,698,6,1433.0,2,0,1,11,0,0,6,0,13,7,1785.7142857142856
24,9,8,100,62,5,2,343,690,8037.0,8,16,10,3,1,47,895,12,11,38,1782.608695652174
4,7,0,44,0,0,0,429,66,3342.0,13,3,1,6,3,0,66,0,6,6,1778.6561264822135
3,19,0,40,0,0,0,174,0,1551.0,10,0,0,10,0,0,0,0,1,1,1777.7777777777778
12,5,2,44,6,0,0,181,168,8223.0,12,1,2,5,2,0,174,0,5,9,1777.3892773892774
30,14,0,85,42,0,1,471,528,16637.0,7,11,1,5,6,11,606,0,5,68,1775.9562841530055
0,3,0,44,0,0,0,434,48,3829.0,13,2,0,6,0,0,54,0,5,4,1775.0
0,7,0,70,0,0,0,367,0,1785.0,14,0,0,10,2,0,0,0,19,2,1774.042950513539
3,19,0,27,0,0,0,174,0,1551.0,10,0,0,10,0,0,0,0,1,1,1771.8715393133998
20,17,2,35,54,3,0,449,761,23197.0,5,13,3,4,4,54,985,12,7,34,1770.516717325228
10,15,1,26,134,2,32,296,405,11327.0,10,3,3,2,1,7,931,18,11,70,1768.888888888889
10,15,1,26,134,2,32,296,405,11327.0,10,3,3,2,1,7,931,18,11,70,1766.6666666666667
16,28,1,98,18,2,0,733,159,12095.0,3,3,4,6,3,15,201,0,10,53,1764.7058823529412
12,5,2,44,6,0,0,181,168,8223.0,12,1,2,5,2,0,174,0,5,9,1759.1499409681228
1,3,0,39,0,0,0,713,6,2058.0,4,0,0,11,0,0,6,0,15,1,1756.7567567567569
4,7,0,44,0,0,0,429,66,3342.0,13,3,1,6,3,0,66,0,6,6,1755.8528428093646
16,19,3,85,30,4,5,477,606,24762.0,8,11,5,4,3,11,756,18,5,60,1754.5454545454545
20,11,0,52,414,14,42,456,186,16252.0,9,12,10,1,6,40,1027,218,10,46,1750.915750915751
6,9,1,44,0,0,1,177,480,11754.0,11,4,0,4,1,5,576,0,5,18,1750.7002801120448
0,7,0,70,0,0,0,367,0,1785.0,14,0,0,10,2,0,0,0,19,2,1750.0
9,16,10,29,206,13,34,482,175,7658.0,10,16,14,2,8,11,973,84,7,54,1750.0
24,9,8,100,62,5,2,343,690,8037.0,8,16,10,3,1,47,895,12,11,38,1748.9711934156378
20,18,12,29,184,9,18,467,388,23239.0,8,26,12,3,5,24,985,36,6,62,1748.4662576687117
20,17,2,41,54,3,0,449,761,23197.0,5,13,3,4,4,54,985,12,7,34,1746.031746031746
9,16,10,29,206,13,34,482,175,7658.0,10,16,14,2,8,11,973,84,7,54,1746.031746031746
24,9,8,21,62,5,2,343,690,8037.0,8,16,10,3,1,47,895,12,11,38,1746.031746031746
9,16,10,101,206,13,34,482,175,7658.0,10,16,14,2,8,11,973,84,7,54,1746.031746031746
12,5,2,44,6,0,0,181,168,8223.0,12,1,2,5,2,0,174,0,5,9,1744.7916666666667
24,15,6,57,66,3,1,457,722,5039.0,6,19,9,4,2,15,997,18,9,32,1744.186046511628
20,17,2,35,54,3,0,449,761,23197.0,5,13,3,4,4,54,985,12,7,34,1742.4242424242425
12,5,2,44,6,0,0,181,168,8223.0,12,1,2,5,2,0,174,0,5,9,1742.4242424242425
16,19,3,85,30,4,5,477,606,24762.0,8,11,5,4,3,11,756,18,5,60,1739.92673992674
26,10,1,21,91,0,4,297,410,29575.0,9,14,0,3,3,36,937,18,11,51,1739.1304347826087
5,9,2,21,0,0,0,399,60,2574.0,11,1,0,7,1,1,66,0,16,5,1736.024844720497
15,20,4,11,54,3,2,465,665,27697.0,8,17,6,4,4,13,901,18,5,61,1734.6938775510205
8,6,0,44,0,2,0,430,150,3952.0,13,2,3,5,2,0,156,0,6,10,1732.9545454545455
3,19,0,27,0,0,0,174,0,1551.0,10,0,0,10,0,0,0,0,1,1,1729.2490118577075
0,7,0,70,0,0,0,367,0,1785.0,14,0,0,10,2,0,0,0,19,2,1727.2727272727273
4,16,0,19,0,0,0,201,0,2310.0,5,0,0,10,2,0,0,0,6,2,1727.2727272727273
24,22,9,91,90,6,16,464,571,18375.0,9,21,12,3,5,10,925,30,5,59,1725.0
6,9,1,44,0,0,1,177,480,11754.0,11,4,0,4,1,5,576,0,5,18,1724.3243243243244
0,6,0,73,0,0,0,397,6,1716.0,12,1,0,9,2,1,6,0,18,2,1723.076923076923
24,9,8,78,62,5,2,343,690,8037.0,8,16,10,3,1,47,895,12,11,38,1722.2222222222222
20,17,2,35,54,3,0,449,761,23197.0,5,13,3,4,4,54,985,12,7,34,1722.2222222222222
21,14,2,52,24,0,0,346,138,4621.0,5,3,2,6,2,28,180,0,12,47,1722.2222222222222
5,7,0,107,0,0,0,429,66,3342.0,14,2,0,6,3,0,66,0,7,6,1721.5090256258916
14,9,6,52,285,12,25,481,156,28799.0,9,16,20,0,2,26,1021,264,9,51,1718.75
24,9,8,21,62,5,2,343,690,8037.0,8,16,10,3,1,47,895,12,11,38,1718.75
24,9,8,21,62,5,2,343,690,8037.0,8,16,10,3,1,47,895,12,11,38,1717.557251908397
0,7,0,70,0,0,0,367,0,1785.0,14,0,0,10,2,0,0,0,19,2,1717.032967032967
4,7,0,44,0,0,0,429,66,3342.0,13,3,1,6,3,0,66,0,6,6,1715.2658662092622
9,16,10,29,206,13,34,482,175,7658.0,10,16,14,2,8,11,973,84,7,54,1714.2857142857142
27,25,1,98,36,3,0,446,539,16032.0,4,10,7,5,2,36,635,6,9,28,1714.2857142857142
4,7,0,107,0,0,0,429,66,3342.0,13,3,1,6,3,0,66,0,6,6,1714.2857142857142
20,17,2,41,54,3,0,449,761,23197.0,5,13,3,4,4,54,985,12,7,34,1714.2857142857142
4,16,0,27,0,0,0,201,0,2310.0,5,0,0,10,2,0,0,0,6,2,1712.25937183384
2,6,0,70,0,0,0,396,12,2956.0,13,0,0,8,0,0,12,0,17,2,1711.9244391971663
6,9,1,44,0,0,1,177,480,11754.0,11,4,0,4,1,5,576,0,5,18,1711.9244391971663
4,7,0,44,0,0,0,429,66,3342.0,13,3,1,6,3,0,66,0,6,6,1709.4017094017097
20,17,2,35,54,3,0,449,761,23197.0,5,13,3,4,4,54,985,12,7,34,1708.3333333333333
3,19,0,27,0,0,0,174,0,1551.0,10,0,0,10,0,0,0,0,1,1,1708.0745341614906
10,15,1,70,134,2,32,296,405,11327.0,10,3,3,2,1,7,931,18,11,70,1708.0745341614906
17,10,1,26,313,4,49,311,216,5351.0,10,5,6,1,7,10,973,115,10,64,1706.3492063492065
30,14,0,85,42,0,1,471,528,16637.0,7,11,1,5,6,11,606,0,5,68,1706.0975609756097
20,17,2,41,54,3,0,449,761,23197.0,5,13,3,4,4,54,985,12,7,34,1704.7619047619048
0,7,0,70,0,0,0,367,0,1785.0,14,0,0,10,2,0,0,0,19,2,1700.6802721088436
0,7,0,70,0,0,0,367,0,1785.0,14,0,0,10,2,0,0,0,19,2,1700.6802721088436
13,10,2,52,12,0,0,346,128,4621.0,5,3,2,6,2,17,164,0,12,57,1700.0
19,13,2,52,12,0,0,346,128,4621.0,5,3,3,6,2,19,152,0,12,54,1700.0
20,17,2,35,54,3,0,449,761,23197.0,5,13,3,4,4,54,985,12,7,34,1700.0
5,6,0,26,309,0,75,310,310,2125.0,11,6,1,1,8,11,955,0,10,53,1700.0
4,7,0,107,0,0,0,429,66,3342.0,13,3,1,6,3,0,66,0,6,6,1700.0
32,16,0,85,30,0,1,471,482,16637.0,6,10,1,5,4,9,560,0,5,71,1693.1216931216932
24,22,9,101,90,6,16,464,571,18375.0,9,21,12,3,5,10,925,30,5,59,1692.4769400016926
9,16,10,31,206,13,34,482,175,7658.0,10,16,14,2,8,11,973,84,7,54,1692.3076923076924
21,14,2,52,24,0,0,346,131,4621.0,5,2,2,6,2,27,173,0,12,47,1691.3319238900635
12,5,2,44,6,0,0,181,168,8223.0,12,1,2,5,2,0,174,0,5,9,1689.97668997669
26,10,1,100,91,0,4,297,410,29575.0,9,14,0,3,3,36,937,18,11,51,1689.1891891891892
2,10,0,107,0,0,0,408,601,22.0,13,1,0,3,2,2,625,0,8,14,1688.3116883116884
16,19,3,85,30,4,5,477,606,24762.0,8,11,5,4,3,11,756,18,5,60,1685.3932584269662
18,19,0,11,36,0,5,477,529,24762.0,8,8,0,5,5,12,631,0,4,42,1683.1683168316831
24,9,8,21,62,5,2,343,690,8037.0,8,16,10,3,1,47,895,12,11,38,1681.159420289855
9,24,0,69,0,1,0,241,66,3259.0,7,0,2,8,0,1,66,0,3,11,1679.6536796536795
12,5,2,68,6,0,0,181,168,8223.0,12,1,2,5,2,0,174,0,5,9,1675.0
2,13,0,14,6,1,0,169,18,5303.0,12,0,1,7,0,0,24,0,3,2,1674.6031746031747
25,13,2,101,30,2,2,339,648,3083.0,7,21,6,5,3,38,752,12,12,47,1672.8971962616822
3,19,0,69,0,0,0,174,0,1551.0,10,0,0,10,0,0,0,0,1,1,1672.2408026755852
4,7,0,44,0,0,0,429,66,3342.0,13,3,1,6,3,0,66,0,6,6,1672.0171214553236
26,10,1,21,91,0,4,297,410,29575.0,9,14,0,3,3,36,937,18,11,51,1666.6666666666667
0,7,0,70,0,0,0,367,0,1785.0,14,0,0,10,2,0,0,0,19,2,1666.6666666666667
16,19,3,85,30,4,5,477,606,24762.0,8,11,5,4,3,11,756,18,5,60,1666.6666666666667
16,19,3,85,30,4,5,477,606,24762.0,8,11,5,4,3,11,756,18,5,60,1666.6666666666667
4,5,0,107,0,0,0,435,30,1099.0,14,2,0,6,3,1,30,0,7,2,1666.6666666666667
20,18,2,52,24,1,1,350,373,4023.0,5,14,5,5,4,45,451,0,11,25,1666.6666666666667
24,9,8,21,62,5,2,343,690,8037.0,8,16,10,3,1,47,895,12,11,38,1666.6666666666667
13,17,0,30,6,0,0,689,30,6724.0,1,2,4,9,2,6,36,0,11,19,1666.6666666666667
22,10,4,21,338,22,32,481,150,28799.0,9,17,15,0,5,14,1009,312,9,59,1666.6666666666667
24,9,8,21,62,5,2,343,690,8037.0,8,16,10,3,1,47,895,12,11,38,1666.6666666666667
4,13,0,38,12,0,0,294,496,991.0,11,3,3,4,1,3,556,6,13,20,1666.6666666666667
12,5,2,44,6,0,0,181,168,8223.0,12,1,2,5,2,0,174,0,5,9,1664.69893742621
9,16,10,29,206,13,34,482,175,7658.0,10,16,14,2,8,11,973,84,7,54,1662.5
24,9,8,100,62,5,2,343,690,8037.0,8,16,10,3,1,47,895,12,11,38,1660.22613424932
9,24,0,19,0,1,0,241,66,3259.0,7,0,2,8,0,1,66,0,3,11,1657.7540106951872
14,9,6,52,285,12,25,481,156,28799.0,9,16,20,0,2,26,1021,264,9,51,1655.5555555555557
21,11,0,52,432,13,47,456,186,16252.0,9,12,11,1,8,40,1027,208,10,46,1654.7619047619048
1,4,0,71,0,0,0,32,0,2626.0,11,0,1,12,0,0,0,0,19,0,1651.5151515151515
4,16,0,69,0,0,0,201,0,2310.0,5,0,0,10,2,0,0,0,6,2,1650.7936507936508
4,7,0,107,0,0,0,429,66,3342.0,13,3,1,6,3,0,66,0,6,6,1650.7936507936508
20,17,2,35,54,3,0,449,761,23197.0,5,13,3,4,4,54,985,12,7,34,1650.0
14,10,3,52,335,10,36,311,204,5351.0,10,4,13,1,6,10,997,157,10,66,1650.0
0,15,0,19,0,0,0,191,6,977.0,11,0,0,9,0,0,6,0,0,1,1650.0
19,25,0,11,30,0,6,184,413,24682.0,8,7,0,5,4,10,503,0,4,30,1649.3055555555557
4,7,0,44,0,0,0,429,66,3342.0,13,3,1,6,3,0,66,0,6,6,1649.1841491841492
20,18,12,29,184,9,18,467,388,23239.0,8,26,12,3,5,24,985,36,6,62,1648.148148148148
17,10,1,26,313,4,49,311,216,5351.0,10,5,6,1,7,10,973,115,10,64,1646.470588235294
26,10,1,21,91,0,4,297,410,29575.0,9,14,0,3,3,36,937,18,11,51,1645.962732919255
2,7,0,68,0,0,0,422,0,3141.0,16,0,0,7,0,0,0,0,9,0,1645.8333333333333
10,15,1,26,134,2,32,296,405,11327.0,10,3,3,2,1,7,931,18,11,70,1645.8333333333333
24,22,9,3,90,6,16,464,571,18375.0,9,21,12,3,5,10,925,30,5,59,1645.8333333333333
1,2,0,19,0,0,0,96,0,277.0,12,0,0,12,0,0,0,0,2,0,1645.7912457912455
9,24,0,27,0,1,0,241,66,3259.0,7,0,2,8,0,1,66,0,3,11,1645.5696202531649
6,8,1,44,0,2,0,430,168,3952.0,13,3,6,5,2,0,174,0,6,10,1644.3701226309922
10,15,1,70,134,2,32,296,405,11327.0,10,3,3,2,1,7,931,18,11,70,1642.857142857143
0,6,0,107,0,0,0,767,6,490.0,14,0,0,7,1,0,6,0,6,2,1640.2714932126696
3,16,0,69,0,0,0,233,0,1076.0,9,1,0,10,0,0,0,0,2,1,1637.1681415929204
3,14,0,14,6,0,0,165,30,8431.0,11,0,0,7,0,0,36,0,2,3,1636.904761904762
12,5,2,44,6,0,0,181,168,8223.0,12,1,2,5,2,0,174,0,5,9,1636.3636363636365
7,16,0,21,0,0,0,330,48,5723.0,9,2,4,8,2,1,48,0,16,6,1633.6633663366338
6,9,1,44,0,0,1,177,480,11754.0,11,4,0,4,1,5,576,0,5,18,1633.3333333333333
21,11,0,52,432,13,47,456,186,16252.0,9,12,11,1,8,40,1027,208,10,46,1633.3333333333333
10,15,1,70,134,2,32,296,405,11327.0,10,3,3,2,1,7,931,18,11,70,1630.4347826086955
10,15,1,70,179,2,39,296,405,11327.0,10,3,4,2,1,7,931,18,11,71,1630.4347826086955
24,9,8,21,62,5,2,343,690,8037.0,8,16,10,3,1,47,895,12,11,38,1630.4347826086955
9,16,10,11,206,13,34,482,175,7658.0,10,16,14,2,8,11,973,84,7,54,1630.4347826086955
3,19,0,27,0,0,0,174,0,1551.0,10,0,0,10,0,0,0,0,1,1,1630.3030303030305
1,4,0,69,0,0,0,115,0,391.0,12,0,0,12,1,0,0,0,2,0,1625.4499013119705
4,7,0,68,0,0,0,429,66,3342.0,13,3,1,6,3,0,66,0,6,6,1625.0
6,9,1,22,0,0,1,177,480,11754.0,11,4,0,4,1,5,576,0,5,18,1625.0
14,9,6,53,304,12,24,481,150,28799.0,9,15,20,0,1,17,1015,215,9,60,1625.0
12,5,2,44,6,0,0,181,168,8223.0,12,1,2,5,2,0,174,0,5,9,1625.0
4,7,0,44,0,0,0,429,66,3342.0,13,3,1,6,3,0,66,0,6,6,1623.3766233766232
4,7,0,68,0,0,0,429,66,3342.0,13,3,1,6,3,0,66,0,6,6,1619.047619047619
0,7,0,70,0,0,0,367,0,1785.0,14,0,0,10,2,0,0,0,19,2,1616.1616161616162
3,19,0,27,0,0,0,174,0,1551.0,10,0,0,10,0,0,0,0,1,1,1615.3846153846157
4,7,0,44,0,0,0,429,66,3342.0,13,3,1,6,3,0,66,0,6,6,1613.7040714995037
4,2,0,68,0,0,0,423,6,3164.0,15,1,0,6,1,0,6,0,8,1,1612.9032258064517
16,19,3,85,30,4,5,477,606,24762.0,8,11,5,4,3,11,756,18,5,60,1611.7511520737328
12,5,2,44,6,0,0,181,168,8223.0,12,1,2,5,2,0,174,0,5,9,1611.111111111111
11,10,1,52,0,0,0,347,78,3707.0,5,3,0,7,1,4,96,0,13,63,1611.111111111111
4,7,0,107,0,0,0,429,66,3342.0,13,3,1,6,3,0,66,0,6,6,1609.260304912479
12,5,2,44,6,0,0,181,168,8223.0,12,1,2,5,2,0,174,0,5,9,1607.200257152041
20,10,0,70,339,2,56,307,222,2841.0,10,5,7,1,7,11,973,83,10,63,1607.142857142857
20,17,2,35,54,3,0,449,761,23197.0,5,13,3,4,4,54,985,12,7,34,1607.142857142857
7,7,0,44,0,2,0,430,156,3952.0,13,3,3,5,2,0,162,0,6,10,1606.805293005671
24,9,8,100,62,5,2,343,690,8037.0,8,16,10,3,1,47,895,12,11,38,1604.5548654244308
9,24,0,19,0,1,0,241,66,3259.0,7,0,2,8,0,1,66,0,3,11,1604.27807486631
12,5,2,44,6,0,0,181,168,8223.0,12,1,2,5,2,0,174,0,5,9,1602.8329139875127
4,7,0,107,0,0,0,429,66,3342.0,13,3,1,6,3,0,66,0,6,6,1601.1644832605532
4,7,0,68,0,0,0,429,66,3342.0,13,3,1,6,3,0,66,0,6,6,1600.9852216748768
24,9,8,78,62,5,2,343,690,8037.0,8,16,10,3,1,47,895,12,11,38,1600.0
20,29,2,46,36,0,0,733,267,12095.0,3,3,4,6,2,29,321,0,9,43,1600.0
20,17,2,35,54,3,0,449,761,23197.0,5,13,3,4,4,54,985,12,7,34,1600.0
12,5,2,68,6,0,0,181,168,8223.0,12,1,2,5,2,0,174,0,5,9,1600.0
6,9,1,44,0,0,1,177,480,11754.0,11,4,0,4,1,5,576,0,5,18,1600.0
3,19,0,27,0,0,0,174,0,1551.0,10,0,0,10,0,0,0,0,1,1,1598.9304812834223
24,9,8,78,62,5,2,343,690,8037.0,8,16,10,3,1,47,895,12,11,38,1597.2222222222222
10,15,1,70,134,2,32,296,405,11327.0,10,3,3,2,1,7,931,18,11,70,1596.6386554621847
10,15,1,70,134,2,32,296,405,11327.0,10,3,3,2,1,7,931,18,11,70,1594.2028985507247
27,25,1,35,36,3,0,446,539,16032.0,4,10,7,5,2,36,635,6,9,28,1593.75
9,24,0,19,0,1,0,241,66,3259.0,7,0,2,8,0,1,66,0,3,11,1593.4065934065934
4,7,0,22,0,0,0,429,66,3342.0,13,3,1,6,3,0,66,0,6,6,1590.0
9,24,0,19,0,1,0,241,66,3259.0,7,0,2,8,0,1,66,0,3,11,1587.957497048406
17,10,1,70,313,4,49,311,216,5351.0,10,5,6,1,7,10,973,115,10,64,1587.5
0,8,0,72,0,0,0,199,6,74.0,14,0,0,8,1,0,6,0,5,1,1587.3015873015872
20,11,0,52,414,14,42,456,186,16252.0,9,12,10,1,6,40,1027,218,10,46,1587.2936507936508
0,7,0,0,0,0,0,367,0,1785.0,14,0,0,10,2,0,0,0,19,2,1586.5384615384614
3,19,0,75,0,0,0,174,0,1551.0,10,0,0,10,0,0,0,0,1,1,1584.5410628019324
20,18,12,39,184,9,18,467,388,23239.0,8,26,12,3,5,24,985,36,6,62,1583.3333333333333
6,25,1,27,0,0,0,245,72,3381.0,8,0,2,7,0,0,72,0,3,11,1583.3333333333333
20,11,0,52,414,14,42,456,186,16252.0,9,12,10,1,6,40,1027,218,10,46,1583.1666666666667
4,7,0,107,0,0,0,429,66,3342.0,13,3,1,6,3,0,66,0,6,6,1578.813343519226
3,19,0,27,0,0,0,174,0,1551.0,10,0,0,10,0,0,0,0,1,1,1574.074074074074
26,10,1,36,91,0,4,297,410,29575.0,9,14,0,3,3,36,937,18,11,51,1574.074074074074
10,15,1,70,134,2,32,296,405,11327.0,10,3,3,2,1,7,931,18,11,70,1571.9063545150502
19,18,1,46,18,1,0,443,522,15646.0,4,9,3,5,3,43,606,12,8,42,1571.428571428571
21,11,0,52,432,13,47,456,186,16252.0,9,12,11,1,8,40,1027,208,10,46,1571.428571428571
26,10,1,21,91,0,4,297,410,29575.0,9,14,0,3,3,36,937,18,11,51,1571.428571428571
9,16,10,28,206,13,34,482,175,7658.0,10,16,14,2,8,11,973,84,7,54,1569.2307692307693
5,8,0,44,0,2,0,432,168,4083.0,13,4,4,5,2,1,168,0,7,9,1568.6274509803925
0,6,0,73,0,0,0,373,6,107.0,13,1,0,9,0,1,6,0,18,2,1568.05
24,9,8,78,62,5,2,343,690,8037.0,8,16,10,3,1,47,895,12,11,38,1567.1641791044776
20,17,2,41,54,3,0,449,761,23197.0,5,13,3,4,4,54,985,12,7,34,1565.2173913043478
7,10,1,21,6,0,0,359,135,5598.0,11,3,0,5,0,0,153,0,14,11,1564.625850340136
24,22,9,28,90,6,16,464,571,18375.0,9,21,12,3,5,10,925,30,5,59,1562.5
24,9,8,78,62,5,2,343,690,8037.0,8,16,10,3,1,47,895,12,11,38,1562.5
20,18,12,81,184,9,18,467,388,23239.0,8,26,12,3,5,24,985,36,6,62,1560.9375
20,17,2,35,54,3,0,449,761,23197.0,5,13,3,4,4,54,985,12,7,34,1558.6744639376218
0,7,0,70,0,0,0,367,0,1785.0,14,0,0,10,2,0,0,0,19,2,1557.9710144927535
0,6,0,70,0,0,0,385,0,5.0,15,0,0,11,0,0,0,0,21,0,1557.9710144927535
0,7,0,70,0,0,0,367,0,1785.0,14,0,0,10,2,0,0,0,19,2,1556.8181818181818
6,9,1,44,0,0,1,177,480,11754.0,11,4,0,4,1,5,576,0,5,18,1556.451612903226
6,7,0,44,0,2,0,432,162,4083.0,13,4,5,5,2,1,162,0,7,8,1555.5555555555557
3,19,0,27,0,0,0,174,0,1551.0,10,0,0,10,0,0,0,0,1,1,1554.4887368564266
24,9,8,21,62,5,2,343,690,8037.0,8,16,10,3,1,47,895,12,11,38,1550.802139037433
0,6,0,73,0,0,0,397,6,1716.0,12,1,0,9,2,1,6,0,18,2,1550.0
4,7,0,22,0,0,0,429,66,3342.0,13,3,1,6,3,0,66,0,6,6,1549.1452991452993
12,17,0,15,24,0,1,176,354,9638.0,10,5,0,5,2,2,408,0,4,27,1548.9130434782608
20,17,2,41,54,3,0,449,761,23197.0,5,13,3,4,4,54,985,12,7,34,1548.9130434782608
3,19,0,19,0,0,0,174,0,1551.0,10,0,0,10,0,0,0,0,1,1,1548.9130434782608
3,19,0,27,0,0,0,174,0,1551.0,10,0,0,10,0,0,0,0,1,1,1548.9130434782608
24,9,8,100,62,5,2,343,690,8037.0,8,16,10,3,1,47,895,12,11,38,1547.6190476190477
0,7,0,70,0,0,0,367,0,1785.0,14,0,0,10,2,0,0,0,19,2,1547.6190476190477
10,15,1,70,134,2,32,296,405,11327.0,10,3,3,2,1,7,931,18,11,70,1545.4545454545455
20,18,12,11,184,9,18,467,388,23239.0,8,26,12,3,5,24,985,36,6,62,1543.859649122807
0,7,0,70,0,0,0,367,0,1785.0,14,0,0,10,2,0,0,0,19,2,1541.8502202643172
10,15,1,70,134,2,32,296,405,11327.0,10,3,3,2,1,7,931,18,11,70,1541.6666666666667
29,12,9,78,68,4,1,343,644,8037.0,7,13,8,3,2,37,937,12,11,43,1541.6666666666667
0,7,0,26,0,0,0,367,0,1785.0,14,0,0,10,2,0,0,0,19,2,1541.6666666666667
0,7,0,70,0,0,0,367,0,1785.0,14,0,0,10,2,0,0,0,19,2,1541.1840411840412
26,10,1,100,91,0,4,297,410,29575.0,9,14,0,3,3,36,937,18,11,51,1535.7142857142858
3,19,0,27,0,0,0,174,0,1551.0,10,0,0,10,0,0,0,0,1,1,1535.0877192982457
17,10,1,26,313,4,49,311,216,5351.0,10,5,6,1,7,10,973,115,10,64,1534.8837209302326
6,9,1,44,0,0,1,177,480,11754.0,11,4,0,4,1,5,576,0,5,18,1532.258064516129
12,5,2,44,6,0,0,181,168,8223.0,12,1,2,5,2,0,174,0,5,9,1532.0836337418891
24,9,8,100,62,5,2,343,690,8037.0,8,16,10,3,1,47,895,12,11,38,1531.41548590239
20,17,2,35,54,3,0,449,761,23197.0,5,13,3,4,4,54,985,12,7,34,1530.6122448979593
5,12,0,78,6,0,0,359,304,5598.0,11,3,3,5,1,1,328,6,14,15,1529.4117647058824
12,5,2,72,6,0,0,181,168,8223.0,12,1,2,5,2,0,174,0,5,9,1527.7777777777778
6,9,1,68,0,0,1,177,480,11754.0,11,4,0,4,1,5,576,0,5,18,1526.2515262515262
12,5,2,68,6,0,0,181,168,8223.0,12,1,2,5,2,0,174,0,5,9,1525.0
4,16,0,69,0,0,0,201,0,2310.0,5,0,0,10,2,0,0,0,6,2,1524.3902439024391
14,9,6,52,285,12,25,481,156,28799.0,9,16,20,0,2,26,1021,264,9,51,1522.7272727272727
8,8,1,44,0,1,0,430,186,3952.0,12,3,5,5,2,1,192,0,6,11,1521.7391304347825
21,11,0,52,432,13,47,456,186,16252.0,9,12,11,1,8,40,1027,208,10,46,1521.7391304347825
24,9,8,78,62,5,2,343,690,8037.0,8,16,10,3,1,47,895,12,11,38,1521.7391304347825
12,5,2,44,6,0,0,181,168,8223.0,12,1,2,5,2,0,174,0,5,9,1518.9174261253795
9,16,10,11,206,13,34,482,175,7658.0,10,16,14,2,8,11,973,84,7,54,1517.857142857143
20,18,12,31,184,9,18,467,388,23239.0,8,26,12,3,5,24,985,36,6,62,1517.857142857143
12,5,2,74,6,0,0,181,168,8223.0,12,1,2,5,2,0,174,0,5,9,1516.6835187057634
6,9,1,44,0,0,1,177,480,11754.0,11,4,0,4,1,5,576,0,5,18,1514.5680913874985
20,17,2,41,54,3,0,449,761,23197.0,5,13,3,4,4,54,985,12,7,34,1514.4454799627215
3,19,0,27,0,0,0,174,0,1551.0,10,0,0,10,0,0,0,0,1,1,1513.6363636363635
27,25,1,35,36,3,0,446,539,16032.0,4,10,7,5,2,36,635,6,9,28,1511.6279069767445
24,9,8,100,62,5,2,343,690,8037.0,8,16,10,3,1,47,895,12,11,38,1510.7913669064749
0,7,0,70,0,0,0,367,0,1785.0,14,0,0,10,2,0,0,0,19,2,1507.936507936508
9,14,0,17,0,0,0,702,6,2554.0,1,0,0,11,2,0,6,0,12,7,1506.849315068493
20,18,12,15,184,9,18,467,388,23239.0,8,26,12,3,5,24,985,36,6,62,1506.849315068493
0,7,0,26,0,0,0,367,0,1785.0,14,0,0,10,2,0,0,0,19,2,1506.7368421052631
9,24,0,19,0,1,0,241,66,3259.0,7,0,2,8,0,1,66,0,3,11,1505.6818181818182
20,18,12,101,184,9,18,467,388,23239.0,8,26,12,3,5,24,985,36,6,62,1504.424778761062
24,9,8,100,62,5,2,343,690,8037.0,8,16,10,3,1,47,895,12,11,38,1502.79089738085
9,24,0,75,0,1,0,241,66,3259.0,7,0,2,8,0,1,66,0,3,11,1500.0
10,14,1,26,195,0,50,309,403,5029.0,10,2,0,2,3,9,925,18,11,66,1500.0
20,17,2,46,54,3,0,449,761,23197.0,5,13,3,4,4,54,985,12,7,34,1500.0
30,22,11,10,138,5,21,464,466,18375.0,9,25,14,3,6,11,949,42,6,60,1500.0
21,11,0,52,432,13,47,456,186,16252.0,9,12,11,1,8,40,1027,208,10,46,1500.0
30,14,0,85,42,0,1,471,528,16637.0,7,11,1,5,6,11,606,0,5,68,1500.0
27,25,1,41,36,3,0,446,539,16032.0,4,10,7,5,2,36,635,6,9,28,1500.0
29,14,0,87,42,0,1,471,522,16637.0,7,12,1,5,6,10,606,0,5,66,1500.0
24,9,8,78,62,5,2,343,690,8037.0,8,16,10,3,1,47,895,12,11,38,1500.0
20,11,0,52,414,14,42,456,186,16252.0,9,12,10,1,6,40,1027,218,10,46,1500.0
9,16,10,11,206,13,34,482,175,7658.0,10,16,14,2,8,11,973,84,7,54,1500.0
17,10,1,26,313,4,49,311,216,5351.0,10,5,6,1,7,10,973,115,10,64,1500.0
3,10,0,22,0,0,0,190,6,118.0,12,0,0,10,2,0,6,0,1,1,1500.0
3,19,0,27,0,0,0,174,0,1551.0,10,0,0,10,0,0,0,0,1,1,1495.3271028037384
24,9,8,100,62,5,2,343,690,8037.0,8,16,10,3,1,47,895,12,11,38,1494.949494949495
20,11,0,52,414,14,42,456,186,16252.0,9,12,10,1,6,40,1027,218,10,46,1494.5652173913045
4,16,0,75,0,0,0,201,0,2310.0,5,0,0,10,2,0,0,0,6,2,1494.5652173913045
10,15,1,26,134,2,32,296,405,11327.0,10,3,3,2,1,7,931,18,11,70,1494.4444444444443
29,12,9,21,68,4,1,343,644,8037.0,7,13,8,3,2,37,937,12,11,43,1493.3333333333333
6,9,1,107,0,0,1,177,480,11754.0,11,4,0,4,1,5,576,0,5,18,1492.063492063492
14,9,6,59,285,12,25,481,156,28799.0,9,16,20,0,2,26,1021,264,9,51,1490.1960784313726
4,7,0,44,0,0,0,429,66,3342.0,13,3,1,6,3,0,66,0,6,6,1489.5729890764646
7,10,1,36,6,0,0,359,139,5598.0,10,4,0,5,1,1,157,0,14,11,1489.4805436603983
20,17,2,41,54,3,0,449,761,23197.0,5,13,3,4,4,54,985,12,7,34,1488.095238095238
4,16,0,75,0,0,0,201,0,2310.0,5,0,0,10,2,0,0,0,6,2,1488.095238095238
4,7,1,21,0,0,0,399,42,2574.0,11,1,0,7,3,1,48,0,16,4,1488.095238095238
24,19,2,52,12,1,1,458,429,4119.0,5,15,0,5,1,39,543,6,10,27,1488.095238095238
9,16,10,101,206,13,34,482,175,7658.0,10,16,14,2,8,11,973,84,7,54,1488.095238095238
24,9,8,21,62,5,2,343,690,8037.0,8,16,10,3,1,47,895,12,11,38,1488.095238095238
20,18,12,94,184,9,18,467,388,23239.0,8,26,12,3,5,24,985,36,6,62,1488.0382775119615
0,7,0,70,0,0,0,367,0,1785.0,14,0,0,10,2,0,0,0,19,2,1487.5
20,11,0,52,414,14,42,456,186,16252.0,9,12,10,1,6,40,1027,218,10,46,1486.4864864864865
12,5,2,22,6,0,0,181,168,8223.0,12,1,2,5,2,0,174,0,5,9,1484.375
6,9,1,107,0,0,1,177,480,11754.0,11,4,0,4,1,5,576,0,5,18,1483.957219251337
20,18,12,94,184,9,18,467,388,23239.0,8,26,12,3,5,24,985,36,6,62,1483.5630965005305
0,14,0,19,0,0,0,191,6,977.0,11,0,1,9,0,0,6,0,0,1,1483.1460674157304
26,10,1,21,91,0,4,297,410,29575.0,9,14,0,3,3,36,937,18,11,51,1482.142857142857
10,15,1,70,134,2,32,296,405,11327.0,10,3,3,2,1,7,931,18,11,70,1481.4814814814815
20,18,12,1,184,9,18,467,388,23239.0,8,26,12,3,5,24,985,36,6,62,1481.4814814814815
20,17,2,46,54,3,0,449,761,23197.0,5,13,3,4,4,54,985,12,7,34,1478.723404255319
9,15,1,100,0,0,0,329,54,3341.0,9,3,3,7,0,0,54,0,15,10,1478.2608695652175
12,5,2,23,6,0,0,181,168,8223.0,12,1,2,5,2,0,174,0,5,9,1475.0
11,5,2,68,6,0,0,181,174,8223.0,12,1,2,5,2,0,180,0,5,9,1472.2222222222222
3,8,0,68,0,0,0,428,0,2286.0,16,0,1,7,0,0,0,0,9,0,1471.825063078217
9,16,10,11,206,13,34,482,175,7658.0,10,16,14,2,8,11,973,84,7,54,1471.489883507051
1,5,0,70,0,0,0,302,30,2575.0,12,0,0,7,2,2,36,0,16,2,1470.5882352941176
8,14,0,17,0,0,0,702,6,2554.0,1,0,0,11,1,0,6,0,12,8,1466.6666666666667
4,7,0,44,0,0,0,429,66,3342.0,13,3,1,6,3,0,66,0,6,6,1464.3363249881909
20,18,12,101,184,9,18,467,388,23239.0,8,26,12,3,5,24,985,36,6,62,1463.4146341463415
6,9,1,44,0,0,1,177,480,11754.0,11,4,0,4,1,5,576,0,5,18,1461.5384615384614
20,17,2,41,54,3,0,449,761,23197.0,5,13,3,4,4,54,985,12,7,34,1460.3174603174602
17,10,1,26,313,4,49,311,216,5351.0,10,5,6,1,7,10,973,115,10,64,1458.8235294117646
20,17,2,98,54,3,0,449,761,23197.0,5,13,3,4,4,54,985,12,7,34,1458.3333333333337
27,24,1,41,36,3,0,446,520,16032.0,4,8,7,5,2,38,616,6,9,27,1458.3333333333333
17,24,3,98,6,3,0,444,228,11748.0,3,1,2,6,0,24,282,6,8,49,1456.953642384106
18,10,0,75,344,2,61,307,216,2841.0,10,5,7,1,7,10,961,72,10,64,1456.5217391304348
9,24,0,27,0,1,0,241,66,3259.0,7,0,2,8,0,1,66,0,3,11,1456.5217391304348
24,9,8,21,62,5,2,343,690,8037.0,8,16,10,3,1,47,895,12,11,38,1456.043956043956
7,8,0,44,0,2,0,432,296,4083.0,13,4,0,4,1,1,302,0,7,11,1455.5256064690027
17,10,1,70,313,4,49,311,216,5351.0,10,5,6,1,7,10,973,115,10,64,1454.5454545454545
9,16,10,94,206,13,34,482,175,7658.0,10,16,14,2,8,11,973,84,7,54,1452.0703346568348
1,11,0,14,0,0,1,180,114,12487.0,11,0,3,6,0,0,120,6,3,10,1451.219512195122
26,10,1,102,91,0,4,297,410,29575.0,9,14,0,3,3,36,937,18,11,51,1450.0
12,5,2,44,6,0,0,181,168,8223.0,12,1,2,5,2,0,174,0,5,9,1448.6486486486488
0,0,0,29,0,0,0,52,0,888.0,15,0,0,18,0,0,0,0,25,0,1448.2758620689656
26,15,1,98,12,1,0,731,217,3626.0,4,5,3,6,2,25,271,6,11,41,1447.9638009049777
5,18,0,17,0,0,0,224,6,10596.0,4,0,0,10,1,0,6,0,7,5,1445.578231292517
24,22,9,47,90,6,16,464,571,18375.0,9,21,12,3,5,10,925,30,5,59,1444.4444444444443
20,17,2,46,54,3,0,449,761,23197.0,5,13,3,4,4,54,985,12,7,34,1444.4444444444443
20,17,2,41,54,3,0,449,761,23197.0,5,13,3,4,4,54,985,12,7,34,1440.2173913043478
21,15,1,52,12,1,0,731,211,3626.0,4,6,3,6,2,24,271,0,11,42,1439.969604863222
9,16,10,31,206,13,34,482,175,7658.0,10,16,14,2,8,11,973,84,7,54,1437.7289377289376
0,7,0,70,0,0,0,367,0,1785.0,14,0,0,10,2,0,0,0,19,2,1437.5
21,14,2,52,24,0,0,346,131,4621.0,5,2,2,6,2,27,173,0,12,47,1437.125748502994
20,17,2,35,54,3,0,449,761,23197.0,5,13,3,4,4,54,985,12,7,34,1431.111111111111
0,7,0,26,0,0,0,367,0,1785.0,14,0,0,10,2,0,0,0,19,2,1430.763488574628
2,6,0,0,0,0,0,400,24,3373.0,13,0,0,7,0,0,24,0,17,2,1429.951690821256
30,14,0,87,42,0,1,471,528,16637.0,7,11,1,5,6,11,606,0,5,68,1428.571428571429
2,6,0,73,0,0,0,400,18,3373.0,13,0,2,7,0,0,18,0,17,2,1428.571428571429
15,18,2,11,42,2,5,477,590,24762.0,7,13,2,4,5,12,722,12,5,63,1428.571428571429
3,6,0,73,0,0,0,400,12,3373.0,13,1,2,8,0,0,12,0,17,2,1428.571428571429
40,17,4,95,165,0,0,437,500,29015.0,6,16,6,3,8,30,1027,18,8,27,1428.571428571429
24,9,8,78,62,5,2,343,690,8037.0,8,16,10,3,1,47,895,12,11,38,1428.571428571429
14,9,6,52,285,12,25,481,156,28799.0,9,16,20,0,2,26,1021,264,9,51,1428.571428571429
17,19,1,86,6,1,0,472,284,26248.0,5,3,2,6,1,6,320,0,6,72,1425.0
12,5,2,44,6,0,0,181,168,8223.0,12,1,2,5,2,0,174,0,5,9,1424.2424242424242
6,9,1,44,0,0,1,177,480,11754.0,11,4,0,4,1,5,576,0,5,18,1420.4545454545455
23,14,6,11,90,7,1,465,562,27697.0,7,17,13,3,5,16,937,24,6,70,1418.4397163120568
3,19,0,75,0,0,0,174,0,1551.0,10,0,0,10,0,0,0,0,1,1,1418.1818181818182
6,9,1,68,0,0,1,177,480,11754.0,11,4,0,4,1,5,576,0,5,18,1416.6666666666667
14,9,6,52,285,12,25,481,156,28799.0,9,16,20,0,2,26,1021,264,9,51,1416.6666666666667
21,11,0,52,432,13,47,456,186,16252.0,9,12,11,1,8,40,1027,208,10,46,1416.6666666666667
39,16,5,97,181,3,0,439,446,20882.0,6,18,14,3,6,36,1033,24,8,23,1414.3094841930117
14,9,6,53,285,12,25,481,156,28799.0,9,16,20,0,2,26,1021,264,9,51,1411.764705882353
20,18,12,51,184,9,18,467,388,23239.0,8,26,12,3,5,24,985,36,6,62,1410.44776119403
10,15,1,70,134,2,32,296,405,11327.0,10,3,3,2,1,7,931,18,11,70,1409.090909090909
5,8,1,44,0,2,0,177,380,11754.0,12,0,2,4,2,3,416,0,6,17,1407.4074074074074
12,5,2,72,6,0,0,181,168,8223.0,12,1,2,5,2,0,174,0,5,9,1406.25
20,18,12,11,184,9,18,467,388,23239.0,8,26,12,3,5,24,985,36,6,62,1406.25
20,11,0,52,414,14,42,456,186,16252.0,9,12,10,1,6,40,1027,218,10,46,1406.25
4,16,0,75,0,0,0,201,0,2310.0,5,0,0,10,2,0,0,0,6,2,1406.25
12,25,2,29,0,0,0,734,84,6959.0,2,2,1,7,1,13,102,6,10,56,1406.25
27,25,1,98,36,3,0,446,539,16032.0,4,10,7,5,2,36,635,6,9,28,1403.061224489796
21,11,0,109,432,13,47,456,186,16252.0,9,12,11,1,8,40,1027,208,10,46,1402.9850746268658
3,19,0,27,0,0,0,174,0,1551.0,10,0,0,10,0,0,0,0,1,1,1402.7149321266968
12,5,2,44,6,0,0,181,168,8223.0,12,1,2,5,2,0,174,0,5,9,1400.5602240896358
20,17,2,38,54,3,0,449,761,23197.0,5,13,3,4,4,54,985,12,7,34,1400.0
10,13,2,52,6,1,0,346,140,4621.0,5,3,5,6,2,20,176,0,12,57,1400.0
4,16,0,27,0,0,0,201,0,2310.0,5,0,0,10,2,0,0,0,6,2,1400.0
17,10,1,26,313,4,49,311,216,5351.0,10,5,6,1,7,10,973,115,10,64,1400.0
6,22,0,27,0,0,0,243,114,4237.0,7,1,2,7,0,3,114,0,4,20,1398.6013986013986
0,7,0,70,0,0,0,397,6,1716.0,13,1,1,9,2,1,6,0,18,2,1396.6480446927374
0,2,0,82,0,0,0,488,0,499.0,7,0,0,17,0,0,0,0,18,0,1395.0
4,16,0,27,0,0,0,201,0,2310.0,5,0,0,10,2,0,0,0,6,2,1392.857142857143
9,24,0,83,0,1,0,241,66,3259.0,7,0,2,8,0,1,66,0,3,11,1392.4050632911392
26,10,1,21,91,0,4,297,410,29575.0,9,14,0,3,3,36,937,18,11,51,1390.4761904761904
30,14,0,85,42,0,1,471,528,16637.0,7,11,1,5,6,11,606,0,5,68,1388.888888888889
24,9,8,21,62,5,2,343,690,8037.0,8,16,10,3,1,47,895,12,11,38,1388.888888888889
26,10,1,21,91,0,4,297,410,29575.0,9,14,0,3,3,36,937,18,11,51,1388.888888888889
4,7,0,44,0,0,0,429,66,3342.0,13,3,1,6,3,0,66,0,6,6,1387.12745719721
9,16,10,28,206,13,34,482,175,7658.0,10,16,14,2,8,11,973,84,7,54,1386.138613861386
20,17,2,41,54,3,0,449,761,23197.0,5,13,3,4,4,54,985,12,7,34,1385.8695652173913
4,7,0,44,0,0,0,429,66,3342.0,13,3,1,6,3,0,66,0,6,6,1383.6477987421383
0,7,0,70,0,0,0,367,0,1785.0,14,0,0,10,2,0,0,0,19,2,1379.84496124031
9,8,1,44,0,0,0,432,259,4083.0,12,3,3,5,2,1,271,0,6,11,1379.3103448275865
10,15,1,0,134,2,32,296,405,11327.0,10,3,3,2,1,7,931,18,11,70,1378.4461152882209
10,15,1,73,134,2,32,296,405,11327.0,10,3,3,2,1,7,931,18,11,70,1377.7777777777778
20,17,2,41,54,3,0,449,761,23197.0,5,13,3,4,4,54,985,12,7,34,1377.5862068965516
20,11,0,52,414,14,42,456,186,16252.0,9,12,10,1,6,40,1027,218,10,46,1376.0
2,10,0,107,0,0,0,408,601,22.0,13,1,0,3,2,2,625,0,8,14,1375.0
20,17,2,41,54,3,0,449,761,23197.0,5,13,3,4,4,54,985,12,7,34,1373.9669421487604
9,16,10,11,206,13,34,482,175,7658.0,10,16,14,2,8,11,973,84,7,54,1370.967741935484
10,15,1,70,134,2,32,296,405,11327.0,10,3,3,2,1,7,931,18,11,70,1367.9245283018868
10,15,1,26,134,2,32,296,405,11327.0,10,3,3,2,1,7,931,18,11,70,1367.9245283018868
20,18,12,12,184,9,18,467,388,23239.0,8,26,12,3,5,24,985,36,6,62,1363.6363636363635
3,19,0,27,0,0,0,174,0,1551.0,10,0,0,10,0,0,0,0,1,1,1363.6363636363635
7,12,0,17,0,0,0,723,6,8517.0,2,0,0,12,2,0,6,0,11,0,1362.3978201634875
24,9,8,78,62,5,2,343,690,8037.0,8,16,10,3,1,47,895,12,11,38,1361.111111111111
7,13,0,15,6,0,0,176,250,9638.0,10,1,5,5,0,2,292,0,3,19,1360.0
21,11,0,52,432,13,47,456,186,16252.0,9,12,11,1,8,40,1027,208,10,46,1357.142857142857
24,22,9,13,90,6,16,464,571,18375.0,9,21,12,3,5,10,925,30,5,59,1354.1666666666667
9,16,10,28,206,13,34,482,175,7658.0,10,16,14,2,8,11,973,84,7,54,1354.1666666666667
4,7,1,21,0,0,0,399,42,2574.0,11,1,0,7,3,1,48,0,16,4,1352.9411764705883
4,16,0,27,0,0,0,201,0,2310.0,5,0,0,10,2,0,0,0,6,2,1345.1461293285072
4,7,0,44,0,0,0,429,66,3342.0,13,3,1,6,3,0,66,0,6,6,1344.0860215053765
20,17,2,41,54,3,0,449,761,23197.0,5,13,3,4,4,54,985,12,7,34,1343.75
12,5,2,44,6,0,0,181,168,8223.0,12,1,2,5,2,0,174,0,5,9,1340.6156901688182
9,16,10,31,206,13,34,482,175,7658.0,10,16,14,2,8,11,973,84,7,54,1339.2857142857142
0,7,0,73,0,0,0,367,0,1785.0,14,0,0,10,2,0,0,0,19,2,1339.2857142857142
0,7,0,26,0,0,0,367,0,1785.0,14,0,0,10,2,0,0,0,19,2,1339.2857142857142
9,16,10,9,206,13,34,482,175,7658.0,10,16,14,2,8,11,973,84,7,54,1339.2857142857142
10,15,1,70,134,2,32,296,405,11327.0,10,3,3,2,1,7,931,18,11,70,1338.7978142076502
24,9,8,100,62,5,2,343,690,8037.0,8,16,10,3,1,47,895,12,11,38,1335.4037267080746
24,9,8,78,62,5,2,343,690,8037.0,8,16,10,3,1,47,895,12,11,38,1334.614563314115
24,9,8,100,62,5,2,343,690,8037.0,8,16,10,3,1,47,895,12,11,38,1334.614563314115
1,5,0,73,0,0,0,396,12,2956.0,13,0,0,8,0,0,12,0,17,2,1333.3333333333333
17,10,1,0,313,4,49,311,216,5351.0,10,5,6,1,7,10,973,115,10,64,1330.3769401330378
3,19,0,40,0,0,0,174,0,1551.0,10,0,0,10,0,0,0,0,1,1,1329.787234042553
20,17,2,41,54,3,0,449,761,23197.0,5,13,3,4,4,54,985,12,7,34,1329.787234042553
12,5,2,72,6,0,0,181,168,8223.0,12,1,2,5,2,0,174,0,5,9,1328.125
20,17,2,98,54,3,0,449,761,23197.0,5,13,3,4,4,54,985,12,7,34,1328.125
10,15,1,0,134,2,32,296,405,11327.0,10,3,3,2,1,7,931,18,11,70,1327.7777777777778
9,16,10,31,206,13,34,482,175,7658.0,10,16,14,2,8,11,973,84,7,54,1326.2599469496022
5,24,1,27,0,0,0,229,0,1386.0,8,0,0,9,2,1,0,0,3,1,1322.7513227513227
3,19,0,69,0,0,0,174,0,1551.0,10,0,0,10,0,0,0,0,1,1,1320.4909119154886
24,9,8,78,62,5,2,343,690,8037.0,8,16,10,3,1,47,895,12,11,38,1315.7894736842106
9,16,10,11,206,13,34,482,175,7658.0,10,16,14,2,8,11,973,84,7,54,1315.5701754385964
4,16,0,27,0,0,0,201,0,2310.0,5,0,0,10,2,0,0,0,6,2,1314.5539906103286
0,6,0,70,0,0,0,363,0,673.0,14,0,0,10,0,0,0,0,19,1,1313.1313131313132
8,14,0,17,0,0,0,702,6,2554.0,1,0,0,11,1,0,6,0,12,8,1312.1693121693122
17,10,1,26,313,4,49,311,216,5351.0,10,5,6,1,7,10,973,115,10,64,1309.5238095238096
17,10,1,26,313,4,49,311,216,5351.0,10,5,6,1,7,10,973,115,10,64,1309.5238095238096
9,16,10,93,206,13,34,482,175,7658.0,10,16,14,2,8,11,973,84,7,54,1309.5238095238096
3,19,0,27,0,0,0,174,0,1551.0,10,0,0,10,0,0,0,0,1,1,1309.5238095238096
16,23,1,29,12,0,0,718,90,6234.0,2,2,1,7,2,14,114,0,9,58,1309.154761904762
20,14,5,11,60,5,1,465,676,27697.0,8,16,7,4,6,11,913,12,5,65,1307.6923076923076
3,19,0,27,0,0,0,174,0,1551.0,10,0,0,10,0,0,0,0,1,1,1306.8181818181818
10,15,1,70,134,2,32,296,405,11327.0,10,3,3,2,1,7,931,18,11,70,1305.5555555555557
3,12,0,19,0,0,0,98,0,567.0,11,0,0,10,1,0,0,0,1,1,1300.0
8,16,0,35,0,0,0,312,54,4912.0,7,0,0,7,1,0,60,0,14,23,1300.0
24,15,6,95,66,3,1,457,722,5039.0,6,19,9,4,2,15,997,18,9,32,1300.0
12,16,0,35,6,0,0,349,84,4758.0,6,4,3,7,1,3,102,0,13,64,1300.0
24,9,8,78,62,5,2,343,690,8037.0,8,16,10,3,1,47,895,12,11,38,1300.0
20,11,0,52,414,14,42,456,186,16252.0,9,12,10,1,6,40,1027,218,10,46,1300.0
9,16,10,11,206,13,34,482,175,7658.0,10,16,14,2,8,11,973,84,7,54,1300.0
10,16,0,15,12,0,1,176,284,9638.0,10,3,4,5,1,2,338,0,3,24,1300.0
16,19,3,85,30,4,5,477,606,24762.0,8,11,5,4,3,11,756,18,5,60,1300.0
20,17,2,35,54,3,0,449,761,23197.0,5,13,3,4,4,54,985,12,7,34,1300.0
20,11,8,101,76,1,4,453,476,36545.0,8,14,5,3,4,50,949,24,11,39,1300.0
10,17,0,35,6,0,0,349,78,4758.0,6,4,1,7,1,1,84,0,13,60,1300.0
12,5,2,68,6,0,0,181,168,8223.0,12,1,2,5,2,0,174,0,5,9,1299.3762993762994
4,16,0,27,0,0,0,201,0,2310.0,5,0,0,10,2,0,0,0,6,2,1298.7012987012988
12,5,2,44,6,0,0,181,168,8223.0,12,1,2,5,2,0,174,0,5,9,1296.2962962962963
0,7,0,70,0,0,0,367,0,1785.0,14,0,0,10,2,0,0,0,19,2,1293.4782608695652
10,15,1,0,134,2,32,296,405,11327.0,10,3,3,2,1,7,931,18,11,70,1292.9292929292928
7,11,1,26,238,2,57,306,380,4318.0,11,3,6,1,3,8,931,24,11,65,1292.9292929292928
16,19,3,85,30,4,5,477,606,24762.0,8,11,5,4,3,11,756,18,5,60,1292.5170068027212
3,5,0,107,0,0,0,435,12,1099.0,14,0,0,7,2,1,12,0,7,1,1291.989664082687
21,14,2,52,24,0,0,346,131,4621.0,5,2,2,6,2,27,173,0,12,47,1289.8330804248862
1,5,0,70,0,0,0,302,30,2575.0,12,0,0,7,2,2,36,0,16,2,1289.6825396825398
32,16,0,85,30,0,1,471,482,16637.0,6,10,1,5,4,9,560,0,5,71,1288.888888888889
1,6,0,69,0,0,0,83,0,730.0,13,0,2,15,0,0,0,0,5,0,1287.878787878788
9,16,10,28,206,13,34,482,175,7658.0,10,16,14,2,8,11,973,84,7,54,1285.7142857142858
10,15,1,26,134,2,32,296,405,11327.0,10,3,3,2,1,7,931,18,11,70,1285.7142857142858
21,11,0,61,432,13,47,456,186,16252.0,9,12,11,1,8,40,1027,208,10,46,1282.051282051282
12,5,2,22,6,0,0,181,168,8223.0,12,1,2,5,2,0,174,0,5,9,1281.581838154522
4,7,0,44,0,0,0,429,66,3342.0,13,3,1,6,3,0,66,0,6,6,1279.1991101223582
9,24,0,75,0,1,0,241,66,3259.0,7,0,2,8,0,1,66,0,3,11,1276.595744680851
2,8,0,14,0,0,0,165,114,8431.0,11,0,2,6,0,0,120,0,3,8,1276.3636363636365
4,7,0,44,0,0,0,429,66,3342.0,13,3,1,6,3,0,66,0,6,6,1275.3897024090695
24,9,8,21,62,5,2,343,690,8037.0,8,16,10,3,1,47,895,12,11,38,1274.5098039215686
21,11,0,52,432,13,47,456,186,16252.0,9,12,11,1,8,40,1027,208,10,46,1264.8809523809523
24,22,9,30,90,6,16,464,571,18375.0,9,21,12,3,5,10,925,30,5,59,1264.516129032258
0,7,0,70,0,0,0,367,0,1785.0,14,0,0,10,2,0,0,0,19,2,1261.904761904762
10,15,1,73,134,2,32,296,405,11327.0,10,3,3,2,1,7,931,18,11,70,1261.904761904762
0,8,0,68,0,0,0,789,0,1672.0,17,0,0,8,0,0,0,0,10,0,1261.564339781329
21,11,0,61,432,13,47,456,186,16252.0,9,12,11,1,8,40,1027,208,10,46,1260.5042016806722
9,16,10,28,206,13,34,482,175,7658.0,10,16,14,2,8,11,973,84,7,54,1257.4423480083858
0,7,0,70,0,0,0,367,0,1785.0,14,0,0,10,2,0,0,0,19,2,1254.4802867383512
6,9,1,44,0,0,1,177,480,11754.0,11,4,0,4,1,5,576,0,5,18,1251.2899896800827
21,11,0,52,432,13,47,456,186,16252.0,9,12,11,1,8,40,1027,208,10,46,1251.078515962036
24,22,9,29,90,6,16,464,571,18375.0,9,21,12,3,5,10,925,30,5,59,1250.0
26,10,1,36,91,0,4,297,410,29575.0,9,14,0,3,3,36,937,18,11,51,1250.0
16,19,3,85,30,4,5,477,606,24762.0,8,11,5,4,3,11,756,18,5,60,1250.0
24,9,8,78,62,5,2,343,690,8037.0,8,16,10,3,1,47,895,12,11,38,1250.0
1,5,0,70,0,0,0,396,12,2956.0,13,0,0,8,0,0,12,0,17,2,1250.0
2,10,0,107,0,0,0,408,601,22.0,13,1,0,3,2,2,625,0,8,14,1248.75
10,15,1,73,134,2,32,296,405,11327.0,10,3,3,2,1,7,931,18,11,70,1246.875
12,5,2,68,6,0,0,181,168,8223.0,12,1,2,5,2,0,174,0,5,9,1246.3617463617463
13,19,1,27,0,0,0,242,42,4364.0,7,0,2,8,1,1,42,0,4,8,1242.2360248447203
9,24,0,83,0,1,0,241,66,3259.0,7,0,2,8,0,1,66,0,3,11,1238.095238095238
26,10,1,21,91,0,4,297,410,29575.0,9,14,0,3,3,36,937,18,11,51,1237.6237623762377
14,9,6,62,285,12,25,481,156,28799.0,9,16,20,0,2,26,1021,264,9,51,1236.3636363636365
26,15,1,41,12,1,0,731,217,3626.0,4,5,3,6,2,25,271,6,11,41,1235.5555555555557
12,3,1,44,6,0,0,430,180,3952.0,12,1,2,5,2,0,186,0,5,10,1235.1190476190477
0,7,0,73,0,0,0,367,0,1785.0,14,0,0,10,2,0,0,0,19,2,1234.567901234568
0,6,0,73,0,0,0,397,6,1716.0,13,1,0,9,2,1,6,0,18,2,1234.375
9,16,10,9,206,13,34,482,175,7658.0,10,16,14,2,8,11,973,84,7,54,1234.375
27,25,1,41,36,3,0,446,539,16032.0,4,10,7,5,2,36,635,6,9,28,1234.1407151095732
34,16,3,42,321,2,17,455,168,17436.0,7,21,10,2,9,29,1039,119,9,28,1230.7692307692307
1,9,0,68,0,0,0,428,0,2286.0,16,0,1,7,0,0,0,0,9,0,1230.1587301587304
14,17,0,29,6,0,0,693,24,3331.0,0,1,2,9,2,4,30,0,11,17,1229.1666666666667
16,19,3,85,30,4,5,477,606,24762.0,8,11,5,4,3,11,756,18,5,60,1227.5132275132275
24,9,8,21,62,5,2,343,690,8037.0,8,16,10,3,1,47,895,12,11,38,1224.7697432882617
27,25,1,41,36,3,0,446,539,16032.0,4,10,7,5,2,36,635,6,9,28,1222.2222222222222
24,9,8,78,62,5,2,343,690,8037.0,8,16,10,3,1,47,895,12,11,38,1220.9302325581396
20,11,0,53,414,14,42,456,186,16252.0,9,12,10,1,6,40,1027,218,10,46,1217.391304347826
3,7,0,71,0,0,0,577,0,2809.0,5,0,0,12,1,0,0,0,16,0,1217.0385395537526
6,9,1,68,0,0,1,177,480,11754.0,11,4,0,4,1,5,576,0,5,18,1216.931216931217
11,10,1,23,48,0,3,418,658,16309.0,11,7,4,3,3,5,826,0,6,22,1216.931216931217
0,7,0,26,0,0,0,367,0,1785.0,14,0,0,10,2,0,0,0,19,2,1216.3386243386244
3,19,0,27,0,0,0,174,0,1551.0,10,0,0,10,0,0,0,0,1,1,1214.9438088488407
0,7,0,70,0,0,0,367,0,1785.0,14,0,0,10,2,0,0,0,19,2,1214.2857142857142
4,25,0,17,0,0,0,223,12,11389.0,2,0,0,10,1,1,12,0,9,11,1211.050013092433
12,5,2,72,6,0,0,181,168,8223.0,12,1,2,5,2,0,174,0,5,9,1208.3333333333333
3,14,0,17,0,0,0,725,6,9191.0,0,0,0,11,0,1,6,0,11,6,1208.3333333333333
14,9,6,52,285,12,25,481,156,28799.0,9,16,20,0,2,26,1021,264,9,51,1200.0
16,19,3,85,30,4,5,477,606,24762.0,8,11,5,4,3,11,756,18,5,60,1200.0
20,11,0,52,414,14,42,456,186,16252.0,9,12,10,1,6,40,1027,218,10,46,1200.0
16,21,1,52,18,0,1,458,460,4119.0,4,14,0,5,2,35,562,0,10,27,1200.0
20,18,1,35,0,1,0,348,140,2630.0,7,4,5,6,1,9,170,6,13,66,1200.0
24,22,9,29,90,6,16,464,571,18375.0,9,21,12,3,5,10,925,30,5,59,1200.0
13,20,0,46,6,2,0,216,138,10208.0,3,5,1,7,4,13,156,0,7,68,1200.0
8,9,1,100,24,0,0,357,577,4977.0,9,2,2,4,2,7,667,0,13,57,1200.0
16,22,0,85,6,0,0,475,378,18627.0,7,5,0,5,2,8,438,0,4,42,1200.0
24,9,8,78,62,5,2,343,690,8037.0,8,16,10,3,1,47,895,12,11,38,1198.6062717770037
24,9,8,78,62,5,2,343,690,8037.0,8,16,10,3,1,47,895,12,11,38,1196.969696969697
14,9,6,59,285,12,25,481,156,28799.0,9,16,20,0,2,26,1021,264,9,51,1196.0
15,10,2,53,322,13,18,481,162,28799.0,9,12,13,0,2,23,1021,205,9,54,1190.4761904761904
0,7,0,26,0,0,0,367,0,1785.0,14,0,0,10,2,0,0,0,19,2,1190.4761904761904
3,19,0,27,0,0,0,174,0,1551.0,10,0,0,10,0,0,0,0,1,1,1190.4761904761904
10,15,1,70,134,2,32,296,405,11327.0,10,3,3,2,1,7,931,18,11,70,1188.811188811189
2,6,0,68,0,0,0,422,0,3141.0,16,1,0,7,0,0,0,0,9,0,1185.1851851851852
24,9,8,78,62,5,2,343,690,8037.0,8,16,10,3,1,47,895,12,11,38,1182.9268292682927
3,19,0,27,0,0,0,174,0,1551.0,10,0,0,10,0,0,0,0,1,1,1180.5555555555557
1,7,0,68,0,0,0,422,0,3141.0,16,0,1,7,0,0,0,0,9,0,1179.245283018868
20,18,12,29,184,9,18,467,388,23239.0,8,26,12,3,5,24,985,36,6,62,1176.470588235294
20,11,0,52,414,14,42,456,186,16252.0,9,12,10,1,6,40,1027,218,10,46,1172.5955204216075
20,18,12,32,184,9,18,467,388,23239.0,8,26,12,3,5,24,985,36,6,62,1171.875
9,16,10,31,206,13,34,482,175,7658.0,10,16,14,2,8,11,973,84,7,54,1171.875
32,16,0,14,30,0,1,471,482,16637.0,6,10,1,5,4,9,560,0,5,71,1170.5685618729096
17,15,6,11,54,5,3,477,701,24762.0,8,16,6,4,5,13,899,12,5,63,1168.8311688311687
4,7,0,23,0,0,0,429,66,3342.0,13,3,1,6,3,0,66,0,6,6,1166.6666666666667
4,16,0,75,0,0,0,201,0,2310.0,5,0,0,10,2,0,0,0,6,2,1162.7906976744189
20,18,12,3,184,9,18,467,388,23239.0,8,26,12,3,5,24,985,36,6,62,1161.4401858304298
20,18,12,31,184,9,18,467,388,23239.0,8,26,12,3,5,24,985,36,6,62,1161.2903225806451
3,19,0,75,0,0,0,174,0,1551.0,10,0,0,10,0,0,0,0,1,1,1160.7142857142858
16,9,3,53,343,13,17,311,162,5351.0,9,10,17,0,2,14,1015,205,9,63,1160.7142857142858
9,16,10,28,206,13,34,482,175,7658.0,10,16,14,2,8,11,973,84,7,54,1160.337552742616
8,18,3,86,18,1,0,472,500,26248.0,6,2,6,5,1,12,584,0,6,73,1158.5365853658536
26,10,1,21,91,0,4,297,410,29575.0,9,14,0,3,3,36,937,18,11,51,1158.5365853658536
6,7,1,44,0,2,0,430,186,3952.0,12,1,3,5,2,1,192,0,6,9,1156.4625850340135
0,7,0,70,0,0,0,367,0,1785.0,14,0,0,10,2,0,0,0,19,2,1156.25
4,16,0,69,0,0,0,201,0,2310.0,5,0,0,10,2,0,0,0,6,2,1151.7857142857142
6,9,1,68,0,0,1,177,480,11754.0,11,4,0,4,1,5,576,0,5,18,1149.8257839721257
3,19,0,40,0,0,0,174,0,1551.0,10,0,0,10,0,0,0,0,1,1,1147.342995169082
0,7,0,70,0,0,0,367,0,1785.0,14,0,0,10,2,0,0,0,19,2,1145.8333333333333
26,10,1,89,91,0,4,297,410,29575.0,9,14,0,3,3,36,937,18,11,51,1145.8333333333333
9,16,10,11,206,13,34,482,175,7658.0,10,16,14,2,8,11,973,84,7,54,1144.688644688645
20,18,12,3,184,9,18,467,388,23239.0,8,26,12,3,5,24,985,36,6,62,1144.5086705202311
16,19,3,85,30,4,5,477,606,24762.0,8,11,5,4,3,11,756,18,5,60,1141.025641025641
4,16,0,64,0,0,0,201,0,2310.0,5,0,0,10,2,0,0,0,6,2,1139.240506329114
2,9,0,68,0,0,0,428,0,2286.0,17,0,1,8,0,0,0,0,9,0,1138.2113821138212
3,19,0,27,0,0,0,174,0,1551.0,10,0,0,10,0,0,0,0,1,1,1136.3636363636365
4,7,0,68,0,0,0,429,66,3342.0,13,3,1,6,3,0,66,0,6,6,1133.3333333333333
3,19,0,27,0,0,0,174,0,1551.0,10,0,0,10,0,0,0,0,1,1,1130.952380952381
3,10,0,17,0,0,0,669,0,12502.0,3,0,0,12,0,0,0,0,11,0,1129.032258064516
4,7,1,78,0,0,0,399,42,2574.0,11,1,0,7,3,1,48,0,16,4,1128.571428571429
4,7,1,21,0,0,0,399,42,2574.0,11,1,0,7,3,1,48,0,16,4,1128.2051282051282
21,11,0,52,432,13,47,456,186,16252.0,9,12,11,1,8,40,1027,208,10,46,1128.2051282051282
3,19,0,27,0,0,0,174,0,1551.0,10,0,0,10,0,0,0,0,1,1,1125.0
8,14,0,17,0,0,0,702,6,2554.0,1,0,0,11,1,0,6,0,12,8,1125.0
2,10,0,107,0,0,0,408,601,22.0,13,1,0,3,2,2,625,0,8,14,1125.0
26,15,1,38,12,1,0,731,217,3626.0,4,5,3,6,2,25,271,6,11,41,1125.0
21,11,0,62,432,13,47,456,186,16252.0,9,12,11,1,8,40,1027,208,10,46,1124.2603550295858
3,19,0,27,0,0,0,174,0,1551.0,10,0,0,10,0,0,0,0,1,1,1120.6328279499012
16,19,3,85,30,4,5,477,606,24762.0,8,11,5,4,3,11,756,18,5,60,1119.047619047619
20,17,2,98,54,3,0,449,761,23197.0,5,13,3,4,4,54,985,12,7,34,1111.111111111111
0,15,0,75,0,0,0,158,0,233.0,9,0,0,13,0,0,0,0,6,0,1109.5890410958905
20,17,2,38,54,3,0,449,761,23197.0,5,13,3,4,4,54,985,12,7,34,1107.142857142857
27,25,1,41,36,3,0,446,539,16032.0,4,10,7,5,2,36,635,6,9,28,1106.0
27,16,2,11,54,2,6,477,590,24762.0,7,12,1,4,6,12,722,6,5,69,1104.2944785276077
30,14,0,85,42,0,1,471,528,16637.0,7,11,1,5,6,11,606,0,5,68,1103.8961038961038
1,15,0,35,0,0,0,337,6,5035.0,8,0,0,10,0,0,6,0,16,1,1100.0
16,17,3,85,30,4,5,477,647,24762.0,8,11,3,4,3,11,797,18,5,62,1100.0
30,14,0,87,42,0,1,471,528,16637.0,7,11,1,5,6,11,606,0,5,68,1100.0
21,11,0,52,432,13,47,456,186,16252.0,9,12,11,1,8,40,1027,208,10,46,1098.901098901099
4,16,0,27,0,0,0,201,0,2310.0,5,0,0,10,2,0,0,0,6,2,1098.360655737705
20,17,2,41,54,3,0,449,761,23197.0,5,13,3,4,4,54,985,12,7,34,1096.341463414634
24,9,8,78,62,5,2,343,690,8037.0,8,16,10,3,1,47,895,12,11,38,1092.7004685090303
9,24,0,75,0,1,0,241,66,3259.0,7,0,2,8,0,1,66,0,3,11,1091.1424903722725
9,16,10,94,206,13,34,482,175,7658.0,10,16,14,2,8,11,973,84,7,54,1089.7435897435898
20,14,2,52,18,0,0,346,135,4621.0,5,2,2,6,2,24,165,0,12,50,1089.090909090909
20,17,2,98,54,3,0,449,761,23197.0,5,13,3,4,4,54,985,12,7,34,1086.9565217391305
12,5,2,74,6,0,0,181,168,8223.0,12,1,2,5,2,0,174,0,5,9,1086.41975308642
9,16,10,11,206,13,34,482,175,7658.0,10,16,14,2,8,11,973,84,7,54,1085.9683794466405
10,15,1,70,134,2,32,296,405,11327.0,10,3,3,2,1,7,931,18,11,70,1084.6560846560849
0,1,0,0,0,0,0,811,0,67.0,19,0,0,14,0,0,0,0,24,0,1080.4020100502512
32,16,0,87,30,0,1,471,482,16637.0,6,10,1,5,4,9,560,0,5,71,1078.125
2,10,0,107,0,0,0,408,601,22.0,13,1,0,3,2,2,625,0,8,14,1077.922077922078
3,19,0,27,0,0,0,174,0,1551.0,10,0,0,10,0,0,0,0,1,1,1076.0869565217392
2,10,0,107,0,0,0,408,601,22.0,13,1,0,3,2,2,625,0,8,14,1075.0
24,9,8,78,62,5,2,343,690,8037.0,8,16,10,3,1,47,895,12,11,38,1074.427885423595
4,16,0,75,0,0,0,201,0,2310.0,5,0,0,10,2,0,0,0,6,2,1069.9493787390704
11,24,1,11,24,0,2,183,393,22376.0,9,7,2,5,4,5,459,0,4,26,1069.4183864915574
9,16,10,11,206,13,34,482,175,7658.0,10,16,14,2,8,11,973,84,7,54,1068.9655172413793
3,19,0,27,0,0,0,174,0,1551.0,10,0,0,10,0,0,0,0,1,1,1064.1025641025642
16,19,3,88,30,4,5,477,606,24762.0,8,11,5,4,3,11,756,18,5,60,1062.5
30,14,0,85,42,0,1,471,528,16637.0,7,11,1,5,6,11,606,0,5,68,1062.5
2,10,0,107,0,0,0,408,601,22.0,13,1,0,3,2,2,625,0,8,14,1062.5
16,19,3,85,30,4,5,477,606,24762.0,8,11,5,4,3,11,756,18,5,60,1062.5
3,8,0,70,12,0,0,303,253,1154.0,12,1,1,5,1,2,277,0,14,11,1060.6060606060605
0,11,0,41,0,0,0,575,0,1347.0,6,0,0,12,0,0,0,0,17,0,1057.4018126888218
6,9,1,72,0,0,1,177,480,11754.0,11,4,0,4,1,5,576,0,5,18,1052.6315789473686
4,10,2,102,0,0,0,356,60,2904.0,10,1,0,7,1,1,66,0,15,6,1050.0
0,4,0,26,0,0,0,368,0,1147.0,16,0,0,10,1,0,0,0,20,1,1050.0
4,15,0,17,0,0,0,725,6,9191.0,1,0,1,11,1,1,6,0,11,5,1050.0
2,10,0,107,0,0,0,408,601,22.0,13,1,0,3,2,2,625,0,8,14,1050.0
20,17,2,38,54,3,0,449,761,23197.0,5,13,3,4,4,54,985,12,7,34,1049.5
16,19,3,85,30,4,5,477,606,24762.0,8,11,5,4,3,11,756,18,5,60,1047.6190476190477
3,19,0,40,0,0,0,174,0,1551.0,10,0,0,10,0,0,0,0,1,1,1045.751633986928
3,19,0,27,0,0,0,174,0,1551.0,10,0,0,10,0,0,0,0,1,1,1045.4545454545455
12,5,1,44,0,2,0,430,186,3952.0,12,1,2,5,2,0,192,0,5,10,1041.6666666666667
25,20,1,52,12,1,1,731,306,3626.0,4,7,0,6,2,36,396,6,10,30,1039.2609699769052
10,13,1,38,0,0,0,347,78,3707.0,4,4,0,7,2,6,102,0,13,60,1039.2609699769052
2,10,0,107,0,0,0,408,601,22.0,13,1,0,3,2,2,625,0,8,14,1037.5
9,16,10,94,206,13,34,482,175,7658.0,10,16,14,2,8,11,973,84,7,54,1028.8461538461538
9,16,10,31,206,13,34,482,175,7658.0,10,16,14,2,8,11,973,84,7,54,1027.428571428571
9,16,10,81,206,13,34,482,175,7658.0,10,16,14,2,8,11,973,84,7,54,1022.7272727272727
20,18,12,39,184,9,18,467,388,23239.0,8,26,12,3,5,24,985,36,6,62,1020.408163265306
17,10,1,26,313,4,49,311,216,5351.0,10,5,6,1,7,10,973,115,10,64,1012.1580547112462
4,16,0,27,0,0,0,201,0,2310.0,5,0,0,10,2,0,0,0,6,2,1011.904761904762
0,2,0,31,0,0,0,685,0,140.0,7,0,0,17,0,0,0,0,16,0,1009.6153846153846
4,8,1,52,417,6,75,480,193,15603.0,10,16,3,0,6,11,967,67,9,47,1002.2271714922048
0,4,0,27,0,0,0,78,0,1133.0,13,0,2,14,0,0,0,0,5,0,1000.0
20,18,12,15,184,9,18,467,388,23239.0,8,26,12,3,5,24,985,36,6,62,1000.0
21,11,0,52,432,13,47,456,186,16252.0,9,12,11,1,8,40,1027,208,10,46,1000.0
20,17,2,41,54,3,0,449,761,23197.0,5,13,3,4,4,54,985,12,7,34,1000.0
9,16,10,11,206,13,34,482,175,7658.0,10,16,14,2,8,11,973,84,7,54,1000.0
12,5,2,44,6,0,0,181,168,8223.0,12,1,2,5,2,0,174,0,5,9,1000.0
21,13,5,11,66,5,1,465,676,27697.0,8,16,7,4,7,12,913,12,5,67,1000.0
4,16,0,27,0,0,0,201,0,2310.0,5,0,0,10,2,0,0,0,6,2,1000.0
26,10,1,36,91,0,4,297,410,29575.0,9,14,0,3,3,36,937,18,11,51,998.7384356602188
4,7,0,107,0,0,0,429,66,3342.0,13,3,1,6,3,0,66,0,6,6,998.4116178806444
3,19,0,27,0,0,0,174,0,1551.0,10,0,0,10,0,0,0,0,1,1,995.6709956709956
9,24,0,40,0,1,0,241,66,3259.0,7,0,2,8,0,1,66,0,3,11,992.063492063492
16,19,3,85,30,4,5,477,606,24762.0,8,11,5,4,3,11,756,18,5,60,988.6363636363636
20,18,12,6,184,9,18,467,388,23239.0,8,26,12,3,5,24,985,36,6,62,987.6543209876544
9,16,10,28,206,13,34,482,175,7658.0,10,16,14,2,8,11,973,84,7,54,987.5
0,3,0,71,0,0,0,554,0,86.0,8,0,0,13,0,0,0,0,18,0,987.2241579558654
9,16,10,39,206,13,34,482,175,7658.0,10,16,14,2,8,11,973,84,7,54,987.2241579558654
20,17,2,41,54,3,0,449,761,23197.0,5,13,3,4,4,54,985,12,7,34,984.3596193809472
20,11,0,52,414,14,42,456,186,16252.0,9,12,10,1,6,40,1027,218,10,46,980.0
9,24,0,27,0,1,0,241,66,3259.0,7,0,2,8,0,1,66,0,3,11,979.1666666666666
10,15,1,70,134,2,32,296,405,11327.0,10,3,3,2,1,7,931,18,11,70,978.7928221859706
9,24,0,27,0,1,0,241,66,3259.0,7,0,2,8,0,1,66,0,3,11,977.7777777777778
1,5,0,70,0,0,0,302,24,2575.0,12,0,0,7,0,2,30,0,16,1,976.5625
20,17,2,35,54,3,0,449,761,23197.0,5,13,3,4,4,54,985,12,7,34,974.5257452574526
27,25,1,38,36,3,0,446,539,16032.0,4,10,7,5,2,36,635,6,9,28,970.8737864077668
10,15,1,26,134,2,32,296,405,11327.0,10,3,3,2,1,7,931,18,11,70,970.2380952380952
30,14,0,85,42,0,1,471,528,16637.0,7,11,1,5,6,11,606,0,5,68,969.6969696969696
4,16,0,83,0,0,0,201,0,2310.0,5,0,0,10,2,0,0,0,6,2,967.741935483871
24,9,8,36,62,5,2,343,690,8037.0,8,16,10,3,1,47,895,12,11,38,966.6666666666666
3,19,0,27,0,0,0,174,0,1551.0,10,0,0,10,0,0,0,0,1,1,966.4753850800362
20,14,2,52,18,0,0,351,128,2884.0,5,1,2,6,2,24,158,0,12,50,964.7302904564316
6,9,1,44,0,0,1,177,480,11754.0,11,4,0,4,1,5,576,0,5,18,963.718820861678
3,19,0,27,0,0,0,174,0,1551.0,10,0,0,10,0,0,0,0,1,1,962.9629629629628
12,17,0,15,18,0,1,176,297,9638.0,10,3,1,5,2,2,351,0,4,25,961.038961038961
26,10,1,100,91,0,4,297,410,29575.0,9,14,0,3,3,36,937,18,11,51,960.698689956332
4,9,1,52,409,5,80,480,194,15603.0,10,16,4,0,5,11,967,46,9,45,960.2150537634408
4,16,0,19,0,0,0,201,0,2310.0,5,0,0,10,2,0,0,0,6,2,956.989247311828
20,11,0,52,414,14,42,456,186,16252.0,9,12,10,1,6,40,1027,218,10,46,954.5454545454544
3,19,0,27,0,0,0,174,0,1551.0,10,0,0,10,0,0,0,0,1,1,953.4883720930231
4,7,0,107,0,0,0,429,66,3342.0,13,3,1,6,3,0,66,0,6,6,953.0685920577616
9,24,0,83,0,1,0,241,66,3259.0,7,0,2,8,0,1,66,0,3,11,952.3809523809524
0,2,0,31,0,0,0,524,0,672.0,6,0,0,16,0,0,0,0,15,0,952.2751322751324
8,16,0,52,0,0,0,244,120,6684.0,6,1,2,7,3,4,126,0,4,21,950.0
0,5,0,0,0,0,0,396,6,2956.0,13,0,1,9,2,1,6,0,18,2,947.0899470899471
7,10,0,89,0,0,0,326,6,2082.0,10,0,0,9,2,0,6,0,17,2,945.2307692307692
0,7,0,0,0,0,0,367,0,1785.0,14,0,0,10,2,0,0,0,19,2,941.0377358490566
12,5,2,44,6,0,0,181,168,8223.0,12,1,2,5,2,0,174,0,5,9,940.2134837674909
19,14,3,52,24,0,0,346,176,4621.0,5,3,2,6,2,29,224,0,12,45,940.1709401709402
4,7,0,23,0,0,0,429,66,3342.0,13,3,1,6,3,0,66,0,6,6,937.5
0,7,0,73,0,0,0,367,0,1785.0,14,0,0,10,2,0,0,0,19,2,937.5
3,19,0,27,0,0,0,174,0,1551.0,10,0,0,10,0,0,0,0,1,1,936.046511627907
15,13,1,52,6,0,0,349,110,4758.0,6,5,5,7,0,10,146,0,13,63,935.5509355509356
16,19,3,85,30,4,5,477,606,24762.0,8,11,5,4,3,11,756,18,5,60,930.7359307359308
4,16,0,27,0,0,0,201,0,2310.0,5,0,0,10,2,0,0,0,6,2,927.8350515463916
4,7,0,44,0,0,0,429,66,3342.0,13,3,1,6,3,0,66,0,6,6,927.1571906354516
4,25,0,17,0,0,0,223,12,11389.0,2,0,0,10,1,1,12,0,9,11,916.6666666666666
9,16,10,31,206,13,34,482,175,7658.0,10,16,14,2,8,11,973,84,7,54,912.6984126984128
20,11,0,52,414,14,42,456,186,16252.0,9,12,10,1,6,40,1027,218,10,46,910.9730848861284
9,24,0,83,0,1,0,241,66,3259.0,7,0,2,8,0,1,66,0,3,11,909.0909090909092
9,16,10,31,206,13,34,482,175,7658.0,10,16,14,2,8,11,973,84,7,54,908.3333333333334
9,16,10,94,206,13,34,482,175,7658.0,10,16,14,2,8,11,973,84,7,54,908.3333333333334
24,22,9,15,90,6,16,464,571,18375.0,9,21,12,3,5,10,925,30,5,59,908.1196581196582
9,24,0,27,0,1,0,241,66,3259.0,7,0,2,8,0,1,66,0,3,11,906.7882472137792
19,12,0,101,82,2,3,297,500,29575.0,9,14,2,3,4,27,913,18,12,56,905.3497942386832
4,16,0,27,0,0,0,201,0,2310.0,5,0,0,10,2,0,0,0,6,2,904.799370574351
14,9,6,52,285,12,25,481,156,28799.0,9,16,20,0,2,26,1021,264,9,51,904.7619047619048
17,10,1,26,313,4,49,311,216,5351.0,10,5,6,1,7,10,973,115,10,64,903.6144578313254
17,20,4,11,54,3,2,465,703,27697.0,8,17,5,4,5,13,907,12,5,62,902.9345372460496
20,18,12,51,184,9,18,467,388,23239.0,8,26,12,3,5,24,985,36,6,62,902.7777777777778
10,15,1,0,134,2,32,296,405,11327.0,10,3,3,2,1,7,931,18,11,70,902.2556390977444
6,19,0,17,0,0,0,220,12,5671.0,3,0,0,9,1,0,12,0,7,9,901.4423076923076
20,15,2,41,6,1,0,691,42,2987.0,2,0,4,8,2,4,54,0,12,29,897.4358974358975
6,9,1,72,0,0,1,177,480,11754.0,11,4,0,4,1,5,576,0,5,18,892.8571428571429
3,10,0,51,0,0,0,669,0,12502.0,3,0,0,12,0,0,0,0,11,0,892.8571428571429
1,5,0,69,0,0,0,83,0,730.0,13,0,2,14,0,0,0,0,5,0,892.5
4,7,0,68,0,0,0,429,66,3342.0,13,3,1,6,3,0,66,0,6,6,890.0
4,7,0,34,0,0,0,429,66,3342.0,13,3,1,6,3,0,66,0,6,6,890.0
10,15,2,52,62,2,2,309,460,5029.0,11,1,4,2,1,7,883,6,12,58,890.0
20,17,2,41,54,3,0,449,761,23197.0,5,13,3,4,4,54,985,12,7,34,889.089813140446
17,20,0,13,36,0,5,477,512,24762.0,8,8,0,5,4,13,614,0,4,36,888.8888888888889
20,17,2,38,54,3,0,449,761,23197.0,5,13,3,4,4,54,985,12,7,34,887.0967741935484
6,9,1,74,0,0,1,177,480,11754.0,11,4,0,4,1,5,576,0,5,18,885.8267716535433
20,17,2,41,54,3,0,449,761,23197.0,5,13,3,4,4,54,985,12,7,34,885.7808857808858
26,10,1,89,91,0,4,297,410,29575.0,9,14,0,3,3,36,937,18,11,51,885.453159527861
20,11,0,60,414,14,42,456,186,16252.0,9,12,10,1,6,40,1027,218,10,46,885.4166666666666
18,11,0,52,405,15,39,456,186,16252.0,9,11,10,1,6,38,1027,215,10,48,885.4166666666666
3,5,0,31,0,0,0,639,0,5043.0,4,0,0,14,1,1,0,0,13,0,885.0459770114943
0,11,0,76,0,0,0,136,0,1846.0,8,0,0,14,0,0,0,0,8,0,884.6153846153846
2,8,0,71,0,0,0,579,0,2903.0,5,0,0,12,0,0,0,0,16,0,883.7209302325581
26,15,1,41,12,1,0,731,217,3626.0,4,5,3,6,2,25,271,6,11,41,882.3529411764706
9,16,10,28,206,13,34,482,175,7658.0,10,16,14,2,8,11,973,84,7,54,882.3529411764706
10,14,1,52,0,0,0,709,78,4051.0,4,4,0,7,2,6,102,0,13,60,880.0
4,7,0,44,0,0,0,429,66,3342.0,13,3,1,6,3,0,66,0,6,6,878.3783783783783
20,18,12,81,184,9,18,467,388,23239.0,8,26,12,3,5,24,985,36,6,62,874.6875
12,5,2,72,6,0,0,181,168,8223.0,12,1,2,5,2,0,174,0,5,9,871.4285714285714
20,17,2,38,54,3,0,449,761,23197.0,5,13,3,4,4,54,985,12,7,34,870.0
0,8,0,39,0,0,0,579,0,2903.0,5,0,0,12,0,0,0,0,16,1,870.0
16,19,3,88,30,4,5,477,606,24762.0,8,11,5,4,3,11,756,18,5,60,870.0
20,17,2,98,54,3,0,449,761,23197.0,5,13,3,4,4,54,985,12,7,34,866.6666666666666
24,22,9,31,90,6,16,464,571,18375.0,9,21,12,3,5,10,925,30,5,59,863.6363636363636
20,18,12,29,184,9,18,467,388,23239.0,8,26,12,3,5,24,985,36,6,62,862.0689655172414
9,16,10,39,206,13,34,482,175,7658.0,10,16,14,2,8,11,973,84,7,54,857.3540280857353
3,19,0,27,0,0,0,174,0,1551.0,10,0,0,10,0,0,0,0,1,1,857.1428571428572
12,5,2,68,6,0,0,181,168,8223.0,12,1,2,5,2,0,174,0,5,9,857.1428571428571
3,2,0,68,0,0,0,427,0,2020.0,15,0,0,7,0,0,0,0,8,0,857.1428571428571
20,17,2,46,54,3,0,449,761,23197.0,5,13,3,4,4,54,985,12,7,34,857.1428571428571
39,16,5,2,181,3,0,439,446,20882.0,6,18,14,3,6,36,1033,24,8,23,855.1198257080611
10,15,1,26,134,2,32,296,405,11327.0,10,3,3,2,1,7,931,18,11,70,852.2727272727273
10,15,1,0,134,2,32,296,405,11327.0,10,3,3,2,1,7,931,18,11,70,852.1303258145364
14,9,6,52,285,12,25,481,156,28799.0,9,16,20,0,2,26,1021,264,9,51,850.0
22,15,1,38,12,1,0,732,96,4408.0,3,5,5,7,2,11,120,0,11,57,850.0
30,14,0,85,42,0,1,471,528,16637.0,7,11,1,5,6,11,606,0,5,68,849.802371541502
3,29,0,17,0,0,0,223,18,11389.0,2,0,0,9,1,1,18,0,9,13,849.2392807745505
4,15,0,17,0,0,0,672,0,8396.0,3,0,0,11,1,1,0,0,8,0,848.6486486486486
12,5,2,72,6,0,0,181,168,8223.0,12,1,2,5,2,0,174,0,5,9,848.2142857142857
0,1,0,0,0,0,0,806,0,627.0,19,0,0,15,0,0,0,0,24,0,847.8260869565217
24,22,9,30,90,6,16,464,571,18375.0,9,21,12,3,5,10,925,30,5,59,846.1538461538462
3,19,0,27,0,0,0,174,0,1551.0,10,0,0,10,0,0,0,0,1,1,845.6028651014724
3,19,0,27,0,0,0,174,0,1551.0,10,0,0,10,0,0,0,0,1,1,842.6966292134831
20,17,2,98,54,3,0,449,761,23197.0,5,13,3,4,4,54,985,12,7,34,837.9888268156425
9,16,10,28,206,13,34,482,175,7658.0,10,16,14,2,8,11,973,84,7,54,837.696335078534
3,8,0,65,0,0,0,577,0,2809.0,5,0,0,12,1,0,0,0,16,0,833.3333333333333
12,5,2,44,6,0,0,181,168,8223.0,12,1,2,5,2,0,174,0,5,9,828.0254777070064
4,16,0,19,0,0,0,201,0,2310.0,5,0,0,10,2,0,0,0,6,2,826.4462809917355
20,17,2,38,54,3,0,449,761,23197.0,5,13,3,4,4,54,985,12,7,34,825.0
9,16,10,31,206,13,34,482,175,7658.0,10,16,14,2,8,11,973,84,7,54,824.7422680412371
3,19,0,27,0,0,0,174,0,1551.0,10,0,0,10,0,0,0,0,1,1,824.6225319396052
26,15,1,98,12,1,0,731,217,3626.0,4,5,3,6,2,25,271,6,11,41,820.9399167162403
16,20,0,11,18,0,1,475,415,18627.0,7,6,0,5,3,9,487,0,4,36,817.6100628930818
29,13,6,52,261,5,18,440,345,21669.0,7,27,10,3,9,46,997,36,7,44,813.0081300813008
27,18,2,49,446,14,97,438,108,25191.0,8,22,12,1,9,37,1033,217,8,34,812.5
3,19,0,27,0,0,0,174,0,1551.0,10,0,0,10,0,0,0,0,1,1,811.1111111111111
9,16,10,39,206,13,34,482,175,7658.0,10,16,14,2,8,11,973,84,7,54,808.3623693379791
15,20,5,11,66,3,2,465,664,27697.0,8,17,3,4,5,11,907,12,5,62,807.0175438596491
20,17,2,38,54,3,0,449,761,23197.0,5,13,3,4,4,54,985,12,7,34,802.1390374331551
4,16,0,27,0,0,0,201,0,2310.0,5,0,0,10,2,0,0,0,6,2,802.1301247771836
14,9,6,52,285,12,25,481,156,28799.0,9,16,20,0,2,26,1021,264,9,51,800.0
8,14,0,17,0,0,0,702,6,2554.0,1,0,0,11,1,0,6,0,12,8,800.0
12,5,2,68,6,0,0,181,168,8223.0,12,1,2,5,2,0,174,0,5,9,800.0
13,13,1,38,6,1,0,707,60,5234.0,3,2,0,8,2,9,72,0,12,44,800.0
2,10,0,107,0,0,0,408,601,22.0,13,1,0,3,2,2,625,0,8,14,800.0
13,14,1,38,6,1,0,707,60,5234.0,3,2,0,8,2,9,72,0,12,48,799.0
29,18,5,108,463,14,90,479,96,39519.0,8,32,15,1,13,48,1027,205,8,34,796.4319847085059
2,15,0,35,0,0,0,337,6,5035.0,8,0,0,9,1,0,6,0,16,1,791.6666666666666
20,18,12,32,184,9,18,467,388,23239.0,8,26,12,3,5,24,985,36,6,62,790.04329004329
18,18,3,52,24,2,1,352,359,3193.0,5,13,5,5,4,45,437,0,11,29,790.0
6,11,0,17,0,0,0,700,6,3163.0,1,0,0,11,1,1,6,0,12,4,785.9078590785908
26,10,1,21,91,0,4,297,410,29575.0,9,14,0,3,3,36,937,18,11,51,783.3333333333334
26,15,1,35,12,1,0,731,217,3626.0,4,5,3,6,2,25,271,6,11,41,777.7777777777778
9,16,10,39,206,13,34,482,175,7658.0,10,16,14,2,8,11,973,84,7,54,773.8359201773835
4,16,0,64,0,0,0,201,0,2310.0,5,0,0,10,2,0,0,0,6,2,773.8095238095239
12,5,2,72,6,0,0,181,168,8223.0,12,1,2,5,2,0,174,0,5,9,769.0156599552573
12,5,2,72,6,0,0,181,168,8223.0,12,1,2,5,2,0,174,0,5,9,766.4233576642335
2,8,0,65,0,0,0,579,0,2903.0,5,0,0,12,0,0,0,0,16,0,766.3551401869158
20,17,2,41,54,3,0,449,761,23197.0,5,13,3,4,4,54,985,12,7,34,761.9047619047619
19,20,7,11,42,5,6,477,672,24762.0,8,14,6,4,5,12,858,18,5,61,757.5757575757576
24,22,9,29,90,6,16,464,571,18375.0,9,21,12,3,5,10,925,30,5,59,754.9361207897794
8,12,0,38,0,0,0,703,54,2709.0,4,3,2,8,3,4,66,0,13,36,750.0
4,16,0,75,0,0,0,201,0,2310.0,5,0,0,10,2,0,0,0,6,2,750.0
9,16,10,81,206,13,34,482,175,7658.0,10,16,14,2,8,11,973,84,7,54,750.0
4,8,0,28,0,0,0,531,0,2126.0,3,0,0,13,2,0,0,0,14,1,750.0
8,12,0,38,0,0,0,703,54,2709.0,4,3,2,8,3,4,66,0,13,36,748.7266553480475
7,20,0,27,0,1,0,244,90,6684.0,6,1,3,7,0,2,90,0,4,20,746.918918918919
34,18,5,3,343,7,30,442,189,23250.0,8,39,13,2,10,36,1003,48,7,49,746.2686567164179
6,12,0,17,0,0,0,672,0,8396.0,3,0,0,11,2,0,0,0,9,0,733.3333333333334
20,17,0,52,18,0,0,732,102,4408.0,3,6,0,7,1,11,144,0,11,54,732.3275862068965
21,17,0,52,18,1,0,732,96,4408.0,3,6,0,7,1,10,138,0,11,55,732.3275862068965
4,16,0,79,0,0,0,201,0,2310.0,5,0,0,10,2,0,0,0,6,2,731.1111111111111
8,12,2,36,6,0,0,295,502,5147.0,11,1,1,4,1,6,556,6,13,31,725.0
9,24,0,83,0,1,0,241,66,3259.0,7,0,2,8,0,1,66,0,3,11,720.7207207207207
20,17,2,38,54,3,0,449,761,23197.0,5,13,3,4,4,54,985,12,7,34,720.0
20,18,0,52,18,1,0,732,102,4408.0,3,6,0,7,1,11,138,0,11,54,719.8275862068965
20,17,2,41,54,3,0,449,761,23197.0,5,13,3,4,4,54,985,12,7,34,714.2857142857143
14,9,6,52,285,12,25,481,156,28799.0,9,16,20,0,2,26,1021,264,9,51,710.0
14,9,6,52,285,12,25,481,156,28799.0,9,16,20,0,2,26,1021,264,9,51,709.9567099567099
8,14,0,17,0,0,0,702,6,2554.0,1,0,0,11,1,0,6,0,12,8,708.3333333333334
9,16,10,81,206,13,34,482,175,7658.0,10,16,14,2,8,11,973,84,7,54,706.25
3,19,0,27,0,0,0,174,0,1551.0,10,0,0,10,0,0,0,0,1,1,701.8716577540107
2,17,0,15,6,0,0,166,90,2745.0,10,0,2,7,0,1,96,0,2,7,700.7419620774938
6,4,0,41,0,1,0,712,12,1887.0,3,1,0,10,1,0,12,0,14,11,700.0
2,10,0,107,0,0,0,408,601,22.0,13,1,0,3,2,2,625,0,8,14,700.0
24,22,9,32,90,6,16,464,571,18375.0,9,21,12,3,5,10,925,30,5,59,700.0
20,18,12,31,184,9,18,467,388,23239.0,8,26,12,3,5,24,985,36,6,62,700.0
27,25,1,35,36,3,0,446,539,16032.0,4,10,7,5,2,36,635,6,9,28,700.0
3,29,0,17,0,0,0,720,30,10448.0,2,1,3,8,0,2,42,0,8,28,700.0
6,22,1,19,0,0,0,246,0,3219.0,7,0,0,9,2,1,0,0,3,3,699.0
7,12,0,17,0,0,0,727,6,11948.0,2,0,0,12,2,0,6,0,11,0,698.7836870975435
2,10,0,107,0,0,0,408,601,22.0,13,1,0,3,2,2,625,0,8,14,693.9625260235947
26,15,1,35,12,1,0,731,217,3626.0,4,5,3,6,2,25,271,6,11,41,693.4306569343066
6,20,0,35,0,0,0,318,36,1452.0,7,1,0,9,1,0,36,0,15,8,693.3744221879815
5,17,0,52,6,0,0,324,72,3970.0,6,3,1,7,1,1,78,0,14,57,690.0
0,0,0,0,0,0,0,807,0,5.0,20,0,0,15,0,0,0,0,24,0,686.2068965517242
20,17,2,41,54,3,0,449,761,23197.0,5,13,3,4,4,54,985,12,7,34,679.9815285153544
10,15,1,0,134,2,32,296,405,11327.0,10,3,3,2,1,7,931,18,11,70,675.4032258064516
0,7,0,26,0,0,0,367,0,1785.0,14,0,0,10,2,0,0,0,19,2,675.0
0,6,0,0,0,0,0,396,6,2956.0,14,0,1,9,2,1,6,0,18,2,675.0
0,1,0,0,0,0,0,74,0,27.0,20,0,0,16,0,0,0,0,26,0,668.5
32,16,0,85,30,0,1,471,482,16637.0,6,10,1,5,4,9,560,0,5,71,666.6666666666666
14,6,3,16,422,11,53,480,174,15603.0,10,17,4,0,7,10,997,169,9,59,661.5384615384615
13,7,2,16,403,10,48,480,168,15603.0,10,18,4,0,7,11,991,164,9,57,661.5384615384615
24,9,8,89,62,5,2,343,690,8037.0,8,16,10,3,1,47,895,12,11,38,660.7142857142857
4,16,0,83,0,0,0,201,0,2310.0,5,0,0,10,2,0,0,0,6,2,660.578947368421
17,10,1,0,313,4,49,311,216,5351.0,10,5,6,1,7,10,973,115,10,64,654.7619047619048
20,11,0,52,414,14,42,456,186,16252.0,9,12,10,1,6,40,1027,218,10,46,650.0
10,15,1,0,134,2,32,296,405,11327.0,10,3,3,2,1,7,931,18,11,70,650.0
20,18,12,48,184,9,18,467,388,23239.0,8,26,12,3,5,24,985,36,6,62,641.025641025641
20,17,2,41,54,3,0,449,761,23197.0,5,13,3,4,4,54,985,12,7,34,640.0
9,24,0,75,0,1,0,241,66,3259.0,7,0,2,8,0,1,66,0,3,11,638.5869565217391
27,25,1,35,36,3,0,446,539,16032.0,4,10,7,5,2,36,635,6,9,28,637.2549019607843
21,14,2,52,24,0,0,346,131,4621.0,5,2,2,6,2,27,173,0,12,47,633.3333333333334
1,4,1,73,0,0,0,399,18,2574.0,12,1,0,7,2,1,18,0,16,2,630.0
6,9,1,44,0,0,1,177,480,11754.0,11,4,0,4,1,5,576,0,5,18,627.1558482282848
4,16,0,31,0,0,0,725,12,9191.0,0,0,0,10,0,1,12,0,11,6,625.0
32,16,0,85,30,0,1,471,482,16637.0,6,10,1,5,4,9,560,0,5,71,622.791519434629
14,9,6,52,285,12,25,481,156,28799.0,9,16,20,0,2,26,1021,264,9,51,617.6961602671118
6,9,1,44,0,0,1,177,480,11754.0,11,4,0,4,1,5,576,0,5,18,615.8324935617512
3,19,0,27,0,0,0,174,0,1551.0,10,0,0,10,0,0,0,0,1,1,600.0
20,17,2,41,54,3,0,449,761,23197.0,5,13,3,4,4,54,985,12,7,34,600.0
3,7,0,107,0,0,0,435,60,1099.0,14,2,0,6,4,0,60,0,7,6,600.0
9,24,0,27,0,1,0,241,66,3259.0,7,0,2,8,0,1,66,0,3,11,600.0
9,24,0,27,0,1,0,241,66,3259.0,7,0,2,8,0,1,66,0,3,11,600.0
4,5,0,107,0,0,0,431,66,1701.0,14,2,1,6,3,1,66,0,7,5,600.0
4,6,1,107,0,0,0,431,84,1701.0,14,1,1,5,3,1,84,0,7,5,600.0
9,16,10,28,206,13,34,482,175,7658.0,10,16,14,2,8,11,973,84,7,54,599.8
13,19,3,52,18,2,2,460,486,4071.0,5,19,2,5,6,40,588,12,11,31,598.2905982905983
21,11,0,52,432,13,47,456,186,16252.0,9,12,11,1,8,40,1027,208,10,46,590.0
23,12,1,63,453,9,65,456,186,16252.0,9,14,14,1,9,43,1033,184,10,43,585.5855855855856
4,16,0,19,0,0,0,201,0,2310.0,5,0,0,10,2,0,0,0,6,2,584.7953216374269
20,17,2,41,54,3,0,449,761,23197.0,5,13,3,4,4,54,985,12,7,34,583.3333333333334
14,9,6,61,285,12,25,481,156,28799.0,9,16,20,0,2,26,1021,264,9,51,583.3333333333334
12,5,2,68,6,0,0,181,168,8223.0,12,1,2,5,2,0,174,0,5,9,578.9022298456262
4,7,1,78,0,0,0,399,42,2574.0,11,1,0,7,3,1,48,0,16,4,574.3243243243244
21,11,0,61,432,13,47,456,186,16252.0,9,12,11,1,8,40,1027,208,10,46,572.9166666666666
27,25,1,41,36,3,0,446,539,16032.0,4,10,7,5,2,36,635,6,9,28,571.4285714285714
20,18,12,51,184,9,18,467,388,23239.0,8,26,12,3,5,24,985,36,6,62,570.8571428571429
8,10,0,28,0,0,0,692,12,2226.0,1,1,1,10,3,0,18,0,12,19,564.516129032258
4,7,0,107,0,0,0,429,66,3342.0,13,3,1,6,3,0,66,0,6,6,562.5
24,22,9,4,90,6,16,464,571,18375.0,9,21,12,3,5,10,925,30,5,59,562.5
27,25,1,98,36,3,0,446,539,16032.0,4,10,7,5,2,36,635,6,9,28,558.8822355289421
14,9,6,60,285,12,25,481,156,28799.0,9,16,20,0,2,26,1021,264,9,51,555.5555555555555
1,8,0,68,0,0,0,758,0,1936.0,17,0,0,9,0,1,0,0,9,0,550.3875968992248
0,5,0,32,0,0,0,89,0,994.0,13,0,0,16,0,0,0,0,7,0,550.0
3,4,0,32,0,0,0,84,0,1188.0,13,0,0,14,1,0,0,0,4,0,550.0
7,10,0,23,0,1,1,177,449,11754.0,11,3,1,4,3,5,515,0,5,16,550.0
8,7,0,44,0,2,0,430,150,3952.0,13,3,3,5,2,0,156,0,6,10,542.6356589147287
3,19,0,27,0,0,0,174,0,1551.0,10,0,0,10,0,0,0,0,1,1,539.0625
9,9,0,31,0,0,0,642,0,557.0,3,0,0,13,2,0,0,0,12,0,535.7142857142857
20,18,12,51,184,9,18,467,388,23239.0,8,26,12,3,5,24,985,36,6,62,534.850640113798
10,15,1,26,134,2,32,296,405,11327.0,10,3,3,2,1,7,931,18,11,70,531.8138651471985
2,10,0,28,0,0,0,531,0,2126.0,3,0,0,13,2,0,0,0,14,1,530.0
12,7,0,29,0,0,0,692,18,2226.0,2,2,2,10,3,4,24,0,12,15,529.4117647058823
0,1,0,66,0,0,0,591,0,668.0,11,0,0,19,0,0,0,0,23,0,526.3157894736842
4,25,0,82,0,0,0,223,12,11389.0,2,0,0,10,1,1,12,0,9,11,521.2355212355212
20,11,0,52,414,14,42,456,186,16252.0,9,12,10,1,6,40,1027,218,10,46,519.7710718002081
10,9,2,22,12,1,1,178,614,8114.0,11,4,2,4,2,7,746,0,5,21,516.6666666666666
0,7,0,26,0,0,0,367,0,1785.0,14,0,0,10,2,0,0,0,19,2,514.9051490514905
13,13,1,41,6,1,0,707,60,5234.0,3,2,0,8,2,9,72,0,12,44,512.5
20,17,2,35,54,3,0,449,761,23197.0,5,13,3,4,4,54,985,12,7,34,507.77777777777777
9,24,0,27,0,1,0,241,66,3259.0,7,0,2,8,0,1,66,0,3,11,505.050505050505
27,25,1,41,36,3,0,446,539,16032.0,4,10,7,5,2,36,635,6,9,28,500.0
6,3,0,94,0,1,0,712,12,1887.0,3,1,0,10,1,0,12,0,14,11,500.0
24,9,8,78,62,5,2,343,690,8037.0,8,16,10,3,1,47,895,12,11,38,500.0
20,18,12,29,184,9,18,467,388,23239.0,8,26,12,3,5,24,985,36,6,62,500.0
1,10,0,39,0,0,0,578,0,1775.0,5,0,0,13,1,0,0,0,16,0,500.0
26,15,1,41,12,1,0,731,217,3626.0,4,5,3,6,2,25,271,6,11,41,500.0
2,10,0,107,0,0,0,408,601,22.0,13,1,0,3,2,2,625,0,8,14,490.1960784313725
3,8,0,66,0,0,0,577,0,2809.0,5,0,0,12,1,0,0,0,16,0,482.1428571428572
0,7,0,73,0,0,0,367,0,1785.0,14,0,0,10,2,0,0,0,19,2,482.1428571428572
38,16,9,96,172,5,4,463,430,15107.0,7,24,16,3,5,32,1039,24,9,28,476.9230769230769
36,20,1,15,400,6,51,438,96,25191.0,8,22,11,2,10,33,1033,113,8,29,476.1904761904762
2,8,0,71,0,0,0,579,0,2903.0,5,0,0,12,0,0,0,0,16,0,473.05045871559633
20,11,0,52,414,14,42,456,186,16252.0,9,12,10,1,6,40,1027,218,10,46,471.4757190004715
21,11,0,63,432,13,47,456,186,16252.0,9,12,11,1,8,40,1027,208,10,46,470.0854700854701
26,15,1,41,12,1,0,731,217,3626.0,4,5,3,6,2,25,271,6,11,41,467.032967032967
20,17,2,41,54,3,0,449,761,23197.0,5,13,3,4,4,54,985,12,7,34,465.1162790697674
4,16,0,27,0,0,0,201,0,2310.0,5,0,0,10,2,0,0,0,6,2,462.962962962963
6,9,1,22,0,0,1,177,480,11754.0,11,4,0,4,1,5,576,0,5,18,462.962962962963
6,9,1,107,0,0,1,177,480,11754.0,11,4,0,4,1,5,576,0,5,18,461.4674665436087
1,9,0,35,0,0,0,568,0,66.0,6,0,0,11,0,0,0,0,16,1,461.2403100775194
7,13,0,52,0,0,0,705,48,2842.0,4,2,2,8,2,1,60,0,13,39,460.3399433427762
2,10,0,38,0,0,0,582,0,1383.0,8,1,0,11,1,0,0,0,17,0,459.7701149425287
6,9,1,44,0,0,1,177,480,11754.0,11,4,0,4,1,5,576,0,5,18,457.516339869281
9,16,10,39,206,13,34,482,175,7658.0,10,16,14,2,8,11,973,84,7,54,450.8196721311475
9,16,10,81,206,13,34,482,175,7658.0,10,16,14,2,8,11,973,84,7,54,450.0
27,25,1,35,36,3,0,446,539,16032.0,4,10,7,5,2,36,635,6,9,28,450.0
6,9,1,107,0,0,1,177,480,11754.0,11,4,0,4,1,5,576,0,5,18,450.0
12,5,2,68,6,0,0,181,168,8223.0,12,1,2,5,2,0,174,0,5,9,450.0
1,8,0,68,0,0,0,428,0,2286.0,16,0,1,7,0,0,0,0,9,0,450.0
9,24,0,69,0,1,0,241,66,3259.0,7,0,2,8,0,1,66,0,3,11,450.0
27,25,1,41,36,3,0,446,539,16032.0,4,10,7,5,2,36,635,6,9,28,450.0
24,22,9,31,90,6,16,464,571,18375.0,9,21,12,3,5,10,925,30,5,59,450.0
6,9,1,107,0,0,1,177,480,11754.0,11,4,0,4,1,5,576,0,5,18,443.00876788186434
21,8,5,29,261,18,25,481,132,28799.0,9,17,21,0,2,35,1021,356,9,49,439.1534391534392
2,18,0,19,0,0,0,95,0,520.0,10,0,0,10,0,0,0,0,1,1,438.24701195219126
12,5,2,72,6,0,0,181,168,8223.0,12,1,2,5,2,0,174,0,5,9,436.5079365079365
0,3,0,31,0,0,0,526,0,537.0,6,0,0,16,0,0,0,0,16,0,432.0987654320988
10,15,1,70,134,2,32,296,405,11327.0,10,3,3,2,1,7,931,18,11,70,429.6875
3,19,0,19,0,0,0,174,0,1551.0,10,0,0,10,0,0,0,0,1,1,427.8074866310161
3,5,0,107,0,0,0,435,18,1099.0,14,1,0,6,1,1,18,0,7,1,420.8754208754209
5,22,1,27,0,0,0,229,0,1386.0,8,0,0,9,2,1,0,0,3,3,417.2461752433936
5,26,1,27,0,0,0,229,0,1386.0,8,0,0,9,2,1,0,0,3,1,416.6666666666667
6,9,1,68,0,0,1,177,480,11754.0,11,4,0,4,1,5,576,0,5,18,416.6666666666667
0,12,0,76,0,0,0,138,0,1304.0,8,0,0,13,0,0,0,0,7,0,402.77777777777777
20,18,12,51,184,9,18,467,388,23239.0,8,26,12,3,5,24,985,36,6,62,400.0113570741097
20,17,2,41,54,3,0,449,761,23197.0,5,13,3,4,4,54,985,12,7,34,400.0
2,10,0,107,0,0,0,408,601,22.0,13,1,0,3,2,2,625,0,8,14,400.0
20,18,12,31,184,9,18,467,388,23239.0,8,26,12,3,5,24,985,36,6,62,400.0
10,20,1,29,6,0,0,695,42,5105.0,1,1,3,8,2,4,48,0,11,29,400.0
20,17,2,98,54,3,0,449,761,23197.0,5,13,3,4,4,54,985,12,7,34,398.4375
3,7,0,65,0,0,0,577,0,2809.0,5,0,0,12,1,0,0,0,16,0,395.0
4,16,0,75,0,0,0,201,0,2310.0,5,0,0,10,2,0,0,0,6,2,387.45387453874537
9,21,0,82,0,0,0,724,12,2329.0,0,0,4,9,1,4,18,0,10,16,386.9047619047619
2,10,0,107,0,0,0,408,601,22.0,13,1,0,3,2,2,625,0,8,14,383.06022557991065
24,22,9,29,90,6,16,464,571,18375.0,9,21,12,3,5,10,925,30,5,59,380.0
3,19,0,27,0,0,0,174,0,1551.0,10,0,0,10,0,0,0,0,1,1,379.1666666666667
5,3,0,41,0,1,0,570,18,851.0,4,1,0,10,1,1,18,0,14,9,377.6041666666667
8,14,0,82,0,0,0,702,6,2554.0,1,0,0,11,1,0,6,0,12,8,375.0
2,8,0,68,0,0,0,426,0,3031.0,17,0,0,8,0,0,0,0,9,0,372.7369542066028
25,23,10,3,227,7,25,467,336,23239.0,8,28,16,2,8,16,973,42,6,65,370.3703703703704
27,18,12,3,314,7,24,467,312,23239.0,8,25,9,2,8,22,991,30,6,60,370.3703703703704
3,23,0,75,0,0,0,233,0,1076.0,9,0,0,10,0,0,0,0,1,1,370.0
12,5,2,68,6,0,0,181,168,8223.0,12,1,2,5,2,0,174,0,5,9,361.9047619047619
2,10,0,34,0,0,0,746,0,1135.0,17,0,0,10,0,0,0,0,7,1,360.0
6,9,1,74,0,0,1,177,480,11754.0,11,4,0,4,1,5,576,0,5,18,360.0
3,4,0,81,0,0,0,503,0,1068.0,6,0,0,15,1,0,0,0,17,0,359.33806146572107
24,22,9,39,90,6,16,464,571,18375.0,9,21,12,3,5,10,925,30,5,59,350.0
20,17,2,41,54,3,0,449,761,23197.0,5,13,3,4,4,54,985,12,7,34,350.0
0,2,0,82,0,0,0,488,0,499.0,7,0,0,17,0,0,0,0,18,0,347.5
20,18,12,94,184,9,18,467,388,23239.0,8,26,12,3,5,24,985,36,6,62,343.75
4,2,0,107,0,0,0,427,6,2020.0,15,0,0,7,0,1,6,0,8,0,343.2835820895522
0,1,0,26,0,0,0,810,0,1681.0,19,0,0,14,0,0,0,0,24,0,341.32841328413286
6,9,1,107,0,0,1,177,480,11754.0,11,4,0,4,1,5,576,0,5,18,330.0
9,16,10,81,206,13,34,482,175,7658.0,10,16,14,2,8,11,973,84,7,54,330.0
9,16,10,39,206,13,34,482,175,7658.0,10,16,14,2,8,11,973,84,7,54,329.4117647058824
26,15,1,38,12,1,0,731,217,3626.0,4,5,3,6,2,25,271,6,11,41,325.0
6,9,1,107,0,0,1,177,480,11754.0,11,4,0,4,1,5,576,0,5,18,324.6753246753247
1,9,0,68,0,0,0,428,0,2286.0,16,0,1,7,0,0,0,0,9,0,323.42657342657344
5,8,0,68,0,0,0,426,0,3031.0,16,0,0,8,0,0,0,0,9,0,320.06920415224914
9,24,0,90,0,1,0,241,66,3259.0,7,0,2,8,0,1,66,0,3,11,320.0
8,14,0,82,0,0,0,702,6,2554.0,1,0,0,11,1,0,6,0,12,8,315.0
4,16,0,27,0,0,0,201,0,2310.0,5,0,0,10,2,0,0,0,6,2,308.1818181818182
10,7,0,41,0,0,0,692,18,2226.0,2,2,2,10,3,4,24,0,12,14,300.0
8,14,0,82,0,0,0,702,6,2554.0,1,0,0,11,1,0,6,0,12,8,300.0
6,9,1,68,0,0,1,177,480,11754.0,11,4,0,4,1,5,576,0,5,18,300.0
9,24,0,75,0,1,0,241,66,3259.0,7,0,2,8,0,1,66,0,3,11,300.0
0,0,0,66,0,0,0,66,0,3.0,12,0,0,18,0,0,0,0,23,0,300.0
9,24,0,76,0,1,0,241,66,3259.0,7,0,2,8,0,1,66,0,3,11,300.0
17,10,1,33,313,4,49,311,216,5351.0,10,5,6,1,7,10,973,115,10,64,300.0
8,14,0,82,0,0,0,702,6,2554.0,1,0,0,11,1,0,6,0,12,8,300.0
4,25,0,82,0,0,0,223,12,11389.0,2,0,0,10,1,1,12,0,9,11,300.0
3,0,0,69,0,0,0,80,0,878.0,12,0,0,12,1,0,0,0,3,0,295.1388888888889
20,17,2,35,54,3,0,449,761,23197.0,5,13,3,4,4,54,985,12,7,34,295.0
24,22,9,99,90,6,16,464,571,18375.0,9,21,12,3,5,10,925,30,5,59,287.5
27,20,16,4,285,9,28,483,160,18149.0,9,19,19,2,10,12,979,60,7,57,285.7142857142857
24,22,9,51,90,6,16,464,571,18375.0,9,21,12,3,5,10,925,30,5,59,280.811232449298
0,12,0,68,0,0,0,769,6,314.0,15,0,0,9,0,0,6,0,6,1,280.3018635453565
2,17,0,14,6,0,0,166,48,2745.0,11,0,0,7,0,1,54,0,2,2,279.9169196357246
0,6,0,70,0,0,0,386,0,690.0,16,0,0,12,2,0,0,0,21,0,278.44811583441617
15,16,10,4,478,12,61,483,164,18149.0,9,14,15,1,13,11,985,86,7,55,275.86206896551727
24,22,9,31,90,6,16,464,571,18375.0,9,21,12,3,5,10,925,30,5,59,275.0
8,14,0,82,0,0,0,702,6,2554.0,1,0,0,11,1,0,6,0,12,8,275.0
3,19,0,83,0,0,0,174,0,1551.0,10,0,0,10,0,0,0,0,1,1,270.0
12,5,2,68,6,0,0,181,168,8223.0,12,1,2,5,2,0,174,0,5,9,269.023569023569
24,22,9,4,90,6,16,464,571,18375.0,9,21,12,3,5,10,925,30,5,59,266.6666666666667
10,5,2,68,6,0,0,181,162,8223.0,12,1,2,5,1,0,168,0,5,9,264.9414664202095
0,3,0,82,0,0,0,504,0,105.0,6,0,0,16,0,0,0,0,18,0,260.7142857142857
9,15,2,33,38,2,2,309,460,5029.0,11,1,4,2,1,7,883,6,12,57,258.636615555145
8,14,6,91,263,11,35,482,184,7658.0,10,18,12,1,8,14,985,66,7,53,254.77707006369425
6,9,1,34,0,0,1,177,480,11754.0,11,4,0,4,1,5,576,0,5,18,250.0
4,11,0,81,0,0,0,699,6,188.0,2,0,1,12,1,0,6,0,14,1,250.0
4,25,0,82,0,0,0,223,12,11389.0,2,0,0,10,1,1,12,0,9,11,250.0
4,11,0,31,0,0,0,701,6,4190.0,2,0,0,12,1,0,6,0,13,1,250.0
17,10,1,26,313,4,49,311,216,5351.0,10,5,6,1,7,10,973,115,10,64,246.3054187192118
4,25,0,17,0,0,0,223,12,11389.0,2,0,0,10,1,1,12,0,9,11,246.15384615384616
15,22,1,46,6,2,0,444,318,11748.0,4,7,4,6,1,32,384,0,8,39,233.1081081081081
9,24,0,69,0,1,0,241,66,3259.0,7,0,2,8,0,1,66,0,3,11,230.0
4,5,0,107,0,0,0,435,24,1099.0,14,1,0,6,2,1,24,0,7,1,229.16666666666663
30,19,7,17,333,11,30,442,175,23250.0,8,37,21,2,10,25,1003,72,7,57,220.0
25,14,12,105,84,6,7,465,522,27697.0,8,13,9,3,4,20,967,36,6,68,212.7659574468085
0,3,0,65,0,0,0,554,0,86.0,8,0,0,13,0,0,0,0,18,0,210.2689486552568
0,1,0,33,0,0,0,382,0,443.0,18,0,0,12,2,0,0,0,22,0,210.0
20,18,12,39,184,9,18,467,388,23239.0,8,26,12,3,5,24,985,36,6,62,203.85875500546047
26,15,1,35,12,1,0,731,217,3626.0,4,5,3,6,2,25,271,6,11,41,203.1602708803612
10,15,1,0,134,2,32,296,405,11327.0,10,3,3,2,1,7,931,18,11,70,200.0
20,18,12,28,184,9,18,467,388,23239.0,8,26,12,3,5,24,985,36,6,62,200.0
20,18,12,31,184,9,18,467,388,23239.0,8,26,12,3,5,24,985,36,6,62,197.77777777777777
0,1,0,82,0,0,0,489,0,735.0,6,0,0,16,0,0,0,0,17,0,197.77777777777777
2,4,0,31,0,0,0,645,0,762.0,5,0,0,15,0,0,0,0,14,1,195.65217391304347
4,16,0,75,0,0,0,201,0,2310.0,5,0,0,10,2,0,0,0,6,2,195.0
4,16,0,75,0,0,0,201,0,2310.0,5,0,0,10,2,0,0,0,6,2,195.0
2,9,0,81,0,0,0,533,0,874.0,4,0,0,13,1,0,0,0,15,0,192.7809680065628
2,13,0,76,0,0,0,211,0,2075.0,6,0,0,13,1,0,0,0,8,1,190.0
20,18,12,94,184,9,18,467,388,23239.0,8,26,12,3,5,24,985,36,6,62,190.0
9,16,10,31,206,13,34,482,175,7658.0,10,16,14,2,8,11,973,84,7,54,180.0
3,19,0,76,0,0,0,174,0,1551.0,10,0,0,10,0,0,0,0,1,1,180.0
0,1,0,50,0,0,0,497,0,483.0,9,0,0,19,0,0,0,0,19,0,179.86400526431234
12,5,2,74,6,0,0,181,168,8223.0,12,1,2,5,2,0,174,0,5,9,171.97452229299364
18,22,1,28,12,0,0,718,78,6234.0,2,1,0,7,3,9,90,0,9,60,168.0
12,5,2,22,6,0,0,181,168,8223.0,12,1,2,5,2,0,174,0,5,9,166.66666666666666
20,18,12,81,184,9,18,467,388,23239.0,8,26,12,3,5,24,985,36,6,62,165.0
0,4,0,64,0,0,0,120,0,1146.0,9,0,0,15,0,0,0,0,8,0,160.0
0,1,0,31,0,0,0,524,0,672.0,6,0,0,17,0,0,0,0,16,0,158.33333333333334
2,9,0,82,0,0,0,701,0,4190.0,3,0,2,13,0,0,0,0,13,1,157.40740740740742
8,14,0,82,0,0,0,702,6,2554.0,1,0,0,11,1,0,6,0,12,8,150.0
8,14,0,82,0,0,0,702,6,2554.0,1,0,0,11,1,0,6,0,12,8,150.0
24,22,9,81,90,6,16,464,571,18375.0,9,21,12,3,5,10,925,30,5,59,150.0
1,1,0,50,0,0,0,507,0,94.0,9,0,0,19,0,0,0,0,20,0,150.0
9,16,10,5,206,13,34,482,175,7658.0,10,16,14,2,8,11,973,84,7,54,147.05882352941177
8,14,0,82,0,0,0,702,6,2554.0,1,0,0,11,1,0,6,0,12,8,140.0
20,18,12,94,184,9,18,467,388,23239.0,8,26,12,3,5,24,985,36,6,62,138.1628080657207
0,0,0,9,0,0,0,276,0,217.0,13,0,0,22,0,0,0,0,18,0,130.0
8,14,0,82,0,0,0,702,6,2554.0,1,0,0,11,1,0,6,0,12,8,130.0
4,16,0,27,0,0,0,201,0,2310.0,5,0,0,10,2,0,0,0,6,2,125.0
4,16,0,40,0,0,0,201,0,2310.0,5,0,0,10,2,0,0,0,6,2,120.0
7,12,0,90,0,0,0,329,36,3341.0,10,3,0,8,1,1,36,0,16,6,120.0
0,2,0,31,0,0,0,524,0,672.0,6,0,0,16,0,0,0,0,15,1,119.6969696969697
1,14,0,75,0,0,0,208,0,5794.0,5,0,1,11,0,0,0,0,7,1,119.29824561403508
8,14,0,82,0,0,0,702,6,2554.0,1,0,0,11,1,0,6,0,12,8,110.0
20,18,12,31,184,9,18,467,388,23239.0,8,26,12,3,5,24,985,36,6,62,110.0
21,11,0,16,432,13,47,456,186,16252.0,9,12,11,1,8,40,1027,208,10,46,104.16666666666669
0,5,0,90,0,0,0,147,0,751.0,12,0,0,16,0,0,0,0,8,0,100.0
2,9,0,81,0,0,0,533,0,874.0,4,0,0,13,1,0,0,0,15,0,98.36065573770492
20,18,12,31,184,9,18,467,388,23239.0,8,26,12,3,5,24,985,36,6,62,95.0
24,22,9,3,90,6,16,464,571,18375.0,9,21,12,3,5,10,925,30,5,59,93.75
1,1,0,66,0,0,0,591,0,668.0,11,0,0,19,0,0,0,0,22,0,90.0
9,13,0,82,0,0,0,354,78,2822.0,9,3,1,7,0,0,84,0,15,11,89.96251561849229
13,20,0,29,6,0,0,689,30,6724.0,1,2,5,9,1,7,36,0,11,20,73.6
23,13,8,7,438,24,72,479,120,39519.0,9,25,15,0,10,30,1015,223,8,49,71.42857142857143
0,6,0,90,0,0,0,161,0,299.0,11,0,0,15,0,0,0,0,8,0,52.91005291005291
0,7,0,26,0,0,0,367,0,1785.0,14,0,0,10,2,0,0,0,19,2,51.49051490514905
11,7,0,87,0,0,0,217,96,7477.0,5,1,0,7,3,5,102,0,5,25,47.5
20,18,12,50,184,9,18,467,388,23239.0,8,26,12,3,5,24,985,36,6,62,30.0
17,10,1,26,313,4,49,311,216,5351.0,10,5,6,1,7,10,973,115,10,64,25.0
26,10,1,102,91,0,4,297,410,29575.0,9,14,0,3,3,36,937,18,11,51,13.185991885543457
20,11,0,52,414,14,42,456,186,16252.0,9,12,10,1,6,40,1027,218,10,46,12.857142857142858
4,7,0,68,0,0,0,429,66,3342.0,13,3,1,6,3,0,66,0,6,6,8.5
10,15,1,26,134,2,32,296,405,11327.0,10,3,3,2,1,7,931,18,11,70,3.5
0,1,0,31,0,0,0,646,0,1122.0,7,0,0,17,0,0,0,0,16,0,1.0
21,11,0,7,432,13,47,456,186,16252.0,9,12,11,1,8,40,1027,208,10,46,1.0
